vehicle_id,task_id,execution_location,size,distance,transfer_rate,execution_cycles,start_time,end_time,release_time,response_time,transmission_time,execution_time,execution_energy,transfer_energy,total_energy
1,3,1,2000000,180.12860350316384,1273432.8034637466,10000000000,1772,3772,201,3571,1571,2000,0,0.4711673818736219,0.4711673818736219
1,18,1,2000000,177.31672002380375,1355378.4440694044,7000000000,3772,5172,1701,3471,1476,1400,0,0.44268078972729774,0.44268078972729774
1,4,1,4000000,176.95401803858536,1366420.200235899,6000000000,5172,6372,301,6071,2927,1200,0,0.8782071575001832,0.8782071575001832
1,2,0,8000000,,0,9000000000,101,9101,101,9000,0,9000,0.8999999999999999,0,0.8999999999999999
1,9,1,4000000,177.0236532218223,1364291.6446745733,7000000000,10372,11772,801,10971,2932,1400,0,0.8795773284137043,0.8795773284137043
1,32,1,2000000,178.31838856382703,1325455.5368411508,2000000000,16572,16972,3101,13871,1509,400,0,0.45267455853700733,0.45267455853700733
1,6,0,5000000,,0,8000000000,9101,17101,501,16600,0,8000,0.7999999999999999,0,0.7999999999999999
1,28,1,3000000,177.94206051408983,1336600.3593301664,9000000000,22372,24172,2701,21471,2245,1800,0,0.6733501107623767,0.6733501107623767
1,8,0,2000000,,0,10000000000,17101,27101,701,26400,0,10000,0.9999999999999999,0,0.9999999999999999
1,15,1,6000000,177.18749758377422,1359299.607858281,7000000000,32172,33572,1401,32171,4414,1400,0,1.3242113729702967,1.3242113729702967
1,23,1,5000000,177.58779490719513,1347198.4471009306,7000000000,34772,36172,2201,33971,3711,1400,0,1.1134217109794677,1.1134217109794677
1,10,0,10000000,,0,10000000000,27101,37101,901,36200,0,10000,0.9999999999999999,0,0.9999999999999999
1,42,1,3000000,179.66646042041344,1286469.0854757912,2000000000,41972,42372,4101,38271,2332,400,0,0.6995892945745692,0.6995892945745692
1,52,1,2000000,181.72107692835192,1229751.6873738903,9000000000,45172,46972,5101,41871,1626,1800,0,0.4879033760720327,0.4879033760720327
1,11,0,8000000,,0,10000000000,37101,47101,1001,46100,0,10000,0.9999999999999999,0,0.9999999999999999
1,12,0,6000000,,0,4000000000,47101,51101,1101,50000,0,4000,0.39999999999999997,0,0.39999999999999997
1,1,1,9000000,180.12362227092814,1273572.4377154396,6000000000,50372,51572,1,51571,7067,1200,0,2.120020754251965,2.120020754251965
1,14,0,3000000,,0,6000000000,51101,57101,1301,55800,0,6000,0.6,0,0.6
1,30,1,6000000,178.12587150663992,1331142.3681866855,8000000000,57372,58972,2901,56071,4507,1600,0,1.3522220034600836,1.3522220034600836
1,24,1,7000000,177.65012412041824,1345326.275715732,2000000000,58972,59372,2301,57071,5203,400,0,1.5609596258593634,1.5609596258593634
1,16,0,5000000,,0,4000000000,57101,61101,1501,59600,0,4000,0.39999999999999997,0,0.39999999999999997
1,5,1,10000000,176.96322612339546,1366138.4977640165,10000000000,61772,63772,401,63371,7320,2000,0,2.1959706171154347,2.1959706171154347
1,17,0,9000000,,0,3000000000,61101,64101,1601,62500,0,3000,0.3,0,0.3
1,62,1,2000000,184.09785577241252,1167966.0588602412,9000000000,63772,65572,6101,59471,1712,1800,0,0.5137135582394488,0.5137135582394488
1,7,1,10000000,176.98800241824298,1365380.8761723225,4000000000,67572,68372,601,67771,7324,800,0,2.1971891157653616,2.1971891157653616
1,37,1,6000000,178.91784148038448,1307940.45478632,6000000000,71772,72972,3601,69371,4587,1200,0,1.3762094393617241,1.3762094393617241
1,19,0,8000000,,0,9000000000,64101,73101,1801,71300,0,9000,0.8999999999999999,0,0.8999999999999999
1,66,1,2000000,184.73506028905285,1152061.9708833152,6000000000,72972,74172,6501,67671,1736,1200,0,0.5208053170438086,0.5208053170438086
1,59,1,3000000,183.43697364490075,1184750.694688534,4000000000,78772,79572,5801,73771,2532,800,0,0.7596534899999415,0.7596534899999415
1,20,0,9000000,,0,10000000000,73101,83101,1901,81200,0,10000,0.9999999999999999,0,0.9999999999999999
1,13,1,10000000,177.12224733217448,1361284.938233038,4000000000,85572,86372,1201,85171,7346,800,0,2.2038001859434595,2.2038001859434595
1,21,0,9000000,,0,9000000000,83101,92101,2001,90100,0,9000,0.8999999999999999,0,0.8999999999999999
1,22,0,7000000,,0,3000000000,92101,95101,2101,93000,0,3000,0.3,0,0.3
1,43,1,6000000,179.8371443834671,1281635.1374011966,2000000000,96372,96772,4201,92571,4682,400,0,1.4044558763033796,1.4044558763033796
1,64,1,3000000,184.49171932636978,1158103.5671049147,4000000000,96772,97572,6301,91271,2590,800,0,0.7771325687648688,0.7771325687648688
1,31,1,8000000,178.2195253051696,1328372.1139348727,4000000000,98372,99172,3001,96171,6022,800,0,1.8067226606336808,1.8067226606336808
2,2,0,7000000,,0,2000000000,101,2101,101,2000,0,2000,0.19999999999999998,0,0.19999999999999998
2,1,1,3000000,186.13618938830783,1118027.779437663,2000000000,2684,3084,1,3083,2683,400,0,0.8049889426295607,0.8049889426295607
2,7,1,3000000,185.98931205851585,1121536.2833713081,3000000000,3276,3876,601,3275,2675,600,0,0.8024706943003431,0.8024706943003431
2,9,1,3000000,185.87644982622191,1124241.5693707045,8000000000,3876,5476,801,4675,2668,1600,0,0.8005396922867529,0.8005396922867529
2,18,1,3000000,185.05736407935782,1144120.1406197306,2000000000,5476,5876,1701,4175,2622,400,0,0.7866306763138536,0.7866306763138536
2,19,1,3000000,184.93961311736325,1147013.701263292,7000000000,5876,7276,1801,5475,2615,1400,0,0.7846462505275766,0.7846462505275766
2,31,1,3000000,183.10767214947603,1193226.059808833,4000000000,7276,8076,3001,5075,2514,800,0,0.7542577473912941,0.7542577473912941
2,12,1,5000000,185.65277913352116,1129626.9437891245,6000000000,8076,9276,1101,8175,4426,1200,0,1.3278720096464127,1.3278720096464127
2,3,0,5000000,,0,8000000000,2101,10101,201,9900,0,8000,0.7999999999999999,0,0.7999999999999999
2,6,1,7000000,186.0326113884337,1120500.5568019846,5000000000,9276,10276,501,9775,6247,1000,0,1.874162388632452,1.874162388632452
2,45,1,3000000,180.33470270582978,1267672.066978991,3000000000,10276,10876,4401,6475,2367,600,0,0.7099627919898905,0.7099627919898905
2,30,1,5000000,183.2812581798805,1188749.0415555472,10000000000,10876,12876,2901,9975,4206,2000,0,1.2618306703634965,1.2618306703634965
2,50,1,3000000,179.28985693563374,1297215.3329856698,2000000000,12876,13276,4901,8375,2313,400,0,0.6937938344658328,0.6937938344658328
2,4,1,8000000,186.09938339500215,1118905.691744449,5000000000,13276,14276,301,13975,7150,1000,0,2.1449528925518635,2.1449528925518635
2,15,1,7000000,185.38217093345304,1136185.4210269148,7000000000,14276,15676,1401,14275,6161,1400,0,1.8482898663687866,1.8482898663687866
2,5,0,5000000,,0,7000000000,10101,17101,401,16700,0,7000,0.7,0,0.7
2,17,1,7000000,185.17257032292878,1141297.8965627062,10000000000,15676,17676,1601,16075,6133,2000,0,1.8400104007241722,1.8400104007241722
2,20,1,7000000,184.8130636616362,1150133.6293584416,7000000000,17676,19076,1901,17175,6086,1400,0,1.825874790889651,1.825874790889651
2,22,1,7000000,184.54034626606725,1156893.1267168769,2000000000,19076,19476,2101,17375,6051,400,0,1.8152065661929782,1.8152065661929782
2,49,1,5000000,179.49535509310545,1291337.7409857316,6000000000,19476,20676,4801,15875,3872,1200,0,1.161586122972746,1.161586122972746
2,42,1,6000000,180.9629055911736,1250311.7777799384,3000000000,20676,21276,4101,17175,4799,600,0,1.4396409215596542,1.4396409215596542
2,21,1,8000000,184.68415958062022,1153322.4693455289,4000000000,21276,22076,2001,20075,6936,800,0,2.0809444572443976,2.0809444572443976
2,8,0,6000000,,0,5000000000,17101,22101,701,21400,0,5000,0.49999999999999994,0,0.49999999999999994
2,14,1,9000000,185.4763435050411,1133897.6874185225,6000000000,22076,23276,1301,21975,7937,1200,0,2.3811672163711077,2.3811672163711077
2,27,1,8000000,183.79237443376152,1175687.4507183386,4000000000,23276,24076,2601,21475,6805,800,0,2.0413588650058423,2.0413588650058423
2,10,0,3000000,,0,2000000000,22101,24101,901,23200,0,2000,0.19999999999999998,0,0.19999999999999998
2,82,1,2000000,175.31663012960297,1417681.663069031,6000000000,24076,25276,8101,17175,1411,1200,0,0.42322618372668075,0.42322618372668075
2,41,1,7000000,181.1674694861084,1244722.5747240281,4000000000,25276,26076,4001,22075,5624,800,0,1.6871229321647023,1.6871229321647023
2,63,1,5000000,177.00341239648458,1364909.9257689002,7000000000,26076,27476,6201,21275,3663,1400,0,1.098973618464236,1.098973618464236
2,79,1,3000000,175.45032630348683,1413407.4193749942,2000000000,27476,27876,7801,20075,2123,400,0,0.6367590743212442,0.6367590743212442
2,58,1,6000000,177.76994177869324,1341736.4093738755,2000000000,27876,28276,5701,22575,4472,400,0,1.3415451704407233,1.3415451704407233
2,11,0,3000000,,0,5000000000,24101,29101,1001,28100,0,5000,0.49999999999999994,0,0.49999999999999994
2,39,1,8000000,181.56882469190577,1233846.5284187023,9000000000,28276,30076,3801,26275,6484,1800,0,1.9451365666002562,1.9451365666002562
2,69,1,5000000,176.2548087287266,1388023.5975187088,4000000000,30076,30876,6801,24075,3602,800,0,1.0806732700232655,1.0806732700232655
2,92,1,2000000,175.2375031207647,1420218.9071736487,4000000000,30876,31676,9101,22575,1408,800,0,0.42247008328740593,0.42247008328740593
2,53,1,7000000,178.68211606089733,1314793.4532917521,4000000000,31676,32476,5201,27275,5324,800,0,1.5972090481150356,1.5972090481150356
2,36,1,9000000,182.17026897932607,1217768.709742045,5000000000,32476,33476,3501,29975,7391,1000,0,2.217169794559699,2.217169794559699
2,37,1,9000000,181.97642182436715,1222922.025838202,7000000000,33476,34876,3601,31275,7359,1400,0,2.2078267812286683,2.2078267812286683
2,26,1,10000000,183.95167245774093,1171653.114150854,6000000000,34876,36076,2501,33575,8535,1200,0,2.560484808828614,2.560484808828614
2,76,1,5000000,175.63482143356427,1407535.404866747,4000000000,36076,36876,7501,29375,3552,800,0,1.0656925536747026,1.0656925536747026
2,98,1,2000000,175.4663295336173,1412896.8726360577,5000000000,36876,37876,9701,28175,1416,1000,0,0.4246594437431043,0.4246594437431043
2,13,0,6000000,,0,9000000000,29101,38101,1201,36900,0,9000,0.8999999999999999,0,0.8999999999999999
2,77,1,5000000,175.57125618961666,1409555.0969954433,8000000000,37876,39476,7601,31875,3547,1600,0,1.0641655677010042,1.0641655677010042
2,16,0,4000000,,0,3000000000,38101,41101,1501,39600,0,3000,0.3,0,0.3
2,54,1,8000000,178.48351072297964,1320601.976933112,8000000000,41276,42876,5301,37575,6058,1600,0,1.817353026817072,1.817353026817072
2,23,0,8000000,,0,3000000000,41101,44101,2201,41900,0,3000,0.3,0,0.3
2,55,1,8000000,178.30001374088556,1325997.011998673,10000000000,42876,44876,5401,39475,6033,2000,0,1.809958829682794,1.809958829682794
2,65,1,7000000,176.72874271040348,1373334.58198534,5000000000,44876,45876,6401,39475,5097,1000,0,1.5291248232926367,1.5291248232926367
2,56,1,8000000,178.12183021741043,1331262.0699992024,2000000000,45876,46276,5501,40775,6009,400,0,1.8028005560178229,1.8028005560178229
2,81,1,5000000,175.36227929631846,1416220.4634703645,6000000000,46276,47476,8001,39475,3531,1200,0,1.059157128915041,1.059157128915041
2,24,0,8000000,,0,6000000000,44101,50101,2301,47800,0,6000,0.6,0,0.6
2,40,1,10000000,181.3678375567179,1239278.1018991482,8000000000,53076,54676,3901,50775,8069,1600,0,2.420764149227369,2.420764149227369
2,25,0,9000000,,0,5000000000,50101,55101,2401,52700,0,5000,0.49999999999999994,0,0.49999999999999994
2,57,1,9000000,177.93912498379885,1336687.7509540142,4000000000,56476,57276,5601,51675,6733,800,0,2.0199182629398447,2.0199182629398447
2,46,1,10000000,180.12626959996706,1273498.2252317832,10000000000,57276,59276,4501,54775,7852,2000,0,2.3557158860225225,2.3557158860225225
2,105,1,3000000,175.9791669488181,1396656.6267995606,8000000000,59276,60876,10401,50475,2148,1600,0,0.6443960403226314,0.6443960403226314
2,28,0,9000000,,0,7000000000,55101,62101,2701,59400,0,7000,0.7,0,0.7
2,90,1,6000000,175.21258516442253,1421019.0810512374,3000000000,63876,64476,8901,55575,4222,600,0,1.2666965729048487,1.2666965729048487
2,113,1,3000000,176.88847135978082,1368427.554060432,2000000000,67276,67676,11201,56475,2192,400,0,0.6576891829819547,0.6576891829819547
2,71,1,9000000,176.0457920542266,1394563.8443811352,3000000000,67676,68276,7001,61275,6454,600,0,1.9360892015655098,1.9360892015655098
2,108,1,4000000,176.28025243912032,1387230.0547943213,3000000000,68276,68876,10701,58175,2883,600,0,0.8650331614808612,0.8650331614808612
2,29,0,3000000,,0,7000000000,62101,69101,2801,66300,0,7000,0.7,0,0.7
2,32,0,8000000,,0,6000000000,69101,75101,3101,72000,0,6000,0.6,0,0.6
2,94,1,7000000,175.2947794430856,1418381.7520698428,7000000000,75276,76676,9301,67375,4935,1400,0,1.4805605027951556,1.4805605027951556
2,83,1,9000000,175.28655767057555,1418645.286264305,9000000000,80276,82076,8201,73875,6344,1800,0,1.903224171780012,1.903224171780012
2,125,1,3000000,178.91909596239304,1307904.1034898805,2000000000,82076,82476,12401,70075,2294,400,0,0.6881238445529225,0.6881238445529225
2,33,0,10000000,,0,9000000000,75101,84101,3201,80900,0,9000,0.8999999999999999,0,0.8999999999999999
2,85,1,9000000,175.23317779461746,1420357.7633481931,5000000000,83876,84876,8401,76475,6336,1000,0,1.9009295190778701,1.9009295190778701
2,126,1,3000000,179.1153977189008,1302231.283717699,3000000000,86076,86676,12501,74175,2304,600,0,0.6911214707042042,0.6911214707042042
2,106,1,6000000,176.06738766733605,1393886.3341557335,7000000000,86676,88076,10501,77575,4305,1400,0,1.2913535027160206,1.2913535027160206
2,80,1,10000000,175.40351450298823,1414902.160327353,6000000000,90076,91276,7901,83375,7068,1200,0,2.1202879493136946,2.1202879493136946
2,34,0,4000000,,0,9000000000,84101,93101,3301,89800,0,9000,0.8999999999999999,0,0.8999999999999999
3,2,0,3000000,,0,9000000000,101,9101,101,9000,0,9000,0.8999999999999999,0,0.8999999999999999
3,3,0,8000000,,0,3000000000,9101,12101,201,11900,0,3000,0.3,0,0.3
3,13,1,2000000,218.5945939404723,589944.3236611529,7000000000,14820,16220,1201,15019,3390,1400,0,1.0170451277104293,1.0170451277104293
3,6,0,3000000,,0,6000000000,12101,18101,501,17600,0,6000,0.6,0,0.6
3,8,0,8000000,,0,10000000000,18101,28101,701,27400,0,10000,0.9999999999999999,0,0.9999999999999999
3,36,1,2000000,212.988163286132,654263.8466165876,4000000000,28620,29420,3501,25919,3057,800,0,0.9170612178906052,0.9170612178906052
3,40,1,2000000,211.581405846544,671756.7867113908,4000000000,30620,31420,3901,27519,2977,800,0,0.893180406761979,0.893180406761979
3,9,0,9000000,,0,4000000000,28101,32101,801,31300,0,4000,0.39999999999999997,0,0.39999999999999997
3,10,0,3000000,,0,3000000000,32101,35101,901,34200,0,3000,0.3,0,0.3
3,7,1,4000000,219.2393272202776,583063.15108405,3000000000,35620,36220,601,35619,6860,600,0,2.0580961046310695,2.0580961046310695
3,11,0,6000000,,0,4000000000,35101,39101,1001,38100,0,4000,0.39999999999999997,0,0.39999999999999997
3,56,1,2000000,204.99258937825053,761899.3548620213,3000000000,38620,39220,5501,33719,2625,600,0,0.7875055887252445,0.7875055887252445
3,18,1,4000000,217.781890202101,598763.144374822,8000000000,39220,40820,1701,39119,6680,1600,0,2.0041313685947366,2.0041313685947366
3,19,1,4000000,217.59921920815793,600767.925211857,9000000000,40820,42620,1801,40819,6658,1800,0,1.99744352126793,1.99744352126793
3,12,0,8000000,,0,7000000000,39101,46101,1101,45000,0,7000,0.7,0,0.7
3,1,1,5000000,219.47007108031832,580624.7856211544,9000000000,44820,46620,1,46619,8611,1800,0,2.583423989376022,2.583423989376022
3,55,1,3000000,205.43163729085165,755440.766661559,6000000000,48420,49620,5401,44219,3971,1200,0,1.1913574693318136,1.1913574693318136
3,72,1,2000000,198.52040827078702,865599.2224924292,4000000000,49620,50420,7101,43319,2311,800,0,0.6931614359268302,0.6931614359268302
3,16,0,10000000,,0,6000000000,46101,52101,1501,50600,0,6000,0.6,0,0.6
3,15,1,5000000,218.30527089376463,593065.1456831585,6000000000,53220,54420,1401,53019,8431,1200,0,2.52923310519645,2.52923310519645
3,63,1,3000000,201.99575490588902,807872.1523341744,10000000000,54420,56420,6201,50219,3713,2000,0,1.114037657319468,1.114037657319468
3,23,1,5000000,216.734987484716,610366.9814329402,2000000000,59420,59820,2201,57619,8192,400,0,2.457537916743948,2.457537916743948
3,17,0,3000000,,0,8000000000,52101,60101,1601,58500,0,8000,0.7999999999999999,0,0.7999999999999999
3,21,0,8000000,,0,3000000000,60101,63101,2001,61100,0,3000,0.3,0,0.3
3,5,1,6000000,219.36903177066714,581690.9416295096,7000000000,61820,63220,401,62819,10315,1400,0,3.0944267327897563,3.0944267327897563
3,41,1,5000000,211.21050092265762,676465.7811123398,10000000000,65020,67020,4001,63019,7391,2000,0,2.2174070616454387,2.2174070616454387
3,24,0,9000000,,0,4000000000,63101,67101,2301,64800,0,4000,0.39999999999999997,0,0.39999999999999997
3,68,1,4000000,200.01559589192044,840153.8155530387,9000000000,67020,68820,6701,62119,4761,1800,0,1.4283098853869862,1.4283098853869862
3,70,1,4000000,199.25230086500892,853025.55427096,5000000000,68820,69820,6901,62919,4689,1000,0,1.40675738726911,1.40675738726911
3,26,0,8000000,,0,4000000000,67101,71101,2501,68600,0,4000,0.39999999999999997,0,0.39999999999999997
3,87,1,3000000,193.73807318129278,953700.0915795406,7000000000,69820,71220,8601,62619,3146,1400,0,0.9436928945968734,0.9436928945968734
3,49,1,5000000,208.02905181728823,718596.1255953888,5000000000,71220,72220,4801,67419,6958,1000,0,2.087403405852186,2.087403405852186
3,37,1,6000000,212.64931554086888,658424.9725903622,2000000000,72220,72620,3601,69019,9113,400,0,2.7337966737781474,2.7337966737781474
3,75,1,5000000,197.46248504462812,884184.7947363778,4000000000,72620,73420,7401,66019,5655,800,0,1.6964779409571606,1.6964779409571606
3,14,1,7000000,218.45477632681775,591449.9217252051,2000000000,73420,73820,1301,72519,11835,400,0,3.5505964627985622,3.5505964627985622
3,51,1,6000000,207.18220121429354,730357.667410183,5000000000,73820,74820,5001,69819,8215,1000,0,2.464545907189176,2.464545907189176
3,106,1,3000000,189.60585460370146,1038980.6157911781,3000000000,74820,75420,10501,64919,2887,600,0,0.8662336778195375,0.8662336778195375
3,28,0,8000000,,0,5000000000,71101,76101,2701,73400,0,5000,0.49999999999999994,0,0.49999999999999994
3,96,1,4000000,191.50527616752498,998649.6113177805,7000000000,75420,76820,9501,67319,4005,1400,0,1.2016226576371718,1.2016226576371718
3,22,1,7000000,216.96816748085416,607758.3190614778,8000000000,76820,78420,2101,76319,11518,1600,0,3.455320863798122,3.455320863798122
3,27,1,7000000,215.73186157821007,621749.7986727103,7000000000,80220,81620,2601,79019,11259,1400,0,3.377564422992989,3.377564422992989
3,113,1,3000000,188.66203566165618,1059774.8399701286,5000000000,81620,82620,11201,71419,2831,1000,0,0.8492369945538317,0.8492369945538317
3,30,0,8000000,,0,8000000000,76101,84101,2901,81200,0,8000,0.7999999999999999,0,0.7999999999999999
3,4,1,8000000,219.4144826578227,581211.0469029078,8000000000,82620,84220,301,83919,13764,1600,0,4.129308988170219,4.129308988170219
3,52,1,7000000,206.74783892461855,736483.4267400217,5000000000,84220,85220,5101,80119,9505,1000,0,2.8513879929321195,2.8513879929321195
3,122,1,3000000,187.91199269870987,1076670.1971624256,5000000000,85220,86220,12101,74119,2786,1000,0,0.8359105716606241,0.8359105716606241
3,20,1,8000000,217.39356499215882,603034.9685149143,8000000000,86220,87820,1901,85919,13266,1600,0,3.9798687063047873,3.9798687063047873
3,135,1,2000000,186.4470308157253,1110647.5349361561,9000000000,87820,89620,13401,76219,1801,1800,0,0.5402253920587777,0.5402253920587777
3,117,1,4000000,188.25604744602487,1068878.7713822864,9000000000,89620,91420,11601,79819,3742,1800,0,1.1226717492463116,1.1226717492463116
3,25,1,8000000,216.24661777701866,615875.9294617967,5000000000,91420,92420,2401,90019,12990,1000,0,3.896888780987623,3.896888780987623
3,77,1,7000000,196.78645405616714,896321.9315420878,3000000000,92420,93020,7601,85419,7810,600,0,2.342908196374298,2.342908196374298
3,82,1,7000000,195.1847622126277,925916.6788877121,4000000000,93020,93820,8101,85719,7560,800,0,2.2680226502914866,2.2680226502914866
3,32,0,5000000,,0,10000000000,84101,94101,3101,91000,0,10000,0.9999999999999999,0,0.9999999999999999
3,121,1,4000000,187.9598427856333,1075582.3679885683,3000000000,93820,94420,12001,82419,3719,600,0,1.1156746667799171,1.1156746667799171
3,102,1,6000000,190.29215249189852,1024178.297796394,4000000000,94420,95220,10101,85119,5858,800,0,1.7575064848306705,1.7575064848306705
3,125,1,4000000,187.79498023110202,1079336.1448959617,3000000000,95220,95820,12401,83419,3706,600,0,1.111794509685089,1.111794509685089
3,149,1,2000000,177.36583267360143,1353891.8433129257,10000000000,95820,97820,14801,83019,1477,2000,0,0.44316686223016244,0.44316686223016244
3,93,1,7000000,192.19629392888925,984461.832953652,2000000000,97820,98220,9201,89019,7110,400,0,2.133145165922209,2.133145165922209
3,109,1,6000000,189.16037217134036,1048731.6008925014,8000000000,98220,99820,10801,89019,5721,1600,0,1.7163590745889101,1.7163590745889101
4,2,0,5000000,,0,4000000000,101,4101,101,4000,0,4000,0.39999999999999997,0,0.39999999999999997
4,5,0,3000000,,0,3000000000,4101,7101,401,6700,0,3000,0.3,0,0.3
4,7,1,3000000,218.3820070427049,592235.4190261668,10000000000,5667,7667,601,7066,5066,2000,0,1.5196659488551043,1.5196659488551043
4,31,1,2000000,213.06791640225893,653289.2305637868,3000000000,7667,8267,3001,5266,3061,600,0,0.9184293448128659,0.9184293448128659
4,33,1,2000000,212.35836903687127,662024.2148924465,7000000000,8267,9667,3201,6466,3021,1400,0,0.9063112594717958,0.9063112594717958
4,36,1,2000000,211.21430467655358,676417.2803519948,10000000000,9667,11667,3501,8166,2957,2000,0,0.8870264220449414,0.8870264220449414
4,6,0,10000000,,0,5000000000,7101,12101,501,11600,0,5000,0.49999999999999994,0,0.49999999999999994
4,38,1,2000000,210.40933677002073,686778.5711582433,10000000000,11667,13667,3701,9966,2912,2000,0,0.8736440320030773,0.8736440320030773
4,3,1,4000000,218.61294861009495,589747.0301019798,3000000000,13667,14267,201,14066,6783,600,0,2.0347707385529255,2.0347707385529255
4,26,1,3000000,214.68254260651938,633941.441297267,10000000000,14267,16267,2501,13766,4732,2000,0,1.4196894876572255,1.4196894876572255
4,28,1,3000000,214.06097262228818,641303.9138706949,8000000000,16267,17867,2701,15166,4678,1600,0,1.403390780149621,1.403390780149621
4,51,1,2000000,204.39806579319674,770755.1197258866,2000000000,17867,18267,5001,13266,2595,400,0,0.7784573655681789,0.7784573655681789
4,32,1,3000000,212.71394430079098,657628.7764583003,4000000000,18267,19067,3101,15966,4562,800,0,1.3685532510408147,1.3685532510408147
4,52,1,2000000,203.88282051217553,778533.9482278883,10000000000,19067,21067,5101,15966,2569,2000,0,0.7706793022523035,0.7706793022523035
4,8,0,10000000,,0,10000000000,12101,22101,701,21400,0,10000,0.9999999999999999,0,0.9999999999999999
4,4,1,5000000,218.57738972730007,590129.325743451,7000000000,21067,22467,301,22166,8473,1400,0,2.5418157250705757,2.5418157250705757
4,10,0,8000000,,0,2000000000,22101,24101,901,23200,0,2000,0.19999999999999998,0,0.19999999999999998
4,13,1,5000000,217.63898961353414,600330.7403837927,10000000000,22467,24467,1201,23266,8329,2000,0,2.4986226742962505,2.4986226742962505
4,14,1,5000000,217.48261746631619,602051.9853505194,2000000000,24467,24867,1301,23566,8305,400,0,2.4914792019607543,2.4914792019607543
4,68,1,3000000,196.06438865842006,909515.5856977481,9000000000,24867,26667,6701,19966,3298,1800,0,0.9895377431158059,0.9895377431158059
4,84,1,2000000,189.39335600807124,1043617.7723518388,10000000000,26667,28667,8301,20366,1916,2000,0,0.5749231336372066,0.5749231336372066
4,88,1,2000000,187.92691691186766,1076330.7615885313,10000000000,28667,30667,8701,21966,1858,2000,0,0.5574494583007867,0.5574494583007867
4,76,1,3000000,192.57313961194066,976830.2520067812,5000000000,30667,31667,7501,24166,3071,1000,0,0.9213473867655689,0.9213473867655689
4,60,1,4000000,199.83659824967,843150.4851540802,3000000000,31667,32267,5901,26366,4744,600,0,1.4232334810086813,1.4232334810086813
4,89,1,2000000,187.56666708133406,1084561.599156301,3000000000,32267,32867,8801,24066,1844,600,0,0.5532189231729671,0.5532189231729671
4,11,0,7000000,,0,9000000000,24101,33101,1001,32100,0,9000,0.8999999999999999,0,0.8999999999999999
4,64,1,4000000,197.91751109995295,876130.59519675,3000000000,32867,33467,6301,27166,4566,600,0,1.3696588232151847,1.3696588232151847
4,80,1,3000000,190.9438980433781,1010363.4591631818,5000000000,33467,34467,7901,26566,2969,1000,0,0.8907685564414723,0.8907685564414723
4,81,1,3000000,190.55248620786875,1018632.059645157,2000000000,34467,34867,8001,26866,2945,400,0,0.8835378697127569,0.8835378697127569
4,41,1,5000000,209.1359894900923,703576.0007904401,2000000000,34867,35267,4001,31266,7107,400,0,2.131965840669393,2.131965840669393
4,46,1,5000000,206.85601393239693,734951.8790363265,9000000000,35267,37067,4501,32566,6803,1800,0,2.0409499489501397,2.0409499489501397
4,98,1,2000000,184.6088107323158,1155191.549691668,8000000000,37067,38667,9701,28966,1731,1600,0,0.5193943810964908,0.5193943810964908
4,102,1,2000000,183.4354559511328,1184789.5841142277,5000000000,38667,39667,10101,29566,1688,1000,0,0.5064190368018571,0.5064190368018571
4,24,1,6000000,215.24788547161157,627336.2756251717,6000000000,39667,40867,2301,38566,9564,1200,0,2.869274534150302,2.869274534150302
4,12,0,5000000,,0,9000000000,33101,42101,1101,41000,0,9000,0.8999999999999999,0,0.8999999999999999
4,1,1,7000000,218.64258917237515,589428.5986418482,9000000000,40867,42667,1,42666,11876,1800,0,3.5627724966837135,3.5627724966837135
4,104,1,2000000,182.88327561589657,1199044.6741485212,10000000000,42667,44667,10301,34366,1668,2000,0,0.5003983695820831,0.5003983695820831
4,15,0,7000000,,0,4000000000,42101,46101,1401,44700,0,4000,0.39999999999999997,0,0.39999999999999997
4,108,1,2000000,181.8459614618923,1226405.5141856892,8000000000,44667,46267,10701,35566,1631,1600,0,0.4892345908917321,0.4892345908917321
4,74,1,5000000,193.41459743256192,960053.7923429068,10000000000,46267,48267,7301,40966,5208,2000,0,1.562412452264173,1.562412452264173
4,92,1,4000000,186.53937761234224,1108466.6511617792,6000000000,48267,49467,9101,40366,3609,1200,0,1.0825765472892532,1.0825765472892532
4,83,1,5000000,189.77907629662448,1035219.5219642273,2000000000,49467,49867,8201,41666,4830,400,0,1.4489680383479413,1.4489680383479413
4,16,0,3000000,,0,4000000000,46101,50101,1501,48600,0,4000,0.39999999999999997,0,0.39999999999999997
4,86,1,5000000,188.64998409753449,1060043.6928613747,6000000000,49867,51067,8501,42566,4717,1200,0,1.4150360122902592,1.4150360122902592
4,100,1,4000000,184.0125658752684,1170115.4952656687,10000000000,51067,53067,9901,43166,3418,2000,0,1.0255397906063506,1.0255397906063506
4,23,1,7000000,215.52429329428276,624138.1062401546,3000000000,53067,53667,2201,51466,11215,600,0,3.3646399394687276,3.3646399394687276
4,30,1,7000000,213.41186400947817,649106.7237440394,4000000000,53667,54467,2901,51566,10784,800,0,3.2352152938537233,3.2352152938537233
4,82,1,6000000,190.16053954488038,1026996.529523505,9000000000,54467,56267,8101,48166,5842,1800,0,1.7526836247783086,1.7526836247783086
4,43,1,7000000,208.24886290205762,715581.9272854209,3000000000,56267,56867,4201,52666,9782,600,0,2.93467445155638,2.93467445155638
4,118,1,3000000,179.61921723468237,1287811.0657035746,7000000000,56867,58267,11701,46566,2330,1400,0,0.6988602784743891,0.6988602784743891
4,119,1,3000000,179.4261176640681,1293314.3420059884,4000000000,58267,59067,11801,47266,2320,800,0,0.6958865070683897,0.6958865070683897
4,18,0,3000000,,0,10000000000,50101,60101,1701,58400,0,10000,0.9999999999999999,0,0.9999999999999999
4,120,1,3000000,179.2407155196609,1298625.7848163801,10000000000,59067,61067,11901,49166,2310,2000,0,0.6930402973072461,0.6930402973072461
4,61,1,7000000,199.3570989455856,851243.8270199922,6000000000,61067,62267,6001,56266,8223,1200,0,2.4669782421231936,2.4669782421231936
4,19,1,8000000,216.50082517163764,613000.6975843641,9000000000,62267,64067,1801,62266,13051,1800,0,3.9151668333455696,3.9151668333455696
4,111,1,5000000,181.12139409799167,1245978.7554974945,2000000000,64067,64467,11001,53466,4013,400,0,1.2038728536756471,1.2038728536756471
4,105,1,6000000,182.6094083008868,1206193.9701388015,4000000000,64467,65267,10401,54866,4974,800,0,1.492297295925685,1.492297295925685
4,126,1,4000000,178.25596708104896,1327296.1131335197,4000000000,65267,66067,12501,53566,3014,800,0,0.9040936593771866,0.9040936593771866
4,20,0,7000000,,0,6000000000,60101,66101,1901,64200,0,6000,0.6,0,0.6
4,135,1,3000000,177.2013332342621,1358879.101363318,3000000000,66067,66667,13401,53266,2208,600,0,0.6623105757510437,0.6623105757510437
4,77,1,8000000,192.1621515803775,985156.9179412024,10000000000,66667,68667,7601,61066,8121,2000,0,2.436160124638378,2.436160124638378
4,112,1,6000000,180.88735417380622,1252383.922995763,4000000000,68667,69467,11101,58366,4791,800,0,1.4372589482738751,1.4372589482738751
4,146,1,2000000,176.60066647665852,1377285.0221870665,7000000000,69467,70867,14501,56366,1452,1400,0,0.43563967540083104,0.43563967540083104
4,113,1,6000000,180.65911380276395,1258669.8520340293,9000000000,70867,72667,11201,61466,4767,1800,0,1.4300811265886548,1.4300811265886548
4,106,1,7000000,182.3533791844834,1212925.612124493,9000000000,72667,74467,10501,63966,5771,1800,0,1.731351023515578,1.731351023515578
4,17,1,9000000,216.926384748375,608224.7326372518,5000000000,74467,75467,1601,73866,14797,1000,0,4.439148648712207,4.439148648712207
4,66,1,9000000,196.97975555878833,892830.4204404294,2000000000,75467,75867,6501,69366,10080,400,0,3.024090508327552,3.024090508327552
4,21,0,7000000,,0,10000000000,66101,76101,2001,74100,0,10000,0.9999999999999999,0,0.9999999999999999
4,131,1,5000000,177.6017885608138,1346777.8404584844,5000000000,75867,76867,13001,63866,3713,1000,0,1.113769439129882,1.113769439129882
4,27,1,9000000,214.3798442018279,637513.6540362542,9000000000,76867,78667,2601,76066,14117,1800,0,4.235203407653534,4.235203407653534
4,22,0,5000000,,0,3000000000,76101,79101,2101,77000,0,3000,0.3,0,0.3
4,123,1,6000000,178.71650091695508,1313791.0422311905,4000000000,78667,79467,12201,67266,4567,800,0,1.3700808896847771,1.3700808896847771
4,125,1,6000000,178.3958959729736,1323174.5465756673,7000000000,79467,80867,12401,68466,4535,1400,0,1.3603647414910915,1.3603647414910915
4,25,0,5000000,,0,2000000000,79101,81101,2401,78700,0,2000,0.19999999999999998,0,0.19999999999999998
4,127,1,6000000,178.1107388677056,1331590.66131805,5000000000,80867,81867,12601,69266,4506,1000,0,1.351766764583873,1.351766764583873
4,90,1,9000000,187.22103300644403,1092532.2508129661,10000000000,81867,83867,8901,74966,8238,2000,0,2.471322927072311,2.471322927072311
4,144,1,4000000,176.66344103973518,1375347.013441593,2000000000,83867,84267,14301,69966,2908,400,0,0.8725070751396666,0.8725070751396666
4,99,1,9000000,184.31130296322033,1162608.349662242,6000000000,84267,85467,9801,75666,7741,1200,0,2.3223641915047293,2.3223641915047293
4,9,1,10000000,218.18104271453103,594411.4655892327,9000000000,85467,87267,801,86466,16823,1800,0,5.047008972187535,5.047008972187535
4,29,0,2000000,,0,7000000000,81101,88101,2801,85300,0,7000,0.7,0,0.7
4,101,1,9000000,183.72603789338078,1177372.5665116592,6000000000,87267,88467,10001,78466,7644,1200,0,2.29324181384624,2.29324181384624
4,63,1,10000000,198.38402884304978,867967.6308159268,9000000000,88467,90267,6201,84066,11521,1800,0,3.4563500912814815,3.4563500912814815
4,134,1,6000000,177.28684158729885,1356283.833217507,9000000000,90267,92067,13301,78766,4424,1800,0,1.327155832662155,1.327155832662155
4,85,1,10000000,189.0162831610018,1051909.8637679687,6000000000,92067,93267,8401,84866,9507,1200,0,2.851955384517378,2.851955384517378
4,42,1,10000000,208.69505145067527,709511.789692303,5000000000,93267,94267,4101,90166,14094,1000,0,4.228259549148609,4.228259549148609
4,116,1,9000000,180.02118903062498,1276448.0791606924,2000000000,94267,94667,11501,83166,7051,400,0,2.1152446731521906,2.1152446731521906
4,34,0,7000000,,0,7000000000,88101,95101,3301,91800,0,7000,0.7,0,0.7
4,128,1,8000000,177.9715870581594,1335721.7400688762,4000000000,94667,95467,12701,82766,5989,800,0,1.796781416372129,1.796781416372129
4,140,1,7000000,176.8425881963957,1369834.8978721139,9000000000,95467,97267,13901,83366,5110,1800,0,1.5330314647860968,1.5330314647860968
4,162,1,4000000,177.09241259862037,1362193.9025167266,4000000000,97267,98067,16101,81966,2936,800,0,0.8809318539621528,0.8809318539621528
4,166,1,5000000,177.4475855006204,1351421.7423936569,6000000000,98067,99267,16501,82766,3700,1200,0,1.1099421838094592,1.1099421838094592
4,180,1,3000000,179.47919350164244,1291798.7884180548,3000000000,99267,99867,17901,81966,2322,600,0,0.6967029293332484,0.6967029293332484
5,7,1,2000000,155.2221659428833,2293030.6677913526,7000000000,3590,4990,601,4389,872,1400,0,0.261662440205355,0.261662440205355
5,10,1,2000000,154.6925602606667,2324090.9053265457,7000000000,6590,7990,901,7089,861,1400,0,0.2581654610088056,0.2581654610088056
5,3,0,2000000,,0,9000000000,201,9201,201,9000,0,9000,0.8999999999999999,0,0.8999999999999999
5,2,1,5000000,155.65185543384956,2268207.236460645,5000000000,9990,10990,101,10889,2204,1000,0,0.6613152342907738,0.6613152342907738
5,13,1,4000000,153.97311875778837,2367123.683852288,5000000000,11790,12790,1201,11589,1690,1000,0,0.5069443595981028,0.5069443595981028
5,5,1,6000000,155.46200725579226,2279133.6429184396,7000000000,12790,14190,401,13789,2633,1400,0,0.7897737833816068,0.7897737833816068
5,15,1,4000000,153.40359350419402,2401890.526610592,6000000000,14190,15390,1401,13989,1665,1200,0,0.4996064502962049,0.4996064502962049
5,24,1,2000000,150.23302233530418,2607422.6323725013,4000000000,15390,16190,2301,13889,767,800,0,0.23011229271031458,0.23011229271031458
5,4,0,2000000,,0,8000000000,9201,17201,301,16900,0,8000,0.7999999999999999,0,0.7999999999999999
5,1,1,7000000,155.6618553146531,2267633.5096717393,10000000000,16190,18190,1,18189,3087,2000,0,0.9260755721959648,0.9260755721959648
5,21,1,4000000,151.4437403790596,2526462.7399939727,7000000000,18190,19590,2001,17589,1583,1400,0,0.47497237184778857,0.47497237184778857
5,33,1,2000000,148.6578521303197,2717614.6925893803,4000000000,20990,21790,3201,18589,736,800,0,0.22078185021450256,0.22078185021450256
5,17,1,6000000,152.81578779694198,2438438.5054149423,6000000000,23790,24990,1601,23389,2461,1200,0,0.7381773196259871,0.7381773196259871
5,8,0,2000000,,0,9000000000,17201,26201,701,25500,0,9000,0.8999999999999999,0,0.8999999999999999
5,23,1,5000000,150.65992200980324,2578514.8531603613,8000000000,24990,26590,2201,24389,1939,1600,0,0.5817302150350316,0.5817302150350316
5,9,1,8000000,154.89238748240663,2312310.6366361855,2000000000,26590,26990,801,26189,3460,400,0,1.0379228300793444,1.0379228300793444
5,6,1,9000000,155.35205985116514,2285491.2958677714,6000000000,28990,30190,501,29689,3938,1200,0,1.1813652516995674,1.1813652516995674
5,25,1,6000000,149.74416349227104,2641019.9421977205,2000000000,31790,32190,2401,29789,2272,400,0,0.68155486872323,0.68155486872323
5,11,0,2000000,,0,7000000000,26201,33201,1001,32200,0,7000,0.7,0,0.7
5,12,0,7000000,,0,3000000000,33201,36201,1101,35100,0,3000,0.3,0,0.3
5,16,0,9000000,,0,4000000000,36201,40201,1501,38700,0,4000,0.39999999999999997,0,0.39999999999999997
5,18,1,9000000,152.49737735449747,2458523.7194774975,10000000000,42190,44190,1701,42489,3661,2000,0,1.0982200328633895,1.0982200328633895
5,14,1,10000000,153.70331844173046,2383515.530003773,6000000000,44190,45390,1301,44089,4195,1200,0,1.2586450401668878,1.2586450401668878
5,45,1,3000000,149.8228503933896,2635576.115537283,2000000000,45390,45790,4401,41389,1138,400,0,0.34148131586650377,0.34148131586650377
5,19,0,6000000,,0,8000000000,40201,48201,1801,46400,0,8000,0.7999999999999999,0,0.7999999999999999
5,37,1,6000000,149.40784450623738,2664444.9239085773,10000000000,49390,51390,3601,47789,2252,2000,0,0.675562847574087,0.675562847574087
5,28,1,9000000,148.15838450793123,2753752.3954205187,3000000000,52190,52790,2701,50089,3268,600,0,0.980480309155642,0.980480309155642
5,36,1,7000000,149.21559234878907,2677950.908357802,10000000000,52790,54790,3501,51289,2614,2000,0,0.7841816642142188,0.7841816642142188
5,20,0,2000000,,0,9000000000,48201,57201,1901,55300,0,9000,0.8999999999999999,0,0.8999999999999999
5,39,1,7000000,149.66880302855367,2646246.673872584,3000000000,59190,59790,3801,55989,2645,600,0,0.7935768122957363,0.7935768122957363
5,63,1,2000000,151.33632511726984,2533518.6591248503,4000000000,62790,63590,6201,57389,789,800,0,0.23682478036583995,0.23682478036583995
5,22,0,4000000,,0,7000000000,57201,64201,2101,62100,0,7000,0.7,0,0.7
5,43,1,8000000,149.76015624991848,2639912.3841325543,7000000000,65990,67390,4201,63189,3030,1400,0,0.9091210808454968,0.9091210808454968
5,49,1,7000000,150.00182732220298,2623245.461816894,7000000000,68190,69590,4801,64789,2668,1400,0,0.8005350740397403,0.8005350740397403
5,26,0,8000000,,0,7000000000,64201,71201,2501,68700,0,7000,0.7,0,0.7
5,44,1,9000000,149.78445980808556,2638230.3714072653,7000000000,72990,74390,4301,70089,3411,1400,0,1.0234132808348295,1.0234132808348295
5,48,1,9000000,149.94533937405322,2627129.4923793343,6000000000,79990,81190,4701,76489,3426,1200,0,1.027737691587737,1.027737691587737
5,27,0,2000000,,0,10000000000,71201,81201,2601,78600,0,10000,0.9999999999999999,0,0.9999999999999999
5,76,1,2000000,153.59911002346337,2389884.3578770445,2000000000,84190,84590,7501,77089,837,400,0,0.2510581727615412,0.2510581727615412
5,61,1,6000000,151.066658465725,2551340.289990346,8000000000,84590,86190,6001,80189,2352,1600,0,0.7055115333152251,0.7055115333152251
5,47,1,10000000,149.90302198421486,2630043.835169181,7000000000,86190,87590,4601,82989,3802,1400,0,1.1406653987601774,1.1406653987601774
5,29,0,3000000,,0,8000000000,81201,89201,2801,86400,0,8000,0.7999999999999999,0,0.7999999999999999
5,69,1,5000000,152.26619979496436,2473234.6899599293,6000000000,91590,92790,6801,85989,2022,1200,0,0.6064931913211611,0.6064931913211611
5,30,0,8000000,,0,4000000000,89201,93201,2901,90300,0,4000,0.39999999999999997,0,0.39999999999999997
5,51,1,10000000,150.11337382125552,2615596.5161490315,4000000000,92790,93590,5001,88589,3823,800,0,1.1469658953426538,1.1469658953426538
5,83,1,2000000,155.1956990383432,2294570.6487746844,5000000000,93590,94590,8201,86389,872,1000,0,0.26148682775159,0.26148682775159
5,57,1,9000000,150.60741847598345,2582048.7126190476,5000000000,94590,95590,5601,89989,3486,1000,0,1.0456812789024847,1.0456812789024847
5,31,0,3000000,,0,5000000000,93201,98201,3001,95200,0,5000,0.49999999999999994,0,0.49999999999999994
5,73,1,5000000,153.0025271033129,2426753.4925884586,4000000000,97990,98790,7201,91589,2060,800,0,0.6181097522188166,0.6181097522188166
6,6,0,3000000,,0,7000000000,501,7501,501,7000,0,7000,0.7,0,0.7
6,8,0,3000000,,0,2000000000,7501,9501,701,8800,0,2000,0.19999999999999998,0,0.19999999999999998
6,9,0,2000000,,0,2000000000,9501,11501,801,10700,0,2000,0.19999999999999998,0,0.19999999999999998
6,12,0,6000000,,0,6000000000,11501,17501,1101,16400,0,6000,0.6,0,0.6
6,13,0,3000000,,0,5000000000,17501,22501,1201,21300,0,5000,0.49999999999999994,0,0.49999999999999994
6,14,0,8000000,,0,7000000000,22501,29501,1301,28200,0,7000,0.7,0,0.7
6,15,0,7000000,,0,8000000000,29501,37501,1401,36100,0,8000,0.7999999999999999,0,0.7999999999999999
6,16,0,4000000,,0,10000000000,37501,47501,1501,46000,0,10000,0.9999999999999999,0,0.9999999999999999
6,17,0,9000000,,0,5000000000,47501,52501,1601,50900,0,5000,0.49999999999999994,0,0.49999999999999994
6,18,0,8000000,,0,8000000000,52501,60501,1701,58800,0,8000,0.7999999999999999,0,0.7999999999999999
6,19,0,9000000,,0,6000000000,60501,66501,1801,64700,0,6000,0.6,0,0.6
6,5,1,2000000,222.62925324404247,548484.9893348445,10000000000,67962,69962,401,69561,3646,2000,0,1.0939223710162578,1.0939223710162578
6,7,1,2000000,222.50091438014363,549746.7384426687,2000000000,73562,73962,601,73361,3638,400,0,1.0914116593027718,1.0914116593027718
6,23,0,9000000,,0,8000000000,66501,74501,2201,72300,0,8000,0.7999999999999999,0,0.7999999999999999
6,24,0,3000000,,0,8000000000,74501,82501,2301,80200,0,8000,0.7999999999999999,0,0.7999999999999999
6,27,0,2000000,,0,2000000000,82501,84501,2601,81900,0,2000,0.19999999999999998,0,0.19999999999999998
6,28,0,4000000,,0,8000000000,84501,92501,2701,89800,0,8000,0.7999999999999999,0,0.7999999999999999
6,29,0,10000000,,0,2000000000,92501,94501,2801,91700,0,2000,0.19999999999999998,0,0.19999999999999998
6,2,1,3000000,222.72692899602418,547527.1208143744,8000000000,97762,99362,101,99261,5479,1600,0,1.6437541918679182,1.6437541918679182
7,9,0,10000000,,0,2000000000,801,2801,801,2000,0,2000,0.19999999999999998,0,0.19999999999999998
7,11,0,10000000,,0,8000000000,2801,10801,1001,9800,0,8000,0.7999999999999999,0,0.7999999999999999
7,12,0,3000000,,0,9000000000,10801,19801,1101,18700,0,9000,0.8999999999999999,0,0.8999999999999999
7,15,0,5000000,,0,2000000000,19801,21801,1401,20400,0,2000,0.19999999999999998,0,0.19999999999999998
7,17,0,8000000,,0,10000000000,21801,31801,1601,30200,0,10000,0.9999999999999999,0,0.9999999999999999
7,19,0,4000000,,0,4000000000,31801,35801,1801,34000,0,4000,0.39999999999999997,0,0.39999999999999997
7,22,0,9000000,,0,2000000000,35801,37801,2101,35700,0,2000,0.19999999999999998,0,0.19999999999999998
7,8,1,2000000,236.5317782032681,430814.4901459617,6000000000,40990,42190,701,41489,4642,1200,0,1.3927108157311923,1.3927108157311923
7,28,0,9000000,,0,6000000000,37801,43801,2701,41100,0,6000,0.6,0,0.6
7,29,0,5000000,,0,8000000000,43801,51801,2801,49000,0,8000,0.7999999999999999,0,0.7999999999999999
7,20,1,2000000,234.47041007342483,446118.26189423975,4000000000,57190,57990,1901,56089,4483,800,0,1.3449348552833746,1.3449348552833746
7,30,0,5000000,,0,8000000000,51801,59801,2901,56900,0,8000,0.7999999999999999,0,0.7999999999999999
7,21,1,2000000,234.2334307907392,447920.79326919426,5000000000,59790,60790,2001,58789,4465,1000,0,1.339522542860403,1.339522542860403
7,31,0,2000000,,0,4000000000,59801,63801,3001,60800,0,4000,0.39999999999999997,0,0.39999999999999997
7,33,0,6000000,,0,9000000000,63801,72801,3201,69600,0,9000,0.8999999999999999,0,0.8999999999999999
7,39,0,2000000,,0,2000000000,72801,74801,3801,71000,0,2000,0.19999999999999998,0,0.19999999999999998
7,40,0,9000000,,0,6000000000,74801,80801,3901,76900,0,6000,0.6,0,0.6
7,42,0,10000000,,0,9000000000,80801,89801,4101,85700,0,9000,0.8999999999999999,0,0.8999999999999999
7,44,0,8000000,,0,5000000000,89801,94801,4301,90500,0,5000,0.49999999999999994,0,0.49999999999999994
7,45,0,5000000,,0,3000000000,94801,97801,4401,93400,0,3000,0.3,0,0.3
8,2,0,4000000,,0,4000000000,101,4101,101,4000,0,4000,0.39999999999999997,0,0.39999999999999997
8,5,0,6000000,,0,9000000000,4101,13101,401,12700,0,9000,0.8999999999999999,0,0.8999999999999999
8,6,0,4000000,,0,5000000000,13101,18101,501,17600,0,5000,0.49999999999999994,0,0.49999999999999994
8,24,1,2000000,196.58820742862477,899920.4439561247,10000000000,19911,21911,2301,19610,2222,2000,0,0.6667256022791863,0.6667256022791863
8,7,0,3000000,,0,4000000000,18101,22101,601,21500,0,4000,0.39999999999999997,0,0.39999999999999997
8,8,0,8000000,,0,7000000000,22101,29101,701,28400,0,7000,0.7,0,0.7
8,4,1,4000000,200.50304436591483,832060.2444773933,8000000000,28111,29711,301,29410,4807,1600,0,1.442203263483289,1.442203263483289
8,37,1,2000000,191.28808849481453,1003161.3464784077,2000000000,32711,33111,3601,29510,1994,400,0,0.5981091696827202,0.5981091696827202
8,14,1,4000000,199.2182843014165,853604.88615606,8000000000,34111,35711,1301,34410,4686,1600,0,1.4058026371004282,1.4058026371004282
8,10,0,6000000,,0,8000000000,29101,37101,901,36200,0,8000,0.7999999999999999,0,0.7999999999999999
8,29,1,3000000,194.7880653428233,933433.7362778777,9000000000,35711,37511,2801,34710,3214,1800,0,0.964181992809477,0.964181992809477
8,12,0,9000000,,0,5000000000,37101,42101,1101,41000,0,5000,0.49999999999999994,0,0.49999999999999994
8,3,1,6000000,200.54463842247193,831374.1252449739,9000000000,42311,44111,201,43910,7217,1800,0,2.1650902347599636,2.1650902347599636
8,64,1,2000000,177.42308897096794,1352161.2986294602,3000000000,46511,47111,6301,40810,1479,600,0,0.44373404312647846,0.44373404312647846
8,42,1,4000000,188.72909738564425,1058280.3392595868,8000000000,47111,48711,4101,44610,3780,1600,0,1.1339150464040235,1.1339150464040235
8,11,1,6000000,199.75595210155814,844504.964036171,3000000000,48711,49311,1001,48310,7105,600,0,2.1314261924491236,2.1314261924491236
8,16,0,3000000,,0,9000000000,42101,51101,1501,49600,0,9000,0.8999999999999999,0,0.8999999999999999
8,33,1,5000000,193.13405914027697,965606.8402509223,3000000000,52711,53311,3201,50110,5178,600,0,1.5534272723360272,1.5534272723360272
8,15,1,6000000,199.0119162261396,857130.0401544649,2000000000,53311,53711,1401,52310,7000,400,0,2.1000314020911213,2.1000314020911213
8,36,1,5000000,191.76713195957228,993243.499673653,5000000000,55711,56711,3501,53210,5034,1000,0,1.510203691736065,1.510203691736065
8,76,1,2000000,171.73079426823833,1538556.1602554382,8000000000,56711,58311,7501,50810,1300,1600,0,0.38997601485043304,0.38997601485043304
8,17,0,3000000,,0,9000000000,51101,60101,1601,58500,0,9000,0.8999999999999999,0,0.8999999999999999
8,60,1,4000000,179.39573601398664,1294182.869534241,10000000000,58911,60911,5901,55010,3091,2000,0,0.9272259958377164,0.9272259958377164
8,18,0,3000000,,0,3000000000,60101,63101,1701,61400,0,3000,0.3,0,0.3
8,9,1,7000000,200.03921240596804,839759.433566677,6000000000,62911,64111,801,63310,8336,1200,0,2.500716176632578,2.500716176632578
8,13,1,7000000,199.41110901852986,850327.3834767531,3000000000,64511,65111,1201,63910,8232,600,0,2.4696370372240417,2.4696370372240417
8,34,1,6000000,192.69025118048916,974473.6130082518,8000000000,65111,66711,3301,63410,6157,1600,0,1.8471510936487079,1.8471510936487079
8,19,0,5000000,,0,4000000000,63101,67101,1801,65300,0,4000,0.39999999999999997,0,0.39999999999999997
8,84,1,2000000,168.17027234324144,1671504.1541009701,6000000000,68711,69911,8301,61610,1197,1200,0,0.35895812674346245,0.35895812674346245
8,56,1,5000000,181.4008340664397,1238384.3511352253,2000000000,69911,70311,5501,64810,4038,400,0,1.2112556159361607,1.2112556159361607
8,20,0,8000000,,0,4000000000,67101,71101,1901,69200,0,4000,0.39999999999999997,0,0.39999999999999997
8,1,1,8000000,200.5793072577528,830802.7802086861,7000000000,70311,71711,1,71710,9629,1400,0,2.8887722299113556,2.8887722299113556
8,46,1,6000000,186.5920193898978,1107225.834820866,10000000000,72911,74911,4501,70410,5419,2000,0,1.6256846104852816,1.6256846104852816
8,89,1,2000000,166.0446692911278,1757697.4574638694,7000000000,74911,76311,8801,67510,1138,1400,0,0.3413556738403221,0.3413556738403221
8,65,1,5000000,176.92883371570616,1367191.031805636,9000000000,78111,79911,6401,73510,3657,1800,0,1.0971400229410257,1.0971400229410257
8,21,0,2000000,,0,10000000000,71101,81101,2001,79100,0,10000,0.9999999999999999,0,0.9999999999999999
8,26,0,8000000,,0,3000000000,81101,84101,2501,81600,0,3000,0.3,0,0.3
8,53,1,7000000,182.93509504739652,1197697.8651689074,9000000000,84511,86311,5201,81110,5845,1800,0,1.753363733101289,1.753363733101289
8,57,1,7000000,180.90033858453668,1252027.4964366013,9000000000,86311,88111,5601,82510,5591,1800,0,1.6772794575013852,1.6772794575013852
8,74,1,6000000,172.64818591575178,1506450.8840822894,9000000000,88111,89911,7301,82610,3983,1800,0,1.1948613917781574,1.1948613917781574
8,93,1,4000000,164.39874239178351,1828254.4250689398,4000000000,89911,90711,9201,81510,2188,800,0,0.6563637880732877,0.6563637880732877
8,27,0,5000000,,0,7000000000,84101,91101,2601,88500,0,7000,0.7,0,0.7
8,62,1,7000000,178.40539369649113,1322895.3707765539,3000000000,90711,91311,6101,85210,5291,600,0,1.587427128698226,1.587427128698226
8,30,1,8000000,194.39297955430385,940995.9411070109,2000000000,91311,91711,2901,88810,8502,400,0,2.5504892159009533,2.5504892159009533
8,101,1,3000000,161.26088738438713,1972774.5503432672,2000000000,91711,92111,10001,82110,1521,400,0,0.45621026479857923,0.45621026479857923
8,39,1,8000000,190.29465625707937,1024124.777967445,8000000000,92111,93711,3801,89910,7812,1600,0,2.343464440693663,2.343464440693663
8,48,1,8000000,185.5337966517152,1132504.7929694746,6000000000,95311,96511,4701,91810,7064,1200,0,2.1191963291449745,2.1191963291449745
8,51,1,8000000,183.97000462031846,1171189.9446550272,4000000000,96511,97311,5001,92310,6831,800,0,2.049197921270505,2.049197921270505
8,96,1,5000000,163.19061523261686,1882289.9261068425,2000000000,97311,97711,9501,88210,2656,400,0,0.7969016776828125,0.7969016776828125
8,22,1,9000000,197.21304850338885,888639.0897006277,3000000000,97711,98311,2101,96210,10128,600,0,3.0383538506162258,3.0383538506162258
8,66,1,8000000,176.44538248421236,1382093.6322213055,3000000000,98311,98911,6501,92410,5788,600,0,1.7364959537095268,1.7364959537095268
9,1,1,8000000,65.96626789503864,49644901.81785029,7000000000,162,1562,1,1561,161,1400,0,0.04834333259043847,0.04834333259043847
9,3,1,4000000,65.9789360326461,49617341.04410793,2000000000,1562,1962,201,1761,81,400,0,0.024185092847543877,0.024185092847543877
9,5,1,2000000,66.01715307403073,49534292.5946402,4000000000,2962,3762,401,3361,40,800,0,0.012112820605111907,0.012112820605111907
9,4,1,10000000,65.9941845922806,49584187.43251014,3000000000,3762,4362,301,4061,202,600,0,0.060503159481706745,0.060503159481706745
9,7,1,8000000,66.08155567176068,49394668.32650887,5000000000,5562,6562,601,5961,162,1000,0,0.04858824001277848,0.04858824001277848
9,2,0,4000000,,0,9000000000,101,9101,101,9000,0,9000,0.8999999999999999,0,0.8999999999999999
9,10,1,2000000,66.23064094510943,49073023.74385249,10000000000,9162,11162,901,10261,41,2000,0,0.012226676781358182,0.012226676781358182
9,11,1,8000000,66.28967491246283,48946264.87388925,3000000000,12562,13162,1001,12161,163,600,0,0.0490333635504902,0.0490333635504902
9,13,1,8000000,66.43596691551951,48633613.89417865,7000000000,15162,16562,1201,15361,164,1400,0,0.04934858440135939,0.04934858440135939
9,14,1,8000000,66.5140173196598,48467660.48411043,2000000000,16562,16962,1301,15661,165,400,0,0.049517554097475214,0.049517554097475214
9,15,1,8000000,66.60843339998324,48267700.206014395,3000000000,16962,17562,1401,16161,166,600,0,0.04972269218869782,0.04972269218869782
9,6,0,5000000,,0,9000000000,9101,18101,501,17600,0,9000,0.8999999999999999,0,0.8999999999999999
9,20,1,2000000,67.15917286566297,47118386.227124795,3000000000,24362,24962,1901,23061,42,600,0,0.012733882631459819,0.012733882631459819
9,21,1,4000000,67.29653260012732,46836230.11599181,5000000000,26962,27962,2001,25961,85,1000,0,0.025621191052912492,0.025621191052912492
9,8,0,4000000,,0,10000000000,18101,28101,701,27400,0,10000,0.9999999999999999,0,0.9999999999999999
9,9,0,6000000,,0,3000000000,28101,31101,801,30300,0,3000,0.3,0,0.3
9,12,0,10000000,,0,7000000000,31101,38101,1101,37000,0,7000,0.7,0,0.7
9,26,1,2000000,68.1108699107565,45199556.88281146,4000000000,39962,40762,2501,38261,44,800,0,0.013274466419120333,0.013274466419120333
9,16,0,3000000,,0,4000000000,38101,42101,1501,40600,0,4000,0.39999999999999997,0,0.39999999999999997
9,28,1,2000000,68.5011189689628,44436710.26832935,3000000000,42362,42962,2701,40261,45,600,0,0.013502349664881204,0.013502349664881204
9,30,1,3000000,68.94899274101114,43577981.92644134,8000000000,45762,47362,2901,44461,69,1600,0,0.020652631448587498,0.020652631448587498
9,17,0,3000000,,0,10000000000,42101,52101,1601,50500,0,10000,0.9999999999999999,0,0.9999999999999999
9,18,0,6000000,,0,6000000000,52101,58101,1701,56400,0,6000,0.6,0,0.6
9,39,1,7000000,71.57653595976825,38883604.245206125,8000000000,64162,65762,3801,61961,180,1600,0,0.054007339102544856,0.054007339102544856
9,40,1,5000000,71.94220527617983,38274565.68122251,2000000000,65762,66162,3901,62261,131,400,0,0.039190516555904366,0.039190516555904366
9,19,0,8000000,,0,9000000000,58101,67101,1801,65300,0,9000,0.8999999999999999,0,0.8999999999999999
9,22,0,9000000,,0,7000000000,67101,74101,2101,72000,0,7000,0.7,0,0.7
9,43,1,3000000,73.1324961969711,36362494.730555646,7000000000,76162,77562,4201,73361,83,1400,0,0.02475077704841093,0.02475077704841093
9,46,1,4000000,74.48150710075625,34320172.44153196,9000000000,78562,80362,4501,75861,117,1800,0,0.03496485928339453,0.03496485928339453
9,23,0,8000000,,0,8000000000,74101,82101,2201,79900,0,8000,0.7999999999999999,0,0.7999999999999999
9,24,0,5000000,,0,9000000000,82101,91101,2301,88800,0,9000,0.8999999999999999,0,0.8999999999999999
9,50,1,10000000,76.5339800350145,31449984.266416002,9000000000,92362,94162,4901,89261,318,1800,0,0.0953895548750262,0.0953895548750262
9,52,1,6000000,77.68452419883894,29957760.216764085,3000000000,94162,94762,5101,89661,200,600,0,0.06008459868080314,0.06008459868080314
10,1,1,3000000,137.7542522029719,3661482.631754719,4000000000,820,1620,1,1619,819,800,0,0.24580206722670875,0.24580206722670875
10,11,1,2000000,137.86277706473206,3650253.54061941,9000000000,1620,3420,1001,2419,548,1800,0,0.16437214383146279,0.16437214383146279
10,12,1,3000000,137.88062735569494,3648410.630057316,7000000000,3420,4820,1101,3719,822,1400,0,0.2466827589486168,0.2466827589486168
10,2,1,7000000,137.75481007935798,3661424.79949357,7000000000,4820,6220,101,6119,1912,1400,0,0.5735472159063493,0.5735472159063493
10,4,0,9000000,,0,7000000000,301,7301,301,7000,0,7000,0.7,0,0.7
10,3,1,7000000,137.7570488214668,3661192.7315825215,9000000000,6220,8020,201,7819,1912,1800,0,0.5735835706994566,0.5735835706994566
10,17,1,2000000,138.04974538187312,3631007.164752617,2000000000,8020,8420,1601,6819,551,400,0,0.1652434084472203,0.1652434084472203
10,23,1,3000000,138.5171714986991,3583434.642392478,2000000000,8420,8820,2201,6619,837,400,0,0.2511556899497728,0.2511556899497728
10,16,1,6000000,138.0076809456633,3635326.3307013134,6000000000,8820,10020,1501,8519,1650,1200,0,0.4951412435242783,0.4951412435242783
10,5,0,5000000,,0,4000000000,7301,11301,401,10900,0,4000,0.39999999999999997,0,0.39999999999999997
10,9,1,9000000,137.8129986612293,3655398.8511184817,8000000000,10020,11620,801,10819,2462,1600,0,0.7386334870608858,0.7386334870608858
10,15,1,7000000,137.9697829236533,3639223.1089921603,4000000000,11620,12420,1401,11019,1923,800,0,0.577046236822114,0.577046236822114
10,21,1,5000000,138.33810068090426,3601568.4291207045,10000000000,12420,14420,2001,12419,1388,2000,0,0.4164852145725338,0.4164852145725338
10,10,1,10000000,137.83673857139823,3652943.8784893863,2000000000,14420,14820,901,13919,2738,400,0,0.8212554311785922,0.8212554311785922
10,30,1,7000000,139.78894269576543,3457831.6464575357,2000000000,16220,16620,2901,13719,2024,400,0,0.6073170167643641,0.6073170167643641
10,28,1,8000000,139.3185016428185,3503651.52219556,4000000000,16620,17420,2701,14719,2283,800,0,0.6849996310409439,0.6849996310409439
10,43,1,3000000,138.9788491102154,3537198.5031261146,8000000000,17420,19020,4201,14819,848,1600,0,0.2544386466308282,0.2544386466308282
10,34,1,8000000,140.9872621905965,3344411.6505075004,2000000000,19020,19420,3301,16119,2392,400,0,0.717615009993106,0.717615009993106
10,41,1,6000000,139.9601746926603,3441337.519791264,9000000000,19420,21220,4001,17219,1744,1800,0,0.5230524438966335,0.5230524438966335
10,6,0,5000000,,0,10000000000,11301,21301,501,20800,0,10000,0.9999999999999999,0,0.9999999999999999
10,45,1,5000000,137.94804275523444,3641460.8141618213,7000000000,21220,22620,4401,18219,1373,1400,0,0.4119225982513462,0.4119225982513462
10,48,1,4000000,139.5696532201753,3479097.483267838,6000000000,22620,23820,4701,19119,1150,1200,0,0.3449170383328457,0.3449170383328457
10,51,1,4000000,141.2577902276544,3319443.9718586584,9000000000,23820,25620,5001,20619,1205,1800,0,0.3615063276179002,0.3615063276179002
10,40,1,8000000,140.43343227308807,3396252.1319304146,6000000000,25620,26820,3901,22919,2356,1200,0,0.7066613157003307,0.7066613157003307
10,49,1,5000000,140.2449104245854,3414124.1115327356,2000000000,26820,27220,4801,22419,1465,400,0,0.4393513390251623,0.4393513390251623
10,57,1,3000000,143.2456693935282,3142856.27118978,7000000000,27220,28620,5601,23019,955,1400,0,0.2863637157862425,0.2863637157862425
10,55,1,4000000,142.32993922573004,3222725.1794084935,3000000000,29420,30020,5401,24619,1241,600,0,0.37235567204655373,0.37235567204655373
10,61,1,2000000,145.07158129695839,2990764.5980060506,3000000000,30020,30620,6001,24619,669,600,0,0.20061759471140636,0.20061759471140636
10,7,0,5000000,,0,10000000000,21301,31301,601,30700,0,10000,0.9999999999999999,0,0.9999999999999999
10,50,1,7000000,140.81068496389048,3360833.3236791287,6000000000,31420,32620,4901,27719,2083,1200,0,0.6248450303096599,0.6248450303096599
10,53,1,6000000,141.7749685240664,3272348.7851534616,4000000000,32620,33420,5201,28219,1834,800,0,0.5500636142964163,0.5500636142964163
10,66,1,2000000,147.59887160815293,2794942.5456700316,6000000000,33420,34620,6501,28119,716,1200,0,0.2146734647299027,0.2146734647299027
10,58,1,5000000,143.6984624134858,3104266.832815461,3000000000,34620,35220,5701,29519,1611,600,0,0.4832058842826835,0.4832058842826835
10,56,1,6000000,142.7819824067449,3182989.4534416525,2000000000,35220,35620,5501,30119,1885,400,0,0.5655061150308633,0.5655061150308633
10,52,1,9000000,141.54081001605152,3293568.914007258,7000000000,36220,37620,5101,32519,2733,1400,0,0.8197794157326231,0.8197794157326231
10,67,1,4000000,148.16569272270823,2753219.3616211233,5000000000,37620,38620,6601,32019,1453,1000,0,0.43585339284169056,0.43585339284169056
10,99,1,3000000,160.20018601737016,2024809.6829738622,9000000000,39476,41276,9801,31475,1482,1800,0,0.4444862189112802,0.4444862189112802
10,8,0,3000000,,0,10000000000,31301,41301,701,40600,0,10000,0.9999999999999999,0,0.9999999999999999
10,74,1,3000000,152.73119033124834,2443755.013430185,4000000000,42620,43420,7301,36119,1228,800,0,0.36828568946308243,0.36828568946308243
10,60,1,8000000,144.61639360736388,3027814.032528615,7000000000,43420,44820,5901,38919,2642,1400,0,0.7926510592183532,0.7926510592183532
10,62,1,8000000,145.5357485293562,2953558.9578712094,6000000000,46620,47820,6101,41719,2709,1200,0,0.8125790052722734,0.8125790052722734
10,13,0,4000000,,0,7000000000,41301,48301,1201,47100,0,7000,0.7,0,0.7
10,82,1,2000000,159.10635970947231,2080263.6999236767,3000000000,47820,48420,8101,40319,961,600,0,0.2884249722869334,0.2884249722869334
10,95,1,4000000,163.9159979989751,1849612.1173987745,7000000000,47476,48876,9401,39475,2163,1400,0,0.6487846769124952,0.6487846769124952
10,105,1,3000000,154.62865484767045,2327873.947441745,8000000000,48876,50476,10401,40075,1289,1600,0,0.38661887212109125,0.38661887212109125
10,106,1,3000000,153.7053024459469,2383394.4790170146,8000000000,50476,52076,10501,41575,1259,1600,0,0.3776126897680772,0.3776126897680772
10,70,1,7000000,150.00156332518674,2623263.597353972,9000000000,50420,52220,6901,45319,2668,1800,0,0.8005295396612919,0.8005295396612919
10,112,1,2000000,148.13716650456092,2755300.6798838573,5000000000,52076,53076,11101,41975,726,1000,0,0.2177620774315243,0.2177620774315243
10,65,1,9000000,147.043247039774,2836602.439500153,5000000000,52220,53220,6401,46819,3173,1000,0,0.9518429380169946,0.9518429380169946
10,14,0,5000000,,0,6000000000,48301,54301,1301,53000,0,6000,0.6,0,0.6
10,104,1,4000000,155.5620162507545,2273369.6824247465,9000000000,54676,56476,10301,46175,1760,1800,0,0.5278507975526865,0.5278507975526865
10,68,1,9000000,148.76107185685376,2710219.723715458,2000000000,56420,56820,6701,50119,3321,400,0,0.9962291899708235,0.9962291899708235
10,79,1,5000000,156.56379690081616,2216617.0330294184,10000000000,56820,58820,7801,51019,2256,2000,0,0.6767068815446085,0.6767068815446085
10,81,1,5000000,158.2422225576979,2125408.881849387,3000000000,58820,59420,8001,51419,2352,600,0,0.7057465567259704,0.7057465567259704
10,76,1,7000000,154.21045425002808,2352819.4735323754,5000000000,59820,60820,7501,53319,2975,1000,0,0.8925461658336208,0.8925461658336208
10,115,1,4000000,145.34934605976042,2968431.1172844153,3000000000,60876,61476,11401,50075,1348,600,0,0.4042539484957919,0.4042539484957919
10,72,1,9000000,151.33154396886331,2533833.2905988204,5000000000,60820,61820,7101,54719,3552,1000,0,1.065579179979086,1.065579179979086
10,18,0,10000000,,0,8000000000,54301,62301,1701,60600,0,8000,0.7999999999999999,0,0.7999999999999999
10,111,1,5000000,149.06000939219075,2688942.8340309975,7000000000,61476,62876,11001,51875,1859,1400,0,0.5578400481468578,0.5578400481468578
10,108,1,6000000,151.8489147145939,2500065.363655951,5000000000,62876,63876,10701,53175,2400,1000,0,0.7199811757592546,0.7199811757592546
10,78,1,7000000,155.75943310117688,2262044.5653264998,9000000000,63220,65020,7701,57319,3095,1800,0,0.9283636724888705,0.9283636724888705
10,19,0,10000000,,0,3000000000,62301,65301,1801,63500,0,3000,0.3,0,0.3
10,116,1,5000000,144.42687596150517,3043406.5367302555,9000000000,64476,66276,11501,54775,1643,1800,0,0.49286875805016667,0.49286875805016667
10,127,1,3000000,134.22712691553826,4050733.339369507,5000000000,66276,67276,12601,54675,741,1000,0,0.22218199140703845,0.22218199140703845
10,20,0,8000000,,0,4000000000,65301,69301,1901,67400,0,4000,0.39999999999999997,0,0.39999999999999997
10,132,1,3000000,129.60421366606872,4641124.79128386,5000000000,68876,69876,13101,56775,646,1000,0,0.19391850908431096,0.19391850908431096
10,128,1,5000000,133.30596723327878,4160661.7840904496,7000000000,69876,71276,12701,58575,1202,1400,0,0.36051957064515655,0.36051957064515655
10,136,1,3000000,125.90325889348533,5191308.246655763,4000000000,71276,72076,13501,58575,578,800,0,0.1733667039671126,0.1733667039671126
10,137,1,3000000,124.97343797783594,5341890.968154187,10000000000,72076,74076,13601,60475,562,2000,0,0.1684796648537703,0.1684796648537703
10,22,0,4000000,,0,5000000000,69301,74301,2101,72200,0,5000,0.49999999999999994,0,0.49999999999999994
10,125,1,7000000,136.0797152407368,3840259.9944157694,6000000000,74076,75276,12401,62875,1823,1200,0,0.5468379753073149,0.5468379753073149
10,110,1,9000000,149.99286516364708,2623861.2129061976,10000000000,76676,78676,10901,67775,3430,2000,0,1.0290178408519828,1.0290178408519828
10,88,1,9000000,164.60053766619362,1819417.2741964574,7000000000,78420,79820,8701,71119,4947,1400,0,1.4839916264906579,1.4839916264906579
10,89,1,9000000,165.53468579122625,1779192.214173104,2000000000,79820,80220,8801,71419,5058,400,0,1.5175426120301736,1.5175426120301736
10,130,1,7000000,131.4555198536752,4392783.576506286,8000000000,78676,80276,12901,67375,1594,1600,0,0.47805678641473015,0.47805678641473015
10,100,1,10000000,159.27637646556383,2071521.8679244816,7000000000,82476,83876,9901,73975,4827,1400,0,1.448210635114264,1.448210635114264
10,24,0,4000000,,0,10000000000,74301,84301,2301,82000,0,10000,0.9999999999999999,0,0.9999999999999999
10,117,1,10000000,143.49458561214075,3121569.5153758787,6000000000,84876,86076,11601,74475,3204,1200,0,0.961055003011445,0.961055003011445
10,25,0,7000000,,0,3000000000,84301,87301,2401,84900,0,3000,0.3,0,0.3
10,142,1,5000000,120.35635296900622,6173795.191760411,10000000000,88076,90076,14101,75975,810,2000,0,0.24296238430486167,0.24296238430486167
10,26,0,10000000,,0,3000000000,87301,90301,2501,87800,0,3000,0.3,0,0.3
10,145,1,4000000,117.58020666761902,6750403.631322344,6000000000,91276,92476,14401,78075,593,1200,0,0.17776714779423208,0.17776714779423208
10,147,1,3000000,115.73364117662591,7170401.926881449,6000000000,92476,93676,14601,79075,418,1200,0,0.12551597653486463,0.12551597653486463
10,134,1,9000000,127.75345200815512,4906824.208154878,3000000000,93676,94276,13301,80975,1834,600,0,0.5502540717706466,0.5502540717706466
10,27,0,3000000,,0,5000000000,90301,95301,2601,92700,0,5000,0.49999999999999994,0,0.49999999999999994
10,129,1,10000000,132.37502823418023,4275505.115574418,10000000000,94276,96276,12801,83475,2339,2000,0,0.7016714794871547,0.7016714794871547
10,138,1,8000000,124.05365976060517,5496135.472408819,8000000000,96276,97876,13701,84175,1456,1600,0,0.4366704590977158,0.4366704590977158
10,135,1,9000000,126.82333578643959,5047384.534094401,6000000000,97876,99076,13401,85675,1783,1200,0,0.5349305133702148,0.5349305133702148
10,29,0,10000000,,0,4000000000,95301,99301,2801,96500,0,4000,0.39999999999999997,0,0.39999999999999997
11,7,1,7000000,154.75289851889687,2320526.0133162374,7000000000,7972,9372,601,8771,3017,1400,0,0.9049672306835784,0.9049672306835784
11,1,0,5000000,,0,10000000000,1,10001,1,10000,0,10000,0.9999999999999999,0,0.9999999999999999
11,26,1,3000000,151.8649320942791,2499028.848812972,5000000000,9372,10372,2501,7871,1200,1000,0,0.36013990011659774,0.36013990011659774
11,22,1,5000000,152.7134735378644,2444870.2370843864,10000000000,11772,13772,2101,11671,2045,2000,0,0.6135294942233069,0.6135294942233069
11,23,1,5000000,152.51653943097452,2457309.2070729136,4000000000,13772,14572,2201,12371,2035,800,0,0.6104237902509482,0.6104237902509482
11,2,0,10000000,,0,6000000000,10001,16001,101,15900,0,6000,0.6,0,0.6
11,3,1,10000000,154.9410265229968,2309454.4493820425,8000000000,14972,16572,201,16371,4330,1600,0,1.2990080842697425,1.2990080842697425
11,28,1,5000000,151.39721827034998,2529515.707309741,10000000000,16972,18972,2701,16271,1977,2000,0,0.5929988873622455,0.5929988873622455
11,19,1,7000000,153.27300642970377,2409951.1398955514,5000000000,18972,19972,1801,18171,2905,1000,0,0.8713869610198882,0.8713869610198882
11,4,0,6000000,,0,4000000000,16001,20001,301,19700,0,4000,0.39999999999999997,0,0.39999999999999997
11,38,1,3000000,148.6933909089439,2715065.7765826094,3000000000,19972,20572,3701,16871,1105,600,0,0.33148368181812865,0.33148368181812865
11,25,1,6000000,152.08538720074327,2484816.652427133,5000000000,20572,21572,2401,19171,2415,1000,0,0.7243995239012045,0.7243995239012045
11,31,1,5000000,150.64018720115823,2579842.44344575,4000000000,21572,22372,3001,19371,1938,800,0,0.5814308559078262,0.5814308559078262
11,5,0,6000000,,0,5000000000,20001,25001,401,24600,0,5000,0.49999999999999994,0,0.49999999999999994
11,14,1,9000000,154.04385901424303,2362848.9348802487,5000000000,24172,25172,1301,23871,3809,1000,0,1.142688370865672,1.142688370865672
11,33,1,5000000,150.11262738357487,2615647.6090094033,4000000000,25172,25972,3201,22771,1912,800,0,0.5734717455185331,0.5734717455185331
11,24,1,7000000,152.30706779397997,2470626.1482754527,4000000000,25972,26772,2301,24471,2833,800,0,0.8499869563292054,0.8499869563292054
11,39,1,4000000,148.39530248629842,2736537.23278648,2000000000,26772,27172,3801,23371,1462,400,0,0.43851038663855474,0.43851038663855474
11,35,1,5000000,149.5562920775987,2654073.8528416404,7000000000,27172,28572,3401,25171,1884,1400,0,0.565168900026649,0.565168900026649
11,12,1,10000000,154.2915603654328,2347955.7512310743,2000000000,28572,28972,1101,27871,4259,400,0,1.2777072133608343,1.2777072133608343
11,40,1,5000000,148.08858430007356,2758849.7924143746,5000000000,28972,29972,3901,26071,1812,1000,0,0.5437048454483971,0.5437048454483971
11,27,1,8000000,151.63250344170936,2514122.0202708635,4000000000,29972,30772,2601,28171,3182,800,0,0.9546076048215956,0.9546076048215956
11,6,0,6000000,,0,9000000000,25001,34001,501,33500,0,9000,0.8999999999999999,0,0.8999999999999999
11,46,1,4000000,146.20647899460548,2900800.093825649,6000000000,33572,34772,4501,30271,1379,1200,0,0.41367897172721385,0.41367897172721385
11,34,1,7000000,149.83739886957457,2634571.1228737663,8000000000,36172,37772,3301,34471,2657,1600,0,0.7970936832061452,0.7970936832061452
11,44,1,6000000,146.8426620570466,2851830.251445426,8000000000,40372,41972,4301,37671,2104,1600,0,0.6311736117841114,0.6311736117841114
11,8,0,8000000,,0,9000000000,34001,43001,701,42300,0,9000,0.8999999999999999,0,0.8999999999999999
11,50,1,5000000,144.92661108298918,3002503.2200325755,8000000000,42372,43972,4901,39071,1665,1600,0,0.49958314448825997,0.49958314448825997
11,30,1,10000000,150.89637305117708,2562673.953783516,4000000000,46972,47772,2901,44871,3902,800,0,1.170652238288378,1.170652238288378
11,9,0,4000000,,0,6000000000,43001,49001,801,48200,0,6000,0.6,0,0.6
11,53,1,5000000,144.0275709716719,3076584.9396144436,9000000000,47772,49572,5201,44371,1625,1800,0,0.48755357951793765,0.48755357951793765
11,36,1,9000000,149.26955114824995,2674151.70009798,4000000000,49572,50372,3501,46871,3366,800,0,1.0096659811412616,1.0096659811412616
11,10,0,7000000,,0,2000000000,49001,51001,901,50100,0,2000,0.19999999999999998,0,0.19999999999999998
11,64,1,3000000,141.13017997579402,3331192.688349075,2000000000,51572,51972,6301,45671,901,400,0,0.27017350366665105,0.27017350366665105
11,55,1,6000000,143.444077256609,3125874.4548509396,5000000000,54372,55372,5401,49971,1919,1000,0,0.5758388655714053,0.5758388655714053
11,11,0,4000000,,0,6000000000,51001,57001,1001,56000,0,6000,0.6,0,0.6
11,41,1,10000000,147.78152286398998,2781412.9616564824,3000000000,59372,59972,4001,55971,3595,600,0,1.078588487706384,1.078588487706384
11,69,1,3000000,140.0462280820158,3433084.9332869165,9000000000,59972,61772,6801,54971,874,1800,0,0.2621548891126089,0.2621548891126089
11,13,0,9000000,,0,5000000000,57001,62001,1201,60800,0,5000,0.49999999999999994,0,0.49999999999999994
11,15,0,2000000,,0,4000000000,62001,66001,1401,64600,0,4000,0.39999999999999997,0,0.39999999999999997
11,65,1,5000000,140.9089528738327,3351682.1778561953,10000000000,65572,67572,6401,61171,1492,2000,0,0.4475364668852435,0.4475364668852435
11,61,1,7000000,141.85320370016316,3265296.4830214647,5000000000,70772,71772,6001,65771,2144,1000,0,0.6431268985586309,0.6431268985586309
11,16,0,3000000,,0,10000000000,66001,76001,1501,74500,0,10000,0.9999999999999999,0,0.9999999999999999
11,59,1,8000000,142.35983984256234,3220078.009548012,7000000000,77372,78772,5801,72971,2484,1400,0,0.7453235582751851,0.7453235582751851
11,17,0,4000000,,0,3000000000,76001,79001,1601,77400,0,3000,0.3,0,0.3
11,73,1,4000000,139.29101191390637,3506352.0231793476,6000000000,79572,80772,7201,73571,1141,1200,0,0.3422360310850685,0.3422360310850685
11,18,0,8000000,,0,2000000000,79001,81001,1701,79300,0,2000,0.19999999999999998,0,0.19999999999999998
11,60,1,8000000,142.10031175194513,3243144.3415423464,7000000000,80772,82172,5901,76271,2467,1400,0,0.7400225667595877,0.7400225667595877
11,75,1,4000000,138.9496290027433,3540102.977646957,7000000000,82172,83572,7401,76171,1130,1400,0,0.3389731902086132,0.3389731902086132
11,78,1,3000000,138.47755666533112,3587436.5740877893,10000000000,83572,85572,7701,77871,836,2000,0,0.250875515542418,0.250875515542418
11,20,0,5000000,,0,7000000000,81001,88001,1901,86100,0,7000,0.7,0,0.7
11,63,1,8000000,141.369496002497,3309201.4453671915,2000000000,88172,88572,6201,82371,2418,400,0,0.7252504991377744,0.7252504991377744
11,74,1,5000000,139.11139025974833,3524060.729553007,4000000000,89972,90772,7301,83471,1419,800,0,0.42564533222168977,0.42564533222168977
11,57,1,10000000,142.88916054060925,3173657.0177284125,2000000000,92772,93172,5601,87571,3151,400,0,0.9452817312147014,0.9452817312147014
11,21,0,8000000,,0,10000000000,88001,98001,2001,96000,0,10000,0.9999999999999999,0,0.9999999999999999
11,70,1,7000000,139.8544203806229,3451512.9508090103,4000000000,97572,98372,6901,91471,2028,800,0,0.608428833943032,0.608428833943032
12,1,1,3000000,132.78421743565764,4224552.848432764,7000000000,711,2111,1,2110,710,1400,0,0.21304029853334286,0.21304029853334286
12,5,1,2000000,132.8750695202076,4213341.306919967,2000000000,2111,2511,401,2110,475,400,0,0.14240479379502524,0.14240479379502524
12,7,1,4000000,132.9948032819328,4198621.412946433,5000000000,2511,3511,601,2910,953,1000,0,0.28580809793895795,0.28580809793895795
12,10,1,3000000,133.26036545049695,4166198.405621472,4000000000,3511,4311,901,3410,720,800,0,0.21602427738093932,0.21602427738093932
12,8,1,4000000,133.0748064060211,4188821.147325643,3000000000,4311,4911,701,4210,955,600,0,0.28647678136512017,0.28647678136512017
12,2,0,10000000,,0,5000000000,101,5101,101,5000,0,5000,0.49999999999999994,0,0.49999999999999994
12,12,1,3000000,133.48350047852352,4139192.9736352367,8000000000,4911,6511,1101,5410,725,1600,0,0.2174336895459061,0.2174336895459061
12,3,1,7000000,132.809076873533,4221481.447707335,7000000000,6511,7911,201,7710,1658,1400,0,0.49745569796131617,0.49745569796131617
12,9,1,5000000,133.16498225885059,4177808.406261893,5000000000,7911,8911,801,8110,1197,1000,0,0.3590399209671105,0.3590399209671105
12,4,1,9000000,132.83025333108418,4218867.245079348,9000000000,8911,10711,301,10410,2133,1800,0,0.6399822139815207,0.6399822139815207
12,11,1,7000000,133.3624238681946,4153819.768115563,10000000000,10711,12711,1001,11710,1685,2000,0,0.5055587669256757,0.5055587669256757
12,6,0,7000000,,0,8000000000,5101,13101,501,12600,0,8000,0.7999999999999999,0,0.7999999999999999
12,19,1,5000000,134.6014669310851,4007082.5101504927,5000000000,12711,13711,1801,11910,1248,1000,0,0.37433718826609963,0.37433718826609963
12,14,1,9000000,133.7484841035591,4107401.5449129995,6000000000,13711,14911,1301,13610,2191,1200,0,0.6573499012639608,0.6573499012639608
12,28,1,3000000,136.81229842378934,3760755.2783216173,6000000000,14911,16111,2701,13410,798,1200,0,0.23931363074538045,0.23931363074538045
12,13,0,10000000,,0,4000000000,13101,17101,1201,15900,0,4000,0.39999999999999997,0,0.39999999999999997
12,26,1,4000000,136.2403336020578,3822652.9693677486,6000000000,16111,17311,2501,14810,1046,1200,0,0.3139181112217139,0.3139181112217139
12,16,1,9000000,134.05951103894122,4070467.984272498,6000000000,17311,18511,1501,17010,2211,1200,0,0.6633143929475133,0.6633143929475133
12,21,1,8000000,135.01385299294293,3959662.7106046,5000000000,18511,19511,2001,17510,2020,1000,0,0.6061122311181764,0.6061122311181764
12,24,1,8000000,135.71158719873554,3880992.169761347,2000000000,19511,19911,2301,17610,2061,400,0,0.6183985679485622,0.6183985679485622
12,35,1,4000000,139.20845987223623,3514477.0932233464,4000000000,21911,22711,3401,19310,1138,800,0,0.3414448204297172,0.3414448204297172
12,32,1,6000000,138.1041360712995,3625431.705883507,10000000000,22711,24711,3101,21610,1655,2000,0,0.49649259620002834,0.49649259620002834
12,15,0,4000000,,0,9000000000,17101,26101,1401,24700,0,9000,0.8999999999999999,0,0.8999999999999999
12,33,1,6000000,138.46440300669343,3588766.5875221374,9000000000,24711,26511,3201,23310,1672,1800,0,0.5015650798406506,0.5015650798406506
12,29,1,8000000,137.11267191620183,3728743.0250934097,2000000000,26511,26911,2801,24110,2145,400,0,0.6436485388906298,0.6436485388906298
12,27,1,9000000,136.52439049488555,3791757.0734745865,6000000000,26911,28111,2601,25510,2374,1200,0,0.7120709337863377,0.7120709337863377
12,17,0,5000000,,0,3000000000,26101,29101,1601,27500,0,3000,0.3,0,0.3
12,40,1,4000000,141.31414118905442,3314272.1610988793,9000000000,29711,31511,3901,27610,1207,1800,0,0.36207044614046674,0.36207044614046674
12,42,1,4000000,142.25080105222608,3229744.427337925,6000000000,31511,32711,4101,28610,1238,1200,0,0.37154642634961815,0.37154642634961815
12,36,1,8000000,139.6091974047555,3475250.757698599,5000000000,33111,34111,3501,30610,2302,1000,0,0.69059764815053,0.69059764815053
12,18,0,7000000,,0,8000000000,29101,37101,1701,35400,0,8000,0.7999999999999999,0,0.7999999999999999
12,57,1,2000000,150.02113484439448,2621919.532589737,7000000000,37511,38911,5601,33310,763,1400,0,0.22883997488945235,0.22883997488945235
12,56,1,3000000,149.46803838948313,2660233.5384331965,3000000000,38911,39511,5501,34010,1128,600,0,0.3383161617194237,0.3383161617194237
12,54,1,4000000,148.38400486575364,2737355.1260470515,4000000000,39511,40311,5301,35010,1461,800,0,0.43837936429274743,0.43837936429274743
12,49,1,6000000,145.73464413103702,2937791.3599033216,3000000000,40311,40911,4801,36110,2042,600,0,0.6127051854557961,0.6127051854557961
12,47,1,7000000,144.72405639699298,3019000.0288598295,5000000000,40911,41911,4601,37310,2319,1000,0,0.6955945610881946,0.6955945610881946
12,20,0,7000000,,0,5000000000,37101,42101,1901,40200,0,5000,0.49999999999999994,0,0.49999999999999994
12,46,1,8000000,144.22948276964732,3059752.5175610688,2000000000,41911,42311,4501,37810,2615,400,0,0.7843771632592828,0.7843771632592828
12,52,1,7000000,147.30468084891265,2816905.643912056,8000000000,44111,45711,5101,40610,2485,1600,0,0.74549887907625,0.74549887907625
12,69,1,2000000,156.77709845509963,2204760.553993121,4000000000,45711,46511,6801,39710,907,800,0,0.2721383956699146,0.2721383956699146
12,22,0,7000000,,0,7000000000,42101,49101,2101,47000,0,7000,0.7,0,0.7
12,50,1,10000000,146.24455750557007,2897839.939804825,7000000000,49311,50711,4901,45810,3451,1400,0,1.0352538657473456,1.0352538657473456
12,67,1,4000000,155.634961689204,2269176.895800968,10000000000,50711,52711,6601,46110,1763,2000,0,0.5288261140947441,0.5288261140947441
12,68,1,4000000,156.20112835700004,2236958.008555548,10000000000,53711,55711,6701,49010,1788,2000,0,0.5364427921357656,0.5364427921357656
12,23,0,7000000,,0,8000000000,49101,57101,2201,54900,0,8000,0.7999999999999999,0,0.7999999999999999
12,75,1,3000000,160.2390227129459,2022874.6646122865,3000000000,58311,58911,7401,51510,1483,600,0,0.4449114004660779,0.4449114004660779
12,55,1,10000000,148.92535177061023,2698501.4430334507,10000000000,60911,62911,5401,57510,3706,2000,0,1.1117281436869004,1.1117281436869004
12,74,1,4000000,159.65629207770044,2052151.5174565765,2000000000,64111,64511,7301,57210,1949,400,0,0.5847521441727034,0.5847521441727034
12,25,0,9000000,,0,8000000000,57101,65101,2401,62700,0,8000,0.7999999999999999,0,0.7999999999999999
12,80,1,3000000,163.18630150842935,1882486.3877971142,10000000000,66711,68711,7901,60810,1594,2000,0,0.47809110643991437,0.47809110643991437
12,61,1,9000000,152.23711636785558,2475093.11608453,6000000000,71711,72911,6001,66910,3636,1200,0,1.0908680495509038,1.0908680495509038
12,30,0,8000000,,0,9000000000,65101,74101,2901,71200,0,9000,0.8999999999999999,0,0.8999999999999999
12,31,0,9000000,,0,3000000000,74101,77101,3001,74100,0,3000,0.3,0,0.3
12,72,1,6000000,158.49049088194536,2112315.3441357175,9000000000,76311,78111,7101,71010,2840,1800,0,0.8521454928579778,0.8521454928579778
12,91,1,2000000,169.86847147131215,1606386.408470623,10000000000,79911,81911,9001,72910,1245,2000,0,0.3735091363050291,0.3735091363050291
12,88,1,3000000,168.0189016152647,1677466.2382150707,6000000000,81911,83111,8701,74410,1788,1200,0,0.5365234658657908,0.5365234658657908
12,96,1,2000000,172.9768267716806,1495152.4631296017,7000000000,83111,84511,9501,75010,1338,1400,0,0.4012968675743614,0.4012968675743614
12,34,0,4000000,,0,9000000000,77101,86101,3301,82800,0,9000,0.8999999999999999,0,0.8999999999999999
12,37,0,9000000,,0,6000000000,86101,92101,3601,88500,0,6000,0.6,0,0.6
12,38,0,9000000,,0,2000000000,92101,94101,3701,90400,0,2000,0.19999999999999998,0,0.19999999999999998
12,92,1,4000000,170.48656017410875,1583469.794489897,8000000000,93711,95311,9101,86210,2526,1600,0,0.757829422560328,0.757829422560328
12,39,0,4000000,,0,4000000000,94101,98101,3801,94300,0,4000,0.39999999999999997,0,0.39999999999999997
13,3,0,10000000,,0,7000000000,201,7201,201,7000,0,7000,0.7,0,0.7
13,4,0,6000000,,0,2000000000,7201,9201,301,8900,0,2000,0.19999999999999998,0,0.19999999999999998
13,9,1,2000000,121.25182472853757,6000721.799055884,7000000000,11162,12562,801,11761,333,1400,0,0.0999879714627664,0.0999879714627664
13,6,1,5000000,120.94453480831619,6059438.930047787,10000000000,13162,15162,501,14661,825,2000,0,0.2475476718746583,0.2475476718746583
13,5,0,9000000,,0,6000000000,9201,15201,401,14800,0,6000,0.6,0,0.6
13,7,0,5000000,,0,4000000000,15201,19201,601,18600,0,4000,0.39999999999999997,0,0.39999999999999997
13,1,1,10000000,120.75001656314585,6096969.813949739,10000000000,17562,19562,1,19561,1640,2000,0,0.4920477042769776,0.4920477042769776
13,2,1,10000000,120.75652860197661,6095708.786262485,4000000000,19962,20762,101,20661,1640,800,0,0.49214949486447107,0.49214949486447107
13,8,1,7000000,121.13401586672508,6023150.419611173,9000000000,20762,22562,701,21861,1162,1800,0,0.3486547493754218,0.3486547493754218
13,13,1,4000000,121.8563326216574,5887224.062233625,6000000000,23162,24362,1201,23161,679,1200,0,0.20383120929573004,0.20383120929573004
13,10,0,7000000,,0,8000000000,19201,27201,901,26300,0,8000,0.7999999999999999,0,0.7999999999999999
13,11,1,7000000,121.52730475082546,5948671.806406159,6000000000,27962,29162,1001,28161,1177,1200,0,0.3530199796429344,0.3530199796429344
13,16,1,4000000,122.44401700369032,5779386.013370558,5000000000,29162,30162,1501,28661,692,1000,0,0.20763451294372978,0.20763451294372978
13,19,1,3000000,123.15570713531709,5652002.382051245,9000000000,31762,33562,1801,31761,531,1800,0,0.15923560167951817,0.15923560167951817
13,271,1,2000000,246.32989302965242,366415.51521915436,6000000000,33840,35040,27001,8039,5458,1200,0,1.6374852457902553,1.6374852457902553
13,317,1,2000000,211.08383571462784,678083.3375263534,4000000000,35040,35840,31601,4239,2949,800,0,0.8848469897355076,0.8848469897355076
13,12,0,10000000,,0,10000000000,27201,37201,1101,36100,0,10000,0.9999999999999999,0,0.9999999999999999
13,323,1,2000000,207.91178441829604,720210.6484870414,10000000000,35840,37840,32201,5639,2777,2000,0,0.8330895985229184,0.8330895985229184
13,291,1,3000000,230.6058431610093,476682.0951490396,10000000000,37840,39840,29001,10839,6294,2000,0,1.8880507767312,1.8880507767312
13,297,1,3000000,225.95591450546277,517003.75179928454,8000000000,39840,41440,29601,11839,5803,1600,0,1.7407997463612324,1.7407997463612324
13,305,1,3000000,219.8428741169474,576712.0288194648,8000000000,41440,43040,30401,12639,5202,1600,0,1.5605708829106768,1.5605708829106768
13,333,1,2000000,201.94810026340923,808630.7121673166,8000000000,43040,44640,33201,11439,2473,1600,0,0.7419950676766429,0.7419950676766429
13,311,1,3000000,215.32622808195012,626427.7438766313,8000000000,44640,46240,31001,15239,4789,1600,0,1.4367179755327792,1.4367179755327792
13,14,0,7000000,,0,10000000000,37201,47201,1301,45900,0,10000,0.9999999999999999,0,0.9999999999999999
13,23,1,5000000,124.29094938892374,5455827.204225972,4000000000,47362,48162,2201,45961,916,800,0,0.27493539363529157,0.27493539363529157
13,318,1,3000000,210.48266175625963,685826.6027418816,10000000000,46240,48240,31701,16539,4374,2000,0,1.312285053396689,1.312285053396689
13,319,1,3000000,209.92025390609643,693170.5788106875,6000000000,48240,49440,31801,17639,4328,1200,0,1.2983817079256041,1.2983817079256041
13,17,1,9000000,122.66983859123647,5738590.612309821,7000000000,48162,49562,1601,47961,1568,1400,0,0.47049880056058435,0.47049880056058435
13,344,1,2000000,194.31928416912206,942414.9506334333,2000000000,49440,49840,34301,15539,2122,400,0,0.6366622256965649,0.6366622256965649
13,327,1,3000000,205.71187714859835,751353.9648797081,10000000000,49840,51840,32601,19239,3993,2000,0,1.1978375600161904,1.1978375600161904
13,332,1,3000000,202.6102911996328,798169.0229122485,6000000000,51840,53040,33101,19939,3759,1200,0,1.1275807180742303,1.1275807180742303
13,355,1,2000000,186.89947057174882,1100013.3416163735,2000000000,53040,53440,35401,18039,1818,400,0,0.5454479298572438,0.5454479298572438
13,15,0,9000000,,0,7000000000,47201,54201,1401,52800,0,7000,0.7,0,0.7
13,24,1,6000000,124.61589023876533,5401214.122556902,7000000000,53762,55162,2301,52861,1111,1400,0,0.33325840434333515,0.33325840434333515
13,299,1,4000000,224.41121273234097,531333.4402510475,9000000000,53440,55240,29801,25439,7528,1800,0,2.258468805262882,2.258468805262882
13,20,1,9000000,123.4234021569654,5604977.214810911,7000000000,55162,56562,1901,54661,1606,1400,0,0.48171471471201815,0.48171471471201815
13,283,1,4000000,236.84874603847916,428519.7518307721,8000000000,55240,56840,28201,28639,9334,1600,0,2.8003376620872666,2.8003376620872666
13,273,1,4000000,244.7426799722517,375988.5677800596,2000000000,56840,57240,27201,30039,10639,400,0,3.1915864013768602,3.1915864013768602
13,364,1,2000000,181.067007486179,1247463.5595184043,2000000000,57240,57640,36301,21339,1603,400,0,0.4809759735439775,0.4809759735439775
13,267,1,4000000,249.52213068182954,348065.7823183594,7000000000,57640,59040,26601,32439,11492,1400,0,3.4476241588793015,3.4476241588793015
13,370,1,2000000,177.3078184965344,1355648.103362461,2000000000,59040,59440,36901,22539,1475,400,0,0.44259273369822094,0.44259273369822094
13,28,1,5000000,126.0277461513932,5171544.11107355,5000000000,59162,60162,2701,57461,967,1000,0,0.2900487683723185,0.2900487683723185
13,360,1,3000000,183.62783067933898,1179872.7980378058,5000000000,59440,60440,35901,24539,2543,1000,0,0.7627940922926184,0.7627940922926184
13,362,1,3000000,182.3411143982618,1213249.2551301033,2000000000,60440,60840,36101,24739,2473,400,0,0.7418096456226451,0.7418096456226451
13,30,1,4000000,126.82745759495457,5046750.845198526,9000000000,60162,61962,2901,59061,793,1800,0,0.23777674721978376,0.23777674721978376
13,18,0,6000000,,0,8000000000,54201,62201,1701,60500,0,8000,0.7999999999999999,0,0.7999999999999999
13,314,1,5000000,213.09195503350196,652995.8235754236,7000000000,60840,62240,31301,30939,7657,1400,0,2.297105043929495,2.297105043929495
13,354,1,4000000,187.5603404240886,1084706.8465274116,8000000000,62240,63840,35301,28539,3688,1600,0,1.1062896890912866,1.1062896890912866
13,22,1,10000000,123.9872316006773,5507484.732494237,8000000000,62562,64162,2101,62061,1816,1600,0,0.5447132667113824,0.5447132667113824
13,334,1,5000000,201.28050526566153,819351.2710626943,7000000000,63840,65240,33301,31939,6102,1400,0,1.83071663275082,1.83071663275082
13,366,1,4000000,179.80351553848996,1282585.75259555,10000000000,65240,67240,36501,30739,3119,2000,0,0.935609956349178,0.935609956349178
13,358,1,5000000,184.9323792633405,1147191.7594909659,8000000000,67240,68840,35701,33139,4358,1600,0,1.3075407730139057,1.3075407730139057
13,359,1,5000000,184.28245847068564,1163330.5821586074,2000000000,68840,69240,35801,33439,4298,400,0,1.289401330116061,1.289401330116061
13,278,1,5000000,240.78808649931165,401233.7341878496,3000000000,69240,69840,27701,42139,12462,600,0,3.7384693065158126,3.7384693065158126
13,21,0,2000000,,0,8000000000,62201,70201,2001,68200,0,8000,0.7999999999999999,0,0.7999999999999999
13,315,1,6000000,212.3882732167668,661653.1471048726,2000000000,69840,70240,31401,38839,9068,400,0,2.7204586086774833,2.7204586086774833
13,26,1,9000000,125.29556297012275,5289125.967932143,2000000000,71162,71562,2501,69061,1702,400,0,0.5104813189116769,0.5104813189116769
13,322,1,6000000,208.41792845146503,713274.30069005,9000000000,70240,72040,32101,39939,8412,1800,0,2.5235733269215057,2.5235733269215057
13,390,1,3000000,165.65016872916243,1774296.40516023,2000000000,72040,72440,38901,33539,1691,400,0,0.5072433204409973,0.5072433204409973
13,336,1,6000000,199.90060955384808,842077.3199016791,9000000000,72440,74240,33501,40739,7125,1800,0,2.137570930196966,2.137570930196966
13,37,1,3000000,130.10209875324844,4572679.429270623,2000000000,73962,74362,3601,70761,656,400,0,0.19682114478415488,0.19682114478415488
13,397,1,2000000,161.97171666683045,1938829.169376879,10000000000,74240,76240,39601,36639,1032,2000,0,0.3094651191950213,0.3094651191950213
13,400,1,2000000,160.4549457012778,2012158.113664466,2000000000,76240,76640,39901,36739,994,400,0,0.298187302441806,0.298187302441806
13,361,1,6000000,182.9835621032665,1196439.8883967304,6000000000,76640,77840,36001,41839,5015,1200,0,1.5044633812836685,1.5044633812836685
13,405,1,2000000,158.015737190952,2137441.4204373173,8000000000,77840,79440,40401,39039,936,1600,0,0.28070944740896847,0.28070944740896847
13,25,0,6000000,,0,10000000000,70201,80201,2401,77800,0,10000,0.9999999999999999,0,0.9999999999999999
13,377,1,6000000,173.06522816556765,1492131.2733445484,5000000000,79440,80440,37601,42839,4021,1000,0,1.2063281777918755,1.2063281777918755
13,352,1,7000000,188.89060987778083,1054691.7118928644,8000000000,80440,82040,35101,46939,6637,1600,0,1.9911031596437898,1.9911031596437898
13,34,1,7000000,128.60454774229405,4782385.274571491,8000000000,82362,83962,3301,80661,1464,1600,0,0.439111422320144,0.439111422320144
13,393,1,5000000,164.05275523440622,1843530.3940006965,10000000000,82040,84040,39201,44839,2712,2000,0,0.813656235276278,0.813656235276278
13,285,1,6000000,235.28156005093132,440016.53398430184,8000000000,84040,85640,28401,57239,13636,1600,0,4.0907553716247795,4.0907553716247795
13,284,1,6000000,236.0644606881773,434225.7486489049,9000000000,85640,87440,28301,59139,13818,1800,0,4.145309221299536,4.145309221299536
13,45,1,2000000,134.7861673169766,3985758.176094908,4000000000,86762,87562,4401,83161,502,800,0,0.15053597671794952,0.15053597671794952
13,43,1,3000000,133.51332705014883,4135599.462158903,6000000000,87562,88762,4201,84561,725,1200,0,0.21762262236347565,0.21762262236347565
13,372,1,7000000,176.0810520754576,1393457.857635398,10000000000,87440,89440,37101,52339,5023,2000,0,1.5070423468446728,1.5070423468446728
13,373,1,7000000,175.47326662486228,1412675.6316873997,3000000000,89440,90040,37201,52839,4955,600,0,1.4865408257177988,1.4865408257177988
13,27,0,9000000,,0,10000000000,80201,90201,2601,87600,0,10000,0.9999999999999999,0,0.9999999999999999
13,35,1,8000000,129.08292877061632,4714138.323644132,6000000000,90162,91362,3401,87961,1697,1200,0,0.5091068261537025,0.5091068261537025
13,399,1,5000000,160.96198868055777,1987268.2387131723,9000000000,90040,91840,39801,52039,2516,1800,0,0.7548049985296922,0.7548049985296922
13,409,1,4000000,156.14238534107264,2240274.446161967,3000000000,91840,92440,40801,51639,1785,600,0,0.5356486577150569,0.5356486577150569
13,420,1,2000000,151.396469245488,2529564.8986418243,9000000000,92440,94240,41901,52339,791,1800,0,0.23719494222984847,0.23719494222984847
13,345,1,8000000,193.63287169279909,955760.6957071667,9000000000,94240,96040,34401,61639,8370,1800,0,2.511088822526063,2.511088822526063
13,29,0,2000000,,0,7000000000,90201,97201,2801,94400,0,7000,0.7,0,0.7
13,374,1,8000000,174.86085210818345,1432374.0460313866,9000000000,96040,97840,37301,60539,5585,1800,0,1.675539993655687,1.675539993655687
13,419,1,3000000,151.7968790851775,2503436.3599281064,10000000000,97840,99840,41801,58039,1198,2000,0,0.3595058434103139,0.3595058434103139
14,1,0,10000000,,0,4000000000,1,4001,1,4000,0,4000,0.39999999999999997,0,0.39999999999999997
14,12,1,2000000,198.71590374200045,862218.2078057363,8000000000,6372,7972,1101,6871,2320,1600,0,0.6958795286020961,0.6958795286020961
14,5,0,9000000,,0,4000000000,4001,8001,401,7600,0,4000,0.39999999999999997,0,0.39999999999999997
14,6,0,9000000,,0,2000000000,8001,10001,501,9500,0,2000,0.19999999999999998,0,0.19999999999999998
14,8,0,7000000,,0,3000000000,10001,13001,701,12300,0,3000,0.3,0,0.3
14,10,1,3000000,198.83515282766274,860163.9185665548,2000000000,14572,14972,901,14071,3488,400,0,1.0463121976795204,1.0463121976795204
14,9,0,10000000,,0,7000000000,13001,20001,801,19200,0,7000,0.7,0,0.7
14,11,0,10000000,,0,4000000000,20001,24001,1001,23000,0,4000,0.39999999999999997,0,0.39999999999999997
14,25,1,3000000,197.50532271308538,883422.6242808199,7000000000,30772,32172,2401,29771,3396,1400,0,1.018764943599532,1.018764943599532
14,15,0,4000000,,0,10000000000,24001,34001,1401,32600,0,10000,0.9999999999999999,0,0.9999999999999999
14,4,1,5000000,199.06340020204615,856248.9022779443,8000000000,37772,39372,301,39071,5839,1600,0,1.7518270633800939,1.7518270633800939
14,31,1,3000000,196.7388637254978,897184.1397570916,5000000000,39372,40372,3001,37371,3344,1000,0,1.003138553300408,1.003138553300408
14,20,0,8000000,,0,7000000000,34001,41001,1901,39100,0,7000,0.7,0,0.7
14,35,1,3000000,196.16885022857224,907591.9604046358,6000000000,43972,45172,3401,41771,3305,1200,0,0.9916350510627584,0.9916350510627584
14,21,0,8000000,,0,8000000000,41001,49001,2001,47000,0,8000,0.7999999999999999,0,0.7999999999999999
14,3,1,6000000,199.079271899412,855977.4889231876,9000000000,51972,53772,201,53571,7010,1800,0,2.102859039277288,2.102859039277288
14,53,1,2000000,193.54230881127774,957539.0118985185,3000000000,53772,54372,5201,49171,2089,600,0,0.6266063236529406,0.6266063236529406
14,17,1,5000000,198.33396179172138,868839.1361445839,4000000000,55372,56172,1601,54571,5755,800,0,1.726441567372472,1.726441567372472
14,22,0,7000000,,0,8000000000,49001,57001,2101,54900,0,8000,0.7999999999999999,0,0.7999999999999999
14,30,1,4000000,196.8753344124144,894714.4210373813,6000000000,56172,57372,2901,54471,4471,1200,0,1.3412100797578,1.3412100797578
14,23,0,7000000,,0,7000000000,57001,64001,2201,61800,0,7000,0.7,0,0.7
14,24,0,7000000,,0,4000000000,64001,68001,2301,65700,0,4000,0.39999999999999997,0,0.39999999999999997
14,60,1,2000000,192.70284118299867,974220.6856439733,8000000000,68372,69972,5901,64071,2053,1600,0,0.615876883791881,0.615876883791881
14,49,1,3000000,194.0990721255514,946671.0533846611,4000000000,69972,70772,4801,65971,3169,800,0,0.9506998199450626,0.9506998199450626
14,14,1,6000000,198.57718398647916,864615.6107329526,7000000000,74172,75572,1301,74271,6939,1400,0,2.0818499893543474,2.0818499893543474
14,2,1,7000000,199.08986237375322,855796.4465259667,9000000000,75572,77372,101,77271,8180,1800,0,2.4538545451138205,2.4538545451138205
14,26,0,4000000,,0,10000000000,68001,78001,2501,75500,0,10000,0.9999999999999999,0,0.9999999999999999
14,27,0,10000000,,0,2000000000,78001,80001,2601,77400,0,2000,0.19999999999999998,0,0.19999999999999998
14,28,0,10000000,,0,4000000000,80001,84001,2701,81300,0,4000,0.39999999999999997,0,0.39999999999999997
14,29,0,3000000,,0,4000000000,84001,88001,2801,85200,0,4000,0.39999999999999997,0,0.39999999999999997
14,56,1,3000000,193.15689296527836,965153.3691519,9000000000,86372,88172,5501,82671,3108,1800,0,0.9324942840854903,0.9324942840854903
14,57,1,3000000,193.03613262806525,967554.6344872674,7000000000,88572,89972,5601,84371,3101,1400,0,0.930180031101741,0.930180031101741
14,33,1,5000000,196.45323565673334,902380.7084265793,10000000000,90772,92772,3201,89571,5541,2000,0,1.6622695786742265,1.6622695786742265
14,32,0,6000000,,0,6000000000,88001,94001,3101,90900,0,6000,0.6,0,0.6
14,7,1,7000000,198.97640664159152,857738.4377311398,7000000000,93172,94572,601,93971,8161,1400,0,2.4482988142105975,2.4482988142105975
14,47,1,4000000,194.38880060332696,941076.3359034145,9000000000,94572,96372,4601,91771,4250,1800,0,1.2751356656397315,1.2751356656397315
15,1,1,4000000,154.75170596797955,2320596.4057487817,4000000000,1725,2525,1,2524,1724,800,0,0.517108445495846,0.517108445495846
15,12,1,2000000,154.16688425209875,2355437.4022838403,3000000000,2525,3125,1101,2024,849,600,0,0.25472975822589805,0.25472975822589805
15,6,1,4000000,154.62084109200802,2328337.025303427,9000000000,3125,4925,501,4424,1718,1800,0,0.5153893044515825,0.5153893044515825
15,4,1,5000000,154.70881842997827,2323129.676731004,10000000000,4925,6925,301,6624,2152,2000,0,0.6456807017810249,0.6456807017810249
15,18,1,2000000,153.4446392025476,2399363.835655609,5000000000,6925,7925,1701,6224,834,1000,0,0.25006628468918896,0.25006628468918896
15,23,1,2000000,152.64881132848694,2448945.893682167,2000000000,7925,8325,2201,6124,817,400,0,0.24500337126593544,0.24500337126593544
15,2,0,6000000,,0,9000000000,101,9101,101,9000,0,9000,0.8999999999999999,0,0.8999999999999999
15,22,1,4000000,152.8208238428259,2438122.4678761885,9000000000,8325,10125,2101,8024,1641,1800,0,0.49218200308260224,0.49218200308260224
15,3,0,9000000,,0,2000000000,9101,11101,201,10900,0,2000,0.19999999999999998,0,0.19999999999999998
15,20,1,6000000,153.1480858515704,2417693.3364275903,9000000000,10125,11925,1901,10024,2482,1800,0,0.7445112963167195,0.7445112963167195
15,35,1,3000000,150.19210531848876,2610214.3524089074,5000000000,11925,12925,3401,9524,1149,1000,0,0.3447992687533154,0.3447992687533154
15,5,0,5000000,,0,2000000000,11101,13101,401,12700,0,2000,0.19999999999999998,0,0.19999999999999998
15,13,1,8000000,154.0633067930193,2361675.403874177,9000000000,12925,14725,1201,13524,3387,1800,0,1.0162277153172505,1.0162277153172505
15,27,1,5000000,151.90099703425253,2496696.964018118,2000000000,14725,15125,2601,12524,2003,400,0,0.6007937773857583,0.6007937773857583
15,19,1,7000000,153.30305802559846,2408093.21410586,2000000000,15125,15525,1801,13724,2907,400,0,0.8720592656874137,0.8720592656874137
15,15,1,8000000,153.83651744628128,2375405.461917261,6000000000,15525,16725,1401,15324,3368,1200,0,1.0103538273684392,1.0103538273684392
15,25,1,6000000,152.28876911972196,2471793.70351274,6000000000,16725,17925,2401,15524,2427,1200,0,0.7282161118227489,0.7282161118227489
15,7,1,10000000,154.5635979136096,2331732.9906503824,3000000000,17925,18525,601,17924,4289,600,0,1.2865967124148379,1.2865967124148379
15,42,1,4000000,148.52343788102942,2727281.9537181654,9000000000,18525,20325,4101,16224,1467,1800,0,0.4399985114718384,0.4399985114718384
15,8,0,4000000,,0,9000000000,13101,22101,701,21400,0,9000,0.8999999999999999,0,0.8999999999999999
15,46,1,3000000,147.52264131312185,2800613.222348087,9000000000,20325,22125,4501,17624,1071,1800,0,0.3213581914197431,0.3213581914197431
15,39,1,5000000,149.25529437845753,2675154.8630810045,3000000000,22125,22725,3801,18924,1869,600,0,0.5607152022116708,0.5607152022116708
15,40,1,6000000,149.00828768897387,2692609.316815504,10000000000,22725,24725,3901,20824,2228,2000,0,0.6684965355942631,0.6684965355942631
15,36,1,7000000,149.97054644162634,2625395.412492517,5000000000,24725,25725,3501,22224,2666,1000,0,0.7998795114852002,0.7998795114852002
15,9,0,8000000,,0,4000000000,22101,26101,801,25300,0,4000,0.39999999999999997,0,0.39999999999999997
15,37,1,7000000,149.72994523474583,2642005.091990962,8000000000,25725,27325,3601,23724,2650,1600,0,0.7948508526217419,0.7948508526217419
15,10,0,3000000,,0,2000000000,26101,28101,901,27200,0,2000,0.19999999999999998,0,0.19999999999999998
15,38,1,7000000,149.49298478524003,2658490.6090282802,9000000000,27325,29125,3701,25424,2633,1800,0,0.7899219176732705,0.7899219176732705
15,58,1,2000000,144.61494874320564,3027932.5347314333,9000000000,29125,30925,5701,25224,661,1800,0,0.19815500943888034,0.19815500943888034
15,59,1,2000000,144.3916188703486,3046318.2284801174,2000000000,30925,31325,5801,25524,657,400,0,0.19695906829121876,0.19695906829121876
15,29,1,10000000,151.50023003282868,2522761.787351434,7000000000,31325,32725,2801,29924,3964,1400,0,1.1891729195524254,1.1891729195524254
15,44,1,7000000,148.02242330133637,2763692.1925982083,7000000000,32725,34125,4301,29824,2533,1400,0,0.7598530710562754,0.7598530710562754
15,63,1,2000000,143.56975238538237,3115176.4205266642,5000000000,34125,35125,6201,28924,642,1000,0,0.1926054640265162,0.1926054640265162
15,57,1,4000000,144.8387589701044,3009644.522361322,7000000000,35125,36525,5601,30924,1329,1400,0,0.3987181845178506,0.3987181845178506
15,11,0,4000000,,0,10000000000,28101,38101,1001,37100,0,10000,0.9999999999999999,0,0.9999999999999999
15,54,1,5000000,145.54394971966371,2952906.7397472626,8000000000,36525,38125,5301,32824,1693,1600,0,0.5079740514014283,0.5079740514014283
15,66,1,3000000,143.04746799576708,3159934.2141393498,9000000000,38125,39925,6501,33424,949,1800,0,0.2848160559713193,0.2848160559713193
15,14,0,5000000,,0,3000000000,38101,41101,1301,39800,0,3000,0.3,0,0.3
15,75,1,2000000,142.07009009640282,3245843.609837355,6000000000,39925,41125,7401,33724,616,1200,0,0.1848517895876275,0.1848517895876275
15,53,1,9000000,145.78306691793802,2933968.3524794043,7000000000,41125,42525,5201,37324,3068,1400,0,0.9202553250849878,0.9202553250849878
15,52,1,10000000,146.02632125750483,2914855.9679922136,5000000000,44525,45525,5101,40424,3431,1000,0,1.0292103736660563,1.0292103736660563
15,61,1,8000000,143.96651867708684,3081697.067648401,10000000000,46925,48925,6001,42924,2596,2000,0,0.7787916681347936,0.7787916681347936
15,16,0,2000000,,0,8000000000,41101,49101,1501,47600,0,8000,0.7999999999999999,0,0.7999999999999999
15,65,1,7000000,143.20727425658237,3146155.6621868904,6000000000,48925,50125,6401,43724,2225,1200,0,0.6674812773059968,0.6674812773059968
15,60,1,9000000,144.17841065846167,3063999.393962319,4000000000,51325,52125,5901,46224,2937,800,0,0.8812012186818352,0.8812012186818352
15,84,1,2000000,142.03617743377913,3248875.842898574,9000000000,52125,53925,8301,45624,616,1800,0,0.18467926415578056,0.18467926415578056
15,86,1,2000000,142.13709755021733,3239862.527035226,5000000000,53925,54925,8501,46424,617,1000,0,0.18519304291255084,0.18519304291255084
15,62,1,10000000,143.76010051471167,3099059.024216354,10000000000,54925,56925,6101,50824,3227,2000,0,0.9680357736195739,0.9680357736195739
15,17,0,9000000,,0,8000000000,49101,57101,1601,55500,0,8000,0.7999999999999999,0,0.7999999999999999
15,79,1,6000000,141.94479560730645,3257063.974210492,4000000000,56925,57725,7801,49924,1842,800,0,0.5526449631485417,0.5526449631485417
15,21,0,2000000,,0,4000000000,57101,61101,2001,59100,0,4000,0.39999999999999997,0,0.39999999999999997
15,85,1,5000000,142.08144037839705,3244829.526681076,3000000000,60525,61125,8401,52724,1541,600,0,0.46227389995869894,0.46227389995869894
15,95,1,3000000,143.1137910894684,3154206.7941728127,2000000000,63125,63525,9401,54124,951,400,0,0.28533322598337246,0.28533322598337246
15,24,0,9000000,,0,5000000000,61101,66101,2301,63800,0,5000,0.49999999999999994,0,0.49999999999999994
15,94,1,4000000,142.97353356478254,3166334.053664223,9000000000,64525,66325,9301,57024,1263,1800,0,0.37898717559864115,0.37898717559864115
15,81,1,9000000,141.94843606042303,3256737.290455253,3000000000,66325,66925,8001,58924,2764,600,0,0.8290505985585875,0.8290505985585875
15,96,1,5000000,143.2543755003665,3142108.727331518,2000000000,70125,70525,9501,61024,1591,400,0,0.47738640835446106,0.47738640835446106
15,97,1,5000000,143.39024269454322,3130470.9626430552,6000000000,70525,71725,9601,62124,1597,1200,0,0.4791611287566618,0.4791611287566618
15,26,0,4000000,,0,8000000000,66101,74101,2501,71600,0,8000,0.7999999999999999,0,0.7999999999999999
15,105,1,5000000,144.45522662749178,3041067.7005857676,8000000000,77525,79125,10401,68724,1644,1600,0,0.49324781546661106,0.49324781546661106
15,28,0,4000000,,0,7000000000,74101,81101,2701,78400,0,7000,0.7,0,0.7
15,114,1,3000000,145.22251134035662,2978603.5363956518,3000000000,80725,81325,11301,70024,1007,600,0,0.3021550162694938,0.3021550162694938
15,93,1,10000000,142.8445060196576,3177541.160547072,10000000000,81325,83325,9201,74124,3147,2000,0,0.9441262436655564,0.9441262436655564
15,30,0,4000000,,0,4000000000,81101,85101,2901,82200,0,4000,0.39999999999999997,0,0.39999999999999997
15,99,1,8000000,143.67399799546192,3106336.8272517333,10000000000,83925,85925,9801,76124,2575,2000,0,0.772614218440487,0.772614218440487
15,31,0,7000000,,0,3000000000,85101,88101,3001,85100,0,3000,0.3,0,0.3
15,107,1,6000000,144.68259121262653,3022390.8940086365,5000000000,88125,89125,10601,78524,1985,1000,0,0.5955549970614941,0.5955549970614941
15,118,1,3000000,145.34489327114318,2968787.5133721163,8000000000,91725,93325,11701,81624,1011,1600,0,0.3031540640568544,0.3031540640568544
15,32,0,10000000,,0,8000000000,88101,96101,3101,93000,0,8000,0.7999999999999999,0,0.7999999999999999
15,33,0,2000000,,0,3000000000,96101,99101,3201,95900,0,3000,0.3,0,0.3
15,106,1,8000000,144.5691951973172,3031688.027563233,4000000000,98525,99325,10501,88824,2639,800,0,0.7916381824844418,0.7916381824844418
16,1,0,4000000,,0,8000000000,1,8001,1,8000,0,8000,0.7999999999999999,0,0.7999999999999999
16,2,0,4000000,,0,2000000000,8001,10001,101,9900,0,2000,0.19999999999999998,0,0.19999999999999998
16,4,0,3000000,,0,4000000000,10001,14001,301,13700,0,4000,0.39999999999999997,0,0.39999999999999997
16,5,0,6000000,,0,8000000000,14001,22001,401,21600,0,8000,0.7999999999999999,0,0.7999999999999999
16,8,0,8000000,,0,9000000000,22001,31001,701,30300,0,9000,0.8999999999999999,0,0.8999999999999999
16,3,1,2000000,236.86473967224418,428404.3680956134,10000000000,34790,36790,201,36589,4668,2000,0,1.4005459437007632,1.4005459437007632
16,10,0,6000000,,0,9000000000,31001,40001,901,39100,0,9000,0.8999999999999999,0,0.8999999999999999
16,12,0,7000000,,0,3000000000,40001,43001,1101,41900,0,3000,0.3,0,0.3
16,18,0,8000000,,0,4000000000,43001,47001,1701,45300,0,4000,0.39999999999999997,0,0.39999999999999997
16,13,1,2000000,235.76892776614986,436400.44341944036,8000000000,47790,49390,1201,48189,4583,1600,0,1.3748840292156124,1.3748840292156124
16,19,0,7000000,,0,7000000000,47001,54001,1801,52200,0,7000,0.7,0,0.7
16,17,1,2000000,234.94779015772846,442514.5699732215,6000000000,54790,55990,1601,54389,4520,1200,0,1.3558875587674064,1.3558875587674064
16,21,0,6000000,,0,5000000000,54001,59001,2001,57000,0,5000,0.49999999999999994,0,0.49999999999999994
16,27,1,2000000,232.01704958903346,465227.08421661926,3000000000,60790,61390,2601,58789,4299,600,0,1.2896927551204815,1.2896927551204815
16,23,0,10000000,,0,5000000000,59001,64001,2201,61800,0,5000,0.49999999999999994,0,0.49999999999999994
16,25,0,2000000,,0,3000000000,64001,67001,2401,64600,0,3000,0.3,0,0.3
16,6,1,3000000,236.68137991823522,429729.51942573825,6000000000,69990,71190,501,70689,6981,1200,0,2.094340647583856,2.094340647583856
16,29,0,4000000,,0,10000000000,67001,77001,2801,74200,0,10000,0.9999999999999999,0,0.9999999999999999
16,31,0,10000000,,0,6000000000,77001,83001,3001,80000,0,6000,0.6,0,0.6
16,33,0,7000000,,0,5000000000,83001,88001,3201,84800,0,5000,0.49999999999999994,0,0.49999999999999994
16,34,0,2000000,,0,9000000000,88001,97001,3301,93700,0,9000,0.8999999999999999,0,0.8999999999999999
16,63,1,2000000,213.50447419199438,647986.2643815535,5000000000,98790,99790,6201,93589,3086,1000,0,0.9259455531401546,0.9259455531401546
17,2,1,2000000,103.66335128674936,10853341.115271615,5000000000,1962,2962,101,2861,184,1000,0,0.05528251564449096,0.05528251564449096
17,3,1,6000000,103.64252795064392,10861441.02191253,6000000000,4362,5562,201,5361,552,1200,0,0.16572386632386724,0.16572386632386724
17,1,0,3000000,,0,8000000000,1,8001,1,8000,0,8000,0.7999999999999999,0,0.7999999999999999
17,4,1,6000000,103.61131405401632,10873596.215762367,10000000000,6562,8562,301,8261,552,2000,0,0.16553860970032339,0.16553860970032339
17,7,1,3000000,103.44009135726822,10940563.164388798,3000000000,8562,9162,601,8561,274,600,0,0.08226267573953348,0.08226267573953348
17,5,0,8000000,,0,4000000000,8001,12001,401,11600,0,4000,0.39999999999999997,0,0.39999999999999997
17,8,0,4000000,,0,7000000000,12001,19001,701,18300,0,7000,0.7,0,0.7
17,11,1,8000000,103.0486977113248,11095501.797995754,2000000000,19562,19962,1001,18961,721,400,0,0.2163038719378628,0.2163038719378628
17,17,1,3000000,102.1732528600318,11451650.122945916,3000000000,22562,23162,1601,21561,262,600,0,0.07859129386049359,0.07859129386049359
17,9,0,9000000,,0,5000000000,19001,24001,801,23200,0,5000,0.49999999999999994,0,0.49999999999999994
17,16,1,6000000,102.34358797697097,11381297.212461721,10000000000,24962,26962,1501,25461,527,2000,0,0.15815420390121493,0.15815420390121493
17,10,0,8000000,,0,5000000000,24001,29001,901,28100,0,5000,0.49999999999999994,0,0.49999999999999994
17,19,1,5000000,101.80546350761341,11605334.316719422,4000000000,30162,30962,1801,29161,431,800,0,0.12925090816548038,0.12925090816548038
17,20,1,5000000,101.61326143766863,11686625.853845887,4000000000,30962,31762,1901,29861,428,800,0,0.12835184584149012,0.12835184584149012
17,21,1,4000000,101.40754459112004,11774386.623421727,5000000000,33562,34562,2001,32561,340,1000,0,0.10191613698270686,0.10191613698270686
17,18,1,8000000,101.9938233423966,11526321.162768789,8000000000,34562,36162,1701,34461,694,1600,0,0.20821908101539358,0.20821908101539358
17,23,1,3000000,100.97600903184875,11961048.341603415,9000000000,36762,38562,2201,36361,251,1800,0,0.07524424066321868,0.07524424066321868
17,12,0,7000000,,0,10000000000,29001,39001,1101,37900,0,10000,0.9999999999999999,0,0.9999999999999999
17,22,1,9000000,101.19345285145677,11866555.409778774,6000000000,42962,44162,2101,42061,758,1200,0,0.2275302231155499,0.2275302231155499
17,13,0,5000000,,0,8000000000,39001,47001,1201,45800,0,8000,0.7999999999999999,0,0.7999999999999999
17,28,1,8000000,99.75049724186842,12510668.100522593,4000000000,51162,51962,2701,49261,639,800,0,0.19183627770444553,0.19183627770444553
17,14,0,6000000,,0,5000000000,47001,52001,1301,50700,0,5000,0.49999999999999994,0,0.49999999999999994
17,15,0,5000000,,0,5000000000,52001,57001,1401,55600,0,5000,0.49999999999999994,0,0.49999999999999994
17,30,1,8000000,99.22043388334886,12757661.504077552,2000000000,57562,57962,2901,55061,627,400,0,0.1881222510279742,0.1881222510279742
17,36,1,3000000,97.48901579152391,13605739.137978695,3000000000,61962,62562,3501,59061,220,600,0,0.06614855619918246,0.06614855619918246
17,24,0,9000000,,0,9000000000,57001,66001,2301,63700,0,9000,0.8999999999999999,0,0.8999999999999999
17,37,1,6000000,97.18493967688615,13761486.42209458,9000000000,66162,67962,3601,64361,436,1800,0,0.13079982385551264,0.13079982385551264
17,35,1,9000000,97.78908170138423,13454085.92212509,4000000000,69962,70762,3401,67361,669,800,0,0.20068252987442878,0.20068252987442878
17,25,0,6000000,,0,7000000000,66001,73001,2401,70600,0,7000,0.7,0,0.7
17,39,1,6000000,96.55726798123484,14089694.388113525,10000000000,71562,73562,3801,69761,426,2000,0,0.12775294839031656,0.12775294839031656
17,40,1,7000000,96.243687065698,14257124.175030736,3000000000,77562,78162,3901,74261,491,600,0,0.14729478218881212,0.14729478218881212
17,26,0,4000000,,0,8000000000,73001,81001,2501,78500,0,8000,0.7999999999999999,0,0.7999999999999999
17,27,0,5000000,,0,3000000000,81001,84001,2601,81400,0,3000,0.3,0,0.3
17,45,1,7000000,94.69832575077557,15117309.736712808,7000000000,85362,86762,4401,82361,463,1400,0,0.1389136054347085,0.1389136054347085
17,29,0,2000000,,0,5000000000,84001,89001,2801,86200,0,5000,0.49999999999999994,0,0.49999999999999994
17,49,1,5000000,93.5603254590321,15789916.44881083,5000000000,91362,92362,4801,87561,317,1000,0,0.09499733610768839,0.09499733610768839
17,31,0,4000000,,0,6000000000,89001,95001,3001,92000,0,6000,0.6,0,0.6
17,53,1,4000000,92.5334280138805,16427160.113338916,6000000000,94762,95962,5201,90761,243,1200,0,0.07304975368357161,0.07304975368357161
18,1,1,3000000,138.59922438455416,3575163.048597572,7000000000,840,2240,1,2239,839,1400,0,0.25173677053779203,0.25173677053779203
18,4,0,3000000,,0,3000000000,301,3301,301,3000,0,3000,0.3,0,0.3
18,2,1,3000000,138.60859461086818,3574219.9508648743,6000000000,2240,3440,101,3339,839,1200,0,0.25180319408776786,0.25180319408776786
18,3,1,7000000,138.64607639598023,3570450.53432489,7000000000,3440,4840,201,4639,1961,1400,0,0.5881610681373222,0.5881610681373222
18,5,0,6000000,,0,2000000000,3301,5301,401,4900,0,2000,0.19999999999999998,0,0.19999999999999998
18,14,1,4000000,140.45622307324086,3394099.3717521974,7000000000,4840,6240,1301,4939,1179,1400,0,0.3535547633010233,0.3535547633010233
18,16,1,4000000,141.03496339560627,3339992.422000962,7000000000,6240,7640,1501,6139,1198,1400,0,0.3592822522875935,0.3592822522875935
18,11,1,6000000,139.7242749131303,3464086.1821322427,5000000000,7640,8640,1001,7639,1732,1000,0,0.5196175572318034,0.5196175572318034
18,15,1,5000000,140.73443963721172,3367954.8559499276,6000000000,8640,9840,1401,8439,1485,1200,0,0.44537414073411824,0.44537414073411824
18,10,1,7000000,139.51792214622466,3484137.632718992,8000000000,9840,11440,901,10539,2009,1600,0,0.6027316430554374,0.6027316430554374
18,23,1,5000000,143.6587191923971,3107630.4683954413,3000000000,11440,12040,2201,9839,1609,600,0,0.48268287212877437,0.48268287212877437
18,6,0,9000000,,0,7000000000,5301,12301,501,11800,0,7000,0.7,0,0.7
18,22,1,8000000,143.2351077773881,3143763.431676144,9000000000,12040,13840,2101,11739,2545,1800,0,0.7634162214045491,0.7634162214045491
18,30,1,6000000,147.19161728848553,2825403.2093984555,10000000000,13840,15840,2901,12939,2124,2000,0,0.6370772122054856,0.6370772122054856
18,33,1,5000000,148.987315567467,2694097.7634726055,3000000000,15840,16440,3201,13239,1856,600,0,0.5567726681405014,0.5567726681405014
18,39,1,5000000,153.07953814929024,2421954.794103427,9000000000,16440,18240,3801,14439,2064,1800,0,0.6193344333477862,0.6193344333477862
18,7,0,9000000,,0,7000000000,12301,19301,601,18700,0,7000,0.7,0,0.7
18,45,1,4000000,157.8626859013871,2145620.4199143196,6000000000,18240,19440,4401,15039,1864,1200,0,0.5592787936124877,0.5592787936124877
18,42,1,5000000,155.3773297492269,2284028.1352417683,5000000000,19440,20440,4101,16339,2189,1000,0,0.656734466995181,0.656734466995181
18,55,1,2000000,166.69047633263273,1730938.3565643856,3000000000,20440,21040,5401,15639,1155,600,0,0.34663279470615965,0.34663279470615965
18,44,1,5000000,157.01578551215798,2191585.993514518,3000000000,21040,21640,4301,17339,2281,600,0,0.6844358398159581,0.6844358398159581
18,58,1,2000000,168.86671223186647,1644409.788088792,7000000000,21640,23040,5701,17339,1216,1400,0,0.3648725544849422,0.3648725544849422
18,41,1,7000000,154.5888239815544,2330235.692903911,10000000000,23040,25040,4001,21039,3004,2000,0,0.9011963924486135,0.9011963924486135
18,8,0,5000000,,0,6000000000,19301,25301,701,24600,0,6000,0.6,0,0.6
18,40,1,9000000,153.82923161740095,2375848.1892136554,3000000000,25040,25640,3901,21739,3788,600,0,1.1364362471718492,1.1364362471718492
18,43,1,8000000,156.18837984946254,2237677.230520803,4000000000,25640,26440,4201,22239,3575,800,0,1.072540743260554,1.072540743260554
18,49,1,7000000,161.413558290498,1965422.058730545,10000000000,26440,28440,4801,23639,3562,2000,0,1.0684727947728327,1.0684727947728327
18,56,1,5000000,167.4590206587868,1699749.1208512501,7000000000,28440,29840,5501,24339,2942,1400,0,0.8824831744868243,0.8824831744868243
18,64,1,4000000,172.8040176037583,1501080.336180883,2000000000,29840,30240,6301,23939,2665,400,0,0.7994242353830939,0.7994242353830939
18,47,1,10000000,159.6085718249493,2054572.214668391,6000000000,30240,31440,4601,26839,4867,1200,0,1.4601579728285197,1.4601579728285197
18,9,0,9000000,,0,7000000000,25301,32301,801,31500,0,7000,0.7,0,0.7
18,60,1,6000000,170.11533558148136,1597184.4554366274,9000000000,31440,33240,5901,27339,3757,1800,0,1.126983169585086,1.126983169585086
18,61,1,8000000,170.7481051139368,1573894.9209068043,3000000000,33240,33840,6001,27839,5083,600,0,1.5248794364348242,1.5248794364348242
18,12,0,9000000,,0,4000000000,32301,36301,1101,35200,0,4000,0.39999999999999997,0,0.39999999999999997
18,73,1,2000000,166.6809077249101,1731331.1285253996,10000000000,42525,44525,7201,37324,1155,2000,0,0.3465541571536514,0.3465541571536514
18,13,0,10000000,,0,10000000000,36301,46301,1201,45100,0,10000,0.9999999999999999,0,0.9999999999999999
18,67,1,3000000,171.74561246215288,1538030.8630884697,7000000000,45525,46925,6601,40324,1951,1400,0,0.5851638101674627,0.5851638101674627
18,17,0,7000000,,0,3000000000,46301,49301,1601,47700,0,3000,0.3,0,0.3
18,18,0,9000000,,0,2000000000,49301,51301,1701,49600,0,2000,0.19999999999999998,0,0.19999999999999998
18,71,1,3000000,168.44525074931622,1660740.6403714602,6000000000,50125,51325,7001,44324,1806,1200,0,0.5419268837780087,0.5419268837780087
18,90,1,2000000,151.31902623265853,2534657.2701323116,6000000000,57725,58925,8901,50024,789,1200,0,0.23671839466038713,0.23671839466038713
18,19,0,2000000,,0,9000000000,51301,60301,1801,58500,0,9000,0.8999999999999999,0,0.8999999999999999
18,93,1,2000000,148.62085519872363,2720271.333387733,8000000000,58925,60525,9201,51324,735,1600,0,0.22056623272678483,0.22056623272678483
18,72,1,5000000,167.5710037566165,1695263.011504542,3000000000,61125,61725,7101,54624,2949,600,0,0.8848184557915608,0.8848184557915608
18,74,1,5000000,165.76920099946184,1769267.607564177,7000000000,61725,63125,7301,55824,2826,1400,0,0.8478084341718726,0.8478084341718726
18,20,0,3000000,,0,4000000000,60301,64301,1901,62400,0,4000,0.39999999999999997,0,0.39999999999999997
18,82,1,5000000,158.53253703893094,2110107.759705804,5000000000,63525,64525,8101,56424,2370,1000,0,0.7108641694247565,0.7108641694247565
18,97,1,4000000,145.0319137293582,2993970.9466359927,5000000000,66925,67925,9601,58324,1336,1000,0,0.40080549256775944,0.40080549256775944
18,84,1,6000000,156.7211593882588,2207862.341870074,4000000000,67925,68725,8301,60424,2718,800,0,0.8152682193380716,0.8152682193380716
18,103,1,3000000,139.65855970902757,3470456.309503254,7000000000,68725,70125,10201,59924,864,1400,0,0.25933189175599275,0.25933189175599275
18,21,0,7000000,,0,7000000000,64301,71301,2001,69300,0,7000,0.7,0,0.7
18,110,1,3000000,133.43425047565566,4145135.0266540907,9000000000,71725,73525,10901,62624,724,1800,0,0.21712199824922723,0.21712199824922723
18,107,1,4000000,136.09729791586605,3838327.7205755045,8000000000,73525,75125,10601,64524,1042,1600,0,0.31263614973973003,0.31263614973973003
18,108,1,4000000,135.20569995381115,3937837.7182273953,5000000000,75125,76125,10701,65424,1016,1000,0,0.304735767663929,0.304735767663929
18,81,1,8000000,159.42795394785693,2063766.4950347168,7000000000,76125,77525,8001,69524,3876,1400,0,1.1629222616871813,1.1629222616871813
18,101,1,7000000,141.45005655707604,3301838.865148962,6000000000,79125,80325,10001,70324,2120,1200,0,0.636009231754336,0.636009231754336
18,95,1,8000000,146.81875425162818,2853651.989178439,2000000000,80325,80725,9401,71324,2803,400,0,0.841027570671277,0.841027570671277
18,24,0,7000000,,0,10000000000,71301,81301,2301,79000,0,10000,0.9999999999999999,0,0.9999999999999999
18,83,1,9000000,157.62505289451926,2158396.4219174776,3000000000,83325,83925,8201,75724,4170,600,0,1.250928686029498,1.250928686029498
18,120,1,3000000,124.6093415438827,5402308.151111037,3000000000,85925,86525,11901,74624,555,600,0,0.16659545787200353,0.16659545787200353
18,94,1,9000000,147.71949769749423,2785998.2781332936,8000000000,86525,88125,9301,78824,3230,1600,0,0.9691319701062718,0.9691319701062718
18,25,0,7000000,,0,7000000000,81301,88301,2401,85900,0,7000,0.7,0,0.7
18,111,1,7000000,132.5487295299355,4253784.130207524,7000000000,89125,90525,11001,79524,1646,1400,0,0.4936780841997147,0.4936780841997147
18,118,1,5000000,126.37194941916503,5117374.2230201075,3000000000,90525,91125,11701,79424,977,600,0,0.29311907525784753,0.29311907525784753
18,100,1,9000000,142.33745325809363,3222059.6925317533,3000000000,91125,91725,9901,81824,2793,600,0,0.8379733020645742,0.8379733020645742
18,26,0,6000000,,0,5000000000,88301,93301,2501,90800,0,5000,0.49999999999999994,0,0.49999999999999994
18,109,1,8000000,134.32423831907624,4039353.50637242,5000000000,93325,94325,10801,83524,1981,1000,0,0.5941544844277179,0.5941544844277179
18,104,1,9000000,138.76736936326208,3558286.023447147,7000000000,94325,95725,10301,85424,2529,1400,0,0.7587922899419792,0.7587922899419792
18,77,1,10000000,163.04922569580026,1888742.5528267666,7000000000,95725,97125,7601,89524,5295,1400,0,1.5883583474677805,1.5883583474677805
18,69,1,10000000,170.13165989903234,1596578.2704917556,7000000000,97125,98525,6801,91724,6263,1400,0,1.879018433011732,1.879018433011732
19,1,0,8000000,,0,9000000000,1,9001,1,9000,0,9000,0.8999999999999999,0,0.8999999999999999
19,2,0,10000000,,0,5000000000,9001,14001,101,13900,0,5000,0.49999999999999994,0,0.49999999999999994
19,4,0,6000000,,0,2000000000,14001,16001,301,15700,0,2000,0.19999999999999998,0,0.19999999999999998
19,6,0,6000000,,0,9000000000,16001,25001,501,24500,0,9000,0.8999999999999999,0,0.8999999999999999
19,7,0,10000000,,0,6000000000,25001,31001,601,30400,0,6000,0.6,0,0.6
19,5,1,8000000,135.01949859187008,3959018.3319160575,3000000000,36162,36762,401,36361,2021,600,0,0.6062108833020899,0.6062108833020899
19,8,0,3000000,,0,6000000000,31001,37001,701,36300,0,6000,0.6,0,0.6
19,3,1,9000000,134.9107189959345,3971456.973246075,7000000000,38562,39962,201,39761,2266,1400,0,0.6798512531266709,0.6798512531266709
19,9,0,10000000,,0,4000000000,37001,41001,801,40200,0,4000,0.39999999999999997,0,0.39999999999999997
19,22,1,2000000,138.55878644099042,3579236.577719741,8000000000,40762,42362,2101,40261,559,1600,0,0.16763351261409154,0.16763351261409154
19,14,1,6000000,136.3478804382378,3810919.159453776,8000000000,44162,45762,1301,44461,1574,1600,0,0.4723269963716565,0.4723269963716565
19,10,0,6000000,,0,9000000000,41001,50001,901,49100,0,9000,0.8999999999999999,0,0.8999999999999999
19,18,1,6000000,137.33415088753418,3705353.5865336834,8000000000,49562,51162,1701,49461,1619,1600,0,0.48578359877494975,0.48578359877494975
19,26,1,3000000,140.0240465063055,3435209.828308887,9000000000,51962,53762,2501,51261,873,1800,0,0.261992729696823,0.261992729696823
19,15,1,8000000,136.57737001421577,3786028.71782988,5000000000,56562,57562,1401,56161,2113,1000,0,0.6339096131779106,0.6339096131779106
19,13,1,9000000,136.14041280971642,3833594.6067073196,6000000000,57962,59162,1201,57961,2348,1200,0,0.7042998222284735,0.7042998222284735
19,11,0,9000000,,0,10000000000,50001,60001,1001,59000,0,10000,0.9999999999999999,0,0.9999999999999999
19,12,0,9000000,,0,2000000000,60001,62001,1101,60900,0,2000,0.19999999999999998,0,0.19999999999999998
19,16,0,7000000,,0,3000000000,62001,65001,1501,63500,0,3000,0.3,0,0.3
19,25,1,6000000,139.6343030920411,3472811.2802987085,2000000000,70762,71162,2401,68761,1728,400,0,0.5183120690178061,0.5183120690178061
19,17,0,7000000,,0,7000000000,65001,72001,1601,70400,0,7000,0.7,0,0.7
19,37,1,2000000,145.3892447879141,2965240.0251609255,9000000000,74362,76162,3601,72561,674,1800,0,0.20234449653614048,0.20234449653614048
19,29,1,6000000,141.29814294604157,3315739.4464511313,2000000000,78162,78562,2801,75761,1810,400,0,0.5428653333803287,0.5428653333803287
19,19,0,9000000,,0,8000000000,72001,80001,1801,78200,0,8000,0.7999999999999999,0,0.7999999999999999
19,32,1,5000000,142.70602019536528,3189624.2979359375,10000000000,80362,82362,3101,79261,1568,2000,0,0.4702748223264654,0.4702748223264654
19,20,0,5000000,,0,3000000000,80001,83001,1901,81100,0,3000,0.3,0,0.3
19,31,1,6000000,142.22032379375318,3232452.6701945188,7000000000,83962,85362,3001,82361,1856,1400,0,0.5568527009218921,0.5568527009218921
19,43,1,2000000,149.15756534618015,2682044.005574609,3000000000,88762,89362,4201,85161,746,600,0,0.2237099759559889,0.2237099759559889
19,23,1,10000000,138.90121741727103,3544921.551139165,4000000000,89362,90162,2201,87961,2821,800,0,0.8462810690510051,0.8462810690510051
19,21,0,7000000,,0,9000000000,83001,92001,2001,90000,0,9000,0.8999999999999999,0,0.8999999999999999
19,27,1,10000000,140.43675943284939,3395937.752112549,9000000000,95962,97762,2601,95161,2945,1800,0,0.8834084188185595,0.8834084188185595
20,1,1,2000000,151.29657663014058,2536135.844803398,7000000000,790,2190,1,2189,789,1400,0,0.2365803871387308,0.2365803871387308
20,7,1,2000000,151.23230342754155,2540374.9071594067,7000000000,2190,3590,601,2989,787,1400,0,0.23618561115095696,0.23618561115095696
20,2,1,4000000,151.2953806300774,2536214.6456328,8000000000,4990,6590,101,6489,1577,1600,0,0.47314607305273765,0.47314607305273765
20,9,1,3000000,151.1796580231613,2543853.602845871,3000000000,7990,8590,801,7789,1179,600,0,0.353793944350079,0.353793944350079
20,4,1,5000000,151.2834564650081,2537000.4584741304,7000000000,8590,9990,301,9689,1971,1400,0,0.591249400444401,0.591249400444401
20,3,0,3000000,,0,10000000000,201,10201,201,10000,0,10000,0.9999999999999999,0,0.9999999999999999
20,5,1,5000000,151.26285069375098,2538359.1067219884,4000000000,10990,11790,401,11389,1970,800,0,0.5909329361743008,0.5909329361743008
20,10,0,5000000,,0,8000000000,10201,18201,901,17300,0,8000,0.7999999999999999,0,0.7999999999999999
20,6,1,8000000,151.24869718447164,2539292.8443906438,7000000000,19590,20990,501,20489,3150,1400,0,0.9451450254355873,0.9451450254355873
20,17,1,6000000,150.86572838123308,2564720.17358964,10000000000,21790,23790,1601,22189,2339,2000,0,0.7018309515929294,0.7018309515929294
20,11,0,4000000,,0,6000000000,18201,24201,1001,23200,0,6000,0.6,0,0.6
20,26,1,5000000,150.42210010500452,2594569.9280038704,10000000000,26990,28990,2501,26489,1927,2000,0,0.5781304962375878,0.5781304962375878
20,12,0,5000000,,0,5000000000,24201,29201,1101,28100,0,5000,0.49999999999999994,0,0.49999999999999994
20,8,1,10000000,151.21256859137074,2541678.253053896,8000000000,30190,31790,701,31089,3934,1600,0,1.1803224882596441,1.1803224882596441
20,33,1,4000000,151.83622821974998,2500886.7081348654,8000000000,32190,33790,3201,30589,1599,1600,0,0.4798298124007973,0.4798298124007973
20,22,1,7000000,150.59970949507175,2582568.0857587177,5000000000,33790,34790,2101,32689,2710,1000,0,0.8131440993096037,0.8131440993096037
20,13,0,6000000,,0,6000000000,29201,35201,1201,34000,0,6000,0.6,0,0.6
20,42,1,2000000,152.05376483336414,2486849.1139345844,8000000000,36790,38390,4101,34289,804,1600,0,0.24126916130054474,0.24126916130054474
20,27,1,6000000,150.48013722747595,2590640.5336754266,2000000000,38390,38790,2601,36189,2316,400,0,0.6948088615931138,0.6948088615931138
20,20,1,8000000,150.70868753990263,2575237.9441867555,8000000000,38790,40390,1901,38489,3107,1600,0,0.9319527173858513,0.9319527173858513
20,34,1,5000000,151.9646972161627,2492584.813922035,3000000000,40390,40990,3301,37689,2006,600,0,0.6017849389204046,0.6017849389204046
20,14,0,6000000,,0,6000000000,35201,41201,1301,39900,0,6000,0.6,0,0.6
20,15,0,7000000,,0,5000000000,41201,46201,1401,44800,0,5000,0.49999999999999994,0,0.49999999999999994
20,19,1,10000000,150.76214511607347,2571651.6580875297,10000000000,45790,47790,1801,45989,3889,2000,0,1.1665654602035105,1.1665654602035105
20,25,1,9000000,150.43532829757777,2593673.66713935,4000000000,51390,52190,2401,49789,3470,800,0,1.0409944914072096,1.0409944914072096
20,16,0,4000000,,0,10000000000,46201,56201,1501,54700,0,10000,0.9999999999999999,0,0.9999999999999999
20,31,1,8000000,151.2600310723226,2538545.0893753823,6000000000,55990,57190,3001,54189,3151,1200,0,0.9454234277912819,0.9454234277912819
20,50,1,4000000,149.45331879888116,2661262.6145396065,6000000000,57990,59190,4901,54289,1503,1200,0,0.45091378560082385,0.45091378560082385
20,18,0,6000000,,0,6000000000,56201,62201,1701,60500,0,6000,0.6,0,0.6
20,56,1,4000000,148.35175260171346,2739691.6973994714,7000000000,61390,62790,5501,57289,1460,1400,0,0.4380054884055187,0.4380054884055187
20,55,1,5000000,148.18924387417596,2751502.4962131814,10000000000,63590,65590,5401,60189,1817,2000,0,0.5451566924123854,0.5451566924123854
20,41,1,8000000,152.08905943558204,2484580.7604221324,2000000000,65590,65990,4001,61989,3220,400,0,0.9659577334858851,0.9659577334858851
20,39,1,9000000,152.14613632951708,2480917.8923213687,4000000000,67390,68190,3801,64389,3628,800,0,1.0883068755949994,1.0883068755949994
20,49,1,7000000,150.030664199023,2621265.416936982,2000000000,69590,69990,4801,65189,2670,400,0,0.8011397802111568,0.8011397802111568
20,21,0,9000000,,0,8000000000,62201,70201,2001,68200,0,8000,0.7999999999999999,0,0.7999999999999999
20,44,1,8000000,151.70002109426352,2509726.0470391745,9000000000,71190,72990,4301,68689,3188,1800,0,0.9562796715726711,0.9562796715726711
20,47,1,8000000,150.8890218007924,2563164.6306692385,10000000000,74390,76390,4601,71789,3121,2000,0,0.9363425085080718,0.9363425085080718
20,38,1,10000000,152.1777634873111,2478891.1190991825,9000000000,76390,78190,3701,74489,4034,1800,0,1.2102185436406687,1.2102185436406687
20,58,1,6000000,148.69025657385893,2715290.4588452745,9000000000,78190,79990,5701,74289,2210,1800,0,0.6629125050457703,0.6629125050457703
20,23,0,9000000,,0,10000000000,70201,80201,2201,78000,0,10000,0.9999999999999999,0,0.9999999999999999
20,71,1,3000000,149.8306527383499,2635037.07923897,7000000000,81190,82590,7001,75589,1139,1400,0,0.341551170983875,0.341551170983875
20,51,1,9000000,148.87540092305377,2702057.858160033,8000000000,82590,84190,5001,79189,3331,1600,0,0.9992384107713245,0.9992384107713245
20,74,1,3000000,149.9462520371883,2627066.6824734192,6000000000,87590,88790,7301,81489,1142,1200,0,0.3425874211737319,0.3425874211737319
20,24,0,4000000,,0,9000000000,80201,89201,2301,86900,0,9000,0.8999999999999999,0,0.8999999999999999
20,54,1,9000000,148.02836552498985,2763256.8452612516,10000000000,88790,90790,5301,85489,3257,2000,0,0.9771078662594352,0.9771078662594352
20,28,0,3000000,,0,2000000000,89201,91201,2701,88500,0,2000,0.19999999999999998,0,0.19999999999999998
20,72,1,4000000,149.86140063405253,2632914.1429687603,4000000000,90790,91590,7101,84489,1519,800,0,0.45576875463433525,0.45576875463433525
20,59,1,9000000,148.856506072123,2703404.6494670403,2000000000,95590,95990,5801,90189,3329,400,0,0.9987406067871817,0.9987406067871817
20,29,0,5000000,,0,5000000000,91201,96201,2801,93400,0,5000,0.49999999999999994,0,0.49999999999999994
20,60,1,9000000,149.0240799334121,2691489.1705570165,10000000000,95990,97990,5901,92089,3344,2000,0,1.003162126578879,1.003162126578879
