vehicle_id,task_id,execution_location,size,distance,transfer_rate,execution_cycles,start_time,end_time,release_time,response_time,transmission_time,execution_time,execution_energy,transfer_energy,total_energy
1,1,0,4000000,180.12362227092814,0,10000000000,1,10001,1,10000,0,10000,0.9999999999999999,0,0.9999999999999999
1,5,1,4000000,153.93124861443826,2369658.356585026,4000000000,13689,14489,12001,2488,1688,800,0,0.5064021134799154,0.5064021134799154
1,3,1,10000000,183.89026211303306,1173206.3323137874,6000000000,15489,16689,6001,10688,8524,1200,0,2.5570949605116993,2.5570949605116993
1,6,1,8000000,134.19435792908735,4054582.2074223715,3000000000,16974,17574,15001,2573,1973,600,0,0.5919228855704365,0.5919228855704365
1,7,1,5000000,115.7584813307431,7164544.909383026,2000000000,18699,19099,18001,1098,698,400,0,0.20936430980222195,0.20936430980222195
1,2,0,9000000,178.2195253051696,0,10000000000,10001,20001,3001,17000,0,10000,0.9999999999999999,0,0.9999999999999999
1,8,1,7000000,105.52037954821806,10159196.118005317,9000000000,21690,23490,21001,2489,689,1800,0,0.20670926868693223,0.20670926868693223
1,9,1,9000000,92.84315914487185,16231834.682887789,10000000000,24555,26555,24001,2554,554,2000,0,0.16633979169627952,0.16633979169627952
1,4,0,3000000,174.2800496327678,0,8000000000,20001,28001,9001,19000,0,8000,0.7999999999999999,0,0.7999999999999999
1,10,1,10000000,78.80699524788392,28577460.437299713,2000000000,28453,28853,27001,1852,350,400,0,0.10497783757175136,0.10497783757175136
1,11,1,4000000,69.22982666452369,43048520.651141025,2000000000,30094,30494,30001,493,93,400,0,0.027875522360562077,0.027875522360562077
1,12,1,3000000,67.05641281786552,47330635.66949557,8000000000,33064,34664,33001,1663,63,1600,0,0.019015168236585653,0.019015168236585653
1,14,1,10000000,72.3964867932139,37532255.61956763,5000000000,39267,40267,39001,1266,266,1000,0,0.07993124714934358,0.07993124714934358
1,13,0,5000000,66.61727403609366,0,6000000000,36001,42001,36001,6000,0,6000,0.6,0,0.6
1,15,1,8000000,83.9798862823712,23074554.17041278,2000000000,42348,42748,42001,747,347,400,0,0.1040106769680251,0.1040106769680251
1,16,0,9000000,99.35792670944781,0,8000000000,45001,53001,45001,8000,0,8000,0.7999999999999999,0,0.7999999999999999
1,18,1,4000000,135.67610290688629,3884946.4135141578,8000000000,52031,53631,51001,2630,1030,1600,0,0.30888456937930603,0.30888456937930603
1,17,0,10000000,116.67081211682725,0,5000000000,53001,58001,48001,10000,0,5000,0.49999999999999994,0,0.49999999999999994
1,19,1,7000000,155.56204324963076,2273368.128798877,7000000000,57993,59393,54001,5392,3079,1400,0,0.9237395270028373,0.9237395270028373
1,20,0,8000000,176.06610690306067,0,2000000000,58001,60001,57001,3000,0,2000,0.19999999999999998,0,0.19999999999999998
1,21,0,8000000,196.22274893599877,0,2000000000,60001,62001,60001,2000,0,2000,0.19999999999999998,0,0.19999999999999998
1,23,0,10000000,193.24822638254668,0,2000000000,66001,68001,66001,2000,0,2000,0.19999999999999998,0,0.19999999999999998
1,22,1,5000000,198.36412679716057,868313.9305856697,10000000000,68759,70759,63001,7758,5758,2000,0,1.7274858172415406,1.7274858172415406
1,24,1,10000000,192.04401578804794,987566.6976269817,3000000000,79977,80577,69001,11576,10126,600,0,3.0377695068178006,3.0377695068178006
1,26,0,6000000,201.5371402496324,0,8000000000,75001,83001,75001,8000,0,8000,0.7999999999999999,0,0.7999999999999999
1,25,1,10000000,194.85996253720256,932065.7250025843,10000000000,82730,84730,72001,12729,10729,2000,0,3.2186571392180334,3.2186571392180334
1,28,0,9000000,224.82935239865807,0,2000000000,83001,85001,81001,4000,0,2000,0.19999999999999998,0,0.19999999999999998
1,29,0,8000000,240.4917597340915,0,2000000000,85001,87001,84001,3000,0,2000,0.19999999999999998,0,0.19999999999999998
1,27,1,9000000,211.68817161098065,670408.8722192334,5000000000,91961,92961,78001,14960,13425,1000,0,4.0273930013221255,4.0273930013221255
1,30,0,8000000,249.97665971046177,0,10000000000,87001,97001,87001,10000,0,10000,0.9999999999999999,0,0.9999999999999999
1,31,0,2000000,233.35631660617204,0,5000000000,97001,102001,90001,12000,0,5000,0.49999999999999994,0,0.49999999999999994
1,33,0,5000000,209.20176528891915,0,4000000000,102001,106001,96001,10000,0,4000,0.39999999999999997,0,0.39999999999999997
1,34,0,7000000,220.17305579929618,0,3000000000,106001,109001,99001,10000,0,3000,0.3,0,0.3
1,37,0,2000000,222.8499192281657,0,3000000000,109001,112001,108001,4000,0,3000,0.3,0,0.3
1,32,1,10000000,219.02614113388384,585327.3349104042,4000000000,111514,112314,93001,19313,17084,800,0,5.1253372618574335,5.1253372618574335
1,38,0,5000000,206.75429209571445,0,2000000000,112001,114001,111001,3000,0,2000,0.19999999999999998,0,0.19999999999999998
1,39,0,5000000,177.13851077617196,0,4000000000,114001,118001,114001,4000,0,4000,0.39999999999999997,0,0.39999999999999997
1,35,1,7000000,240.65468123433624,402121.68159886874,5000000000,119409,120409,102001,18408,17408,1000,0,5.222299856228164,5.222299856228164
1,40,0,5000000,146.23604001750044,0,3000000000,118001,121001,117001,4000,0,3000,0.3,0,0.3
1,41,0,6000000,118.07586925362858,0,2000000000,121001,123001,120001,3000,0,2000,0.19999999999999998,0,0.19999999999999998
1,42,1,8000000,88.23129433483335,19444915.924015187,9000000000,123412,125212,123001,2211,411,1800,0,0.12342557866428785,0.12342557866428785
1,43,1,2000000,66.34530880175329,48827119.30823293,5000000000,128412,129412,126001,3411,41,1000,0,0.012288253095832988,0.012288253095832988
1,44,0,3000000,38.68715161394029,0,2000000000,129001,131001,129001,2000,0,2000,0.19999999999999998,0,0.19999999999999998
1,36,1,9000000,243.55827988389146,383336.1305748733,10000000000,132412,134412,105001,29411,23478,2000,0,7.043426863914242,7.043426863914242
1,45,1,5000000,8.699522975428026,583854136.1872844,6000000000,136212,137412,132001,5411,9,1200,0,0.002569134835278175,0.002569134835278175
1,46,1,2000000,22.301569451498256,313150139.59597087,3000000000,138812,139412,135001,4411,6,600,0,0.001916013835325526,0.001916013835325526
1,47,0,3000000,52.5495290178704,0,6000000000,138001,144001,138001,6000,0,6000,0.6,0,0.6
1,49,1,6000000,113.2194881634783,7794461.920931889,8000000000,145308,146908,144001,2907,770,1600,0,0.23093319567911827,0.23093319567911827
1,50,1,7000000,125.02979844820993,5332612.6578746,10000000000,148314,150314,147001,3313,1313,2000,0,0.3938032133083878,0.3938032133083878
1,48,0,2000000,82.88216032416142,0,7000000000,144001,151001,141001,10000,0,7000,0.7,0,0.7
1,51,1,9000000,131.4272422293034,4396452.426442074,7000000000,152048,153448,150001,3447,2047,1400,0,0.6141315174391719,0.6141315174391719
1,52,1,8000000,144.1366969234414,3067473.4781364095,3000000000,157648,158248,153001,5247,2608,600,0,0.7824028527405813,0.7824028527405813
1,53,1,4000000,124.8780048687518,5357646.644370048,10000000000,158848,160848,156001,4847,747,2000,0,0.22397893695751483,0.22397893695751483
1,54,1,3000000,127.83488921260896,4894746.959842024,4000000000,160848,161648,159001,2647,613,800,0,0.18387058766957118,0.18387058766957118
1,55,1,5000000,137.6231404960663,3675105.5766043887,10000000000,164234,166234,162001,4233,1361,2000,0,0.40815153979492586,0.40815153979492586
1,56,1,10000000,151.1376197377741,2546635.6345836003,3000000000,171634,172234,165001,7233,3927,600,0,1.1780248258760146,1.1780248258760146
1,57,1,9000000,168.80238149978808,1646889.5500744171,9000000000,174834,176634,168001,8633,5465,1800,0,1.6394542061900852,1.6394542061900852
1,58,1,6000000,190.16259700582552,1026952.39884013,7000000000,178034,179434,171001,8433,5843,1400,0,1.7527589419265903,1.7527589419265903
1,59,1,4000000,213.49964871165477,648044.5866694743,10000000000,183234,185234,174001,11233,6172,2000,0,1.851724441009863,1.851724441009863
1,61,0,8000000,234.13914345961035,0,9000000000,180001,189001,180001,9000,0,9000,0.8999999999999999,0,0.8999999999999999
1,64,1,2000000,172.2073198211969,1521774.6089535905,5000000000,190315,191315,189001,2314,1314,1000,0,0.39427652194340046,0.39427652194340046
1,62,1,6000000,214.07004577941302,641195.67829292,10000000000,192359,194359,183001,11358,9358,2000,0,2.8072553526751918,2.8072553526751918
1,63,0,2000000,192.23506573983843,0,6000000000,189001,195001,186001,9000,0,6000,0.6,0,0.6
1,60,1,8000000,234.7241855881068,444197.99757245864,5000000000,196159,197159,177001,20158,18010,1000,0,5.4029959907878835,5.4029959907878835
1,65,1,10000000,156.38601120304847,2226559.738239588,9000000000,199159,200959,192001,8958,4491,1800,0,1.3473700922895184,1.3473700922895184
1,66,0,8000000,142.03217945240436,0,6000000000,195001,201001,195001,6000,0,6000,0.6,0,0.6
1,67,0,2000000,132.1549155347617,0,3000000000,201001,204001,198001,6000,0,3000,0.3,0,0.3
1,68,1,9000000,127.80933807824839,4898532.303663283,8000000000,202838,204438,201001,3437,1837,1600,0,0.5511855046828724,0.5511855046828724
1,69,0,4000000,141.0629735260107,0,10000000000,204001,214001,204001,10000,0,10000,0.9999999999999999,0,0.9999999999999999
1,71,1,7000000,174.43828392872936,1446165.2737232689,2000000000,214841,215241,210001,5240,4840,400,0,1.45211618489039,1.45211618489039
1,72,1,10000000,166.15556836892344,1753066.019871476,6000000000,219164,220364,213001,7363,5704,1200,0,1.7112875191203245,1.7112875191203245
1,70,0,3000000,163.5409578668292,0,9000000000,214001,223001,207001,16000,0,9000,0.8999999999999999,0,0.8999999999999999
1,74,1,10000000,163.366319968346,1874309.3024219077,8000000000,224336,225936,219001,6935,5335,1600,0,1.6005896124633858,1.6005896124633858
1,75,1,7000000,171.9222815693184,1531785.1634042677,6000000000,226936,228136,222001,6135,4570,1200,0,1.370949432185987,1.370949432185987
1,73,0,5000000,161.04644299083418,0,6000000000,223001,229001,216001,13000,0,6000,0.6,0,0.6
1,76,1,5000000,176.60684075086107,1377094.2563677265,8000000000,228632,230232,225001,5231,3631,1600,0,1.0892500590021006,1.0892500590021006
1,77,0,9000000,187.8779736956943,0,4000000000,229001,233001,228001,5000,0,4000,0.39999999999999997,0,0.39999999999999997
1,80,0,4000000,163.05261635435352,0,3000000000,237001,240001,237001,3000,0,3000,0.3,0,0.3
1,78,1,8000000,208.29083441188672,715008.1783292516,5000000000,242190,243190,231001,12189,11189,1000,0,3.3566049630481745,3.3566049630481745
1,81,0,8000000,150.31483293407868,0,7000000000,240001,247001,240001,7000,0,7000,0.7,0,0.7
1,85,0,6000000,149.80448925182446,0,7000000000,252001,259001,252001,7000,0,7000,0.7,0,0.7
1,86,0,9000000,149.80448925182446,0,4000000000,259001,263001,255001,8000,0,4000,0.39999999999999997,0,0.39999999999999997
1,87,0,2000000,149.80448925182446,0,9000000000,263001,272001,258001,14000,0,9000,0.8999999999999999,0,0.8999999999999999
1,89,0,7000000,140.11161158162443,0,9000000000,272001,281001,264001,17000,0,9000,0.8999999999999999,0,0.8999999999999999
1,90,0,6000000,139.6827011479947,0,5000000000,281001,286001,267001,19000,0,5000,0.49999999999999994,0,0.49999999999999994
1,91,0,6000000,148.11088413752714,0,3000000000,286001,289001,270001,19000,0,3000,0.3,0,0.3
1,97,1,8000000,97.37861828964304,13662042.321799204,10000000000,288587,290587,288001,2586,586,2000,0,0.17566919670352296,0.17566919670352296
1,98,1,7000000,110.89331269287611,8431335.103938347,2000000000,291831,292231,291001,1230,830,400,0,0.24907087360566094,0.24907087360566094
1,93,0,8000000,150.05387965660867,0,7000000000,289001,296001,276001,20000,0,7000,0.7,0,0.7
1,79,1,2000000,184.02722624655303,1169745.6814002832,10000000000,296458,298458,234001,64457,1710,2000,0,0.512932006965608,0.512932006965608
1,94,0,5000000,124.8297312341896,0,10000000000,296001,306001,279001,27000,0,10000,0.9999999999999999,0,0.9999999999999999
1,82,1,2000000,149.80448925182446,2636845.1596287237,2000000000,312858,313258,243001,70257,758,400,0,0.2275446466050672,0.2275446466050672
1,104,1,4000000,181.14287951779946,1245392.789615287,7000000000,312213,313613,309001,4612,3212,1400,0,0.9635514273136998,0.9635514273136998
1,95,0,9000000,105.42162207061703,0,10000000000,306001,316001,282001,34000,0,10000,0.9999999999999999,0,0.9999999999999999
1,106,1,8000000,125.25435122182382,5295840.900646817,3000000000,316512,317112,315001,2111,1511,600,0,0.45318581978300587,0.45318581978300587
1,83,1,6000000,149.80448925182446,2636845.1596287237,4000000000,318458,319258,246001,73257,2275,800,0,0.6826339398152017,0.6826339398152017
1,84,1,4000000,149.80448925182446,2636845.1596287237,8000000000,319658,321258,249001,72257,1517,1600,0,0.4550892932101344,0.4550892932101344
1,108,1,7000000,72.39684661641006,37531673.868531056,3000000000,321188,321788,321001,787,187,600,0,0.05595274027361657,0.05595274027361657
1,96,0,6000000,95.3646921035244,0,9000000000,316001,325001,285001,40000,0,9000,0.8999999999999999,0,0.8999999999999999
1,88,1,7000000,146.43006692616103,2883472.0233555757,8000000000,328658,330258,261001,69257,2428,1600,0,0.7282886683104254,0.7282886683104254
1,92,1,4000000,163.75523808416025,1856793.120034616,4000000000,331858,332658,273001,59657,2154,800,0,0.6462755527538946,0.6462755527538946
1,99,0,7000000,129.6935314501074,0,8000000000,325001,333001,294001,39000,0,8000,0.7999999999999999,0,0.7999999999999999
1,100,0,5000000,147.30427726308562,0,2000000000,333001,335001,297001,38000,0,2000,0.19999999999999998,0,0.19999999999999998
1,114,1,3000000,90.45699364891576,17809902.68611666,2000000000,339169,339569,339001,568,168,400,0,0.050533684313815844,0.050533684313815844
1,101,0,9000000,168.15393245476,0,8000000000,335001,343001,300001,43000,0,8000,0.7999999999999999,0,0.7999999999999999
1,115,1,4000000,117.66398471919955,6732067.593801108,7000000000,342595,343995,342001,1994,594,1400,0,0.1782513296665293,0.1782513296665293
1,102,0,6000000,186.11618951611925,0,4000000000,343001,347001,303001,44000,0,4000,0.39999999999999997,0,0.39999999999999997
1,117,1,5000000,135.88169928286888,3862104.098759152,4000000000,349296,350096,348001,2095,1295,800,0,0.3883893239651236,0.3883893239651236
1,103,0,3000000,206.1724853126624,0,4000000000,347001,351001,306001,45000,0,4000,0.39999999999999997,0,0.39999999999999997
1,118,1,9000000,145.40675121877936,2963841.2014637645,4000000000,354038,354838,351001,3837,3037,800,0,0.9109799805288286,0.9109799805288286
1,105,0,10000000,153.19818569421767,0,5000000000,351001,356001,312001,44000,0,5000,0.49999999999999994,0,0.49999999999999994
1,107,0,8000000,97.97578884602049,0,4000000000,356001,360001,318001,42000,0,4000,0.39999999999999997,0,0.39999999999999997
1,120,1,9000000,175.16604693832656,1422515.0331726247,2000000000,363328,363728,357001,6727,6327,400,0,1.8980467250164732,1.8980467250164732
1,121,1,8000000,168.43198864823742,1661257.782076116,3000000000,364817,365417,360001,5416,4816,600,0,1.4446884919934937,1.4446884919934937
1,109,0,2000000,44.67966539713566,0,7000000000,360001,367001,324001,43000,0,7000,0.7,0,0.7
1,110,0,7000000,18.256048312819484,0,7000000000,367001,374001,327001,47000,0,7000,0.7,0,0.7
1,125,1,2000000,155.56466597527853,2273217.212694792,6000000000,372881,374081,372001,2080,880,1200,0,0.26394310083932904,0.26394310083932904
1,126,1,10000000,142.16461620248558,3237410.1511096973,5000000000,378090,379090,375001,4089,3089,1000,0,0.9266666440060678,0.9266666440060678
1,111,0,5000000,11.973641885408119,0,8000000000,374001,382001,330001,52000,0,8000,0.7999999999999999,0,0.7999999999999999
1,128,1,3000000,126.75888686794309,5057305.624106212,5000000000,381594,382594,381001,1593,593,1000,0,0.17796037394102693,0.17796037394102693
1,129,1,10000000,125.61346424647317,5237676.455079867,4000000000,385910,386710,384001,2709,1909,800,0,0.5727730656387507,0.5727730656387507
1,130,1,10000000,129.71933471923145,4625187.782643488,10000000000,389163,391163,387001,4162,2162,2000,0,0.648622313510777,0.648622313510777
1,131,1,5000000,138.54936809671852,3580186.1582653713,3000000000,391398,391998,390001,1997,1397,600,0,0.41897262703422156,0.41897262703422156
1,112,0,8000000,35.42965565737266,0,10000000000,382001,392001,333001,59000,0,10000,0.9999999999999999,0,0.9999999999999999
1,132,1,7000000,149.69770205317118,2644240.8305844464,4000000000,395648,396448,393001,3447,2647,800,0,0.794178796314799,0.794178796314799
1,113,0,3000000,62.63594894307891,0,5000000000,392001,397001,336001,61000,0,5000,0.49999999999999994,0,0.49999999999999994
1,134,1,3000000,156.12633986614816,2241181.379547167,6000000000,401406,402606,399001,3605,1339,1200,0,0.4015739235625123,0.4015739235625123
1,116,0,6000000,131.725290662044,0,7000000000,397001,404001,345001,59000,0,7000,0.7,0,0.7
1,135,1,6000000,161.08991340242255,1981049.0255701027,10000000000,405030,407030,402001,5029,3029,2000,0,0.9086095178699575,0.9086095178699575
1,119,0,6000000,159.33459793779875,0,7000000000,404001,411001,354001,57000,0,7000,0.7,0,0.7
1,138,1,4000000,192.66557813994697,974969.5201841989,3000000000,415104,415704,411001,4703,4103,600,0,1.2308077074791903,1.2308077074791903
1,137,1,10000000,181.62310563361697,1232384.6940811772,2000000000,416115,416515,408001,8514,8114,400,0,2.4343048192729255,2.4343048192729255
1,122,0,10000000,151.33535740202944,0,10000000000,411001,421001,363001,58000,0,10000,0.9999999999999999,0,0.9999999999999999
1,139,1,5000000,207.07638421606651,731844.1235832039,5000000000,421823,422823,414001,8822,6832,1000,0,2.0496167854102665,2.0496167854102665
1,123,0,5000000,137.97281181450205,0,6000000000,421001,427001,366001,61000,0,6000,0.6,0,0.6
1,124,0,6000000,168.86714097183028,0,4000000000,427001,431001,369001,62000,0,4000,0.39999999999999997,0,0.39999999999999997
1,141,1,7000000,212.21318455741624,663829.4366062335,9000000000,431269,433069,420001,13068,10545,1800,0,3.1634632093690445,3.1634632093690445
1,127,0,9000000,132.8414491038094,0,4000000000,431001,435001,378001,57000,0,4000,0.39999999999999997,0,0.39999999999999997
1,142,1,6000000,212.21318455741624,663829.4366062335,9000000000,433469,435269,423001,12268,9038,1800,0,2.711539893744895,2.711539893744895
1,144,1,3000000,203.05069243910498,791304.5706757203,8000000000,433709,435309,429001,6308,3791,1600,0,1.137362317055064,1.137362317055064
1,133,0,6000000,155.28318518113932,0,6000000000,435001,441001,396001,45000,0,6000,0.6,0,0.6
1,145,1,9000000,174.77939037541006,1435019.9298289192,7000000000,439803,441203,432001,9202,6272,1400,0,1.8815069699567795,1.8815069699567795
1,146,1,10000000,148.05021107718824,2761657.094761435,8000000000,441203,442803,435001,7802,3621,1600,0,1.086304308268639,1.086304308268639
1,147,1,7000000,123.84001009366887,5532739.780859446,6000000000,442803,444003,438001,6002,1265,1200,0,0.3795587869982545,0.3795587869982545
1,150,1,4000000,91.78397463609865,16911271.28529221,2000000000,447238,447638,447001,637,237,400,0,0.0709585920393604,0.0709585920393604
1,136,0,10000000,169.80751279021786,0,9000000000,441001,450001,405001,45000,0,9000,0.8999999999999999,0,0.8999999999999999
1,140,0,8000000,212.21318455741624,0,3000000000,450001,453001,417001,36000,0,3000,0.3,0,0.3
1,143,0,6000000,220.0081400766799,0,4000000000,453001,457001,426001,31000,0,4000,0.39999999999999997,0,0.39999999999999997
1,153,1,5000000,138.1692429594951,3618771.6109180376,7000000000,457383,458783,456001,2782,1382,1400,0,0.4145052966245274,0.4145052966245274
1,148,0,5000000,107.14790945230803,0,4000000000,457001,461001,441001,20000,0,4000,0.39999999999999997,0,0.39999999999999997
1,154,1,7000000,163.62535164209729,1862620.304464506,4000000000,462759,463559,459001,4558,3758,800,0,1.127443953534985,1.127443953534985
1,149,0,8000000,94.53093091681689,0,8000000000,461001,469001,444001,25000,0,8000,0.7999999999999999,0,0.7999999999999999
1,151,0,6000000,99.6331711830955,0,3000000000,469001,472001,450001,22000,0,3000,0.3,0,0.3
1,152,0,9000000,116.10790886068013,0,4000000000,472001,476001,453001,23000,0,4000,0.39999999999999997,0,0.39999999999999997
1,155,1,4000000,158.6592969226827,2103469.6589178564,3000000000,491627,492227,462001,30226,1902,600,0,0.570486003880535,0.570486003880535
1,165,0,6000000,207.2652339395105,0,5000000000,492001,497001,492001,5000,0,5000,0.49999999999999994,0,0.49999999999999994
1,156,1,8000000,147.0670554543063,2834801.6520387023,9000000000,497227,499027,465001,34026,2822,1800,0,0.8466200794944485,0.8466200794944485
1,157,1,4000000,142.03952196483905,3248576.643087532,6000000000,503227,504427,468001,36426,1231,1200,0,0.3693925469030919,0.3693925469030919
1,166,1,7000000,189.87309024714375,1033185.3283411062,8000000000,503531,505131,495001,10130,6775,1600,0,2.0325491878323354,2.0325491878323354
1,167,1,9000000,188.30285207611703,1067824.2680941862,6000000000,507531,508731,498001,10730,8428,1200,0,2.5285059355495463,2.5285059355495463
1,168,0,3000000,188.30285207611703,0,10000000000,501001,511001,501001,10000,0,10000,0.9999999999999999,0,0.9999999999999999
1,158,1,7000000,144.2243672199674,3060177.571032889,7000000000,510027,511427,471001,40426,2287,1400,0,0.6862346877770219,0.6862346877770219
1,159,1,9000000,145.34274835711616,2968959.2086826353,8000000000,515227,516827,474001,42826,3031,1600,0,0.9094095978496195,0.9094095978496195
1,169,0,8000000,188.30285207611703,0,6000000000,511001,517001,504001,13000,0,6000,0.6,0,0.6
1,171,1,8000000,188.30285207611703,1067824.2680941862,9000000000,517493,519293,510001,9292,7492,1800,0,2.2475608315995967,2.2475608315995967
1,170,0,10000000,188.30285207611703,0,4000000000,517001,521001,507001,14000,0,4000,0.39999999999999997,0,0.39999999999999997
1,160,1,3000000,145.34274835711616,2968959.2086826353,6000000000,520827,522027,477001,45026,1010,1200,0,0.30313653261653983,0.30313653261653983
1,174,1,4000000,185.77896813148683,1126584.7242806484,2000000000,522552,522952,519001,3951,3551,400,0,1.0651662268598832,1.0651662268598832
1,172,0,4000000,187.645882715289,0,3000000000,521001,524001,513001,11000,0,3000,0.3,0,0.3
1,173,0,8000000,182.45644329537942,0,2000000000,524001,526001,516001,10000,0,2000,0.19999999999999998,0,0.19999999999999998
1,161,1,8000000,146.36535997291165,2888473.6366199083,9000000000,524427,526227,480001,46226,2770,1800,0,0.8308886636779139,0.8308886636779139
1,162,1,5000000,153.05033453083334,2423773.141343042,8000000000,526827,528427,483001,45426,2063,1600,0,0.6188698003183714,0.6188698003183714
1,163,1,6000000,167.82899034433828,1684983.71512775,10000000000,532027,534027,486001,48026,3561,2000,0,1.0682595824752703,1.0682595824752703
1,175,1,9000000,200.80453381335792,827102.9154706515,7000000000,532882,534282,522001,12281,10881,1400,0,3.2644063386762485,3.2644063386762485
1,176,0,8000000,219.62123075877707,0,9000000000,526001,535001,525001,10000,0,9000,0.8999999999999999,0,0.8999999999999999
1,164,1,10000000,187.02922552371328,1096986.9691154517,8000000000,538227,539827,489001,50826,9116,1600,0,2.7347635700896524,2.7347635700896524
1,179,1,4000000,196.64671723677466,898856.5233070301,8000000000,538451,540051,534001,6050,4450,1600,0,1.335029527944034,1.335029527944034
1,177,0,9000000,235.16935216987778,0,6000000000,535001,541001,528001,13000,0,6000,0.6,0,0.6
1,180,1,5000000,183.5973989467171,1180648.8915371206,6000000000,542651,543851,537001,6850,4235,1200,0,1.2704877891742288,1.2704877891742288
1,181,1,4000000,181.99081570233153,1222538.4417593116,5000000000,543851,544851,540001,4850,3272,1000,0,0.9815642265392674,0.9815642265392674
1,178,0,3000000,211.86315630614018,0,6000000000,541001,547001,531001,16000,0,6000,0.6,0,0.6
1,183,1,3000000,180.44215832227238,1264681.396416823,3000000000,549161,549761,546001,3760,2372,600,0,0.7116416850520124,0.7116416850520124
1,182,0,9000000,181.99081570233153,0,4000000000,547001,551001,543001,8000,0,4000,0.39999999999999997,0,0.39999999999999997
1,184,1,5000000,174.28416910322065,1451236.1034276919,10000000000,552446,554446,549001,5445,3445,2000,0,1.0336016286096605,1.0336016286096605
1,185,0,9000000,169.7064527353041,0,3000000000,552001,555001,552001,3000,0,3000,0.3,0,0.3
1,187,1,2000000,178.51519067014996,1319673.3119960683,4000000000,559517,560317,558001,2316,1516,800,0,0.45465797826317456,0.45465797826317456
1,186,0,10000000,171.21411448826294,0,9000000000,555001,564001,555001,9000,0,9000,0.8999999999999999,0,0.8999999999999999
1,188,1,3000000,190.97425192941583,1009725.7281551606,3000000000,563972,564572,561001,3571,2971,600,0,0.8913311554855227,0.8913311554855227
1,190,0,4000000,226.15037165567514,0,3000000000,567001,570001,567001,3000,0,3000,0.3,0,0.3
1,191,0,2000000,246.42671324351184,0,4000000000,570001,574001,570001,4000,0,4000,0.39999999999999997,0,0.39999999999999997
1,189,1,9000000,207.6812273654025,723398.132304796,4000000000,576442,577242,564001,13241,12441,800,0,3.732384532702089,3.732384532702089
1,193,1,4000000,220.17412041382158,573262.982506153,5000000000,582979,583979,576001,7978,6978,1000,0,2.0932801116058806,2.0932801116058806
1,196,0,2000000,174.84247567453397,0,2000000000,585001,587001,585001,2000,0,2000,0.19999999999999998,0,0.19999999999999998
1,195,1,5000000,190.48346411171758,1020098.8803949174,7000000000,586902,588302,582001,6301,4901,1400,0,1.4704456879898695,1.4704456879898695
1,194,1,6000000,205.97813597564186,747496.5437190925,7000000000,588302,589702,579001,10701,8027,1400,0,2.408037890107537,2.408037890107537
1,192,1,6000000,240.3128970737942,404407.81678835826,2000000000,589702,590102,573001,17101,14837,400,0,4.450952541656749,4.450952541656749
1,197,0,10000000,161.6912876440781,0,4000000000,588001,592001,588001,4000,0,4000,0.39999999999999997,0,0.39999999999999997
1,198,0,2000000,196.92071500987396,0,4000000000,592001,596001,591001,5000,0,4000,0.39999999999999997,0,0.39999999999999997
1,200,1,7000000,166.4312020025091,1741620.2612473615,3000000000,601020,601620,597001,4619,4019,600,0,1.2057737537435194,1.2057737537435194
1,199,0,3000000,182.41513780385665,0,6000000000,596001,602001,594001,8000,0,6000,0.6,0,0.6
1,201,1,8000000,157.1767123336024,2182758.495184028,6000000000,603666,604866,600001,4865,3665,1200,0,1.0995261295719554,1.0995261295719554
1,202,1,2000000,150.32233100906865,2601342.01979254,4000000000,604866,605666,603001,2665,769,800,0,0.23065017803689292,0.23065017803689292
1,203,0,7000000,145.01832884156403,0,6000000000,606001,612001,606001,6000,0,6000,0.6,0,0.6
1,204,1,10000000,145.0117957271063,2995598.7164575164,10000000000,612339,614339,609001,5338,3338,2000,0,1.001469250042839,1.001469250042839
1,205,0,5000000,150.17325727305777,0,7000000000,612001,619001,612001,7000,0,7000,0.7,0,0.7
1,207,1,9000000,153.53101641036577,2394057.3645408093,10000000000,621760,623760,618001,5759,3759,2000,0,1.1277925249372092,1.1277925249372092
1,208,1,3000000,165.29731576767966,1789308.077588302,4000000000,623760,624560,621001,3559,1677,800,0,0.5029877254078317,0.5029877254078317
1,206,0,2000000,150.5079114199649,0,6000000000,619001,625001,615001,10000,0,6000,0.6,0,0.6
1,209,0,4000000,180.82440349687315,0,8000000000,625001,633001,624001,9000,0,8000,0.7999999999999999,0,0.7999999999999999
1,211,0,4000000,206.0116744264752,0,2000000000,633001,635001,630001,5000,0,2000,0.19999999999999998,0,0.19999999999999998
1,210,1,9000000,200.33062297112744,834911.9737477043,2000000000,637781,638181,627001,11180,10780,400,0,3.233873851252123,3.233873851252123
1,212,1,5000000,224.08631640508526,534410.197585568,7000000000,642357,643757,633001,10756,9356,1400,0,2.8068326666985524,2.8068326666985524
1,214,0,2000000,237.13792273695918,0,6000000000,639001,645001,639001,6000,0,6000,0.6,0,0.6
1,215,0,5000000,216.49064668017414,0,6000000000,645001,651001,642001,9000,0,6000,0.6,0,0.6
1,218,1,3000000,164.28919197561353,1833074.2309797977,2000000000,652638,653038,651001,2037,1637,400,0,0.4909784801889558,0.4909784801889558
1,216,0,6000000,196.15992302200777,0,3000000000,651001,654001,645001,9000,0,3000,0.3,0,0.3
1,217,1,8000000,177.9412816071639,1336623.546932447,8000000000,653986,655586,648001,7585,5985,1600,0,1.7955691454845335,1.7955691454845335
1,219,1,9000000,152.42709798457756,2462984.4616029477,5000000000,657655,658655,654001,4654,3654,1000,0,1.0962310327539782,1.0962310327539782
1,213,1,8000000,246.55298862516352,365094.44322104356,8000000000,657913,659513,636001,23512,21912,1600,0,6.573641545530012,6.573641545530012
1,220,1,4000000,145.29894424943356,2972468.3076991476,6000000000,658655,659855,657001,2854,1346,1200,0,0.4037048929644822,0.4037048929644822
1,221,1,9000000,143.57461927513512,3114763.0383313224,9000000000,662890,664690,660001,4689,2889,1800,0,0.8668396172591273,0.8668396172591273
1,222,1,4000000,146.80887745637182,2854405.005281221,6000000000,664690,665890,663001,2889,1401,1200,0,0.4204028502541719,0.4204028502541719
1,223,1,3000000,155.42308354938783,2281381.8795130756,4000000000,667316,668116,666001,2115,1315,800,0,0.39449774195282494,0.39449774195282494
1,225,0,8000000,183.01132560582138,0,2000000000,672001,674001,672001,2000,0,2000,0.19999999999999998,0,0.19999999999999998
1,224,1,8000000,168.5071669098974,1658328.9275225832,7000000000,673825,675225,669001,6224,4824,1400,0,1.4472400258888427,1.4472400258888427
1,226,0,4000000,201.97290635132234,0,5000000000,675001,680001,675001,5000,0,5000,0.49999999999999994,0,0.49999999999999994
1,227,1,2000000,222.90527539742087,545783.5224666867,7000000000,681665,683065,678001,5064,3664,1400,0,1.0993369629194376,1.0993369629194376
1,228,0,6000000,238.34586381978602,0,8000000000,681001,689001,681001,8000,0,8000,0.7999999999999999,0,0.7999999999999999
1,231,0,7000000,206.66518236026113,0,2000000000,690001,692001,690001,2000,0,2000,0.19999999999999998,0,0.19999999999999998
1,230,1,4000000,226.92814215076982,508231.474889258,8000000000,694871,696471,687001,9470,7870,1600,0,2.361128854251847,2.361128854251847
1,233,0,10000000,169.53619466060928,0,3000000000,696001,699001,696001,3000,0,3000,0.3,0,0.3
1,232,1,8000000,185.3511168026781,1136941.0776135002,3000000000,700037,700637,693001,7636,7036,600,0,2.1109273358631104,2.1109273358631104
1,234,1,7000000,154.29633048131765,2347670.0875208266,3000000000,701983,702583,699001,3582,2982,600,0,0.894503879042745,0.894503879042745
1,235,1,5000000,144.26035491430068,3057188.8826022632,4000000000,703636,704436,702001,2435,1635,800,0,0.4906468188917421,0.4906468188917421
1,229,1,9000000,237.73214549151734,422204.2442434977,6000000000,705636,706836,684001,22835,21317,1200,0,6.395009137906321,6.395009137906321
1,236,0,7000000,140.49281583056126,0,4000000000,705001,709001,705001,4000,0,4000,0.39999999999999997,0,0.39999999999999997
1,237,0,10000000,142.2414426248553,0,5000000000,709001,714001,708001,6000,0,5000,0.49999999999999994,0,0.49999999999999994
1,238,1,10000000,150.48118287679694,2590569.8056665864,5000000000,715925,716925,711001,5924,3860,1000,0,1.1580463855626781,1.1580463855626781
1,239,1,3000000,161.60648811232798,1956179.2631002453,3000000000,716925,717525,714001,3524,1534,600,0,0.4600805340169272,0.4600805340169272
1,240,0,9000000,178.90382500103237,0,2000000000,717001,719001,717001,2000,0,2000,0.19999999999999998,0,0.19999999999999998
1,241,1,3000000,199.4975250473048,848863.6300158311,10000000000,723535,725535,720001,5534,3534,2000,0,1.0602409717839074,1.0602409717839074
1,243,0,4000000,242.95907145031654,0,9000000000,726001,735001,726001,9000,0,9000,0.8999999999999999,0,0.8999999999999999
1,242,1,6000000,219.79369690689492,577226.2819435488,10000000000,733396,735396,723001,12395,10395,2000,0,3.1183611285669683,3.1183611285669683
1,245,0,2000000,210.47415922150634,0,5000000000,735001,740001,732001,8000,0,5000,0.49999999999999994,0,0.49999999999999994
1,247,1,7000000,179.62488942237374,1287649.8507928525,4000000000,744441,745241,738001,7240,5436,800,0,1.6308781449451917,1.6308781449451917
1,246,1,8000000,194.32149778138293,942372.2885848959,8000000000,745241,746841,735001,11840,8489,1600,0,2.546764191892714,2.546764191892714
1,248,1,7000000,162.44300692858403,1916721.6667545906,8000000000,747641,749241,741001,8240,3652,1600,0,1.0956207343112774,1.0956207343112774
1,249,1,5000000,149.34694171626012,2668714.2988446644,2000000000,749641,750041,744001,6040,1874,400,0,0.5620684089898187,0.5620684089898187
1,250,1,7000000,141.0312447651229,3340336.6718151174,9000000000,751041,752841,747001,5840,2096,1800,0,0.6286791441471298,0.6286791441471298
1,244,1,10000000,233.99057780175679,449777.43918877526,2000000000,754041,754441,729001,25440,22233,400,0,6.6699654954033285,6.6699654954033285
1,252,0,4000000,142.09148954107,0,2000000000,753001,755001,753001,2000,0,2000,0.19999999999999998,0,0.19999999999999998
1,251,1,7000000,141.83241695747836,3267168.418790227,3000000000,755441,756041,750001,6040,2143,600,0,0.6427584167141258,0.6427584167141258
1,253,1,8000000,148.7761529950281,2709141.349569331,3000000000,758954,759554,756001,3553,2953,600,0,0.8858895459188666,0.8858895459188666
1,254,1,5000000,150.10936846179854,2615870.6931739408,9000000000,760912,762712,759001,3711,1911,1800,0,0.573422839253568,0.573422839253568
1,255,0,9000000,164.6815183923199,0,3000000000,762001,765001,762001,3000,0,3000,0.3,0,0.3
1,256,1,8000000,182.60819176586796,1206225.8458439838,7000000000,771633,773033,765001,8032,6632,1400,0,1.9896771473344983,1.9896771473344983
1,257,1,8000000,202.99798668952363,792122.2004836164,6000000000,778506,779706,768001,11705,10099,1200,0,3.0298355462512245,3.0298355462512245
1,258,0,3000000,216.14119297348202,0,10000000000,771001,781001,771001,10000,0,10000,0.9999999999999999,0,0.9999999999999999
1,261,1,6000000,163.03694857301517,1889304.1402922827,9000000000,783177,784977,780001,4976,3176,1800,0,0.9527317289007439,0.9527317289007439
1,259,0,4000000,199.14946849037787,0,4000000000,781001,785001,774001,11000,0,4000,0.39999999999999997,0,0.39999999999999997
1,260,0,6000000,179.63304289578798,0,5000000000,785001,790001,777001,13000,0,5000,0.49999999999999994,0,0.49999999999999994
1,262,0,6000000,197.3696197493424,0,2000000000,790001,792001,783001,9000,0,2000,0.19999999999999998,0,0.19999999999999998
1,265,1,2000000,156.90939678680814,2197446.141199103,8000000000,792911,794511,792001,2510,910,1600,0,0.2730442347372354,0.2730442347372354
1,263,1,9000000,183.66099912610733,1179027.6333627724,6000000000,794511,795711,786001,9710,7633,1200,0,2.2900226624028948,2.2900226624028948
1,267,1,2000000,149.6474433460191,2647730.4305257727,5000000000,798756,799756,798001,1755,755,1000,0,0.22660917179580667,0.22660917179580667
1,264,0,6000000,169.0043336722464,0,9000000000,792001,801001,789001,12000,0,9000,0.8999999999999999,0,0.8999999999999999
1,266,0,8000000,151.21416765634095,0,5000000000,801001,806001,795001,11000,0,5000,0.49999999999999994,0,0.49999999999999994
1,268,0,6000000,160.62804269491673,0,4000000000,806001,810001,801001,9000,0,4000,0.39999999999999997,0,0.39999999999999997
1,269,0,6000000,174.38977177575526,0,6000000000,810001,816001,804001,12000,0,6000,0.6,0,0.6
1,270,0,10000000,190.52985724027613,0,6000000000,816001,822001,807001,15000,0,6000,0.6,0,0.6
1,271,0,7000000,204.895072659154,0,4000000000,822001,826001,810001,16000,0,4000,0.39999999999999997,0,0.39999999999999997
1,272,0,10000000,220.22347967462505,0,5000000000,826001,831001,813001,18000,0,5000,0.49999999999999994,0,0.49999999999999994
1,273,0,2000000,240.39858755824667,0,2000000000,831001,833001,816001,17000,0,2000,0.19999999999999998,0,0.19999999999999998
1,276,1,5000000,209.38041575085288,700312.258695528,6000000000,832339,833539,825001,8538,7140,1200,0,2.1419016751099726,2.1419016751099726
1,274,0,7000000,242.6042235823606,0,3000000000,833001,836001,819001,17000,0,3000,0.3,0,0.3
1,275,0,6000000,224.02353916497256,0,2000000000,836001,838001,822001,16000,0,2000,0.19999999999999998,0,0.19999999999999998
1,279,1,4000000,176.79337798684656,1371346.2898873661,2000000000,838562,838962,834001,4961,2917,400,0,0.8750525004873573,0.8750525004873573
1,277,0,7000000,193.92163494566563,0,5000000000,838001,843001,828001,15000,0,5000,0.49999999999999994,0,0.49999999999999994
1,281,1,5000000,182.03996539221822,1221229.7734263432,8000000000,845755,847355,840001,7354,4094,1600,0,1.2282700869563024,1.2282700869563024
1,278,0,10000000,182.79030089148605,0,8000000000,843001,851001,831001,20000,0,8000,0.7999999999999999,0,0.7999999999999999
1,280,0,10000000,176.48802933910278,0,2000000000,851001,853001,837001,16000,0,2000,0.19999999999999998,0,0.19999999999999998
1,282,0,5000000,192.3577076698514,0,5000000000,853001,858001,843001,15000,0,5000,0.49999999999999994,0,0.49999999999999994
1,284,1,4000000,225.23212315298187,523657.31333232217,7000000000,856664,858064,849001,9063,7639,1400,0,2.2915749851056866,2.2915749851056866
1,283,1,10000000,206.98492336399767,733131.9516037605,4000000000,859641,860441,846001,14440,13640,800,0,4.092032809970101,4.092032809970101
1,285,0,6000000,239.35719124354713,0,8000000000,858001,866001,852001,14000,0,8000,0.7999999999999999,0,0.7999999999999999
1,288,1,5000000,188.382430178613,1066034.352106228,5000000000,867600,868600,861001,7599,4690,1000,0,1.407084112286213,1.407084112286213
1,289,1,5000000,180.20007602662102,1271431.3751888,8000000000,869400,871000,864001,6999,3933,1600,0,1.1797726792586496,1.1797726792586496
1,286,0,2000000,218.87652455208624,0,10000000000,866001,876001,855001,21000,0,10000,0.9999999999999999,0,0.9999999999999999
1,287,0,5000000,201.5535090242787,0,9000000000,876001,885001,858001,27000,0,9000,0.8999999999999999,0,0.8999999999999999
1,293,1,3000000,187.01539000841615,1097309.1713889642,4000000000,884800,885600,876001,9599,2734,800,0,0.8201881689011931,0.8201881689011931
1,292,1,8000000,186.50980805308873,1109164.392467701,6000000000,885600,886800,873001,13799,7213,1200,0,2.1637910631627926,2.1637910631627926
1,290,0,9000000,177.22220656565585,0,4000000000,885001,889001,867001,22000,0,4000,0.39999999999999997,0,0.39999999999999997
1,291,0,2000000,179.91363539209587,0,4000000000,889001,893001,870001,23000,0,4000,0.39999999999999997,0,0.39999999999999997
1,297,0,3000000,231.80822353833784,0,6000000000,893001,899001,888001,11000,0,6000,0.6,0,0.6
1,299,1,3000000,215.53055676632027,624065.8707240482,9000000000,898808,900608,894001,6607,4807,1800,0,1.4421554554101956,1.4421554554101956
1,294,1,10000000,188.48224133854097,1063794.6179155328,4000000000,902000,902800,879001,23799,9400,800,0,2.8200932299116084,2.8200932299116084
1,298,0,8000000,234.7686904167589,0,6000000000,899001,905001,891001,14000,0,6000,0.6,0,0.6
1,295,1,7000000,196.8365883162986,895414.7500178573,7000000000,904400,905800,882001,23799,7818,1400,0,2.345281893064772,2.345281893064772
1,302,1,7000000,180.7057079895375,1257383.42807585,9000000000,908568,910368,903001,7367,5567,1800,0,1.670134943017016,1.670134943017016
1,300,0,3000000,199.49825888964546,0,6000000000,905001,911001,897001,14000,0,6000,0.6,0,0.6
1,296,1,6000000,212.5944670023188,659101.6238090699,2000000000,911400,911800,885001,26799,9103,400,0,2.730990085561416,2.730990085561416
1,303,1,10000000,179.32460065479026,1296219.271554306,8000000000,913716,915316,906001,9315,7715,1600,0,2.314423235200537,2.314423235200537
1,301,0,10000000,187.60904802274328,0,7000000000,911001,918001,900001,18000,0,7000,0.7,0,0.7
1,305,1,6000000,177.10018210041454,1361957.1192209977,5000000000,918316,919316,912001,7315,4405,1000,0,1.3216275127880317,1.3216275127880317
1,306,1,4000000,179.6923150833112,1285735.399369286,7000000000,919316,920716,915001,5715,3111,1400,0,0.9333180066354686,0.9333180066354686
1,307,1,4000000,184.32271916397065,1162322.6553657383,9000000000,921442,923242,918001,5241,3441,1800,0,1.032415564181192,1.032415564181192
1,304,0,5000000,183.52868685848543,0,7000000000,918001,925001,909001,16000,0,7000,0.7,0,0.7
1,308,1,4000000,184.32271916397065,1162322.6553657383,6000000000,924442,925642,921001,4641,3441,1200,0,1.032415564181192,1.032415564181192
1,309,1,2000000,184.54139183391888,1156867.1173303758,2000000000,925730,926130,924001,2129,1729,400,0,0.5186421076472287,0.5186421076472287
1,310,1,7000000,178.73954486906362,1313119.780738678,8000000000,932332,933932,927001,6931,5331,1600,0,1.599244814375329,1.599244814375329
1,312,1,4000000,173.8218032929126,1466582.4303742668,9000000000,936760,938560,933001,5559,2727,1800,0,0.8182288122010054,0.8182288122010054
1,311,1,9000000,173.46542854413383,1478548.6008177984,5000000000,938560,939560,930001,9559,6087,1000,0,1.8261151500238855,1.8261151500238855
1,313,0,4000000,178.12647473073736,0,4000000000,936001,940001,936001,4000,0,4000,0.39999999999999997,0,0.39999999999999997
1,314,1,4000000,191.93802254894678,989735.0371945024,3000000000,943042,943642,939001,4641,4041,600,0,1.2124457101180468,1.2124457101180468
1,315,0,6000000,210.82045915897254,0,7000000000,942001,949001,942001,7000,0,7000,0.7,0,0.7
1,316,0,2000000,233.46516935080487,0,10000000000,949001,959001,945001,14000,0,10000,0.9999999999999999,0,0.9999999999999999
1,319,1,6000000,184.36728180455444,1161208.2956309256,8000000000,959807,961407,954001,7406,5167,1600,0,1.5501094909264288,1.5501094909264288
1,317,1,7000000,216.68662279891666,610909.8003405278,10000000000,961407,963407,948001,15406,11458,2000,0,3.4374960081331762,3.4374960081331762
1,320,1,6000000,184.10882542670242,1167689.9633276109,4000000000,965407,966207,957001,9206,5138,800,0,1.5415050711495977,1.5415050711495977
1,322,1,7000000,151.59684561362087,2516447.4917131355,7000000000,966207,967607,963001,4606,2782,1400,0,0.8345097630351793,0.8345097630351793
1,318,0,3000000,196.2561285667278,0,10000000000,959001,969001,951001,18000,0,10000,0.9999999999999999,0,0.9999999999999999
1,321,1,9000000,176.63652227101846,1376177.6482228928,9000000000,967607,969407,960001,9406,6540,1800,0,1.961956004362232,1.961956004362232
1,323,1,8000000,121.05349974288231,6038538.017272149,5000000000,969407,970407,966001,4406,1325,1000,0,0.3974471955190532,0.3974471955190532
1,325,1,7000000,73.42511967984804,35908476.13383813,3000000000,972710,973310,972001,1309,195,600,0,0.05848201388922428,0.05848201388922428
1,326,1,5000000,65.37766744080118,50943167.9890834,8000000000,976148,977748,975001,2747,98,1600,0,0.02944457636245619,0.02944457636245619
1,324,0,9000000,93.74025069307206,0,9000000000,969001,978001,969001,9000,0,9000,0.8999999999999999,0,0.8999999999999999
1,327,1,9000000,69.95439228525971,41713844.08372641,5000000000,979748,980748,978001,2747,216,1000,0,0.06472671266116507,0.06472671266116507
1,328,1,4000000,89.07630998194746,18804459.586527828,5000000000,982148,983148,981001,2147,213,1000,0,0.06381464963022505,0.06381464963022505
1,329,0,8000000,66.42766893396158,0,3000000000,984001,987001,984001,3000,0,3000,0.3,0,0.3
1,330,0,10000000,73.07468234621341,0,4000000000,987001,991001,987001,4000,0,4000,0.39999999999999997,0,0.39999999999999997
1,331,0,10000000,93.920809728196,0,3000000000,991001,994001,990001,4000,0,3000,0.3,0,0.3
2,1,0,4000000,186.13618938830783,0,2000000000,1,2001,1,2000,0,2000,0.19999999999999998,0,0.19999999999999998
2,2,1,5000000,183.10767214947603,1193226.059808833,3000000000,7191,7791,3001,4790,4190,600,0,1.2570962456521568,1.2570962456521568
2,3,1,4000000,177.28988352413114,1356191.6207827418,2000000000,8950,9350,6001,3349,2949,400,0,0.8848307138982366,0.8848307138982366
2,4,0,2000000,175.22724702511312,0,7000000000,9001,16001,9001,7000,0,7000,0.7,0,0.7
2,5,0,2000000,178.157256938919,0,7000000000,16001,23001,12001,11000,0,7000,0.7,0,0.7
2,8,1,4000000,211.43839764810932,673567.5581808327,7000000000,26940,28340,21001,7339,5939,1400,0,1.781558487230224,1.781558487230224
2,6,0,3000000,185.26381298030117,0,9000000000,23001,32001,15001,17000,0,9000,0.8999999999999999,0,0.8999999999999999
2,10,1,9000000,167.94608807590603,1680343.569718364,10000000000,32540,34540,27001,7539,5356,2000,0,1.6068142543328428,1.6068142543328428
2,11,1,8000000,146.589252675631,2871212.9962330014,9000000000,34540,36340,30001,6339,2786,1800,0,0.8358836502721229,0.8358836502721229
2,12,1,6000000,126.09522155894724,5160869.9011761295,5000000000,38140,39140,33001,6139,1163,1000,0,0.3487784103198942,0.3487784103198942
2,13,1,3000000,106.88407271431983,9683191.075536927,4000000000,39140,39940,36001,3939,310,800,0,0.09294456682505313,0.09294456682505313
2,7,0,6000000,204.14273952310916,0,10000000000,32001,42001,18001,24000,0,10000,0.9999999999999999,0,0.9999999999999999
2,14,1,4000000,91.170367993115,17320069.946935628,10000000000,42340,44340,39001,5339,231,2000,0,0.06928378486209932,0.06928378486209932
2,15,1,9000000,80.2557026011236,26899964.863185126,7000000000,45540,46940,42001,4939,335,1400,0,0.1003718783177735,0.1003718783177735
2,9,0,5000000,189.1234623202526,0,7000000000,42001,49001,24001,25000,0,7000,0.7,0,0.7
2,16,0,7000000,71.03915117736135,0,4000000000,49001,53001,45001,8000,0,4000,0.39999999999999997,0,0.39999999999999997
2,18,1,10000000,73.96341798483898,35089328.481527016,5000000000,56940,57940,51001,6939,285,1000,0,0.08549607900246275,0.08549607900246275
2,17,0,8000000,68.50598878930222,0,7000000000,53001,60001,48001,12000,0,7000,0.7,0,0.7
2,20,1,9000000,88.20806369034527,19462876.30770105,3000000000,59740,60340,57001,3339,462,600,0,0.13872564143726623,0.13872564143726623
2,19,0,5000000,85.89955587778084,0,8000000000,60001,68001,54001,14000,0,8000,0.7999999999999999,0,0.7999999999999999
2,23,1,7000000,136.7228561726239,3770352.86616931,8000000000,68326,69926,66001,3925,1857,1600,0,0.5569770455287932,0.5569770455287932
2,21,0,9000000,103.50153042346767,0,3000000000,68001,71001,60001,11000,0,3000,0.3,0,0.3
2,24,1,3000000,136.7228561726239,3770352.86616931,5000000000,71726,72726,69001,3725,796,1000,0,0.23870444808376853,0.23870444808376853
2,22,0,10000000,122.34261440724566,0,3000000000,71001,74001,63001,11000,0,3000,0.3,0,0.3
2,25,1,7000000,136.7228561726239,3770352.86616931,7000000000,73858,75258,72001,3257,1857,1400,0,0.5569770455287932,0.5569770455287932
2,26,1,4000000,144.46755829597177,3040051.071159107,9000000000,78858,80658,75001,5657,1316,1800,0,0.3947302107469087,0.3947302107469087
2,27,0,2000000,156.8697309872112,0,4000000000,78001,82001,78001,4000,0,4000,0.39999999999999997,0,0.39999999999999997
2,28,1,3000000,171.84272926138016,1534593.6322417425,10000000000,89458,91458,81001,10457,1955,2000,0,0.5864744783837499,0.5864744783837499
2,32,1,2000000,185.66820837181578,1129254.4209699363,7000000000,95997,97397,93001,4396,1771,1400,0,0.5313240212818026,0.5313240212818026
2,30,1,6000000,205.53309830779077,753957.9461001514,9000000000,97397,99197,87001,12196,7958,1800,0,2.3874010603781057,2.3874010603781057
2,31,1,10000000,186.93584273755528,1099163.9593930317,10000000000,99997,101997,90001,11996,9098,2000,0,2.729347131847943,2.729347131847943
2,29,1,8000000,190.2484649083929,1025112.7127155698,3000000000,101658,102258,84001,18257,7804,600,0,2.3412059671392544,2.3412059671392544
2,33,1,6000000,185.66820837181578,1129254.4209699363,4000000000,103997,104797,96001,8796,5313,800,0,1.5939720638454076,1.5939720638454076
2,35,1,6000000,185.66820837181578,1129254.4209699363,9000000000,107314,109114,102001,7113,5313,1800,0,1.5939720638454076,1.5939720638454076
2,34,1,10000000,185.66820837181578,1129254.4209699363,6000000000,109114,110314,99001,11313,8855,1200,0,2.6566201064090125,2.6566201064090125
2,36,1,6000000,183.3665891049948,1186555.9019437665,6000000000,110314,111514,105001,6513,5057,1200,0,1.516995530553019,1.516995530553019
2,37,0,10000000,173.84507614540018,0,4000000000,108001,112001,108001,4000,0,4000,0.39999999999999997,0,0.39999999999999997
2,38,0,9000000,163.36146822307884,0,4000000000,112001,116001,111001,5000,0,4000,0.39999999999999997,0,0.39999999999999997
2,39,0,2000000,156.2660055802285,0,2000000000,116001,118001,114001,4000,0,2000,0.19999999999999998,0,0.19999999999999998
2,40,0,5000000,154.64392972244335,0,2000000000,118001,120001,117001,3000,0,2000,0.19999999999999998,0,0.19999999999999998
2,41,1,9000000,158.6088679740197,2106107.3940350018,7000000000,125212,126612,120001,6611,4273,1400,0,1.2819859080534277,1.2819859080534277
2,43,1,3000000,171.53141111761423,1545645.9059319743,5000000000,130812,131812,126001,5811,1941,1000,0,0.5822808422976602,0.5822808422976602
2,42,1,9000000,167.666760271677,1691438.5998779314,3000000000,131812,132412,123001,9411,5321,600,0,1.5962743195022597,1.5962743195022597
2,44,1,4000000,171.98501446347004,1529574.9784341138,9000000000,134412,136212,129001,7211,2615,1800,0,0.7845316620101143,0.7845316620101143
2,45,1,3000000,164.54777452156566,1821722.786402815,7000000000,137412,138812,132001,6811,1647,1400,0,0.49403784522953986,0.49403784522953986
2,46,0,10000000,144.94658084963575,0,6000000000,135001,141001,135001,6000,0,6000,0.6,0,0.6
2,47,1,7000000,127.48192067897315,4947357.308891311,7000000000,140212,141612,138001,3611,1415,1400,0,0.42446903849574674,0.42446903849574674
2,48,0,7000000,125.37948795556632,0,3000000000,141001,144001,141001,3000,0,3000,0.3,0,0.3
2,49,0,3000000,130.40358315629217,0,4000000000,144001,148001,144001,4000,0,4000,0.39999999999999997,0,0.39999999999999997
2,50,0,7000000,139.388672423551,0,4000000000,148001,152001,147001,5000,0,4000,0.39999999999999997,0,0.39999999999999997
2,51,0,10000000,151.1943851470682,0,3000000000,152001,155001,150001,5000,0,3000,0.3,0,0.3
2,52,1,6000000,165.90889457771695,1763388.4607984822,3000000000,158248,158848,153001,5847,3403,600,0,1.0207620385498835,1.0207620385498835
2,54,0,2000000,200.7401965227692,0,4000000000,159001,163001,159001,4000,0,4000,0.39999999999999997,0,0.39999999999999997
2,53,1,10000000,182.61143803168517,1206140.7893735124,8000000000,166234,167834,156001,11833,8291,1600,0,2.487271823016818,2.487271823016818
2,57,0,9000000,231.96740503786302,0,10000000000,168001,178001,168001,10000,0,10000,0.9999999999999999,0,0.9999999999999999
2,55,1,9000000,219.77517716976138,577420.0936980236,5000000000,180234,181234,162001,19233,15587,1000,0,4.6759716703105125,4.6759716703105125
2,56,1,6000000,236.24729120140194,432887.148834382,10000000000,181234,183234,165001,18233,13860,2000,0,4.158127597104206,4.158127597104206
2,59,1,7000000,194.0664118285284,947304.3248535279,3000000000,185234,185834,174001,11833,7389,600,0,2.2168166500503435,2.2168166500503435
2,60,0,6000000,176.49244743047788,0,9000000000,178001,187001,177001,10000,0,9000,0.8999999999999999,0,0.8999999999999999
2,58,1,7000000,212.9390985704598,654864.3383593921,7000000000,185834,187234,171001,16233,10689,1400,0,3.206771047055416,3.206771047055416
2,63,1,2000000,137.10335152723292,3729731.2901432985,4000000000,187634,188434,186001,2433,536,800,0,0.16086949791413732,0.16086949791413732
2,61,0,10000000,161.23199093232088,0,7000000000,187001,194001,180001,14000,0,7000,0.7,0,0.7
2,65,1,2000000,127.67297286426758,4918795.255885651,9000000000,194359,196159,192001,4158,407,1800,0,0.12198108861759632,0.12198108861759632
2,66,1,2000000,141.62410035018755,3286001.5099704335,10000000000,197159,199159,195001,4158,609,2000,0,0.18259273411149426,0.18259273411149426
2,67,1,5000000,160.96911287573153,1986921.2515451866,5000000000,200959,201959,198001,3958,2516,1000,0,0.7549368143470617,0.7549368143470617
2,62,0,6000000,147.67171462402675,0,8000000000,194001,202001,183001,19000,0,8000,0.7999999999999999,0,0.7999999999999999
2,64,0,3000000,130.23757061616283,0,2000000000,202001,204001,189001,15000,0,2000,0.19999999999999998,0,0.19999999999999998
2,69,0,8000000,170.69777297902866,0,4000000000,204001,208001,204001,4000,0,4000,0.39999999999999997,0,0.39999999999999997
2,68,1,10000000,169.33958928732525,1626323.314131859,9000000000,207150,208950,201001,7949,6149,1800,0,1.8446516593174573,1.8446516593174573
2,71,1,2000000,152.9613156977933,2429326.283303255,2000000000,210824,211224,210001,1223,823,400,0,0.2469820559402812,0.2469820559402812
2,70,0,3000000,161.13380930146226,0,8000000000,208001,216001,207001,9000,0,8000,0.7999999999999999,0,0.7999999999999999
2,73,1,4000000,115.74577746077821,7167539.607392482,6000000000,216590,217790,216001,1789,558,1200,0,0.16742146757896387,0.16742146757896387
2,72,0,2000000,133.90637363471538,0,2000000000,216001,218001,213001,5000,0,2000,0.19999999999999998,0,0.19999999999999998
2,74,0,5000000,105.20104799858221,0,3000000000,219001,222001,219001,3000,0,3000,0.3,0,0.3
2,75,1,5000000,122.61111735890837,5749164.880712733,4000000000,224097,224897,222001,2896,870,800,0,0.2609074589306339,0.2609074589306339
2,77,1,5000000,166.53009727974103,1737536.2264265476,6000000000,230879,232079,228001,4078,2878,1200,0,0.8632913531160904,0.8632913531160904
2,78,1,3000000,169.42026590700416,1623262.3257515177,5000000000,232849,233849,231001,2848,1848,1000,0,0.5544390365761303,0.5544390365761303
2,76,0,3000000,144.70181201353353,0,9000000000,225001,234001,225001,9000,0,9000,0.8999999999999999,0,0.8999999999999999
2,79,0,3000000,173.2521702605771,0,9000000000,234001,243001,234001,9000,0,9000,0.8999999999999999,0,0.8999999999999999
2,81,1,5000000,169.60328564034364,1616344.767880389,8000000000,244263,245863,240001,5862,3093,1600,0,0.9280198320356127,0.9280198320356127
2,80,0,5000000,173.30453485122652,0,4000000000,243001,247001,237001,10000,0,4000,0.39999999999999997,0,0.39999999999999997
2,82,1,5000000,171.33062919396522,1552826.4405946957,7000000000,246221,247621,243001,4620,3220,1400,0,0.9659804603955195,0.9659804603955195
2,83,1,8000000,178.1989037564485,1328981.4780578308,6000000000,252021,253221,246001,7220,6020,1200,0,1.805894242790616,1.805894242790616
2,84,0,5000000,189.68686433171908,0,5000000000,249001,254001,249001,5000,0,5000,0.49999999999999994,0,0.49999999999999994
2,85,1,3000000,205.01940420360216,761502.9289215317,10000000000,256347,258347,252001,6346,3940,2000,0,1.1818733268361987,1.1818733268361987
2,86,0,8000000,215.98786192747036,0,10000000000,255001,265001,255001,10000,0,10000,0.9999999999999999,0,0.9999999999999999
2,87,0,7000000,216.7924855708795,0,6000000000,265001,271001,258001,13000,0,6000,0.6,0,0.6
2,88,0,4000000,232.10952263963665,0,3000000000,271001,274001,261001,13000,0,3000,0.3,0,0.3
2,89,0,3000000,251.121258757597,0,4000000000,274001,278001,264001,14000,0,4000,0.39999999999999997,0,0.39999999999999997
2,90,1,5000000,236.7779195786634,429031.18531057995,5000000000,278655,279655,267001,12654,11654,1000,0,3.496249343539293,3.496249343539293
2,91,0,8000000,218.07494055943246,0,8000000000,278001,286001,270001,16000,0,8000,0.7999999999999999,0,0.7999999999999999
2,92,0,4000000,205.18956357475886,0,7000000000,286001,293001,273001,20000,0,7000,0.7,0,0.7
2,98,1,3000000,168.0065108857392,1677955.4435952571,2000000000,292789,293189,291001,2188,1788,400,0,0.5363670432580872,0.5363670432580872
2,93,0,9000000,190.29465625707937,0,2000000000,293001,295001,276001,19000,0,2000,0.19999999999999998,0,0.19999999999999998
2,100,1,10000000,147.8089892394911,2779385.442173763,3000000000,300599,301199,297001,4198,3598,600,0,1.0793753016327572,1.0793753016327572
2,94,0,7000000,175.5180503538026,0,10000000000,295001,305001,279001,26000,0,10000,0.9999999999999999,0,0.9999999999999999
2,104,1,9000000,62.057756968810914,58950180.215929694,10000000000,309154,311154,309001,2153,153,2000,0,0.045801386698227566,0.045801386698227566
2,95,0,3000000,162.90697529571898,0,10000000000,305001,315001,282001,33000,0,10000,0.9999999999999999,0,0.9999999999999999
2,106,1,7000000,20.657039962201775,335004168.7813411,4000000000,315022,315822,315001,821,21,800,0,0.006268578709450868,0.006268578709450868
2,107,1,9000000,20.11721899269383,342574939.8554037,5000000000,318842,319842,318001,1841,26,1000,0,0.007881487189750756,0.007881487189750756
2,96,0,8000000,198.01784591293787,0,7000000000,315001,322001,285001,37000,0,7000,0.7,0,0.7
2,97,0,2000000,184.61541701602277,0,6000000000,322001,328001,288001,40000,0,6000,0.6,0,0.6
2,111,1,8000000,119.88674864220813,6266989.8491913695,5000000000,332054,333054,330001,3053,1277,1000,0,0.3829589735668189,0.3829589735668189
2,99,0,8000000,156.7897579563155,0,8000000000,328001,336001,294001,42000,0,8000,0.7999999999999999,0,0.7999999999999999
2,112,1,8000000,145.081423345651,2989969.7169779153,5000000000,336470,337470,333001,4469,2676,1000,0,0.8026837149460424,0.8026837149460424
2,113,1,7000000,173.99524246369495,1460802.3098118252,4000000000,340793,341593,336001,5592,4792,800,0,1.43756618256615,1.43756618256615
2,101,0,8000000,127.5380794116016,0,6000000000,336001,342001,300001,42000,0,6000,0.6,0,0.6
2,102,0,5000000,102.17131936115929,0,6000000000,342001,348001,303001,45000,0,6000,0.6,0,0.6
2,115,1,10000000,187.53447283099715,1085300.9664931893,2000000000,351215,351615,342001,9614,9214,400,0,2.764210198479378,2.764210198479378
2,103,0,8000000,79.35692849398848,0,5000000000,348001,353001,306001,47000,0,5000,0.49999999999999994,0,0.49999999999999994
2,105,0,6000000,45.192168569343984,0,10000000000,353001,363001,312001,51000,0,10000,0.9999999999999999,0,0.9999999999999999
2,119,1,8000000,210.56940186076423,684702.5903139194,3000000000,365976,366576,354001,12575,11684,600,0,3.5051714919022854,3.5051714919022854
2,108,0,2000000,43.92860116143014,0,6000000000,363001,369001,321001,48000,0,6000,0.6,0,0.6
2,120,1,6000000,232.0018484840153,465348.6331893183,6000000000,369895,371095,357001,14094,12894,1200,0,3.8680676628692363,3.8680676628692363
2,124,1,6000000,179.46966122439753,1292070.815015451,9000000000,373645,375445,369001,6444,4644,1800,0,1.393112497458953,1.393112497458953
2,109,0,3000000,62.66864287664125,0,9000000000,369001,378001,324001,54000,0,9000,0.8999999999999999,0,0.8999999999999999
2,122,1,10000000,207.9417776686542,719797.2752614274,6000000000,376894,378094,363001,15093,13893,1200,0,4.167840172651963,4.167840172651963
2,126,1,5000000,178.41633221204836,1322573.9351043596,2000000000,378782,379182,375001,4181,3781,400,0,1.1341520955360733,1.1341520955360733
2,125,1,10000000,175.22210962090375,1420713.1623426992,5000000000,379182,380182,372001,8181,7039,1000,0,2.111615545993197,2.111615545993197
2,110,0,7000000,91.14275944911917,0,6000000000,378001,384001,327001,57000,0,6000,0.6,0,0.6
2,127,1,8000000,185.81692334122852,1125671.6781549,4000000000,385979,386779,378001,8778,7107,800,0,2.1320603925416908,2.1320603925416908
2,114,0,5000000,202.93869640854595,0,6000000000,384001,390001,339001,51000,0,6000,0.6,0,0.6
2,116,0,4000000,176.6981281734473,0,4000000000,390001,394001,345001,49000,0,4000,0.39999999999999997,0,0.39999999999999997
2,131,1,5000000,182.69117685318025,1204053.8665560049,8000000000,395771,397371,390001,7370,4153,1600,0,1.2457914397887362,1.2457914397887362
2,132,1,3000000,176.62231597394478,1376616.264519347,4000000000,397371,398171,393001,5170,2179,800,0,0.6537769625395496,0.6537769625395496
2,133,1,3000000,148.20915120194167,2750052.29523729,5000000000,398771,399771,396001,3770,1091,1000,0,0.32726650382564554,0.32726650382564554
2,117,0,7000000,181.5566371686808,0,6000000000,394001,400001,348001,52000,0,6000,0.6,0,0.6
2,134,1,8000000,119.07322327038939,6432527.5086453585,8000000000,400245,401845,399001,2844,1244,1600,0,0.37310372894237676,0.37310372894237676
2,118,0,4000000,193.23398872869132,0,3000000000,400001,403001,351001,52000,0,3000,0.3,0,0.3
2,135,1,9000000,98.67683112058273,13016998.91519215,4000000000,402692,403492,402001,1491,691,800,0,0.20742108204747778,0.20742108204747778
2,121,0,5000000,229.67789619377828,0,4000000000,403001,407001,360001,47000,0,4000,0.39999999999999997,0,0.39999999999999997
2,123,0,2000000,190.70615957540545,0,7000000000,407001,414001,366001,48000,0,7000,0.7,0,0.7
2,128,0,3000000,181.33719447482366,0,2000000000,414001,416001,381001,35000,0,2000,0.19999999999999998,0,0.19999999999999998
2,139,1,8000000,77.86260334717821,29733902.67045986,5000000000,416814,417814,414001,3813,269,1000,0,0.08071594323150726,0.08071594323150726
2,129,0,6000000,175.9131322556676,0,8000000000,416001,424001,384001,40000,0,8000,0.7999999999999999,0,0.7999999999999999
2,141,1,5000000,122.03209127110786,5854717.509626895,10000000000,423214,425214,420001,5213,854,2000,0,0.2562036507369577,0.2562036507369577
2,142,1,2000000,112.80777455477092,7902829.77835903,6000000000,427214,428414,423001,5413,253,1200,0,0.0759221717824455,0.0759221717824455
2,143,1,10000000,105.83280824016725,10047705.441776948,3000000000,430014,430614,426001,4613,995,600,0,0.2985756317583138,0.2985756317583138
2,144,1,7000000,105.52132296365511,10158857.231777638,8000000000,431814,433414,429001,4413,689,1600,0,0.20671616423853742,0.20671616423853742
2,130,0,5000000,176.12641170477525,0,10000000000,424001,434001,387001,47000,0,10000,0.9999999999999999,0,0.9999999999999999
2,145,1,4000000,111.93255111896632,8139318.674242262,5000000000,433414,434414,432001,2413,491,1000,0,0.14743248765987346,0.14743248765987346
2,146,1,2000000,123.07580306461546,5666132.174880741,7000000000,438414,439814,435001,4813,353,1400,0,0.10589234092701492,0.10589234092701492
2,136,0,10000000,87.47614303340077,0,6000000000,434001,440001,405001,35000,0,6000,0.6,0,0.6
2,147,1,2000000,138.73549257489955,3561478.005311098,3000000000,443614,444214,438001,6213,562,600,0,0.16846938240394652,0.16846938240394652
2,148,1,7000000,157.84644753683872,2146490.465094863,2000000000,445814,446214,441001,5213,3261,400,0,0.9783411732542644,0.9783411732542644
2,137,0,10000000,70.31411593698667,0,8000000000,440001,448001,408001,40000,0,8000,0.7999999999999999,0,0.7999999999999999
2,149,1,4000000,178.9986033465066,1305602.767433828,7000000000,447065,448465,444001,4464,3064,1400,0,0.9191156988420062,0.9191156988420062
2,138,0,9000000,66.05221949336749,0,6000000000,448001,454001,411001,43000,0,6000,0.6,0,0.6
2,151,1,6000000,169.335756708381,1626468.9059932474,8000000000,453690,455290,450001,5289,3689,1600,0,1.1066919222170934,1.1066919222170934
2,152,1,5000000,150.4961850014811,2589555.3206637115,6000000000,455690,456890,453001,3889,1931,1200,0,0.5792500310885597,0.5792500310885597
2,150,1,10000000,191.50329318317213,998690.6903330666,7000000000,457014,458414,447001,11413,10013,1400,0,3.0039330786186564,3.0039330786186564
2,153,1,5000000,132.20925610561468,4296361.740761188,10000000000,458414,460414,456001,4413,1164,2000,0,0.34913261278000407,0.34913261278000407
2,140,0,2000000,100.22303377966564,0,8000000000,454001,462001,417001,45000,0,8000,0.7999999999999999,0,0.7999999999999999
2,154,0,3000000,117.33477660097199,0,6000000000,462001,468001,459001,9000,0,6000,0.6,0,0.6
2,157,1,8000000,106.25101270105627,9900757.244597,7000000000,468809,470209,468001,2208,808,1400,0,0.2424057009689555,0.2424057009689555
2,155,0,8000000,107.32386873384688,0,3000000000,468001,471001,462001,9000,0,3000,0.3,0,0.3
2,158,1,10000000,115.29870988003297,7273901.469105392,3000000000,472376,472976,471001,1975,1375,600,0,0.4124334117999768,0.4124334117999768
2,159,1,9000000,129.45836164574308,4661412.925059347,9000000000,475932,477732,474001,3731,1931,1800,0,0.5792235194365718,0.5792235194365718
2,156,0,4000000,103.58205105132832,0,8000000000,471001,479001,465001,14000,0,8000,0.7999999999999999,0,0.7999999999999999
2,160,1,5000000,147.2627536072852,2820053.0988592226,2000000000,478774,479174,477001,2173,1773,400,0,0.5319048781765084,0.5319048781765084
2,161,0,9000000,166.77691596860754,0,9000000000,480001,489001,480001,9000,0,9000,0.8999999999999999,0,0.8999999999999999
2,162,0,5000000,186.02303352004563,0,7000000000,489001,496001,483001,13000,0,7000,0.7,0,0.7
2,165,1,2000000,238.5043976533767,416778.223459974,10000000000,497090,499090,492001,7089,4799,2000,0,1.4396145629178296,1.4396145629178296
2,163,1,9000000,204.26668573215755,772729.37458838,9000000000,500290,502090,486001,16089,11647,1800,0,3.494108142890575,3.494108142890575
2,164,1,5000000,224.28613376666874,532515.3116557241,10000000000,502090,504090,489001,15089,9389,2000,0,2.8168204127992538,2.8168204127992538
2,168,0,6000000,208.72308377369276,0,9000000000,501001,510001,501001,9000,0,9000,0.8999999999999999,0,0.8999999999999999
2,167,1,5000000,227.4265569365197,503806.3283406763,10000000000,510890,512890,498001,14889,9924,2000,0,2.9773345740621435,2.9773345740621435
2,171,1,3000000,157.05768526245384,2189283.3682884052,9000000000,512890,514690,510001,4689,1370,1800,0,0.41109342583807473,0.41109342583807473
2,169,1,8000000,188.09698695088122,1072472.0863362288,6000000000,514690,515890,504001,11889,7459,1200,0,2.2378204809030158,2.2378204809030158
2,170,1,10000000,172.2198574497146,1521336.1555484694,5000000000,515890,516890,507001,9889,6573,1000,0,1.9719507677896773,1.9719507677896773
2,166,1,8000000,237.6504813796934,422783.1753641209,5000000000,516890,517890,495001,22889,18922,1000,0,5.676668656298837,5.676668656298837
2,172,0,2000000,146.23559963292115,0,6000000000,513001,519001,513001,6000,0,6000,0.6,0,0.6
2,173,0,7000000,141.16083947044237,0,7000000000,519001,526001,516001,10000,0,7000,0.7,0,0.7
2,174,0,5000000,140.94419072810342,0,7000000000,526001,533001,519001,14000,0,7000,0.7,0,0.7
2,175,0,2000000,146.68197605704663,0,5000000000,533001,538001,522001,16000,0,5000,0.49999999999999994,0,0.49999999999999994
2,178,1,2000000,189.08288896671746,1050439.2094410458,2000000000,539025,539425,531001,8424,1904,400,0,0.5711896458237397,0.5711896458237397
2,176,0,3000000,156.72725512813653,0,7000000000,538001,545001,525001,20000,0,7000,0.7,0,0.7
2,177,0,5000000,170.85029353208614,0,5000000000,545001,550001,528001,22000,0,5000,0.49999999999999994,0,0.49999999999999994
2,179,0,5000000,209.68785777912848,0,6000000000,550001,556001,534001,22000,0,6000,0.6,0,0.6
2,182,1,7000000,189.437183520026,1042659.2606953313,6000000000,555025,556225,543001,13224,6714,1200,0,2.0140808020057737,2.0140808020057737
2,183,1,9000000,179.455159023083,1292484.8070381097,8000000000,557025,558625,546001,12624,6963,1600,0,2.0889994105132943,2.0889994105132943
2,180,0,6000000,222.01885888365433,0,5000000000,556001,561001,537001,24000,0,5000,0.49999999999999994,0,0.49999999999999994
2,185,1,5000000,181.33737452604745,1240103.9425225176,7000000000,562625,564025,552001,12024,4032,1400,0,1.2095760271101332,1.2095760271101332
2,186,1,5000000,192.96121060980104,969048.1646640896,10000000000,565625,567625,555001,12624,5160,2000,0,1.5479106763696924,1.5479106763696924
2,181,0,6000000,205.51364382930876,0,8000000000,561001,569001,540001,29000,0,8000,0.7999999999999999,0,0.7999999999999999
2,187,1,6000000,210.35290585109587,687512.3279136869,4000000000,574425,575225,558001,17224,8727,800,0,2.6181348710680568,2.6181348710680568
2,184,0,8000000,176.64394583455163,0,10000000000,569001,579001,549001,30000,0,10000,0.9999999999999999,0,0.9999999999999999
2,191,1,8000000,190.40841840632996,1021696.6961912418,9000000000,578902,580702,570001,10701,7830,1800,0,2.349033728842328,2.349033728842328
2,190,0,8000000,207.69663670844554,0,2000000000,579001,581001,567001,14000,0,2000,0.19999999999999998,0,0.19999999999999998
2,193,1,3000000,175.21156268922442,1421051.9270862548,3000000000,580702,581302,576001,5301,2111,600,0,0.6333336473110964,0.6333336473110964
2,189,1,7000000,229.56892145932997,485323.8681349589,6000000000,581302,582502,564001,18501,14423,1200,0,4.327007464252782,4.327007464252782
2,192,0,6000000,179.24249412457968,0,5000000000,581001,586001,573001,13000,0,5000,0.49999999999999994,0,0.49999999999999994
2,194,0,3000000,178.73229282924788,0,3000000000,586001,589001,579001,10000,0,3000,0.3,0,0.3
2,195,0,9000000,187.64353359495234,0,2000000000,589001,591001,582001,9000,0,2000,0.19999999999999998,0,0.19999999999999998
2,188,1,8000000,231.93054908743693,465919.27657482796,9000000000,592825,594625,561001,33624,17170,1800,0,5.1511068991251605,5.1511068991251605
2,196,0,9000000,213.77604660017457,0,9000000000,591001,600001,585001,15000,0,9000,0.8999999999999999,0,0.8999999999999999
2,198,0,9000000,172.45705436426778,0,10000000000,600001,610001,591001,19000,0,10000,0.9999999999999999,0,0.9999999999999999
2,199,0,8000000,146.67760906150605,0,5000000000,610001,615001,594001,21000,0,5000,0.49999999999999994,0,0.49999999999999994
2,200,0,2000000,121.61337303109396,0,2000000000,615001,617001,597001,20000,0,2000,0.19999999999999998,0,0.19999999999999998
2,201,0,6000000,98.77298618549506,0,2000000000,617001,619001,600001,19000,0,2000,0.19999999999999998,0,0.19999999999999998
2,203,0,2000000,71.89627598144428,0,7000000000,619001,626001,606001,20000,0,7000,0.7,0,0.7
2,197,1,7000000,196.66468849287608,898530.0551361535,7000000000,626827,628227,588001,40226,7791,1400,0,2.337150536029414,2.337150536029414
2,202,1,2000000,84.01828848530542,23038465.141547304,2000000000,631827,632227,603001,29226,87,400,0,0.026043401603085395,0.026043401603085395
2,204,0,5000000,68.71950232648663,0,7000000000,626001,633001,609001,24000,0,7000,0.7,0,0.7
2,206,0,7000000,89.48360855486328,0,4000000000,633001,637001,615001,22000,0,4000,0.39999999999999997,0,0.39999999999999997
2,205,1,5000000,77.30186090903636,30445161.132628985,8000000000,639627,641227,612001,29226,164,1600,0,0.049268913160469545,0.049268913160469545
2,208,1,5000000,121.86290206621541,5886005.088188233,2000000000,642427,642827,621001,21826,849,400,0,0.25484177766175087,0.25484177766175087
2,209,1,8000000,136.7228561726239,3770352.86616931,3000000000,642827,643427,624001,19426,2122,600,0,0.6365451948900495,0.6365451948900495
2,207,0,9000000,99.0158936736926,0,7000000000,637001,644001,618001,26000,0,7000,0.7,0,0.7
2,210,1,3000000,136.7228561726239,3770352.86616931,6000000000,643827,645027,627001,18026,796,1200,0,0.23870444808376853,0.23870444808376853
2,215,1,7000000,180.90993228675976,1251764.2270262572,8000000000,649027,650627,642001,8626,5592,1600,0,1.6776322207168732,1.6776322207168732
2,211,0,5000000,136.7228561726239,0,10000000000,644001,654001,630001,24000,0,10000,0.9999999999999999,0,0.9999999999999999
2,217,1,4000000,197.34838230905265,886218.9171495474,10000000000,652515,654515,648001,6514,4514,2000,0,1.3540672364111843,1.3540672364111843
2,212,0,9000000,136.7228561726239,0,10000000000,654001,664001,633001,31000,0,10000,0.9999999999999999,0,0.9999999999999999
2,220,1,6000000,192.39209391240587,980487.4192060312,6000000000,663161,664361,657001,7360,6119,1200,0,1.8358216176374655,1.8358216176374655
2,219,1,9000000,196.51949343512973,901171.9168702166,10000000000,665161,667161,654001,13160,9987,2000,0,2.9960986904442604,2.9960986904442604
2,222,1,2000000,224.98858748834348,525920.0400376933,2000000000,671361,671761,663001,8760,3803,400,0,1.1408578383075063,1.1408578383075063
2,213,0,6000000,137.76203903833596,0,9000000000,664001,673001,636001,37000,0,9000,0.8999999999999999,0,0.8999999999999999
2,214,0,5000000,151.59460478526273,0,4000000000,673001,677001,639001,38000,0,4000,0.39999999999999997,0,0.39999999999999997
2,227,1,4000000,179.51642403969615,1290737.0068573772,2000000000,681100,681500,678001,3499,3099,400,0,0.9297013982125614,0.9297013982125614
2,216,0,10000000,215.1806166921175,0,5000000000,677001,682001,645001,37000,0,5000,0.49999999999999994,0,0.49999999999999994
2,221,1,8000000,204.5068781239399,769124.7475913602,4000000000,682361,683161,660001,23160,10401,800,0,3.1204300830469855,3.1204300830469855
2,226,1,9000000,185.4796261048636,1133818.0466576642,6000000000,682939,684139,675001,9138,7938,1200,0,2.381334472457216,2.381334472457216
2,218,0,8000000,196.51949343512973,0,3000000000,682001,685001,651001,34000,0,3000,0.3,0,0.3
2,228,1,9000000,180.85752984047969,1253203.0891247534,5000000000,689308,690308,681001,9307,7182,1000,0,2.154479208861271,2.154479208861271
2,223,0,9000000,238.8032684030937,0,6000000000,685001,691001,666001,25000,0,6000,0.6,0,0.6
2,229,1,10000000,176.96939000855485,1365949.9666701336,8000000000,691708,693308,684001,9307,7321,1600,0,2.196273709287682,2.196273709287682
2,230,1,10000000,178.72470730148086,1313551.9444965841,3000000000,694614,695214,687001,8213,7613,600,0,2.2838837950559645,2.2838837950559645
2,224,0,5000000,216.4112326105094,0,5000000000,691001,696001,669001,27000,0,5000,0.49999999999999994,0,0.49999999999999994
2,231,1,9000000,184.00238802798188,1170372.321163964,5000000000,698445,699445,690001,9444,7690,1000,0,2.3069581800386256,2.3069581800386256
2,233,1,2000000,184.32271916397065,1162322.6553657383,9000000000,699445,701245,696001,5244,1721,1800,0,0.516207782090596,0.516207782090596
2,225,0,3000000,198.18723470496278,0,9000000000,696001,705001,672001,33000,0,9000,0.8999999999999999,0,0.8999999999999999
2,234,1,9000000,182.6782291352749,1204392.4283716714,4000000000,706474,707274,699001,8273,7473,800,0,2.2417942328401863,2.2417942328401863
2,232,0,3000000,184.32271916397065,0,7000000000,705001,712001,693001,19000,0,7000,0.7,0,0.7
2,238,1,4000000,177.3013922675172,1355842.8184139358,10000000000,713951,715951,711001,4950,2950,2000,0,0.8850583443025936,0.8850583443025936
2,235,0,4000000,177.78784463511562,0,5000000000,712001,717001,702001,15000,0,5000,0.49999999999999994,0,0.49999999999999994
2,239,1,6000000,185.48594825484759,1133664.6814904336,4000000000,719294,720094,714001,6093,5293,800,0,1.5877710838036627,1.5877710838036627
2,236,0,4000000,173.39161513752617,0,9000000000,717001,726001,705001,21000,0,9000,0.8999999999999999,0,0.8999999999999999
2,237,0,8000000,169.99579553624264,0,3000000000,726001,729001,708001,21000,0,3000,0.3,0,0.3
2,240,0,5000000,197.2393231584412,0,6000000000,729001,735001,717001,18000,0,6000,0.6,0,0.6
2,241,0,9000000,211.94464489578402,0,2000000000,735001,737001,720001,17000,0,2000,0.19999999999999998,0,0.19999999999999998
2,242,0,2000000,228.98535084148943,0,3000000000,737001,740001,723001,17000,0,3000,0.3,0,0.3
2,248,0,9000000,209.80484384303432,0,9000000000,741001,750001,741001,9000,0,9000,0.8999999999999999,0,0.8999999999999999
2,243,1,2000000,230.8227406474501,474898.79777460924,10000000000,753761,755761,726001,29760,4211,2000,0,1.2634270771196283,1.2634270771196283
2,250,0,7000000,159.0450785154951,0,6000000000,750001,756001,747001,9000,0,6000,0.6,0,0.6
2,253,0,4000000,100.29789628900494,0,4000000000,756001,760001,756001,4000,0,4000,0.39999999999999997,0,0.39999999999999997
2,245,1,3000000,198.00506306657917,874591.3766901214,7000000000,764361,765761,732001,33760,3430,1400,0,1.0290519938648803,1.0290519938648803
2,255,0,10000000,78.18126693780295,0,4000000000,762001,766001,762001,4000,0,4000,0.39999999999999997,0,0.39999999999999997
2,246,1,2000000,186.400436158288,1111749.95186636,10000000000,767761,769761,735001,34760,1799,2000,0,0.5396897018009713,0.5396897018009713
2,249,1,7000000,183.82182677799716,1174940.2484674577,8000000000,772324,773924,744001,29923,5958,1600,0,1.7873249322585987,1.7873249322585987
2,247,1,4000000,199.99825049234806,840443.6205520194,2000000000,773561,773961,738001,35960,4759,400,0,1.427817370083453,1.427817370083453
2,244,1,9000000,213.25044548605283,651065.4518660036,3000000000,773961,774561,729001,45560,13823,600,0,4.147048491455956,4.147048491455956
2,251,1,3000000,136.84561008669584,3757188.461162686,5000000000,775324,776324,750001,26323,798,1000,0,0.23954081870077107,0.23954081870077107
2,252,1,9000000,117.92648981462985,6675005.426674242,2000000000,782124,782524,753001,29523,1348,400,0,0.40449405317491244,0.40449405317491244
2,260,0,3000000,78.99407382835749,0,8000000000,777001,785001,777001,8000,0,8000,0.7999999999999999,0,0.7999999999999999
2,254,1,10000000,84.57745444265868,22520212.945019558,2000000000,787524,787924,759001,28923,444,400,0,0.1332136604269305,0.1332136604269305
2,256,1,10000000,75.0933845288651,33435473.450352322,6000000000,790124,791324,765001,26323,299,1200,0,0.08972506414346551,0.08972506414346551
2,264,0,6000000,141.38216648502734,0,3000000000,789001,792001,789001,3000,0,3000,0.3,0,0.3
2,257,1,9000000,67.67557905182633,46066785.917061165,9000000000,791324,793124,768001,25123,195,1800,0,0.05861055739510656,0.05861055739510656
2,258,1,7000000,65.2783769712452,51165621.27144007,8000000000,794124,795724,771001,24723,137,1600,0,0.041043183837429345,0.041043183837429345
2,259,1,3000000,70.09482862522735,41460299.32276937,9000000000,795724,797524,774001,23523,72,1800,0,0.021707513324818992,0.021707513324818992
2,261,1,3000000,89.26252573168651,18666628.98707992,8000000000,797524,799124,780001,19123,161,1600,0,0.048214383037394365,0.048214383037394365
2,262,1,10000000,104.25893390976145,10624699.702673605,5000000000,800124,801124,783001,18123,941,1000,0,0.2823609216216321,0.2823609216216321
2,263,1,10000000,122.27969291750777,5809294.355767227,6000000000,801124,802324,786001,16323,1721,1200,0,0.5164138389754213,0.5164138389754213
2,265,1,3000000,160.9344338542874,1988611.016469988,8000000000,804524,806124,792001,14123,1509,1600,0,0.452577197122041,0.452577197122041
2,268,0,10000000,213.1409796355455,0,6000000000,801001,807001,801001,6000,0,6000,0.6,0,0.6
2,266,1,2000000,181.29996276888758,1241119.09692674,6000000000,806124,807324,795001,12323,1611,1200,0,0.4834346691511882,0.4834346691511882
2,267,1,4000000,202.0100089104498,807645.4313682627,7000000000,807324,808724,798001,10723,4953,1400,0,1.4858005176442768,1.4858005176442768
2,269,1,4000000,193.51187172884258,958137.6071188072,6000000000,808176,809376,804001,5375,4175,1200,0,1.2524297043391204,1.2524297043391204
2,271,0,6000000,179.5885720194913,0,6000000000,810001,816001,810001,6000,0,6000,0.6,0,0.6
2,270,1,10000000,184.78560117065396,1150812.078377993,8000000000,815691,817291,807001,10290,8690,1600,0,2.6068548083266005,2.6068548083266005
2,272,1,6000000,178.5358263766687,1319068.8341939375,9000000000,817550,819350,813001,6349,4549,1800,0,1.3645989908479281,1.3645989908479281
2,273,0,2000000,181.7092457746716,0,8000000000,816001,824001,816001,8000,0,8000,0.7999999999999999,0,0.7999999999999999
2,274,0,6000000,188.90540754568147,0,8000000000,824001,832001,819001,13000,0,8000,0.7999999999999999,0,0.7999999999999999
2,275,0,3000000,199.8062361389154,0,2000000000,832001,834001,822001,12000,0,2000,0.19999999999999998,0,0.19999999999999998
2,276,0,9000000,213.77936336325826,0,9000000000,834001,843001,825001,18000,0,9000,0.8999999999999999,0,0.8999999999999999
2,281,1,3000000,196.8195399344283,895723.1128373197,2000000000,843350,843750,840001,3749,3349,400,0,1.0047747870981387,1.0047747870981387
2,280,1,6000000,209.55627501938469,697975.7350816596,2000000000,845597,845997,837001,8996,8596,400,0,2.5788862126982237,2.5788862126982237
2,277,0,10000000,230.2274234317015,0,3000000000,843001,846001,828001,18000,0,3000,0.3,0,0.3
2,282,1,3000000,187.31219848157247,1090422.8302502148,8000000000,845997,847597,843001,4596,2751,1600,0,0.8253678986100105,0.8253678986100105
2,279,0,9000000,224.75027252486257,0,4000000000,846001,850001,834001,16000,0,4000,0.39999999999999997,0,0.39999999999999997
2,283,1,5000000,181.52249502472137,1235095.933910949,10000000000,850170,852170,846001,6169,4048,2000,0,1.2144805588098964,1.2144805588098964
2,278,1,10000000,242.05021503811975,392952.8845006223,10000000000,856449,858449,831001,27448,25448,2000,0,7.634503062148279,7.634503062148279
2,284,0,8000000,179.78519877898734,0,9000000000,850001,859001,849001,10000,0,9000,0.8999999999999999,0,0.8999999999999999
2,285,1,8000000,168.09023320823852,1674653.396201473,8000000000,858449,860049,852001,8048,4777,1600,0,1.4331323755971188,1.4331323755971188
2,286,0,7000000,146.14414049150238,0,2000000000,859001,861001,855001,6000,0,2000,0.19999999999999998,0,0.19999999999999998
2,288,1,8000000,102.38773217529533,11363148.723144948,2000000000,861877,862277,861001,1276,704,400,0,0.21120906348005258,0.21120906348005258
2,287,0,3000000,124.24372700462585,0,3000000000,861001,864001,858001,6000,0,3000,0.3,0,0.3
2,289,1,5000000,80.9627926889877,26121596.676859282,6000000000,864192,865392,864001,1391,191,1200,0,0.05742374857693239,0.05742374857693239
2,291,1,10000000,38.24959084748485,164342565.15845102,5000000000,871992,872992,870001,2991,61,1000,0,0.01825455259936796,0.01825455259936796
2,292,1,3000000,19.42731324707562,352562411.4243417,10000000000,873010,875010,873001,2009,9,2000,0,0.0025527395174205518,0.0025527395174205518
2,290,0,6000000,59.35574529900205,0,9000000000,867001,876001,867001,9000,0,9000,0.8999999999999999,0,0.8999999999999999
2,293,1,5000000,16.10212718866673,406441651.9839636,5000000000,876013,877013,876001,1012,12,1000,0,0.003690566635279751,0.003690566635279751
2,295,1,6000000,54.06667180435646,83773475.80466641,4000000000,882073,882873,882001,872,72,800,0,0.021486514469055074,0.021486514469055074
2,294,0,3000000,33.23334470076703,0,8000000000,879001,887001,879001,8000,0,8000,0.7999999999999999,0,0.7999999999999999
2,297,1,2000000,97.00956241525878,13852272.752568861,7000000000,889073,890473,888001,2472,144,1400,0,0.043314191881525854,0.043314191881525854
2,296,0,8000000,75.58361264189472,0,8000000000,887001,895001,885001,10000,0,8000,0.7999999999999999,0,0.7999999999999999
2,298,0,3000000,118.88129583748646,0,3000000000,895001,898001,891001,7000,0,3000,0.3,0,0.3
2,299,1,3000000,140.81248950288474,3360664.9995476175,9000000000,897073,898873,894001,4872,893,1800,0,0.2678041399904929,0.2678041399904929
2,300,1,3000000,162.76582442269634,1901759.0152869395,7000000000,899273,900673,897001,3672,1577,1400,0,0.47324608047892286,0.47324608047892286
2,301,0,3000000,119.89473424633805,0,8000000000,900001,908001,900001,8000,0,8000,0.7999999999999999,0,0.7999999999999999
2,303,1,5000000,166.31371320489478,1746487.6398195534,8000000000,912673,914273,906001,8272,2863,1600,0,0.8588666565971115,0.8588666565971115
2,302,0,8000000,136.6017049673979,0,8000000000,908001,916001,903001,13000,0,8000,0.7999999999999999,0,0.7999999999999999
2,306,0,3000000,203.11744410562082,0,8000000000,916001,924001,915001,9000,0,8000,0.7999999999999999,0,0.7999999999999999
2,304,1,6000000,185.4390263671592,1134803.5462310808,8000000000,924473,926073,909001,17072,5287,1600,0,1.5861776304613917,1.5861776304613917
2,305,1,5000000,192.00652931606265,988332.8945347483,7000000000,926473,927873,912001,15872,5059,1400,0,1.5177072505576332,1.5177072505576332
2,307,0,5000000,217.98456023305866,0,4000000000,924001,928001,918001,10000,0,4000,0.39999999999999997,0,0.39999999999999997
2,308,0,9000000,225.26461794964598,0,9000000000,928001,937001,921001,16000,0,9000,0.8999999999999999,0,0.8999999999999999
2,309,0,9000000,204.30402859464124,0,6000000000,937001,943001,924001,19000,0,6000,0.6,0,0.6
2,310,1,8000000,183.82461478267808,1174869.5477505752,2000000000,949873,950273,927001,23272,6809,400,0,2.0427799874420782,2.0427799874420782
2,311,1,8000000,167.90806115252477,1681848.6934554775,3000000000,950273,950873,930001,20872,4757,600,0,1.42700113829445,1.42700113829445
2,312,0,8000000,153.21495749436477,0,10000000000,943001,953001,933001,20000,0,10000,0.9999999999999999,0,0.9999999999999999
2,313,0,3000000,143.84233625744542,0,4000000000,953001,957001,936001,21000,0,4000,0.39999999999999997,0,0.39999999999999997
2,317,0,5000000,162.4282934097382,0,3000000000,957001,960001,948001,12000,0,3000,0.3,0,0.3
2,314,1,5000000,140.3831286159416,3401009.6455058856,5000000000,964273,965273,939001,26272,1470,1000,0,0.4410455001155639,0.4410455001155639
2,315,1,8000000,142.6032433011255,3198628.425436224,5000000000,968273,969273,942001,27272,2501,1000,0,0.7503216006318996,0.7503216006318996
2,319,0,6000000,200.31558351760853,0,10000000000,960001,970001,954001,16000,0,10000,0.9999999999999999,0,0.9999999999999999
2,316,1,9000000,151.13953586007864,2546508.7466033357,8000000000,970473,972073,945001,27072,3534,1600,0,1.0602751722731756,1.0602751722731756
2,323,0,10000000,212.73609801817835,0,6000000000,970001,976001,966001,10000,0,6000,0.6,0,0.6
2,318,1,3000000,179.80456640474958,1282556.0335971352,7000000000,976873,978273,951001,27272,2339,1400,0,0.7017237270139417,0.7017237270139417
2,326,1,5000000,170.32164424993087,1589544.384279959,4000000000,979818,980618,975001,5617,3146,800,0,0.9436666348133957,0.9436666348133957
2,320,1,3000000,220.37137223332797,571221.3471119684,3000000000,980673,981273,957001,24272,5252,600,0,1.5755713692254323,1.5755713692254323
2,325,1,7000000,187.42264137504836,1087874.1458462856,7000000000,980618,982018,972001,10017,6435,1400,0,1.9303703539772565,1.9303703539772565
2,322,1,7000000,234.2062736136673,448127.9383143657,2000000000,982018,982418,963001,19417,15621,400,0,4.6861617418881645,4.6861617418881645
2,324,0,3000000,197.39683710738632,0,8000000000,976001,984001,969001,15000,0,8000,0.7999999999999999,0,0.7999999999999999
2,321,1,5000000,243.65057459402797,382757.1678016083,6000000000,987473,988673,960001,28672,13063,1200,0,3.9189337945396336,3.9189337945396336
2,327,0,8000000,156.3561002967265,0,5000000000,984001,989001,978001,11000,0,5000,0.49999999999999994,0,0.49999999999999994
2,328,0,9000000,146.14867635391025,0,3000000000,989001,992001,981001,11000,0,3000,0.3,0,0.3
2,330,1,7000000,155.5156136855718,2276041.82005023,9000000000,991243,993043,987001,6042,3076,1800,0,0.9226544000644308,0.9226544000644308
2,332,1,4000000,133.18022563428852,4175950.322952595,6000000000,995043,996243,993001,3242,958,1200,0,0.2873597402259189,0.2873597402259189
3,1,0,3000000,219.47007108031832,0,8000000000,1,8001,1,8000,0,8000,0.7999999999999999,0,0.7999999999999999
3,2,0,6000000,214.59254809988164,0,3000000000,8001,11001,3001,8000,0,3000,0.3,0,0.3
3,4,1,2000000,192.6821984512321,974635.4315051726,4000000000,11053,11853,9001,2852,2052,800,0,0.615614803858909,0.615614803858909
3,6,1,2000000,175.75685164453765,1403668.1435949758,3000000000,16426,17026,15001,2025,1425,600,0,0.42745146189848143,0.42745146189848143
3,3,1,9000000,202.8207336541311,794879.6790359179,2000000000,17323,17723,6001,11722,11322,400,0,3.3967405020024373,3.3967405020024373
3,5,1,8000000,187.9598427856333,1075582.3679885683,4000000000,19439,20239,12001,8238,7438,800,0,2.2313493335598342,2.2313493335598342
3,8,1,9000000,124.78861206055629,5372456.6570814205,8000000000,22676,24276,21001,3275,1675,1600,0,0.5025633843767054,0.5025633843767054
3,7,0,9000000,149.28622508456704,0,7000000000,18001,25001,18001,7000,0,7000,0.7,0,0.7
3,9,1,6000000,98.22430249179672,13237666.044728566,7000000000,24454,25854,24001,1853,453,1400,0,0.13597563149863465,0.13597563149863465
3,10,1,8000000,71.68834284596065,38696282.530460514,7000000000,27208,28608,27001,1607,207,1400,0,0.062021461573493385,0.062021461573493385
3,11,1,3000000,47.162114032346004,112999837.9627847,4000000000,30028,30828,30001,827,27,800,0,0.007964613190829578,0.007964613190829578
3,12,1,4000000,20.958406427970694,330866440.21647036,7000000000,33013,34413,33001,1412,12,1400,0,0.00362684108794744,0.00362684108794744
3,14,1,7000000,31.03134222040683,220370467.0102871,4000000000,39033,39833,39001,832,32,800,0,0.009529407585735932,0.009529407585735932
3,13,0,2000000,6.153738700984919,0,4000000000,36001,40001,36001,4000,0,4000,0.39999999999999997,0,0.39999999999999997
3,15,0,7000000,57.46681912199419,0,3000000000,42001,45001,42001,3000,0,3000,0.3,0,0.3
3,16,0,5000000,81.93319778941863,0,3000000000,45001,48001,45001,3000,0,3000,0.3,0,0.3
3,18,1,8000000,135.0387118570079,3956826.3297560615,7000000000,53023,54423,51001,3422,2022,1400,0,0.6065467119321257,0.6065467119321257
3,17,0,10000000,108.46928828013947,0,8000000000,48001,56001,48001,8000,0,8000,0.7999999999999999,0,0.7999999999999999
3,20,1,4000000,186.11249286385902,1118592.900771367,2000000000,60577,60977,57001,3976,3576,400,0,1.0727763417526572,1.0727763417526572
3,19,0,10000000,161.60491329164466,0,5000000000,56001,61001,54001,7000,0,5000,0.49999999999999994,0,0.49999999999999994
3,21,0,5000000,205.30215098727044,0,4000000000,61001,65001,60001,5000,0,4000,0.39999999999999997,0,0.39999999999999997
3,22,1,2000000,183.25064938493398,1189536.9644908751,7000000000,64682,66082,63001,3081,1681,1400,0,0.5043979446715231,0.5043979446715231
3,23,0,8000000,168.6152582063675,0,2000000000,66001,68001,66001,2000,0,2000,0.19999999999999998,0,0.19999999999999998
3,24,0,7000000,158.66009265092467,0,6000000000,69001,75001,69001,6000,0,6000,0.6,0,0.6
3,25,0,10000000,168.19585309989066,0,9000000000,75001,84001,72001,12000,0,9000,0.8999999999999999,0,0.8999999999999999
3,26,0,9000000,182.53852333137792,0,7000000000,84001,91001,75001,16000,0,7000,0.7,0,0.7
3,28,1,9000000,218.99018836468454,585710.2579205522,10000000000,96367,98367,81001,17366,15366,2000,0,4.609787797785569,4.609787797785569
3,32,1,2000000,234.52462770464,445707.1401446176,3000000000,98367,98967,93001,5966,4487,600,0,1.3461754276705538,1.3461754276705538
3,27,0,8000000,198.237014707143,0,8000000000,91001,99001,78001,21000,0,8000,0.7999999999999999,0,0.7999999999999999
3,31,1,5000000,217.32868241444797,603752.4187885129,2000000000,98967,99367,90001,9366,8282,400,0,2.4844620962511317,2.4844620962511317
3,30,1,6000000,236.42561049937035,431586.53433907015,3000000000,100903,101503,87001,14502,13902,600,0,4.170658388952085,4.170658388952085
3,34,1,4000000,228.57921974667775,493755.1435068264,4000000000,107102,107902,99001,8901,8101,800,0,2.4303544292767643,2.4303544292767643
3,29,0,8000000,240.24169600633442,0,9000000000,99001,108001,84001,24000,0,9000,0.8999999999999999,0,0.8999999999999999
3,33,0,7000000,243.81896091157472,0,3000000000,108001,111001,96001,15000,0,3000,0.3,0,0.3
3,36,1,3000000,226.54924519847782,511627.9634080092,10000000000,110865,112865,105001,7864,5864,2000,0,1.7590907150676494,1.7590907150676494
3,35,0,9000000,242.96348799768248,0,6000000000,111001,117001,102001,15000,0,6000,0.6,0,0.6
3,39,1,6000000,184.20410961756525,1165295.165042097,10000000000,119305,121305,114001,7304,5149,2000,0,1.5446730184750865,1.5446730184750865
3,37,0,8000000,208.78815220217837,0,7000000000,117001,124001,108001,16000,0,7000,0.7,0,0.7
3,41,1,2000000,179.0953338308958,1302809.693952219,9000000000,122905,124705,120001,4704,1535,1800,0,0.4605430883614573,0.4605430883614573
3,40,1,7000000,179.03917448424522,1304430.378387922,4000000000,124705,125505,117001,8504,5366,800,0,1.6098981093918414,1.6098981093918414
3,43,1,5000000,191.66167718143342,995416.2611150978,3000000000,133305,133905,126001,7904,5023,600,0,1.5069072694469057,1.5069072694469057
3,38,0,7000000,194.30165336404116,0,10000000000,124001,134001,111001,23000,0,10000,0.9999999999999999,0,0.9999999999999999
3,44,1,9000000,173.4168379944693,1480189.5323447003,5000000000,135505,136505,129001,7504,6080,1000,0,1.824090726897017,1.824090726897017
3,42,0,2000000,184.35816797744542,0,6000000000,134001,140001,123001,17000,0,6000,0.6,0,0.6
3,46,1,4000000,131.16738161601,4430344.481872434,4000000000,139905,140705,135001,5704,903,800,0,0.2708592988445977,0.2708592988445977
3,45,0,5000000,151.78970749033022,0,2000000000,140001,142001,132001,10000,0,2000,0.19999999999999998,0,0.19999999999999998
3,48,1,6000000,96.37299673663776,14187799.076643959,7000000000,143905,145305,141001,4304,423,1400,0,0.1268695722483955,0.1268695722483955
3,47,0,9000000,112.96699031132944,0,8000000000,142001,150001,138001,12000,0,8000,0.7999999999999999,0,0.7999999999999999
3,49,0,4000000,83.81104521481643,0,4000000000,150001,154001,144001,10000,0,4000,0.39999999999999997,0,0.39999999999999997
3,52,1,2000000,74.04672646376741,34964387.32730211,7000000000,153705,155105,153001,2104,57,1400,0,0.017160317850943352,0.017160317850943352
3,50,0,3000000,77.0150926766955,0,2000000000,154001,156001,147001,9000,0,2000,0.19999999999999998,0,0.19999999999999998
3,51,0,6000000,79.81153049528618,0,6000000000,156001,162001,150001,12000,0,6000,0.6,0,0.6
3,54,1,10000000,35.21232170703886,186102239.0401095,10000000000,160305,162305,159001,3304,54,2000,0,0.016120171447015358,0.016120171447015358
3,55,1,3000000,21.033594557278978,329843760.4796365,2000000000,162905,163305,162001,1304,9,400,0,0.002728564574607326,0.002728564574607326
3,53,0,5000000,57.0729445534397,0,3000000000,162001,165001,156001,9000,0,3000,0.3,0,0.3
3,56,1,5000000,29.24881194168407,236720211.01427686,10000000000,165022,167022,165001,2021,21,2000,0,0.006336594554275441,0.006336594554275441
3,57,1,6000000,49.79025004958298,100911631.92190042,7000000000,172222,173622,168001,5621,59,1400,0,0.017837388670843144,0.017837388670843144
3,58,1,8000000,61.6683387160705,59969940.76385691,8000000000,176222,177822,171001,6821,133,1600,0,0.04002004953532401,0.04002004953532401
3,59,1,8000000,46.17304841571542,117880691.9042041,3000000000,180422,181022,174001,7021,68,600,0,0.020359568316330914,0.020359568316330914
3,60,1,5000000,24.810910906292833,282882121.4208142,6000000000,182822,184022,177001,7021,18,1200,0,0.005302562044098243,0.005302562044098243
3,61,1,2000000,24.91563765991141,281691038.54213667,10000000000,186822,188822,180001,8821,7,2000,0,0.0021299932120852653,0.0021299932120852653
3,64,0,10000000,69.12049840676791,0,2000000000,189001,191001,189001,2000,0,2000,0.19999999999999998,0,0.19999999999999998
3,62,1,2000000,46.40205275631672,116733920.43495747,7000000000,190822,192222,183001,9221,17,1400,0,0.005139894194972332,0.005139894194972332
3,63,1,4000000,68.51490713706029,44410007.87032469,2000000000,195822,196222,186001,10221,90,400,0,0.027020936440811903,0.027020936440811903
3,65,1,7000000,80.5673488455466,26553728.81873851,5000000000,201622,202622,192001,10621,264,1000,0,0.07908493810172777,0.07908493810172777
3,66,1,5000000,101.0807226923116,11915432.287622409,8000000000,203222,204822,195001,9821,420,1600,0,0.12588716580246775,0.12588716580246775
3,67,1,6000000,113.4876645279125,7724841.694064506,6000000000,206222,207422,198001,9421,777,1200,0,0.2330144838285885,0.2330144838285885
3,68,0,9000000,137.14501558569305,0,9000000000,201001,210001,201001,9000,0,9000,0.8999999999999999,0,0.8999999999999999
3,69,1,2000000,167.9268888534531,1681103.2750103688,7000000000,210422,211822,204001,7821,1190,1400,0,0.3569084713110795,0.3569084713110795
3,70,0,6000000,191.93120772818577,0,7000000000,210001,217001,207001,10000,0,7000,0.7,0,0.7
3,71,0,4000000,218.30819613564674,0,9000000000,217001,226001,210001,16000,0,9000,0.8999999999999999,0,0.8999999999999999
3,73,0,7000000,170.5327112315992,0,8000000000,226001,234001,216001,18000,0,8000,0.7999999999999999,0,0.7999999999999999
3,74,0,4000000,145.7417970247382,0,4000000000,234001,238001,219001,19000,0,4000,0.39999999999999997,0,0.39999999999999997
3,75,0,4000000,122.07024289318015,0,5000000000,238001,243001,222001,21000,0,5000,0.49999999999999994,0,0.49999999999999994
3,77,0,3000000,86.49557965584135,0,9000000000,243001,252001,228001,24000,0,9000,0.8999999999999999,0,0.8999999999999999
3,85,1,6000000,157.2654981233964,2177907.081532605,2000000000,254756,255156,252001,3155,2755,400,0,0.8264815405868143,0.8264815405868143
3,78,0,5000000,73.58930153222003,0,5000000000,252001,257001,231001,26000,0,5000,0.49999999999999994,0,0.49999999999999994
3,79,0,5000000,68.36129021602798,0,2000000000,257001,259001,234001,25000,0,2000,0.19999999999999998,0,0.19999999999999998
3,80,0,5000000,73.88349274364336,0,10000000000,259001,269001,237001,32000,0,10000,0.9999999999999999,0,0.9999999999999999
3,82,0,9000000,111.65438504599804,0,4000000000,269001,273001,243001,30000,0,4000,0.39999999999999997,0,0.39999999999999997
3,90,1,9000000,183.49388899906182,1183293.439711752,4000000000,274607,275407,267001,8406,7606,800,0,2.2817670658748135,2.2817670658748135
3,92,1,5000000,154.86094149268237,2314159.539520671,5000000000,275407,276407,273001,3406,2161,1000,0,0.6481834870860689,0.6481834870860689
3,93,1,7000000,146.728711914199,2860525.991584975,3000000000,278448,279048,276001,3047,2447,600,0,0.7341307179790459,0.7341307179790459
3,94,1,3000000,143.58127175923744,3114198.1014364385,4000000000,279964,280764,279001,1763,963,800,0,0.2889989559703574,0.2889989559703574
3,72,1,10000000,193.7066661217419,954314.6887241355,3000000000,280458,281058,213001,68057,10479,600,0,3.143617126978135,3.143617126978135
3,84,0,8000000,161.32160301707893,0,9000000000,273001,282001,249001,33000,0,9000,0.8999999999999999,0,0.8999999999999999
3,76,1,7000000,100.31055976316749,12255843.316526258,8000000000,283458,285058,225001,60057,571,1600,0,0.17134683805628273,0.17134683805628273
3,95,1,7000000,158.87472580621503,2092247.4326465973,4000000000,285347,286147,282001,4146,3346,800,0,1.00370537787856,1.00370537787856
3,86,0,6000000,145.73078912844736,0,6000000000,282001,288001,255001,33000,0,6000,0.6,0,0.6
3,96,1,10000000,186.48444680455262,1109763.26731712,5000000000,294012,295012,285001,10011,9011,1000,0,2.7032792383303277,2.7032792383303277
3,87,0,2000000,158.47166876132778,0,10000000000,288001,298001,258001,40000,0,10000,0.9999999999999999,0,0.9999999999999999
3,88,0,3000000,174.85128109339092,0,6000000000,298001,304001,261001,43000,0,6000,0.6,0,0.6
3,81,1,3000000,89.17914105888212,18728202.14956291,4000000000,305058,305858,240001,65857,160,800,0,0.04805586744593125,0.04805586744593125
3,100,1,6000000,205.06399123200543,760844.3304873462,8000000000,304887,306487,297001,9486,7886,1600,0,2.365792748757213,2.365792748757213
3,101,1,6000000,184.61928203738637,1154931.5763893428,6000000000,305437,306637,300001,6636,5195,1200,0,1.5585338878925898,1.5585338878925898
3,89,0,5000000,193.08419225819603,0,5000000000,304001,309001,264001,45000,0,5000,0.49999999999999994,0,0.49999999999999994
3,103,1,3000000,180.19087657259453,1271688.7659099547,4000000000,308360,309160,306001,3159,2359,800,0,0.7077203354517382,0.7077203354517382
3,91,0,9000000,167.46945661821445,0,5000000000,309001,314001,270001,44000,0,5000,0.49999999999999994,0,0.49999999999999994
3,97,0,6000000,202.13649497307506,0,3000000000,314001,317001,288001,29000,0,3000,0.3,0,0.3
3,83,1,6000000,137.4958417553054,3688392.096403999,3000000000,317858,318458,246001,72457,1627,600,0,0.4880175298485515,0.4880175298485515
3,107,1,2000000,213.11131551374746,652759.6358576416,5000000000,324167,325167,318001,7166,3064,1000,0,0.9191744817549538,0.9191744817549538
3,98,0,5000000,159.204405089809,0,9000000000,317001,326001,291001,35000,0,9000,0.8999999999999999,0,0.8999999999999999
3,99,0,9000000,175.70149714786155,0,4000000000,326001,330001,294001,36000,0,4000,0.39999999999999997,0,0.39999999999999997
3,109,1,9000000,179.1801975665838,1300365.3857208705,9000000000,334767,336567,324001,12566,6921,1800,0,2.0763394886147544,2.0763394886147544
3,102,0,3000000,173.302259073562,0,8000000000,330001,338001,303001,35000,0,8000,0.7999999999999999,0,0.7999999999999999
3,113,1,7000000,163.87606323072322,1851392.7474347006,7000000000,340567,341967,336001,5966,3781,1400,0,1.134281206896684,1.134281206896684
3,104,0,5000000,194.29314784623773,0,4000000000,338001,342001,309001,33000,0,4000,0.39999999999999997,0,0.39999999999999997
3,114,1,6000000,155.46476513988628,2278974.4513984662,6000000000,346167,347367,339001,8366,2633,1200,0,0.789828950866672,0.789828950866672
3,105,0,4000000,211.5406391216591,0,9000000000,342001,351001,312001,39000,0,9000,0.8999999999999999,0,0.8999999999999999
3,116,1,2000000,164.8061364148799,1810467.9944556574,4000000000,351767,352567,345001,7566,1105,800,0,0.33140602420889437,0.33140602420889437
3,117,1,7000000,164.82776980836695,1809529.5171371442,8000000000,351869,353469,348001,5468,3868,1600,0,1.1605226552603625,1.1605226552603625
3,106,0,4000000,235.86338121887422,0,7000000000,351001,358001,315001,43000,0,7000,0.7,0,0.7
3,120,1,7000000,113.74541485264362,7658636.642064894,7000000000,357915,359315,357001,2314,914,1400,0,0.274200239304447,0.274200239304447
3,108,0,10000000,192.24404932272935,0,2000000000,358001,360001,321001,39000,0,2000,0.19999999999999998,0,0.19999999999999998
3,110,0,2000000,169.58110419501338,0,2000000000,360001,362001,327001,35000,0,2000,0.19999999999999998,0,0.19999999999999998
3,121,1,10000000,117.07509086052421,6862251.257819151,4000000000,361458,362258,360001,2257,1457,800,0,0.4371743160208056,0.4371743160208056
3,122,1,9000000,113.4960937653803,7722665.645752095,4000000000,364449,365249,363001,2248,1165,800,0,0.34962021196465415,0.34962021196465415
3,111,0,2000000,168.02141440899732,0,9000000000,362001,371001,330001,41000,0,9000,0.8999999999999999,0,0.8999999999999999
3,124,1,4000000,99.14878718370689,12791489.02780213,10000000000,369314,371314,369001,2313,313,2000,0,0.09381237769831301,0.09381237769831301
3,125,1,5000000,104.27780444562495,10617550.10491538,9000000000,373114,374914,372001,2913,471,1800,0,0.1412755282695183,0.1412755282695183
3,115,0,7000000,155.83418912420981,0,4000000000,371001,375001,342001,33000,0,4000,0.39999999999999997,0,0.39999999999999997
3,126,1,8000000,117.14889030631062,6845770.1253059115,9000000000,376170,377970,375001,2969,1169,1800,0,0.35058144753184406,0.35058144753184406
3,118,0,5000000,140.01474565202057,0,7000000000,375001,382001,351001,31000,0,7000,0.7,0,0.7
3,119,0,8000000,121.96279965628864,0,3000000000,382001,385001,354001,31000,0,3000,0.3,0,0.3
3,123,0,9000000,103.0665323953416,0,5000000000,385001,390001,366001,24000,0,5000,0.49999999999999994,0,0.49999999999999994
3,127,0,7000000,135.5531969375861,0,4000000000,390001,394001,378001,16000,0,4000,0.39999999999999997,0,0.39999999999999997
3,129,1,10000000,177.72506632436517,1343079.530076442,8000000000,392717,394317,384001,10316,7446,1600,0,2.233672640241381,2.233672640241381
3,131,1,7000000,182.28370552520596,1214765.5884187233,2000000000,396317,396717,390001,6716,5762,400,0,1.7287285876558276,1.7287285876558276
3,128,0,4000000,157.49677457014792,0,5000000000,394001,399001,381001,18000,0,5000,0.49999999999999994,0,0.49999999999999994
3,133,1,6000000,157.261765219649,2178110.7848846638,8000000000,399124,400724,396001,4723,2755,1600,0,0.8264042455927302,0.8264042455927302
3,130,0,4000000,183.1157123242023,0,2000000000,399001,401001,387001,14000,0,2000,0.19999999999999998,0,0.19999999999999998
3,132,0,7000000,168.9269765312811,0,2000000000,401001,403001,393001,10000,0,2000,0.19999999999999998,0,0.19999999999999998
3,136,1,8000000,149.10231151796407,2685948.6796889384,5000000000,409509,410509,405001,5508,2978,1000,0,0.8935390382358108,0.8935390382358108
3,134,0,4000000,150.8983850145521,0,10000000000,403001,413001,399001,14000,0,10000,0.9999999999999999,0,0.9999999999999999
3,138,1,2000000,158.68586956625975,2102081.397823813,8000000000,411952,413552,411001,2551,951,1600,0,0.28543138273387136,0.28543138273387136
3,135,0,9000000,150.43888626282765,0,2000000000,413001,415001,402001,13000,0,2000,0.19999999999999998,0,0.19999999999999998
3,137,0,8000000,151.7041357379554,0,3000000000,415001,418001,408001,10000,0,3000,0.3,0,0.3
3,140,1,4000000,179.3210096447151,1296322.1775036354,9000000000,420087,421887,417001,4886,3086,1800,0,0.9256958037321202,0.9256958037321202
3,139,1,10000000,169.95015416291918,1603334.3852551198,5000000000,421887,422887,414001,8886,6237,1000,0,1.8711006435021633,1.8711006435021633
3,141,1,9000000,186.22416599356808,1115932.7938766838,8000000000,428066,429666,420001,9665,8065,1600,0,2.4195005423403333,2.4195005423403333
3,143,0,10000000,215.29211086335698,0,6000000000,426001,432001,426001,6000,0,6000,0.6,0,0.6
3,142,1,10000000,204.002906842035,776712.2550023429,3000000000,435876,436476,423001,13475,12875,600,0,3.8624342292512828,3.8624342292512828
3,144,0,8000000,216.15270643690772,0,5000000000,432001,437001,429001,8000,0,5000,0.49999999999999994,0,0.49999999999999994
3,145,1,7000000,219.16974654363224,583800.9435323458,10000000000,443991,445991,432001,13990,11990,2000,0,3.597116488530732,3.597116488530732
3,147,1,9000000,185.47660175882027,1133891.4215449688,2000000000,445991,446391,438001,8390,7937,400,0,2.381180374679218,2.381180374679218
3,149,1,3000000,175.9304322736689,1398189.9192889892,2000000000,446391,446791,444001,2790,2146,400,0,0.6436893783769162,0.6436893783769162
3,146,1,10000000,200.71438538380852,828581.3424708174,10000000000,447070,449070,435001,14069,12069,2000,0,3.620646333954424,3.620646333954424
3,148,1,8000000,178.98539856647523,1305984.630103032,7000000000,449070,450470,441001,9469,6126,1400,0,1.837693909009219,1.837693909009219
3,151,1,4000000,186.55685085249482,1108054.598667504,5000000000,453611,454611,450001,4610,3610,1000,0,1.0829791252552585,1.0829791252552585
3,150,1,9000000,179.7373263960494,1284459.3396708178,10000000000,454611,456611,447001,9610,7007,2000,0,2.1020517478521024,2.1020517478521024
3,152,0,9000000,200.04123674882635,0,6000000000,453001,459001,453001,6000,0,6000,0.6,0,0.6
3,153,1,4000000,218.3773362782869,592285.8813169926,7000000000,462754,464154,456001,8153,6753,1400,0,2.0260486326834415,2.0260486326834415
3,154,0,9000000,240.35584141018913,0,6000000000,459001,465001,459001,6000,0,6000,0.6,0,0.6
3,155,0,6000000,222.477017464726,0,5000000000,465001,470001,462001,8000,0,5000,0.49999999999999994,0,0.49999999999999994
3,157,1,2000000,190.3524583502929,1022890.1828315466,3000000000,470520,471120,468001,3119,1955,600,0,0.5865732314871676,0.5865732314871676
3,156,1,6000000,203.1347897333197,790002.1367230697,9000000000,473720,475520,465001,10519,7595,1800,0,2.2784748500382586,2.2784748500382586
3,158,1,2000000,189.4850519170312,1041613.6260519349,3000000000,475520,476120,471001,5119,1920,600,0,0.5760293308318184,0.5760293308318184
3,159,1,7000000,189.4850519170312,1041613.6260519349,9000000000,483520,485320,474001,11319,6720,1800,0,2.0161026579113646,2.0161026579113646
3,160,1,5000000,187.97340902372335,1075274.2005189364,2000000000,485320,485720,477001,8719,4650,400,0,1.3949930159917232,1.3949930159917232
3,161,0,10000000,182.01794664263193,0,10000000000,480001,490001,480001,10000,0,10000,0.9999999999999999,0,0.9999999999999999
3,162,1,9000000,177.4040613965757,1352736.0929261402,4000000000,491720,492520,483001,9519,6653,800,0,1.9959547276953014,1.9959547276953014
3,164,1,4000000,187.60172333963243,1083757.2161741834,2000000000,495320,495720,489001,6719,3691,400,0,1.1072590632763397,1.1072590632763397
3,165,1,3000000,201.6094405031669,814047.0884738668,8000000000,496320,497920,492001,5919,3685,1600,0,1.1055871493715101,1.1055871493715101
3,163,0,7000000,179.21638457462532,0,9000000000,490001,499001,486001,13000,0,9000,0.8999999999999999,0,0.8999999999999999
3,166,0,6000000,220.23139876048552,0,2000000000,499001,501001,495001,6000,0,2000,0.19999999999999998,0,0.19999999999999998
3,167,0,5000000,242.44559245323478,0,7000000000,501001,508001,498001,10000,0,7000,0.7,0,0.7
3,170,0,2000000,230.7653936360476,0,5000000000,508001,513001,507001,6000,0,5000,0.49999999999999994,0,0.49999999999999994
3,168,1,5000000,228.1211472003418,497719.3000404037,10000000000,511047,513047,501001,12046,10046,2000,0,3.0137469048884253,3.0137469048884253
3,169,1,3000000,246.98979614550876,362525.03444165195,4000000000,513047,513847,504001,9846,8275,800,0,2.482587171907032,2.482587171907032
3,171,0,7000000,209.07455536243523,0,2000000000,513001,515001,510001,5000,0,2000,0.19999999999999998,0,0.19999999999999998
3,172,1,3000000,211.0736328867251,678213.8407083884,9000000000,518507,520307,513001,7306,4423,1800,0,1.3270150887218077,1.3270150887218077
3,173,0,3000000,211.11727167619418,0,9000000000,516001,525001,516001,9000,0,9000,0.8999999999999999,0,0.8999999999999999
3,174,0,10000000,191.81554942183385,0,10000000000,525001,535001,519001,16000,0,10000,0.9999999999999999,0,0.9999999999999999
3,177,1,5000000,218.29599744383773,593165.5150633,5000000000,537586,538586,528001,10585,8429,1000,0,2.5288051343307214,2.5288051343307214
3,176,0,10000000,209.03731532910575,0,8000000000,535001,543001,525001,18000,0,8000,0.7999999999999999,0,0.7999999999999999
3,181,0,2000000,163.38859752136926,0,6000000000,543001,549001,540001,9000,0,6000,0.6,0,0.6
3,185,1,3000000,197.7894216079313,878388.5726001408,7000000000,555416,556816,552001,4815,3415,1400,0,1.0246034933445076,1.0246034933445076
3,183,0,9000000,180.12350790499278,0,10000000000,549001,559001,546001,13000,0,10000,0.9999999999999999,0,0.9999999999999999
3,184,0,6000000,213.40207801237548,0,4000000000,559001,563001,549001,14000,0,4000,0.39999999999999997,0,0.39999999999999997
3,175,1,7000000,174.8087083071092,1434066.98200871,4000000000,563027,563827,522001,41826,4881,800,0,1.4643667460068788,1.4643667460068788
3,186,0,8000000,196.51949343512973,0,3000000000,563001,566001,555001,11000,0,3000,0.3,0,0.3
3,190,1,3000000,129.6925017107774,4628896.45669315,10000000000,569416,571416,567001,4415,648,2000,0,0.19443079110111558,0.19443079110111558
3,187,0,3000000,196.51949343512973,0,6000000000,566001,572001,558001,14000,0,6000,0.6,0,0.6
3,178,1,2000000,204.0092399868202,776616.3295723706,10000000000,570427,572427,531001,41426,2575,2000,0,0.7725822612181988,0.7725822612181988
3,192,1,10000000,76.71459900175452,31210369.70159309,2000000000,577416,577816,573001,4815,320,400,0,0.09612189886513485,0.09612189886513485
3,179,1,3000000,184.41052030727533,1160128.3181899984,4000000000,577027,577827,534001,43826,2586,800,0,0.7757762532718417,0.7757762532718417
3,188,0,7000000,187.4802442925654,0,8000000000,572001,580001,561001,19000,0,8000,0.7999999999999999,0,0.7999999999999999
3,193,1,2000000,66.86548960412986,47727650.18198131,8000000000,579016,580616,576001,4615,42,1600,0,0.012571329150131068,0.012571329150131068
3,180,1,6000000,167.73422131455467,1688750.707391182,3000000000,581427,582027,537001,45026,3553,600,0,1.065876681574084,1.065876681574084
3,197,1,8000000,47.59721105274971,110911394.41732505,2000000000,588073,588473,588001,472,72,400,0,0.021638894836805922,0.021638894836805922
3,189,0,9000000,162.22449876637006,0,10000000000,580001,590001,564001,26000,0,10000,0.9999999999999999,0,0.9999999999999999
3,182,1,9000000,162.21524589261026,1927366.336437035,4000000000,593627,594427,543001,51426,4670,800,0,1.4008753545998267,1.4008753545998267
3,191,0,10000000,100.05718065186525,0,8000000000,590001,598001,570001,28000,0,8000,0.7999999999999999,0,0.7999999999999999
3,201,1,3000000,128.94595030476918,4733557.317173147,10000000000,600635,602635,600001,2634,634,2000,0,0.1901318479306964,0.1901318479306964
3,194,0,4000000,40.86196887082166,0,7000000000,598001,605001,579001,26000,0,7000,0.7,0,0.7
3,202,1,10000000,139.610262158625,3475147.254488757,7000000000,606259,607659,603001,4658,2878,1400,0,0.863272770995525,0.863272770995525
3,203,1,8000000,124.71072969075274,5385400.515559518,8000000000,608459,610059,606001,4058,1485,1600,0,0.44564930557456434,0.44564930557456434
3,195,0,3000000,11.678171945985355,0,6000000000,605001,611001,582001,29000,0,6000,0.6,0,0.6
3,205,1,10000000,132.48734430125768,4261444.706450418,5000000000,614348,615348,612001,3347,2347,1000,0,0.7039866070440836,0.7039866070440836
3,196,0,3000000,18.30014480817022,0,6000000000,611001,617001,585001,32000,0,6000,0.6,0,0.6
3,207,1,10000000,153.99232773096196,2365961.962484496,6000000000,622228,623428,618001,5427,4227,1200,0,1.2679831914329258,1.2679831914329258
3,198,0,3000000,76.99576936429689,0,7000000000,617001,624001,591001,33000,0,7000,0.7,0,0.7
3,208,1,9000000,148.27229039844227,2745459.001401001,5000000000,625628,626628,621001,5627,3278,1000,0,0.983442112456313,0.983442112456313
3,210,1,3000000,130.20178339792432,4559124.674259513,4000000000,627659,628459,627001,1458,658,800,0,0.19740631465538433,0.19740631465538433
3,199,0,2000000,106.40173870759821,0,7000000000,624001,631001,594001,37000,0,7000,0.7,0,0.7
3,200,0,7000000,124.568404501302,0,8000000000,631001,639001,597001,42000,0,8000,0.7999999999999999,0,0.7999999999999999
3,213,1,6000000,162.93115754821113,1894151.8873803504,10000000000,639169,641169,636001,5168,3168,2000,0,0.9502933803737543,0.9502933803737543
3,204,0,3000000,126.18963863962841,0,4000000000,639001,643001,609001,34000,0,4000,0.39999999999999997,0,0.39999999999999997
3,214,1,6000000,169.33958928732525,1626323.314131859,7000000000,642690,644090,639001,5089,3689,1400,0,1.1067909955904744,1.1067909955904744
3,206,0,4000000,142.9945331122837,0,7000000000,643001,650001,615001,35000,0,7000,0.7,0,0.7
3,217,1,3000000,164.43354554348085,1826726.5089101915,6000000000,649643,650843,648001,2842,1642,1200,0,0.49268458940628823,0.49268458940628823
3,216,1,9000000,173.3880252497271,1481163.624342614,3000000000,651077,651677,645001,6676,6076,600,0,1.8228911077925931,1.8228911077925931
3,209,0,10000000,137.30171521142773,0,3000000000,650001,653001,624001,29000,0,3000,0.3,0,0.3
3,218,1,7000000,160.9340759441579,1988628.4652330112,8000000000,655515,657115,651001,6114,3520,1600,0,1.0560041942042397,1.0560041942042397
3,220,1,2000000,171.39836201084304,1550399.4999606356,3000000000,658291,658891,657001,1890,1290,600,0,0.386997028840137,0.386997028840137
3,211,0,3000000,127.67331475292714,0,7000000000,653001,660001,630001,30000,0,7000,0.7,0,0.7
3,221,1,5000000,182.52373790825126,1208441.2729183913,8000000000,667161,668761,660001,8760,4138,1600,0,1.2412684286903684,1.2412684286903684
3,212,0,5000000,142.88687868380356,0,10000000000,660001,670001,633001,37000,0,10000,0.9999999999999999,0,0.9999999999999999
3,225,1,4000000,159.29879158361499,2070372.7386814915,4000000000,674265,675065,672001,3064,1932,800,0,0.5796057770564614,0.5796057770564614
3,215,0,2000000,173.19181071863645,0,8000000000,670001,678001,642001,36000,0,8000,0.7999999999999999,0,0.7999999999999999
3,226,1,3000000,149.85363125396728,2633450.3669000254,7000000000,677516,678916,675001,3915,1139,1400,0,0.3417569631507572,0.3417569631507572
3,219,0,10000000,163.35406484076236,0,3000000000,678001,681001,654001,27000,0,3000,0.3,0,0.3
3,228,1,9000000,139.65659347127155,3470647.129782172,9000000000,684788,686588,681001,5587,2593,1800,0,0.77795290014674,0.77795290014674
3,222,0,3000000,198.26487258210918,0,7000000000,681001,688001,663001,25000,0,7000,0.7,0,0.7
3,230,1,5000000,146.6802484999258,2864234.247880683,2000000000,688747,689147,687001,2146,1746,400,0,0.5237001830803073,0.5237001830803073
3,223,0,5000000,197.62763394829176,0,3000000000,688001,691001,666001,25000,0,3000,0.3,0,0.3
3,224,0,3000000,176.8836976660088,0,6000000000,691001,697001,669001,28000,0,6000,0.6,0,0.6
3,231,1,9000000,159.62429013154608,2053774.4841021863,4000000000,696924,697724,690001,7723,4382,800,0,1.314652616876927,1.314652616876927
3,233,1,3000000,135.70115585358886,3882154.0879047113,7000000000,696774,698174,696001,2173,773,1400,0,0.23183005610314425,0.23183005610314425
3,227,0,5000000,145.63609614377884,0,2000000000,697001,699001,678001,21000,0,2000,0.19999999999999998,0,0.19999999999999998
3,234,1,6000000,115.4712518335191,7232626.542180702,5000000000,701574,702574,699001,3573,830,1000,0,0.24887224433646532,0.24887224433646532
3,229,0,5000000,139.64230770078242,0,5000000000,699001,704001,684001,20000,0,5000,0.49999999999999994,0,0.49999999999999994
3,235,1,8000000,100.93785910152836,11977719.124509705,4000000000,704374,705174,702001,3173,668,800,0,0.2003720387038414,0.2003720387038414
3,232,0,9000000,159.54114829723395,0,5000000000,704001,709001,693001,16000,0,5000,0.49999999999999994,0,0.49999999999999994
3,238,1,9000000,110.74916026769688,8472833.09743969,8000000000,713974,715574,711001,4573,1062,1600,0,0.3186655477511864,0.3186655477511864
3,236,0,5000000,94.7591325414073,0,9000000000,709001,718001,705001,13000,0,9000,0.8999999999999999,0,0.8999999999999999
3,239,1,6000000,128.2689600020208,4830984.557517536,4000000000,718174,718974,714001,4973,1242,800,0,0.372594856921868,0.372594856921868
3,237,0,3000000,98.28872773619563,0,4000000000,718001,722001,708001,14000,0,4000,0.39999999999999997,0,0.39999999999999997
3,240,1,9000000,143.15964969222304,3150254.1014788663,7000000000,723574,724974,717001,7973,2857,1400,0,0.8570737194604405,0.8570737194604405
3,241,0,2000000,162.18696433437557,0,6000000000,722001,728001,720001,8000,0,6000,0.6,0,0.6
3,242,1,5000000,179.79154624175186,1282924.3104324702,2000000000,731774,732174,723001,9173,3897,400,0,1.169203816470166,1.169203816470166
3,245,0,8000000,170.996623650878,0,4000000000,732001,736001,732001,4000,0,4000,0.39999999999999997,0,0.39999999999999997
3,243,1,6000000,196.86753008050874,894855.4281086748,3000000000,736174,736774,726001,10773,6705,600,0,2.011498107358411,2.011498107358411
3,246,1,3000000,146.1482931819596,2905330.5699255574,5000000000,737307,738307,735001,3306,1033,1000,0,0.30977542084757004,0.30977542084757004
3,244,1,7000000,194.9758459399523,929866.0242738749,5000000000,738307,739307,729001,10306,7528,1000,0,2.258389859592809,2.258389859592809
3,247,1,4000000,121.31295272970642,5989124.298671012,5000000000,739307,740307,738001,2306,668,1000,0,0.20036318168689207,0.20036318168689207
3,248,1,9000000,96.96907806099837,13873330.463343984,9000000000,741650,743450,741001,2449,649,1800,0,0.1946180123895932,0.1946180123895932
3,249,0,2000000,72.95464687050439,0,3000000000,744001,747001,744001,3000,0,3000,0.3,0,0.3
3,250,1,5000000,48.287419686705135,107670460.2003881,10000000000,747047,749047,747001,2046,46,2000,0,0.013931397685199019,0.013931397685199019
3,251,1,5000000,24.062445844094874,291555431.3999172,9000000000,750018,751818,750001,1817,17,1800,0,0.005144819264033872,0.005144819264033872
3,252,1,6000000,3.611993909186394,837460925.8140008,7000000000,753008,754408,753001,1407,7,1400,0,0.002149354011054813,0.002149354011054813
3,253,1,2000000,21.535628618640352,323111456.7532471,3000000000,756007,756607,756001,606,6,600,0,0.0018569443684511827,0.0018569443684511827
3,254,1,6000000,46.3662506571321,116912536.49245355,4000000000,759052,759852,759001,851,51,800,0,0.015396124778425162,0.015396124778425162
3,255,1,3000000,71.23475907167796,39462302.64486782,4000000000,762077,762877,762001,876,76,800,0,0.022806575888369946,0.022806575888369946
3,256,0,6000000,96.1092029932618,0,5000000000,765001,770001,765001,5000,0,5000,0.49999999999999994,0,0.49999999999999994
3,257,1,9000000,119.34217192593744,6377218.57837977,10000000000,769412,771412,768001,3411,1411,2000,0,0.42338206959905966,0.42338206959905966
3,258,1,2000000,124.02617344738168,5500828.04325199,9000000000,772412,774212,771001,3211,364,1800,0,0.10907448756483776,0.10907448756483776
3,259,0,7000000,130.06235504557034,0,6000000000,774001,780001,774001,6000,0,6000,0.6,0,0.6
3,260,0,6000000,140.08565415487772,0,2000000000,780001,782001,777001,5000,0,2000,0.19999999999999998,0,0.19999999999999998
3,261,1,10000000,153.50102703239477,2395898.0752782067,2000000000,785126,785526,780001,5525,4174,400,0,1.2521400768067508,1.2521400768067508
3,262,0,8000000,169.46653769992463,0,8000000000,783001,791001,783001,8000,0,8000,0.7999999999999999,0,0.7999999999999999
3,263,1,5000000,186.6519370378996,1105815.6216779673,10000000000,791880,793880,786001,7879,4522,2000,0,1.3564648306594695,1.3564648306594695
3,264,1,2000000,205.99902524041224,747194.9559172604,8000000000,793880,795480,789001,6479,2677,1600,0,0.8030032794633054,0.8030032794633054
3,265,1,6000000,223.08912142908264,543993.3995771159,4000000000,803031,803831,792001,11830,11030,800,0,3.3088636762858994,3.3088636762858994
3,267,0,7000000,200.16198490222865,0,6000000000,798001,804001,798001,6000,0,6000,0.6,0,0.6
3,268,1,3000000,191.58182403349227,997065.4711072595,10000000000,804010,806010,801001,5009,3009,2000,0,0.9026488491277643,0.9026488491277643
3,269,0,5000000,187.81536465369385,0,5000000000,804001,809001,804001,5000,0,5000,0.49999999999999994,0,0.49999999999999994
3,266,1,9000000,212.99275950135026,654207.6297675176,4000000000,808758,809558,795001,14557,13757,800,0,4.127130099292002,4.127130099292002
3,270,0,2000000,215.43569620654793,0,9000000000,809001,818001,807001,11000,0,9000,0.8999999999999999,0,0.8999999999999999
3,271,0,5000000,204.04271636105995,0,4000000000,818001,822001,810001,12000,0,4000,0.39999999999999997,0,0.39999999999999997
3,272,0,2000000,193.3417828613359,0,2000000000,822001,824001,813001,11000,0,2000,0.19999999999999998,0,0.19999999999999998
3,273,0,10000000,188.10812635290367,0,4000000000,824001,828001,816001,12000,0,4000,0.39999999999999997,0,0.39999999999999997
3,274,0,10000000,188.91611498228525,0,2000000000,828001,830001,819001,11000,0,2000,0.19999999999999998,0,0.19999999999999998
3,275,0,3000000,195.69025243992104,0,10000000000,830001,840001,822001,18000,0,10000,0.9999999999999999,0,0.9999999999999999
3,277,1,7000000,224.24032844249933,532948.9463762149,2000000000,842724,843124,828001,15123,13134,400,0,3.9403399036229367,3.9403399036229367
3,278,1,6000000,244.47507562121743,377633.20427537546,5000000000,846889,847889,831001,16888,15888,1000,0,4.766530007481584,4.766530007481584
3,279,1,4000000,234.11876580060803,448796.2295855588,6000000000,847623,848823,834001,14822,8913,1200,0,2.673819254471324,2.673819254471324
3,276,0,10000000,207.74860697487227,0,9000000000,840001,849001,825001,24000,0,9000,0.8999999999999999,0,0.8999999999999999
3,280,1,5000000,215.55462254379984,623788.4213097253,3000000000,851223,851823,837001,14822,8016,600,0,2.404661498606457,2.404661498606457
3,281,1,6000000,202.25234238445793,803803.0316475955,8000000000,851823,853423,840001,13422,7465,1600,0,2.239354579579589,2.239354579579589
3,284,1,2000000,186.87296781503744,1100632.7625408557,6000000000,853423,854623,849001,5622,1817,1200,0,0.5451409592922488,0.5451409592922488
3,282,0,2000000,192.84657580574267,0,7000000000,849001,856001,843001,13000,0,7000,0.7,0,0.7
3,283,0,2000000,186.86977952574352,0,3000000000,856001,859001,846001,13000,0,3000,0.3,0,0.3
3,285,1,2000000,192.82952315452104,971680.2460134983,5000000000,860223,861223,852001,9222,2058,1000,0,0.6174870822594298,0.6174870822594298
3,287,1,4000000,168.09835037858042,1674333.6803394747,2000000000,870223,870623,858001,12622,2389,400,0,0.7167030169020415,0.7167030169020415
3,288,1,3000000,144.49894117259134,3037465.741510731,6000000000,870623,871823,861001,10822,988,1200,0,0.296299638116205,0.296299638116205
3,289,0,8000000,131.28870933937915,0,10000000000,864001,874001,864001,10000,0,10000,0.9999999999999999,0,0.9999999999999999
3,286,1,9000000,192.17207107173508,984954.9096128561,7000000000,873623,875023,855001,20022,9137,1400,0,2.7412422372322154,2.7412422372322154
3,293,1,2000000,180.04861149145248,1275677.4488826075,4000000000,878013,878813,876001,2812,1568,800,0,0.4703383292740281,0.4703383292740281
3,290,1,3000000,148.45785462547957,2732014.2211301615,9000000000,879023,880823,867001,13822,1098,1800,0,0.3294272749530908,0.3294272749530908
3,291,0,3000000,168.62343846571272,0,7000000000,874001,881001,870001,11000,0,7000,0.7,0,0.7
3,295,1,4000000,140.95868969311547,3347062.1721190712,5000000000,884273,885273,882001,3272,1195,1000,0,0.3585233671474538,0.3585233671474538
3,294,1,9000000,160.37415034848982,2016159.837560984,9000000000,885273,887073,879001,8072,4464,1800,0,1.3391795380996578,1.3391795380996578
3,296,1,4000000,124.3000024135157,5454296.539207274,6000000000,887073,888273,885001,3272,733,1200,0,0.22001004004347877,0.22001004004347877
3,297,1,2000000,111.70841910975197,8201250.656879019,10000000000,890473,892473,888001,4472,244,2000,0,0.07315957347270369,0.07315957347270369
3,292,1,4000000,190.46053895754898,1020586.6551014864,8000000000,891623,893223,873001,20222,3919,1600,0,1.175794327705248,1.175794327705248
3,299,1,5000000,104.83569811853218,10408756.759417564,7000000000,895673,897073,894001,3072,480,1400,0,0.14410942965333878,0.14410942965333878
3,298,0,9000000,104.65240083247011,0,7000000000,891001,898001,891001,7000,0,7000,0.7,0,0.7
3,300,1,3000000,128.9208846541165,4737121.39972993,2000000000,898873,899273,897001,2272,633,400,0,0.18998879784911366,0.18998879784911366
3,302,1,7000000,118.88129583748646,6472354.444586503,6000000000,907073,908273,903001,5272,1082,1200,0,0.3244568909164804,0.3244568909164804
3,301,0,4000000,155.68079714595495,0,9000000000,900001,909001,900001,9000,0,9000,0.8999999999999999,0,0.8999999999999999
3,303,1,10000000,132.82092380344307,4220018.716443636,2000000000,912273,912673,906001,6672,2370,400,0,0.7108973209787585,0.7108973209787585
3,304,1,2000000,160.5536483546855,2007282.8085826107,8000000000,916073,917673,909001,8672,996,1600,0,0.2989115422274124,0.2989115422274124
3,305,0,6000000,184.5808475980106,0,6000000000,912001,918001,912001,6000,0,6000,0.6,0,0.6
3,306,0,7000000,189.62566202916742,0,2000000000,918001,920001,915001,5000,0,2000,0.19999999999999998,0,0.19999999999999998
3,309,0,6000000,226.7316369631729,0,9000000000,924001,933001,924001,9000,0,9000,0.8999999999999999,0,0.8999999999999999
3,307,1,7000000,198.85353026788337,859847.8750437587,4000000000,938673,939473,918001,21472,8141,800,0,2.4422924809730193,2.4422924809730193
3,308,1,5000000,211.66403615163344,670713.2865096795,6000000000,941073,942273,921001,21272,7455,1200,0,2.2364250569805173,2.2364250569805173
3,314,0,9000000,149.39275116283255,0,8000000000,939001,947001,939001,8000,0,8000,0.7999999999999999,0,0.7999999999999999
3,310,1,3000000,215.4054493275414,625510.6902072884,7000000000,946873,948273,927001,21272,4796,1400,0,1.4388243304071247,1.4388243304071247
3,311,1,3000000,194.39657301506108,940926.8168289192,3000000000,948673,949273,930001,19272,3188,600,0,0.9565037194211878,0.9565037194211878
3,316,0,10000000,152.90901248781904,0,3000000000,947001,950001,945001,5000,0,3000,0.3,0,0.3
3,313,1,3000000,161.6496124338069,1954120.6569102888,3000000000,955673,956273,936001,20272,1535,600,0,0.46056521475138257,0.46056521475138257
3,312,1,8000000,177.68493971071376,1344281.933782894,7000000000,958073,959473,933001,26472,5951,1400,0,1.785339771134355,1.785339771134355
3,321,0,6000000,163.7931808714881,0,9000000000,960001,969001,960001,9000,0,9000,0.8999999999999999,0,0.8999999999999999
3,315,1,10000000,142.60836616412098,3198178.877279371,2000000000,969273,969673,942001,27672,3127,400,0,0.9380338358534973,0.9380338358534973
3,317,1,6000000,141.47577213077864,3299492.9243473527,4000000000,974073,974873,948001,26872,1818,800,0,0.5455383724928109,0.5455383724928109
3,318,1,3000000,140.65953291547643,3374969.4824480778,10000000000,974873,976873,951001,25872,889,2000,0,0.2666690779518318,0.2666690779518318
3,319,1,5000000,144.69918382630914,3021033.44916304,3000000000,978273,978873,954001,24872,1655,600,0,0.4965188321286434,0.4965188321286434
3,322,0,8000000,178.1147119134183,0,10000000000,969001,979001,963001,16000,0,10000,0.9999999999999999,0,0.9999999999999999
3,320,1,7000000,152.85388186107673,2436049.1667047455,9000000000,978873,980673,957001,23672,2874,1800,0,0.8620515664060587,0.8620515664060587
3,326,1,2000000,250.32857287972544,343612.7998725699,4000000000,982418,983218,975001,8217,5821,800,0,1.7461514827809448,1.7461514827809448
3,323,1,4000000,194.62697140941182,936508.010975398,3000000000,985273,985873,966001,19872,4271,600,0,1.2813558303149677,1.2813558303149677
3,327,0,9000000,230.0309642200371,0,9000000000,979001,988001,978001,10000,0,9000,0.8999999999999999,0,0.8999999999999999
3,330,1,3000000,185.4132209417656,1135430.489374655,8000000000,989643,991243,987001,4242,2642,1600,0,0.7926509006250838,0.7926509006250838
3,324,1,6000000,212.75949332520986,657068.3546904402,3000000000,990873,991473,969001,22472,9131,600,0,2.7394410142427583,2.7394410142427583
3,328,0,3000000,210.68229280126982,0,6000000000,988001,994001,981001,13000,0,6000,0.6,0,0.6
3,325,1,5000000,231.18150185514406,471967.3483728785,8000000000,992673,994273,972001,22272,10594,1600,0,3.1781859596247384,3.1781859596247384
3,331,1,3000000,170.41089196409953,1586253.4068626596,8000000000,993443,995043,990001,5042,1891,1600,0,0.5673746679479462,0.5673746679479462
3,332,1,6000000,157.5366700168567,2163172.237469517,7000000000,998443,999843,993001,6842,2774,1400,0,0.8321112710403695,0.8321112710403695
4,1,0,8000000,218.64258917237515,0,2000000000,1,2001,1,2000,0,2000,0.19999999999999998,0,0.19999999999999998
4,2,0,9000000,213.06791640225893,0,8000000000,3001,11001,3001,8000,0,8000,0.7999999999999999,0,0.7999999999999999
4,4,1,3000000,186.87452902950687,1100596.2618966282,4000000000,11727,12527,9001,3526,2726,800,0,0.8177385578695806,0.8177385578695806
4,6,0,7000000,176.58283155505242,0,2000000000,15001,17001,15001,2000,0,2000,0.19999999999999998,0,0.19999999999999998
4,5,1,6000000,179.05946386605765,1303844.5646275238,10000000000,16603,18603,12001,6602,4602,2000,0,1.380532656140815,1.380532656140815
4,3,1,10000000,199.3570989455856,851243.8270199922,6000000000,18603,19803,6001,13802,11748,1200,0,3.524254631604562,3.524254631604562
4,8,1,2000000,187.98747006117193,1074954.9092548408,7000000000,22862,24262,21001,3261,1861,1400,0,0.5581629469611151,0.5581629469611151
4,7,1,9000000,179.66557377527843,1286494.2553212661,8000000000,24997,26597,18001,8596,6996,1600,0,2.0987268220064847,2.0987268220064847
4,9,0,5000000,200.92013263981295,0,7000000000,24001,31001,24001,7000,0,7000,0.7,0,0.7
4,11,1,3000000,236.91927443751803,428011.22633488383,2000000000,37010,37410,30001,7409,7009,400,0,2.1027485837388373,2.1027485837388373
4,12,0,8000000,227.95178481424534,0,8000000000,33001,41001,33001,8000,0,8000,0.7999999999999999,0,0.7999999999999999
4,10,1,8000000,217.52034433588042,601636.149393401,9000000000,40298,42098,27001,15097,13297,1800,0,3.9891220007637465,3.9891220007637465
4,15,1,4000000,182.45492292618474,1210250.19770478,2000000000,45306,45706,42001,3705,3305,400,0,0.991530513505208,0.991530513505208
4,14,1,8000000,193.67189780657384,954995.6366907427,3000000000,47378,47978,39001,8977,8377,600,0,2.5131004873660956,2.5131004873660956
4,13,1,10000000,209.16567237479478,703178.6453187951,10000000000,50222,52222,36001,16221,14221,2000,0,4.266341163759192,4.266341163759192
4,17,0,5000000,175.60692839406988,0,5000000000,48001,53001,48001,5000,0,5000,0.49999999999999994,0,0.49999999999999994
4,16,1,9000000,176.2890467385878,1386955.9078289066,10000000000,52222,54222,45001,9221,6489,2000,0,1.9467093256241201,1.9467093256241201
4,18,0,5000000,180.47075885029133,0,9000000000,53001,62001,51001,11000,0,9000,0.8999999999999999,0,0.8999999999999999
4,19,0,6000000,190.5755671643141,0,3000000000,62001,65001,54001,11000,0,3000,0.3,0,0.3
4,20,0,5000000,205.36544840844087,0,7000000000,65001,72001,57001,15000,0,7000,0.7,0,0.7
4,23,1,4000000,223.17800070795514,543130.6011137002,2000000000,76407,76807,66001,10806,7365,400,0,2.20941334835374,2.20941334835374
4,26,1,3000000,171.5400944385889,1545336.2969042694,6000000000,76942,78142,75001,3141,1941,1200,0,0.5823975026037671,0.5823975026037671
4,21,0,2000000,223.61109543133145,0,10000000000,72001,82001,60001,22000,0,10000,0.9999999999999999,0,0.9999999999999999
4,24,1,9000000,205.6257576277836,752606.9268192279,10000000000,80959,82959,69001,13958,11958,2000,0,3.5875300954392166,3.5875300954392166
4,28,1,2000000,147.46926798489235,2804592.0604482275,2000000000,82959,83359,81001,2358,713,400,0,0.2139348565024849,0.2139348565024849
4,22,1,9000000,240.62795057931234,402299.8960409294,7000000000,85372,86772,63001,23771,22371,1400,0,6.711411130281042,6.711411130281042
4,25,0,7000000,187.67957187717582,0,5000000000,82001,87001,72001,15000,0,5000,0.49999999999999994,0,0.49999999999999994
4,27,0,10000000,158.39679321248897,0,4000000000,87001,91001,78001,13000,0,4000,0.39999999999999997,0,0.39999999999999997
4,30,1,7000000,137.39902255838652,3698536.990701233,4000000000,90277,91077,87001,4076,1893,800,0,0.5677920770509437,0.5677920770509437
4,31,1,4000000,139.3392137913804,3501618.52104618,3000000000,91143,91743,90001,1742,1142,600,0,0.34269866714135255,0.34269866714135255
4,29,0,9000000,140.25455892768687,0,10000000000,91001,101001,84001,17000,0,10000,0.9999999999999999,0,0.9999999999999999
4,34,1,4000000,149.69513552550728,2644418.893815905,3000000000,100514,101114,99001,2113,1513,600,0,0.45378589708546374,0.45378589708546374
4,35,1,9000000,124.81518577480873,5368048.876353796,6000000000,103678,104878,102001,2877,1677,1200,0,0.5029760462676625,0.5029760462676625
4,36,1,7000000,100.04840678391639,12374345.425771752,3000000000,105580,106180,105001,1179,566,600,0,0.16970594627384333,0.16970594627384333
4,32,0,3000000,142.60337478475043,0,9000000000,101001,110001,93001,17000,0,9000,0.8999999999999999,0,0.8999999999999999
4,37,1,9000000,151.13302815731578,2546939.7265242687,5000000000,111535,112535,108001,4534,3534,1000,0,1.0600957580117563,1.0600957580117563
4,38,1,5000000,161.62960279602254,1955075.513723934,8000000000,113558,115158,111001,4157,2557,1600,0,0.7672337919791506,0.7672337919791506
4,33,0,8000000,160.39771725308316,0,6000000000,110001,116001,96001,20000,0,6000,0.6,0,0.6
4,39,0,8000000,146.4108004895814,0,2000000000,116001,118001,114001,4000,0,2000,0.19999999999999998,0,0.19999999999999998
4,40,0,9000000,115.7632592837641,0,2000000000,118001,120001,117001,3000,0,2000,0.19999999999999998,0,0.19999999999999998
4,41,0,2000000,85.5271114910354,0,5000000000,120001,125001,120001,5000,0,5000,0.49999999999999994,0,0.49999999999999994
4,42,1,7000000,69.23449429294621,43039778.64598587,10000000000,125505,127505,123001,4504,163,2000,0,0.04879207249816694,0.04879207249816694
4,43,0,4000000,73.38480769205574,0,3000000000,126001,129001,126001,3000,0,3000,0.3,0,0.3
4,44,1,2000000,92.88830281580134,16203593.360518875,5000000000,129305,130305,129001,1304,123,1000,0,0.037028823585633766,0.037028823585633766
4,45,0,10000000,109.39957769571146,0,5000000000,132001,137001,132001,5000,0,5000,0.49999999999999994,0,0.49999999999999994
4,46,1,3000000,130.6768510486842,4495199.836413303,9000000000,138105,139905,135001,4904,667,1800,0,0.2002135684179294,0.2002135684179294
4,47,1,4000000,164.46658019184326,1825277.6981273775,8000000000,142305,143905,138001,5904,2191,1600,0,0.65743420917876,0.65743420917876
4,48,1,2000000,189.22027190552288,1047413.8717605296,7000000000,145305,146705,141001,5704,1909,1400,0,0.5728394631546164,0.5728394631546164
4,49,0,6000000,218.26073398575377,0,7000000000,144001,151001,144001,7000,0,7000,0.7,0,0.7
4,51,1,3000000,166.80610300585525,1726200.8466513674,3000000000,156058,156658,150001,6657,1738,600,0,0.5213761780651986,0.5213761780651986
4,50,1,5000000,190.65249854119403,1016511.3058772117,9000000000,156658,158458,147001,11457,4919,1800,0,1.475635333642999,1.475635333642999
4,52,1,8000000,139.33666602872339,3501868.518307796,8000000000,161858,163458,153001,10457,2284,1600,0,0.685348403988551,0.685348403988551
4,55,0,10000000,78.19628763566723,0,3000000000,162001,165001,162001,3000,0,3000,0.3,0,0.3
4,53,1,10000000,113.41044043649593,7744812.068182341,2000000000,164658,165058,156001,9057,1291,400,0,0.3873560744391415,0.3873560744391415
4,56,0,9000000,68.80335020912864,0,2000000000,165001,167001,165001,2000,0,2000,0.19999999999999998,0,0.19999999999999998
4,54,1,3000000,91.39421535305179,17169615.857642155,8000000000,165858,167458,159001,8457,175,1600,0,0.05241817915218017,0.05241817915218017
4,57,1,6000000,72.20562374219894,37842217.41247866,8000000000,174658,176258,168001,8257,159,1600,0,0.04756592301080224,0.04756592301080224
4,58,1,9000000,85.84191167489224,21396702.097872697,2000000000,182458,182858,171001,11857,421,400,0,0.12618767077513499,0.12618767077513499
4,60,0,10000000,114.77240260620147,0,7000000000,177001,184001,177001,7000,0,7000,0.7,0,0.7
4,59,1,8000000,92.26065900480006,16601456.762977444,9000000000,189658,191458,174001,17457,482,1800,0,0.14456562663537992,0.14456562663537992
4,65,0,8000000,136.7228561726239,0,4000000000,192001,196001,192001,4000,0,4000,0.39999999999999997,0,0.39999999999999997
4,61,1,2000000,135.79848784136,3871329.159655624,10000000000,200058,202058,180001,22057,517,2000,0,0.1549855295831712,0.1549855295831712
4,66,0,2000000,136.7228561726239,0,8000000000,196001,204001,195001,9000,0,8000,0.7999999999999999,0,0.7999999999999999
4,69,0,4000000,178.05766734403772,0,3000000000,204001,207001,204001,3000,0,3000,0.3,0,0.3
4,62,1,2000000,136.7228561726239,3770352.86616931,9000000000,207458,209258,183001,26257,530,1800,0,0.15913629872251236,0.15913629872251236
4,63,1,7000000,136.7228561726239,3770352.86616931,4000000000,209658,210458,186001,24457,1857,800,0,0.5569770455287932,0.5569770455287932
4,71,0,5000000,188.3723326287595,0,4000000000,210001,214001,210001,4000,0,4000,0.39999999999999997,0,0.39999999999999997
4,72,0,3000000,185.66820837181578,0,2000000000,214001,216001,213001,3000,0,2000,0.19999999999999998,0,0.19999999999999998
4,64,1,9000000,136.7228561726239,3770352.86616931,4000000000,221458,222258,189001,33257,2387,800,0,0.7161133442513056,0.7161133442513056
4,74,0,5000000,173.85181304777925,0,6000000000,219001,225001,219001,6000,0,6000,0.6,0,0.6
4,73,1,10000000,183.3665891049948,1186555.9019437665,5000000000,225936,226936,216001,10935,8428,1000,0,2.5283258842550316,2.5283258842550316
4,77,1,2000000,157.6211740217665,2158605.7446328886,8000000000,230232,231832,228001,3831,927,1600,0,0.2779571959779257,0.2779571959779257
4,67,1,8000000,144.45870863329768,3040780.5996291046,4000000000,233058,233858,198001,35857,2631,800,0,0.7892710182026079,0.7892710182026079
4,75,0,4000000,161.2359872981215,0,10000000000,225001,235001,222001,13000,0,10000,0.9999999999999999,0,0.9999999999999999
4,76,0,4000000,154.68384918924147,0,4000000000,235001,239001,225001,14000,0,4000,0.39999999999999997,0,0.39999999999999997
4,81,1,2000000,124.6586804037328,5394072.237190162,5000000000,240372,241372,240001,1371,371,1000,0,0.11123321557750353,0.11123321557750353
4,68,1,4000000,157.61006313049938,2159205.4812231823,5000000000,243258,244258,201001,43257,1853,1000,0,0.5557599822876534,0.5557599822876534
4,78,0,8000000,169.27700759406164,0,7000000000,239001,246001,231001,15000,0,7000,0.7,0,0.7
4,82,1,8000000,130.13376579504646,4568368.10912973,5000000000,245677,246677,243001,3676,1751,1000,0,0.5253517104288686,0.5253517104288686
4,83,1,7000000,142.34388571343695,3221490.131131443,8000000000,248174,249774,246001,3773,2173,1600,0,0.6518722437502683,0.6518722437502683
4,79,0,2000000,159.73429500266997,0,4000000000,246001,250001,234001,16000,0,4000,0.39999999999999997,0,0.39999999999999997
4,84,1,5000000,156.57318320836427,2216093.6315044705,5000000000,251750,252750,249001,3749,2256,1000,0,0.676866707559497,0.676866707559497
4,80,0,8000000,135.10668266225767,0,7000000000,250001,257001,237001,20000,0,7000,0.7,0,0.7
4,87,0,8000000,222.78491892406004,0,3000000000,258001,261001,258001,3000,0,3000,0.3,0,0.3
4,85,1,6000000,177.1318345188126,1360993.0088696587,10000000000,259350,261350,252001,9349,4409,2000,0,1.3225637371164372,1.3225637371164372
4,70,1,4000000,203.71433773792165,781098.7922629876,6000000000,260458,261658,207001,54657,5121,1200,0,1.5362973440573096,1.5362973440573096
4,86,1,4000000,200.47425695086142,832535.5234385092,9000000000,261350,263150,255001,8149,4805,1800,0,1.441379936610755,1.441379936610755
4,89,0,2000000,224.7863690262379,0,8000000000,264001,272001,264001,8000,0,8000,0.7999999999999999,0,0.7999999999999999
4,88,1,3000000,237.99515163128848,420346.45841315005,6000000000,272950,274150,261001,13149,7137,1200,0,2.1410909548223387,2.1410909548223387
4,90,0,6000000,208.80390082563113,0,6000000000,272001,278001,267001,11000,0,6000,0.6,0,0.6
4,91,0,10000000,196.39657252610087,0,10000000000,278001,288001,270001,18000,0,10000,0.9999999999999999,0,0.9999999999999999
4,92,0,7000000,190.9989931910637,0,10000000000,288001,298001,273001,25000,0,10000,0.9999999999999999,0,0.9999999999999999
4,97,1,6000000,208.12056722006113,717339.2856297331,9000000000,297923,299723,288001,11722,8364,1800,0,2.5092728588255526,2.5092728588255526
4,93,0,3000000,200.03459300830943,0,6000000000,298001,304001,276001,28000,0,6000,0.6,0,0.6
4,104,1,7000000,69.68469846386654,42205404.462326445,8000000000,309167,310767,309001,1766,166,1600,0,0.049756660947877195,0.049756660947877195
4,94,0,7000000,192.2539367607332,0,7000000000,304001,311001,279001,32000,0,7000,0.7,0,0.7
4,105,1,4000000,88.13506056048296,19519442.441865765,7000000000,313767,315167,312001,3166,205,1400,0,0.0614771658347275,0.0614771658347275
4,95,0,3000000,192.84230370953364,0,9000000000,311001,320001,282001,38000,0,9000,0.8999999999999999,0,0.8999999999999999
4,106,1,9000000,113.04096956413636,7841227.808034533,2000000000,320567,320967,315001,5966,1148,400,0,0.3443338296119185,0.3443338296119185
4,96,0,8000000,200.25798585824236,0,2000000000,320001,322001,285001,37000,0,2000,0.19999999999999998,0,0.19999999999999998
4,98,0,9000000,187.0848930298756,0,3000000000,322001,325001,291001,34000,0,3000,0.3,0,0.3
4,108,1,4000000,169.03846574078932,1637811.864852851,3000000000,325167,325767,321001,4766,2442,600,0,0.7326848863119049,0.7326848863119049
4,99,0,7000000,159.72275010154314,0,5000000000,325001,330001,294001,36000,0,5000,0.49999999999999994,0,0.49999999999999994
4,109,1,2000000,174.0341161956471,1459510.6694019756,9000000000,331367,333167,324001,9166,1370,1800,0,0.41109668642973735,0.41109668642973735
4,100,0,5000000,134.58048484085649,0,6000000000,330001,336001,297001,39000,0,6000,0.6,0,0.6
4,111,1,3000000,174.0341161956471,1459510.6694019756,2000000000,337567,337967,330001,7966,2055,400,0,0.616645029644606,0.616645029644606
4,101,0,5000000,109.98609957626464,0,6000000000,336001,342001,300001,42000,0,6000,0.6,0,0.6
4,102,0,4000000,84.99378094896117,0,5000000000,342001,347001,303001,44000,0,5000,0.49999999999999994,0,0.49999999999999994
4,103,0,4000000,67.33852537737968,0,2000000000,347001,349001,306001,43000,0,2000,0.19999999999999998,0,0.19999999999999998
4,107,0,8000000,141.00304819400182,0,5000000000,349001,354001,318001,36000,0,5000,0.49999999999999994,0,0.49999999999999994
4,115,1,6000000,168.71608725904002,1650223.2363721454,3000000000,355458,356058,342001,14057,3636,600,0,1.0907615165794928,1.0907615165794928
4,116,1,2000000,165.12607062484105,1796650.272861033,2000000000,356058,356458,345001,11457,1113,400,0,0.3339548097162751,0.3339548097162751
4,117,1,8000000,165.12607062484105,1796650.272861033,7000000000,356458,357858,348001,9857,4453,1400,0,1.3358192388651005,1.3358192388651005
4,110,0,2000000,174.0341161956471,0,4000000000,354001,358001,327001,31000,0,4000,0.39999999999999997,0,0.39999999999999997
4,118,1,5000000,164.02476398397897,1844773.1699464065,8000000000,357858,359458,351001,8457,2710,1600,0,0.813108096126299,0.813108096126299
4,120,1,8000000,126.0344528293752,5170481.945950829,5000000000,359458,360458,357001,3457,1547,1000,0,0.46417336431848816,0.46417336431848816
4,121,1,9000000,104.66140883821507,10473452.559238374,7000000000,360860,362260,360001,2259,859,1400,0,0.25779464648631045,0.25779464648631045
4,112,0,7000000,183.05062960831356,0,8000000000,358001,366001,333001,33000,0,8000,0.7999999999999999,0,0.7999999999999999
4,123,1,4000000,77.73622064391861,29892581.729195233,4000000000,366135,366935,366001,934,134,800,0,0.040143739034356946,0.040143739034356946
4,124,1,10000000,73.5898471258094,35655612.05956116,2000000000,369281,369681,369001,680,280,400,0,0.08413822752470577,0.08413822752470577
4,125,1,6000000,66.00694811911845,49556454.54189991,9000000000,372122,373922,372001,1921,121,1800,0,0.03632221103465145,0.03632221103465145
4,113,0,10000000,208.5287136103803,0,8000000000,366001,374001,336001,38000,0,8000,0.7999999999999999,0,0.7999999999999999
4,126,1,2000000,66.97865704834634,47491905.27846569,2000000000,375043,375443,375001,442,42,400,0,0.01263373192719768,0.01263373192719768
4,127,1,10000000,77.24027770535265,30524419.85540571,5000000000,378329,379329,378001,1328,328,1000,0,0.09828196618350196,0.09828196618350196
4,114,0,7000000,196.53424561638104,0,7000000000,374001,381001,339001,42000,0,7000,0.7,0,0.7
4,119,0,2000000,149.7822502835366,0,9000000000,381001,390001,354001,36000,0,9000,0.8999999999999999,0,0.8999999999999999
4,122,0,3000000,85.84064887918775,0,9000000000,390001,399001,363001,36000,0,9000,0.8999999999999999,0,0.8999999999999999
4,133,1,7000000,195.55164151701717,919031.6195049554,5000000000,404822,405822,396001,9821,7617,1000,0,2.2850138726795755,2.2850138726795755
4,128,0,5000000,87.83643036918113,0,7000000000,399001,406001,381001,25000,0,7000,0.7,0,0.7
4,129,0,10000000,104.87553098792874,0,7000000000,406001,413001,384001,29000,0,7000,0.7,0,0.7
4,130,0,2000000,126.30831524488005,0,2000000000,413001,415001,387001,28000,0,2000,0.19999999999999998,0,0.19999999999999998
4,136,1,6000000,195.9243080886085,912103.0991906497,10000000000,413014,415014,405001,10013,6578,2000,0,1.973461115960708,1.973461115960708
4,134,1,9000000,215.89313212791188,619902.0602715819,5000000000,415014,416014,399001,17013,14518,1000,0,4.355526740493681,4.355526740493681
4,137,1,8000000,212.7990437008588,656582.2213601718,2000000000,422814,423214,408001,15213,12184,400,0,3.655292394345029,3.655292394345029
4,141,1,2000000,195.36960689933323,922439.783431527,4000000000,422823,423623,420001,3622,2168,800,0,0.6504489623896823,0.6504489623896823
4,131,0,10000000,149.14319193312178,0,10000000000,415001,425001,390001,35000,0,10000,0.9999999999999999,0,0.9999999999999999
4,132,0,3000000,171.2728948199335,0,3000000000,425001,428001,393001,35000,0,3000,0.3,0,0.3
4,143,1,2000000,163.4057137923886,1872525.7722756895,7000000000,427069,428469,426001,2468,1068,1400,0,0.3204228261546527,0.3204228261546527
4,142,1,7000000,177.80874247347907,1340576.4516689077,5000000000,428469,429469,423001,6468,5222,1000,0,1.5664902940713843,1.5664902940713843
4,135,0,2000000,193.18410390091623,0,3000000000,428001,431001,402001,29000,0,3000,0.3,0,0.3
4,144,1,7000000,150.8992438682182,2562482.3657399933,2000000000,433069,433469,429001,4468,2732,400,0,0.819517834767055,0.819517834767055
4,138,1,10000000,233.02734345994674,457236.75274377834,5000000000,434414,435414,411001,24413,21871,1000,0,6.561152361435629,6.561152361435629
4,139,0,6000000,230.5856066626883,0,9000000000,431001,440001,414001,26000,0,9000,0.8999999999999999,0,0.8999999999999999
4,147,1,10000000,138.36489222342493,3598848.179069288,5000000000,440780,441780,438001,3779,2779,1000,0,0.8336000438828852,0.8336000438828852
4,140,0,3000000,214.5642095038219,0,5000000000,440001,445001,417001,28000,0,5000,0.49999999999999994,0,0.49999999999999994
4,148,1,8000000,140.64673263179628,3376169.9637570195,4000000000,444449,445249,441001,4248,2370,800,0,0.7108646856538192,0.7108646856538192
4,145,0,10000000,142.08099274709477,0,2000000000,445001,447001,432001,15000,0,2000,0.19999999999999998,0,0.19999999999999998
4,146,0,9000000,137.69326054676748,0,7000000000,447001,454001,435001,19000,0,7000,0.7,0,0.7
4,149,0,2000000,155.76936316233687,0,6000000000,454001,460001,444001,16000,0,6000,0.6,0,0.6
4,153,1,9000000,76.74338017053981,31172374.728993617,2000000000,460065,460465,456001,4464,289,400,0,0.08661515279067633,0.08661515279067633
4,150,0,2000000,153.61595001821914,0,5000000000,460001,465001,447001,18000,0,5000,0.49999999999999994,0,0.49999999999999994
4,155,1,6000000,149.51650209926663,2656848.817871191,7000000000,468065,469465,462001,7464,2258,1400,0,0.677494326320854,0.677494326320854
4,156,1,8000000,122.75831947367153,5722702.158256515,5000000000,471465,472465,465001,7464,1398,1000,0,0.41938230116298536,0.41938230116298536
4,151,0,8000000,127.84251327316747,0,9000000000,465001,474001,450001,24000,0,9000,0.8999999999999999,0,0.8999999999999999
4,158,1,9000000,73.12728697278465,36370633.44248837,6000000000,476665,477865,471001,6864,247,1200,0,0.07423571558822083,0.07423571558822083
4,152,0,3000000,102.17229614724337,0,5000000000,474001,479001,453001,26000,0,5000,0.49999999999999994,0,0.49999999999999994
4,159,1,5000000,68.9805661037948,43518112.56572207,9000000000,478865,480665,474001,6664,115,1800,0,0.03446840663722869,0.03446840663722869
4,160,1,8000000,79.39424790247719,27883724.07135058,6000000000,481665,482865,477001,5864,287,1200,0,0.08607171674266799,0.08607171674266799
4,154,0,4000000,160.7056769376863,0,4000000000,479001,483001,459001,24000,0,4000,0.39999999999999997,0,0.39999999999999997
4,157,0,9000000,96.13915799506466,0,3000000000,483001,486001,468001,18000,0,3000,0.3,0,0.3
4,162,1,3000000,111.98894811542793,8123824.230383025,2000000000,486065,486465,483001,3464,369,400,0,0.11078526251639081,0.11078526251639081
4,161,0,6000000,99.28369705042212,0,6000000000,486001,492001,480001,12000,0,6000,0.6,0,0.6
4,163,0,7000000,133.92681284940673,0,2000000000,492001,494001,486001,8000,0,2000,0.19999999999999998,0,0.19999999999999998
4,165,1,6000000,187.16523849262177,1093825.7500060566,9000000000,497486,499286,492001,7285,5485,1800,0,1.6456003161289934,1.6456003161289934
4,166,1,7000000,182.87649958373544,1199220.925329857,5000000000,500838,501838,495001,6837,5837,1000,0,1.751136888661591,1.751136888661591
4,164,0,8000000,163.81263931699533,0,8000000000,494001,502001,489001,13000,0,8000,0.7999999999999999,0,0.7999999999999999
4,167,1,8000000,178.51417534750567,1319703.062535796,9000000000,504063,505863,498001,7862,6062,1800,0,1.8185909149808475,1.8185909149808475
4,168,1,5000000,180.4898058063114,1263358.0945823812,9000000000,505863,507663,501001,6662,3958,1800,0,1.1873118211158047,1.1873118211158047
4,169,1,4000000,188.5916575567435,1061346.0734271158,4000000000,507770,508570,504001,4569,3769,800,0,1.1306396942942154,1.1306396942942154
4,170,1,3000000,202.2565820931423,803736.0104646782,10000000000,510734,512734,507001,5733,3733,2000,0,1.1197706563871228,1.1197706563871228
4,172,1,2000000,241.84127356594863,394308.919910155,10000000000,518217,520217,513001,7216,5072,2000,0,1.521649573985576,1.521649573985576
4,173,0,5000000,226.94719319700786,0,8000000000,516001,524001,516001,8000,0,8000,0.7999999999999999,0,0.7999999999999999
4,171,1,7000000,220.36255058425877,571312.4608362411,9000000000,522253,524053,510001,14052,12252,1800,0,3.67574688800974,3.67574688800974
4,174,0,3000000,208.27719270241758,0,7000000000,524001,531001,519001,12000,0,7000,0.7,0,0.7
4,177,1,2000000,179.81847541340125,1282162.7608589542,9000000000,530025,531825,528001,3824,1560,1800,0,0.4679593093142437,0.4679593093142437
4,178,1,2000000,170.3512621027505,1588451.2974195315,5000000000,537025,538025,531001,7024,1259,1000,0,0.3777264062012547,0.3777264062012547
4,175,0,10000000,193.43708693009205,0,9000000000,531001,540001,522001,18000,0,9000,0.8999999999999999,0,0.8999999999999999
4,179,1,6000000,143.57898523112635,3114392.261872298,8000000000,543225,544825,534001,10824,1927,1600,0,0.5779618778393326,0.5779618778393326
4,180,1,3000000,116.75144196111673,6935101.490113337,10000000000,545825,547825,537001,10824,433,2000,0,0.12977459685096718,0.12977459685096718
4,176,0,9000000,183.6905781470569,0,8000000000,540001,548001,525001,23000,0,8000,0.7999999999999999,0,0.7999999999999999
4,182,1,3000000,158.01476671501308,2137493.160470621,10000000000,551625,553625,543001,10624,1404,2000,0,0.4210539788589747,0.4210539788589747
4,183,1,3000000,134.295085911585,4042765.54840649,4000000000,553625,554425,546001,8424,742,800,0,0.2226198846368291,0.2226198846368291
4,181,0,2000000,90.03981397137605,0,9000000000,548001,557001,540001,17000,0,9000,0.8999999999999999,0,0.8999999999999999
4,184,0,10000000,108.52520306362017,0,4000000000,557001,561001,549001,12000,0,4000,0.39999999999999997,0,0.39999999999999997
4,186,1,6000000,78.44476528105615,29014985.462451752,8000000000,561025,562625,555001,7624,207,1600,0,0.062036908559867356,0.062036908559867356
4,185,0,9000000,84.78587264397298,0,7000000000,561001,568001,552001,16000,0,7000,0.7,0,0.7
4,187,0,4000000,85.10917988090355,0,2000000000,568001,570001,558001,12000,0,2000,0.19999999999999998,0,0.19999999999999998
4,188,0,9000000,98.40136686042527,0,8000000000,570001,578001,561001,17000,0,8000,0.7999999999999999,0,0.7999999999999999
4,189,0,8000000,116.06747175673297,0,2000000000,578001,580001,564001,16000,0,2000,0.19999999999999998,0,0.19999999999999998
4,193,1,6000000,165.80893854071923,1767592.7404885623,4000000000,582502,583302,576001,7301,3394,800,0,1.0183341211859018,1.0183341211859018
4,194,1,9000000,143.3944019130454,3130115.5426875,6000000000,583302,584502,579001,5501,2875,1200,0,0.8625879662198651,0.8625879662198651
4,191,1,3000000,156.83323021604832,2201653.5049717417,6000000000,584825,586025,570001,16024,1363,1200,0,0.40878367007689137,0.40878367007689137
4,196,1,10000000,104.80898100830868,10418642.958690684,5000000000,586897,587897,585001,2896,960,1000,0,0.2879453698427738,0.2879453698427738
4,197,1,2000000,89.44959753962007,18529343.276739333,3000000000,588109,588709,588001,708,108,600,0,0.03238107206709292,0.03238107206709292
4,190,0,9000000,135.11240357568954,0,9000000000,580001,589001,567001,22000,0,9000,0.8999999999999999,0,0.8999999999999999
4,192,0,4000000,179.7684824990187,0,8000000000,589001,597001,573001,24000,0,8000,0.7999999999999999,0,0.7999999999999999
4,199,1,2000000,77.98709957422449,29578508.316726983,2000000000,597536,597936,594001,3935,68,400,0,0.02028499860693425,0.02028499860693425
4,200,1,4000000,84.52126359680153,22571685.99089554,9000000000,599336,601136,597001,4135,177,1800,0,0.053163950645247725,0.053163950645247725
4,201,1,3000000,97.45430980721171,13623409.70398062,2000000000,601136,601536,600001,1535,220,400,0,0.06606275664872864,0.06606275664872864
4,202,1,2000000,109.40365258984731,8872305.937290704,3000000000,603226,603826,603001,825,225,600,0,0.06762616215455024,0.06762616215455024
4,195,0,10000000,122.39493821232962,0,9000000000,597001,606001,582001,24000,0,9000,0.8999999999999999,0,0.8999999999999999
4,198,0,6000000,79.79233171176293,0,6000000000,606001,612001,591001,21000,0,6000,0.6,0,0.6
4,204,1,4000000,149.467953086941,2660239.5006876444,9000000000,610505,612305,609001,3304,1504,1800,0,0.4510872046256784,0.4510872046256784
4,206,1,3000000,171.29244495890646,1554196.703175071,9000000000,616931,618731,615001,3730,1930,1800,0,0.5790772803477118,0.5790772803477118
4,203,0,6000000,127.98075636594746,0,7000000000,612001,619001,606001,13000,0,7000,0.7,0,0.7
4,207,1,6000000,154.98340362761428,2306969.5361513,9000000000,621131,622931,618001,4930,2601,1800,0,0.7802443733188287,0.7802443733188287
4,205,0,8000000,172.190684126639,0,4000000000,619001,623001,612001,11000,0,4000,0.39999999999999997,0,0.39999999999999997
4,208,1,6000000,145.19722896804885,2980636.3794981916,10000000000,623731,625731,621001,4730,2013,2000,0,0.6038978831436799,0.6038978831436799
4,209,0,5000000,138.92039231156812,0,6000000000,624001,630001,624001,6000,0,6000,0.6,0,0.6
4,210,1,5000000,151.53682390759022,2520367.8972726464,5000000000,631722,632722,627001,5721,1984,1000,0,0.5951512085291945,0.5951512085291945
4,211,0,3000000,143.93127283533622,0,5000000000,630001,635001,630001,5000,0,5000,0.49999999999999994,0,0.49999999999999994
4,212,1,4000000,138.05591982961104,3630373.705940485,8000000000,634122,635722,633001,2721,1102,1600,0,0.3305444830752287,0.3305444830752287
4,214,1,10000000,142.32281089129742,3223356.6633241293,7000000000,642103,643503,639001,4502,3102,1400,0,0.9307068107400223,0.9307068107400223
4,213,0,4000000,135.4706233838171,0,9000000000,636001,645001,636001,9000,0,9000,0.8999999999999999,0,0.8999999999999999
4,215,0,5000000,153.50999250863123,0,7000000000,645001,652001,642001,10000,0,7000,0.7,0,0.7
4,216,0,5000000,170.37294738308657,0,5000000000,652001,657001,645001,12000,0,5000,0.49999999999999994,0,0.49999999999999994
4,217,0,3000000,191.47814757825498,0,10000000000,657001,667001,648001,19000,0,10000,0.9999999999999999,0,0.9999999999999999
4,221,1,5000000,207.20458923489127,730043.6557832152,4000000000,666850,667650,660001,7649,6849,800,0,2.054671646164434,2.054671646164434
4,218,0,9000000,213.76301948653327,0,2000000000,667001,669001,651001,18000,0,2000,0.19999999999999998,0,0.19999999999999998
4,223,1,3000000,216.42956845126312,613804.9608617746,4000000000,670889,671689,666001,5688,4888,800,0,1.4662638091689761,1.4662638091689761
4,219,0,9000000,234.5297859547908,0,5000000000,669001,674001,654001,20000,0,5000,0.49999999999999994,0,0.49999999999999994
4,220,1,8000000,230.13088210842102,480616.4196669822,3000000000,673646,674246,657001,17245,16645,600,0,4.99358719717265,4.99358719717265
4,226,1,10000000,139.9200378787827,3445195.0312078893,3000000000,678916,679516,675001,4515,2903,600,0,0.8707779887132243,0.8707779887132243
4,222,0,4000000,192.6370060502395,0,10000000000,674001,684001,663001,21000,0,10000,0.9999999999999999,0,0.9999999999999999
4,224,0,2000000,191.88451735353735,0,8000000000,684001,692001,669001,23000,0,8000,0.7999999999999999,0,0.7999999999999999
4,232,1,7000000,85.09866332675263,22049109.055002365,6000000000,693724,694924,693001,1923,317,1200,0,0.09524194355252485,0.09524194355252485
4,233,1,9000000,94.01411649321605,15517576.791618967,2000000000,699724,700124,696001,4123,580,400,0,0.17399623899127525,0.17399623899127525
4,225,0,10000000,167.7727093421335,0,10000000000,692001,702001,672001,30000,0,10000,0.9999999999999999,0,0.9999999999999999
4,234,1,6000000,117.6430167923281,6736651.040272955,5000000000,701924,702924,699001,3923,891,1000,0,0.26719507797557934,0.26719507797557934
4,235,1,8000000,136.51533613480942,3792737.133654801,4000000000,708924,709724,702001,7723,2109,800,0,0.6327883835406448,0.6327883835406448
4,227,0,2000000,113.45820904632684,0,9000000000,702001,711001,678001,33000,0,9000,0.8999999999999999,0,0.8999999999999999
4,236,1,5000000,136.7228561726239,3770352.86616931,10000000000,712124,714124,705001,9123,1326,2000,0,0.3978407468062809,0.3978407468062809
4,237,1,9000000,136.7228561726239,3770352.86616931,6000000000,717724,718924,708001,10923,2387,1200,0,0.7161133442513056,0.7161133442513056
4,228,0,9000000,91.34028081848668,0,9000000000,711001,720001,681001,39000,0,9000,0.8999999999999999,0,0.8999999999999999
4,238,1,6000000,136.7228561726239,3770352.86616931,9000000000,724724,726524,711001,15523,1591,1800,0,0.47740889616753707,0.47740889616753707
4,229,0,4000000,77.83028330926211,0,10000000000,720001,730001,684001,46000,0,10000,0.9999999999999999,0,0.9999999999999999
4,239,1,6000000,136.7228561726239,3770352.86616931,4000000000,730724,731524,714001,17523,1591,800,0,0.47740889616753707,0.47740889616753707
4,230,0,5000000,68.65964535300193,0,4000000000,730001,734001,687001,47000,0,4000,0.39999999999999997,0,0.39999999999999997
4,240,1,3000000,136.7228561726239,3770352.86616931,7000000000,735924,737324,717001,20323,796,1400,0,0.23870444808376853,0.23870444808376853
4,241,1,4000000,136.7228561726239,3770352.86616931,6000000000,738724,739924,720001,19923,1061,1200,0,0.31827259744502473,0.31827259744502473
4,231,0,3000000,72.87422109360759,0,9000000000,734001,743001,690001,53000,0,9000,0.8999999999999999,0,0.8999999999999999
4,242,0,8000000,136.7228561726239,0,4000000000,743001,747001,723001,24000,0,4000,0.39999999999999997,0,0.39999999999999997
4,248,0,2000000,195.39467572070637,0,4000000000,747001,751001,741001,10000,0,4000,0.39999999999999997,0,0.39999999999999997
4,243,1,8000000,140.610658557593,3379556.0228465823,10000000000,749124,751124,726001,25123,2367,2000,0,0.7101524530960409,0.7101524530960409
4,244,1,6000000,159.78143603059777,2045820.1310281465,4000000000,753124,753924,729001,24923,2933,800,0,0.8798427450684009,0.8798427450684009
4,249,0,9000000,180.77631620320182,0,6000000000,751001,757001,744001,13000,0,6000,0.6,0,0.6
4,245,1,8000000,193.92234554068287,950104.0214875896,10000000000,762124,764124,732001,32123,8420,2000,0,2.526039197521015,2.526039197521015
4,250,0,7000000,150.6327308389515,0,8000000000,757001,765001,747001,18000,0,8000,0.7999999999999999,0,0.7999999999999999
4,251,0,7000000,120.03767950106335,0,10000000000,765001,775001,750001,25000,0,10000,0.9999999999999999,0,0.9999999999999999
4,247,1,5000000,196.51949343512973,901171.9168702166,7000000000,774561,775961,738001,37960,5548,1400,0,1.6644992724690337,1.6644992724690337
4,257,0,2000000,140.69515734381196,0,4000000000,775001,779001,768001,11000,0,4000,0.39999999999999997,0,0.39999999999999997
4,246,1,10000000,207.57209879942917,724912.9798702291,6000000000,780361,781561,735001,46560,13795,1200,0,4.138427760718324,4.138427760718324
4,260,0,3000000,88.44038217918327,0,4000000000,779001,783001,777001,6000,0,4000,0.39999999999999997,0,0.39999999999999997
4,252,1,6000000,100.85107634527259,12015744.661173161,2000000000,788761,789161,753001,36160,499,400,0,0.14980344962026318,0.14980344962026318
4,253,1,5000000,90.03930086356732,18104189.25701282,3000000000,789161,789761,756001,33760,276,600,0,0.08285375162099355,0.08285375162099355
4,261,0,2000000,92.40596571650558,0,10000000000,783001,793001,780001,13000,0,10000,0.9999999999999999,0,0.9999999999999999
4,254,1,6000000,89.64512981751994,18387099.525923338,8000000000,792761,794361,759001,35360,326,1600,0,0.09789472219162365,0.09789472219162365
4,255,1,6000000,99.80073997721658,12487552.513327673,5000000000,794361,795361,762001,33360,480,1000,0,0.1441435379814341,0.1441435379814341
4,263,0,6000000,119.97801465268543,0,5000000000,793001,798001,786001,12000,0,5000,0.49999999999999994,0,0.49999999999999994
4,256,1,10000000,117.81762389388102,6698598.5451440895,8000000000,800961,802561,765001,37560,1493,1600,0,0.4478548728934865,0.4478548728934865
4,258,1,5000000,101.20800363607614,11860263.98225225,4000000000,804361,805161,771001,34160,422,800,0,0.12647273300531983,0.12647273300531983
4,259,1,6000000,92.61292026493929,16376768.814477505,9000000000,805161,806961,774001,32960,366,1800,0,0.1099117915378247,0.1099117915378247
4,268,0,9000000,173.11177545158503,0,8000000000,801001,809001,801001,8000,0,8000,0.7999999999999999,0,0.7999999999999999
4,262,1,5000000,103.58509641835546,10883818.356656875,3000000000,809961,810561,783001,27560,459,600,0,0.1378192791211509,0.1378192791211509
4,264,1,7000000,139.75567895438093,3461047.107897475,4000000000,814961,815761,789001,26760,2023,800,0,0.6067527931671849,0.6067527931671849
4,265,1,8000000,158.13381200742617,2131157.932754336,5000000000,815761,816761,792001,24760,3754,1000,0,1.126148354898414,1.126148354898414
4,269,0,9000000,173.91563155737322,0,9000000000,809001,818001,804001,14000,0,9000,0.8999999999999999,0,0.8999999999999999
4,270,0,2000000,173.91563155737322,0,2000000000,818001,820001,807001,13000,0,2000,0.19999999999999998,0,0.19999999999999998
4,267,1,3000000,164.78093093559093,1811562.1940513125,5000000000,819761,820761,798001,22760,1656,1000,0,0.49680877805650847,0.49680877805650847
4,266,1,10000000,160.91816802337766,1989404.1967405712,2000000000,820761,821161,795001,26160,5027,400,0,1.507989178325442,1.507989178325442
4,271,0,5000000,173.91563155737322,0,4000000000,820001,824001,810001,14000,0,4000,0.39999999999999997,0,0.39999999999999997
4,272,1,6000000,173.91563155737322,1463451.9418703753,10000000000,826161,828161,813001,15160,4100,2000,0,1.229968643657336,1.229968643657336
4,273,0,8000000,173.91563155737322,0,7000000000,824001,831001,816001,15000,0,7000,0.7,0,0.7
4,274,0,6000000,174.3564395140025,0,4000000000,831001,835001,819001,16000,0,4000,0.39999999999999997,0,0.39999999999999997
4,275,0,4000000,179.69519331356642,0,2000000000,835001,837001,822001,15000,0,2000,0.19999999999999998,0,0.19999999999999998
4,279,1,2000000,158.52240220233858,2110639.615881195,9000000000,836295,838095,834001,4094,948,1800,0,0.2842740160306804,0.2842740160306804
4,280,1,9000000,143.30553827399692,3137720.101278732,5000000000,840495,841495,837001,4494,2868,1000,0,0.860497403480844,0.860497403480844
4,276,0,10000000,194.21231783797853,0,6000000000,837001,843001,825001,18000,0,6000,0.6,0,0.6
4,281,1,10000000,119.90544316251868,6263247.234093855,6000000000,842095,843295,840001,3294,1597,1200,0,0.4789847642720477,0.4789847642720477
4,282,1,4000000,98.25201982656644,13224023.399972048,6000000000,843303,844503,843001,1502,302,1200,0,0.09074394106127615,0.09074394106127615
4,277,0,10000000,200.5368148246102,0,2000000000,843001,845001,828001,17000,0,2000,0.19999999999999998,0,0.19999999999999998
4,283,1,8000000,79.78921230341855,27427758.000352632,9000000000,848703,850503,846001,4502,292,1800,0,0.08750259499770793,0.08750259499770793
4,278,0,8000000,177.67259693042143,0,8000000000,845001,853001,831001,22000,0,8000,0.7999999999999999,0,0.7999999999999999
4,284,1,8000000,77.51102760252891,30177661.25818614,4000000000,852903,853703,849001,4702,265,800,0,0.07952902577395604,0.07952902577395604
4,286,1,6000000,65.18114144443925,51384446.04009389,7000000000,857303,858703,855001,3702,117,1400,0,0.03503005556575445,0.03503005556575445
4,285,0,10000000,69.90656621519896,0,7000000000,853001,860001,852001,8000,0,7000,0.7,0,0.7
4,287,1,9000000,71.24196305549134,39450009.60718027,3000000000,859903,860503,858001,2502,228,600,0,0.06844104797147058,0.06844104797147058
4,288,1,6000000,80.99326206543361,26088630.769407883,3000000000,861231,861831,861001,830,230,600,0,0.06899557189910942,0.06899557189910942
4,289,1,7000000,96.75895204062512,13983235.906155398,7000000000,864502,865902,864001,1901,501,1400,0,0.15017983062672807,0.15017983062672807
4,290,1,2000000,118.29822526141294,6595202.0732661,8000000000,867304,868904,867001,1903,303,1600,0,0.09097522613175457,0.09097522613175457
4,291,1,8000000,141.67473486828908,3281411.552013708,6000000000,874658,875858,870001,5857,2438,1200,0,0.731392561389378,0.731392561389378
4,292,1,6000000,164.02795981173452,1844631.2267125326,9000000000,876254,878054,873001,5053,3253,1800,0,0.9758047971506622,0.9758047971506622
4,293,0,10000000,189.2139331550401,0,10000000000,876001,886001,876001,10000,0,10000,0.9999999999999999,0,0.9999999999999999
4,294,1,5000000,214.8737471167662,631697.8487888651,8000000000,889975,891575,879001,12574,7915,1600,0,2.374552965275889,2.374552965275889
4,295,0,9000000,197.06949535633365,0,6000000000,886001,892001,882001,10000,0,6000,0.6,0,0.6
4,296,0,6000000,169.48030210027363,0,4000000000,892001,896001,885001,11000,0,4000,0.39999999999999997,0,0.39999999999999997
4,297,0,3000000,138.82428641992004,0,5000000000,896001,901001,888001,13000,0,5000,0.49999999999999994,0,0.49999999999999994
4,299,1,9000000,97.2730512526465,13716139.864676438,7000000000,901423,902823,894001,8822,656,1400,0,0.19684838640012603,0.19684838640012603
4,301,1,4000000,67.11721165245169,47204935.67867649,3000000000,903623,904223,900001,4222,85,600,0,0.02542107054585113,0.02542107054585113
4,302,1,2000000,68.34353005222945,44743108.957002066,9000000000,904223,906023,903001,3022,45,1800,0,0.013409886214581052,0.013409886214581052
4,298,0,9000000,111.47914064971975,0,6000000000,901001,907001,891001,16000,0,6000,0.6,0,0.6
4,303,1,9000000,84.48922594035291,22601093.93634626,4000000000,906399,907199,906001,1198,398,800,0,0.11946324401837727,0.11946324401837727
4,304,1,9000000,109.1201173019898,8959361.082518104,6000000000,910006,911206,909001,2205,1005,1200,0,0.30136077507450365,0.30136077507450365
4,305,1,6000000,74.99104613218843,33581682.87756188,4000000000,912180,912980,912001,979,179,800,0,0.053600649096793705,0.053600649096793705
4,300,0,9000000,81.53438783728004,0,7000000000,907001,914001,897001,17000,0,7000,0.7,0,0.7
4,307,1,3000000,113.69983157419355,7670294.866840173,4000000000,918392,919192,918001,1191,391,800,0,0.11733577595443352,0.11733577595443352
4,306,0,7000000,87.09289580671893,0,7000000000,915001,922001,915001,7000,0,7000,0.7,0,0.7
4,309,1,8000000,107.1349840154933,9598551.610433063,5000000000,924834,925834,924001,1833,833,1000,0,0.2500377241698988,0.2500377241698988
4,308,0,8000000,117.1431338150043,0,5000000000,922001,927001,921001,6000,0,5000,0.49999999999999994,0,0.49999999999999994
4,310,1,6000000,105.11238366624553,10307032.227145242,3000000000,927583,928183,927001,1182,582,600,0,0.17463804908452774,0.17463804908452774
4,311,0,8000000,111.55197757099604,0,9000000000,930001,939001,930001,9000,0,9000,0.8999999999999999,0,0.8999999999999999
4,315,1,5000000,74.11202668933028,34866793.69515952,6000000000,943959,945159,942001,3158,143,1200,0,0.0430208757683458,0.0430208757683458
4,312,0,4000000,124.40889759177195,0,7000000000,939001,946001,933001,13000,0,7000,0.7,0,0.7
4,316,1,9000000,73.15017429917715,36334889.8342304,2000000000,945959,946359,945001,1358,248,400,0,0.07430874325801264,0.07430874325801264
4,318,1,10000000,94.10408705258239,15464238.632700771,7000000000,951648,953048,951001,2047,647,1400,0,0.19399597169020544,0.19399597169020544
4,313,0,9000000,109.56238861945278,0,10000000000,946001,956001,936001,20000,0,10000,0.9999999999999999,0,0.9999999999999999
4,319,1,7000000,111.87584949398152,8154932.845046852,2000000000,959248,959648,954001,5647,858,400,0,0.25751285018557807,0.25751285018557807
4,320,1,7000000,136.10669087153647,3837295.958154101,5000000000,962248,963248,957001,6247,1824,1000,0,0.547260368473165,0.547260368473165
4,314,0,10000000,89.3184650562245,0,10000000000,956001,966001,939001,27000,0,10000,0.9999999999999999,0,0.9999999999999999
4,321,1,3000000,162.33099549993523,1921947.5120236557,7000000000,966848,968248,960001,8247,1561,1400,0,0.46827501498850643,0.46827501498850643
4,322,1,4000000,186.2334956445805,1115710.913596125,6000000000,974248,975448,963001,12447,3585,1200,0,1.075547424854165,1.075547424854165
4,317,0,9000000,78.84760808039775,0,10000000000,966001,976001,948001,28000,0,10000,0.9999999999999999,0,0.9999999999999999
4,323,1,5000000,213.62449906319267,646537.7088766267,4000000000,977648,978448,966001,12447,7734,800,0,2.3200502915851304,2.3200502915851304
4,325,1,3000000,171.64695657074725,1541532.362969072,2000000000,978080,978480,972001,6479,1946,400,0,0.5838346450713191,0.5838346450713191
4,324,0,9000000,199.06094795313322,0,3000000000,976001,979001,969001,10000,0,3000,0.3,0,0.3
4,326,0,6000000,157.11882891620593,0,4000000000,979001,983001,975001,8000,0,4000,0.39999999999999997,0,0.39999999999999997
4,327,0,5000000,133.1226626085882,0,3000000000,983001,986001,978001,8000,0,3000,0.3,0,0.3
4,329,1,3000000,97.6034937899254,13547644.54116842,4000000000,986080,986880,984001,2879,221,800,0,0.0664322124237236,0.0664322124237236
4,328,0,9000000,109.29300114828943,0,3000000000,986001,989001,981001,8000,0,3000,0.3,0,0.3
4,330,1,4000000,110.79229034549292,8460391.187637094,9000000000,987880,989680,987001,2679,473,1800,0,0.14183741311554512,0.14183741311554512
4,331,1,8000000,133.941169175127,4084472.442555542,6000000000,991960,993160,990001,3159,1959,1200,0,0.5875911843582879,0.5875911843582879
4,332,1,9000000,159.49306599347818,2060446.12583621,9000000000,997369,999169,993001,6168,4368,1800,0,1.310395824547091,1.310395824547091
5,1,1,3000000,155.6618553146531,2267633.5096717393,3000000000,1324,1924,1,1923,1323,600,0,0.3968895309411278,0.3968895309411278
5,3,1,3000000,151.066658465725,2551340.289990346,7000000000,7177,8577,6001,2576,1176,1400,0,0.35275576665761255,0.35275576665761255
5,2,0,6000000,148.2972420512263,0,9000000000,3001,12001,3001,9000,0,9000,0.8999999999999999,0,0.8999999999999999
5,4,1,10000000,157.31765190213082,2175063.5333387987,7000000000,13599,14999,9001,5998,4598,1400,0,1.3792700553417374,1.3792700553417374
5,5,1,3000000,167.92416175166693,1681211.219878923,3000000000,15599,16199,12001,4198,1784,600,0,0.5353283331435392,0.5353283331435392
5,6,1,4000000,179.0865517005674,1303062.9694130067,7000000000,20599,21999,15001,6998,3070,1400,0,0.9209071458308468,0.9209071458308468
5,8,0,2000000,200.84476517947886,0,2000000000,21001,23001,21001,2000,0,2000,0.19999999999999998,0,0.19999999999999998
5,9,0,8000000,215.1743711504695,0,4000000000,24001,28001,24001,4000,0,4000,0.39999999999999997,0,0.39999999999999997
5,7,1,5000000,183.8661222194018,1173817.5906512649,8000000000,26799,28399,18001,10398,4260,1600,0,1.2778816844683343,1.2778816844683343
5,11,0,9000000,204.01705345387182,0,10000000000,30001,40001,30001,10000,0,10000,0.9999999999999999,0,0.9999999999999999
5,14,1,2000000,175.98571305648645,1396450.8320995837,6000000000,44199,45399,39001,6398,1432,1200,0,0.42966066989833895,0.42966066989833895
5,16,0,8000000,182.94408681343054,0,2000000000,45001,47001,45001,2000,0,2000,0.19999999999999998,0,0.19999999999999998
5,12,1,9000000,187.92640181730715,1076342.474655051,9000000000,45399,47199,33001,14198,8362,1800,0,2.508495263893867,2.508495263893867
5,17,0,4000000,182.94408681343054,0,2000000000,48001,50001,48001,2000,0,2000,0.19999999999999998,0,0.19999999999999998
5,10,1,9000000,221.06210575311184,564143.0707879511,6000000000,49799,50999,27001,23998,15953,1200,0,4.786019965163891,4.786019965163891
5,15,1,2000000,178.43626985565464,1321988.3037029419,6000000000,50999,52199,42001,10198,1513,1200,0,0.45386180673412624,0.45386180673412624
5,13,1,10000000,180.31335862880488,1268267.155022423,8000000000,52199,53799,36001,17798,7885,1600,0,2.3654322262622656,2.3654322262622656
5,18,0,8000000,185.74687561302346,0,4000000000,51001,55001,51001,4000,0,4000,0.39999999999999997,0,0.39999999999999997
5,19,0,6000000,195.73686750328872,0,6000000000,55001,61001,54001,7000,0,6000,0.6,0,0.6
5,20,1,2000000,212.81338139318217,656406.1003916084,3000000000,62399,62999,57001,5998,3047,600,0,0.9140682873636353,0.9140682873636353
5,21,1,4000000,233.76992813448012,451472.669695117,5000000000,68861,69861,60001,9860,8860,1000,0,2.657968201730504,2.657968201730504
5,23,0,4000000,208.3912670914979,0,4000000000,66001,70001,66001,4000,0,4000,0.39999999999999997,0,0.39999999999999997
5,24,0,2000000,196.04863172182556,0,9000000000,70001,79001,69001,10000,0,9000,0.8999999999999999,0,0.8999999999999999
5,25,1,7000000,192.49258401299517,978455.3939729634,5000000000,85197,86197,72001,14196,7154,1000,0,2.146239892932745,2.146239892932745
5,26,1,6000000,187.28266177091777,1091105.7061737028,6000000000,88997,90197,75001,15196,5499,1200,0,1.6497026729997157,1.6497026729997157
5,22,1,9000000,228.787486545921,491965.8308833923,2000000000,90197,90597,63001,27596,18294,400,0,5.488186029407324,5.488186029407324
5,27,1,5000000,195.30505625815218,923652.1190990335,3000000000,91797,92397,78001,14396,5413,600,0,1.6239880459140383,1.6239880459140383
5,30,1,3000000,159.58143062399208,2055950.580676162,3000000000,94058,94658,87001,7657,1459,600,0,0.4377537127881778,0.4377537127881778
5,31,0,7000000,147.09894153256167,0,5000000000,90001,95001,90001,5000,0,5000,0.49999999999999994,0,0.49999999999999994
5,29,1,7000000,175.71379513288082,1405031.138802172,7000000000,94658,96058,84001,12057,4982,1400,0,1.4946287964765737,1.4946287964765737
5,28,1,7000000,198.7455702651005,861706.575778662,2000000000,96058,96458,81001,15457,8123,400,0,2.437024457080859,2.437024457080859
5,32,0,5000000,139.4836312977261,0,9000000000,95001,104001,93001,11000,0,9000,0.8999999999999999,0,0.8999999999999999
5,33,0,4000000,140.3430155013067,0,2000000000,104001,106001,96001,10000,0,2000,0.19999999999999998,0,0.19999999999999998
5,34,0,9000000,149.70390308873047,0,7000000000,106001,113001,99001,14000,0,7000,0.7,0,0.7
5,35,0,5000000,165.82797954506955,0,3000000000,113001,116001,102001,14000,0,3000,0.3,0,0.3
5,40,1,4000000,97.78735552207151,13454952.5941198,5000000000,117298,118298,117001,1297,297,1000,0,0.08918649037265537,0.08918649037265537
5,36,0,3000000,147.3968303594077,0,4000000000,116001,120001,105001,15000,0,4000,0.39999999999999997,0,0.39999999999999997
5,41,1,5000000,111.51419371541905,8255380.042735417,8000000000,125498,127098,120001,7097,606,1600,0,0.1816996906544566,0.1816996906544566
5,37,0,7000000,122.89772414491657,0,10000000000,120001,130001,108001,22000,0,10000,0.9999999999999999,0,0.9999999999999999
5,43,1,9000000,143.0293050392122,3161504.938279973,4000000000,132298,133098,126001,7097,2847,800,0,0.8540236541490092,0.8540236541490092
5,38,0,10000000,104.32204081592725,0,5000000000,130001,135001,111001,24000,0,5000,0.49999999999999994,0,0.49999999999999994
5,39,0,5000000,95.13587388572205,0,2000000000,135001,137001,114001,23000,0,2000,0.19999999999999998,0,0.19999999999999998
5,44,1,5000000,162.49826091377102,1914150.305902228,10000000000,136298,138298,129001,9297,2612,2000,0,0.7836375207186148,0.7836375207186148
5,42,0,10000000,126.95716758025131,0,2000000000,137001,139001,123001,16000,0,2000,0.19999999999999998,0,0.19999999999999998
5,49,1,6000000,133.5890788949456,4126490.0824469165,4000000000,145455,146255,144001,2254,1454,800,0,0.4362060647272028,0.4362060647272028
5,48,1,9000000,161.17787844490323,1976786.49727684,6000000000,146255,147455,141001,6454,4553,1200,0,1.3658531175316284,1.3658531175316284
5,45,0,5000000,181.63702953968388,0,10000000000,139001,149001,132001,17000,0,10000,0.9999999999999999,0,0.9999999999999999
5,50,1,10000000,106.02101395478164,9981252.28753082,6000000000,148003,149203,147001,2202,1002,1200,0,0.30056348778477227,0.30056348778477227
5,51,1,4000000,81.1624623825571,25906418.722376924,4000000000,150155,150955,150001,954,154,800,0,0.04632056683942533,0.04632056683942533
5,46,0,4000000,202.57666993017736,0,6000000000,149001,155001,135001,20000,0,6000,0.6,0,0.6
5,52,1,6000000,53.72365773102198,85039978.16631715,10000000000,153072,155072,153001,2071,71,2000,0,0.021166515312123498,0.021166515312123498
5,55,1,2000000,23.14033923692568,302646509.90344155,6000000000,162008,163208,162001,1207,7,1200,0,0.001982510884369452,0.001982510884369452
5,47,0,4000000,188.5728095458091,0,10000000000,155001,165001,138001,27000,0,10000,0.9999999999999999,0,0.9999999999999999
5,53,0,8000000,26.68247552233485,0,2000000000,165001,167001,156001,11000,0,2000,0.19999999999999998,0,0.19999999999999998
5,57,1,2000000,78.35268789263075,29127391.19691291,6000000000,168070,169270,168001,1269,69,1200,0,0.020599167153136304,0.020599167153136304
5,58,1,3000000,105.97773020781302,9996488.439328754,8000000000,171301,172901,171001,1900,300,1600,0,0.09003161514789221,0.09003161514789221
5,54,0,9000000,4.587046980356718,0,8000000000,167001,175001,159001,16000,0,8000,0.7999999999999999,0,0.7999999999999999
5,59,1,7000000,122.53790025947069,5762382.842748474,6000000000,175216,176416,174001,2415,1215,1200,0,0.364432571959826,0.364432571959826
5,60,1,5000000,126.8735784156811,5039666.845445911,6000000000,177993,179193,177001,2192,992,1200,0,0.2976387221618574,0.2976387221618574
5,56,0,10000000,50.73337855889359,0,8000000000,175001,183001,165001,18000,0,8000,0.7999999999999999,0,0.7999999999999999
5,62,1,6000000,150.04342038223467,2620390.120557229,3000000000,185291,185891,183001,2890,2290,600,0,0.6869206176129331,0.6869206176129331
5,61,0,10000000,136.19206621532695,0,6000000000,183001,189001,180001,9000,0,6000,0.6,0,0.6
5,63,1,8000000,167.42061193293972,1701291.190146382,10000000000,191434,193434,186001,7433,4702,2000,0,1.410693251043932,1.410693251043932
5,65,1,3000000,182.2501632372382,1215652.6275419577,8000000000,194469,196069,192001,4068,2468,1600,0,0.7403430713754098,0.7403430713754098
5,66,0,4000000,167.54677466307726,0,3000000000,195001,198001,195001,3000,0,3000,0.3,0,0.3
5,64,1,7000000,186.4713331855596,1110073.0871854757,7000000000,196869,198269,189001,9268,6306,1400,0,1.8917673297750377,1.8917673297750377
5,67,1,4000000,153.08497640199712,2421616.3707671682,2000000000,199653,200053,198001,2052,1652,400,0,0.4955367887688337,0.4955367887688337
5,68,1,9000000,141.1635873729483,3328112.016056152,8000000000,203933,205533,201001,4532,2704,1600,0,0.8112707706273447,0.8112707706273447
5,69,1,10000000,132.54477054942603,4254277.681092339,5000000000,207533,208533,204001,4532,2351,1000,0,0.7051725874249263,0.7051725874249263
5,70,1,10000000,126.93840592980516,5029730.131974354,10000000000,209716,211716,207001,4715,1988,2000,0,0.5964534719126947,0.5964534719126947
5,71,1,7000000,125.5052994897028,5255112.970492494,3000000000,211716,212316,210001,2315,1332,600,0,0.3996108193661142,0.3996108193661142
5,72,1,7000000,128.6267102898928,4779196.8691164125,6000000000,214579,215779,213001,2778,1465,1200,0,0.4394043722221161,0.4394043722221161
5,73,1,10000000,135.85278061195504,3865307.0370359253,5000000000,221440,222440,216001,6439,2587,1000,0,0.7761349800300785,0.7761349800300785
5,74,0,5000000,146.24206816097757,0,4000000000,219001,223001,219001,4000,0,4000,0.39999999999999997,0,0.39999999999999997
5,75,1,6000000,154.86209090671608,2314091.92618815,4000000000,224640,225440,222001,3439,2593,800,0,0.7778429109188504,0.7778429109188504
5,76,0,7000000,155.19927899317062,0,5000000000,225001,230001,225001,5000,0,5000,0.49999999999999994,0,0.49999999999999994
5,77,0,5000000,157.85173074755943,0,4000000000,230001,234001,228001,6000,0,4000,0.39999999999999997,0,0.39999999999999997
5,79,1,2000000,172.8830243256983,1498366.5526357393,9000000000,238293,240093,234001,6092,1335,1800,0,0.40043606081873284,0.40043606081873284
5,78,1,9000000,163.86063865370477,1852081.0748880077,7000000000,240093,241493,231001,10492,4859,1400,0,1.4578195504552978,1.4578195504552978
5,81,0,8000000,194.15063662012545,0,6000000000,240001,246001,240001,6000,0,6000,0.6,0,0.6
5,80,1,10000000,183.98074790586102,1170918.6170514575,6000000000,245541,246741,237001,9740,8540,1200,0,2.5620909568885617,2.5620909568885617
5,84,0,8000000,212.21318455741624,0,3000000000,249001,252001,249001,3000,0,3000,0.3,0,0.3
5,83,1,6000000,212.21318455741624,663829.4366062335,3000000000,255039,255639,246001,9638,9038,600,0,2.711539893744895,2.711539893744895
5,82,1,9000000,208.64431288678824,710198.8161811089,8000000000,255674,257274,243001,14273,12673,1600,0,3.8017523241146445,3.8017523241146445
5,85,1,3000000,212.21318455741624,663829.4366062335,6000000000,257274,258474,252001,6473,4519,1200,0,1.3557699468724476,1.3557699468724476
5,86,0,8000000,212.21318455741624,0,4000000000,255001,259001,255001,4000,0,4000,0.39999999999999997,0,0.39999999999999997
5,88,0,2000000,204.77330221491272,0,3000000000,261001,264001,261001,3000,0,3000,0.3,0,0.3
5,89,0,6000000,178.704736646794,0,5000000000,264001,269001,264001,5000,0,5000,0.49999999999999994,0,0.49999999999999994
5,87,1,7000000,219.9654429677535,575432.7931021377,6000000000,270166,271366,258001,13365,12165,1200,0,3.649427048950364,3.649427048950364
5,91,1,8000000,130.82172334899124,4475925.057673378,6000000000,271788,272988,270001,2987,1787,1200,0,0.5362020071997228,0.5362020071997228
5,90,0,9000000,153.85741516092094,0,9000000000,269001,278001,267001,11000,0,9000,0.8999999999999999,0,0.8999999999999999
5,92,0,10000000,114.09139713405209,0,6000000000,278001,284001,273001,11000,0,6000,0.6,0,0.6
5,93,0,2000000,99.35973027338595,0,9000000000,284001,293001,276001,17000,0,9000,0.8999999999999999,0,0.8999999999999999
5,99,1,8000000,164.68115162337182,1815901.7924358929,6000000000,298407,299607,294001,5606,4406,1200,0,1.3216573770658513,1.3216573770658513
5,94,0,5000000,91.98014187855983,0,8000000000,293001,301001,279001,22000,0,8000,0.7999999999999999,0,0.7999999999999999
5,95,0,8000000,93.47630769344711,0,6000000000,301001,307001,282001,25000,0,6000,0.6,0,0.6
5,96,0,8000000,103.58885654354908,0,9000000000,307001,316001,285001,31000,0,9000,0.8999999999999999,0,0.8999999999999999
5,97,0,8000000,120.23147424863427,0,10000000000,316001,326001,288001,38000,0,10000,0.9999999999999999,0,0.9999999999999999
5,98,0,8000000,141.1151618359983,0,7000000000,326001,333001,291001,42000,0,7000,0.7,0,0.7
5,110,1,2000000,205.96716364508205,747655.0170023271,2000000000,334367,334767,327001,7766,2675,400,0,0.8025091604489728,0.8025091604489728
5,100,0,8000000,159.27054247411854,0,3000000000,333001,336001,297001,39000,0,3000,0.3,0,0.3
5,101,1,9000000,148.16842106197936,2753020.3994662934,5000000000,336258,337258,300001,37257,3269,1000,0,0.980741007412596,0.980741007412596
5,103,1,6000000,143.0358171927577,3160941.6594833834,7000000000,338858,340258,306001,34257,1898,1400,0,0.5694505605947145,0.5694505605947145
5,111,1,7000000,189.7750376103243,1035307.0192307348,7000000000,339167,340567,330001,10566,6761,1400,0,2.028383813682984,2.028383813682984
5,113,1,5000000,188.30285207611703,1067824.2680941862,8000000000,341967,343567,336001,7566,4682,1600,0,1.4047255197497481,1.4047255197497481
5,106,1,10000000,147.73101840845752,2785145.8839264214,10000000000,342258,344258,315001,29257,3590,2000,0,1.077142858948086,1.077142858948086
5,102,0,5000000,142.4633444083074,0,9000000000,336001,345001,303001,42000,0,9000,0.8999999999999999,0,0.8999999999999999
5,109,1,8000000,190.0212072375081,1029990.5822817724,6000000000,349458,350658,324001,26657,7767,1200,0,2.330118392619863,2.330118392619863
5,104,0,10000000,145.34274835711616,0,8000000000,345001,353001,309001,44000,0,8000,0.7999999999999999,0,0.7999999999999999
5,115,1,7000000,188.30285207611703,1067824.2680941862,9000000000,353567,355367,342001,13366,6555,1800,0,1.9666157276496472,1.9666157276496472
5,116,1,5000000,188.30285207611703,1067824.2680941862,7000000000,355367,356767,345001,11766,4682,1400,0,1.4047255197497481,1.4047255197497481
5,117,1,6000000,188.30285207611703,1067824.2680941862,3000000000,360967,361567,348001,13566,5619,600,0,1.6856706236996977,1.6856706236996977
5,105,0,2000000,145.34274835711616,0,10000000000,353001,363001,312001,51000,0,10000,0.9999999999999999,0,0.9999999999999999
5,118,1,5000000,186.23985073018073,1115559.8066625688,6000000000,363767,364967,351001,13966,4482,1200,0,1.3446163899428796,1.3446163899428796
5,107,0,7000000,156.98647107314693,0,4000000000,363001,367001,318001,49000,0,4000,0.39999999999999997,0,0.39999999999999997
5,119,1,9000000,181.5172079996825,1235238.6129212861,6000000000,371967,373167,354001,19166,7286,1200,0,2.1858124995093995,2.1858124995093995
5,120,1,5000000,189.08699056254505,1050348.7299872907,6000000000,373167,374367,357001,17366,4760,1200,0,1.428097123531677,1.428097123531677
5,108,0,7000000,171.8185956175873,0,8000000000,367001,375001,321001,54000,0,8000,0.7999999999999999,0,0.7999999999999999
5,121,1,5000000,203.7388941758544,780724.3104144785,6000000000,377367,378567,360001,18566,6404,1200,0,1.921292804631209,1.921292804631209
5,126,1,3000000,185.75221882927804,1127228.7559500826,9000000000,378970,380770,375001,5769,2661,1800,0,0.7984182405295691,0.7984182405295691
5,112,0,7000000,188.30285207611703,0,6000000000,375001,381001,333001,48000,0,6000,0.6,0,0.6
5,124,1,6000000,213.38044638626099,649487.383562151,9000000000,380770,382570,369001,13569,9238,1800,0,2.7714164209438468,2.7714164209438468
5,127,1,4000000,181.99081570233153,1222538.4417593116,10000000000,382570,384570,378001,6569,3272,2000,0,0.9815642265392674,0.9815642265392674
5,123,1,10000000,232.76341572506618,459307.5047839878,5000000000,387773,388773,366001,22772,21772,1000,0,6.531571918057161,6.531571918057161
5,114,0,3000000,188.30285207611703,0,10000000000,381001,391001,339001,52000,0,10000,0.9999999999999999,0,0.9999999999999999
5,131,1,2000000,172.24910391639196,1520313.9871523622,7000000000,391317,392717,390001,2716,1316,1400,0,0.3946553179608874,0.3946553179608874
5,122,0,8000000,221.4096592292215,0,2000000000,391001,393001,363001,30000,0,2000,0.19999999999999998,0,0.19999999999999998
5,129,1,10000000,181.99081570233153,1222538.4417593116,3000000000,394317,394917,384001,10916,8180,600,0,2.453910566348169,2.453910566348169
5,130,1,10000000,175.72018779867042,1404828.6688911295,7000000000,394917,396317,387001,9316,7118,1400,0,2.135491726808212,2.135491726808212
5,132,1,7000000,169.52460853811164,1619314.0153064376,9000000000,397324,399124,393001,6123,4323,1800,0,1.2968454420513353,1.2968454420513353
5,125,0,8000000,196.50331320362005,0,10000000000,393001,403001,372001,31000,0,10000,0.9999999999999999,0,0.9999999999999999
5,133,1,8000000,171.9187985649039,1531907.9916820752,9000000000,401223,403023,396001,7022,5222,1800,0,1.5666737252050869,1.5666737252050869
5,134,1,5000000,179.15039966463934,1301222.9969489374,7000000000,403023,404423,399001,5422,3843,1400,0,1.152761673838495,1.152761673838495
5,128,0,9000000,181.99081570233153,0,6000000000,403001,409001,381001,28000,0,6000,0.6,0,0.6
5,135,1,6000000,190.6961449531689,1015587.5098193365,8000000000,407909,409509,402001,7508,5908,1600,0,1.772373116640833,1.772373116640833
5,136,1,6000000,205.8255518637081,749704.076781422,9000000000,413552,415352,405001,10351,8003,1800,0,2.4009473280812825,2.4009473280812825
5,138,0,9000000,241.88883087071216,0,7000000000,411001,418001,411001,7000,0,7000,0.7,0,0.7
5,140,0,5000000,227.84520381171072,0,3000000000,418001,421001,417001,4000,0,3000,0.3,0,0.3
5,137,1,8000000,222.78403623240155,546968.0585011132,9000000000,422887,424687,408001,16686,14626,1800,0,4.387824778245466,4.387824778245466
5,141,0,9000000,215.39805941558524,0,6000000000,421001,427001,420001,7000,0,6000,0.6,0,0.6
5,142,0,8000000,213.904476343998,0,4000000000,427001,431001,423001,8000,0,4000,0.39999999999999997,0,0.39999999999999997
5,143,1,6000000,202.70256091130176,796724.7073948374,6000000000,433532,434732,426001,8731,7531,1200,0,2.2592496295059212,2.2592496295059212
5,145,0,6000000,173.01412312294045,0,3000000000,432001,435001,432001,3000,0,3000,0.3,0,0.3
5,144,1,8000000,187.2134452970726,1092708.046851453,4000000000,436322,437122,429001,8121,7321,800,0,2.196378078220802,2.196378078220802
5,146,1,5000000,162.1827493909263,1928891.0670416951,4000000000,437593,438393,435001,3392,2592,800,0,0.7776488914433735,0.7776488914433735
5,147,1,5000000,155.43485966796513,2280701.400284297,4000000000,440193,440993,438001,2992,2192,800,0,0.6576924098056064,0.6576924098056064
5,139,1,10000000,246.6675438723141,364418.4083509285,9000000000,441442,443242,414001,29241,27441,1800,0,8.232295436379419,8.232295436379419
5,148,0,7000000,142.3356266013537,0,8000000000,441001,449001,441001,8000,0,8000,0.7999999999999999,0,0.7999999999999999
5,150,1,10000000,88.45981517050552,19269256.9461174,8000000000,447520,449120,447001,2119,519,1600,0,0.15568841125472022,0.15568841125472022
5,151,1,6000000,63.35954939865023,55667155.93485922,6000000000,450109,451309,450001,1308,108,1200,0,0.032335045140555234,0.032335045140555234
5,149,0,5000000,115.46470456377567,0,3000000000,449001,452001,444001,8000,0,3000,0.3,0,0.3
5,152,1,5000000,46.084419275933136,118327241.03712362,2000000000,453043,453443,453001,442,42,400,0,0.012676708988164396,0.012676708988164396
5,153,1,6000000,22.667108329030395,308522201.3794531,5000000000,456020,457020,456001,1019,19,1000,0,0.005834264088457512,0.005834264088457512
5,155,1,5000000,39.63272006814575,155212746.6538243,7000000000,462033,463433,462001,1432,32,1400,0,0.009664154731734086,0.009664154731734086
5,154,0,2000000,17.277167013141952,0,8000000000,459001,467001,459001,8000,0,8000,0.7999999999999999,0,0.7999999999999999
5,156,1,2000000,56.136152344099926,76506654.97902302,10000000000,465027,467027,465001,2026,26,2000,0,0.007842455014724026,0.007842455014724026
5,158,1,2000000,108.96700509787354,9006799.807933742,9000000000,471223,473023,471001,2022,222,1800,0,0.06661633574574215,0.06661633574574215
5,157,0,6000000,82.00246947501034,0,7000000000,468001,475001,468001,7000,0,7000,0.7,0,0.7
5,159,0,5000000,133.84257357059454,0,4000000000,475001,479001,474001,5000,0,4000,0.39999999999999997,0,0.39999999999999997
5,160,1,7000000,160.7336461354623,1998429.665899743,3000000000,480504,481104,477001,4103,3503,600,0,1.0508250732229434,1.0508250732229434
5,161,0,10000000,187.91255838820354,0,2000000000,480001,482001,480001,2000,0,2000,0.19999999999999998,0,0.19999999999999998
5,162,0,6000000,201.87852609923624,0,9000000000,483001,492001,483001,9000,0,9000,0.8999999999999999,0,0.8999999999999999
5,164,1,6000000,177.54251687976034,1348560.486161128,6000000000,494083,495283,489001,6282,4449,1200,0,1.3347565930275473,1.3347565930275473
5,163,0,8000000,178.53788309487715,0,5000000000,492001,497001,486001,11000,0,5000,0.49999999999999994,0,0.49999999999999994
5,165,1,5000000,184.18883380921872,1165678.683743188,4000000000,496290,497090,492001,5089,4289,800,0,1.286804006043287,1.286804006043287
5,166,1,5000000,196.61401832015943,899450.9150709414,5000000000,506290,507290,495001,12289,5559,1000,0,1.6676841113466343,1.6676841113466343
5,168,0,5000000,234.30851478339412,0,7000000000,501001,508001,501001,7000,0,7000,0.7,0,0.7
5,170,1,2000000,208.38901026685645,713668.3554654615,2000000000,509803,510203,507001,3202,2802,400,0,0.8407266420110138,0.8407266420110138
5,167,1,3000000,213.74029708971588,645143.9904885595,10000000000,508290,510290,498001,12289,4650,2000,0,1.3950374075691867,1.3950374075691867
5,169,0,2000000,228.78772453958277,0,3000000000,508001,511001,504001,7000,0,3000,0.3,0,0.3
5,172,0,5000000,173.0083379493601,0,4000000000,513001,517001,513001,4000,0,4000,0.39999999999999997,0,0.39999999999999997
5,171,1,6000000,193.15370071525936,965216.7500809841,10000000000,516217,518217,510001,8216,6216,2000,0,1.8648661037523184,1.8648661037523184
5,173,1,9000000,149.09594394214756,2686399.114597054,4000000000,520217,521017,516001,5016,3350,800,0,1.0050628684803546,1.0050628684803546
5,174,0,6000000,126.5066705751124,0,5000000000,519001,524001,519001,5000,0,5000,0.49999999999999994,0,0.49999999999999994
5,175,1,2000000,179.29941048425118,1296941.349188746,4000000000,524053,524853,522001,2852,1542,800,0,0.4626269340362291,0.4626269340362291
5,177,1,10000000,141.98708462391923,3253271.570485129,6000000000,531075,532275,528001,4274,3074,1200,0,0.9221486540555355,0.9221486540555355
5,176,0,9000000,162.9461705594826,0,10000000000,525001,535001,525001,10000,0,10000,0.9999999999999999,0,0.9999999999999999
5,180,1,9000000,89.75170193372384,18310105.561682172,2000000000,537493,537893,537001,892,492,400,0,0.1474595540099086,0.1474595540099086
5,178,0,5000000,122.24996891615143,0,3000000000,535001,538001,531001,7000,0,3000,0.3,0,0.3
5,181,1,4000000,80.34510128190769,26800126.93147981,8000000000,540150,541750,540001,1749,149,1600,0,0.044775907333127696,0.044775907333127696
5,179,0,8000000,104.02246920737846,0,4000000000,538001,542001,534001,8000,0,4000,0.39999999999999997,0,0.39999999999999997
5,182,0,5000000,77.70994595288303,0,8000000000,543001,551001,543001,8000,0,8000,0.7999999999999999,0,0.7999999999999999
5,184,1,10000000,93.53432792296095,15805687.799377205,10000000000,549634,551634,549001,2633,633,2000,0,0.189805090299089,0.189805090299089
5,185,1,4000000,95.10155624383864,14887103.654486975,6000000000,552270,553470,552001,1469,269,1200,0,0.08060667997285824,0.08060667997285824
5,183,0,3000000,82.47886153433498,0,5000000000,551001,556001,546001,10000,0,5000,0.49999999999999994,0,0.49999999999999994
5,186,1,2000000,78.99815504174767,28349540.598191753,6000000000,555072,556272,555001,1271,71,1200,0,0.021164364125119912,0.021164364125119912
5,187,1,9000000,66.91698289672063,47620230.238833524,2000000000,558190,558590,558001,589,189,400,0,0.056698591889591365,0.056698591889591365
5,188,1,4000000,67.6562266166241,46105746.468365386,4000000000,561088,561888,561001,887,87,800,0,0.026027124424140017,0.026027124424140017
5,189,1,8000000,80.76228946730036,26339703.454187084,10000000000,564305,566305,564001,2304,304,2000,0,0.09111719895306887,0.09111719895306887
5,190,0,2000000,101.57441853143928,0,7000000000,567001,574001,567001,7000,0,7000,0.7,0,0.7
5,192,1,8000000,139.59468256348444,3476662.1036860775,9000000000,575302,577102,573001,4101,2301,1800,0,0.6903173010271654,0.6903173010271654
5,191,0,7000000,123.43253379883281,0,5000000000,574001,579001,570001,9000,0,5000,0.49999999999999994,0,0.49999999999999994
5,193,0,9000000,156.0147957727087,0,7000000000,579001,586001,576001,10000,0,7000,0.7,0,0.7
5,195,1,6000000,193.90169287553942,950506.2166716562,2000000000,589509,589909,582001,7908,6312,400,0,1.89372775099039,1.89372775099039
5,197,1,5000000,182.30489022513905,1214205.765366974,6000000000,592417,593617,588001,5616,4118,1200,0,1.2353754551203677,1.2353754551203677
5,194,0,2000000,174.29361807019782,0,9000000000,586001,595001,579001,16000,0,9000,0.8999999999999999,0,0.8999999999999999
5,198,1,2000000,172.2791679222999,1519264.1346707465,10000000000,593617,595617,591001,4616,1316,2000,0,0.3949280354268558,0.3949280354268558
5,196,0,9000000,183.70234892346912,0,2000000000,595001,597001,585001,12000,0,2000,0.19999999999999998,0,0.19999999999999998
5,199,0,5000000,157.68122938384263,0,2000000000,597001,599001,594001,5000,0,2000,0.19999999999999998,0,0.19999999999999998
5,200,1,2000000,145.6962930207904,2940823.5687123183,10000000000,601017,603017,597001,6016,680,2000,0,0.20402448021141187,0.20402448021141187
5,201,1,6000000,137.02288276050834,3738277.0241578566,7000000000,605017,606417,600001,6416,1605,1400,0,0.48150524649935394,0.48150524649935394
5,202,0,2000000,132.4647186989804,0,9000000000,603001,612001,603001,9000,0,9000,0.8999999999999999,0,0.8999999999999999
5,204,1,5000000,135.61716742359727,3891524.932327381,10000000000,610286,612286,609001,3285,1285,2000,0,0.38545301034545965,0.38545301034545965
5,205,1,2000000,143.43669893022496,3126503.939115448,5000000000,612641,613641,612001,1640,640,1000,0,0.19190764242879935,0.19190764242879935
5,207,1,3000000,168.78797646751985,1647445.4580660185,5000000000,620131,621131,618001,3130,1821,1000,0,0.5463003315791315,0.5463003315791315
5,203,0,6000000,131.86839082964488,0,10000000000,612001,622001,606001,16000,0,10000,0.9999999999999999,0,0.9999999999999999
5,206,0,3000000,154.7279961739309,0,6000000000,622001,628001,615001,13000,0,6000,0.6,0,0.6
5,208,1,9000000,184.329948733243,1162141.7781067372,9000000000,629922,631722,621001,10721,7744,1800,0,2.3232965640376606,2.3232965640376606
5,209,0,8000000,182.91655201211293,0,4000000000,628001,632001,624001,8000,0,4000,0.39999999999999997,0,0.39999999999999997
5,210,0,10000000,165.70302501765016,0,2000000000,632001,634001,627001,7000,0,2000,0.19999999999999998,0,0.19999999999999998
5,212,1,5000000,135.99987058817374,3849049.7113538655,4000000000,635722,636522,633001,3521,1299,800,0,0.38970658019181303,0.38970658019181303
5,211,0,8000000,148.34743981612888,0,9000000000,634001,643001,630001,13000,0,9000,0.8999999999999999,0,0.8999999999999999
5,213,0,5000000,128.05968608426306,0,5000000000,643001,648001,636001,12000,0,5000,0.49999999999999994,0,0.49999999999999994
5,214,0,7000000,125.43737282006502,0,3000000000,648001,651001,639001,12000,0,3000,0.3,0,0.3
5,215,0,8000000,129.15915646983768,0,3000000000,651001,654001,642001,12000,0,3000,0.3,0,0.3
5,220,1,3000000,165.52451329032812,1779624.272240366,5000000000,659687,660687,657001,3686,1686,1000,0,0.5057247274263075,0.5057247274263075
5,216,0,6000000,139.2071585802972,0,10000000000,654001,664001,645001,19000,0,10000,0.9999999999999999,0,0.9999999999999999
5,221,1,8000000,177.9412403013984,1336624.7765948132,8000000000,667287,668887,660001,8886,5985,1600,0,1.7955674936044823,1.7955674936044823
5,217,0,5000000,150.92954647781855,0,5000000000,664001,669001,648001,21000,0,5000,0.49999999999999994,0,0.49999999999999994
5,225,1,2000000,197.68401553995201,880252.1220606082,5000000000,674273,675273,672001,3272,2272,1000,0,0.6816228952626008,0.6816228952626008
5,218,0,10000000,155.10072404731065,0,8000000000,669001,677001,651001,26000,0,8000,0.7999999999999999,0,0.7999999999999999
5,219,0,6000000,157.6769209491358,0,2000000000,677001,679001,654001,25000,0,2000,0.19999999999999998,0,0.19999999999999998
5,228,1,7000000,113.74986109881627,7657500.634537666,5000000000,681915,682915,681001,1914,914,1000,0,0.274240917529717,0.274240917529717
5,222,0,7000000,190.92302113679222,0,7000000000,679001,686001,663001,23000,0,7000,0.7,0,0.7
5,224,1,7000000,221.1528396833285,563221.423365089,9000000000,685087,686887,669001,17886,12429,1800,0,3.72855135277542,3.72855135277542
5,230,1,7000000,91.6239019033789,17016819.554358236,3000000000,687412,688012,687001,1011,411,600,0,0.12340731435106284,0.12340731435106284
5,231,1,9000000,100.59356092712892,12129428.769226976,5000000000,690743,691743,690001,1742,742,1000,0,0.222599105973568,0.222599105973568
5,223,0,6000000,205.02956859926326,0,7000000000,686001,693001,666001,27000,0,7000,0.7,0,0.7
5,226,0,8000000,165.63389810060022,0,4000000000,693001,697001,675001,22000,0,4000,0.39999999999999997,0,0.39999999999999997
5,227,0,9000000,135.9427250719949,0,3000000000,697001,700001,678001,22000,0,3000,0.3,0,0.3
5,233,1,3000000,147.29237930049203,2817828.6642824905,10000000000,698174,700174,696001,4173,1065,2000,0,0.31939486293399916,0.31939486293399916
5,229,0,6000000,96.55717943270707,0,9000000000,700001,709001,684001,25000,0,9000,0.8999999999999999,0,0.8999999999999999
5,236,1,3000000,142.40295818556578,3216265.3650208665,4000000000,710124,710924,705001,5923,933,800,0,0.2798276565696752,0.2798276565696752
5,232,0,10000000,120.61680023943595,0,4000000000,709001,713001,693001,20000,0,4000,0.39999999999999997,0,0.39999999999999997
5,234,0,10000000,166.08231603635588,0,2000000000,713001,715001,699001,16000,0,2000,0.19999999999999998,0,0.19999999999999998
5,237,1,9000000,144.24509419734176,3058455.8070081132,5000000000,718924,719924,708001,11923,2943,1000,0,0.8827984350184981,0.8827984350184981
5,235,0,2000000,150.2491597314275,0,5000000000,715001,720001,702001,18000,0,5000,0.49999999999999994,0,0.49999999999999994
5,239,0,6000000,201.0408366476821,0,9000000000,720001,729001,714001,15000,0,9000,0.8999999999999999,0,0.8999999999999999
5,238,1,9000000,166.98878824639692,1718748.532775891,8000000000,731524,733124,711001,22123,5236,1600,0,1.5709104319288196,1.5709104319288196
5,240,1,2000000,203.72043319215672,781005.8166586588,10000000000,733761,735761,717001,18760,2561,2000,0,0.7682401170415765,0.7682401170415765
5,242,1,2000000,196.51949343512973,901171.9168702166,6000000000,742761,743961,723001,20960,2219,1200,0,0.6657997089876134,0.6657997089876134
5,247,0,4000000,83.51685458636481,0,9000000000,738001,747001,738001,9000,0,9000,0.8999999999999999,0,0.8999999999999999
5,248,0,7000000,68.8057817338049,0,8000000000,747001,755001,741001,14000,0,8000,0.7999999999999999,0,0.7999999999999999
5,241,1,10000000,196.51949343512973,901171.9168702166,8000000000,755761,757361,720001,37360,11097,1600,0,3.3289985449380675,3.3289985449380675
5,243,1,8000000,192.3306104082239,981733.2770617554,3000000000,759761,760361,726001,34360,8149,600,0,2.4446558511116145,2.4446558511116145
5,245,1,8000000,140.37710247757641,3401580.1237588953,10000000000,760361,762361,732001,30360,2352,2000,0,0.7055544519550798,0.7055544519550798
5,244,1,9000000,172.41741704363864,1514447.9711154858,10000000000,762361,764361,729001,35360,5943,2000,0,1.7828278366085306,1.7828278366085306
5,254,0,6000000,109.18680185810005,0,6000000000,759001,765001,759001,6000,0,6000,0.6,0,0.6
5,246,1,6000000,109.56302752297418,8823819.963026218,3000000000,765761,766361,735001,31360,680,600,0,0.20399328267602956,0.20399328267602956
5,258,0,5000000,174.0341161956471,0,4000000000,771001,775001,771001,4000,0,4000,0.39999999999999997,0,0.39999999999999997
5,249,1,6000000,66.07896261292247,49400282.128062256,9000000000,775961,777761,744001,33760,121,1800,0,0.03643703886819494,0.03643703886819494
5,259,0,4000000,177.72732513600715,0,4000000000,775001,779001,774001,5000,0,4000,0.39999999999999997,0,0.39999999999999997
5,250,1,9000000,77.95598052747457,29617265.71142426,5000000000,779361,780361,747001,33360,304,1000,0,0.09116304071778407,0.09116304071778407
5,261,0,3000000,167.9024478678021,0,2000000000,780001,782001,780001,2000,0,2000,0.19999999999999998,0,0.19999999999999998
5,251,1,3000000,103.61668301967595,10871504.29615566,9000000000,784961,786761,750001,36760,276,1800,0,0.08278523150823337,0.08278523150823337
5,252,1,6000000,68.83542184079353,43794058.47794227,6000000000,786761,787961,753001,34960,137,1200,0,0.041101465873655096,0.041101465873655096
5,253,1,10000000,82.77550181062024,24239752.49825324,5000000000,789761,790761,756001,34760,413,1000,0,0.1237636399223212,0.1237636399223212
5,255,1,5000000,139.7614381723371,3460490.125647717,3000000000,797161,797761,762001,35760,1445,600,0,0.43346460921319274,0.43346460921319274
5,264,0,10000000,169.60361434827973,0,9000000000,789001,798001,789001,9000,0,9000,0.8999999999999999,0,0.8999999999999999
5,256,1,2000000,169.4724484982736,1621286.2515352315,8000000000,799361,800961,765001,35960,1234,1600,0,0.37007653610326174,0.37007653610326174
5,265,0,6000000,169.60361434827973,0,5000000000,798001,803001,792001,11000,0,5000,0.49999999999999994,0,0.49999999999999994
5,257,1,10000000,174.0341161956471,1459510.6694019756,7000000000,806961,808361,768001,40360,6852,1400,0,2.055483432148687,2.055483432148687
5,260,1,5000000,173.47293160605778,1478295.4194613348,2000000000,809561,809961,777001,32960,3382,400,0,1.0146821672129471,1.0146821672129471
5,266,0,9000000,169.60361434827973,0,8000000000,803001,811001,795001,16000,0,8000,0.7999999999999999,0,0.7999999999999999
5,262,1,4000000,169.06145421118325,1636931.2569646514,5000000000,811361,812361,783001,29360,2444,1000,0,0.7330790434200337,0.7330790434200337
5,263,1,3000000,169.60361434827973,1616332.3767405779,10000000000,812361,814361,786001,28360,1856,2000,0,0.5568161678570709,0.5568161678570709
5,267,0,9000000,169.60361434827973,0,10000000000,811001,821001,798001,23000,0,10000,0.9999999999999999,0,0.9999999999999999
5,268,0,8000000,169.78807054678487,0,7000000000,821001,828001,801001,27000,0,7000,0.7,0,0.7
5,276,1,5000000,175.53323474487672,1410764.8939696,8000000000,828545,830145,825001,5144,3544,1600,0,1.0632529958831842,1.0632529958831842
5,272,1,10000000,222.62437085817893,548532.9238364855,8000000000,831231,832831,813001,19830,18230,1600,0,5.469133883555698,5.469133883555698
5,269,0,5000000,172.81989613467545,0,7000000000,828001,835001,804001,31000,0,7000,0.7,0,0.7
5,278,1,6000000,171.6101267408191,1542842.0667810289,2000000000,836362,836762,831001,5761,3889,400,0,1.166678066897348,1.166678066897348
5,279,1,3000000,180.634362733119,1259353.8726011608,5000000000,837562,838562,834001,4561,2382,1000,0,0.7146521875865397,0.7146521875865397
5,270,0,9000000,183.1294957127333,0,4000000000,835001,839001,807001,32000,0,4000,0.39999999999999997,0,0.39999999999999997
5,271,0,8000000,200.58913878871905,0,9000000000,839001,848001,810001,38000,0,9000,0.8999999999999999,0,0.8999999999999999
5,282,1,3000000,216.7924855708795,609722.4364152349,5000000000,847921,848921,843001,5920,4920,1000,0,1.4760814860142024,1.4760814860142024
5,273,0,3000000,224.60958951033237,0,10000000000,848001,858001,816001,42000,0,10000,0.9999999999999999,0,0.9999999999999999
5,285,1,4000000,229.43452769799057,486458.1734823703,9000000000,860224,862024,852001,10023,8223,1800,0,2.466810232439211,2.466810232439211
5,274,0,3000000,205.1307692668265,0,6000000000,858001,864001,819001,45000,0,6000,0.6,0,0.6
5,275,0,9000000,187.61945528116215,0,2000000000,864001,866001,822001,44000,0,2000,0.19999999999999998,0,0.19999999999999998
5,277,0,3000000,169.76021824915284,0,3000000000,866001,869001,828001,41000,0,3000,0.3,0,0.3
5,283,1,10000000,232.36784846445516,462433.04664504697,9000000000,867626,869426,846001,23425,21625,1800,0,6.487425632240187,6.487425632240187
5,289,1,8000000,161.98526476195295,1938189.2484402326,3000000000,869506,870106,864001,6105,4128,600,0,1.2382691741435528,1.2382691741435528
5,280,0,10000000,195.91044331530668,0,2000000000,869001,871001,837001,34000,0,2000,0.19999999999999998,0,0.19999999999999998
5,290,1,3000000,156.57209521495201,2216154.292609291,5000000000,870106,871106,867001,4105,1354,1000,0,0.4061089081213491,0.4061089081213491
5,284,1,8000000,252.56679373979466,331621.095617844,7000000000,873651,875051,849001,26050,24124,1400,0,7.237175293473277,7.237175293473277
5,281,0,10000000,213.6118716270236,0,5000000000,871001,876001,840001,36000,0,5000,0.49999999999999994,0,0.49999999999999994
5,286,0,7000000,211.75433171484354,0,8000000000,876001,884001,855001,29000,0,8000,0.7999999999999999,0,0.7999999999999999
5,294,1,8000000,152.74864712985186,2442656.7713649203,4000000000,884041,884841,879001,5840,3275,800,0,0.982536731371766,0.982536731371766
5,287,0,8000000,194.8618343852895,0,3000000000,884001,887001,858001,29000,0,3000,0.3,0,0.3
5,295,1,10000000,157.57792040765102,2160941.623343969,8000000000,886629,888229,882001,6228,4628,1600,0,1.3882836850343148,1.3882836850343148
5,297,1,10000000,129.01995853355402,4723053.258017885,4000000000,890118,890918,888001,2917,2117,800,0,0.6351823356865988,0.6351823356865988
5,288,0,3000000,176.90575174368982,0,5000000000,887001,892001,861001,31000,0,5000,0.49999999999999994,0,0.49999999999999994
5,291,0,10000000,148.14814544907406,0,2000000000,892001,894001,870001,24000,0,2000,0.19999999999999998,0,0.19999999999999998
5,298,1,3000000,155.19763303607436,2294458.075454052,9000000000,892308,894108,891001,3107,1307,1800,0,0.39224948567512974,0.39224948567512974
5,292,0,9000000,144.3776731354263,0,4000000000,894001,898001,873001,25000,0,4000,0.39999999999999997,0,0.39999999999999997
5,293,0,5000000,146.2658100856109,0,6000000000,898001,904001,876001,28000,0,6000,0.6,0,0.6
5,300,1,8000000,177.35348572836116,1354265.3847091205,8000000000,902908,904508,897001,7507,5907,1600,0,1.7721785014208942,1.7721785014208942
5,296,0,8000000,149.8999229486126,0,7000000000,904001,911001,885001,26000,0,7000,0.7,0,0.7
5,302,1,7000000,205.9175711298091,748371.8037715872,3000000000,912355,912955,903001,9954,9354,600,0,2.80609182416625,2.80609182416625
5,299,0,2000000,161.00380150791474,0,3000000000,911001,914001,894001,20000,0,3000,0.3,0,0.3
5,301,0,9000000,197.37505237491388,0,7000000000,914001,921001,900001,21000,0,7000,0.7,0,0.7
5,304,1,6000000,250.56051404800397,342345.26095277566,5000000000,926527,927527,909001,18526,17526,1000,0,5.257849911491249,5.257849911491249
5,303,0,8000000,225.52333027870972,0,9000000000,921001,930001,906001,24000,0,9000,0.8999999999999999,0,0.8999999999999999
5,306,1,3000000,211.65140868890998,670872.6220785235,6000000000,929873,931073,915001,16072,4472,1200,0,1.3415363369749465,1.3415363369749465
5,305,0,7000000,233.08901861735143,0,5000000000,930001,935001,912001,23000,0,5000,0.49999999999999994,0,0.49999999999999994
5,308,1,6000000,180.5800722671248,1260855.8635962484,6000000000,937473,938673,921001,17672,4759,1200,0,1.4276017203631741,1.4276017203631741
5,307,0,9000000,192.75063605601926,0,9000000000,935001,944001,918001,26000,0,9000,0.8999999999999999,0,0.8999999999999999
5,309,1,9000000,176.58367988010673,1377810.0245591712,6000000000,943873,945073,924001,21072,6532,1200,0,1.959631554331202,1.959631554331202
5,310,1,6000000,181.37095936229701,1239193.5096342016,2000000000,948273,948673,927001,21672,4842,400,0,1.4525576401149352,1.4525576401149352
5,311,1,5000000,194.23007104977333,944136.3220056975,4000000000,950873,951673,930001,21672,5296,800,0,1.5887536206778283,1.5887536206778283
5,313,0,10000000,237.79412881734484,0,10000000000,944001,954001,936001,18000,0,10000,0.9999999999999999,0,0.9999999999999999
5,316,1,8000000,184.1154034837933,1167524.4389661152,5000000000,953648,954648,945001,9647,6852,1000,0,2.055631488215601,2.055631488215601
5,312,1,3000000,213.66740532893644,646020.8616227799,7000000000,956273,957673,933001,24672,4644,1400,0,1.3931438649507915,1.3931438649507915
5,317,1,7000000,176.02784836496753,1395127.0956379764,8000000000,956448,958048,948001,10047,5017,1600,0,1.5052392047763168,1.5052392047763168
5,318,1,7000000,176.64506701292282,1375913.9148510837,7000000000,960248,961648,951001,10647,5088,1400,0,1.5262582762870631,1.5262582762870631
5,314,0,7000000,221.99156425414006,0,10000000000,954001,964001,939001,25000,0,10000,0.9999999999999999,0,0.9999999999999999
5,319,1,8000000,184.83825632157428,1149511.6930800856,9000000000,963248,965048,954001,11047,6959,1800,0,2.0878430506167924,2.0878430506167924
5,321,1,6000000,131.6878885850935,4362777.043467027,9000000000,965048,966848,960001,6847,1375,1800,0,0.41258124860984635,0.41258124860984635
5,320,1,8000000,166.14728526220347,1753411.420513483,9000000000,968248,970048,957001,13047,4563,1800,0,1.3687603330980729,1.3687603330980729
5,322,1,4000000,104.28014432287675,10616663.982397288,6000000000,970048,971248,963001,8247,377,1200,0,0.11302985589349272,0.11302985589349272
5,315,0,3000000,200.02061943709708,0,10000000000,964001,974001,942001,32000,0,10000,0.9999999999999999,0,0.9999999999999999
5,323,1,3000000,91.22535886473673,17282967.054897167,4000000000,973448,974248,966001,8247,174,800,0,0.052074391922478556,0.052074391922478556
5,324,0,10000000,72.13038888013847,0,2000000000,974001,976001,969001,7000,0,2000,0.19999999999999998,0,0.19999999999999998
5,326,1,8000000,69.19475413642282,43114268.4255077,5000000000,978448,979448,975001,4447,186,1000,0,0.05566602629815441,0.05566602629815441
5,327,1,2000000,71.34061185608101,39282087.04911718,4000000000,981448,982248,978001,4247,51,800,0,0.015274137528634298,0.015274137528634298
5,328,1,2000000,90.29633270515474,17922433.440211903,10000000000,982248,984248,981001,3247,112,2000,0,0.03347759677844874,0.03347759677844874
5,325,0,8000000,65.8605268730823,0,10000000000,976001,986001,972001,14000,0,10000,0.9999999999999999,0,0.9999999999999999
5,330,1,3000000,71.37847644773602,39217837.42842162,7000000000,987077,988477,987001,1476,76,1400,0,0.022948741160004903,0.022948741160004903
5,329,0,8000000,68.78340642916723,0,3000000000,986001,989001,984001,5000,0,3000,0.3,0,0.3
5,331,0,2000000,85.17544305725681,0,3000000000,990001,993001,990001,3000,0,3000,0.3,0,0.3
5,332,1,6000000,104.60380968205693,10494939.058564765,8000000000,994719,996319,993001,3318,572,1600,0,0.17151123888909545,0.17151123888909545
5,333,1,2000000,114.80402649733155,7393832.039397822,7000000000,996319,997719,996001,1718,270,1400,0,0.08114871920310297,0.08114871920310297
6,2,0,3000000,217.9136464290385,0,4000000000,3001,7001,3001,4000,0,4000,0.39999999999999997,0,0.39999999999999997
6,1,1,5000000,222.7320731282318,547476.732141788,8000000000,10717,12317,1,12316,9133,1600,0,2.73984246623932,2.73984246623932
6,5,1,2000000,192.0551235973672,987339.8039092079,10000000000,14917,16917,12001,4916,2026,2000,0,0.6076935191151007,0.6076935191151007
6,3,0,2000000,206.78222360734978,0,10000000000,7001,17001,6001,11000,0,10000,0.9999999999999999,0,0.9999999999999999
6,6,1,2000000,190.76479182490672,1014136.681003088,10000000000,17517,19517,15001,4516,1972,2000,0,0.5916362273836075,0.5916362273836075
6,4,0,5000000,197.5051295536397,0,6000000000,17001,23001,9001,14000,0,6000,0.6,0,0.6
6,7,0,6000000,193.5897233842747,0,9000000000,23001,32001,18001,14000,0,9000,0.8999999999999999,0,0.8999999999999999
6,8,0,4000000,200.54315046892026,0,2000000000,32001,34001,21001,13000,0,2000,0.19999999999999998,0,0.19999999999999998
6,11,0,2000000,239.61166102675386,0,4000000000,34001,38001,30001,8000,0,4000,0.39999999999999997,0,0.39999999999999997
6,13,0,8000000,228.0650473001069,0,6000000000,38001,44001,36001,8000,0,6000,0.6,0,0.6
6,9,1,10000000,209.82187993629262,694465.2100181811,4000000000,45997,46797,24001,22796,14400,800,0,4.319870825381534,4.319870825381534
6,14,1,5000000,213.29231233216072,650556.7130018016,9000000000,46687,48487,39001,9486,7686,1800,0,2.3057175032115085,2.3057175032115085
6,15,0,10000000,201.55777186702576,0,8000000000,44001,52001,42001,10000,0,8000,0.7999999999999999,0,0.7999999999999999
6,10,1,10000000,223.33969575514334,541565.3134982397,4000000000,51597,52397,27001,25396,18465,800,0,5.539498053561643,5.539498053561643
6,16,0,4000000,193.3468660206314,0,3000000000,52001,55001,45001,10000,0,3000,0.3,0,0.3
6,17,1,9000000,189.21888515684685,1047444.3554171522,7000000000,56593,57993,48001,9992,8592,1400,0,2.577702563421334,2.577702563421334
6,12,1,9000000,245.32774262198723,372423.92638066906,7000000000,59393,60793,33001,27792,24166,1400,0,7.249802734854969,7.249802734854969
6,18,0,2000000,189.41102871797094,0,7000000000,55001,62001,51001,11000,0,7000,0.7,0,0.7
6,19,0,8000000,193.91045484965477,0,8000000000,62001,70001,54001,16000,0,8000,0.7999999999999999,0,0.7999999999999999
6,24,1,6000000,188.10833713581115,1072215.1781840555,7000000000,74597,75997,69001,6996,5596,1400,0,1.678767505463361,1.678767505463361
6,20,0,10000000,195.13920902781172,0,6000000000,70001,76001,57001,19000,0,6000,0.6,0,0.6
6,21,0,10000000,175.36359513878585,0,2000000000,76001,78001,60001,18000,0,2000,0.19999999999999998,0,0.19999999999999998
6,26,1,5000000,150.2938035981524,2603282.4107876257,7000000000,76922,78322,75001,3321,1921,1400,0,0.5761956496860337,0.5761956496860337
6,27,1,4000000,126.14830359541106,5152491.579904694,6000000000,78777,79977,78001,1976,776,1200,0,0.2328970327055239,0.2328970327055239
6,22,0,10000000,154.06253535496552,0,4000000000,78001,82001,63001,19000,0,4000,0.39999999999999997,0,0.39999999999999997
6,23,0,10000000,133.38083707939458,0,5000000000,82001,87001,66001,21000,0,5000,0.49999999999999994,0,0.49999999999999994
6,30,1,4000000,69.79069422208096,42011476.9816723,2000000000,87096,87496,87001,495,95,400,0,0.028563623233801218,0.028563623233801218
6,31,1,9000000,63.07941026991297,56357564.19899269,9000000000,90161,91961,90001,1960,160,1800,0,0.047908387070572836,0.047908387070572836
6,32,1,10000000,53.26537336769544,86760472.36073813,10000000000,93116,95116,93001,2115,115,2000,0,0.034577958353274194,0.034577958353274194
6,25,0,7000000,174.8651803533225,0,10000000000,87001,97001,72001,25000,0,10000,0.9999999999999999,0,0.9999999999999999
6,34,1,9000000,7.280054944847589,635240300.8160567,2000000000,99015,99415,99001,414,14,400,0,0.004250360055134199,0.004250360055134199
6,35,1,4000000,26.855615800051904,260562896.90028605,2000000000,102016,102416,102001,415,15,400,0,0.004605413949090472,0.004605413949090472
6,28,0,10000000,105.36952595508816,0,8000000000,97001,105001,81001,24000,0,8000,0.7999999999999999,0,0.7999999999999999
6,37,1,8000000,81.05950715369544,26017119.64762021,7000000000,108308,109708,108001,1707,307,1400,0,0.09224695248766819,0.09224695248766819
6,38,1,8000000,108.066130216641,9292126.18082455,6000000000,111862,113062,111001,2061,861,1200,0,0.25828319087537754,0.25828319087537754
6,29,0,7000000,85.11963345785738,0,9000000000,105001,114001,84001,30000,0,9000,0.8999999999999999,0,0.8999999999999999
6,33,0,3000000,28.575531491120152,0,6000000000,114001,120001,96001,24000,0,6000,0.6,0,0.6
6,36,0,7000000,53.79042665753823,0,2000000000,120001,122001,105001,17000,0,2000,0.19999999999999998,0,0.19999999999999998
6,41,1,3000000,144.03221445218426,3076196.5527523,8000000000,120976,122576,120001,2575,975,1600,0,0.29256908151553646,0.29256908151553646
6,40,1,10000000,162.17557707620463,1929227.792361608,8000000000,122184,123784,117001,6783,5183,1600,0,1.5550263229038586,1.5550263229038586
6,39,0,5000000,135.11509834211714,0,3000000000,122001,125001,114001,11000,0,3000,0.3,0,0.3
6,43,1,2000000,89.90989711928275,18196505.509070817,7000000000,129412,130812,126001,4811,110,1400,0,0.032973364017662876,0.032973364017662876
6,42,0,6000000,116.96413339139478,0,8000000000,125001,133001,123001,10000,0,8000,0.7999999999999999,0,0.7999999999999999
6,46,1,9000000,93.90627082362498,15581796.933288647,4000000000,139412,140212,135001,5211,578,800,0,0.17327911610962998,0.17327911610962998
6,44,0,3000000,66.63219191952192,0,8000000000,133001,141001,129001,12000,0,8000,0.7999999999999999,0,0.7999999999999999
6,48,1,8000000,150.70982184316983,2575161.783450962,6000000000,144108,145308,141001,4307,3107,1200,0,0.931980280005465,0.931980280005465
6,45,0,9000000,72.69378859297397,0,6000000000,141001,147001,132001,15000,0,6000,0.6,0,0.6
6,47,0,5000000,120.95051880831267,0,2000000000,147001,149001,138001,11000,0,2000,0.19999999999999998,0,0.19999999999999998
6,50,1,6000000,174.0341161956471,1459510.6694019756,3000000000,151112,151712,147001,4711,4111,600,0,1.233290059289212,1.233290059289212
6,49,0,5000000,173.4924773585299,0,5000000000,149001,154001,144001,10000,0,5000,0.49999999999999994,0,0.49999999999999994
6,51,1,8000000,174.0341161956471,1459510.6694019756,5000000000,156648,157648,150001,7647,5481,1000,0,1.6443867457189494,1.6443867457189494
6,52,0,7000000,175.1478506862131,0,5000000000,154001,159001,153001,6000,0,5000,0.49999999999999994,0,0.49999999999999994
6,53,0,10000000,189.85202685249374,0,5000000000,159001,164001,156001,8000,0,5000,0.49999999999999994,0,0.49999999999999994
6,54,0,2000000,216.31721729903975,0,2000000000,164001,166001,159001,7000,0,2000,0.19999999999999998,0,0.19999999999999998
6,55,0,8000000,184.33608029900165,0,5000000000,166001,171001,162001,9000,0,5000,0.49999999999999994,0,0.49999999999999994
6,56,0,2000000,165.14443738739737,0,2000000000,171001,173001,165001,8000,0,2000,0.19999999999999998,0,0.19999999999999998
6,58,1,3000000,165.12607062484105,1796650.272861033,6000000000,183858,185058,171001,14057,1670,1200,0,0.5009322145744126,0.5009322145744126
6,61,0,6000000,165.12607062484105,0,7000000000,180001,187001,180001,7000,0,7000,0.7,0,0.7
6,57,1,9000000,165.12607062484105,1796650.272861033,9000000000,186858,188658,168001,20657,5009,1800,0,1.5027966437232378,1.5027966437232378
6,63,0,3000000,149.81823687388663,0,5000000000,187001,192001,186001,6000,0,5000,0.49999999999999994,0,0.49999999999999994
6,59,1,9000000,165.12607062484105,1796650.272861033,3000000000,195658,196258,174001,22257,5009,600,0,1.5027966437232378,1.5027966437232378
6,60,1,5000000,165.12607062484105,1796650.272861033,10000000000,197658,199658,177001,22657,2783,2000,0,0.8348870242906877,0.8348870242906877
6,67,0,9000000,76.85498292238442,0,2000000000,198001,200001,198001,2000,0,2000,0.19999999999999998,0,0.19999999999999998
6,71,0,9000000,79.16336589610123,0,2000000000,210001,212001,210001,2000,0,2000,0.19999999999999998,0,0.19999999999999998
6,62,1,10000000,164.02476398397897,1844773.1699464065,3000000000,212458,213058,183001,30057,5421,600,0,1.626216192252598,1.626216192252598
6,72,0,10000000,92.40482238498166,0,2000000000,213001,215001,213001,2000,0,2000,0.19999999999999998,0,0.19999999999999998
6,64,1,5000000,125.45376239874189,5263445.893107419,5000000000,216858,217858,189001,28857,950,1000,0,0.28498440574154627,0.28498440574154627
6,73,0,4000000,112.62071301496898,0,8000000000,216001,224001,216001,8000,0,8000,0.7999999999999999,0,0.7999999999999999
6,65,1,5000000,103.28530679627188,11001525.721394615,10000000000,223858,225858,192001,33857,454,2000,0,0.13634472508508133,0.13634472508508133
6,66,1,5000000,83.56151327016524,23471931.292604443,5000000000,226658,227658,195001,32657,213,1000,0,0.06390611753676279,0.06390611753676279
6,75,0,10000000,158.08928363428052,0,8000000000,224001,232001,222001,10000,0,8000,0.7999999999999999,0,0.7999999999999999
6,68,1,2000000,72.11971783084009,37982631.61105005,8000000000,234458,236058,201001,35057,53,1600,0,0.01579669376635414,0.01579669376635414
6,79,1,2000000,186.772692061768,1102980.3329569334,6000000000,236496,237696,234001,3695,1813,1200,0,0.5439806876623859,0.5439806876623859
6,76,0,6000000,182.69957991194184,0,8000000000,232001,240001,225001,15000,0,8000,0.7999999999999999,0,0.7999999999999999
6,81,1,3000000,178.63569016296822,1316148.4021864396,3000000000,242402,243002,240001,3001,2279,600,0,0.6838134654913406,0.6838134654913406
6,78,0,2000000,202.21815076792691,0,5000000000,240001,245001,231001,14000,0,5000,0.49999999999999994,0,0.49999999999999994
6,80,0,9000000,180.1171424379146,0,2000000000,245001,247001,237001,10000,0,2000,0.19999999999999998,0,0.19999999999999998
6,82,1,5000000,183.50970682773158,1182888.8376040703,9000000000,247228,249028,243001,6027,4227,1800,0,1.2680819636765153,1.2680819636765153
6,69,1,5000000,65.35462646209521,50994700.20258849,5000000000,248058,249058,204001,45057,98,1000,0,0.02941482142342039,0.02941482142342039
6,84,0,9000000,210.2469262557719,0,3000000000,249001,252001,249001,3000,0,3000,0.3,0,0.3
6,70,1,6000000,68.7992107512869,43863191.29530992,9000000000,250258,252058,207001,45057,137,1800,0,0.041036685814341674,0.041036685814341674
6,83,1,8000000,194.31395137766103,942517.7372290291,4000000000,254489,255289,246001,9288,8488,800,0,2.5463711771153723,2.5463711771153723
6,85,0,10000000,230.11466294002213,0,9000000000,252001,261001,252001,9000,0,9000,0.8999999999999999,0,0.8999999999999999
6,87,0,4000000,217.6432842979539,0,2000000000,261001,263001,258001,5000,0,2000,0.19999999999999998,0,0.19999999999999998
6,88,1,2000000,200.57277906037,830910.3280088553,5000000000,263408,264408,261001,3407,2407,1000,0,0.7220995813565162,0.7220995813565162
6,86,1,4000000,238.0400991429805,420029.985820819,2000000000,264524,264924,255001,9923,9523,400,0,2.856938886529661,2.856938886529661
6,89,0,10000000,188.03506162415562,0,9000000000,264001,273001,264001,9000,0,9000,0.8999999999999999,0,0.8999999999999999
6,90,1,8000000,181.04437135685828,1248082.1949042748,4000000000,273411,274211,267001,7210,6410,800,0,1.922950275069083,1.922950275069083
6,92,0,9000000,157.25793111954644,0,3000000000,273001,276001,273001,3000,0,3000,0.3,0,0.3
6,74,1,2000000,135.5931727632332,3894207.198068234,6000000000,275458,276658,219001,57657,514,1200,0,0.15407500666570512,0.15407500666570512
6,91,1,7000000,179.51757239891592,1290704.2739359804,10000000000,275424,277424,270001,7423,5423,2000,0,1.6270187078532607,1.6270187078532607
6,93,0,9000000,130.32141228516517,0,2000000000,276001,278001,276001,2000,0,2000,0.19999999999999998,0,0.19999999999999998
6,96,1,2000000,52.56803971996677,89441679.33600888,3000000000,285023,285623,285001,622,22,600,0,0.006708281915704621,0.006708281915704621
6,94,0,3000000,103.45679533022465,0,9000000000,279001,288001,279001,9000,0,9000,0.8999999999999999,0,0.8999999999999999
6,97,1,10000000,27.36606840596581,255282175.22564146,3000000000,288040,288640,288001,639,39,600,0,0.011751701807414987,0.011751701807414987
6,77,1,3000000,208.21740369143018,716012.349761862,9000000000,292058,293858,228001,65857,4190,1800,0,1.2569615598101491,1.2569615598101491
6,95,0,7000000,79.04382834858136,0,10000000000,288001,298001,282001,16000,0,10000,0.9999999999999999,0,0.9999999999999999
6,102,1,4000000,108.10873230225206,9278390.254668916,4000000000,303746,304546,303001,1545,431,800,0,0.1293327794006246,0.1293327794006246
6,98,0,2000000,14.297475301604836,0,9000000000,298001,307001,291001,16000,0,9000,0.8999999999999999,0,0.8999999999999999
6,103,1,7000000,135.0295649108001,3957869.6999758785,10000000000,307770,309770,306001,3769,1769,2000,0,0.5305884627815813,0.5305884627815813
6,99,0,5000000,31.49512978223769,0,9000000000,307001,316001,294001,22000,0,9000,0.8999999999999999,0,0.8999999999999999
6,100,0,5000000,57.08835695656346,0,6000000000,316001,322001,297001,25000,0,6000,0.6,0,0.6
6,101,0,7000000,83.62993961494888,0,3000000000,322001,325001,300001,25000,0,3000,0.3,0,0.3
6,110,1,3000000,172.3123237032105,1518107.3596097862,2000000000,328977,329377,327001,2376,1976,400,0,0.5928434470084749,0.5928434470084749
6,104,0,7000000,162.00847879046336,0,7000000000,325001,332001,309001,23000,0,7000,0.7,0,0.7
6,111,1,8000000,148.81964655246298,2706034.3193717836,5000000000,332957,333957,330001,3956,2956,1000,0,0.8869067117216641,0.8869067117216641
6,105,0,7000000,120.63998010609926,0,6000000000,332001,338001,312001,26000,0,6000,0.6,0,0.6
6,106,0,7000000,138.5621553671854,0,2000000000,338001,340001,315001,25000,0,2000,0.19999999999999998,0,0.19999999999999998
6,107,0,4000000,162.78575490502848,0,7000000000,340001,347001,318001,29000,0,7000,0.7,0,0.7
6,108,0,4000000,184.80817866101054,0,10000000000,347001,357001,321001,36000,0,10000,0.9999999999999999,0,0.9999999999999999
6,109,0,3000000,187.10896557888404,0,3000000000,357001,360001,324001,36000,0,3000,0.3,0,0.3
6,119,1,8000000,174.84799255353212,1432791.3222433378,6000000000,360376,361576,354001,7575,5584,1200,0,1.675052021003514,1.675052021003514
6,112,0,3000000,124.56822227197442,0,5000000000,360001,365001,333001,32000,0,5000,0.49999999999999994,0,0.49999999999999994
6,122,1,6000000,162.6572780419001,1906773.9425882073,8000000000,366148,367748,363001,4747,3147,1600,0,0.9440028310627766,0.9440028310627766
6,113,0,7000000,106.92696619655861,0,9000000000,365001,374001,336001,38000,0,9000,0.8999999999999999,0,0.8999999999999999
6,124,1,6000000,168.8645625938137,1644492.5754704284,5000000000,374693,375693,369001,6692,3649,1000,0,1.0945625579884948,1.0945625579884948
6,125,1,4000000,181.39141683111694,1238639.3466928178,5000000000,377493,378493,372001,6492,3229,1000,0,0.9688050062385106,0.9688050062385106
6,114,0,4000000,108.24042313294976,0,7000000000,374001,381001,339001,42000,0,7000,0.7,0,0.7
6,127,1,3000000,170.07414412543727,1598715.3241541209,7000000000,380182,381582,378001,3581,1877,1400,0,0.5629520067784359,0.5629520067784359
6,128,1,10000000,149.65587091724797,2647144.8839764283,6000000000,384779,385979,381001,4978,3778,1200,0,1.1332964879102227,1.1332964879102227
6,129,1,8000000,133.46222124631373,4141759.045284809,6000000000,386779,387979,384001,3978,1932,1200,0,0.5794639363997486,0.5794639363997486
6,130,1,5000000,119.40880034570313,6363606.137132073,10000000000,387979,389979,387001,2978,786,2000,0,0.2357154053339974,0.2357154053339974
6,115,0,2000000,114.77146160958311,0,10000000000,381001,391001,342001,49000,0,10000,0.9999999999999999,0,0.9999999999999999
6,132,1,9000000,108.09603137950991,9282482.776250936,9000000000,393971,395771,393001,2770,970,1800,0,0.29087045622189583,0.29087045622189583
6,133,1,2000000,112.65787367068489,7942737.699931839,3000000000,398171,398771,396001,2770,252,600,0,0.07554070430969273,0.07554070430969273
6,116,0,8000000,125.73695757413577,0,8000000000,391001,399001,345001,54000,0,8000,0.7999999999999999,0,0.7999999999999999
6,135,1,2000000,114.32631411884135,7511931.4818902025,2000000000,402267,402667,402001,666,266,400,0,0.07987293300617593,0.07987293300617593
6,117,0,5000000,140.1223422584706,0,5000000000,399001,404001,348001,56000,0,5000,0.49999999999999994,0,0.49999999999999994
6,118,0,3000000,156.23674663791482,0,4000000000,404001,408001,351001,57000,0,4000,0.39999999999999997,0,0.39999999999999997
6,137,1,10000000,72.36934779310917,37576161.272603445,4000000000,408267,409067,408001,1066,266,800,0,0.07983785193585706,0.07983785193585706
6,120,0,10000000,194.7443144227836,0,4000000000,408001,412001,357001,55000,0,4000,0.39999999999999997,0,0.39999999999999997
6,138,1,3000000,69.75517901919544,42076348.736233376,3000000000,412414,413014,411001,2013,71,600,0,0.021389688673841115,0.021389688673841115
6,121,0,8000000,181.6083271769222,0,3000000000,412001,415001,360001,55000,0,3000,0.3,0,0.3
6,139,1,2000000,83.12171617573829,23898083.89107405,4000000000,416014,416814,414001,2813,84,800,0,0.025106615356057915,0.025106615356057915
6,123,0,3000000,145.30659585855,0,5000000000,415001,420001,366001,54000,0,5000,0.49999999999999994,0,0.49999999999999994
6,140,1,8000000,103.79857417132466,10800917.247484181,7000000000,419414,420814,417001,3813,741,1400,0,0.22220335041998618,0.22220335041998618
6,126,0,10000000,192.3201895277768,0,4000000000,420001,424001,375001,49000,0,4000,0.39999999999999997,0,0.39999999999999997
6,131,0,7000000,110.49488766454304,0,5000000000,424001,429001,390001,39000,0,5000,0.49999999999999994,0,0.49999999999999994
6,142,1,2000000,141.44933262479537,3301904.9366889168,8000000000,428414,430014,423001,7013,606,1600,0,0.18171328717951155,0.18171328717951155
6,134,0,8000000,122.6371448623948,0,4000000000,429001,433001,399001,34000,0,4000,0.39999999999999997,0,0.39999999999999997
6,144,1,8000000,196.0276197376278,910193.8810835432,10000000000,439814,441814,429001,12813,8789,2000,0,2.636800850762601,2.636800850762601
6,136,0,10000000,89.47603757431371,0,10000000000,433001,443001,405001,38000,0,10000,0.9999999999999999,0,0.9999999999999999
6,147,1,2000000,166.82433035981288,1725455.496060949,9000000000,445827,447627,438001,9626,1159,1800,0,0.34773426574591054,0.34773426574591054
6,141,0,8000000,115.83319256586164,0,7000000000,443001,450001,420001,30000,0,7000,0.7,0,0.7
6,143,0,9000000,172.30909233119414,0,2000000000,450001,452001,426001,26000,0,2000,0.19999999999999998,0,0.19999999999999998
6,146,0,6000000,189.8597790475908,0,2000000000,452001,454001,435001,19000,0,2000,0.19999999999999998,0,0.19999999999999998
6,148,1,10000000,142.05101689181953,3247548.572659054,5000000000,454427,455427,441001,14426,3079,1000,0,0.9237737120413987,0.9237737120413987
6,149,1,7000000,118.58107648356041,6535256.828569583,5000000000,458627,459627,444001,15626,1071,1000,0,0.32133396668048647,0.32133396668048647
6,150,1,2000000,97.1925496115829,13757562.988701891,6000000000,461427,462627,447001,15626,145,1200,0,0.043612375279890585,0.043612375279890585
6,145,1,10000000,215.9080489467681,619731.4986936649,10000000000,462627,464627,432001,32626,16136,2000,0,4.840806068956822,4.840806068956822
6,154,0,3000000,75.71818275685173,0,7000000000,459001,466001,459001,7000,0,7000,0.7,0,0.7
6,151,1,6000000,83.52070701329106,23511105.340163704,9000000000,466827,468627,450001,18626,255,1800,0,0.07655956510581764,0.07655956510581764
6,156,0,2000000,94.58451987508309,0,6000000000,466001,472001,465001,7000,0,6000,0.6,0,0.6
6,152,1,8000000,72.07147077727774,38061738.959492095,2000000000,475227,475627,453001,22626,210,400,0,0.0630554479540266,0.0630554479540266
6,153,1,7000000,68.5346751652038,44371754.39829628,7000000000,478627,480027,456001,24026,158,1400,0,0.047327405203537155,0.047327405203537155
6,157,0,9000000,115.43668957484881,0,10000000000,472001,482001,468001,14000,0,10000,0.9999999999999999,0,0.9999999999999999
6,161,0,7000000,207.08113434110794,0,2000000000,482001,484001,480001,4000,0,2000,0.19999999999999998,0,0.19999999999999998
6,162,0,7000000,174.72559343152912,0,2000000000,484001,486001,483001,3000,0,2000,0.19999999999999998,0,0.19999999999999998
6,155,1,8000000,86.78113274208862,20603729.920360234,6000000000,488627,489827,462001,27826,388,1200,0,0.11648376334172209,0.11648376334172209
6,163,1,4000000,143.42267080207372,3127701.1848047273,9000000000,489920,491720,486001,5719,1279,1800,0,0.3836683650695103,0.3836683650695103
6,164,1,9000000,114.04174016560778,7583370.609184323,5000000000,492520,493520,489001,4519,1187,1000,0,0.35604220591962016,0.35604220591962016
6,165,1,8000000,88.38672807610877,19325236.954886936,9000000000,493520,495320,492001,3319,414,1800,0,0.12418993907306744,0.12418993907306744
6,167,1,4000000,73.465203327834,35846766.57526521,3000000000,498113,498713,498001,712,112,600,0,0.03347582263745979,0.03347582263745979
6,166,0,2000000,70.71801538504884,0,6000000000,495001,501001,495001,6000,0,6000,0.6,0,0.6
6,168,1,8000000,94.75870091975723,15082576.115849117,10000000000,501531,503531,501001,2530,530,2000,0,0.159124010485054,0.159124010485054
6,158,1,3000000,138.69952343104856,3565084.0114608333,9000000000,504827,506627,471001,35626,841,1800,0,0.2524484688458197,0.2524484688458197
6,169,1,6000000,121.82388353685002,5893249.577073667,6000000000,506331,507531,504001,3530,1018,1200,0,0.3054342050950101,0.3054342050950101
6,170,0,7000000,146.94729429288583,0,2000000000,507001,509001,507001,2000,0,2000,0.19999999999999998,0,0.19999999999999998
6,171,1,6000000,174.55703394592837,1442273.0602714587,9000000000,514161,515961,510001,5960,4160,1800,0,1.2480299671278692,1.2480299671278692
6,172,0,2000000,202.1015017262366,0,6000000000,513001,519001,513001,6000,0,6000,0.6,0,0.6
6,159,1,7000000,166.29108093941775,1747427.197761707,4000000000,520027,520827,474001,46826,4006,800,0,1.201766804757249,1.201766804757249
6,160,1,4000000,198.0758422927945,873349.4947590308,6000000000,522427,523627,477001,46626,4580,1200,0,1.3740203746623758,1.3740203746623758
6,173,1,6000000,209.0294266365384,705004.8320926337,4000000000,524512,525312,516001,9311,8511,800,0,2.5531739898252073,2.5531739898252073
6,174,0,7000000,198.94296117229177,0,7000000000,519001,526001,519001,7000,0,7000,0.7,0,0.7
6,175,1,3000000,194.17599079185874,945181.7091876948,8000000000,525312,526912,522001,4911,3174,1600,0,0.9521978591539559,0.9521978591539559
6,176,0,7000000,195.29334269247377,0,5000000000,526001,531001,525001,6000,0,5000,0.49999999999999994,0,0.49999999999999994
6,178,1,4000000,194.6735824399397,935617.2037013756,8000000000,535276,536876,531001,5875,4275,1600,0,1.2825758176022257,1.2825758176022257
6,177,0,9000000,202.33281197077255,0,9000000000,531001,540001,528001,12000,0,9000,0.8999999999999999,0,0.8999999999999999
6,179,0,3000000,198.16584216256848,0,6000000000,540001,546001,534001,12000,0,6000,0.6,0,0.6
6,182,1,7000000,197.28315006609157,887384.4382987153,5000000000,551875,552875,543001,9874,7888,1000,0,2.366505326627205,2.366505326627205
6,180,0,9000000,207.69748794821763,0,10000000000,546001,556001,537001,19000,0,10000,0.9999999999999999,0,0.9999999999999999
6,184,1,7000000,191.6862879811699,994908.6580524655,6000000000,556816,558016,549001,9015,7036,1200,0,2.1107465323608214,2.1107465323608214
6,181,0,6000000,209.84021826141907,0,5000000000,556001,561001,540001,21000,0,5000,0.49999999999999994,0,0.49999999999999994
6,186,1,2000000,208.57161767603955,711184.5926492425,9000000000,560016,561816,555001,6815,2812,1800,0,0.8436628214412416,0.8436628214412416
6,183,0,6000000,191.29912728499315,0,3000000000,561001,564001,546001,18000,0,3000,0.3,0,0.3
6,188,1,2000000,158.02124066086813,2137148.0373426457,10000000000,566016,568016,561001,7015,936,2000,0,0.2807479825992994,0.2807479825992994
6,185,0,10000000,198.4778811354051,0,5000000000,564001,569001,552001,17000,0,5000,0.49999999999999994,0,0.49999999999999994
6,190,1,7000000,103.04144457450118,11098397.709376307,7000000000,568016,569416,567001,2415,631,1400,0,0.18921650268721654,0.18921650268721654
6,191,1,5000000,77.36845998208835,30359703.95778005,5000000000,572616,573616,570001,3615,165,1000,0,0.0494075964010053,0.0494075964010053
6,192,1,7000000,64.76762540034953,52325917.027256,5000000000,576416,577416,573001,4415,134,1000,0,0.04013307590779791,0.04013307590779791
6,187,0,9000000,187.95277731387742,0,10000000000,569001,579001,558001,21000,0,10000,0.9999999999999999,0,0.9999999999999999
6,193,1,3000000,78.84499286574898,28531993.214325447,7000000000,580616,582016,576001,6015,105,1400,0,0.0315435375733976,0.0315435375733976
6,194,1,6000000,104.00013124991719,10723337.705667892,6000000000,582616,583816,579001,4815,560,1200,0,0.16785818458823673,0.16785818458823673
6,189,0,6000000,130.68185222133945,0,6000000000,579001,585001,564001,21000,0,6000,0.6,0,0.6
6,195,0,5000000,133.9356894184668,0,5000000000,585001,590001,582001,8000,0,5000,0.49999999999999994,0,0.49999999999999994
6,198,1,6000000,175.1478506862131,1423100.4763447372,7000000000,595217,596617,591001,5616,4216,1400,0,1.2648439305026002,1.2648439305026002
6,196,0,6000000,165.38189048381324,0,10000000000,590001,600001,585001,15000,0,10000,0.9999999999999999,0,0.9999999999999999
6,197,0,10000000,174.0341161956471,0,4000000000,600001,604001,588001,16000,0,4000,0.39999999999999997,0,0.39999999999999997
6,199,0,7000000,189.78626557261725,0,8000000000,604001,612001,594001,18000,0,8000,0.7999999999999999,0,0.7999999999999999
6,201,0,7000000,182.03183924797332,0,10000000000,612001,622001,600001,22000,0,10000,0.9999999999999999,0,0.9999999999999999
6,203,0,5000000,124.31240847156009,0,4000000000,622001,626001,606001,20000,0,4000,0.39999999999999997,0,0.39999999999999997
6,204,0,10000000,101.11935521946329,0,4000000000,626001,630001,609001,21000,0,4000,0.39999999999999997,0,0.39999999999999997
6,202,1,8000000,150.89444058678902,2562802.929509758,4000000000,632227,633027,603001,30026,3122,800,0,0.9364746591963273,0.9364746591963273
6,200,1,7000000,215.71656218287922,621925.446096961,6000000000,635427,636627,597001,39626,11255,1200,0,3.376610513654076,3.376610513654076
6,205,0,2000000,80.51720064681831,0,8000000000,630001,638001,612001,26000,0,8000,0.7999999999999999,0,0.7999999999999999
6,210,1,2000000,82.68692339179152,24328057.17412529,2000000000,643427,643827,627001,16826,82,400,0,0.024662881861283393,0.024662881861283393
6,213,1,4000000,148.53689709967693,2726312.034975173,3000000000,646427,647027,636001,11026,1467,600,0,0.44015504630632923,0.44015504630632923
6,206,0,8000000,76.94947043352542,0,10000000000,638001,648001,615001,33000,0,10000,0.9999999999999999,0,0.9999999999999999
6,215,1,5000000,198.23951674678793,870486.0878392052,7000000000,650627,652027,642001,10026,5744,1400,0,1.7231751557608783,1.7231751557608783
6,218,1,2000000,201.31761274165763,818750.7512531156,2000000000,653444,653844,651001,2843,2443,400,0,0.7328237550703766,0.7328237550703766
6,207,0,10000000,70.00846805922836,0,8000000000,648001,656001,618001,38000,0,8000,0.7999999999999999,0,0.7999999999999999
6,208,0,2000000,65.21225114961142,0,7000000000,656001,663001,621001,42000,0,7000,0.7,0,0.7
6,219,1,6000000,221.4291229716633,560426.562591953,2000000000,665313,665713,654001,11712,10706,400,0,3.2118391956210353,3.2118391956210353
6,223,1,3000000,180.93410651394612,1251101.1455324106,4000000000,670487,671287,666001,5286,2398,800,0,0.7193662984114699,0.7193662984114699
6,209,0,4000000,72.24055509199796,0,10000000000,663001,673001,624001,49000,0,10000,0.9999999999999999,0,0.9999999999999999
6,222,1,7000000,200.72035272986147,828483.3767833763,4000000000,672487,673287,663001,10286,8449,800,0,2.534752125206596,2.534752125206596
6,211,0,2000000,100.36504570815485,0,2000000000,673001,675001,630001,45000,0,2000,0.19999999999999998,0,0.19999999999999998
6,224,1,5000000,165.12041454647576,1796893.4162909267,6000000000,675087,676287,669001,7286,2783,1200,0,0.8347740530410747,0.8347740530410747
6,212,0,8000000,123.54063299174082,0,4000000000,675001,679001,633001,46000,0,4000,0.39999999999999997,0,0.39999999999999997
6,226,1,10000000,156.3603843689315,2227997.475865003,3000000000,683287,683887,675001,8886,4488,600,0,1.3465006278049183,1.3465006278049183
6,227,1,7000000,145.64278835562024,2945060.344681436,6000000000,683887,685087,678001,7086,2377,1200,0,0.7130583941318712,0.7130583941318712
6,214,0,3000000,171.54091407008414,0,9000000000,679001,688001,639001,49000,0,9000,0.8999999999999999,0,0.8999999999999999
6,230,1,3000000,143.32817517850424,3135780.7728355876,3000000000,690087,690687,687001,3686,957,600,0,0.28700985980794774,0.28700985980794774
6,216,0,4000000,210.73468556457428,0,5000000000,688001,693001,645001,48000,0,5000,0.49999999999999994,0,0.49999999999999994
6,232,1,7000000,135.16880150389738,3942023.865875981,5000000000,694777,695777,693001,2776,1776,1000,0,0.532721280096397,0.532721280096397
6,233,1,2000000,140.55163108267374,3385105.615015692,5000000000,697619,698619,696001,2618,591,1000,0,0.17724705466751547,0.17724705466751547
6,217,0,9000000,189.52366870657607,0,6000000000,693001,699001,648001,51000,0,6000,0.6,0,0.6
6,234,1,2000000,150.7335297802052,2573570.5943868216,7000000000,700903,702303,699001,3302,777,1400,0,0.2331391263595611,0.2331391263595611
6,235,1,5000000,164.27258596613132,1833806.2080259856,5000000000,704728,705728,702001,3727,2727,1000,0,0.8179708376135809,0.8179708376135809
6,220,0,2000000,240.0783732450718,0,10000000000,699001,709001,657001,52000,0,10000,0.9999999999999999,0,0.9999999999999999
6,237,1,3000000,201.41250234282884,817217.6203411244,6000000000,713013,714213,708001,6212,3671,1200,0,1.1012978398878874,1.1012978398878874
6,236,1,10000000,181.68669736664813,1230674.8504998358,4000000000,714213,715013,705001,10012,8126,800,0,2.4376869315088032,2.4376869315088032
6,221,0,5000000,220.72532546130725,0,8000000000,709001,717001,660001,57000,0,8000,0.7999999999999999,0,0.7999999999999999
6,225,0,7000000,161.84899907012084,0,5000000000,717001,722001,672001,50000,0,5000,0.49999999999999994,0,0.49999999999999994
6,241,1,5000000,206.46748920834972,740471.183987087,2000000000,726753,727153,720001,7152,6752,400,0,2.025737169032304,2.025737169032304
6,228,0,2000000,138.7337842776589,0,8000000000,722001,730001,681001,49000,0,8000,0.7999999999999999,0,0.7999999999999999
6,242,1,5000000,192.73459808762928,973583.0670045031,10000000000,728137,730137,723001,7136,5136,2000,0,1.540700584096192,1.540700584096192
6,240,1,9000000,226.17469531315828,515013.356753128,8000000000,734476,736076,717001,19075,17475,1600,0,5.2425824779030865,5.2425824779030865
6,229,0,3000000,151.12012738215913,0,9000000000,730001,739001,684001,55000,0,9000,0.8999999999999999,0,0.8999999999999999
6,243,1,8000000,211.21141825194962,676454.084068303,10000000000,737827,739827,726001,13826,11826,2000,0,3.5479126470284816,3.5479126470284816
6,231,0,6000000,138.08712068835382,0,2000000000,739001,741001,690001,51000,0,2000,0.19999999999999998,0,0.19999999999999998
6,238,0,8000000,220.91956771639758,0,3000000000,741001,744001,711001,33000,0,3000,0.3,0,0.3
6,239,0,9000000,240.81665100237564,0,7000000000,744001,751001,714001,37000,0,7000,0.7,0,0.7
6,250,0,3000000,76.5228972269085,0,3000000000,751001,754001,747001,7000,0,3000,0.3,0,0.3
6,246,1,5000000,152.28644227244914,2471942.2179807937,5000000000,757324,758324,735001,23323,2023,1000,0,0.6068103004548687,0.6068103004548687
6,244,1,7000000,200.69033858160688,828976.2641566332,3000000000,758324,758924,729001,29923,8444,600,0,2.5332450285973565,2.5332450285973565
6,245,1,8000000,176.26250650663064,1387783.4584171576,4000000000,758924,759724,732001,27723,5765,800,0,1.7293764278883468,1.7293764278883468
6,253,0,3000000,84.98841921109019,0,4000000000,756001,760001,756001,4000,0,4000,0.39999999999999997,0,0.39999999999999997
6,247,1,7000000,128.1990830700438,4841180.030254717,6000000000,760924,762124,738001,24123,1446,1200,0,0.4337785388843532,0.4337785388843532
6,248,1,5000000,105.79224215413907,10062098.300331185,8000000000,764524,766124,741001,25123,497,1600,0,0.14907427409555607,0.14907427409555607
6,249,1,9000000,89.70373124904,18344715.975167725,9000000000,766724,768524,744001,24523,491,1800,0,0.14718134658802282,0.14718134658802282
6,256,0,3000000,128.66252679004873,0,7000000000,765001,772001,765001,7000,0,7000,0.7,0,0.7
6,251,1,2000000,68.70239733808421,44048592.49847658,7000000000,773924,775324,750001,25323,45,1400,0,0.013621320590907666,0.013621320590907666
6,252,1,8000000,71.49526697621322,39020376.07275213,7000000000,778924,780324,753001,27323,205,1400,0,0.06150632673363485,0.06150632673363485
6,258,0,4000000,136.7228561726239,0,9000000000,772001,781001,771001,10000,0,9000,0.8999999999999999,0,0.8999999999999999
6,259,0,4000000,136.7228561726239,0,4000000000,781001,785001,774001,11000,0,4000,0.39999999999999997,0,0.39999999999999997
6,254,1,4000000,88.28060092681748,19406858.83653515,10000000000,785524,787524,759001,28523,206,2000,0,0.061833808866630834,0.061833808866630834
6,260,0,10000000,136.7228561726239,0,3000000000,785001,788001,777001,11000,0,3000,0.3,0,0.3
6,255,1,10000000,106.25399098386846,9899720.025409272,8000000000,787924,789524,762001,27523,1010,1600,0,0.303038873048935,0.303038873048935
6,257,1,3000000,136.7228561726239,3770352.86616931,5000000000,793124,794124,768001,26123,796,1000,0,0.23870444808376853,0.23870444808376853
6,262,0,8000000,151.57676932828463,0,9000000000,788001,797001,783001,14000,0,9000,0.8999999999999999,0,0.8999999999999999
6,261,1,8000000,137.76203903833596,3660675.5110869124,5000000000,799124,800124,780001,20123,2185,1000,0,0.6556167004508416,0.6556167004508416
6,263,1,4000000,179.86457711289347,1280860.3218012922,5000000000,802324,803324,786001,17323,3123,1000,0,0.936870304728015,0.936870304728015
6,266,0,8000000,160.9731816173116,0,7000000000,797001,804001,795001,9000,0,7000,0.7,0,0.7
6,264,1,2000000,212.2467651108021,663411.3515321019,6000000000,803324,804524,789001,15523,3015,1200,0,0.9044162398101,0.9044162398101
6,268,0,10000000,102.28239535716789,0,3000000000,804001,807001,801001,6000,0,3000,0.3,0,0.3
6,269,0,9000000,79.36739002890295,0,10000000000,807001,817001,804001,13000,0,10000,0.9999999999999999,0,0.9999999999999999
6,267,1,4000000,130.3658256599482,4536925.929755319,3000000000,819161,819761,798001,21760,882,600,0,0.26449627315487545,0.26449627315487545
6,265,1,9000000,192.938433703604,969502.778882596,9000000000,821161,822961,792001,30960,9283,1800,0,2.7849327086116196,2.7849327086116196
6,270,1,8000000,68.13887289939572,45144359.37020171,6000000000,822961,824161,807001,17160,177,1200,0,0.05316278785393863,0.05316278785393863
6,271,0,6000000,66.76715435002455,0,8000000000,817001,825001,810001,15000,0,8000,0.7999999999999999,0,0.7999999999999999
6,277,1,6000000,100.2339233992165,12290345.454016574,9000000000,828489,830289,828001,2288,488,1800,0,0.14645642034510487,0.14645642034510487
6,272,0,2000000,80.33000995891886,0,8000000000,825001,833001,813001,20000,0,8000,0.7999999999999999,0,0.7999999999999999
6,273,0,7000000,65.96626789503864,0,5000000000,833001,838001,816001,22000,0,5000,0.49999999999999994,0,0.49999999999999994
6,274,0,10000000,69.1849875334238,0,5000000000,838001,843001,819001,24000,0,5000,0.49999999999999994,0,0.49999999999999994
6,282,1,10000000,131.52839997506243,4383345.135031368,3000000000,845282,845882,843001,2881,2281,600,0,0.6844088036837948,0.6844088036837948
6,275,0,5000000,83.80789759921194,0,6000000000,843001,849001,822001,27000,0,6000,0.6,0,0.6
6,283,1,10000000,157.65543219312173,2156757.877613127,7000000000,850638,852038,846001,6037,4637,1400,0,1.390976720724945,1.390976720724945
6,276,0,3000000,104.76012218396845,0,9000000000,849001,858001,825001,33000,0,9000,0.8999999999999999,0,0.8999999999999999
6,287,1,4000000,196.19227940976677,907161.2155768867,3000000000,862410,863010,858001,5009,4409,600,0,1.3228078751546821,1.3228078751546821
6,278,0,3000000,80.69624650502647,0,7000000000,858001,865001,831001,34000,0,7000,0.7,0,0.7
6,285,1,9000000,209.89972010462517,693440.5612683698,4000000000,866800,867600,852001,15599,12979,800,0,3.8936285974697515,3.8936285974697515
6,279,0,5000000,67.92329570920421,0,4000000000,865001,869001,834001,35000,0,4000,0.39999999999999997,0,0.39999999999999997
6,280,0,9000000,80.3803383919227,0,5000000000,869001,874001,837001,37000,0,5000,0.49999999999999994,0,0.49999999999999994
6,288,1,10000000,196.08249003926895,909181.8913444314,5000000000,875400,876400,861001,15399,10999,1000,0,3.2996697674695437,3.2996697674695437
6,289,1,8000000,198.0210342362649,874310.9568341515,4000000000,876400,877200,864001,13199,9150,800,0,2.7450187844955227,2.7450187844955227
6,281,0,8000000,104.90727191191277,0,7000000000,874001,881001,840001,41000,0,7000,0.7,0,0.7
6,291,1,5000000,199.8884433878057,842281.1576493233,7000000000,881600,883000,870001,12999,5936,1400,0,1.78087801962265,1.78087801962265
6,284,0,5000000,186.46849868007195,0,4000000000,881001,885001,849001,36000,0,4000,0.39999999999999997,0,0.39999999999999997
6,286,0,6000000,204.4331785694289,0,9000000000,885001,894001,855001,39000,0,9000,0.8999999999999999,0,0.8999999999999999
6,290,0,8000000,194.73602671308663,0,3000000000,894001,897001,867001,30000,0,3000,0.3,0,0.3
6,300,1,2000000,194.4185361533205,940504.4684324657,7000000000,901245,902645,897001,5644,2127,1400,0,0.6379555016894467,0.6379555016894467
6,292,0,7000000,209.56238212045596,0,7000000000,897001,904001,873001,31000,0,7000,0.7,0,0.7
6,302,1,3000000,193.3046036699592,962226.2869146869,7000000000,907845,909245,903001,6244,3118,1400,0,0.935330921883031,0.935330921883031
6,294,1,6000000,239.75520348889196,408173.06843298615,3000000000,910400,911000,879001,31999,14700,600,0,4.40989408465964,4.40989408465964
6,301,1,10000000,194.28479919952562,943079.876067893,3000000000,910605,911205,900001,11204,10604,600,0,3.1810667114521567,3.1810667114521567
6,304,1,2000000,201.52317236486726,815434.0404267126,6000000000,912259,913459,909001,4458,2453,1200,0,0.7358044553622302,0.7358044553622302
6,293,0,9000000,223.02611192414219,0,10000000000,904001,914001,876001,38000,0,10000,0.9999999999999999,0,0.9999999999999999
6,295,0,9000000,252.68517427819148,0,4000000000,914001,918001,882001,36000,0,4000,0.39999999999999997,0,0.39999999999999997
6,303,1,10000000,194.9927508908985,929545.6747093679,9000000000,916759,918559,906001,12558,10758,1800,0,3.227383098671274,3.227383098671274
6,305,1,6000000,212.39360560054533,661587.0071450507,7000000000,921070,922470,912001,10469,9069,1400,0,2.7207305774754373,2.7207305774754373
6,296,0,7000000,233.6851257568611,0,8000000000,918001,926001,885001,41000,0,8000,0.7999999999999999,0,0.7999999999999999
6,297,0,9000000,217.57259225371195,0,3000000000,926001,929001,888001,41000,0,3000,0.3,0,0.3
6,306,1,8000000,227.07861303962554,506890.43679595075,7000000000,930784,932184,915001,17183,15783,1400,0,4.734750995048112,4.734750995048112
6,308,1,4000000,249.2392601497605,349644.77361467655,7000000000,932784,934184,921001,13183,11440,1400,0,3.4320547325625155,3.4320547325625155
6,298,0,4000000,205.11207716758173,0,6000000000,929001,935001,891001,44000,0,6000,0.6,0,0.6
6,299,0,4000000,196.82576482767698,0,3000000000,935001,938001,894001,44000,0,3000,0.3,0,0.3
6,312,1,4000000,196.1540048023491,907865.0249682561,10000000000,937407,939407,933001,6406,4406,2000,0,1.3217823872463403,1.3217823872463403
6,307,0,3000000,245.02855221381853,0,9000000000,938001,947001,918001,29000,0,9000,0.8999999999999999,0,0.8999999999999999
6,315,1,3000000,223.81677595747823,536979.617037047,10000000000,949766,951766,942001,9765,5587,2000,0,1.6760412712982131,1.6760412712982131
6,309,0,6000000,237.07618290330223,0,8000000000,947001,955001,924001,31000,0,8000,0.7999999999999999,0,0.7999999999999999
6,310,0,2000000,219.88632449518093,0,4000000000,955001,959001,927001,32000,0,4000,0.39999999999999997,0,0.39999999999999997
6,314,1,6000000,234.9562693353808,442450.89049088594,6000000000,958166,959366,939001,20365,13561,1200,0,4.068248112243495,4.068248112243495
6,317,1,6000000,196.57795527474588,900107.0267581459,2000000000,960366,960766,948001,12765,6666,400,0,1.9997621910395893,1.9997621910395893
6,318,1,9000000,190.6971887574644,1015565.4300264146,10000000000,961166,963166,951001,12165,8862,2000,0,2.658617475714759,2.658617475714759
6,319,1,8000000,180.93142817100627,1251174.5890148962,3000000000,963166,963766,954001,9765,6394,600,0,1.9181975250069805,1.9181975250069805
6,320,1,8000000,154.91033019137234,2311256.494034091,7000000000,963766,965166,957001,8165,3461,1400,0,1.038396217033885,1.038396217033885
6,321,1,5000000,132.7855959808894,4224382.45634131,3000000000,967166,967766,960001,7765,1184,600,0,0.35508148599289774,0.35508148599289774
6,311,0,6000000,206.03223946751635,0,9000000000,959001,968001,930001,38000,0,9000,0.8999999999999999,0,0.8999999999999999
6,322,1,5000000,122.2924568401502,5806964.459819109,7000000000,970366,971766,963001,8765,861,1400,0,0.2583105184092561,0.2583105184092561
6,313,0,10000000,190.84433578180938,0,4000000000,968001,972001,936001,36000,0,4000,0.39999999999999997,0,0.39999999999999997
6,324,1,8000000,119.61216033497598,6322277.16452895,7000000000,975566,976966,969001,7965,1265,1400,0,0.379610057823021,0.379610057823021
6,316,0,3000000,208.06227192838205,0,9000000000,972001,981001,945001,36000,0,9000,0.8999999999999999,0,0.8999999999999999
6,326,1,10000000,81.65457243780044,25384579.8617672,9000000000,981366,983166,975001,8165,394,1800,0,0.1181819835639048,0.1181819835639048
6,327,1,5000000,63.61385147906076,55047909.151552245,3000000000,983166,983766,978001,5765,91,600,0,0.027248991344436972,0.027248991344436972
6,323,0,10000000,122.28395029602208,0,6000000000,981001,987001,966001,21000,0,6000,0.6,0,0.6
6,328,1,9000000,54.61549688504169,81784355.09538433,5000000000,986166,987166,981001,6165,110,1000,0,0.033013649087909484,0.033013649087909484
6,329,1,4000000,57.07062642025228,73428242.07316688,4000000000,987166,987966,984001,3965,54,800,0,0.01634248575370048,0.01634248575370048
6,325,0,2000000,103.32230156166673,0,3000000000,987001,990001,972001,18000,0,3000,0.3,0,0.3
6,330,1,4000000,71.03073208126183,39812175.02089244,7000000000,989366,990766,987001,3765,100,1400,0,0.030141533321660266,0.030141533321660266
6,331,1,2000000,90.62895618950931,17690365.97243937,9000000000,991966,993766,990001,3765,113,1800,0,0.03391676582241246,0.03391676582241246
6,332,1,3000000,112.64598217424357,7945913.985726566,2000000000,995766,996166,993001,3165,378,400,0,0.11326576170050309,0.11326576170050309
7,1,0,6000000,236.89322531469742,0,10000000000,1,10001,1,10000,0,10000,0.9999999999999999,0,0.9999999999999999
7,4,0,10000000,202.47535800684486,0,5000000000,10001,15001,9001,6000,0,5000,0.49999999999999994,0,0.49999999999999994
7,5,1,4000000,193.33068509680504,961710.5976820661,7000000000,18199,19599,12001,7598,4159,1400,0,1.247776621046148,1.247776621046148
7,2,1,8000000,231.19806919608993,471832.5221747955,4000000000,22599,23399,3001,20398,16955,800,0,5.086550602611691,5.086550602611691
7,3,1,10000000,216.73473487191663,610369.8150588513,5000000000,28399,29399,6001,23398,16384,1000,0,4.915053015376822,4.915053015376822
7,8,0,4000000,179.01422569170307,0,9000000000,21001,30001,21001,9000,0,9000,0.8999999999999999,0,0.8999999999999999
7,6,1,8000000,190.16276107587416,1026948.8797870458,10000000000,29399,31399,15001,16398,7790,2000,0,2.3370199308242863,2.3370199308242863
7,9,1,2000000,153.6325811799047,2387836.432638779,8000000000,31799,33399,24001,9398,838,1600,0,0.2512734925218244,0.2512734925218244
7,7,1,10000000,189.7640513901408,1035545.0798974102,8000000000,34799,36399,18001,18398,9657,1600,0,2.8970250143984124,2.8970250143984124
7,10,1,8000000,131.8356450281941,4343827.603648477,5000000000,37599,38599,27001,11598,1842,1000,0,0.5525081147290898,0.5525081147290898
7,12,0,9000000,121.76289911134673,0,6000000000,33001,39001,33001,6000,0,6000,0.6,0,0.6
7,11,1,2000000,122.28395029602208,5808517.097275301,9000000000,38599,40399,30001,10398,344,1800,0,0.10329658843243349,0.10329658843243349
7,13,1,10000000,115.95921912465606,7117425.754929719,2000000000,42399,42799,36001,6798,1405,400,0,0.42150070872493756,0.42150070872493756
7,14,1,4000000,110.3809050515532,8579969.646177165,7000000000,42799,44199,39001,5198,466,1400,0,0.13986063465092374,0.13986063465092374
7,15,1,7000000,114.38739135062045,7496705.201067521,6000000000,48599,49799,42001,7798,934,1200,0,0.28012305988782416,0.28012305988782416
7,16,1,7000000,127.69673645007532,4915256.770380935,7000000000,53799,55199,45001,10198,1424,1400,0,0.42724115913017685,0.42724115913017685
7,17,0,9000000,148.05223841604015,0,9000000000,48001,57001,48001,9000,0,9000,0.8999999999999999,0,0.8999999999999999
7,18,1,3000000,171.51273917700692,1546311.9261886775,8000000000,59399,60999,51001,9998,1940,1600,0,0.5820300450105848,0.5820300450105848
7,19,0,7000000,167.9452791834293,0,9000000000,57001,66001,54001,12000,0,9000,0.8999999999999999,0,0.8999999999999999
7,20,0,6000000,161.5183983328215,0,2000000000,66001,68001,57001,11000,0,2000,0.19999999999999998,0,0.19999999999999998
7,22,0,10000000,169.28591731151175,0,2000000000,68001,70001,63001,7000,0,2000,0.19999999999999998,0,0.19999999999999998
7,23,0,4000000,187.891990515828,0,2000000000,70001,72001,66001,6000,0,2000,0.19999999999999998,0,0.19999999999999998
7,21,1,9000000,162.18407936662587,1928828.635447731,10000000000,70197,72197,60001,12196,4666,2000,0,1.3998133117581284,1.3998133117581284
7,24,1,3000000,190.1137188632109,1028001.4293000976,2000000000,77197,77597,69001,8596,2918,400,0,0.8754851640748731,0.8754851640748731
7,25,1,6000000,190.1137188632109,1028001.4293000976,9000000000,81397,83197,72001,11196,5837,1800,0,1.7509703281497462,1.7509703281497462
7,29,0,9000000,211.33748957532356,0,3000000000,84001,87001,84001,3000,0,3000,0.3,0,0.3
7,27,1,2000000,193.19351567793368,964426.6094806597,9000000000,87197,88997,78001,10996,2074,1800,0,0.6221313204154517,0.6221313204154517
7,26,1,8000000,190.1137188632109,1028001.4293000976,2000000000,91397,91797,75001,16796,7782,400,0,2.3346271041996616,2.3346271041996616
7,28,1,5000000,206.94840758024688,733646.9062638291,10000000000,92997,94997,81001,13996,6815,2000,0,2.0445802840482235,2.0445802840482235
7,31,0,5000000,163.63238951992358,0,5000000000,90001,95001,90001,5000,0,5000,0.49999999999999994,0,0.49999999999999994
7,30,1,3000000,185.9788420761889,1121786.9057581744,2000000000,97058,97458,87001,10457,2674,400,0,0.8022914114795476,0.8022914114795476
7,32,0,6000000,139.94964272909021,0,10000000000,95001,105001,93001,12000,0,10000,0.9999999999999999,0,0.9999999999999999
7,33,1,10000000,117.9371103597167,6672709.186264715,5000000000,106458,107458,96001,11457,1499,1000,0,0.4495924992767977,0.4495924992767977
7,34,0,2000000,98.74715236400492,0,8000000000,105001,113001,99001,14000,0,8000,0.7999999999999999,0,0.7999999999999999
7,35,1,8000000,85.40818754662813,21774682.969723735,6000000000,115658,116858,102001,14857,367,1200,0,0.11021974479890441,0.11021974479890441
7,36,1,2000000,77.58425097917745,30084635.00756036,4000000000,118058,118858,105001,13857,66,800,0,0.019943735393473053,0.019943735393473053
7,37,1,6000000,79.11708033035596,28208772.229588248,8000000000,122058,123658,108001,15657,213,1600,0,0.0638099377509233,0.0638099377509233
7,42,0,5000000,170.7585078407515,0,4000000000,123001,127001,123001,4000,0,4000,0.39999999999999997,0,0.39999999999999997
7,38,1,3000000,88.88297587277334,18948808.93338366,6000000000,126858,128058,111001,17057,158,1200,0,0.04749638899014897,0.04749638899014897
7,39,1,5000000,104.44491801902096,10554485.44513169,4000000000,129058,129858,114001,15857,474,800,0,0.14211967109129728,0.14211967109129728
7,43,0,7000000,177.74756397768152,0,5000000000,127001,132001,126001,6000,0,5000,0.49999999999999994,0,0.49999999999999994
7,40,1,7000000,124.70284439418371,5386713.156956801,3000000000,131858,132458,117001,15457,1299,600,0,0.3898481205162937,0.3898481205162937
7,41,1,5000000,147.22572940895895,2822836.0983024775,5000000000,134858,135858,120001,15857,1771,1000,0,0.5313804796892141,0.5313804796892141
7,44,0,10000000,200.67747880616795,0,8000000000,132001,140001,129001,11000,0,8000,0.7999999999999999,0,0.7999999999999999
7,46,1,8000000,193.6980005059422,954484.3508557953,5000000000,146705,147705,135001,12704,8381,1000,0,2.5144466725391026,2.5144466725391026
7,48,1,9000000,144.85755106310475,3008115.1935582696,10000000000,147705,149705,141001,8704,2992,2000,0,0.8975720098026555,0.8975720098026555
7,45,0,4000000,216.8492822215467,0,10000000000,140001,150001,132001,18000,0,10000,0.9999999999999999,0,0.9999999999999999
7,50,1,3000000,104.17370493555465,10657062.815142438,5000000000,149705,150705,147001,3704,282,1000,0,0.08445103642639747,0.08445103642639747
7,47,0,3000000,168.79472088901358,0,2000000000,150001,152001,138001,14000,0,2000,0.19999999999999998,0,0.19999999999999998
7,51,1,5000000,87.93436472733511,19675932.70026355,9000000000,151905,153705,150001,3704,254,1800,0,0.07623526787016853,0.07623526787016853
7,52,1,7000000,78.08983160437724,29450960.64199473,10000000000,155105,157105,153001,4104,238,2000,0,0.07130497458224051,0.07130497458224051
7,49,0,7000000,122.40594307467263,0,6000000000,152001,158001,144001,14000,0,6000,0.6,0,0.6
7,54,1,9000000,74.38472491042768,34462442.92099671,3000000000,162305,162905,159001,3904,261,600,0,0.07834615805355424,0.07834615805355424
7,53,0,5000000,78.04651497664713,0,6000000000,158001,164001,156001,8000,0,6000,0.6,0,0.6
7,55,1,3000000,55.55111610039894,78497136.30409807,4000000000,163305,164105,162001,2104,38,800,0,0.011465386412485139,0.011465386412485139
7,56,1,5000000,31.630365157550706,215123311.7144882,10000000000,167022,169022,165001,4021,23,2000,0,0.006972745017940226,0.006972745017940226
7,57,1,3000000,20.978007531698548,330599466.01474184,7000000000,170822,172222,168001,4221,9,1400,0,0.0027223274461062436,0.0027223274461062436
7,58,1,5000000,37.34560750610429,170566214.43481827,8000000000,174622,176222,171001,5221,29,1600,0,0.008794238677163254,0.008794238677163254
7,59,1,7000000,62.16375793016382,58675647.70813318,9000000000,181022,182822,174001,8821,119,1800,0,0.03578997560360827,0.03578997560360827
7,60,1,8000000,55.03901343592562,80280330.69476439,10000000000,184022,186022,177001,9021,100,2000,0,0.029895243071744345,0.029895243071744345
7,63,0,2000000,38.98570250745783,0,2000000000,186001,188001,186001,2000,0,2000,0.19999999999999998,0,0.19999999999999998
7,61,1,3000000,32.82879833317081,204976928.23767495,2000000000,188822,189222,180001,9221,15,400,0,0.0043907380588532946,0.0043907380588532946
7,62,1,8000000,21.008553020139235,330183942.4635191,9000000000,192222,194022,183001,11021,24,1800,0,0.007268675702680992,0.007268675702680992
7,64,1,3000000,62.993498870915275,56571040.45663932,8000000000,198022,199622,189001,10621,53,1600,0,0.01590920005598684,0.01590920005598684
7,66,0,4000000,77.65716579942897,0,5000000000,195001,200001,195001,5000,0,5000,0.49999999999999994,0,0.49999999999999994
7,65,1,6000000,68.73032081985362,43995032.93463571,10000000000,199622,201622,192001,9621,136,2000,0,0.04091370956976655,0.04091370956976655
7,67,1,8000000,97.76503464940828,13466165.306959838,7000000000,204822,206222,198001,8221,594,1400,0,0.1782244570218952,0.1782244570218952
7,68,1,7000000,112.04417432423696,8108685.994689491,8000000000,208822,210422,201001,9421,863,1600,0,0.2589815416918751,0.2589815416918751
7,69,1,6000000,135.3800003693308,3918137.000044338,6000000000,211822,213022,204001,9021,1531,1200,0,0.4594020066117216,0.4594020066117216
7,70,0,3000000,167.9360143030672,0,10000000000,207001,217001,207001,10000,0,10000,0.9999999999999999,0,0.9999999999999999
7,71,0,5000000,191.9685612281344,0,3000000000,217001,220001,210001,10000,0,3000,0.3,0,0.3
7,72,0,5000000,218.30819613564674,0,7000000000,220001,227001,213001,14000,0,7000,0.7,0,0.7
7,73,0,8000000,190.72713283641636,0,6000000000,227001,233001,216001,17000,0,6000,0.6,0,0.6
7,77,0,7000000,95.34326405153122,0,4000000000,233001,237001,228001,9000,0,4000,0.39999999999999997,0,0.39999999999999997
7,80,0,3000000,69.0560496987773,0,8000000000,237001,245001,237001,8000,0,8000,0.7999999999999999,0,0.7999999999999999
7,83,0,8000000,96.84541083603284,0,9000000000,246001,255001,246001,9000,0,9000,0.8999999999999999,0,0.8999999999999999
7,86,0,7000000,154.52679055749527,0,3000000000,255001,258001,255001,3000,0,3000,0.3,0,0.3
7,89,0,6000000,207.5815418094778,0,5000000000,264001,269001,264001,5000,0,5000,0.49999999999999994,0,0.49999999999999994
7,90,0,4000000,203.4566600040411,0,2000000000,269001,271001,267001,4000,0,2000,0.19999999999999998,0,0.19999999999999998
7,74,1,5000000,167.24367133018814,1708417.633249349,3000000000,278858,279458,219001,60457,2927,600,0,0.8780054541740206,0.8780054541740206
7,93,1,8000000,139.91377701999184,3445797.236787979,6000000000,279950,281150,276001,5149,2322,1200,0,0.696500645591432,0.696500645591432
7,75,1,10000000,141.0890902940408,3334986.6076281937,4000000000,281058,281858,222001,59857,2999,800,0,0.8995538372292198,0.8995538372292198
7,91,1,9000000,192.0034353859326,988396.1653265164,7000000000,281150,282550,270001,12549,9106,1400,0,2.7316981739888235,2.7316981739888235
7,92,0,10000000,167.1120641964547,0,10000000000,273001,283001,273001,10000,0,10000,0.9999999999999999,0,0.9999999999999999
7,76,1,3000000,116.38698294912537,7018265.735313657,8000000000,281858,283458,225001,58457,427,1600,0,0.12823680862801892,0.12823680862801892
7,95,1,9000000,90.00845349188045,18126146.170528773,7000000000,284950,286350,282001,4349,497,1400,0,0.14895609770541954,0.14895609770541954
7,94,0,3000000,113.56235511823446,0,7000000000,283001,290001,279001,11000,0,7000,0.7,0,0.7
7,78,1,4000000,82.48669286618296,24529017.944043852,8000000000,288858,290458,231001,59457,163,1600,0,0.04892164874833012,0.04892164874833012
7,97,1,7000000,70.32634854732615,41045900.989703,3000000000,290653,291253,288001,3252,171,600,0,0.05116223421497843,0.05116223421497843
7,79,1,6000000,71.0909790339112,39708515.79717483,2000000000,294858,295258,234001,61257,151,400,0,0.04533032685467599,0.04533032685467599
7,96,0,3000000,72.65579123511075,0,7000000000,290001,297001,285001,12000,0,7000,0.7,0,0.7
7,99,1,3000000,110.8587051160169,8441275.35856722,8000000000,295523,297123,294001,3122,355,1600,0,0.10661896002321165,0.10661896002321165
7,98,0,5000000,87.0243213130674,0,6000000000,297001,303001,291001,12000,0,6000,0.6,0,0.6
7,101,1,8000000,158.69805827419566,2101444.990848703,6000000000,304523,305723,300001,5722,3807,1200,0,1.142071294015039,1.142071294015039
7,102,1,4000000,184.59605656676416,1155508.2983973837,2000000000,306463,306863,303001,3862,3462,400,0,1.038504008724406,1.038504008724406
7,81,1,6000000,76.68994197415984,31242961.041997347,10000000000,306458,308458,240001,68457,192,2000,0,0.057612977130445726,0.057612977130445726
7,82,1,7000000,88.12350991648023,19528409.810585517,8000000000,309258,310858,243001,67857,358,1600,0,0.10753563758487286,0.10753563758487286
7,100,0,10000000,134.66848666261905,0,10000000000,303001,313001,297001,16000,0,10000,0.9999999999999999,0,0.9999999999999999
7,103,0,5000000,206.02125327256894,0,2000000000,313001,315001,306001,9000,0,2000,0.19999999999999998,0,0.19999999999999998
7,104,1,3000000,220.87490690433805,566050.5299475801,5000000000,316767,317767,309001,8766,5300,1000,0,1.5899640621895466,1.5899640621895466
7,84,1,4000000,118.70130327843921,6509977.8167103175,2000000000,319258,319658,249001,70657,614,400,0,0.18433242536092007,0.18433242536092007
7,108,1,2000000,202.66154173892986,797366.3860226596,2000000000,323509,323909,321001,2908,2508,400,0,0.7524771679840404,0.7524771679840404
7,105,0,2000000,240.83766358275443,0,9000000000,315001,324001,312001,12000,0,9000,0.8999999999999999,0,0.8999999999999999
7,85,1,10000000,133.40703467208914,4148423.132228638,8000000000,323058,324658,252001,72657,2411,1600,0,0.7231663464349463,0.7231663464349463
7,106,0,6000000,239.1404817257003,0,3000000000,324001,327001,315001,12000,0,3000,0.3,0,0.3
7,87,1,4000000,182.02115151816832,1221730.5090555823,6000000000,327458,328658,258001,70657,3274,1200,0,0.9822133368246813,0.9822133368246813
7,88,1,5000000,211.18679054334814,676768.204260349,3000000000,330258,330858,261001,69857,7388,600,0,2.2164161829076683,2.2164161829076683
7,110,1,6000000,188.76063599172366,1057578.3940693308,6000000000,332674,333874,327001,6873,5673,1200,0,1.7020014876381815,1.7020014876381815
7,107,0,2000000,218.60242359132252,0,9000000000,327001,336001,318001,18000,0,9000,0.8999999999999999,0,0.8999999999999999
7,109,0,7000000,192.36349601730572,0,4000000000,336001,340001,324001,16000,0,4000,0.39999999999999997,0,0.39999999999999997
7,111,1,9000000,192.1964874809111,984457.8942768803,9000000000,339143,340943,330001,10942,9142,1800,0,2.7426261861440473,2.7426261861440473
7,115,1,6000000,118.78447036544802,6492560.630064644,3000000000,343270,343870,342001,1869,924,600,0,0.27724038365769993,0.27724038365769993
7,112,0,4000000,195.9342902607913,0,7000000000,340001,347001,333001,14000,0,7000,0.7,0,0.7
7,113,0,9000000,171.44077023858708,0,7000000000,347001,354001,336001,18000,0,7000,0.7,0,0.7
7,118,1,4000000,131.89931197697732,4335693.616199121,10000000000,353005,355005,351001,4004,923,2000,0,0.27677232439038857,0.27677232439038857
7,121,1,3000000,72.45173979967629,37443038.55076482,3000000000,360081,360681,360001,680,80,600,0,0.024036510786371968,0.024036510786371968
7,114,0,2000000,144.52208135783263,0,7000000000,354001,361001,339001,22000,0,7000,0.7,0,0.7
7,122,1,4000000,63.55476378683186,55191161.19654712,5000000000,363257,364257,363001,1256,72,1000,0,0.021742611932489556,0.021742611932489556
7,116,0,2000000,179.91390163075226,0,8000000000,361001,369001,345001,24000,0,8000,0.7999999999999999,0,0.7999999999999999
7,124,1,6000000,33.24902554963083,201526195.03967685,9000000000,369031,370831,369001,1830,30,1800,0,0.008931841340256598,0.008931841340256598
7,117,0,10000000,156.60692832694218,0,3000000000,369001,372001,348001,24000,0,3000,0.3,0,0.3
7,125,1,2000000,8.829099614343473,579589473.2282962,2000000000,372004,372404,372001,403,3,400,0,0.0010352154890909558,0.0010352154890909558
7,119,0,9000000,110.62725025959922,0,4000000000,372001,376001,354001,22000,0,4000,0.39999999999999997,0,0.39999999999999997
7,126,1,4000000,23.569524814895992,297426806.86139405,9000000000,375014,376814,375001,1813,13,1800,0,0.004034606068844428,0.004034606068844428
7,127,1,8000000,50.38993252624973,98325449.0918686,6000000000,378082,379282,378001,1281,81,1200,0,0.024408736722449177,0.024408736722449177
7,120,0,7000000,89.36859627408272,0,10000000000,376001,386001,357001,29000,0,10000,0.9999999999999999,0,0.9999999999999999
7,123,0,5000000,56.47638798648511,0,5000000000,386001,391001,366001,25000,0,5000,0.49999999999999994,0,0.49999999999999994
7,128,0,6000000,77.63459280501182,0,9000000000,391001,400001,381001,19000,0,9000,0.8999999999999999,0,0.8999999999999999
7,132,1,4000000,146.09097576510334,2909801.9781460147,10000000000,402567,404567,393001,11566,1375,2000,0,0.41239919726928703,0.41239919726928703
7,129,0,3000000,104.98376112523309,0,7000000000,400001,407001,384001,23000,0,7000,0.7,0,0.7
7,130,0,2000000,132.3700135982466,0,4000000000,407001,411001,387001,24000,0,4000,0.39999999999999997,0,0.39999999999999997
7,131,0,2000000,159.76863428095015,0,3000000000,411001,414001,390001,24000,0,3000,0.3,0,0.3
7,136,1,7000000,72.1481427342381,37936108.50286926,7000000000,414167,415567,405001,10566,185,1400,0,0.055356231381539,0.055356231381539
7,133,0,10000000,118.68268660592412,0,6000000000,414001,420001,396001,24000,0,6000,0.6,0,0.6
7,138,1,5000000,120.69728248804938,6107193.259123938,3000000000,422567,423167,411001,12166,819,600,0,0.24561200806263192,0.24561200806263192
7,134,0,8000000,91.27741998983105,0,10000000000,420001,430001,399001,31000,0,10000,0.9999999999999999,0,0.9999999999999999
7,140,1,5000000,182.45251930296826,1210313.4420861069,4000000000,434167,434967,417001,17966,4131,800,0,1.239348376908536,1.239348376908536
7,144,1,6000000,165.12607062484105,1796650.272861033,2000000000,435627,436027,429001,7026,3340,400,0,1.0018644291488252,1.0018644291488252
7,142,1,10000000,188.57587146822365,1061698.905322459,2000000000,436027,436427,423001,13426,9419,400,0,2.825659878672325,2.825659878672325
7,135,0,6000000,67.5337611865354,0,8000000000,430001,438001,402001,36000,0,8000,0.7999999999999999,0,0.7999999999999999
7,145,1,2000000,165.12607062484105,1796650.272861033,2000000000,438227,438627,432001,6626,1113,400,0,0.3339548097162751,0.3339548097162751
7,141,1,10000000,214.88129862787034,631609.4427778804,3000000000,438167,438767,420001,18766,15833,600,0,4.74977066018156,4.74977066018156
7,146,1,5000000,161.02578209715364,1984163.8246358081,9000000000,440027,441827,435001,6826,2520,1800,0,0.7559859631425968,0.7559859631425968
7,137,0,3000000,93.3773098777214,0,7000000000,438001,445001,408001,37000,0,7000,0.7,0,0.7
7,147,1,6000000,141.5984208951498,3288332.347306632,5000000000,447627,448627,438001,10626,1825,1000,0,0.5473899259222756,0.5473899259222756
7,139,0,2000000,150.83618796562052,0,6000000000,445001,451001,414001,37000,0,6000,0.6,0,0.6
7,143,0,2000000,165.59978291048577,0,3000000000,451001,454001,426001,28000,0,3000,0.3,0,0.3
7,148,1,6000000,117.47761403773913,6772940.289168924,9000000000,452627,454427,441001,13426,886,1800,0,0.26576345326393974,0.26576345326393974
7,149,1,10000000,95.87256750499593,14458318.136583798,7000000000,457227,458627,444001,14626,692,1400,0,0.20749301347914856,0.20749301347914856
7,150,0,4000000,86.06499869284843,0,10000000000,454001,464001,447001,17000,0,10000,0.9999999999999999,0,0.9999999999999999
7,151,1,2000000,81.29652514099239,25763065.987028178,7000000000,465427,466827,450001,16826,78,1400,0,0.023289153562006275,0.023289153562006275
7,153,0,9000000,49.282204699059456,0,5000000000,464001,469001,456001,13000,0,5000,0.49999999999999994,0,0.49999999999999994
7,152,1,3000000,64.30547799371372,53399206.922431484,10000000000,473227,475227,453001,22226,56,2000,0,0.016854182896524173,0.016854182896524173
7,154,0,5000000,47.19315628351217,0,10000000000,469001,479001,459001,20000,0,10000,0.9999999999999999,0,0.9999999999999999
7,156,0,10000000,78.55592211921392,0,2000000000,479001,481001,465001,16000,0,2000,0.19999999999999998,0,0.19999999999999998
7,159,0,10000000,81.44257915857035,0,4000000000,481001,485001,474001,11000,0,4000,0.39999999999999997,0,0.39999999999999997
7,155,1,5000000,59.41943453113634,66215656.6729059,9000000000,486827,488627,462001,26626,76,1800,0,0.02265325265004537,0.02265325265004537
7,162,0,9000000,131.2053280168149,0,10000000000,485001,495001,483001,12000,0,10000,0.9999999999999999,0,0.9999999999999999
7,164,0,9000000,105.77279139740993,0,4000000000,495001,499001,489001,10000,0,4000,0.39999999999999997,0,0.39999999999999997
7,157,1,9000000,82.06751488865733,24955851.387673832,5000000000,500027,501027,468001,33026,361,1000,0,0.10819105940555412,0.10819105940555412
7,158,1,4000000,77.01502775432856,30816277.031845484,2000000000,504427,504827,471001,33826,130,400,0,0.03894045989916051,0.03894045989916051
7,160,1,2000000,92.59342201258147,16389112.279517576,8000000000,516827,518427,477001,41426,122,1600,0,0.036609670479215324,0.036609670479215324
7,172,0,2000000,153.67187934036596,0,8000000000,513001,521001,513001,8000,0,8000,0.7999999999999999,0,0.7999999999999999
7,161,1,9000000,110.1895693793201,8636280.276861573,2000000000,522027,522427,480001,42426,1042,400,0,0.3126345965442869,0.3126345965442869
7,173,0,5000000,154.9807746141437,0,3000000000,521001,524001,516001,8000,0,3000,0.3,0,0.3
7,163,1,4000000,154.1393376137318,2357094.418770489,8000000000,528427,530027,486001,44026,1697,1600,0,0.509101370926815,0.509101370926815
7,165,1,6000000,120.83082429578965,6081344.234649811,3000000000,534027,534627,492001,42626,987,600,0,0.29598719140812646,0.29598719140812646
7,177,0,4000000,125.34139340217979,0,7000000000,528001,535001,528001,7000,0,7000,0.7,0,0.7
7,166,1,3000000,140.01843092964586,3435748.0323406123,6000000000,537027,538227,495001,43226,873,1200,0,0.2619516889854326,0.2619516889854326
7,180,0,6000000,79.71597706859022,0,3000000000,537001,540001,537001,3000,0,3000,0.3,0,0.3
7,167,1,10000000,160.44524455402222,2012638.082641112,4000000000,540427,541227,498001,43226,4969,800,0,1.4905809573389415,1.4905809573389415
7,169,1,4000000,167.37834746465865,1702990.070617455,10000000000,541227,543227,504001,39226,2349,2000,0,0.7046429810156877,0.7046429810156877
7,168,1,10000000,174.7815004512777,1434951.317810708,7000000000,544227,545627,501001,44626,6969,1400,0,2.0906632599753086,2.0906632599753086
7,170,1,9000000,161.98474989948897,1938213.5622941481,5000000000,548827,549827,507001,42826,4643,1000,0,1.393035345807905,1.393035345807905
7,171,1,4000000,156.0604100981412,2244912.683327003,6000000000,549827,551027,510001,41026,1782,1200,0,0.5345419485187181,0.5345419485187181
7,184,0,5000000,85.8230277955748,0,4000000000,549001,553001,549001,4000,0,4000,0.39999999999999997,0,0.39999999999999997
7,174,1,3000000,159.9048182513585,2039601.5609760322,4000000000,557827,558627,519001,39626,1471,800,0,0.4412626550301881,0.4412626550301881
7,176,1,2000000,145.93588249638947,2921943.69390115,3000000000,562427,563027,525001,38026,684,600,0,0.20534276593089548,0.20534276593089548
7,186,0,8000000,105.19622474214559,0,10000000000,555001,565001,555001,10000,0,10000,0.9999999999999999,0,0.9999999999999999
7,175,1,9000000,165.15471685664932,1795419.455711263,6000000000,563827,565027,522001,43026,5013,1200,0,1.5038268586269627,1.5038268586269627
7,187,0,9000000,124.32837890039421,0,3000000000,565001,568001,558001,10000,0,3000,0.3,0,0.3
7,188,0,10000000,136.7228561726239,0,2000000000,568001,570001,561001,9000,0,2000,0.19999999999999998,0,0.19999999999999998
7,178,1,4000000,106.07430037478447,9962533.387844492,7000000000,569027,570427,531001,39426,402,1400,0,0.12045129017727024,0.12045129017727024
7,189,0,6000000,136.7228561726239,0,5000000000,570001,575001,564001,11000,0,5000,0.49999999999999994,0,0.49999999999999994
7,179,1,7000000,91.02793692048614,17416602.18182655,2000000000,574827,575227,534001,41226,402,400,0,0.1205746091043669,0.1205746091043669
7,181,1,5000000,70.64911110551922,40475569.290691935,3000000000,579227,579827,540001,39826,124,600,0,0.03705939227752755,0.03705939227752755
7,190,0,7000000,136.7228561726239,0,7000000000,575001,582001,567001,15000,0,7000,0.7,0,0.7
7,191,0,6000000,136.7228561726239,0,4000000000,582001,586001,570001,16000,0,4000,0.39999999999999997,0,0.39999999999999997
7,182,1,7000000,68.63340294637882,44181225.937461965,10000000000,584027,586027,543001,43026,158,2000,0,0.04753150134341059,0.04753150134341059
7,183,1,7000000,74.66518934550425,34051923.94525542,5000000000,589627,590627,546001,44626,206,1000,0,0.06167052420815126,0.06167052420815126
7,192,0,3000000,136.7228561726239,0,5000000000,586001,591001,573001,18000,0,5000,0.49999999999999994,0,0.49999999999999994
7,193,0,9000000,136.7228561726239,0,6000000000,591001,597001,576001,21000,0,6000,0.6,0,0.6
7,194,0,8000000,140.60193028546942,0,2000000000,597001,599001,579001,20000,0,2000,0.19999999999999998,0,0.19999999999999998
7,200,1,6000000,141.35379619946536,3310638.635888685,5000000000,598965,599965,597001,2964,1812,1000,0,0.5437017439738845,0.5437017439738845
7,185,1,10000000,89.08431567902394,18798509.817874525,2000000000,600027,600427,552001,48426,532,400,0,0.15958711775906068,0.15958711775906068
7,195,0,7000000,159.3613469446089,0,9000000000,599001,608001,582001,26000,0,9000,0.8999999999999999,0,0.8999999999999999
7,203,1,10000000,75.43309220759811,32955130.644438956,4000000000,607659,608459,606001,2458,303,800,0,0.09103286624373427,0.09103286624373427
7,196,0,4000000,185.82807349805896,0,4000000000,608001,612001,585001,27000,0,4000,0.39999999999999997,0,0.39999999999999997
7,205,1,3000000,80.54411027505358,26579372.86247403,8000000000,612114,613714,612001,1713,113,1600,0,0.03386084407095477,0.03386084407095477
7,197,0,9000000,213.8820527767583,0,4000000000,612001,616001,588001,28000,0,4000,0.39999999999999997,0,0.39999999999999997
7,198,0,2000000,195.9850938209332,0,7000000000,616001,623001,591001,32000,0,7000,0.7,0,0.7
7,208,1,6000000,146.36081579439215,2888825.2877131356,6000000000,623428,624628,621001,3627,2077,1200,0,0.6230906409106256,0.6230906409106256
7,210,1,2000000,195.3733443947766,922369.6496485273,9000000000,629169,630969,627001,3968,2168,1800,0,0.6504984202685251,0.6504984202685251
7,199,0,10000000,168.2307608613835,0,9000000000,623001,632001,594001,38000,0,9000,0.8999999999999999,0,0.8999999999999999
7,201,0,4000000,115.96001595377606,0,5000000000,632001,637001,600001,37000,0,5000,0.49999999999999994,0,0.49999999999999994
7,202,0,7000000,93.16723941386262,0,9000000000,637001,646001,603001,43000,0,9000,0.8999999999999999,0,0.8999999999999999
7,204,0,5000000,68.28996558792512,0,10000000000,646001,656001,609001,47000,0,10000,0.9999999999999999,0,0.9999999999999999
7,216,1,7000000,208.53520086546538,711679.0604490386,5000000000,658322,659322,645001,14321,9836,1000,0,2.9507682840562866,2.9507682840562866
7,219,1,3000000,208.33139225762397,714454.2986969253,3000000000,661322,661922,654001,7921,4199,600,0,1.259702687269832,1.259702687269832
7,206,0,3000000,101.25905638509577,0,6000000000,656001,662001,615001,47000,0,6000,0.6,0,0.6
7,215,1,9000000,222.86207438682789,546205.2395759164,6000000000,661922,663122,642001,21121,16477,1200,0,4.943196813886898,4.943196813886898
7,207,0,4000000,124.75345325881769,0,2000000000,662001,664001,618001,46000,0,2000,0.19999999999999998,0,0.19999999999999998
7,221,1,4000000,221.4404208811029,560312.6423128996,3000000000,668014,668614,660001,8613,7139,600,0,2.1416614750053684,2.1416614750053684
7,220,1,8000000,208.38338369457387,713745.0577010843,9000000000,668614,670414,657001,13413,11208,1800,0,3.362545175066021,3.362545175066021
7,209,0,4000000,170.00917916394985,0,10000000000,664001,674001,624001,50000,0,10000,0.9999999999999999,0,0.9999999999999999
7,211,0,3000000,213.96577763745304,0,7000000000,674001,681001,630001,51000,0,7000,0.7,0,0.7
7,223,1,3000000,251.6139600658119,336661.1774903403,5000000000,686361,687361,666001,21360,8911,1000,0,2.6733109136880606,2.6733109136880606
7,226,1,9000000,209.60946209558386,697270.9885516196,7000000000,687908,689308,675001,14307,12907,1400,0,3.8722391212754674,3.8722391212754674
7,212,0,9000000,226.55091833846097,0,10000000000,681001,691001,633001,58000,0,10000,0.9999999999999999,0,0.9999999999999999
7,227,1,7000000,221.2162121093298,562578.8192744189,2000000000,691308,691708,678001,13707,12443,400,0,3.7328102801816403,3.7328102801816403
7,225,1,4000000,218.32827576839424,592816.2483145957,3000000000,692161,692761,672001,20760,6747,600,0,2.0242360148050196,2.0242360148050196
7,213,0,2000000,244.03859735705745,0,10000000000,691001,701001,636001,65000,0,10000,0.9999999999999999,0,0.9999999999999999
7,224,1,10000000,233.64884014263797,452406.36532749474,8000000000,701561,703161,669001,34160,22104,1600,0,6.631206432801437,6.631206432801437
7,231,1,3000000,210.148886506686,690173.30503394,7000000000,703561,704961,690001,14960,4347,1400,0,1.3040202995908998,1.3040202995908998
7,214,0,2000000,240.07769492395582,0,8000000000,701001,709001,639001,70000,0,8000,0.7999999999999999,0,0.7999999999999999
7,233,1,3000000,153.5361328808304,2393743.4967471496,9000000000,708961,710761,696001,14760,1253,1800,0,0.3759801337206794,0.3759801337206794
7,217,0,8000000,201.75387232962842,0,3000000000,709001,712001,648001,64000,0,3000,0.3,0,0.3
7,232,1,7000000,183.08601530428263,1193786.0895538772,5000000000,711761,712761,693001,19760,5864,1000,0,1.759109122124868,1.759109122124868
7,229,1,6000000,244.81282584864707,375558.94639046857,6000000000,712761,713961,684001,29960,15976,1200,0,4.7928561343031895,4.7928561343031895
7,234,1,8000000,126.76691208671136,5056068.943425834,9000000000,713961,715761,699001,16760,1582,1800,0,0.4746770716251023,0.4746770716251023
7,236,1,4000000,74.3387227493182,34530292.65660592,9000000000,716161,717961,705001,12960,116,1800,0,0.034752094687805386,0.034752094687805386
7,237,1,5000000,65.5625655385754,50531585.41729326,9000000000,717961,719761,708001,11760,99,1800,0,0.029684404073470054,0.029684404073470054
7,218,0,5000000,218.39700593185796,0,10000000000,712001,722001,651001,71000,0,10000,0.9999999999999999,0,0.9999999999999999
7,238,1,6000000,81.8480011973414,25182727.423148144,3000000000,721561,722161,711001,11160,238,600,0,0.07147756355991158,0.07147756355991158
7,239,1,2000000,107.80800016696347,9375878.74850708,6000000000,727561,728761,714001,14760,213,1200,0,0.06399400163910374,0.06399400163910374
7,222,0,10000000,237.7422776874151,0,10000000000,722001,732001,663001,69000,0,10000,0.9999999999999999,0,0.9999999999999999
7,240,1,4000000,138.02357805824337,3633693.27581591,3000000000,732561,733161,717001,16160,1101,600,0,0.3302425133091487,0.3302425133091487
7,228,0,10000000,240.84197661537328,0,5000000000,732001,737001,681001,56000,0,5000,0.49999999999999994,0,0.49999999999999994
7,241,1,4000000,168.31480564703747,1665835.9083167051,9000000000,738561,740361,720001,20360,2401,1800,0,0.7203590665857219,0.7203590665857219
7,230,0,5000000,224.816739812675,0,10000000000,737001,747001,687001,60000,0,10000,0.9999999999999999,0,0.9999999999999999
7,243,1,2000000,178.44274431873094,1321798.1976692562,4000000000,748961,749761,726001,23760,1513,800,0,0.4539270828618073,0.4539270828618073
7,242,1,7000000,174.0341161956471,1459510.6694019756,9000000000,750961,752761,723001,29760,4796,1800,0,1.4388384025040808,1.4388384025040808
7,251,1,2000000,182.1661277515664,1217878.5192836884,10000000000,752720,754720,750001,4719,1642,2000,0,0.4926599742911124,0.4926599742911124
7,235,0,5000000,98.8203723935505,0,10000000000,747001,757001,702001,55000,0,10000,0.9999999999999999,0,0.9999999999999999
7,244,1,6000000,180.67931951388348,1258111.7894860858,7000000000,758361,759761,729001,30760,4769,1400,0,1.4307154698353675,1.4307154698353675
7,250,1,9000000,194.50251669322947,938891.708450437,7000000000,758720,760120,747001,13119,9586,1400,0,2.8757310089106296,2.8757310089106296
7,253,1,2000000,177.52450450571607,1349102.8044957512,10000000000,760120,762120,756001,6119,1482,2000,0,0.4447400138822331,0.4447400138822331
7,246,0,2000000,204.76822238814304,0,7000000000,757001,764001,735001,29000,0,7000,0.7,0,0.7
7,249,1,10000000,212.14142099080982,664724.0098770746,7000000000,762720,764120,744001,20119,15044,1400,0,4.513151255894579,4.513151255894579
7,254,1,5000000,180.13359847624207,1273292.8031421057,2000000000,765120,765520,759001,6519,3927,400,0,1.1780479684629088,1.1780479684629088
7,248,1,10000000,233.86323866738869,450754.8026171194,3000000000,765520,766120,741001,25119,22185,600,0,6.655503130708212,6.655503130708212
7,252,0,4000000,176.3364874324086,0,6000000000,764001,770001,753001,17000,0,6000,0.6,0,0.6
7,257,1,2000000,178.58126945455396,1317738.8919808497,9000000000,769991,771791,768001,3790,1518,1800,0,0.45532540904068547,0.45532540904068547
7,245,1,7000000,190.5149232999872,1019430.0006712185,7000000000,770761,772161,732001,40160,6867,1400,0,2.059974690383162,2.059974690383162
7,255,0,3000000,178.5225615993676,0,3000000000,770001,773001,762001,11000,0,3000,0.3,0,0.3
7,256,1,7000000,184.2816160120157,1163351.6847298779,2000000000,775391,775791,765001,10790,6017,400,0,1.8051291175012183,1.8051291175012183
7,258,1,5000000,173.25002655122452,1485840.0967098328,3000000000,782191,782791,771001,11790,3365,600,0,1.0095298971413695,1.0095298971413695
7,261,0,6000000,204.87761346716238,0,3000000000,780001,783001,780001,3000,0,3000,0.3,0,0.3
7,247,1,8000000,225.55003214364652,520721.8125376496,4000000000,787961,788761,738001,50760,15363,800,0,4.608986875936705,4.608986875936705
7,262,0,3000000,229.57983469808494,0,8000000000,783001,791001,783001,8000,0,8000,0.7999999999999999,0,0.7999999999999999
7,259,1,5000000,174.9616223633057,1429109.4017843073,10000000000,789191,791191,774001,17190,3499,2000,0,1.0496047385365896,1.0496047385365896
7,263,0,5000000,221.36090756951646,0,5000000000,791001,796001,786001,10000,0,5000,0.49999999999999994,0,0.49999999999999994
7,260,1,7000000,186.0000779569729,1121278.6502142476,8000000000,796991,798591,777001,21590,6243,1600,0,1.8728618435736235,1.8728618435736235
7,266,0,5000000,187.01977756376462,0,3000000000,796001,799001,795001,4000,0,3000,0.3,0,0.3
7,267,0,3000000,186.54983516476236,0,2000000000,799001,801001,798001,3000,0,2000,0.19999999999999998,0,0.19999999999999998
7,268,0,7000000,195.62889612733596,0,7000000000,801001,808001,801001,7000,0,7000,0.7,0,0.7
7,269,1,3000000,206.69286296338345,737263.303697853,5000000000,808724,809724,804001,5723,4069,1000,0,1.22073076943599,1.22073076943599
7,270,1,7000000,171.60230563719128,1543120.3705564775,10000000000,811537,813537,807001,6536,4536,2000,0,1.3608789308138687,1.3608789308138687
7,271,1,9000000,165.12607062484105,1796650.272861033,7000000000,815010,816410,810001,6409,5009,1400,0,1.5027966437232378,1.5027966437232378
7,264,1,6000000,197.7903104300107,878372.8793795066,8000000000,816761,818361,789001,29360,6831,1600,0,2.04924359831276,2.04924359831276
7,265,1,7000000,187.08509427530566,1095687.0912912912,4000000000,818361,819161,792001,27160,6389,800,0,1.91660558629481,1.91660558629481
7,272,0,9000000,165.12607062484105,0,9000000000,813001,822001,813001,9000,0,9000,0.8999999999999999,0,0.8999999999999999
7,274,1,2000000,165.12607062484105,1796650.272861033,10000000000,820114,822114,819001,3113,1113,2000,0,0.3339548097162751,0.3339548097162751
7,273,0,8000000,165.12607062484105,0,2000000000,822001,824001,816001,8000,0,2000,0.19999999999999998,0,0.19999999999999998
7,276,1,3000000,164.02476398397897,1844773.1699464065,8000000000,826627,828227,825001,3226,1626,1600,0,0.4878648576757794,0.4878648576757794
7,275,1,10000000,165.12607062484105,1796650.272861033,5000000000,828227,829227,822001,7226,5566,1000,0,1.6697740485813755,1.6697740485813755
7,277,0,6000000,149.72827421699614,0,2000000000,828001,830001,828001,2000,0,2000,0.19999999999999998,0,0.19999999999999998
7,279,1,7000000,96.42262027138653,14161300.74407398,9000000000,834495,836295,834001,2294,494,1800,0,0.1482914626242069,0.1482914626242069
7,278,0,9000000,122.67557947692764,0,8000000000,831001,839001,831001,8000,0,8000,0.7999999999999999,0,0.7999999999999999
7,280,1,6000000,79.11935540687887,28206086.924179215,6000000000,838095,839295,837001,2294,213,1200,0,0.06381601265140323,0.06381601265140323
7,281,1,3000000,74.91533888330216,33690296.49277239,3000000000,841495,842095,840001,2094,89,600,0,0.026713923405010036,0.026713923405010036
7,282,0,5000000,66.00057272478774,0,8000000000,843001,851001,843001,8000,0,8000,0.7999999999999999,0,0.7999999999999999
7,284,1,2000000,80.24171982204763,26915618.236357663,6000000000,851703,852903,849001,3902,74,1200,0,0.022291889962591273,0.022291889962591273
7,283,0,5000000,68.90243682192956,0,4000000000,851001,855001,846001,9000,0,4000,0.39999999999999997,0,0.39999999999999997
7,285,1,7000000,98.73600457786402,12988467.603894407,9000000000,854303,856103,852001,4102,539,1800,0,0.16168189073900796,0.16168189073900796
7,286,0,10000000,125.25812867834165,0,8000000000,855001,863001,855001,8000,0,8000,0.7999999999999999,0,0.7999999999999999
7,287,0,10000000,153.0185207744474,0,3000000000,863001,866001,858001,8000,0,3000,0.3,0,0.3
7,288,0,8000000,177.8452732011734,0,4000000000,866001,870001,861001,9000,0,4000,0.39999999999999997,0,0.39999999999999997
7,289,1,5000000,208.76807514560267,708524.4642378419,9000000000,871058,872858,864001,8857,7057,1800,0,2.117075804310507,2.117075804310507
7,290,0,5000000,198.8248455299287,0,3000000000,870001,873001,867001,6000,0,3000,0.3,0,0.3
7,291,1,3000000,184.49677097445363,1157977.746237099,5000000000,886423,887423,870001,17422,2591,1000,0,0.7772170086381976,0.7772170086381976
7,294,0,4000000,193.15008568468198,0,10000000000,879001,889001,879001,10000,0,10000,0.9999999999999999,0,0.9999999999999999
7,292,1,8000000,178.59890817135474,1317223.1244397005,9000000000,893223,895023,873001,22022,6073,1800,0,1.8220147790230101,1.8220147790230101
7,297,0,7000000,228.06932476771186,0,7000000000,889001,896001,888001,8000,0,7000,0.7,0,0.7
7,293,1,8000000,181.39528218782317,1238534.6744460082,5000000000,896623,897623,876001,21622,6459,1000,0,1.9377737656586085,1.9377737656586085
7,295,1,2000000,212.57483035392502,659344.0864099665,10000000000,899423,901423,882001,19422,3033,2000,0,0.9099952700977627,0.9099952700977627
7,296,1,5000000,237.60225272501097,423125.5419688513,4000000000,902823,903623,885001,18622,11817,800,0,3.545047157919915,3.545047157919915
7,299,1,6000000,198.09166615483858,873072.1520503727,9000000000,902273,904073,894001,10072,6872,1800,0,2.0616852751204777,2.0616852751204777
7,298,0,8000000,210.82113200530924,0,9000000000,896001,905001,891001,14000,0,9000,0.8999999999999999,0,0.8999999999999999
7,300,1,10000000,188.83708242821376,1055879.3518502023,9000000000,908273,910073,897001,13072,9471,1800,0,2.8412337022626146,2.8412337022626146
7,301,0,7000000,182.77339877564236,0,9000000000,905001,914001,900001,14000,0,9000,0.8999999999999999,0,0.8999999999999999
7,304,1,2000000,160.4330595606778,2013241.1422087506,9000000000,914273,916073,909001,7072,993,1800,0,0.2980268917720075,0.2980268917720075
7,303,1,7000000,178.6174129249441,1316682.303143645,7000000000,917673,919073,906001,13072,5316,1400,0,1.594917767927878,1.594917767927878
7,302,0,9000000,180.00869423447307,0,6000000000,914001,920001,903001,17000,0,6000,0.6,0,0.6
7,308,0,8000000,78.36397258944956,0,3000000000,921001,924001,921001,3000,0,3000,0.3,0,0.3
7,305,1,6000000,140.8541930508283,3356777.861850422,10000000000,922473,924473,912001,12472,1787,2000,0,0.5362285126033782,0.5362285126033782
7,306,1,4000000,121.31568777367589,5988606.032081188,2000000000,926073,926473,915001,11472,668,400,0,0.20038052153899502,0.20038052153899502
7,309,0,9000000,46.53549720374755,0,3000000000,924001,927001,924001,3000,0,3000,0.3,0,0.3
7,307,1,3000000,101.81370094442103,11601865.399012258,10000000000,927873,929873,918001,11872,259,2000,0,0.07757373224452534,0.07757373224452534
7,310,0,6000000,18.036019516512003,0,6000000000,927001,933001,927001,6000,0,6000,0.6,0,0.6
7,311,0,10000000,20.559610891259606,0,7000000000,933001,940001,930001,10000,0,7000,0.7,0,0.7
7,312,0,9000000,49.0876328620561,0,6000000000,940001,946001,933001,13000,0,6000,0.6,0,0.6
7,318,0,9000000,150.1825136292504,0,2000000000,951001,953001,951001,2000,0,2000,0.19999999999999998,0,0.19999999999999998
7,313,1,6000000,81.16413493655925,25904624.72944875,9000000000,952273,954073,936001,18072,232,1800,0,0.06948566206997525,0.06948566206997525
7,319,0,10000000,178.95386779837992,0,6000000000,954001,960001,954001,6000,0,6000,0.6,0,0.6
7,314,1,7000000,106.93809798196331,9664891.304864751,10000000000,960873,962873,939001,23872,724,2000,0,0.21728128478206274,0.21728128478206274
7,315,1,8000000,139.22896896838668,3512456.350298729,9000000000,966473,968273,942001,26272,2278,1800,0,0.6832825124775953,0.6832825124775953
7,323,0,9000000,221.99385441944102,0,5000000000,966001,971001,966001,5000,0,5000,0.49999999999999994,0,0.49999999999999994
7,317,1,4000000,125.73897764814217,5217531.90518975,2000000000,972073,972473,948001,24472,767,400,0,0.22999380201324493,0.22999380201324493
7,316,1,7000000,171.98618374741622,1529533.820218231,8000000000,972473,974073,945001,29072,4577,1600,0,1.372967352693369,1.372967352693369
7,320,1,7000000,187.36794202851254,1089135.5119717156,4000000000,982873,983673,957001,26672,6427,800,0,1.9281347242073363,1.9281347242073363
7,326,0,2000000,181.09413160011562,0,9000000000,975001,984001,975001,9000,0,9000,0.8999999999999999,0,0.8999999999999999
7,321,1,4000000,195.3117651346176,923526.0262922664,8000000000,983673,985273,960001,25272,4331,1600,0,1.299367820545036,1.299367820545036
7,322,1,6000000,207.09841380367934,731534.3541188998,8000000000,985873,987473,963001,24472,8202,1600,0,2.460581638941645,2.460581638941645
7,324,1,3000000,221.6332777359935,558372.4541710311,7000000000,988673,990073,969001,21072,5373,1400,0,1.6118273623224388,1.6118273623224388
7,327,1,4000000,162.3609805341172,1920546.8430456733,6000000000,991473,992673,978001,14672,2083,1200,0,0.624822041881049,0.624822041881049
7,328,0,4000000,141.70640528924585,0,10000000000,984001,994001,981001,13000,0,10000,0.9999999999999999,0,0.9999999999999999
7,325,1,10000000,200.6118044881707,830267.6674392999,3000000000,994273,994873,972001,22872,12044,600,0,3.613292577383579,3.613292577383579
7,331,1,5000000,166.27439790899857,1748120.1802407622,7000000000,994873,996273,990001,6272,2860,1400,0,0.8580645752818954,0.8580645752818954
7,329,0,2000000,124.49809155163791,0,3000000000,994001,997001,984001,13000,0,3000,0.3,0,0.3
7,332,1,8000000,152.82699499761156,2437735.2655778653,5000000000,997473,998473,993001,5472,3282,1000,0,0.9845203594866483,0.9845203594866483
8,1,0,3000000,200.5793072577528,0,4000000000,1,4001,1,4000,0,4000,0.39999999999999997,0,0.39999999999999997
8,2,0,2000000,193.98554172927425,0,7000000000,4001,11001,3001,8000,0,7000,0.7,0,0.7
8,3,0,10000000,178.89927808686096,0,2000000000,11001,13001,6001,7000,0,2000,0.19999999999999998,0,0.19999999999999998
8,5,1,4000000,157.1086506211545,2186486.575360623,8000000000,13830,15430,12001,3429,1829,1600,0,0.5488256884458944,0.5488256884458944
8,6,1,3000000,148.1947060457964,2751104.4960761094,5000000000,17331,18331,15001,3330,1090,1000,0,0.327141335882976,0.327141335882976
8,4,0,3000000,165.2128339445819,0,7000000000,13001,20001,9001,11000,0,7000,0.7,0,0.7
8,7,1,6000000,131.52122756422247,4384272.902902393,8000000000,21217,22817,18001,4816,1369,1600,0,0.41055838444919757,0.41055838444919757
8,8,1,9000000,109.2256586155469,8926836.48048793,8000000000,22817,24417,21001,3416,1008,1600,0,0.3024587720298895,0.3024587720298895
8,12,1,3000000,55.02929129109331,80314557.60623427,4000000000,33038,33838,33001,837,37,800,0,0.011205938584789505,0.011205938584789505
8,9,0,2000000,88.48070637150222,0,10000000000,24001,34001,24001,10000,0,10000,0.9999999999999999,0,0.9999999999999999
8,15,1,9000000,87.94003070274648,19671494.87880953,5000000000,42459,43459,42001,1458,458,1000,0,0.13725443931098932,0.13725443931098932
8,10,0,4000000,70.64988888880148,0,10000000000,34001,44001,27001,17000,0,10000,0.9999999999999999,0,0.9999999999999999
8,11,0,2000000,57.56291340785314,0,2000000000,44001,46001,30001,16000,0,2000,0.19999999999999998,0,0.19999999999999998
8,16,1,4000000,108.71809417019782,9084567.393095875,10000000000,45441,47441,45001,2440,440,2000,0,0.1320921457318904,0.1320921457318904
8,13,0,6000000,57.93314250064462,0,6000000000,46001,52001,36001,16000,0,6000,0.6,0,0.6
8,14,0,10000000,70.08797329071515,0,2000000000,52001,54001,39001,15000,0,2000,0.19999999999999998,0,0.19999999999999998
8,17,0,7000000,125.89776844726042,0,3000000000,54001,57001,48001,9000,0,3000,0.3,0,0.3
8,18,0,2000000,144.79207160614834,0,2000000000,57001,59001,51001,8000,0,2000,0.19999999999999998,0,0.19999999999999998
8,19,1,7000000,169.09362672791664,1635699.8271835619,6000000000,58281,59481,54001,5480,4280,1200,0,1.2838541431014856,1.2838541431014856
8,20,0,4000000,150.385970090298,0,5000000000,59001,64001,57001,7000,0,5000,0.49999999999999994,0,0.49999999999999994
8,22,1,7000000,102.93476477847513,11141095.527715545,2000000000,64415,64815,63001,1814,628,400,0,0.18849133774823668,0.18849133774823668
8,23,1,6000000,84.67989194608128,22426721.011110052,8000000000,66726,68326,66001,2325,268,1600,0,0.08026139885132078,0.08026139885132078
8,24,1,6000000,77.83439663799031,29769236.015497524,2000000000,69926,70326,69001,1325,202,400,0,0.06046510562323267,0.06046510562323267
8,21,0,9000000,126.3811156779366,0,10000000000,64001,74001,60001,14000,0,10000,0.9999999999999999,0,0.9999999999999999
8,26,1,3000000,86.32719907421998,20982682.772179924,3000000000,75658,76258,75001,1257,143,600,0,0.04289251330593784,0.04289251330593784
8,25,0,4000000,78.24810796434632,0,8000000000,74001,82001,72001,10000,0,8000,0.7999999999999999,0,0.7999999999999999
8,27,1,7000000,99.38951302828686,12678251.965249931,9000000000,81458,83258,78001,5257,552,1800,0,0.16563797641472428,0.16563797641472428
8,28,0,4000000,116.93538044578291,0,10000000000,82001,92001,81001,11000,0,10000,0.9999999999999999,0,0.9999999999999999
8,29,0,3000000,136.81337142253318,0,2000000000,92001,94001,84001,10000,0,2000,0.19999999999999998,0,0.19999999999999998
8,30,1,8000000,158.13616822220024,2131032.7771417415,8000000000,98658,100258,87001,13257,3754,1600,0,1.1262144936217322,1.1262144936217322
8,31,1,10000000,107.30048695136475,9543209.311256591,7000000000,100258,101658,90001,11657,1048,1400,0,0.31435965639581875,0.31435965639581875
8,32,1,3000000,123.42427840583066,5604824.073226838,2000000000,104458,104858,93001,11857,535,400,0,0.1605759588956817,0.1605759588956817
8,33,1,10000000,142.37688857395358,3218569.847020114,8000000000,109458,111058,96001,15057,3107,1600,0,0.9320910039524309,0.9320910039524309
8,37,0,2000000,161.68839692445465,0,5000000000,108001,113001,108001,5000,0,5000,0.49999999999999994,0,0.49999999999999994
8,34,1,6000000,162.56569533576263,1911017.8964160194,9000000000,112658,114458,99001,15457,3140,1800,0,0.9419064067248005,0.9419064067248005
8,38,0,3000000,155.98648050392063,0,4000000000,113001,117001,111001,6000,0,4000,0.39999999999999997,0,0.39999999999999997
8,35,1,9000000,175.58644167474893,1409072.2732950747,2000000000,123658,124058,102001,22057,6387,400,0,1.9161543741728224,1.9161543741728224
8,36,1,7000000,167.34673465592329,1704262.1691538747,4000000000,124058,124858,105001,19857,4107,800,0,1.2322047851608415,1.2322047851608415
8,39,0,8000000,153.67352960090426,0,8000000000,117001,125001,114001,11000,0,8000,0.7999999999999999,0,0.7999999999999999
8,41,0,6000000,159.60081735379677,0,3000000000,125001,128001,120001,8000,0,3000,0.3,0,0.3
8,42,0,6000000,165.33721329452723,0,2000000000,128001,130001,123001,7000,0,2000,0.19999999999999998,0,0.19999999999999998
8,40,1,5000000,154.91264667547324,2311120.4428720493,7000000000,133058,134458,117001,17457,2163,1400,0,0.6490358408737612,0.6490358408737612
8,43,1,2000000,147.67706829430222,2789140.325312299,7000000000,138658,140058,126001,14057,717,1400,0,0.21512004776339755,0.21512004776339755
8,44,1,7000000,127.43162087959173,4954910.818590564,6000000000,144058,145258,129001,16257,1413,1200,0,0.4238219570210852,0.4238219570210852
8,48,0,9000000,71.89936995551491,0,6000000000,141001,147001,141001,6000,0,6000,0.6,0,0.6
8,45,1,5000000,108.39977721379327,9185201.418269143,7000000000,145858,147258,132001,15257,544,1400,0,0.16330616300003356,0.16330616300003356
8,46,1,10000000,91.58167720674261,17044789.608058084,7000000000,148058,149458,135001,14457,587,1400,0,0.17600686596810336,0.17600686596810336
8,47,1,5000000,81.34736934898393,25708932.937525257,8000000000,149458,151058,138001,13057,194,1600,0,0.05834547873476969,0.05834547873476969
8,49,1,6000000,68.36967237013793,44692126.49794751,7000000000,152058,153458,144001,9457,134,1400,0,0.04027555055100512,0.04027555055100512
8,50,1,7000000,72.63464806826009,37149332.07472386,2000000000,155658,156058,147001,9057,188,400,0,0.056528607183999005,0.056528607183999005
8,51,0,8000000,84.7740172458519,0,8000000000,150001,158001,150001,8000,0,8000,0.7999999999999999,0,0.7999999999999999
8,53,1,3000000,100.02298385871126,12385909.758806467,6000000000,163458,164658,156001,8657,242,1200,0,0.07266321308050011,0.07266321308050011
8,54,1,10000000,118.19598047311085,6617035.507261186,2000000000,167458,167858,159001,8857,1511,400,0,0.4533752307521938,0.4533752307521938
8,52,0,2000000,87.24467032432413,0,10000000000,158001,168001,153001,15000,0,10000,0.9999999999999999,0,0.9999999999999999
8,55,1,2000000,135.79848784136,3871329.159655624,9000000000,168258,170058,162001,8057,517,1800,0,0.1549855295831712,0.1549855295831712
8,56,1,3000000,137.77200368725133,3659642.9752988582,4000000000,172058,172858,165001,7857,820,800,0,0.24592562883173136,0.24592562883173136
8,57,1,3000000,141.64341777858937,3284249.474909736,8000000000,178258,179858,168001,11857,913,1600,0,0.27403521165965494,0.27403521165965494
8,59,0,9000000,141.50184309753706,0,8000000000,174001,182001,174001,8000,0,8000,0.7999999999999999,0,0.7999999999999999
8,58,1,7000000,138.76665918007825,3558357.0992445205,9000000000,185058,186858,171001,15857,1967,1800,0,0.590159992780335,0.590159992780335
8,61,0,6000000,140.53879926909866,0,6000000000,182001,188001,180001,8000,0,6000,0.6,0,0.6
8,60,1,6000000,150.16277867700768,2612217.5489315777,7000000000,196258,197658,177001,20657,2297,1400,0,0.6890697142495722,0.6890697142495722
8,67,0,8000000,141.9469654483674,0,6000000000,198001,204001,198001,6000,0,6000,0.6,0,0.6
8,69,0,5000000,145.34274835711616,0,4000000000,204001,208001,204001,4000,0,4000,0.39999999999999997,0,0.39999999999999997
8,62,1,10000000,138.74690915476273,3560334.4009788395,2000000000,209258,209658,183001,26657,2809,400,0,0.8426174797443782,0.8426174797443782
8,63,1,7000000,142.80935543583968,3180602.7569860998,7000000000,211058,212458,186001,26457,2201,1400,0,0.6602522101785305,0.6602522101785305
8,71,0,10000000,172.2218363042271,0,3000000000,210001,213001,210001,3000,0,3000,0.3,0,0.3
8,73,1,2000000,203.7675401039135,780287.7471118843,3000000000,218564,219164,216001,3163,2563,600,0,0.7689470996062775,0.7689470996062775
8,64,1,4000000,153.00100130391309,2426848.6867373833,2000000000,219058,219458,189001,30457,1648,400,0,0.49446840528539954,0.49446840528539954
8,74,1,2000000,195.39467572070637,921969.49620686,6000000000,221564,222764,219001,3763,2169,1200,0,0.6507807497628745,0.6507807497628745
8,65,1,7000000,154.42676354829166,2339875.603525383,4000000000,225858,226658,192001,34657,2992,800,0,0.8974836084602218,0.8974836084602218
8,76,0,2000000,152.22256600123387,0,3000000000,225001,228001,225001,3000,0,3000,0.3,0,0.3
8,66,1,6000000,145.91711894085626,2923416.8671444813,4000000000,227658,228458,195001,33457,2052,800,0,0.615717867755957,0.615717867755957
8,75,1,10000000,180.6837139866236,1257990.4590604438,3000000000,231832,232432,222001,10431,7949,600,0,2.384755765350249,2.384755765350249
8,78,1,4000000,121.7970217205659,5898243.277579339,9000000000,232432,234232,231001,3231,678,1800,0,0.20345040777844695,0.20345040777844695
8,77,0,6000000,123.36095006119238,0,7000000000,228001,235001,228001,7000,0,7000,0.7,0,0.7
8,79,1,4000000,140.6642701612602,3374525.330776788,8000000000,235186,236786,234001,2785,1185,1600,0,0.35560556889456507,0.35560556889456507
8,80,1,2000000,161.82456488432155,1945796.5347650023,3000000000,238029,238629,237001,1628,1028,600,0,0.30835700921446196,0.30835700921446196
8,68,1,4000000,144.91082292223723,3003785.0612171977,9000000000,239458,241258,201001,40257,1332,1800,0,0.3994959611103913,0.3994959611103913
8,81,0,5000000,184.44276212418853,0,3000000000,240001,243001,240001,3000,0,3000,0.3,0,0.3
8,82,1,9000000,120.75001656314585,6096969.813949739,6000000000,244477,245677,243001,2676,1476,1200,0,0.4428429338492798,0.4428429338492798
8,83,0,10000000,127.46542197788384,0,2000000000,246001,248001,246001,2000,0,2000,0.19999999999999998,0,0.19999999999999998
8,84,1,8000000,145.85114192216662,2928604.174853006,5000000000,254350,255350,249001,6349,2732,1000,0,0.8195030317200385,0.8195030317200385
8,70,1,9000000,149.6127845473107,2650140.2034949157,3000000000,258258,258858,207001,51857,3396,600,0,1.0188140221560094,1.0188140221560094
8,85,0,4000000,167.4116178764186,0,8000000000,252001,260001,252001,8000,0,8000,0.7999999999999999,0,0.7999999999999999
8,88,1,2000000,161.4069372734642,1965740.2153871409,6000000000,262018,263218,261001,2217,1017,1200,0,0.3052285318799532,0.3052285318799532
8,87,1,7000000,168.65937329422275,1652418.7516352714,5000000000,263218,264218,258001,6217,4236,1000,0,1.270864299937163,1.270864299937163
8,86,1,8000000,189.2605318073475,1046529.355466785,4000000000,264218,265018,255001,10017,7644,800,0,2.2932944856855206,2.2932944856855206
8,89,1,4000000,156.82140319484458,2202307.71226575,6000000000,265817,267017,264001,3016,1816,1200,0,0.5448829849328509,0.5448829849328509
8,90,1,3000000,146.64475305990328,2866954.006595788,7000000000,268047,269447,267001,2446,1046,1400,0,0.31392202244243783,0.31392202244243783
8,91,1,4000000,139.24410113178945,3510966.309394925,2000000000,271140,271540,270001,1539,1139,400,0,0.3417862475036983,0.3417862475036983
8,92,0,7000000,139.7881314704507,0,3000000000,273001,276001,273001,3000,0,3000,0.3,0,0.3
8,72,1,6000000,203.30526456538206,787370.138625529,3000000000,276658,277258,213001,64257,7620,600,0,2.2860912697834417,2.2860912697834417
8,93,0,7000000,162.8645388044924,0,7000000000,276001,283001,276001,7000,0,7000,0.7,0,0.7
8,96,1,3000000,90.3488749238196,17885540.82814377,5000000000,286950,287950,285001,2949,168,1000,0,0.05031997682640975,0.05031997682640975
8,97,1,2000000,71.74322267643127,38604692.9608227,4000000000,288053,288853,288001,852,52,800,0,0.015542151846898498,0.015542151846898498
8,98,1,6000000,66.85910259643038,47740991.77134331,2000000000,291253,291653,291001,652,126,400,0,0.0377034479849339,0.0377034479849339
8,94,0,7000000,143.72254276904516,0,10000000000,283001,293001,279001,14000,0,10000,0.9999999999999999,0,0.9999999999999999
8,95,0,5000000,117.0340292393627,0,3000000000,293001,296001,282001,14000,0,3000,0.3,0,0.3
8,99,1,9000000,82.83222199120338,24183398.79209905,4000000000,297123,297923,294001,3922,372,800,0,0.11164683770099826,0.11164683770099826
8,100,1,8000000,65.98655393335832,49600775.224213,5000000000,299723,300723,297001,3722,161,1000,0,0.0483863405188962,0.0483863405188962
8,101,1,10000000,69.84556177739573,41911466.047239944,9000000000,300723,302523,300001,2522,239,1800,0,0.07157945743579074,0.07157945743579074
8,102,0,7000000,85.52187673338327,0,6000000000,303001,309001,303001,6000,0,6000,0.6,0,0.6
8,104,1,8000000,100.0939803384799,12353647.122420462,5000000000,312767,313767,309001,4766,648,1000,0,0.19427461187913272,0.19427461187913272
8,103,0,10000000,105.22862965942305,0,9000000000,309001,318001,306001,12000,0,9000,0.8999999999999999,0,0.8999999999999999
8,106,1,3000000,67.96636373972059,45485531.61774432,8000000000,318967,320567,315001,5566,66,1600,0,0.01978651162227819,0.01978651162227819
8,107,1,9000000,78.08344766978462,29458868.781325344,6000000000,322967,324167,318001,6166,306,1200,0,0.09165321384341792,0.09165321384341792
8,105,0,5000000,80.92804334716118,0,8000000000,318001,326001,312001,14000,0,8000,0.7999999999999999,0,0.7999999999999999
8,109,1,7000000,126.24031764852307,5138007.734231565,9000000000,329567,331367,324001,7366,1362,1800,0,0.4087187308047277,0.4087187308047277
8,108,0,6000000,100.45206667859054,0,7000000000,326001,333001,321001,12000,0,7000,0.7,0,0.7
8,110,0,7000000,150.40101329445892,0,4000000000,333001,337001,327001,10000,0,4000,0.39999999999999997,0,0.39999999999999997
8,111,1,9000000,177.08315786657974,1362476.0164598364,2000000000,338767,339167,330001,9166,6606,400,0,1.981686258973933,1.981686258973933
8,112,1,6000000,204.6234595543727,767382.7338721375,6000000000,343567,344767,333001,11766,7819,1200,0,2.3456352619733543,2.3456352619733543
8,114,0,4000000,235.968225191444,0,6000000000,339001,345001,339001,6000,0,6000,0.6,0,0.6
8,115,0,6000000,246.43233006243318,0,3000000000,345001,348001,342001,6000,0,3000,0.3,0,0.3
8,116,0,3000000,226.59517382327456,0,10000000000,348001,358001,345001,13000,0,10000,0.9999999999999999,0,0.9999999999999999
8,117,1,8000000,210.12633652162688,690468.2065248335,2000000000,359587,359987,348001,11986,11586,400,0,3.4759022606983443,3.4759022606983443
8,113,1,10000000,218.6873258787532,588948.393708127,3000000000,360367,360967,336001,24966,16979,600,0,5.093824912419661,5.093824912419661
8,118,1,9000000,197.83704253753896,877548.2595352827,10000000000,361257,363257,351001,12256,10256,2000,0,3.0767538658555607,3.0767538658555607
8,121,1,4000000,192.96972430928125,968878.3041615766,7000000000,364257,365657,360001,5656,4128,1400,0,1.238545640712252,1.238545640712252
8,119,0,2000000,190.55558611596774,0,10000000000,358001,368001,354001,14000,0,10000,0.9999999999999999,0,0.9999999999999999
8,120,0,3000000,188.88716870131753,0,8000000000,368001,376001,357001,19000,0,8000,0.7999999999999999,0,0.7999999999999999
8,124,1,7000000,197.70669690225466,879850.7065292026,4000000000,376957,377757,369001,8756,7956,800,0,2.3867685556382514,2.3867685556382514
8,125,1,6000000,192.5206051309833,977889.7097918775,10000000000,379282,381282,372001,9281,6136,2000,0,1.8406983752626773,1.8406983752626773
8,126,1,7000000,192.8442506272873,971385.4414045367,5000000000,382207,383207,375001,8206,7206,1000,0,2.161860689371242,2.161860689371242
8,122,0,7000000,203.0560045898668,0,9000000000,376001,385001,363001,22000,0,9000,0.8999999999999999,0,0.8999999999999999
8,127,1,10000000,198.77051894081274,861276.6009424826,8000000000,389612,391212,378001,13211,11611,1600,0,3.483201560006557,3.483201560006557
8,129,1,6000000,193.09678868381008,966347.5873637937,4000000000,391212,392012,384001,8011,6209,800,0,1.8626838039823939,1.8626838039823939
8,123,0,6000000,209.21593940233137,0,10000000000,385001,395001,366001,29000,0,10000,0.9999999999999999,0,0.9999999999999999
8,130,1,9000000,192.56597466842368,976974.6625432924,4000000000,396213,397013,387001,10012,9212,800,0,2.763633596158238,2.763633596158238
8,128,0,8000000,197.31895119323943,0,5000000000,395001,400001,381001,19000,0,5000,0.49999999999999994,0,0.49999999999999994
8,131,1,10000000,198.81737650416775,860469.7621439272,6000000000,402942,404142,390001,14141,11622,1200,0,3.4864676621817217,3.4864676621817217
8,132,0,8000000,211.27254364919258,0,7000000000,400001,407001,393001,14000,0,7000,0.7,0,0.7
8,133,1,6000000,228.86240844664727,491324.1223760902,2000000000,411942,412342,396001,16341,12212,400,0,3.6635693588481444,3.6635693588481444
8,134,0,6000000,250.57661223665713,0,10000000000,407001,417001,399001,18000,0,10000,0.9999999999999999,0,0.9999999999999999
8,137,1,2000000,198.13609514674502,872294.0372207239,9000000000,420167,421967,408001,13966,2293,1800,0,0.6878414552869137,0.6878414552869137
8,136,1,4000000,218.6501280585035,589347.6418525053,3000000000,421967,422567,405001,17566,6787,600,0,2.0361496590162336,2.0361496590162336
8,138,1,3000000,167.60318016075945,1693976.7245006138,7000000000,425167,426567,411001,15566,1771,1400,0,0.5312941948864859,0.5312941948864859
8,139,1,9000000,138.79476431047388,3555545.6457759636,8000000000,427767,429367,414001,15366,2531,1600,0,0.7593771164793333,0.7593771164793333
8,142,0,8000000,65.6769038551605,0,8000000000,423001,431001,423001,8000,0,8000,0.7999999999999999,0,0.7999999999999999
8,140,1,6000000,111.41150972857339,8284171.869737362,9000000000,429367,431167,417001,14166,724,1800,0,0.2172818271160599,0.2172818271160599
8,141,1,3000000,83.47131782834144,23558618.639022626,8000000000,432167,433767,420001,13766,127,1600,0,0.038202579437710965,0.038202579437710965
8,135,1,8000000,235.10814554157838,441312.2189042427,2000000000,433767,434167,402001,32166,18128,400,0,5.438326647648883,5.438326647648883
8,143,1,6000000,74.39000268853337,34454667.929547206,2000000000,434967,435367,426001,9366,174,400,0,0.0522425583575681,0.0522425583575681
8,144,1,10000000,98.34806810507257,13176876.546446513,4000000000,435767,436567,429001,7566,759,800,0,0.22767155702077424,0.22767155702077424
8,145,1,9000000,128.2332195649785,4836196.0158979455,8000000000,436567,438167,432001,6166,1861,1600,0,0.5582900261123279,0.5582900261123279
8,146,1,4000000,160.74192110336375,1998023.8288202786,9000000000,438767,440567,435001,5566,2002,1800,0,0.6005934377211772,0.6005934377211772
8,147,1,8000000,174.0341161956471,1459510.6694019756,9000000000,443567,445367,438001,7366,5481,1800,0,1.6443867457189494,1.6443867457189494
8,148,1,4000000,174.0341161956471,1459510.6694019756,5000000000,445367,446367,441001,5366,2741,1000,0,0.8221933728594747,0.8221933728594747
8,149,0,5000000,174.0341161956471,0,3000000000,444001,447001,444001,3000,0,3000,0.3,0,0.3
8,150,1,8000000,178.20142115033764,1328907.0707724213,5000000000,453021,454021,447001,7020,6020,1000,0,1.8059953572261533,1.8059953572261533
8,151,1,6000000,198.4071856057638,867564.9147774788,4000000000,456917,457717,450001,7716,6916,800,0,2.0747726992413944,2.0747726992413944
8,153,0,5000000,171.61155264142332,0,7000000000,456001,463001,456001,7000,0,7000,0.7,0,0.7
8,158,0,7000000,143.02340263047859,0,6000000000,471001,477001,471001,6000,0,6000,0.6,0,0.6
8,160,1,5000000,161.22579694329318,1974469.2912598676,9000000000,479533,481333,477001,4332,2532,1800,0,0.7596978117815554,0.7596978117815554
8,161,0,9000000,133.3812179431572,0,2000000000,480001,482001,480001,2000,0,2000,0.19999999999999998,0,0.19999999999999998
8,152,1,4000000,203.90827374091518,778147.3819985266,3000000000,481827,482427,453001,29426,5140,600,0,1.5421243170130876,1.5421243170130876
8,154,1,4000000,165.12607062484105,1796650.272861033,5000000000,485827,486827,459001,27826,2226,1000,0,0.6679096194325502,0.6679096194325502
8,162,0,9000000,110.76496287183961,0,10000000000,483001,493001,483001,10000,0,10000,0.9999999999999999,0,0.9999999999999999
8,163,0,8000000,96.99116506156628,0,3000000000,493001,496001,486001,10000,0,3000,0.3,0,0.3
8,155,1,9000000,161.11621209549338,1979773.4748295178,9000000000,494427,496227,462001,34226,4546,1800,0,1.3637923905574614,1.3637923905574614
8,165,1,3000000,107.53061936025473,9466891.815934172,2000000000,497777,498177,492001,6176,317,400,0,0.09506816149363485,0.09506816149363485
8,156,1,9000000,144.7800490399143,3014428.6125928313,5000000000,499027,500027,465001,35026,2986,1000,0,0.8956921350602566,0.8956921350602566
8,166,1,4000000,127.40533937005932,4958863.124944493,4000000000,501577,502377,495001,7376,807,800,0,0.2419909502973894,0.2419909502973894
8,157,1,4000000,138.77093643843446,3557929.0536759933,7000000000,501827,503227,468001,35226,1124,1400,0,0.3372748534038867,0.3372748534038867
8,164,0,4000000,95.79320330795912,0,8000000000,496001,504001,489001,15000,0,8000,0.7999999999999999,0,0.7999999999999999
8,167,1,10000000,144.5660143325533,3031949.3295531482,6000000000,506777,507977,498001,9976,3298,1200,0,0.9894624460766114,0.9894624460766114
8,168,1,9000000,165.53458248958128,1779196.6010642552,4000000000,508977,509777,501001,8776,5058,800,0,1.5175388702883938,1.5175388702883938
8,169,0,3000000,184.9475914955369,0,7000000000,504001,511001,504001,7000,0,7000,0.7,0,0.7
8,159,1,3000000,156.11757140053138,2241677.1889388952,7000000000,513827,515227,474001,41226,1338,1400,0,0.40148510429640305,0.40148510429640305
8,170,0,8000000,206.8516927656141,0,7000000000,511001,518001,507001,11000,0,7000,0.7,0,0.7
8,174,1,6000000,96.01226848689709,14382191.873401856,2000000000,520816,521216,519001,2215,417,400,0,0.12515477583975812,0.12515477583975812
8,171,0,8000000,181.49214252964234,0,4000000000,518001,522001,510001,12000,0,4000,0.39999999999999997,0,0.39999999999999997
8,175,1,5000000,68.95826708959557,43560386.859041154,2000000000,522116,522516,522001,515,115,400,0,0.03443495588902623,0.03443495588902623
8,176,1,5000000,40.1273684659236,152059250.4644811,4000000000,527316,528116,525001,3115,33,800,0,0.009864575784887083,0.009864575784887083
8,172,0,5000000,152.37925219661625,0,7000000000,522001,529001,513001,16000,0,7000,0.7,0,0.7
8,173,0,7000000,123.28889041596567,0,4000000000,529001,533001,516001,17000,0,4000,0.39999999999999997,0,0.39999999999999997
8,179,1,5000000,40.60114530404289,149092493.81059125,7000000000,534584,535984,534001,1983,34,1400,0,0.010060868670595963,0.010060868670595963
8,177,0,2000000,14.81492490699825,0,9000000000,533001,542001,528001,14000,0,9000,0.8999999999999999,0,0.8999999999999999
8,182,1,2000000,122.11089427237854,5840214.02826218,2000000000,543343,543743,543001,742,342,400,0,0.1027359608905526,0.1027359608905526
8,178,0,6000000,11.558689372069784,0,10000000000,542001,552001,531001,21000,0,10000,0.9999999999999999,0,0.9999999999999999
8,185,1,3000000,148.71559434033813,2713474.7994675883,4000000000,553859,554659,552001,2658,1106,800,0,0.3316780388661023,0.3316780388661023
8,180,0,10000000,69.73507653971568,0,3000000000,552001,555001,537001,18000,0,3000,0.3,0,0.3
8,181,0,4000000,98.87881117812856,0,3000000000,555001,558001,540001,18000,0,3000,0.3,0,0.3
8,187,1,5000000,184.9739581670891,1146168.7815136437,3000000000,562363,562963,558001,4962,4362,600,0,1.3087077786389216,1.3087077786389216
8,183,0,2000000,125.9802226541928,0,7000000000,558001,565001,546001,19000,0,7000,0.7,0,0.7
8,184,0,10000000,134.60036032641221,0,3000000000,565001,568001,549001,19000,0,3000,0.3,0,0.3
8,186,0,8000000,166.86098675244614,0,8000000000,568001,576001,555001,21000,0,8000,0.7999999999999999,0,0.7999999999999999
8,188,1,10000000,207.64693159302882,723873.7771346415,4000000000,575770,576570,561001,15569,13815,800,0,4.144368942158815,4.144368942158815
8,190,1,6000000,208.6444727281315,710196.6505448174,7000000000,576570,577970,567001,10969,8448,1400,0,2.5345092779854075,2.5345092779854075
8,192,1,5000000,188.55322855894042,1062205.247619245,9000000000,577970,579770,573001,6769,4707,1800,0,1.412156457861603,1.412156457861603
8,189,0,8000000,222.66141672952682,0,10000000000,576001,586001,564001,22000,0,10000,0.9999999999999999,0,0.9999999999999999
8,191,0,9000000,195.48276906162346,0,7000000000,586001,593001,570001,23000,0,7000,0.7,0,0.7
8,196,1,8000000,188.91279310835466,1054200.0088883312,4000000000,595617,596417,585001,11416,7589,800,0,2.276607835102215,2.276607835102215
8,197,1,7000000,182.73989438543524,1202781.0422653507,9000000000,596417,598217,588001,10216,5820,1800,0,1.745953690827054,1.745953690827054
8,199,1,10000000,132.44178872244206,4267140.77525037,8000000000,599017,600617,594001,6616,2343,1600,0,0.7030468779938431,0.7030468779938431
8,193,0,9000000,217.46243560670422,0,8000000000,593001,601001,576001,25000,0,8000,0.7999999999999999,0,0.7999999999999999
8,200,1,3000000,105.27643658483136,10247280.134921346,2000000000,600617,601017,597001,4016,293,400,0,0.08782818349358106,0.08782818349358106
8,201,1,5000000,78.12507471996429,29407345.563048992,6000000000,603817,605017,600001,5016,170,1200,0,0.051007663945187375,0.051007663945187375
8,194,0,6000000,207.75335978029332,0,5000000000,601001,606001,579001,27000,0,5000,0.49999999999999994,0,0.49999999999999994
8,195,0,10000000,195.75211365397823,0,7000000000,606001,613001,582001,31000,0,7000,0.7,0,0.7
8,198,0,8000000,157.19967970705295,0,6000000000,613001,619001,591001,28000,0,6000,0.6,0,0.6
8,207,1,5000000,72.994205249458,36579228.68102393,7000000000,618731,620131,618001,2130,137,1400,0,0.04100687887872686,0.04100687887872686
8,202,0,8000000,52.18865777158868,0,6000000000,619001,625001,603001,22000,0,6000,0.6,0,0.6
8,203,0,2000000,26.432131960929674,0,8000000000,625001,633001,606001,27000,0,8000,0.7999999999999999,0,0.7999999999999999
8,211,1,2000000,123.45522913185984,5599418.107124131,3000000000,632722,633322,630001,3321,357,600,0,0.10715399145433004,0.10715399145433004
8,204,0,7000000,3.9654760117796535,0,4000000000,633001,637001,609001,28000,0,4000,0.39999999999999997,0,0.39999999999999997
8,212,1,8000000,127.06612333741835,5010223.789242863,8000000000,636522,638122,633001,5121,1597,1600,0,0.4790205190340778,0.4790205190340778
8,213,1,4000000,130.55902305087915,4510951.60876354,3000000000,638122,638722,636001,2721,887,600,0,0.26601925803609366,0.26601925803609366
8,205,0,8000000,18.67661907305498,0,6000000000,637001,643001,612001,31000,0,6000,0.6,0,0.6
8,215,1,5000000,127.81007667629342,4898422.831680474,7000000000,643503,644903,642001,2902,1021,1400,0,0.3062210126693786,0.3062210126693786
8,206,0,6000000,45.816565781385194,0,9000000000,643001,652001,615001,37000,0,9000,0.8999999999999999,0,0.8999999999999999
8,218,1,7000000,137.32261066554184,3706567.831663088,6000000000,653659,654859,651001,3858,1889,1200,0,0.5665618694634161,0.5665618694634161
8,208,0,8000000,100.18856471673796,0,3000000000,652001,655001,621001,34000,0,3000,0.3,0,0.3
8,209,0,9000000,122.04121312081422,0,8000000000,655001,663001,624001,39000,0,8000,0.7999999999999999,0,0.7999999999999999
8,220,1,6000000,155.33565720722336,2286441.651908625,5000000000,662087,663087,657001,6086,2624,1000,0,0.7872494793372208,0.7872494793372208
8,221,1,9000000,156.1640538024036,2239050.407700655,7000000000,665887,667287,660001,7286,4020,1400,0,1.2058683407546449,1.2058683407546449
8,222,1,7000000,161.5525035398709,1958760.0916143474,8000000000,668887,670487,663001,7486,3574,1600,0,1.072106792960667,1.072106792960667
8,210,0,10000000,125.7362986571499,0,10000000000,663001,673001,627001,46000,0,10000,0.9999999999999999,0,0.9999999999999999
8,223,1,9000000,171.04507154548472,1563110.3091550216,2000000000,673287,673687,666001,7686,5758,400,0,1.7273253104315796,1.7273253104315796
8,224,1,6000000,183.23740365984239,1189878.1335694748,8000000000,676287,677887,669001,8886,5043,1600,0,1.5127599618964687,1.5127599618964687
8,225,1,3000000,194.71154922089246,934892.380701662,4000000000,679287,680087,672001,8086,3209,800,0,0.9626776499392643,0.9626776499392643
8,214,0,8000000,137.4121464791232,0,8000000000,673001,681001,639001,42000,0,8000,0.7999999999999999,0,0.7999999999999999
8,216,0,2000000,125.44248801741772,0,8000000000,681001,689001,645001,44000,0,8000,0.7999999999999999,0,0.7999999999999999
8,229,1,6000000,212.21318455741624,663829.4366062335,8000000000,693039,694639,684001,10638,9038,1600,0,2.711539893744895,2.711539893744895
8,217,0,2000000,128.69107389403516,0,8000000000,689001,697001,648001,49000,0,8000,0.7999999999999999,0,0.7999999999999999
8,219,0,10000000,148.7407866054231,0,5000000000,697001,702001,654001,48000,0,5000,0.49999999999999994,0,0.49999999999999994
8,235,1,10000000,153.72926461802902,2381933.0644502942,8000000000,708174,709774,702001,7773,4198,1600,0,1.2594812359651022,1.2594812359651022
8,226,0,9000000,209.83018872412046,0,10000000000,702001,712001,675001,37000,0,10000,0.9999999999999999,0,0.9999999999999999
8,236,1,8000000,127.58054436315906,4932587.904925335,10000000000,710174,712174,705001,7173,1622,2000,0,0.48656000587511655,0.48656000587511655
8,237,1,10000000,109.11722916203476,8960253.12439738,3000000000,713374,713974,708001,5973,1116,600,0,0.33481196996895823,0.33481196996895823
8,227,0,6000000,212.21318455741624,0,4000000000,712001,716001,678001,38000,0,4000,0.39999999999999997,0,0.39999999999999997
8,239,1,4000000,91.75183594893346,16932401.32460439,4000000000,717374,718174,714001,4173,236,800,0,0.07087004241130795,0.07087004241130795
8,240,1,2000000,100.13218863082945,12336325.639181614,10000000000,719774,721774,717001,4773,162,2000,0,0.0486368484060059,0.0486368484060059
8,228,0,9000000,212.21318455741624,0,8000000000,716001,724001,681001,43000,0,8000,0.7999999999999999,0,0.7999999999999999
8,230,0,10000000,212.21318455741624,0,2000000000,724001,726001,687001,39000,0,2000,0.19999999999999998,0,0.19999999999999998
8,241,1,7000000,117.90562030709135,6679520.368824958,7000000000,726174,727574,720001,7573,1048,1400,0,0.31439383129981024,0.31439383129981024
8,231,0,7000000,212.21318455741624,0,4000000000,726001,730001,690001,40000,0,4000,0.39999999999999997,0,0.39999999999999997
8,242,1,4000000,141.6108488075684,3287204.05321037,7000000000,728974,730374,723001,7373,1217,1400,0,0.36505187404720085,0.36505187404720085
8,243,1,6000000,168.51038692021328,1658203.6230190077,7000000000,732174,733574,726001,7573,3618,1400,0,1.0855120414722232,1.0855120414722232
8,232,0,3000000,215.30618314391253,0,4000000000,730001,734001,693001,41000,0,4000,0.39999999999999997,0,0.39999999999999997
8,244,1,4000000,171.2176375260446,1556885.56538455,5000000000,735174,736174,729001,7173,2569,1000,0,0.7707695585857658,0.7707695585857658
8,245,1,5000000,149.3555235001371,2668112.191566517,7000000000,737174,738574,732001,6573,1874,1400,0,0.5621952497879452,0.5621952497879452
8,246,1,6000000,149.8179702171939,2635913.338884201,6000000000,738574,739774,735001,4773,2276,1200,0,0.6828752574854952,0.6828752574854952
8,233,0,4000000,211.39892738611513,0,8000000000,734001,742001,696001,46000,0,8000,0.7999999999999999,0,0.7999999999999999
8,247,1,8000000,163.55227482367835,1865908.771903939,7000000000,743374,744774,738001,6773,4287,1400,0,1.2862365170999674,1.2862365170999674
8,234,0,8000000,182.29211310421528,0,5000000000,742001,747001,699001,48000,0,5000,0.49999999999999994,0,0.49999999999999994
8,248,1,9000000,180.47135174315068,1263870.4103519444,5000000000,748974,749974,741001,8973,7121,1000,0,2.136294969709864,2.136294969709864
8,238,0,7000000,95.06742133875302,0,3000000000,747001,750001,711001,39000,0,3000,0.3,0,0.3
8,249,1,7000000,197.92117269256465,876066.1545335845,6000000000,753374,754574,744001,10573,7990,1200,0,2.397079249246919,2.397079249246919
8,250,0,8000000,218.55345272953252,0,8000000000,750001,758001,747001,11000,0,8000,0.7999999999999999,0,0.7999999999999999
8,251,1,3000000,240.36133403690374,404082.8457094385,8000000000,757425,759025,750001,9024,7424,1600,0,2.2272660410017946,2.2272660410017946
8,254,0,5000000,202.39888265501867,0,3000000000,759001,762001,759001,3000,0,3000,0.3,0,0.3
8,256,1,3000000,181.12682766503696,1245830.5349506927,3000000000,767606,768206,765001,3205,2408,600,0,0.7224096494276567,0.7224096494276567
8,257,0,7000000,179.26843698766385,0,2000000000,768001,770001,768001,2000,0,2000,0.19999999999999998,0,0.19999999999999998
8,255,1,9000000,189.05841663358973,1050979.2603150355,6000000000,773591,774791,762001,12790,8563,1200,0,2.5690326174378204,2.5690326174378204
8,252,1,8000000,234.32447097987867,447227.2428747679,3000000000,774791,775391,753001,22390,17888,600,0,5.3663993824992575,5.3663993824992575
8,258,0,9000000,183.62309794794336,0,9000000000,771001,780001,771001,9000,0,9000,0.8999999999999999,0,0.8999999999999999
8,253,1,10000000,218.31130525009462,592999.8453754975,8000000000,778591,780191,756001,24190,16863,1600,0,5.059023241566529,5.059023241566529
8,261,0,4000000,182.76249177552813,0,6000000000,780001,786001,780001,6000,0,6000,0.6,0,0.6
8,259,1,4000000,177.28339798187537,1356388.2311283024,6000000000,787391,788591,774001,14590,2949,1200,0,0.8847024564654237,0.8847024564654237
8,260,1,2000000,180.66887114276219,1258400.3251482625,10000000000,791191,793191,777001,16190,1589,2000,0,0.47679580814579736,0.47679580814579736
8,262,0,5000000,156.24308144682755,0,10000000000,786001,796001,783001,13000,0,10000,0.9999999999999999,0,0.9999999999999999
8,263,0,2000000,129.73699279696592,0,6000000000,796001,802001,786001,16000,0,6000,0.6,0,0.6
8,264,0,4000000,109.66380077309013,0,4000000000,802001,806001,789001,17000,0,4000,0.39999999999999997,0,0.39999999999999997
8,267,1,6000000,67.25910272966776,46912940.0621283,5000000000,808991,809991,798001,11990,128,1000,0,0.038368944636942445,0.038368944636942445
8,265,0,6000000,96.01633246484677,0,4000000000,806001,810001,792001,18000,0,4000,0.39999999999999997,0,0.39999999999999997
8,268,1,7000000,66.29443792657113,48936052.53813835,2000000000,813191,813591,801001,12590,143,400,0,0.042913146669592186,0.042913146669592186
8,266,0,8000000,77.25851927133989,0,4000000000,810001,814001,795001,19000,0,4000,0.39999999999999997,0,0.39999999999999997
8,270,0,8000000,89.40415258812087,0,2000000000,814001,816001,807001,9000,0,2000,0.19999999999999998,0,0.19999999999999998
8,269,1,2000000,72.64172148290537,37138024.15308771,10000000000,814991,816991,804001,12990,54,2000,0,0.0161559483489677,0.0161559483489677
8,271,1,6000000,109.00676355162555,8994452.422395334,3000000000,818591,819191,810001,9190,667,600,0,0.20012335553837282,0.20012335553837282
8,272,0,10000000,133.4637407687946,0,9000000000,816001,825001,813001,12000,0,9000,0.8999999999999999,0,0.8999999999999999
8,274,1,3000000,187.6731509832986,1082120.569982388,8000000000,823591,825191,819001,6190,2772,1600,0,0.8317002975136568,0.8317002975136568
8,273,0,8000000,160.30577438133665,0,3000000000,825001,828001,816001,12000,0,3000,0.3,0,0.3
8,275,0,4000000,204.97705261809188,0,7000000000,828001,835001,822001,13000,0,7000,0.7,0,0.7
8,276,1,6000000,221.14543743880404,563296.5427144476,7000000000,835653,837053,825001,12052,10652,1400,0,3.1954749647957197,3.1954749647957197
8,277,0,10000000,231.13249814770745,0,7000000000,835001,842001,828001,14000,0,7000,0.7,0,0.7
8,279,0,3000000,228.54879260236754,0,2000000000,842001,844001,834001,10000,0,2000,0.19999999999999998,0,0.19999999999999998
8,278,1,7000000,219.76807070181965,577494.4854664432,5000000000,843128,844128,831001,13127,12121,1000,0,3.636398360243781,3.636398360243781
8,280,0,10000000,222.7162510909341,0,5000000000,844001,849001,837001,12000,0,5000,0.49999999999999994,0,0.49999999999999994
8,283,1,5000000,193.00177667576017,968239.1459085287,9000000000,851165,852965,846001,6964,5164,1800,0,1.5492040435862606,1.5492040435862606
8,281,0,9000000,209.88466594775332,0,5000000000,849001,854001,840001,14000,0,5000,0.49999999999999994,0,0.49999999999999994
8,284,1,6000000,192.3581516338728,981174.9577884646,5000000000,856365,857365,849001,8364,6115,1000,0,1.8345352026280202,1.8345352026280202
8,282,0,9000000,198.95801893866957,0,5000000000,854001,859001,843001,16000,0,5000,0.49999999999999994,0,0.49999999999999994
8,286,1,3000000,206.8089555604399,735617.6458313533,5000000000,859079,860079,855001,5078,4078,1000,0,1.2234616789036799,1.2234616789036799
8,285,1,7000000,197.0694611044542,891215.8673403137,10000000000,861679,863679,852001,11678,7854,2000,0,2.356331475860167,2.356331475860167
8,287,1,6000000,220.82801135725512,566529.6304951999,3000000000,868592,869192,858001,11191,10591,600,0,3.1772389352815167,3.1772389352815167
8,288,0,8000000,238.4173336819284,0,10000000000,861001,871001,861001,10000,0,10000,0.9999999999999999,0,0.9999999999999999
8,290,0,2000000,230.40027886267848,0,10000000000,871001,881001,867001,14000,0,10000,0.9999999999999999,0,0.9999999999999999
8,291,1,4000000,216.65718266422647,611240.5151053314,9000000000,883000,884800,870001,14799,6544,1800,0,1.9632206477563274,1.9632206477563274
8,293,1,9000000,168.15035801329714,1672287.0213679117,2000000000,888200,888600,876001,12599,5382,400,0,1.6145553756623852,1.6145553756623852
8,294,1,9000000,142.39511929838045,3216958.0870554335,10000000000,888600,890600,879001,11599,2798,2000,0,0.839302200070434,0.839302200070434
8,292,0,10000000,195.72321298200686,0,10000000000,881001,891001,873001,18000,0,10000,0.9999999999999999,0,0.9999999999999999
8,295,1,4000000,118.5741219659669,6536722.74419222,10000000000,890600,892600,882001,10599,612,2000,0,0.18357823131877238,0.18357823131877238
8,289,1,7000000,249.37698891437438,348874.85341764777,8000000000,897000,898600,864001,34599,20065,1600,0,6.01935043305065,6.01935043305065
8,296,1,4000000,92.85347597155426,16225375.526250768,8000000000,898600,900200,885001,15199,247,1600,0,0.07395822660982729,0.07395822660982729
8,297,1,9000000,71.96069830122553,38244039.531017035,9000000000,900200,902000,888001,13999,235,1800,0,0.07059923672054101,0.07059923672054101
8,300,0,8000000,103.54635145672684,0,5000000000,897001,902001,897001,5000,0,5000,0.49999999999999994,0,0.49999999999999994
8,301,0,6000000,130.4449017784904,0,2000000000,902001,904001,900001,4000,0,2000,0.19999999999999998,0,0.19999999999999998
8,298,1,3000000,65.86393929913389,49868112.63571162,6000000000,905800,907000,891001,15999,60,1200,0,0.01804760502115917,0.01804760502115917
8,299,1,10000000,80.55873447367456,26563231.631480988,3000000000,913400,914000,894001,19999,376,600,0,0.11293806573009732,0.11293806573009732
8,305,0,9000000,185.47752020123625,0,3000000000,912001,915001,912001,3000,0,3000,0.3,0,0.3
8,306,0,3000000,165.24546135976018,0,3000000000,915001,918001,915001,3000,0,3000,0.3,0,0.3
8,302,1,6000000,159.33440808563606,2068548.4542222386,8000000000,918200,919800,903001,16799,2901,1600,0,0.8701754103588494,0.8701754103588494
8,307,1,2000000,165.12607062484105,1796650.272861033,7000000000,919272,920672,918001,2671,1113,1400,0,0.3339548097162751,0.3339548097162751
8,303,1,7000000,189.32602171914985,1045092.5170798367,10000000000,923200,925200,906001,19199,6698,2000,0,2.009391480352143,2.009391480352143
8,304,1,8000000,215.97396532915724,618978.4991374682,6000000000,924272,925472,909001,16471,12925,1200,0,3.8773560040362356,3.8773560040362356
8,308,1,5000000,165.12607062484105,1796650.272861033,10000000000,925472,927472,921001,6471,2783,2000,0,0.8348870242906877,0.8348870242906877
8,309,1,2000000,165.12607062484105,1796650.272861033,8000000000,930072,931672,924001,7671,1113,1600,0,0.3339548097162751,0.3339548097162751
8,310,1,8000000,165.12607062484105,1796650.272861033,3000000000,934472,935072,927001,8071,4453,600,0,1.3358192388651005,1.3358192388651005
8,311,1,6000000,165.12607062484105,1796650.272861033,8000000000,935072,936672,930001,6671,3340,1600,0,1.0018644291488252,1.0018644291488252
8,312,1,8000000,165.12607062484105,1796650.272861033,5000000000,939872,940872,933001,7871,4453,1000,0,1.3358192388651005,1.3358192388651005
8,313,1,4000000,156.2374935794862,2234907.994506731,8000000000,940872,942472,936001,6471,1790,1600,0,0.5369348550139548,0.5369348550139548
8,314,1,5000000,133.53790847545875,4132640.76834794,10000000000,943272,945272,939001,6271,1210,2000,0,0.36296404262585796,0.36296404262585796
8,315,1,9000000,111.73411654458991,8194121.119597991,10000000000,946872,948872,942001,6871,1098,2000,0,0.32950452654920775,0.32950452654920775
8,316,1,2000000,92.00260920213078,16768341.464765726,4000000000,948872,949672,945001,4671,119,800,0,0.035781714086675936,0.035781714086675936
8,317,1,6000000,74.05043821612405,34958831.98025339,7000000000,952072,953472,948001,5471,172,1400,0,0.051489134448677684,0.051489134448677684
8,318,0,2000000,57.07280438177195,0,10000000000,951001,961001,951001,10000,0,10000,0.9999999999999999,0,0.9999999999999999
8,321,1,7000000,63.62546974286321,55019786.67680301,6000000000,961072,962272,960001,2271,127,1200,0,0.03816808691636358,0.03816808691636358
8,319,0,6000000,46.772287735367364,0,10000000000,961001,971001,954001,17000,0,10000,0.9999999999999999,0,0.9999999999999999
8,325,1,2000000,81.64354842851944,25396138.967413884,10000000000,972080,974080,972001,2079,79,2000,0,0.023625638557493632,0.023625638557493632
8,320,0,10000000,49.50638342678648,0,9000000000,971001,980001,957001,23000,0,9000,0.8999999999999999,0,0.8999999999999999
8,326,1,8000000,92.52122188989944,16434913.810963705,8000000000,978480,980080,975001,5079,487,1600,0,0.14603058023942686,0.14603058023942686
8,327,1,5000000,108.98646934367582,9000752.441766145,2000000000,982080,982480,978001,4479,556,400,0,0.16665273372474482,0.16665273372474482
8,322,0,10000000,82.09383959835235,0,3000000000,980001,983001,963001,20000,0,3000,0.3,0,0.3
8,323,0,8000000,80.82630326818119,0,3000000000,983001,986001,966001,20000,0,3000,0.3,0,0.3
8,328,1,9000000,128.56221295544037,4788482.999995611,10000000000,984080,986080,981001,5079,1880,2000,0,0.563852894539351,0.563852894539351
8,329,1,4000000,149.92492254458566,2628535.0736923334,5000000000,986880,987880,984001,3879,1522,1000,0,0.4565280532149591,0.4565280532149591
8,324,0,6000000,77.02183196990318,0,2000000000,986001,988001,969001,19000,0,2000,0.19999999999999998,0,0.19999999999999998
8,330,0,7000000,171.78314352694792,0,4000000000,988001,992001,987001,5000,0,4000,0.39999999999999997,0,0.39999999999999997
8,331,0,10000000,177.69778220338037,0,6000000000,992001,998001,990001,8000,0,6000,0.6,0,0.6
9,2,1,9000000,69.18880400758496,43125433.26085086,5000000000,3210,4210,3001,1209,209,1000,0,0.0626080666521918,0.0626080666521918
9,1,0,4000000,65.96626789503864,0,5000000000,1,5001,1,5000,0,5000,0.49999999999999994,0,0.49999999999999994
9,4,1,3000000,108.86482306052771,9038627.268367948,7000000000,12317,13717,9001,4716,332,1400,0,0.0995726423136937,0.0995726423136937
9,3,0,10000000,83.76943655057012,0,9000000000,6001,15001,6001,9000,0,9000,0.8999999999999999,0,0.8999999999999999
9,5,0,2000000,137.67942838347346,0,2000000000,15001,17001,12001,5000,0,2000,0.19999999999999998,0,0.19999999999999998
9,6,0,10000000,167.31902760893632,0,10000000000,17001,27001,15001,12000,0,10000,0.9999999999999999,0,0.9999999999999999
9,8,1,7000000,174.0341161956471,1459510.6694019756,8000000000,25797,27397,21001,6396,4796,1600,0,1.4388384025040808,1.4388384025040808
9,7,0,10000000,174.0341161956471,0,2000000000,27001,29001,18001,11000,0,2000,0.19999999999999998,0,0.19999999999999998
9,10,0,8000000,178.31161768095762,0,2000000000,29001,31001,27001,4000,0,2000,0.19999999999999998,0,0.19999999999999998
9,9,1,7000000,174.0341161956471,1459510.6694019756,8000000000,34397,35997,24001,11996,4796,1600,0,1.4388384025040808,1.4388384025040808
9,12,0,2000000,167.6156809490091,0,4000000000,33001,37001,33001,4000,0,4000,0.39999999999999997,0,0.39999999999999997
9,11,1,9000000,170.94592419826802,1566700.70256201,3000000000,40597,41197,30001,11196,5745,600,0,1.7233668151068786,1.7233668151068786
9,13,0,7000000,169.51110789561844,0,10000000000,37001,47001,36001,11000,0,10000,0.9999999999999999,0,0.9999999999999999
9,14,1,3000000,172.41144103568067,1514655.7638805227,7000000000,48397,49797,39001,10796,1981,1400,0,0.5941944179410212,0.5941944179410212
9,16,0,9000000,198.10727598955066,0,6000000000,47001,53001,45001,8000,0,6000,0.6,0,0.6
9,15,1,10000000,182.12061113448968,1219086.258006272,5000000000,53597,54597,42001,12596,8203,1000,0,2.460859500546159,2.460859500546159
9,17,0,5000000,218.36322423888137,0,7000000000,53001,60001,48001,12000,0,7000,0.7,0,0.7
9,21,1,6000000,179.34203773794923,1295719.7293301767,4000000000,64632,65432,60001,5431,4631,800,0,1.3891893125147607,1.3891893125147607
9,22,1,3000000,179.00225948294622,1305497.0619254871,4000000000,65432,66232,63001,3231,2298,800,0,0.6893925894192235,0.6893925894192235
9,18,0,10000000,230.3141597904914,0,8000000000,60001,68001,51001,17000,0,8000,0.7999999999999999,0,0.7999999999999999
9,25,1,2000000,166.45192609279113,1740763.4417704123,7000000000,73924,75324,72001,3323,1149,1400,0,0.3446763561335943,0.3446763561335943
9,19,0,5000000,208.50002398081398,0,10000000000,68001,78001,54001,24000,0,10000,0.9999999999999999,0,0.9999999999999999
9,26,1,5000000,168.5700581360759,1655883.6841034289,6000000000,80524,81724,75001,6723,3020,1200,0,0.9058607282625462,0.9058607282625462
9,27,1,7000000,177.22480102965275,1358166.2150501695,3000000000,83155,83755,78001,5754,5154,600,0,1.5462025021160077,1.5462025021160077
9,20,0,10000000,190.2463584408385,0,7000000000,78001,85001,57001,28000,0,7000,0.7,0,0.7
9,23,0,3000000,177.4309806657225,0,8000000000,85001,93001,66001,27000,0,8000,0.7999999999999999,0,0.7999999999999999
9,29,1,8000000,210.43555426780904,686438.0038607103,6000000000,95655,96855,84001,12854,11654,1200,0,3.4963099165573004,3.4963099165573004
9,31,1,8000000,177.9098423359427,1337559.893167605,10000000000,96855,98855,90001,8854,5981,2000,0,1.7943121741758628,1.7943121741758628
9,24,0,7000000,171.17795097500144,0,7000000000,93001,100001,69001,31000,0,7000,0.7,0,0.7
9,34,1,2000000,217.12045182340609,606062.1648239528,6000000000,102301,103501,99001,4500,3300,1200,0,0.9899974537666218,0.9899974537666218
9,32,1,10000000,188.17005208055824,1070819.6178105923,9000000000,103501,105301,93001,12300,9339,1800,0,2.8015923037848594,2.8015923037848594
9,28,0,10000000,191.5608232389911,0,8000000000,100001,108001,81001,27000,0,8000,0.7999999999999999,0,0.7999999999999999
9,33,1,7000000,201.7312253965657,812094.124753358,10000000000,106501,108501,96001,12500,8620,2000,0,2.5859071454774942,2.5859071454774942
9,30,0,3000000,172.2571548586589,0,7000000000,108001,115001,87001,28000,0,7000,0.7,0,0.7
9,37,1,4000000,236.46190221682647,431322.4294297856,3000000000,117275,117875,108001,9874,9274,600,0,2.782141428597667,2.782141428597667
9,39,1,3000000,207.0742110935111,731874.6898445387,7000000000,118100,119500,114001,5499,4099,1400,0,1.2297187107142258,1.2297187107142258
9,35,0,10000000,235.51325504098494,0,5000000000,115001,120001,102001,18000,0,5000,0.49999999999999994,0,0.49999999999999994
9,38,1,5000000,219.16032943943117,583900.8863698327,4000000000,119564,120364,111001,9363,8563,800,0,2.5689291368020393,2.5689291368020393
9,40,1,3000000,193.7788907492248,952902.0787118163,4000000000,120364,121164,117001,4163,3148,800,0,0.9444831951848272,0.9444831951848272
9,41,1,7000000,179.7816525677746,1283204.2420778666,10000000000,125456,127456,120001,7455,5455,2000,0,1.6365282557042615,1.6365282557042615
9,43,1,5000000,157.10527043991868,2186671.9302905346,6000000000,128288,129488,126001,3487,2287,1200,0,0.6859739585172709,0.6859739585172709
9,36,1,8000000,253.06671551193767,329014.3898716247,8000000000,129316,130916,105001,25915,24315,1600,0,7.294513777760406,7.294513777760406
9,42,1,9000000,167.46371577150674,1699560.7361147888,10000000000,129488,131488,123001,8487,5295,2000,0,1.5886457851292943,1.5886457851292943
9,44,1,3000000,153.74737201006073,2380829.4592357697,7000000000,131488,132888,129001,3887,1260,1400,0,0.37801951605928713,0.37801951605928713
9,45,0,7000000,148.18394312475291,0,7000000000,132001,139001,132001,7000,0,7000,0.7,0,0.7
9,47,1,4000000,144.7132602770043,3019882.442122167,10000000000,139326,141326,138001,3325,1325,2000,0,0.39736646144302296,0.39736646144302296
9,46,0,9000000,144.75543858522207,0,4000000000,139001,143001,135001,8000,0,4000,0.39999999999999997,0,0.39999999999999997
9,48,1,10000000,147.75676803449647,2783241.8857114003,7000000000,144594,145994,141001,4993,3593,1400,0,1.0778797255823835,1.0778797255823835
9,49,0,3000000,152.25216188941292,0,3000000000,144001,147001,144001,3000,0,3000,0.3,0,0.3
9,50,0,8000000,157.3111903203329,0,3000000000,147001,150001,147001,3000,0,3000,0.3,0,0.3
9,51,1,6000000,151.8343126569222,2501010.753819155,10000000000,152400,154400,150001,4399,2399,2000,0,0.7197090205435221,0.7197090205435221
9,52,0,7000000,131.59622676961524,0,3000000000,153001,156001,153001,3000,0,3000,0.3,0,0.3
9,53,1,9000000,149.7863979138293,2638096.29507738,10000000000,159413,161413,156001,5412,3412,2000,0,1.023465293908388,1.023465293908388
9,54,1,10000000,143.84819011722047,3091635.027208133,7000000000,162236,163636,159001,4635,3235,1400,0,0.9703603347737708,0.9703603347737708
9,55,0,3000000,144.79005836037226,0,3000000000,162001,165001,162001,3000,0,3000,0.3,0,0.3
9,56,1,7000000,141.49213299685604,3298001.4501419677,2000000000,167123,167523,165001,2522,2122,400,0,0.6367492651980496,0.6367492651980496
9,57,1,2000000,141.99195787085972,3252834.8963992195,8000000000,168616,170216,168001,2215,615,1600,0,0.18445448942526413,0.18445448942526413
9,58,1,7000000,147.22197254486167,2823118.6802455112,2000000000,173481,173881,171001,2880,2480,400,0,0.7438582071290657,0.7438582071290657
9,59,1,5000000,154.39166072038998,2341970.1410458707,4000000000,176136,176936,174001,2935,2135,800,0,0.640486389519097,0.640486389519097
9,60,1,3000000,158.11820546666976,2131987.1390146036,3000000000,178408,179008,177001,2007,1407,600,0,0.4221413832805655,0.4221413832805655
9,61,0,8000000,171.42801696338904,0,5000000000,180001,185001,180001,5000,0,5000,0.49999999999999994,0,0.49999999999999994
9,62,0,9000000,187.48125292945957,0,3000000000,185001,188001,183001,5000,0,3000,0.3,0,0.3
9,63,0,9000000,203.61793756936055,0,7000000000,188001,195001,186001,9000,0,7000,0.7,0,0.7
9,64,1,4000000,217.9319694308295,597122.2909618912,5000000000,195700,196700,189001,7699,6699,1000,0,2.009638591898732,2.009638591898732
9,66,1,4000000,244.64205791318878,376605.9177565965,5000000000,205622,206622,195001,11621,10621,1000,0,3.1863546041662834,3.1863546041662834
9,67,0,3000000,230.28668415694383,0,9000000000,198001,207001,198001,9000,0,9000,0.8999999999999999,0,0.8999999999999999
9,69,1,4000000,221.92024558385836,555500.9683597632,10000000000,211224,213224,204001,9223,7201,2000,0,2.1602122558728563,2.1602122558728563
9,68,0,6000000,230.27883315667552,0,7000000000,207001,214001,201001,13000,0,7000,0.7,0,0.7
9,65,1,9000000,237.89819524325947,421030.13599740434,5000000000,213377,214377,192001,22376,21376,1000,0,6.412842618982138,6.412842618982138
9,71,1,2000000,188.57921439013364,1061624.1761220922,9000000000,213224,215024,210001,5023,1884,1800,0,0.5651717561592126,0.5651717561592126
9,70,1,7000000,203.8706109276175,778719.4639629148,3000000000,215990,216590,207001,9589,8989,600,0,2.696734956787993,2.696734956787993
9,72,0,9000000,178.02164278536472,0,4000000000,214001,218001,213001,5000,0,4000,0.39999999999999997,0,0.39999999999999997
9,73,1,10000000,173.02792057930998,1493405.3647635204,7000000000,222697,224097,216001,8096,6696,1400,0,2.0088316747643717,2.0088316747643717
9,74,0,6000000,174.1591329790086,0,7000000000,219001,226001,219001,7000,0,7000,0.7,0,0.7
9,75,0,8000000,179.51873439839085,0,3000000000,226001,229001,222001,7000,0,3000,0.3,0,0.3
9,78,1,6000000,145.91963027639565,2923219.6428083205,8000000000,233849,235449,231001,4448,2053,1600,0,0.6157594091256003,0.6157594091256003
9,77,1,9000000,170.2542105206212,1592036.603602724,6000000000,235449,236649,228001,8648,5653,1200,0,1.6959409060633361,1.6959409060633361
9,76,0,9000000,180.15952181330854,0,9000000000,229001,238001,225001,13000,0,9000,0.8999999999999999,0,0.8999999999999999
9,79,0,3000000,122.31989085999052,0,4000000000,238001,242001,234001,8000,0,4000,0.39999999999999997,0,0.39999999999999997
9,80,0,5000000,108.07997871946498,0,4000000000,242001,246001,237001,9000,0,4000,0.39999999999999997,0,0.39999999999999997
9,82,1,10000000,145.81200636435943,2931686.499100612,6000000000,247621,248821,243001,5820,3411,1200,0,1.0233017755890153,1.0233017755890153
9,81,0,4000000,125.5361354351806,0,5000000000,246001,251001,240001,11000,0,5000,0.49999999999999994,0,0.49999999999999994
9,83,0,7000000,160.18910949249954,0,6000000000,251001,257001,246001,11000,0,6000,0.6,0,0.6
9,85,1,8000000,168.82025263575454,1646200.2044987753,7000000000,258347,259747,252001,7746,4860,1400,0,1.4579028683395996,1.4579028683395996
9,86,1,8000000,170.64137013045809,1577793.663980086,8000000000,260071,261671,255001,6670,5070,1600,0,1.5211114449184981,1.5211114449184981
9,84,0,7000000,168.26267619409836,0,5000000000,257001,262001,249001,13000,0,5000,0.49999999999999994,0,0.49999999999999994
9,87,1,4000000,163.82938472691643,1853476.7664659442,5000000000,266750,267750,258001,9749,2158,1000,0,0.6474319083524637,0.6474319083524637
9,88,0,6000000,142.40638749719056,0,6000000000,262001,268001,261001,7000,0,6000,0.6,0,0.6
9,89,1,10000000,121.05665863553313,6037933.412191483,5000000000,271150,272150,264001,8149,1656,1000,0,0.4968587420892312,0.4968587420892312
9,90,1,10000000,94.98994525737976,14950407.501350548,4000000000,272150,272950,267001,5949,669,800,0,0.20066342671455573,0.20066342671455573
9,91,0,2000000,68.96209466076273,0,6000000000,270001,276001,270001,6000,0,6000,0.6,0,0.6
9,93,1,6000000,17.557932680130662,381573848.692583,2000000000,278950,279350,276001,3349,16,400,0,0.0047173044121537255,0.0047173044121537255
9,92,0,4000000,43.02037889186935,0,5000000000,276001,281001,273001,8000,0,5000,0.49999999999999994,0,0.49999999999999994
9,95,1,5000000,36.20230103184054,178740347.7336492,7000000000,283550,284950,282001,2949,28,1400,0,0.008392061551962695,0.008392061551962695
9,94,0,10000000,11.323965736437053,0,10000000000,281001,291001,279001,12000,0,10000,0.9999999999999999,0,0.9999999999999999
9,98,1,4000000,87.04252294137618,20389092.8431193,2000000000,291653,292053,291001,1052,196,400,0,0.058854997092475526,0.058854997092475526
9,96,0,10000000,59.75320660851605,0,4000000000,291001,295001,285001,10000,0,4000,0.39999999999999997,0,0.39999999999999997
9,99,1,6000000,66.16438090090472,49215706.385489486,7000000000,294123,295523,294001,1522,122,1400,0,0.0365736902341953,0.0365736902341953
9,97,0,3000000,69.09587324869705,0,7000000000,295001,302001,288001,14000,0,7000,0.7,0,0.7
9,101,1,8000000,89.65187616553263,18382214.434712406,10000000000,302523,304523,300001,4522,435,2000,0,0.13056098374458705,0.13056098374458705
9,100,0,10000000,71.44731485507344,0,9000000000,302001,311001,297001,14000,0,9000,0.8999999999999999,0,0.8999999999999999
9,103,1,10000000,145.7204337078366,2938914.4485162995,10000000000,310767,312767,306001,6766,3403,2000,0,1.020785073044416,1.020785073044416
9,102,0,4000000,116.13548381093526,0,2000000000,311001,313001,303001,10000,0,2000,0.19999999999999998,0,0.19999999999999998
9,105,1,3000000,174.0341161956471,1459510.6694019756,5000000000,315767,316767,312001,4766,2055,1000,0,0.616645029644606,0.616645029644606
9,104,0,3000000,172.00076337039903,0,7000000000,313001,320001,309001,11000,0,7000,0.7,0,0.7
9,106,0,5000000,175.1478506862131,0,3000000000,320001,323001,315001,8000,0,3000,0.3,0,0.3
9,107,0,6000000,189.7768713515954,0,6000000000,323001,329001,318001,11000,0,6000,0.6,0,0.6
9,108,0,10000000,216.3553597672126,0,3000000000,329001,332001,321001,11000,0,3000,0.3,0,0.3
9,109,0,3000000,184.19580885568487,0,3000000000,332001,335001,324001,11000,0,3000,0.3,0,0.3
9,111,0,5000000,139.7505849719421,0,7000000000,335001,342001,330001,12000,0,7000,0.7,0,0.7
9,115,1,7000000,156.6334603461215,2212736.088732771,8000000000,345165,346765,342001,4764,3164,1600,0,0.9490512721752846,0.9490512721752846
9,110,1,8000000,153.4295737463935,2400290.852653903,10000000000,346258,348258,327001,21257,3333,2000,0,0.9998788260791056,0.9998788260791056
9,112,0,6000000,139.91404825820746,0,9000000000,342001,351001,333001,18000,0,9000,0.8999999999999999,0,0.8999999999999999
9,113,0,8000000,148.43141210673704,0,4000000000,351001,355001,336001,19000,0,4000,0.39999999999999997,0,0.39999999999999997
9,118,1,9000000,163.80014285708057,1854783.7881334801,7000000000,355853,357253,351001,6252,4852,1400,0,1.4556952768694857,1.4556952768694857
9,114,0,8000000,162.41590716429226,0,4000000000,355001,359001,339001,20000,0,4000,0.39999999999999997,0,0.39999999999999997
9,120,1,10000000,161.51337313052437,1960633.4299218196,10000000000,362711,364711,357001,7710,5100,2000,0,1.5301177436924684,1.5301177436924684
9,122,1,3000000,115.13069312741932,7314368.838848217,8000000000,364711,366311,363001,3310,410,1600,0,0.12304547662675999,0.12304547662675999
9,116,0,9000000,136.47467897012987,0,8000000000,359001,367001,345001,22000,0,8000,0.7999999999999999,0,0.7999999999999999
9,123,1,4000000,100.22784044366112,12293088.98065866,6000000000,367711,368911,366001,2910,325,1200,0,0.0976158231578752,0.0976158231578752
9,117,0,7000000,143.32922974745935,0,3000000000,367001,370001,348001,22000,0,3000,0.3,0,0.3
9,119,0,6000000,163.17541481485497,0,2000000000,370001,372001,354001,18000,0,2000,0.19999999999999998,0,0.19999999999999998
9,121,0,9000000,136.36094638861968,0,4000000000,372001,376001,360001,16000,0,4000,0.39999999999999997,0,0.39999999999999997
9,126,1,6000000,114.34448040898171,7507398.793622324,6000000000,376457,377657,375001,2656,799,1200,0,0.23976347194039216,0.23976347194039216
9,127,1,7000000,131.93127794423881,4331616.747539621,6000000000,379617,380817,378001,2816,1616,1200,0,0.48480743389701086,0.48480743389701086
9,124,0,7000000,94.65355143891857,0,6000000000,376001,382001,369001,13000,0,6000,0.6,0,0.6
9,129,1,5000000,168.99525585057114,1639468.67693072,5000000000,387051,388051,384001,4050,3050,1000,0,0.9149305632408776,0.9149305632408776
9,125,0,7000000,99.78195528250582,0,9000000000,382001,391001,372001,19000,0,9000,0.8999999999999999,0,0.8999999999999999
9,131,1,3000000,207.28070846077304,728977.2745842964,6000000000,394116,395316,390001,5315,4115,1200,0,1.234606388125378,1.234606388125378
9,128,0,7000000,148.88047353498038,0,6000000000,391001,397001,381001,16000,0,6000,0.6,0,0.6
9,130,0,4000000,185.5304980319948,0,2000000000,397001,399001,387001,12000,0,2000,0.19999999999999998,0,0.19999999999999998
9,132,1,6000000,184.70807264437573,1152730.0758070233,10000000000,398206,400206,393001,7205,5205,2000,0,1.5615103984684573,1.5615103984684573
9,134,1,4000000,132.60078921333763,4247300.587733377,6000000000,400206,401406,399001,2405,942,1200,0,0.2825323932724984,0.2825323932724984
9,133,0,10000000,158.6513652635867,0,7000000000,399001,406001,396001,10000,0,7000,0.7,0,0.7
9,135,0,2000000,106.5695120566853,0,8000000000,406001,414001,402001,12000,0,8000,0.7999999999999999,0,0.7999999999999999
9,139,1,8000000,9.071940255535159,571763188.6101024,5000000000,414015,415015,414001,1014,14,1000,0,0.004197542003069756,0.004197542003069756
9,140,1,2000000,16.48787433236921,399636418.7791588,2000000000,417006,417406,417001,405,5,400,0,0.0015013646699991155,0.0015013646699991155
9,136,0,2000000,82.3568898149997,0,6000000000,414001,420001,405001,15000,0,6000,0.6,0,0.6
9,141,1,3000000,42.51936617589684,137600971.89793125,9000000000,420023,421823,420001,1822,22,1800,0,0.006540651476412507,0.006540651476412507
9,137,0,6000000,56.435813097713044,0,3000000000,420001,423001,408001,15000,0,3000,0.3,0,0.3
9,143,1,8000000,94.67948299394115,15128169.162215693,2000000000,426530,426930,426001,929,529,400,0,0.15864444495995395,0.15864444495995395
9,138,0,5000000,30.801365229482876,0,8000000000,423001,431001,411001,20000,0,8000,0.7999999999999999,0,0.7999999999999999
9,144,1,3000000,119.17282114643417,6411977.503584545,9000000000,429469,431269,429001,2268,468,1800,0,0.1403623140438133,0.1403623140438133
9,142,0,10000000,68.59553921356698,0,5000000000,431001,436001,423001,13000,0,5000,0.49999999999999994,0,0.49999999999999994
9,147,1,2000000,126.2466985706953,5137005.167907292,8000000000,438390,439990,438001,1989,389,1600,0,0.11679957103185618,0.11679957103185618
9,145,0,5000000,124.16734031137173,0,5000000000,436001,441001,432001,9000,0,5000,0.49999999999999994,0,0.49999999999999994
9,148,1,5000000,139.84749586603257,3452180.5037662825,10000000000,442449,444449,441001,3448,1448,2000,0,0.43450798657935763,0.43450798657935763
9,146,0,4000000,122.97967840257186,0,6000000000,441001,447001,435001,12000,0,6000,0.6,0,0.6
9,149,0,7000000,129.41813976409958,0,3000000000,447001,450001,444001,6000,0,3000,0.3,0,0.3
9,150,1,9000000,125.58482113695112,5242286.92072276,8000000000,448718,450318,447001,3317,1717,1600,0,0.515042392915752,0.515042392915752
9,152,1,7000000,135.1806439546727,3940679.7377785295,4000000000,454777,455577,453001,2576,1776,800,0,0.5329029862202982,0.5329029862202982
9,151,0,9000000,127.37945242463555,0,7000000000,450001,457001,450001,7000,0,7000,0.7,0,0.7
9,153,1,2000000,146.8664784761996,2850016.905431923,8000000000,456703,458303,456001,2302,702,1600,0,0.21052506701151283,0.21052506701151283
9,154,1,2000000,155.20337141956674,2294124.0983029967,7000000000,459873,461273,459001,2272,872,1400,0,0.26153772607324527,0.26153772607324527
9,155,1,2000000,155.84895251492708,2256932.1746247713,5000000000,462887,463887,462001,1886,886,1000,0,0.26584759911970046,0.26584759911970046
9,156,1,2000000,161.00295059408072,1985274.1953164411,8000000000,466008,467608,465001,2607,1007,1600,0,0.30222525503806463,0.30222525503806463
9,157,0,5000000,170.64911748966063,0,3000000000,468001,471001,468001,3000,0,3000,0.3,0,0.3
9,158,1,6000000,183.00919157244533,1195775.3322374634,4000000000,476832,477632,471001,6631,5018,800,0,1.505299491863532,1.505299491863532
9,160,0,7000000,204.4401183721042,0,3000000000,477001,480001,477001,3000,0,3000,0.3,0,0.3
9,159,1,8000000,190.86231712939048,1012079.9493340887,4000000000,481906,482706,474001,8705,7905,800,0,2.371354161871413,2.371354161871413
9,161,1,4000000,222.6723085612578,548062.5050393698,4000000000,487299,488099,480001,8098,7298,800,0,2.1895312833228733,2.1895312833228733
9,164,1,3000000,137.51151406336854,3686753.146041811,2000000000,492977,493377,489001,4376,814,400,0,0.24411723930208404,0.24411723930208404
9,163,1,8000000,165.85284712660194,1765744.358636859,5000000000,493377,494377,486001,8376,4531,1000,0,1.3592001516305459,1.3592001516305459
9,162,1,8000000,196.30578799413942,905077.9642025804,4000000000,496377,497177,483001,14176,8839,800,0,2.65170526178319,2.65170526178319
9,165,1,8000000,116.08360521624061,7088417.362339028,2000000000,500177,500577,492001,8576,1129,400,0,0.33858051484824686,0.33858051484824686
9,166,1,5000000,98.49932487078274,13103032.904042237,5000000000,500577,501577,495001,6576,382,1000,0,0.11447731307591051,0.11447731307591051
9,167,0,8000000,91.48190258187685,0,7000000000,498001,505001,498001,7000,0,7000,0.7,0,0.7
9,168,1,2000000,97.11430018282581,13797969.03306242,3000000000,506177,506777,501001,5776,145,600,0,0.04348466057303737,0.04348466057303737
9,170,1,5000000,137.42982572935182,3695305.655848259,10000000000,510577,512577,507001,5576,1353,2000,0,0.405920413545784,0.405920413545784
9,169,0,6000000,113.72869119092161,0,9000000000,505001,514001,504001,10000,0,9000,0.8999999999999999,0,0.8999999999999999
9,171,1,4000000,165.25530127653994,1791106.011848614,7000000000,513777,515177,510001,5176,2233,1400,0,0.669977093517469,0.669977093517469
9,173,0,5000000,145.18789067962928,0,5000000000,516001,521001,516001,5000,0,5000,0.49999999999999994,0,0.49999999999999994
9,174,0,5000000,142.03122191968916,0,8000000000,521001,529001,519001,10000,0,8000,0.7999999999999999,0,0.7999999999999999
9,175,0,5000000,143.48749666782814,0,7000000000,529001,536001,522001,14000,0,7000,0.7,0,0.7
9,176,0,2000000,143.88833760941156,0,7000000000,536001,543001,525001,18000,0,7000,0.7,0,0.7
9,178,0,6000000,143.9202087964022,0,7000000000,543001,550001,531001,19000,0,7000,0.7,0,0.7
9,179,0,4000000,144.35167647104072,0,3000000000,550001,553001,534001,19000,0,3000,0.3,0,0.3
9,184,1,4000000,188.78611442582314,1057011.7513746854,3000000000,552875,553475,549001,4474,3784,600,0,1.1352759308866271,1.1352759308866271
9,172,1,9000000,156.54054682413755,2217914.16885443,7000000000,554427,555827,513001,42826,4058,1400,0,1.217360003337988,1.217360003337988
9,180,0,8000000,148.55473402083152,0,3000000000,553001,556001,537001,19000,0,3000,0.3,0,0.3
9,182,0,10000000,180.91667944111734,0,7000000000,556001,563001,543001,20000,0,7000,0.7,0,0.7
9,177,1,2000000,143.91774907911812,3085788.2551180543,5000000000,565027,566027,528001,38026,648,1000,0,0.19443978341833618,0.19443978341833618
9,185,0,10000000,185.66820837181578,0,7000000000,563001,570001,552001,18000,0,7000,0.7,0,0.7
9,190,1,4000000,184.99160656635212,1145734.9158542254,9000000000,573616,575416,567001,8415,3491,1800,0,1.047362686948679,1.047362686948679
9,186,0,2000000,185.66820837181578,0,8000000000,570001,578001,555001,23000,0,8000,0.7999999999999999,0,0.7999999999999999
9,187,0,8000000,185.66820837181578,0,3000000000,578001,581001,558001,23000,0,3000,0.3,0,0.3
9,181,1,4000000,161.38973511348235,1966567.1213117645,4000000000,582027,582827,540001,42826,2034,800,0,0.6102003775999066,0.6102003775999066
9,188,0,5000000,185.66820837181578,0,3000000000,581001,584001,561001,23000,0,3000,0.3,0,0.3
9,189,0,4000000,185.66820837181578,0,2000000000,584001,586001,564001,22000,0,2000,0.19999999999999998,0,0.19999999999999998
9,195,1,3000000,160.7821196526529,1996053.7864287621,10000000000,585016,587016,582001,5015,1503,2000,0,0.4508896534347575,0.4508896534347575
9,196,1,5000000,172.09180398845263,1525821.7074680976,5000000000,588473,589473,585001,4472,3277,1000,0,0.9830768514160508,0.9830768514160508
9,191,0,3000000,177.6023856821749,0,7000000000,586001,593001,570001,23000,0,7000,0.7,0,0.7
9,192,0,9000000,165.6603326086242,0,4000000000,593001,597001,573001,24000,0,4000,0.39999999999999997,0,0.39999999999999997
9,183,1,4000000,204.35851364697288,771348.8099304393,5000000000,597027,598027,546001,52026,5186,1000,0,1.555716408129568,1.555716408129568
9,193,0,3000000,156.52971762575945,0,6000000000,597001,603001,576001,27000,0,6000,0.6,0,0.6
9,194,0,5000000,154.8217559001318,0,4000000000,603001,607001,579001,28000,0,4000,0.39999999999999997,0,0.39999999999999997
9,203,1,4000000,102.3770565117009,11367534.515927276,8000000000,606353,607953,606001,1952,352,1600,0,0.10556378767257373,0.10556378767257373
9,204,1,6000000,99.16858827269854,12782129.43859808,8000000000,609470,611070,609001,2069,469,1600,0,0.14082160634084617,0.14082160634084617
9,206,1,2000000,115.31990331248116,7268816.2768195355,6000000000,615276,616476,615001,1475,275,1200,0,0.08254438923066708,0.08254438923066708
9,197,0,4000000,153.74405029138526,0,10000000000,607001,617001,588001,29000,0,10000,0.9999999999999999,0,0.9999999999999999
9,207,1,6000000,131.83081013177457,4344446.067396862,3000000000,619382,619982,618001,1981,1381,600,0,0.4143220958612423,0.4143220958612423
9,198,0,4000000,132.68956289022884,0,8000000000,617001,625001,591001,34000,0,8000,0.7999999999999999,0,0.7999999999999999
9,208,1,6000000,151.683830713758,2510779.3112204843,9000000000,623391,625191,621001,4190,2390,1800,0,0.716908886398711,0.716908886398711
9,199,0,4000000,118.51762569339633,0,2000000000,625001,627001,594001,33000,0,2000,0.19999999999999998,0,0.19999999999999998
9,209,1,3000000,172.82537429440157,1500346.1584287996,6000000000,626001,627201,624001,3200,2000,1200,0,0.5998615685746166,0.5998615685746166
9,200,0,5000000,113.50951413868357,0,7000000000,627001,634001,597001,37000,0,7000,0.7,0,0.7
9,201,0,7000000,118.08219213751073,0,3000000000,634001,637001,600001,37000,0,3000,0.3,0,0.3
9,213,1,4000000,162.842746844924,1898215.0402636721,2000000000,638108,638508,636001,2507,2107,400,0,0.6321728437223391,0.6321728437223391
9,212,1,9000000,175.52850765616395,1410915.394459651,8000000000,639380,640980,633001,7979,6379,1600,0,1.9136512441513471,1.9136512441513471
9,214,1,8000000,154.04282683721434,2362911.239373325,5000000000,642387,643387,639001,4386,3386,1000,0,1.0156962140636783,1.0156962140636783
9,215,1,5000000,151.2381436675285,2539989.359281022,9000000000,643970,645770,642001,3769,1969,1800,0,0.5905536550848367,0.5905536550848367
9,202,0,3000000,111.17755618828829,0,10000000000,637001,647001,603001,44000,0,10000,0.9999999999999999,0,0.9999999999999999
9,216,1,10000000,152.14688297825887,2480870.020968018,9000000000,649770,651570,645001,6569,4031,1800,0,1.2092531953082415,1.2092531953082415
9,205,0,2000000,103.8350889632209,0,5000000000,647001,652001,612001,40000,0,5000,0.49999999999999994,0,0.49999999999999994
9,210,0,10000000,178.02828118026642,0,2000000000,652001,654001,627001,27000,0,2000,0.19999999999999998,0,0.19999999999999998
9,219,1,4000000,156.78663846131786,2204232.10521667,5000000000,657019,658019,654001,4018,1815,1000,0,0.5444072777816851,0.5444072777816851
9,211,0,3000000,183.15583092001194,0,7000000000,654001,661001,630001,31000,0,7000,0.7,0,0.7
9,217,0,2000000,144.05173098578163,0,3000000000,661001,664001,648001,16000,0,3000,0.3,0,0.3
9,221,1,4000000,180.86217736165844,1253075.3947812384,7000000000,663193,664593,660001,4592,3192,1400,0,0.9576438935739343,0.9576438935739343
9,222,1,3000000,183.79208824103392,1175694.7142909663,5000000000,666675,667675,663001,4674,2552,1000,0,0.7655048449739512,0.7655048449739512
9,218,0,2000000,149.05026836607843,0,6000000000,664001,670001,651001,19000,0,6000,0.6,0,0.6
9,220,0,10000000,169.05821867037403,0,4000000000,670001,674001,657001,17000,0,4000,0.39999999999999997,0,0.39999999999999997
9,223,0,3000000,198.5843309528725,0,8000000000,674001,682001,666001,16000,0,8000,0.7999999999999999,0,0.7999999999999999
9,228,1,5000000,199.7786127191797,844124.097805235,5000000000,686924,687924,681001,6923,5923,1000,0,1.7769899045650697,1.7769899045650697
9,224,0,8000000,218.92829191312848,0,6000000000,682001,688001,669001,19000,0,6000,0.6,0,0.6
9,227,1,8000000,213.54960501017086,647441.1156345048,2000000000,690357,690757,678001,12756,12356,400,0,3.706900816220103,3.706900816220103
9,225,1,8000000,238.82406097376372,414557.67449380487,4000000000,691299,692099,672001,20098,19298,800,0,5.789303027450926,5.789303027450926
9,231,1,2000000,195.86458842782173,913209.0041665557,7000000000,692191,693591,690001,3590,2190,1400,0,0.6570237451256765,0.6570237451256765
9,226,0,10000000,231.70807884059633,0,7000000000,688001,695001,675001,20000,0,7000,0.7,0,0.7
9,229,0,6000000,191.77539492854655,0,8000000000,695001,703001,684001,19000,0,8000,0.7999999999999999,0,0.7999999999999999
9,230,0,10000000,190.35484890067812,0,3000000000,703001,706001,687001,19000,0,3000,0.3,0,0.3
9,234,1,3000000,245.8773143256612,369113.8617810162,9000000000,707129,708929,699001,9928,8128,1800,0,2.438272016275406,2.438272016275406
9,232,0,8000000,207.59198491271283,0,4000000000,706001,710001,693001,17000,0,4000,0.39999999999999997,0,0.39999999999999997
9,233,0,10000000,224.58993855469126,0,3000000000,710001,713001,696001,17000,0,3000,0.3,0,0.3
9,236,1,3000000,218.81483793381108,587582.3503702945,9000000000,719761,721561,705001,16560,5106,1800,0,1.5317001939095343,1.5317001939095343
9,235,0,5000000,238.2943492825627,0,10000000000,713001,723001,702001,21000,0,10000,0.9999999999999999,0,0.9999999999999999
9,237,1,4000000,203.7724645284539,780212.7296325275,10000000000,722161,724161,708001,16160,5127,2000,0,1.5380420677898812,1.5380420677898812
9,239,0,3000000,190.69267474132297,0,4000000000,723001,727001,714001,13000,0,4000,0.39999999999999997,0,0.39999999999999997
9,244,0,9000000,249.4878259554963,0,3000000000,729001,732001,729001,3000,0,3000,0.3,0,0.3
9,245,0,3000000,227.6109648061798,0,2000000000,732001,734001,732001,2000,0,2000,0.19999999999999998,0,0.19999999999999998
9,238,1,10000000,194.07379550057755,947161.1119637912,8000000000,736961,738561,711001,27560,10558,1600,0,3.1673597681602095,3.1673597681602095
9,240,1,7000000,193.7618873772652,953234.4058191625,7000000000,741361,742761,717001,25760,7343,1400,0,2.2030258110494487,2.2030258110494487
9,247,1,5000000,196.72523478191607,897431.2496277699,5000000000,743572,744572,738001,6571,5571,1000,0,1.671437227778907,1.671437227778907
9,248,1,3000000,189.76078651818452,1035615.8396174199,9000000000,744572,746372,741001,5371,2897,1800,0,0.8690481214853575,0.8690481214853575
9,242,1,2000000,213.45799821042075,648548.2599622231,10000000000,745361,747361,723001,24360,3084,2000,0,0.9251431806091793,0.9251431806091793
9,246,1,8000000,209.70633657569817,695989.6466611744,8000000000,746495,748095,735001,13094,11494,1600,0,3.4483271576141443,3.4483271576141443
9,241,1,6000000,203.17663054593658,789355.1335165215,6000000000,749761,750961,720001,30960,7601,1200,0,2.28034242582439,2.28034242582439
9,249,1,7000000,189.47760421749058,1041776.2274318128,10000000000,750720,752720,744001,8719,6719,2000,0,2.0157879827771854,2.0157879827771854
9,251,1,3000000,186.8456520767877,1101271.6386743982,5000000000,754720,755720,750001,5719,2724,1000,0,0.8172370634036584,0.8172370634036584
9,250,1,6000000,195.76577152301167,915042.5924499547,9000000000,755720,757520,747001,10519,6557,1800,0,1.967121546966072,1.967121546966072
9,252,1,3000000,160.29059267467943,2020308.759196821,6000000000,757520,758720,753001,5719,1485,1200,0,0.445476462893621,0.445476462893621
9,253,1,10000000,134.27842306193497,4044717.384985157,3000000000,762120,762720,756001,6719,2472,600,0,0.7417081873597973,0.7417081873597973
9,254,1,4000000,187.429746038349,1087710.445831517,5000000000,764120,765120,759001,6119,3677,1000,0,1.103234785138651,1.103234785138651
9,256,1,4000000,146.91541273807863,2846295.5927203214,6000000000,766406,767606,765001,2605,1405,1200,0,0.4216006247099272,0.4216006247099272
9,255,1,10000000,172.32892531435343,1517528.5555417356,7000000000,768591,769991,762001,7990,6590,1400,0,1.9768985493185949,1.9768985493185949
9,243,1,6000000,231.642833042596,468230.8951427954,2000000000,770361,770761,726001,44760,12814,400,0,3.844257221538228,3.844257221538228
9,257,1,10000000,122.83661424835836,5708687.585800696,7000000000,772191,773591,768001,5590,1752,1400,0,0.5255148324217189,0.5255148324217189
9,258,1,2000000,101.62313516124168,11682433.27300166,6000000000,777391,778591,771001,7590,171,1200,0,0.05135916345326895,0.05135916345326895
9,259,1,6000000,81.53651513279192,25508677.517830692,3000000000,781591,782191,774001,8190,235,600,0,0.07056422265489032,0.07056422265489032
9,261,0,10000000,61.754378792114764,0,4000000000,780001,784001,780001,4000,0,4000,0.39999999999999997,0,0.39999999999999997
9,260,1,5000000,67.36738454177954,46691384.39176076,3000000000,788591,789191,777001,12190,107,600,0,0.03212584119190719,0.03212584119190719
9,263,0,2000000,92.42048528329639,0,10000000000,786001,796001,786001,10000,0,10000,0.9999999999999999,0,0.9999999999999999
9,262,1,7000000,70.60804840809584,40547654.61775109,10000000000,794991,796991,783001,13990,173,2000,0,0.05179091170123203,0.05179091170123203
9,264,1,3000000,120.18256945164714,6208085.0364918,7000000000,798591,799991,789001,10990,483,1400,0,0.14497224099053121,0.14497224099053121
9,267,0,4000000,127.59167566890878,0,4000000000,798001,802001,798001,4000,0,4000,0.39999999999999997,0,0.39999999999999997
9,265,1,8000000,83.64688936236657,23390210.417756453,8000000000,801391,802991,792001,10990,342,1600,0,0.1026070290576806,0.1026070290576806
9,266,1,6000000,105.2202499521836,10267697.814609831,8000000000,805191,806791,795001,11790,584,1600,0,0.1753070680984391,0.1753070680984391
9,268,0,10000000,119.3341744849312,0,10000000000,802001,812001,801001,11000,0,10000,0.9999999999999999,0,0.9999999999999999
9,269,0,10000000,95.03754679072892,0,5000000000,812001,817001,804001,13000,0,5000,0.49999999999999994,0,0.49999999999999994
9,270,0,9000000,69.97599159711851,0,3000000000,817001,820001,807001,13000,0,3000,0.3,0,0.3
9,272,1,4000000,37.28167914673367,171014239.54562554,8000000000,819191,820791,813001,7790,23,1600,0,0.007016959542014321,0.007016959542014321
9,271,0,10000000,57.840180670533876,0,2000000000,820001,822001,810001,12000,0,2000,0.19999999999999998,0,0.19999999999999998
9,275,1,3000000,38.98883558148406,159404988.7561909,5000000000,825191,826191,822001,4190,19,1000,0,0.00564599644604941,0.00564599644604941
9,276,1,4000000,64.29553794782339,53422539.17614722,9000000000,828191,829991,825001,4990,75,1800,0,0.022462429126464872,0.022462429126464872
9,273,0,8000000,13.563015888805896,0,8000000000,822001,830001,816001,14000,0,8000,0.7999999999999999,0,0.7999999999999999
9,274,0,2000000,14.24774017169036,0,4000000000,830001,834001,819001,15000,0,4000,0.39999999999999997,0,0.39999999999999997
9,279,1,6000000,139.41886959805692,3493813.4348351224,9000000000,837053,838853,834001,4852,1717,1800,0,0.5151963702620956,0.5151963702620956
9,277,0,10000000,89.29911813674309,0,5000000000,834001,839001,828001,11000,0,5000,0.49999999999999994,0,0.49999999999999994
9,278,0,10000000,114.3425174639775,0,2000000000,839001,841001,831001,10000,0,2000,0.19999999999999998,0,0.19999999999999998
9,280,0,6000000,164.50268113316574,0,6000000000,841001,847001,837001,10000,0,6000,0.6,0,0.6
9,284,1,7000000,70.4559812932869,40815808.14027379,7000000000,849173,850573,849001,1572,172,1400,0,0.051450653452280594,0.051450653452280594
9,281,0,7000000,143.68258523565058,0,7000000000,847001,854001,840001,14000,0,7000,0.7,0,0.7
9,285,1,3000000,69.13383903704471,43228715.06306226,10000000000,852070,854070,852001,2069,69,2000,0,0.020819494604155494,0.020819494604155494
9,286,1,3000000,86.42448727068043,20900794.200444818,9000000000,855670,857470,855001,2469,144,1800,0,0.04306056465456446,0.04306056465456446
9,287,1,2000000,110.10503212841819,8661301.817106612,4000000000,859470,860270,858001,2269,231,800,0,0.06927365108267704,0.06927365108267704
9,282,0,5000000,118.59281765773166,0,9000000000,854001,863001,843001,20000,0,9000,0.8999999999999999,0,0.8999999999999999
9,283,0,4000000,93.51376903964459,0,4000000000,863001,867001,846001,21000,0,4000,0.39999999999999997,0,0.39999999999999997
9,288,0,9000000,136.83333877385294,0,2000000000,867001,869001,861001,8000,0,2000,0.19999999999999998,0,0.19999999999999998
9,289,1,9000000,165.07846376799125,1798698.0707854494,7000000000,872200,873600,864001,9599,5004,1400,0,1.501085726311461,1.501085726311461
9,290,1,5000000,174.0341161956471,1459510.6694019756,3000000000,874800,875400,867001,8399,3426,600,0,1.0277417160743434,1.0277417160743434
9,293,0,2000000,217.6430591587979,0,3000000000,876001,879001,876001,3000,0,3000,0.3,0,0.3
9,291,1,6000000,175.1478506862131,1423100.4763447372,7000000000,878800,880200,870001,10199,4216,1400,0,1.2648439305026002,1.2648439305026002
9,292,1,3000000,189.80505420035576,1034656.9362335555,2000000000,881200,881600,873001,8599,2900,400,0,0.8698535412870811,0.8698535412870811
9,295,1,9000000,159.54663424842283,2057719.391740512,2000000000,886375,886775,882001,4774,4374,400,0,1.3121322619777704,1.3121322619777704
9,294,1,8000000,187.95680487814212,1075651.3914405978,8000000000,886775,888375,879001,9374,7437,1600,0,2.2312061501503098,2.2312061501503098
9,296,0,9000000,134.57653918867138,0,5000000000,885001,890001,885001,5000,0,5000,0.49999999999999994,0,0.49999999999999994
9,297,1,10000000,113.28802452157068,7776597.4404416075,2000000000,893375,893775,888001,5774,1286,400,0,0.38577282969525034,0.38577282969525034
9,298,1,2000000,93.86525928158939,15606300.411242254,7000000000,893775,895175,891001,4174,128,1400,0,0.038446011174293436,0.038446011174293436
9,299,1,4000000,75.95907450726348,32226313.538915426,9000000000,898575,900375,894001,6374,124,1800,0,0.0372366513020771,0.0372366513020771
9,300,0,3000000,59.456076224385995,0,7000000000,897001,904001,897001,7000,0,7000,0.7,0,0.7
9,302,1,7000000,47.822510389982654,109843831.02232085,3000000000,906375,906975,903001,3974,64,600,0,0.019118051332106843,0.019118051332106843
9,303,1,6000000,59.628023613062986,65610012.829834595,3000000000,909775,910375,906001,4374,91,600,0,0.02743483688485872,0.02743483688485872
9,301,0,3000000,47.75406370142751,0,8000000000,904001,912001,900001,12000,0,8000,0.7999999999999999,0,0.7999999999999999
9,304,1,4000000,77.64434622044287,30008525.47212074,4000000000,913975,914775,909001,5774,133,800,0,0.03998863593330681,0.03998863593330681
9,305,1,7000000,83.29936374306828,23724896.49413244,2000000000,915775,916175,912001,4174,295,400,0,0.0885146116662454,0.0885146116662454
9,306,1,10000000,77.29971086621215,30447924.425510436,8000000000,916175,917775,915001,2774,328,1600,0,0.09852888354801896,0.09852888354801896
9,307,1,2000000,79.20057828071711,28110405.607094534,3000000000,918072,918672,918001,671,71,600,0,0.021344409198014964,0.021344409198014964
9,308,0,6000000,88.30857829225879,0,4000000000,921001,925001,921001,4000,0,4000,0.39999999999999997,0,0.39999999999999997
9,309,1,3000000,102.34199235895308,11381953.847813005,3000000000,929472,930072,924001,6071,264,600,0,0.07907253992010618,0.07907253992010618
9,311,0,9000000,140.52047893456665,0,3000000000,930001,933001,930001,3000,0,3000,0.3,0,0.3
9,310,1,3000000,120.36883359075965,6171341.489923745,7000000000,931672,933072,927001,6071,486,1400,0,0.14583539113326893,0.14583539113326893
9,312,0,6000000,102.55978402863376,0,2000000000,933001,935001,933001,2000,0,2000,0.19999999999999998,0,0.19999999999999998
9,313,1,2000000,109.49034660644743,8845891.651105069,10000000000,937872,939872,936001,3871,226,2000,0,0.06782809734336338,0.06782809734336338
9,314,1,6000000,128.5802628710954,4785882.001167045,8000000000,945272,946872,939001,7871,1254,1600,0,0.37610622233499846,0.37610622233499846
9,315,1,8000000,150.90048939615806,2562399.2491781246,8000000000,949672,951272,942001,9271,3122,1600,0,0.9366221913972956,0.9366221913972956
9,316,1,4000000,173.08547050518135,1491440.54227615,2000000000,951672,952072,945001,7071,2682,400,0,0.8045912431538368,0.8045912431538368
9,317,0,2000000,169.04228612983198,0,7000000000,948001,955001,948001,7000,0,7000,0.7,0,0.7
9,318,1,5000000,162.95624105875785,1893001.0715913717,10000000000,956272,958272,951001,7271,2641,2000,0,0.7923925783829636,0.7923925783829636
9,319,0,5000000,156.0604100981412,0,6000000000,955001,961001,954001,7000,0,6000,0.6,0,0.6
9,320,1,6000000,153.64003254360497,2387380.8182420917,5000000000,960072,961072,957001,4071,2513,1000,0,0.7539643387624267,0.7539643387624267
9,321,1,8000000,155.8978207031773,2254147.3840575404,5000000000,963872,964872,960001,4871,3549,1000,0,1.0647041169419544,1.0647041169419544
9,322,0,6000000,162.5627275853847,0,5000000000,963001,968001,963001,5000,0,5000,0.49999999999999994,0,0.49999999999999994
9,323,1,6000000,157.46720198187305,2166935.170785123,2000000000,968770,969170,966001,3169,2769,400,0,0.8306662904676676,0.8306662904676676
9,324,1,7000000,133.76215084993208,4105770.0280964123,3000000000,970811,971411,969001,2410,1705,600,0,0.511475310509205,0.511475310509205
9,325,1,9000000,111.47343584908471,8266793.7503893785,10000000000,974080,976080,972001,4079,1089,2000,0,0.3266078822727162,0.3266078822727162
9,326,0,7000000,91.78188546766727,0,6000000000,975001,981001,975001,6000,0,6000,0.6,0,0.6
9,327,1,3000000,80.12506037439222,27046615.50250767,5000000000,981080,982080,978001,4079,111,1000,0,0.033275882519073596,0.033275882519073596
9,328,1,7000000,70.24006620156335,41199817.90136912,8000000000,982480,984080,981001,3079,170,1600,0,0.05097109907202319,0.05097109907202319
9,329,0,9000000,69.21256027629668,0,3000000000,984001,987001,984001,3000,0,3000,0.3,0,0.3
9,330,0,9000000,78.29602544190863,0,2000000000,987001,989001,987001,2000,0,2000,0.19999999999999998,0,0.19999999999999998
9,332,1,6000000,119.56643007132065,6331542.395849989,6000000000,993949,995149,993001,2148,948,1200,0,0.28429091798861056,0.28429091798861056
9,331,0,9000000,95.31808642644901,0,9000000000,990001,999001,990001,9000,0,9000,0.8999999999999999,0,0.8999999999999999
10,1,0,10000000,137.7542522029719,0,5000000000,1,5001,1,5000,0,5000,0.49999999999999994,0,0.49999999999999994
10,3,1,8000000,145.07158129695839,2990764.5980060506,9000000000,8676,10476,6001,4475,2675,1800,0,0.8024703788456254,0.8024703788456254
10,2,0,5000000,140.05544330728458,0,8000000000,5001,13001,3001,10000,0,8000,0.7999999999999999,0,0.7999999999999999
10,5,1,6000000,139.7862829465038,3458088.6174295675,8000000000,13736,15336,12001,3335,1735,1600,0,0.520518760256051,0.520518760256051
10,6,1,9000000,112.04284225241699,8109050.731588036,3000000000,16111,16711,15001,1710,1110,600,0,0.3329612909538729,0.3329612909538729
10,7,1,3000000,84.58013301006328,22517762.62314848,2000000000,18134,18534,18001,533,133,400,0,0.03996844691287363,0.03996844691287363
10,4,0,8000000,167.394338016553,0,6000000000,13001,19001,9001,10000,0,6000,0.6,0,0.6
10,8,1,3000000,60.237049230519226,63873048.94392661,2000000000,21048,21448,21001,447,47,400,0,0.01409044996098588,0.01409044996098588
10,10,1,6000000,17.538990848962783,381883730.7846809,9000000000,27017,28817,27001,1816,16,1800,0,0.004713476524127972,0.004713476524127972
10,9,0,9000000,34.3777907958031,0,7000000000,24001,31001,24001,7000,0,7000,0.7,0,0.7
10,12,1,3000000,57.345357266303594,72546356.57333985,2000000000,33042,33442,33001,441,41,400,0,0.012405860783513726,0.012405860783513726
10,13,1,2000000,79.12505860977294,28199356.609612502,5000000000,36072,37072,36001,1071,71,1000,0,0.021277081186862043,0.021277081186862043
10,11,0,4000000,31.7293870095216,0,7000000000,31001,38001,30001,8000,0,7000,0.7,0,0.7
10,14,0,8000000,100.73386769106013,0,5000000000,39001,44001,39001,5000,0,5000,0.49999999999999994,0,0.49999999999999994
10,15,0,10000000,128.46918541035433,0,3000000000,44001,47001,42001,5000,0,3000,0.3,0,0.3
10,17,1,4000000,151.40539257239152,2528978.9464942547,10000000000,49583,51583,48001,3582,1582,2000,0,0.4744997982934873,0.4744997982934873
10,16,0,6000000,156.30801674898188,0,5000000000,47001,52001,45001,7000,0,5000,0.49999999999999994,0,0.49999999999999994
10,18,1,4000000,125.9625761883267,5181879.2705986155,8000000000,51773,53373,51001,2372,772,1600,0,0.23157621730183128,0.23157621730183128
10,19,1,3000000,98.72652581753294,12993032.929235434,4000000000,54232,55032,54001,1031,231,800,0,0.06926789186956674,0.06926789186956674
10,20,1,9000000,71.2186639863456,39489782.547369786,2000000000,57229,57629,57001,628,228,400,0,0.06837211617362611,0.06837211617362611
10,21,1,6000000,44.37258838517311,127256691.84243016,5000000000,60048,61048,60001,1047,47,1000,0,0.014144639263676354,0.014144639263676354
10,22,1,3000000,20.960918395910046,330832211.77992964,3000000000,63010,63610,63001,609,9,600,0,0.002720412245101097,0.002720412245101097
10,23,1,9000000,20.09195112476637,342934449.3446056,10000000000,66027,68027,66001,2026,26,2000,0,0.007873224766890778,0.007873224766890778
10,24,1,5000000,43.12426810973147,134144796.05076264,5000000000,69038,70038,69001,1037,37,1000,0,0.01118194700174858,0.01118194700174858
10,26,1,5000000,97.44492290519811,13628193.71230825,4000000000,75368,76168,75001,1167,367,800,0,0.11006594356266604,0.11006594356266604
10,25,0,9000000,69.94074206069024,0,8000000000,72001,80001,72001,8000,0,8000,0.7999999999999999,0,0.7999999999999999
10,28,1,8000000,145.540584717803,2953174.327578887,3000000000,84410,85010,81001,4009,2709,600,0,0.8126848380019618,0.8126848380019618
10,27,0,5000000,125.19743328039918,0,10000000000,80001,90001,78001,12000,0,10000,0.9999999999999999,0,0.9999999999999999
10,31,1,8000000,147.12677016777062,2830291.244032228,9000000000,92828,94628,90001,4627,2827,1800,0,0.847969269968413,0.847969269968413
10,32,1,2000000,151.6916770953502,2510268.797087642,6000000000,94628,95828,93001,2827,797,1200,0,0.23901822812605036,0.23901822812605036
10,33,1,4000000,161.77091580379954,1948344.4405043086,3000000000,98054,98654,96001,2653,2053,600,0,0.6159075238715966,0.6159075238715966
10,29,0,5000000,152.931234873717,0,10000000000,90001,100001,84001,16000,0,10000,0.9999999999999999,0,0.9999999999999999
10,30,0,5000000,164.77218849065517,0,10000000000,100001,110001,87001,23000,0,10000,0.9999999999999999,0,0.9999999999999999
10,35,1,7000000,184.48279377763117,1158325.916382575,10000000000,108044,110044,102001,8043,6043,2000,0,1.8129612489015625,1.8129612489015625
10,38,1,5000000,146.87076802413745,2849690.4571517603,4000000000,112756,113556,111001,2555,1755,800,0,0.5263729596439174,0.5263729596439174
10,34,0,5000000,174.56348329476015,0,5000000000,110001,115001,99001,16000,0,5000,0.49999999999999994,0,0.49999999999999994
10,39,1,3000000,141.61847372429912,3286512.0454467633,6000000000,114914,116114,114001,2113,913,1200,0,0.27384655450963225,0.27384655450963225
10,40,1,7000000,140.41983478127298,3397537.3175309477,6000000000,120100,121300,117001,4299,2060,1200,0,0.6180947562118636,0.6180947562118636
10,36,0,10000000,169.12726864701625,0,9000000000,115001,124001,105001,19000,0,9000,0.8999999999999999,0,0.8999999999999999
10,41,1,8000000,143.79670406514887,3095971.489226141,5000000000,125700,126700,120001,6699,2584,1000,0,0.7752009372023952,0.7752009372023952
10,37,0,8000000,156.33544095949577,0,4000000000,124001,128001,108001,20000,0,4000,0.39999999999999997,0,0.39999999999999997
10,42,0,8000000,151.44088285532413,0,3000000000,128001,131001,123001,8000,0,3000,0.3,0,0.3
10,43,1,2000000,161.99838178204126,1937569.93810412,7000000000,132700,134100,126001,8099,1032,1400,0,0.30966624130589576,0.30966624130589576
10,44,1,4000000,176.09890317659563,1392898.3450452245,9000000000,134900,136700,129001,7699,2872,1800,0,0.8615129770730243,0.8615129770730243
10,45,1,5000000,192.5377105919772,977544.5886265638,7000000000,138300,139700,132001,7699,5115,1400,0,1.5344568600266906,1.5344568600266906
10,47,0,3000000,222.41272827785735,0,2000000000,138001,140001,138001,2000,0,2000,0.19999999999999998,0,0.19999999999999998
10,48,0,6000000,207.89225719107478,0,4000000000,141001,145001,141001,4000,0,4000,0.39999999999999997,0,0.39999999999999997
10,46,1,7000000,210.64834440365297,683681.6169179513,2000000000,145240,145640,135001,10639,10239,400,0,3.0716051858565936,3.0716051858565936
10,51,1,2000000,177.13117625082265,1361013.0506095293,9000000000,152232,154032,150001,4031,1469,1800,0,0.4408480871886498,0.4408480871886498
10,49,1,10000000,193.01438340185945,967987.8982349441,7000000000,154332,155732,144001,11731,10331,1400,0,3.099212299523871,3.099212299523871
10,50,0,10000000,182.523910214525,0,9000000000,147001,156001,147001,9000,0,9000,0.8999999999999999,0,0.8999999999999999
10,52,1,2000000,177.47457085453112,1350607.6298625278,5000000000,155732,156732,153001,3731,1481,1000,0,0.444244491689323,0.444244491689323
10,53,1,3000000,183.36536859505392,1186587.2354827572,5000000000,158529,159529,156001,3528,2528,1000,0,0.7584777360543908,0.7584777360543908
10,54,1,3000000,194.3541676939293,941742.9341944988,9000000000,162187,163987,159001,4986,3186,1800,0,0.9556748103130683,0.9556748103130683
10,56,0,2000000,228.04603833436798,0,3000000000,165001,168001,165001,3000,0,3000,0.3,0,0.3
10,55,1,5000000,209.62393947257073,697079.3120501392,2000000000,170002,170402,162001,8401,7173,400,0,2.151835485675852,2.151835485675852
10,57,1,2000000,236.7977406986815,428887.9815183627,9000000000,177822,179622,168001,11621,4663,1800,0,1.3989666902669111,1.3989666902669111
10,58,0,10000000,216.58596538095443,0,9000000000,171001,180001,171001,9000,0,9000,0.8999999999999999,0,0.8999999999999999
10,59,1,4000000,199.41798640042472,850210.7762063636,4000000000,186022,186822,174001,12821,4705,800,0,1.4114147145421918,1.4114147145421918
10,60,0,9000000,186.21333384051744,0,7000000000,180001,187001,177001,10000,0,7000,0.7,0,0.7
10,61,0,5000000,177.97482293852687,0,5000000000,187001,192001,180001,12000,0,5000,0.49999999999999994,0,0.49999999999999994
10,62,1,5000000,175.20332873550095,1421316.4693448055,3000000000,196222,196822,183001,13821,3518,600,0,1.055359613676654,1.055359613676654
10,63,1,4000000,178.1757003634334,1329667.550886567,6000000000,196822,198022,186001,12021,3008,1200,0,0.9024812248745109,0.9024812248745109
10,65,0,4000000,206.69687273880078,0,9000000000,192001,201001,192001,9000,0,9000,0.8999999999999999,0,0.8999999999999999
10,64,1,6000000,185.69898707316636,1128511.7578654825,3000000000,202622,203222,189001,14221,5317,600,0,1.595021042053297,1.595021042053297
10,67,0,9000000,183.48083850909333,0,6000000000,201001,207001,198001,9000,0,6000,0.6,0,0.6
10,69,0,7000000,138.90182324217344,0,3000000000,207001,210001,204001,6000,0,3000,0.3,0,0.3
10,72,0,6000000,85.55289884042502,0,3000000000,213001,216001,213001,3000,0,3000,0.3,0,0.3
10,74,0,9000000,68.40003801168535,0,2000000000,219001,221001,219001,2000,0,2000,0.19999999999999998,0,0.19999999999999998
10,75,0,6000000,72.16066587830244,0,3000000000,222001,225001,222001,3000,0,3000,0.3,0,0.3
10,66,1,2000000,207.30064061647278,728698.3587193608,2000000000,228458,228858,195001,33857,2745,400,0,0.8233859632323866,0.8233859632323866
10,76,0,2000000,84.99094128199783,0,5000000000,225001,230001,225001,5000,0,5000,0.49999999999999994,0,0.49999999999999994
10,77,0,8000000,87.54758477536654,0,3000000000,230001,233001,228001,5000,0,3000,0.3,0,0.3
10,79,0,10000000,123.3960266783335,0,2000000000,234001,236001,234001,2000,0,2000,0.19999999999999998,0,0.19999999999999998
10,68,1,2000000,161.50166562608567,1961194.3494095681,10000000000,237458,239458,201001,38457,1020,2000,0,0.3059360232098539,0.3059360232098539
10,81,0,2000000,136.7228561726239,0,10000000000,240001,250001,240001,10000,0,10000,0.9999999999999999,0,0.9999999999999999
10,70,1,6000000,117.46117017976616,6776561.033542279,9000000000,253658,255458,207001,48457,885,1800,0,0.2656214547600842,0.2656214547600842
10,84,0,8000000,136.7228561726239,0,7000000000,250001,257001,249001,8000,0,7000,0.7,0,0.7
10,85,0,10000000,145.2197376392066,0,2000000000,257001,259001,252001,7000,0,2000,0.19999999999999998,0,0.19999999999999998
10,71,1,8000000,97.81187760185368,13442646.8596851,8000000000,258858,260458,210001,50457,595,1600,0,0.17853626782368817,0.17853626782368817
10,86,0,7000000,168.44904095897962,0,5000000000,259001,264001,255001,9000,0,5000,0.49999999999999994,0,0.49999999999999994
10,73,1,6000000,73.79827437006911,35338444.73433621,6000000000,266858,268058,216001,52057,170,1200,0,0.05093602770387486,0.05093602770387486
10,87,0,2000000,197.86347843904898,0,6000000000,264001,270001,258001,12000,0,6000,0.6,0,0.6
10,88,1,5000000,209.95662242472847,692692.7198208767,9000000000,274150,275950,261001,14949,7218,1800,0,2.16546234293885,2.16546234293885
10,90,1,7000000,195.39467572070637,921969.49620686,10000000000,276950,278950,267001,11949,7592,2000,0,2.2777326241700604,2.2777326241700604
10,89,0,10000000,196.51949343512973,0,10000000000,270001,280001,264001,16000,0,10000,0.9999999999999999,0,0.9999999999999999
10,91,0,7000000,180.65593485961094,0,7000000000,280001,287001,270001,17000,0,7000,0.7,0,0.7
10,92,0,9000000,152.96082406943287,0,2000000000,287001,289001,273001,16000,0,2000,0.19999999999999998,0,0.19999999999999998
10,97,1,4000000,78.51123359112373,28934143.48411991,2000000000,288853,289253,288001,1252,138,400,0,0.04147349309505577,0.04147349309505577
10,78,1,8000000,103.1948084934509,11037356.95947175,8000000000,290458,292058,231001,61057,725,1600,0,0.21744336155952906,0.21744336155952906
10,98,1,6000000,100.03661129806423,12379709.337747006,4000000000,292053,292853,291001,1852,485,800,0,0.14539921341380893,0.14539921341380893
10,93,0,7000000,125.20806563476651,0,7000000000,289001,296001,276001,20000,0,7000,0.7,0,0.7
10,94,0,3000000,99.82249245535797,0,6000000000,296001,302001,279001,23000,0,6000,0.6,0,0.6
10,80,1,2000000,136.7228561726239,3770352.86616931,8000000000,300458,302058,237001,65057,530,1600,0,0.15913629872251236,0.15913629872251236
10,95,0,2000000,79.10924408689544,0,3000000000,302001,305001,282001,23000,0,3000,0.3,0,0.3
10,96,0,6000000,67.91626020328272,0,6000000000,305001,311001,285001,26000,0,6000,0.6,0,0.6
10,82,1,2000000,136.7228561726239,3770352.86616931,10000000000,310858,312858,243001,69857,530,2000,0,0.15913629872251236,0.15913629872251236
10,99,0,6000000,124.97713110805513,0,2000000000,311001,313001,294001,19000,0,2000,0.19999999999999998,0,0.19999999999999998
10,100,0,6000000,148.0478182885516,0,2000000000,313001,315001,297001,18000,0,2000,0.19999999999999998,0,0.19999999999999998
10,101,0,10000000,173.43652268193108,0,2000000000,315001,317001,300001,17000,0,2000,0.19999999999999998,0,0.19999999999999998
10,83,1,6000000,136.7228561726239,3770352.86616931,10000000000,315858,317858,246001,71857,1591,2000,0,0.47740889616753707,0.47740889616753707
10,103,1,6000000,210.61582110563296,684102.0146347532,6000000000,317767,318967,306001,12966,8771,1200,0,2.6311865211521592,2.6311865211521592
10,102,0,2000000,200.08183850614728,0,8000000000,317001,325001,303001,22000,0,8000,0.7999999999999999,0,0.7999999999999999
10,107,1,6000000,194.5500758159708,937979.9114947532,9000000000,327767,329567,318001,11566,6397,1800,0,1.9190176441322098,1.9190176441322098
10,104,0,6000000,200.79395210015664,0,9000000000,325001,334001,309001,25000,0,9000,0.8999999999999999,0,0.8999999999999999
10,105,0,2000000,194.98365264811306,0,3000000000,334001,337001,312001,25000,0,3000,0.3,0,0.3
10,110,1,3000000,208.07008434659704,718032.2603316366,5000000000,336567,337567,327001,10566,4178,1000,0,1.2534255767064255,1.2534255767064255
10,106,0,7000000,199.59048799980425,0,3000000000,337001,340001,315001,25000,0,3000,0.3,0,0.3
10,108,0,5000000,192.25964527170024,0,3000000000,340001,343001,321001,22000,0,3000,0.3,0,0.3
10,109,0,3000000,199.69317289281577,0,9000000000,343001,352001,324001,28000,0,9000,0.8999999999999999,0,0.8999999999999999
10,111,0,10000000,185.46616322121938,0,4000000000,352001,356001,330001,26000,0,4000,0.39999999999999997,0,0.39999999999999997
10,112,0,7000000,156.29707130973372,0,8000000000,356001,364001,333001,31000,0,8000,0.7999999999999999,0,0.7999999999999999
10,113,0,7000000,129.74026052078057,0,4000000000,364001,368001,336001,32000,0,4000,0.39999999999999997,0,0.39999999999999997
10,120,1,6000000,161.89016832408328,1942686.5042113261,6000000000,368167,369367,357001,12366,3089,1200,0,0.9265519661036341,0.9265519661036341
10,121,1,3000000,174.0341161956471,1459510.6694019756,7000000000,374367,375767,360001,15766,2055,1400,0,0.616645029644606,0.616645029644606
10,114,0,3000000,102.66994594329931,0,8000000000,368001,376001,339001,37000,0,8000,0.7999999999999999,0,0.7999999999999999
10,122,1,6000000,175.1478506862131,1423100.4763447372,2000000000,378567,378967,363001,15966,4216,400,0,1.2648439305026002,1.2648439305026002
10,115,0,10000000,77.60239687019987,0,3000000000,376001,379001,342001,37000,0,3000,0.3,0,0.3
10,127,1,7000000,164.02476398397897,1844773.1699464065,2000000000,381796,382196,378001,4195,3795,400,0,1.1383513345768186,1.1383513345768186
10,123,1,5000000,189.88021118589475,1033031.4543164785,7000000000,383367,384767,366001,18766,4840,1400,0,1.4520371027738925,1.4520371027738925
10,129,1,8000000,124.85704025003957,5361115.439296507,4000000000,385493,386293,384001,2292,1492,800,0,0.44766803236658737,0.44766803236658737
10,116,0,9000000,64.76032272927613,0,9000000000,379001,388001,345001,43000,0,9000,0.8999999999999999,0,0.8999999999999999
10,130,1,2000000,102.12221550671532,11472830.848503618,9000000000,387175,388975,387001,1974,174,1800,0,0.05229746763661708,0.05229746763661708
10,117,0,8000000,77.65073405963393,0,6000000000,388001,394001,348001,46000,0,6000,0.6,0,0.6
10,118,0,8000000,101.73272875530273,0,6000000000,394001,400001,351001,49000,0,6000,0.6,0,0.6
10,119,0,2000000,130.67927647488722,0,2000000000,400001,402001,354001,48000,0,2000,0.19999999999999998,0,0.19999999999999998
10,135,1,9000000,70.53785508505341,40671197.45608636,6000000000,402222,403422,402001,1421,221,1200,0,0.06638604636402096,0.06638604636402096
10,124,0,2000000,215.8309597810286,0,6000000000,402001,408001,369001,39000,0,6000,0.6,0,0.6
10,137,1,10000000,96.44199552062368,14150970.46882496,2000000000,409827,410227,408001,2226,707,400,0,0.21199959441715294,0.21199959441715294
10,125,0,5000000,182.9282878616645,0,5000000000,408001,413001,372001,41000,0,5000,0.49999999999999994,0,0.49999999999999994
10,138,1,9000000,118.52315554354767,6547477.977347199,9000000000,414827,416627,411001,5626,1375,1800,0,0.4123725210441933,0.4123725210441933
10,126,0,7000000,165.12607062484105,0,7000000000,413001,420001,375001,45000,0,7000,0.7,0,0.7
10,139,1,6000000,142.58895399013204,3199882.771711256,9000000000,419627,421427,414001,7426,1875,1800,0,0.5625206072900549,0.5625206072900549
10,128,0,4000000,149.7012879036116,0,3000000000,420001,423001,381001,42000,0,3000,0.3,0,0.3
10,131,0,7000000,81.75506100542026,0,2000000000,423001,425001,390001,35000,0,2000,0.19999999999999998,0,0.19999999999999998
10,132,0,6000000,76.42269034782798,0,2000000000,425001,427001,393001,34000,0,2000,0.19999999999999998,0,0.19999999999999998
10,141,1,8000000,191.14805701340524,1006083.7398023584,8000000000,429427,431027,420001,11026,7952,1600,0,2.38548731586843,2.38548731586843
10,133,0,9000000,70.9687255063806,0,6000000000,427001,433001,396001,37000,0,6000,0.6,0,0.6
10,145,1,2000000,178.69364678129998,1314457.1958390772,4000000000,435414,436214,432001,4213,1522,800,0,0.45646218218387324,0.45646218218387324
10,144,1,7000000,183.89362822022952,1173121.1288861407,8000000000,436214,437814,429001,8813,5967,1600,0,1.7900964770738685,1.7900964770738685
10,134,0,9000000,65.1662151732015,0,6000000000,433001,439001,399001,40000,0,6000,0.6,0,0.6
10,142,1,8000000,217.56139823047658,601184.0488580483,3000000000,439427,440027,423001,17026,13307,600,0,3.9921218877294073,3.9921218877294073
10,136,0,7000000,80.56410180719449,0,3000000000,439001,442001,405001,37000,0,3000,0.3,0,0.3
10,147,1,3000000,188.07710254042095,1072922.3488974383,6000000000,444214,445414,438001,7413,2796,1200,0,0.8388305089598166,0.8388305089598166
10,140,0,7000000,165.2207662492824,0,5000000000,442001,447001,417001,30000,0,5000,0.49999999999999994,0,0.49999999999999994
10,143,0,5000000,194.63923884972425,0,5000000000,447001,452001,426001,26000,0,5000,0.49999999999999994,0,0.49999999999999994
10,146,0,10000000,180.10376814492253,0,6000000000,452001,458001,435001,23000,0,6000,0.6,0,0.6
10,148,0,8000000,202.01437820115677,0,3000000000,458001,461001,441001,20000,0,3000,0.3,0,0.3
10,149,1,7000000,220.7004542360527,567835.357410477,10000000000,460465,462465,444001,18464,12328,2000,0,3.698255088546646,3.698255088546646
10,154,1,5000000,182.53414392929338,1208168.0248379286,8000000000,463139,464739,459001,5738,4138,1600,0,1.2415491629992605,1.2415491629992605
10,151,0,6000000,225.28231377540496,0,4000000000,461001,465001,450001,15000,0,4000,0.39999999999999997,0,0.39999999999999997
10,153,1,10000000,191.65647836689473,995523.5290291955,9000000000,466046,467846,456001,11845,10045,1800,0,3.013489799608764,3.013489799608764
10,152,0,3000000,206.33946229454023,0,4000000000,465001,469001,453001,16000,0,4000,0.39999999999999997,0,0.39999999999999997
10,150,1,9000000,242.99108399280826,386918.2377024525,10000000000,474665,476665,447001,29664,23261,2000,0,6.978218488827997,6.978218488827997
10,155,0,2000000,179.7953951023218,0,8000000000,469001,477001,462001,15000,0,8000,0.7999999999999999,0,0.7999999999999999
10,158,1,6000000,209.71731449739673,695844.6288003918,9000000000,479624,481424,471001,10423,8623,1800,0,2.5867843560179917,2.5867843560179917
10,161,1,2000000,212.3447237394892,662193.6195635626,5000000000,483021,484021,480001,4020,3020,1000,0,0.9060794037783798,0.9060794037783798
10,160,1,3000000,229.89848977320406,482556.1925955162,4000000000,484021,484821,477001,7820,6217,800,0,1.8650677658060637,1.8650677658060637
10,156,0,4000000,183.81754241638635,0,10000000000,477001,487001,465001,22000,0,10000,0.9999999999999999,0,0.9999999999999999
10,162,1,3000000,192.83475879622947,971575.4297129035,8000000000,486089,487689,483001,4688,3088,1600,0,0.9263305477640026,0.9263305477640026
10,157,0,2000000,194.0883306641592,0,4000000000,487001,491001,468001,23000,0,4000,0.39999999999999997,0,0.39999999999999997
10,164,1,4000000,162.3415144071288,1921456.0058000311,10000000000,491083,493083,489001,4082,2082,2000,0,0.6245263989275464,0.6245263989275464
10,163,1,10000000,175.43851601059558,1413784.3469994324,5000000000,493083,494083,486001,8082,7073,1000,0,2.1219643620804667,2.1219643620804667
10,159,0,5000000,229.20247860788942,0,5000000000,491001,496001,474001,22000,0,5000,0.49999999999999994,0,0.49999999999999994
10,165,0,10000000,151.30876511293056,0,4000000000,496001,500001,492001,8000,0,4000,0.39999999999999997,0,0.39999999999999997
10,167,1,6000000,143.6440942050873,3108869.3744211337,7000000000,504890,506290,498001,8289,1930,1400,0,0.5789886235844686,0.5789886235844686
10,166,0,9000000,144.88790494723844,0,7000000000,500001,507001,495001,12000,0,7000,0.7,0,0.7
10,169,0,9000000,155.89279457370694,0,2000000000,507001,509001,504001,5000,0,2000,0.19999999999999998,0,0.19999999999999998
10,168,1,6000000,147.21852193253403,2823378.257487265,3000000000,510290,510890,501001,9889,2125,600,0,0.6375341296287924,0.6375341296287924
10,170,0,8000000,168.79101664484403,0,10000000000,509001,519001,507001,12000,0,10000,0.9999999999999999,0,0.9999999999999999
10,172,1,4000000,154.39660779952385,2341674.815166745,10000000000,517890,519890,513001,6889,1708,2000,0,0.5124537327846483,0.5124537327846483
10,173,1,10000000,166.98393485602142,1718946.0011407188,2000000000,522690,523090,516001,7089,5818,400,0,1.745255521702924,1.745255521702924
10,174,1,5000000,182.47986519065597,1209594.1568418993,8000000000,523135,524735,519001,5734,4134,1600,0,1.2400853555016456,1.2400853555016456
10,171,0,8000000,147.79654258473028,0,6000000000,519001,525001,510001,15000,0,6000,0.6,0,0.6
10,176,1,2000000,159.88567822040847,2040564.6981331415,3000000000,527335,527935,525001,2934,980,600,0,0.29403625405698924,0.29403625405698924
10,175,0,9000000,175.53148805841073,0,9000000000,525001,534001,522001,12000,0,9000,0.8999999999999999,0,0.8999999999999999
10,177,0,10000000,148.3697765719151,0,8000000000,534001,542001,528001,14000,0,8000,0.7999999999999999,0,0.7999999999999999
10,178,0,9000000,142.12326058742107,0,6000000000,542001,548001,531001,17000,0,6000,0.6,0,0.6
10,181,1,4000000,153.42803524779947,2400385.5454474953,6000000000,550425,551625,540001,11624,1666,1200,0,0.4999196909329365,0.4999196909329365
10,179,0,8000000,140.39266362598866,0,10000000000,548001,558001,534001,24000,0,10000,0.9999999999999999,0,0.9999999999999999
10,183,1,9000000,181.7998998899614,1227638.3746347774,8000000000,558625,560225,546001,14224,7331,1600,0,2.1993447384725573,2.1993447384725573
10,180,0,2000000,144.28847216600502,0,4000000000,558001,562001,537001,25000,0,4000,0.39999999999999997,0,0.39999999999999997
10,182,0,6000000,165.22878835118294,0,4000000000,562001,566001,543001,23000,0,4000,0.39999999999999997,0,0.39999999999999997
10,184,0,6000000,200.93658128872403,0,2000000000,566001,568001,549001,19000,0,2000,0.19999999999999998,0,0.19999999999999998
10,190,0,5000000,177.7297760646763,0,3000000000,568001,571001,567001,4000,0,3000,0.3,0,0.3
10,188,1,2000000,183.77360555857848,1176163.9230824143,3000000000,570425,571025,561001,10024,1700,600,0,0.5101329740054931,0.5101329740054931
10,187,1,5000000,196.5308245543177,900965.3965161924,7000000000,571025,572425,558001,14424,5550,1400,0,1.6648808109613582,1.6648808109613582
10,189,1,4000000,177.2291556149834,1358033.9860024515,9000000000,575225,577025,564001,13024,2945,1800,0,0.8836303158600287,0.8836303158600287
10,191,0,7000000,185.10395025498505,0,10000000000,571001,581001,570001,11000,0,10000,0.9999999999999999,0,0.9999999999999999
10,186,1,9000000,213.94732996698045,642661.5119707823,10000000000,580225,582225,555001,27224,14004,2000,0,4.201278510860553,4.201278510860553
10,185,1,10000000,220.13247375160262,573695.2050037542,4000000000,582225,583025,552001,31024,17431,800,0,5.229257581088495,5.229257581088495
10,195,1,2000000,223.39216548482625,541058.5900747624,6000000000,585697,586897,582001,4896,3696,1200,0,1.1089372038564127,1.1089372038564127
10,192,0,5000000,198.61862777695345,0,8000000000,581001,589001,573001,16000,0,8000,0.7999999999999999,0,0.7999999999999999
10,193,0,3000000,217.01754330007515,0,5000000000,589001,594001,576001,18000,0,5000,0.49999999999999994,0,0.49999999999999994
10,197,1,6000000,187.59016605355407,1084022.3216975103,6000000000,593536,594736,588001,6735,5535,1200,0,1.6604824125589166,1.6604824125589166
10,198,1,4000000,178.03211760803157,1333922.780307613,9000000000,594736,596536,591001,5535,2999,1800,0,0.8996022991100509,0.8996022991100509
10,199,1,4000000,175.24449492066796,1419994.4847220348,3000000000,597936,598536,594001,4535,2817,600,0,0.8450737048002698,0.8450737048002698
10,194,0,4000000,239.0159678766253,0,8000000000,594001,602001,579001,23000,0,8000,0.7999999999999999,0,0.7999999999999999
10,200,1,5000000,179.5587486033471,1289531.2658451132,3000000000,601536,602136,597001,5135,3877,600,0,1.1632133626608525,1.1632133626608525
10,201,1,4000000,189.72489609958944,1036394.0911418875,3000000000,603861,604461,600001,4460,3860,600,0,1.1578607117277688,1.1578607117277688
10,196,0,8000000,203.18440909676116,0,9000000000,602001,611001,585001,26000,0,9000,0.8999999999999999,0,0.8999999999999999
10,202,1,6000000,215.72792053881201,621795.0385605614,9000000000,613905,615705,603001,12704,9649,1800,0,2.894844584426005,2.894844584426005
10,206,0,4000000,122.3845586665246,0,4000000000,615001,619001,615001,4000,0,4000,0.39999999999999997,0,0.39999999999999997
10,207,0,7000000,100.06973818292924,0,6000000000,619001,625001,618001,7000,0,6000,0.6,0,0.6
10,208,0,8000000,85.85900360474726,0,10000000000,625001,635001,621001,14000,0,10000,0.9999999999999999,0,0.9999999999999999
10,203,1,2000000,195.59682538323568,918188.0896485904,10000000000,633427,635427,606001,29426,2178,2000,0,0.6534608831940223,0.6534608831940223
10,204,1,3000000,171.93432612483173,1531360.5059946068,8000000000,638027,639627,609001,30626,1959,1600,0,0.58771268847335,0.58771268847335
10,205,1,4000000,146.6952821327257,2863083.290228616,6000000000,641227,642427,612001,30426,1397,1200,0,0.41912856817524874,0.41912856817524874
10,209,0,5000000,73.01963092210204,0,10000000000,635001,645001,624001,21000,0,10000,0.9999999999999999,0,0.9999999999999999
10,211,1,6000000,75.04406172376336,33505852.78812732,4000000000,645027,645827,630001,15826,179,800,0,0.05372195751536948,0.05372195751536948
10,212,1,9000000,86.12245525993785,21156225.78602508,3000000000,645827,646427,633001,13426,425,600,0,0.12762200721943076,0.12762200721943076
10,210,0,6000000,68.41329987655911,0,3000000000,645001,648001,627001,21000,0,3000,0.3,0,0.3
10,216,1,3000000,140.51977974648264,3388104.8514676695,5000000000,647627,648627,645001,3626,885,1000,0,0.26563522661057415,0.26563522661057415
10,213,0,5000000,94.31622819006277,0,5000000000,648001,653001,636001,17000,0,5000,0.49999999999999994,0,0.49999999999999994
10,214,0,7000000,115.60561318551964,0,7000000000,653001,660001,639001,21000,0,7000,0.7,0,0.7
10,220,1,6000000,138.93454933888836,3541603.043381087,8000000000,658695,660295,657001,3294,1694,1600,0,0.5082444243332198,0.5082444243332198
10,215,0,10000000,137.94672341161277,0,3000000000,660001,663001,642001,21000,0,3000,0.3,0,0.3
10,221,1,7000000,141.51710709310026,3295726.38724272,6000000000,662125,663325,660001,3324,2124,1200,0,0.6371888176545226,0.6371888176545226
10,217,0,4000000,139.14401747829478,0,5000000000,663001,668001,648001,20000,0,5000,0.49999999999999994,0,0.49999999999999994
10,222,1,9000000,153.39908539492666,2402168.237445721,10000000000,666748,668748,663001,5747,3747,2000,0,1.1239845560821211,1.1239845560821211
10,223,1,5000000,165.8064570515877,1767697.273257526,6000000000,668830,670030,666001,4029,2829,1200,0,0.8485615850024979,0.8485615850024979
10,224,1,10000000,136.99307172262402,3741449.0552603235,10000000000,671674,673674,669001,4673,2673,2000,0,0.8018283706902606,0.8018283706902606
10,218,0,8000000,146.53756378485352,0,7000000000,668001,675001,651001,24000,0,7000,0.7,0,0.7
10,226,1,4000000,97.92879300798104,13384158.936749058,5000000000,675300,676300,675001,1299,299,1000,0,0.08965822997701742,0.08965822997701742
10,219,0,6000000,140.9649052069344,0,2000000000,675001,677001,654001,23000,0,2000,0.19999999999999998,0,0.19999999999999998
10,227,1,6000000,95.33551961362565,14755424.676585507,6000000000,678408,679608,678001,1607,407,1200,0,0.12198903382674654,0.12198903382674654
10,225,0,2000000,113.18075675661473,0,3000000000,677001,680001,672001,8000,0,3000,0.3,0,0.3
10,228,0,2000000,106.19347672997621,0,3000000000,681001,684001,681001,3000,0,3000,0.3,0,0.3
10,229,1,6000000,126.32149025403396,5125271.778032616,6000000000,685172,686372,684001,2371,1171,1200,0,0.35120088806118827,0.35120088806118827
10,230,1,4000000,143.39882879577502,3129737.304575796,2000000000,688279,688679,687001,1678,1278,400,0,0.3834187611354966,0.3834187611354966
10,231,0,4000000,165.04460003283964,0,8000000000,690001,698001,690001,8000,0,8000,0.7999999999999999,0,0.7999999999999999
10,232,1,9000000,158.6723725164529,2102786.395713538,3000000000,700174,700774,693001,7773,4280,600,0,1.284010589712708,1.284010589712708
10,233,1,9000000,170.15313955375606,1595781.083171079,9000000000,702574,704374,696001,8373,5640,1800,0,1.6919614027725263,1.6919614027725263
10,234,1,9000000,186.7525978400301,1103451.5108464037,6000000000,712174,713374,699001,14373,8156,1200,0,2.446867826506452,2.446867826506452
10,238,0,8000000,214.00817764749087,0,5000000000,711001,716001,711001,5000,0,5000,0.49999999999999994,0,0.49999999999999994
10,235,1,9000000,205.239952494635,758252.1104606335,9000000000,715574,717374,702001,15373,11869,1800,0,3.5608209495912466,3.5608209495912466
10,237,1,4000000,246.46597919388395,365608.9657618106,8000000000,718942,720542,708001,12541,10941,1600,0,3.2821952205126834,3.2821952205126834
10,239,0,5000000,226.90220470502265,0,9000000000,716001,725001,714001,11000,0,9000,0.8999999999999999,0,0.8999999999999999
10,236,1,8000000,227.95372183844688,499178.0996999683,6000000000,724974,726174,705001,21173,16026,1200,0,4.80790323422146,4.80790323422146
10,240,0,2000000,248.87005324064208,0,2000000000,725001,727001,717001,10000,0,2000,0.19999999999999998,0,0.19999999999999998
10,242,1,3000000,239.99437701746263,406552.96087721013,8000000000,730380,731980,723001,8979,7379,1600,0,2.213733723788631,2.213733723788631
10,243,0,3000000,227.57833156959387,0,5000000000,727001,732001,726001,6000,0,5000,0.49999999999999994,0,0.49999999999999994
10,244,0,3000000,208.04606461070108,0,4000000000,732001,736001,729001,7000,0,4000,0.39999999999999997,0,0.39999999999999997
10,241,1,7000000,230.0023725964582,481687.88048887113,9000000000,735507,737307,720001,17306,14532,1800,0,4.359669580784726,4.359669580784726
10,245,0,7000000,192.52911364258648,0,5000000000,736001,741001,732001,9000,0,5000,0.49999999999999994,0,0.49999999999999994
10,247,1,4000000,178.46005743583072,1321290.0092290102,9000000000,741028,742828,738001,4827,3027,1800,0,0.9082033403856702,0.9082033403856702
10,248,1,4000000,180.80015542028718,1254780.8307145515,5000000000,744189,745189,741001,4188,3188,1000,0,0.9563423114430623,0.9563423114430623
10,246,0,5000000,182.46730255034734,0,8000000000,741001,749001,735001,14000,0,8000,0.7999999999999999,0,0.7999999999999999
10,249,0,4000000,189.25354686240365,0,2000000000,749001,751001,744001,7000,0,2000,0.19999999999999998,0,0.19999999999999998
10,251,1,3000000,221.58929396520944,558814.2034528581,6000000000,755370,756570,750001,6569,5369,1200,0,1.6105531935999269,1.6105531935999269
10,250,0,5000000,203.2344326141611,0,9000000000,751001,760001,747001,13000,0,9000,0.8999999999999999,0,0.8999999999999999
10,252,0,5000000,243.28827201490824,0,4000000000,760001,764001,753001,11000,0,4000,0.39999999999999997,0,0.39999999999999997
10,254,1,5000000,207.73555593590615,722645.4514273359,8000000000,765920,767520,759001,8519,6919,1600,0,2.075706692731919,2.075706692731919
10,255,0,9000000,186.1077110170344,0,5000000000,764001,769001,762001,7000,0,5000,0.49999999999999994,0,0.49999999999999994
10,257,1,4000000,148.14333768347467,2754850.2560723843,8000000000,769453,771053,768001,3052,1452,1600,0,0.43559536397845855,0.43559536397845855
10,258,1,8000000,133.86375349585862,4093665.785623763,7000000000,772955,774355,771001,3354,1954,1400,0,0.5862716024420898,0.5862716024420898
10,253,1,9000000,225.65373938847102,519768.64508998307,9000000000,774355,776155,756001,20154,17315,1800,0,5.194618847261501,5.194618847261501
10,256,0,10000000,165.82024001912436,0,8000000000,769001,777001,765001,12000,0,8000,0.7999999999999999,0,0.7999999999999999
10,259,0,5000000,122.40228510938836,0,6000000000,777001,783001,774001,9000,0,6000,0.6,0,0.6
10,260,0,3000000,116.47018931898411,0,4000000000,783001,787001,777001,10000,0,4000,0.39999999999999997,0,0.39999999999999997
10,263,1,2000000,133.18676998861415,4175152.913822114,7000000000,786480,787880,786001,1879,479,1400,0,0.14370731141694504,0.14370731141694504
10,261,0,9000000,116.51600448007135,0,7000000000,787001,794001,780001,14000,0,7000,0.7,0,0.7
10,267,1,3000000,185.3517480359977,1136925.7112547818,10000000000,800640,802640,798001,4639,2639,2000,0,0.7916084499546625,0.7916084499546625
10,262,0,8000000,122.20305806320891,0,9000000000,794001,803001,783001,20000,0,9000,0.8999999999999999,0,0.8999999999999999
10,264,0,5000000,148.05927056418994,0,7000000000,803001,810001,789001,21000,0,7000,0.7,0,0.7
10,265,0,7000000,166.95788331192983,0,4000000000,810001,814001,792001,22000,0,4000,0.39999999999999997,0,0.39999999999999997
10,266,0,9000000,188.6320039123796,0,2000000000,814001,816001,795001,21000,0,2000,0.19999999999999998,0,0.19999999999999998
10,268,0,7000000,164.08644063419743,0,3000000000,816001,819001,801001,18000,0,3000,0.3,0,0.3
10,269,0,8000000,144.76120509307742,0,2000000000,819001,821001,804001,17000,0,2000,0.19999999999999998,0,0.19999999999999998
10,270,0,9000000,169.4545570352123,0,2000000000,821001,823001,807001,16000,0,2000,0.19999999999999998,0,0.19999999999999998
10,271,0,2000000,183.41441410096428,0,2000000000,823001,825001,810001,15000,0,2000,0.19999999999999998,0,0.19999999999999998
10,272,0,2000000,191.48674549430305,0,3000000000,825001,828001,813001,15000,0,3000,0.3,0,0.3
10,273,0,7000000,170.65790928052533,0,3000000000,828001,831001,816001,15000,0,3000,0.3,0,0.3
10,278,1,6000000,108.08803541558152,9285060.369156916,10000000000,831647,833647,831001,2646,646,2000,0,0.19385980579934992,0.19385980579934992
10,274,0,3000000,151.41277654147945,0,9000000000,831001,840001,819001,21000,0,9000,0.8999999999999999,0,0.8999999999999999
10,275,0,2000000,135.35586282093587,0,6000000000,840001,846001,822001,24000,0,6000,0.6,0,0.6
10,281,1,7000000,124.11732232045614,5485285.524398521,9000000000,845823,847623,840001,7622,1276,1800,0,0.3828424228163167,0.3828424228163167
10,276,0,2000000,121.62117455443357,0,2000000000,846001,848001,825001,23000,0,2000,0.19999999999999998,0,0.19999999999999998
10,282,1,3000000,102.10174631219587,11481338.783027027,2000000000,848823,849223,843001,6222,261,400,0,0.07838807102621853,0.07838807102621853
10,277,0,7000000,112.12483221838059,0,6000000000,848001,854001,828001,26000,0,6000,0.6,0,0.6
10,285,1,4000000,72.08494225564732,38039632.80163083,2000000000,854623,855023,852001,3022,105,400,0,0.03154604583744967,0.03154604583744967
10,279,0,5000000,110.17472169241007,0,7000000000,854001,861001,834001,27000,0,7000,0.7,0,0.7
10,286,1,9000000,87.64540204711257,19903801.06355672,8000000000,862023,863623,855001,8622,452,1600,0,0.13565248122096746,0.13565248122096746
10,280,0,4000000,118.06198414392338,0,6000000000,861001,867001,837001,30000,0,6000,0.6,0,0.6
10,287,1,9000000,106.92541185331012,9669184.69234787,9000000000,865223,867023,858001,9022,931,1800,0,0.2792376075034292,0.2792376075034292
10,283,0,7000000,81.11740442099953,0,7000000000,867001,874001,846001,28000,0,7000,0.7,0,0.7
10,289,1,2000000,144.13574886196696,3067552.492919372,8000000000,875423,877023,864001,13022,652,1600,0,0.19559567485314114,0.19559567485314114
10,284,0,5000000,69.55095757787954,0,8000000000,874001,882001,849001,33000,0,8000,0.7999999999999999,0,0.7999999999999999
10,290,1,7000000,173.18078068885126,1488193.597982392,3000000000,885223,885823,867001,18822,4704,600,0,1.4111067288873305,1.4111067288873305
10,291,1,2000000,190.64269432632346,1016718.9603663406,3000000000,885823,886423,870001,16422,1967,600,0,0.5901335800640622,0.5901335800640622
10,288,0,10000000,118.34358495499444,0,6000000000,882001,888001,861001,27000,0,6000,0.6,0,0.6
10,292,1,3000000,203.6735517930593,781721.2662465855,5000000000,890623,891623,873001,18622,3838,1000,0,1.1513055085751047,1.1513055085751047
10,295,1,5000000,221.3545161048222,561179.5720851722,5000000000,890911,891911,882001,9910,8910,1000,0,2.672941202094113,2.672941202094113
10,293,0,9000000,222.23676586019698,0,4000000000,888001,892001,876001,16000,0,4000,0.39999999999999997,0,0.39999999999999997
10,299,1,3000000,180.99469881739634,1249441.0610879648,7000000000,896402,897802,894001,3801,2401,1400,0,0.7203220928375084,0.7203220928375084
10,294,0,8000000,241.41057246939292,0,8000000000,892001,900001,879001,21000,0,8000,0.7999999999999999,0,0.7999999999999999
10,296,1,10000000,206.67608763473342,737501.4797431111,9000000000,898560,900360,885001,15359,13559,1800,0,4.067788448431276,4.067788448431276
10,297,0,7000000,192.73640159554705,0,3000000000,900001,903001,888001,15000,0,3000,0.3,0,0.3
10,300,1,7000000,181.79863860876404,1227672.1551166927,5000000000,902703,903703,897001,6702,5702,1000,0,1.7105543945487556,1.7105543945487556
10,302,1,6000000,185.51787002873874,1132890.7047488496,6000000000,908297,909497,903001,6496,5296,1200,0,1.588855829123465,1.588855829123465
10,298,0,5000000,183.76004598388633,0,9000000000,903001,912001,891001,21000,0,9000,0.8999999999999999,0,0.8999999999999999
10,304,1,3000000,189.68706360740575,1037215.2430174844,5000000000,911893,912893,909001,3892,2892,1000,0,0.8677080346232712,0.8677080346232712
10,301,0,9000000,184.80432489527948,0,10000000000,912001,922001,900001,22000,0,10000,0.9999999999999999,0,0.9999999999999999
10,305,1,8000000,199.66348314100904,846061.3481851075,4000000000,921457,922257,912001,10256,9456,800,0,2.8366737295684974,2.8366737295684974
10,303,0,3000000,184.28853301277323,0,5000000000,922001,927001,906001,21000,0,5000,0.49999999999999994,0,0.49999999999999994
10,306,0,8000000,213.65309546084282,0,6000000000,927001,933001,915001,18000,0,6000,0.6,0,0.6
10,311,1,4000000,192.21943111974915,983991.1428532951,8000000000,934412,936012,930001,6011,4065,1600,0,1.2195231722516735,1.2195231722516735
10,312,1,2000000,183.00799791265953,1195806.2728965213,3000000000,936012,936612,933001,3611,1673,600,0,0.5017535144272661,0.5017535144272661
10,307,0,5000000,227.5196151983384,0,8000000000,933001,941001,918001,23000,0,8000,0.7999999999999999,0,0.7999999999999999
10,314,1,3000000,179.54184470479302,1290012.6556110838,10000000000,941959,943959,939001,4958,2326,2000,0,0.6976675741011755,0.6976675741011755
10,308,0,3000000,242.73602493243558,0,8000000000,941001,949001,921001,28000,0,8000,0.7999999999999999,0,0.7999999999999999
10,315,1,6000000,185.47004771660568,1134050.4520986667,5000000000,949759,950759,942001,8758,5291,1000,0,1.5872309707817067,1.5872309707817067
10,309,0,6000000,223.00711132158995,0,10000000000,949001,959001,924001,35000,0,10000,0.9999999999999999,0,0.9999999999999999
10,317,1,5000000,210.77610538199053,682033.2861720482,3000000000,959648,960248,948001,12247,7331,600,0,2.1993061488521155,2.1993061488521155
10,310,0,6000000,205.92629409572743,0,3000000000,959001,962001,927001,35000,0,3000,0.3,0,0.3
10,313,0,8000000,178.69787155979225,0,9000000000,962001,971001,936001,35000,0,9000,0.8999999999999999,0,0.8999999999999999
10,318,1,7000000,228.60827369104558,493505.0414650468,2000000000,973048,973448,951001,22447,14184,400,0,4.255275678169005,4.255275678169005
10,316,0,7000000,196.10431637268977,0,10000000000,971001,981001,945001,36000,0,10000,0.9999999999999999,0,0.9999999999999999
10,321,1,2000000,206.41750918950646,741184.9345842621,8000000000,981273,982873,960001,22872,2698,1600,0,0.809514565128804,0.809514565128804
10,319,0,3000000,241.79581675455017,0,8000000000,981001,989001,954001,35000,0,8000,0.7999999999999999,0,0.7999999999999999
10,325,1,6000000,180.92698250951952,1251296.506397446,4000000000,990073,990873,972001,18872,4795,800,0,1.4385079721690448,1.4385079721690448
10,328,1,9000000,211.8754067842703,668053.1643615832,3000000000,996273,996873,981001,15872,13472,600,0,4.041594507796729,4.041594507796729
10,330,1,4000000,230.76068404301458,475408.1662914386,3000000000,996873,997473,987001,10472,8414,600,0,2.524146796553693,2.524146796553693
10,320,0,9000000,222.8084136651935,0,9000000000,989001,998001,957001,41000,0,9000,0.8999999999999999,0,0.8999999999999999
11,1,1,5000000,154.96519996437908,2308036.558736449,5000000000,2167,3167,1,3166,2166,1000,0,0.6499030504183979,0.6499030504183979
11,2,1,2000000,150.64018720115823,2579842.44344575,2000000000,3776,4176,3001,1175,775,400,0,0.23257234236313046,0.23257234236313046
11,3,0,3000000,141.85320370016316,0,7000000000,6001,13001,6001,7000,0,7000,0.7,0,0.7
11,4,0,5000000,137.2170579774979,0,5000000000,13001,18001,9001,9000,0,5000,0.49999999999999994,0,0.49999999999999994
11,5,0,5000000,153.47744101332944,0,2000000000,18001,20001,12001,8000,0,2000,0.19999999999999998,0,0.19999999999999998
11,8,1,7000000,95.54679534134047,14637691.885718714,5000000000,21514,22514,21001,1513,478,1000,0,0.1434652414052292,0.1434652414052292
11,6,0,10000000,151.69015327304535,0,8000000000,20001,28001,15001,13000,0,8000,0.7999999999999999,0,0.7999999999999999
11,10,1,2000000,42.40860761685067,138242344.50467792,2000000000,29797,30197,27001,3196,14,400,0,0.004340204169350563,0.004340204169350563
11,7,0,2000000,123.61246903124301,0,9000000000,28001,37001,18001,19000,0,9000,0.8999999999999999,0,0.8999999999999999
11,11,1,9000000,14.50882490072853,436417886.9396475,9000000000,35997,37797,30001,7796,21,1800,0,0.006186730839410771,0.006186730839410771
11,9,0,8000000,70.35455138084525,0,2000000000,37001,39001,24001,15000,0,2000,0.19999999999999998,0,0.19999999999999998
11,12,1,8000000,14.126376039168694,444108502.988251,6000000000,38797,39997,33001,6996,18,1200,0,0.005404084776245531,0.005404084776245531
11,14,0,7000000,70.07086769835234,0,2000000000,39001,41001,39001,2000,0,2000,0.19999999999999998,0,0.19999999999999998
11,13,1,4000000,42.02810726168858,140466090.20483133,5000000000,41197,42197,36001,6196,28,1000,0,0.008542987124153086,0.008542987124153086
11,16,0,4000000,123.19761767177155,0,6000000000,45001,51001,45001,6000,0,6000,0.6,0,0.6
11,15,1,3000000,98.13495299840926,13281758.066900246,5000000000,50197,51197,42001,9196,226,1000,0,0.06776211368003376,0.06776211368003376
11,18,1,10000000,134.55644057420665,4012302.217865215,5000000000,55597,56597,51001,5596,2492,1000,0,0.7477004066747942,0.7477004066747942
11,17,0,7000000,126.5706810442292,0,7000000000,51001,58001,48001,10000,0,7000,0.7,0,0.7
11,19,1,8000000,147.5809920010026,2796271.3128592856,6000000000,59397,60597,54001,6596,2861,1200,0,0.8582858140277939,0.8582858140277939
11,20,1,3000000,125.09249058196899,5322315.141974543,8000000000,60597,62197,57001,5196,564,1600,0,0.16909934417489342,0.16909934417489342
11,21,1,6000000,129.14247055093844,4705727.736685537,10000000000,63797,65797,60001,5796,1275,2000,0,0.3825125678154563,0.3825125678154563
11,22,0,10000000,138.9897078923472,0,8000000000,63001,71001,63001,8000,0,8000,0.7999999999999999,0,0.7999999999999999
11,24,0,6000000,150.49532384761991,0,3000000000,71001,74001,69001,5000,0,3000,0.3,0,0.3
11,25,0,2000000,138.545713033641,0,2000000000,74001,76001,72001,4000,0,2000,0.19999999999999998,0,0.19999999999999998
11,23,1,5000000,151.5758668126295,2517816.894685434,10000000000,74197,76197,66001,10196,1986,2000,0,0.5957542040353192,0.5957542040353192
11,26,1,6000000,130.3708326275475,4536250.458132335,6000000000,80197,81397,75001,6396,1323,1200,0,0.3968034870678406,0.3968034870678406
11,27,1,10000000,127.69170568208415,4916005.610030729,5000000000,86197,87197,78001,9196,2034,1000,0,0.6102515411859442,0.6102515411859442
11,28,1,2000000,146.00854255830376,2916247.6143781003,4000000000,90597,91397,81001,10396,686,800,0,0.2057438459758336,0.2057438459758336
11,29,0,6000000,166.85246237319967,0,9000000000,84001,93001,84001,9000,0,9000,0.8999999999999999,0,0.8999999999999999
11,30,1,5000000,169.33958928732525,1626323.314131859,5000000000,94997,95997,87001,8996,3074,1000,0,0.9223258296587287,0.9223258296587287
11,32,1,7000000,173.16578097303173,1488704.0125519673,4000000000,99197,99997,93001,6996,4702,800,0,1.4106229191927389,1.4106229191927389
11,31,0,5000000,173.1944860554169,0,7000000000,93001,100001,90001,10000,0,7000,0.7,0,0.7
11,33,1,7000000,163.74023940375804,1857464.8601350635,10000000000,101997,103997,96001,7996,3769,2000,0,1.1305732049473607,1.1305732049473607
11,34,1,8000000,160.9459514868268,1988049.6124705633,4000000000,104797,105597,99001,6596,4024,800,0,1.2072133335835131,1.2072133335835131
11,35,0,9000000,165.28507252622663,0,7000000000,102001,109001,102001,7000,0,7000,0.7,0,0.7
11,37,0,8000000,193.03771341372652,0,4000000000,109001,113001,108001,5000,0,4000,0.39999999999999997,0,0.39999999999999997
11,36,1,9000000,178.06387196733647,1332980.2494753932,7000000000,112314,113714,105001,8713,6752,1400,0,2.025536388151745,2.025536388151745
11,39,0,9000000,211.01167029337503,0,6000000000,114001,120001,114001,6000,0,6000,0.6,0,0.6
11,38,1,10000000,207.33818992168324,728173.2826409563,9000000000,126612,128412,111001,17411,13733,1800,0,4.119898479548066,4.119898479548066
11,42,0,10000000,140.08321562557023,0,6000000000,123001,129001,123001,6000,0,6000,0.6,0,0.6
11,41,1,2000000,163.58828931191863,1864287.2155022593,2000000000,134458,134858,120001,14857,1073,400,0,0.3218388212989775,0.3218388212989775
11,40,1,8000000,185.85145170269723,1124841.8674981226,6000000000,137458,138658,117001,21657,7112,1200,0,2.1336332415667356,2.1336332415667356
11,43,1,9000000,118.23262028729631,6609201.317273745,7000000000,140058,141458,126001,15457,1362,1400,0,0.4085213735195667,0.4085213735195667
11,44,1,10000000,99.12981085425314,12800466.40258972,4000000000,143258,144058,129001,15057,781,800,0,0.2343664602246881,0.2343664602246881
11,45,1,6000000,85.70393281524483,21516125.158819973,3000000000,145258,145858,132001,13857,279,600,0,0.08365818597509585,0.08365818597509585
11,46,1,5000000,77.69905340478735,29939425.947600197,4000000000,147258,148058,135001,13057,167,800,0,0.05010116101174722,0.05010116101174722
11,50,0,10000000,123.41646000432844,0,4000000000,147001,151001,147001,4000,0,4000,0.39999999999999997,0,0.39999999999999997
11,47,1,6000000,78.86509050270594,28507977.468013406,3000000000,151058,151658,138001,13657,210,600,0,0.06314022108441894,0.06314022108441894
11,48,1,6000000,88.42647680417898,19294768.681375895,2000000000,151658,152058,141001,11057,311,400,0,0.0932895350923504,0.0932895350923504
11,51,0,2000000,145.6520737923082,0,2000000000,151001,153001,150001,3000,0,2000,0.19999999999999998,0,0.19999999999999998
11,49,1,8000000,103.49035365675391,10920854.060288452,6000000000,153458,154658,144001,10657,733,1200,0,0.21976303197083552,0.21976303197083552
11,52,1,2000000,169.32470611225048,1626888.7862208325,9000000000,158458,160258,153001,7257,1229,1800,0,0.3688020994930851,0.3688020994930851
11,53,1,3000000,176.640905794779,1376042.3429589784,4000000000,165058,165858,156001,9857,2180,800,0,0.6540496406997777,0.6540496406997777
11,56,0,4000000,196.13648564201407,0,5000000000,165001,170001,165001,5000,0,5000,0.49999999999999994,0,0.49999999999999994
11,55,1,2000000,219.3666200678672,581716.4194769968,9000000000,169022,170822,162001,8821,3438,1800,0,1.0314304013275772,1.0314304013275772
11,57,1,2000000,182.5658645530429,1207335.5580527491,5000000000,173622,174622,168001,6621,1657,1000,0,0.4969620881271068,0.4969620881271068
11,59,0,8000000,176.01909953184057,0,4000000000,174001,178001,174001,4000,0,4000,0.39999999999999997,0,0.39999999999999997
11,58,1,4000000,176.04199754604014,1394682.9301842614,4000000000,179622,180422,171001,9421,2868,800,0,0.8604106166564034,0.8604106166564034
11,54,1,9000000,198.40935965825798,867527.1180843103,10000000000,179858,181858,159001,22857,10374,2000,0,3.1122946403821827,3.1122946403821827
11,62,0,4000000,178.46473489179868,0,3000000000,183001,186001,183001,3000,0,3000,0.3,0,0.3
11,61,1,3000000,184.27749971171195,1163454.799924212,8000000000,189222,190822,180001,10821,2579,1600,0,0.773558199303167,0.773558199303167
11,63,0,7000000,175.21685107317737,0,6000000000,186001,192001,186001,6000,0,6000,0.6,0,0.6
11,60,1,9000000,182.50916607118663,1208824.0389012196,9000000000,194022,195822,177001,18821,7445,1800,0,2.233575700938417,2.233575700938417
11,64,0,7000000,179.10696943446956,0,8000000000,192001,200001,189001,11000,0,8000,0.7999999999999999,0,0.7999999999999999
11,66,0,8000000,205.86856000856463,0,8000000000,200001,208001,195001,13000,0,8000,0.7999999999999999,0,0.7999999999999999
11,65,1,8000000,188.94911748933893,1053395.4757232093,7000000000,207422,208822,192001,16821,7594,1400,0,2.2783465994595034,2.2783465994595034
11,71,1,4000000,174.62502140300518,1440050.5262305513,3000000000,212779,213379,210001,3378,2778,600,0,0.8333040946424963,0.8333040946424963
11,67,1,6000000,227.44916706816048,503606.72745383554,8000000000,213022,214622,198001,16621,11914,1600,0,3.5742175429239116,3.5742175429239116
11,69,1,7000000,215.3024328706018,626703.5211035664,2000000000,215779,216179,204001,12178,11170,400,0,3.3508667644025616,3.3508667644025616
11,68,0,6000000,233.33438687857384,0,10000000000,208001,218001,201001,17000,0,10000,0.9999999999999999,0,0.9999999999999999
11,72,1,9000000,160.1436695595551,2027629.687058343,10000000000,217440,219440,213001,6439,4439,2000,0,1.331604097746824,1.331604097746824
11,70,1,10000000,194.02318753179992,948143.2396650875,10000000000,219440,221440,207001,14439,10547,2000,0,3.1640788801697193,3.1640788801697193
11,73,0,2000000,147.24383111016908,0,4000000000,218001,222001,216001,6000,0,4000,0.39999999999999997,0,0.39999999999999997
11,74,1,3000000,139.3677903964901,3498815.969442111,9000000000,222840,224640,219001,5639,857,1800,0,0.2572298765812212,0.2572298765812212
11,75,1,8000000,151.80049077654522,2503202.2041341593,9000000000,227040,228840,222001,6839,3196,1800,0,0.9587719266291329,0.9587719266291329
11,76,0,8000000,144.38940854508684,0,4000000000,225001,229001,225001,4000,0,4000,0.39999999999999997,0,0.39999999999999997
11,77,1,8000000,138.17631092195217,3618049.5021638023,10000000000,230212,232212,228001,4211,2211,2000,0,0.6633408411257672,0.6633408411257672
11,78,1,9000000,135.29968551330788,3927199.6817091135,10000000000,233293,235293,231001,4292,2292,2000,0,0.687512787438647,0.687512787438647
11,79,0,2000000,141.67065080672148,0,9000000000,234001,243001,234001,9000,0,9000,0.8999999999999999,0,0.8999999999999999
11,80,0,7000000,152.73228375166792,0,5000000000,243001,248001,237001,11000,0,5000,0.49999999999999994,0,0.49999999999999994
11,81,0,8000000,169.02545725422547,0,4000000000,248001,252001,240001,12000,0,4000,0.39999999999999997,0,0.39999999999999997
11,83,1,4000000,212.40520144290255,661443.2071307766,3000000000,252048,252648,246001,6647,6047,600,0,1.8142147157355917,1.8142147157355917
11,82,1,10000000,189.75917632620562,1035650.7395980621,4000000000,252657,253457,243001,10456,9656,800,0,2.896729452599344,2.896729452599344
11,84,0,6000000,232.84234752295384,0,8000000000,252001,260001,249001,11000,0,8000,0.7999999999999999,0,0.7999999999999999
11,86,1,3000000,209.22668209384767,702362.8052038039,4000000000,259272,260072,255001,5071,4271,800,0,1.2813890390150258,1.2813890390150258
11,88,1,3000000,180.87260931384833,1252788.8275051145,6000000000,265267,266467,261001,5466,2395,1200,0,0.7183972112780721,0.7183972112780721
11,85,0,5000000,232.42961988524607,0,10000000000,260001,270001,252001,18000,0,10000,0.9999999999999999,0,0.9999999999999999
11,89,1,9000000,178.65282337539472,1315648.1640233418,2000000000,270842,271242,264001,7241,6841,400,0,2.0522203989121346,2.0522203989121346
11,87,0,10000000,191.34060938546213,0,8000000000,270001,278001,258001,20000,0,8000,0.7999999999999999,0,0.7999999999999999
11,90,0,7000000,184.9232256910959,0,8000000000,278001,286001,267001,19000,0,8000,0.7999999999999999,0,0.7999999999999999
11,94,1,4000000,221.54387488712032,559270.8256912194,8000000000,286153,287753,279001,8752,7152,1600,0,2.1456509885293666,2.1456509885293666
11,92,1,8000000,219.38470616704348,581525.3871883577,9000000000,286758,288558,273001,15557,13757,1800,0,4.127076913363773,4.127076913363773
11,91,0,3000000,198.98735864370877,0,6000000000,286001,292001,270001,22000,0,6000,0.6,0,0.6
11,98,1,8000000,181.79047857354902,1227890.7306064724,10000000000,297516,299516,291001,8515,6515,2000,0,1.954571315001789,1.954571315001789
11,95,0,2000000,201.2909188214908,0,10000000000,292001,302001,282001,20000,0,10000,0.9999999999999999,0,0.9999999999999999
11,93,1,10000000,244.4182423633719,377983.64391505334,6000000000,303617,304817,276001,28816,26456,1200,0,7.936851364590287,7.936851364590287
11,100,1,8000000,208.43114570524241,713094.2855584028,4000000000,311170,311970,297001,14969,11219,800,0,3.3656138446273367,3.3656138446273367
11,96,0,3000000,186.97389122548637,0,10000000000,302001,312001,285001,27000,0,10000,0.9999999999999999,0,0.9999999999999999
11,102,1,3000000,250.84442389656584,340801.65150236024,10000000000,314770,316770,303001,13769,8803,2000,0,2.6408322730612324,2.6408322730612324
11,101,1,9000000,227.71174783045336,501295.8892141722,2000000000,317954,318354,300001,18353,17953,400,0,5.386040576220364,5.386040576220364
11,103,1,6000000,226.1277853338682,515439.3220606869,6000000000,317642,318842,306001,12841,11641,1200,0,3.492166629437075,3.492166629437075
11,97,0,10000000,180.20412897600326,0,9000000000,312001,321001,288001,33000,0,9000,0.8999999999999999,0,0.8999999999999999
11,108,1,9000000,143.99040002722404,3079696.1489364393,7000000000,323923,325323,321001,4322,2922,1400,0,0.8767098666316266,0.8767098666316266
11,99,0,9000000,191.61658096313062,0,5000000000,321001,326001,294001,32000,0,5000,0.49999999999999994,0,0.49999999999999994
11,104,0,8000000,202.86075643159765,0,5000000000,326001,331001,309001,22000,0,5000,0.49999999999999994,0,0.49999999999999994
11,111,1,2000000,144.18158308189015,3063735.3808013056,7000000000,330654,332054,330001,2053,653,1400,0,0.19583936777303293,0.19583936777303293
11,112,1,7000000,150.01446463591432,2622377.510310258,4000000000,335670,336470,333001,3469,2669,800,0,0.8008000342222068,0.8008000342222068
11,105,0,7000000,190.77557836368888,0,7000000000,331001,338001,312001,26000,0,7000,0.7,0,0.7
11,106,0,9000000,173.19643645294786,0,7000000000,338001,345001,315001,30000,0,7000,0.7,0,0.7
11,114,1,9000000,172.30506492845763,1518360.5180964363,2000000000,344928,345328,339001,6327,5927,400,0,1.7782338040408092,1.7782338040408092
11,107,0,10000000,157.02517791742827,0,9000000000,345001,354001,318001,36000,0,9000,0.8999999999999999,0,0.8999999999999999
11,109,0,4000000,144.49195479333792,0,2000000000,354001,356001,324001,32000,0,2000,0.19999999999999998,0,0.19999999999999998
11,118,1,6000000,208.76765386428997,708530.1553087642,5000000000,359469,360469,351001,9468,8468,1000,0,2.5404705593872623,2.5404705593872623
11,121,1,2000000,171.4816926088613,1547420.1334551193,9000000000,361293,363093,360001,3092,1292,1800,0,0.3877421438612826,0.3877421438612826
11,110,0,9000000,141.11683953377073,0,10000000000,356001,366001,327001,39000,0,10000,0.9999999999999999,0,0.9999999999999999
11,122,1,2000000,161.76638216885482,1948559.941713169,10000000000,364027,366027,363001,3026,1026,2000,0,0.3079197037543949,0.3079197037543949
11,120,1,9000000,184.16785197205292,1166205.7155774322,9000000000,366027,367827,357001,10826,7717,1800,0,2.3152004521458966,2.3152004521458966
11,123,1,8000000,155.55982836195207,2273495.58687386,3000000000,369520,370120,366001,4119,3519,600,0,1.055643131157377,1.055643131157377
11,124,1,8000000,144.6426621021613,3025660.589452825,2000000000,371645,372045,369001,3044,2644,400,0,0.7932152100490648,0.7932152100490648
11,113,0,7000000,156.9714687451194,0,7000000000,366001,373001,336001,37000,0,7000,0.7,0,0.7
11,125,1,8000000,119.99505073126973,6245345.6915949555,7000000000,373282,374682,372001,2681,1281,1400,0,0.3842861738189997,0.3842861738189997
11,126,1,9000000,95.01773518664818,14934615.956944205,6000000000,375604,376804,375001,1803,603,1200,0,0.180788043548222,0.180788043548222
11,115,0,5000000,192.01234986323146,0,7000000000,373001,380001,342001,38000,0,7000,0.7,0,0.7
11,128,1,3000000,53.195813745068335,87024477.47329202,6000000000,381035,382235,381001,1234,34,1200,0,0.010341917884841213,0.010341917884841213
11,129,1,8000000,33.137840907337356,202433914.95221964,5000000000,384041,385041,384001,1040,40,1000,0,0.011855720917942385,0.011855720917942385
11,130,1,5000000,15.091030448581046,425094739.5232181,3000000000,387013,387613,387001,612,12,600,0,0.003528625175842883,0.003528625175842883
11,116,0,3000000,208.225710228108,0,9000000000,380001,389001,345001,44000,0,9000,0.8999999999999999,0,0.8999999999999999
11,131,1,5000000,25.0009799807928,280724412.7598825,5000000000,390019,391019,390001,1018,18,1000,0,0.005343318684873425,0.005343318684873425
11,117,0,6000000,217.2950160496094,0,8000000000,389001,397001,348001,49000,0,8000,0.7999999999999999,0,0.7999999999999999
11,134,1,4000000,87.0033125806138,20421125.100958254,4000000000,399197,399997,399001,996,196,800,0,0.058762678063398695,0.058762678063398695
11,119,0,2000000,199.06895413398846,0,4000000000,397001,401001,354001,47000,0,4000,0.39999999999999997,0,0.39999999999999997
11,135,1,8000000,111.94136054202664,8136896.030642419,10000000000,402984,404984,402001,2983,983,2000,0,0.2949527671192963,0.2949527671192963
11,127,0,9000000,70.14925373801204,0,4000000000,401001,405001,378001,27000,0,4000,0.39999999999999997,0,0.39999999999999997
11,137,1,6000000,160.7037662906504,1999895.9423692655,8000000000,411001,412601,408001,4600,3000,1600,0,0.9000468283702552,0.9000468283702552
11,132,0,9000000,45.85005343508338,0,9000000000,405001,414001,393001,21000,0,9000,0.8999999999999999,0,0.8999999999999999
11,133,0,10000000,62.24029884247026,0,4000000000,414001,418001,396001,22000,0,4000,0.39999999999999997,0,0.39999999999999997
11,138,1,8000000,185.83874300048413,1125147.203719604,8000000000,418111,419711,411001,8710,7110,1600,0,2.133054227985354,2.133054227985354
11,136,0,6000000,135.61243342702767,0,4000000000,418001,422001,405001,17000,0,4000,0.39999999999999997,0,0.39999999999999997
11,141,1,6000000,176.64087862100325,1376043.1816749957,4000000000,424361,425161,420001,5160,4360,800,0,1.308098484096219,1.308098484096219
11,139,0,2000000,206.00900223048507,0,5000000000,422001,427001,414001,13000,0,5000,0.49999999999999994,0,0.49999999999999994
11,142,1,7000000,180.18770712787264,1271777.4585331306,8000000000,428505,430105,423001,7104,5504,1600,0,1.6512322858923307,1.6512322858923307
11,140,0,5000000,184.62842738863378,0,4000000000,427001,431001,417001,14000,0,4000,0.39999999999999997,0,0.39999999999999997
11,143,0,6000000,188.98661645735663,0,5000000000,431001,436001,426001,10000,0,5000,0.49999999999999994,0,0.49999999999999994
11,144,0,10000000,202.3674346331445,0,6000000000,436001,442001,429001,13000,0,6000,0.6,0,0.6
11,147,0,7000000,225.79300432032872,0,3000000000,442001,445001,438001,7000,0,3000,0.3,0,0.3
11,148,1,2000000,207.2476820135753,729439.7152127753,2000000000,445414,445814,441001,4813,2742,400,0,0.8225491257011992,0.8225491257011992
11,149,0,10000000,192.12689999060515,0,2000000000,445001,447001,444001,3000,0,2000,0.19999999999999998,0,0.19999999999999998
11,150,0,6000000,181.4344854210467,0,2000000000,447001,449001,447001,2000,0,2000,0.19999999999999998,0,0.19999999999999998
11,145,1,9000000,219.33248277444,582077.2039047027,9000000000,447463,449263,432001,17262,15462,1800,0,4.638559939966387,4.638559939966387
11,146,1,6000000,239.08340155686255,412766.9970974824,5000000000,449537,450537,435001,15536,14536,1000,0,4.360813758506224,4.360813758506224
11,151,0,8000000,175.89932489921614,0,4000000000,450001,454001,450001,4000,0,4000,0.39999999999999997,0,0.39999999999999997
11,152,1,4000000,175.92794547768693,1398268.2150562017,8000000000,457665,459265,453001,6264,2861,1600,0,0.8582044468140667,0.8582044468140667
11,153,1,2000000,181.52743291304492,1234962.695434761,5000000000,462465,463465,456001,7464,1619,1000,0,0.4858446349982853,0.4858446349982853
11,154,1,2000000,192.36710425641903,980993.5542062208,8000000000,466065,467665,459001,8664,2039,1600,0,0.6116248138709689,0.6116248138709689
11,156,0,10000000,226.50581118373094,0,8000000000,465001,473001,465001,8000,0,8000,0.7999999999999999,0,0.7999999999999999
11,155,1,4000000,207.749541756414,722451.846545458,4000000000,472465,473265,462001,11264,5537,800,0,1.6610103576287196,1.6610103576287196
11,157,0,4000000,237.5010808396459,0,4000000000,473001,477001,468001,9000,0,4000,0.39999999999999997,0,0.39999999999999997
11,158,1,3000000,220.56590897053877,569216.6873416991,6000000000,477632,478832,471001,7831,5270,1200,0,1.5811201955499463,1.5811201955499463
11,159,0,3000000,202.7040544735107,0,2000000000,477001,479001,474001,5000,0,2000,0.19999999999999998,0,0.19999999999999998
11,160,1,3000000,184.93685003265307,1147081.7093549892,7000000000,479616,481016,477001,4015,2615,1400,0,0.7845997304813406,0.7845997304813406
11,161,0,6000000,169.08039507879087,0,6000000000,480001,486001,480001,6000,0,6000,0.6,0,0.6
11,164,1,3000000,139.41296711568833,3494391.054666128,2000000000,489860,490260,489001,1259,859,400,0,0.2575556043729601,0.2575556043729601
11,162,0,8000000,156.31730966211,0,6000000000,486001,492001,483001,9000,0,6000,0.6,0,0.6
11,165,1,6000000,152.14376424947557,2481069.985718782,10000000000,494419,496419,492001,4418,2418,2000,0,0.7254934404756537,0.7254934404756537
11,166,1,6000000,145.1321718296808,2985875.215118921,3000000000,497010,497610,495001,2609,2009,600,0,0.6028383205318611,0.6028383205318611
11,163,0,2000000,145.94261372196948,0,8000000000,492001,500001,486001,14000,0,8000,0.7999999999999999,0,0.7999999999999999
11,168,1,10000000,134.66708023863882,3999491.1862725816,9000000000,503501,505301,501001,4300,2500,1800,0,0.7500954147109696,0.7500954147109696
11,169,1,2000000,137.36365931351716,3702250.979621561,4000000000,505301,506101,504001,2100,540,800,0,0.1620635670846203,0.1620635670846203
11,167,0,7000000,139.08724240562105,0,7000000000,500001,507001,498001,9000,0,7000,0.7,0,0.7
11,170,0,3000000,144.76538605619788,0,2000000000,507001,509001,507001,2000,0,2000,0.19999999999999998,0,0.19999999999999998
11,171,1,9000000,155.21675328391584,2293345.5000813296,8000000000,513925,515525,510001,5524,3924,1600,0,1.1773193354007274,1.1773193354007274
11,172,1,6000000,169.04979739709833,1637377.715251515,8000000000,516665,518265,513001,5264,3664,1600,0,1.0993187358260246,1.0993187358260246
11,174,1,3000000,202.9833640966668,792349.2287957438,8000000000,523716,525316,519001,6315,3786,1600,0,1.1358627828386605,1.1358627828386605
11,175,0,3000000,221.17929604734704,0,4000000000,522001,526001,522001,4000,0,4000,0.39999999999999997,0,0.39999999999999997
11,173,1,8000000,185.14349488977462,1142009.3488599458,10000000000,525316,527316,516001,11315,7005,2000,0,2.101558977950479,2.101558977950479
11,178,0,8000000,211.87798965442354,0,4000000000,531001,535001,531001,4000,0,4000,0.39999999999999997,0,0.39999999999999997
11,176,1,5000000,239.01099577216112,413265.96685136034,3000000000,537100,537700,525001,12699,12099,600,0,3.62962382658407,3.62962382658407
11,177,1,5000000,230.2563417150546,479573.25445967005,8000000000,538427,540027,528001,12026,10426,1600,0,3.127780763524925,3.127780763524925
11,179,0,10000000,196.65448482045863,0,10000000000,535001,545001,534001,11000,0,10000,0.9999999999999999,0,0.9999999999999999
11,180,1,6000000,199.0843853746446,855890.0689592974,5000000000,544011,545011,537001,8010,7010,1000,0,2.103073823708078,2.103073823708078
11,183,0,4000000,171.01798881988992,0,5000000000,546001,551001,546001,5000,0,5000,0.49999999999999994,0,0.49999999999999994
11,184,0,10000000,148.72274641089703,0,8000000000,551001,559001,549001,10000,0,8000,0.7999999999999999,0,0.7999999999999999
11,185,0,8000000,127.32213672413765,0,2000000000,559001,561001,552001,9000,0,2000,0.19999999999999998,0,0.19999999999999998
11,186,0,8000000,107.28218118588009,0,9000000000,561001,570001,555001,15000,0,9000,0.8999999999999999,0,0.8999999999999999
11,187,0,2000000,91.13675219141838,0,5000000000,570001,575001,558001,17000,0,5000,0.49999999999999994,0,0.49999999999999994
11,192,0,6000000,84.74827018883626,0,5000000000,575001,580001,573001,7000,0,5000,0.49999999999999994,0,0.49999999999999994
11,193,0,2000000,91.07118808931834,0,9000000000,580001,589001,576001,13000,0,9000,0.8999999999999999,0,0.8999999999999999
11,181,1,4000000,216.09767606339497,617568.3593813942,10000000000,590627,592627,540001,52626,6477,2000,0,1.9431047296561887,1.9431047296561887
11,194,0,3000000,108.67733940431187,0,8000000000,589001,597001,579001,18000,0,8000,0.7999999999999999,0,0.7999999999999999
11,182,1,7000000,192.8279847428791,971711.0473243196,7000000000,595627,597027,543001,54026,7204,1400,0,2.161136282007403,2.161136282007403
11,195,0,5000000,128.80635426872388,0,4000000000,597001,601001,582001,19000,0,4000,0.39999999999999997,0,0.39999999999999997
11,188,1,3000000,79.72111953554091,27505767.35156149,10000000000,601427,603427,561001,42426,109,2000,0,0.03272041054142441,0.03272041054142441
11,196,0,5000000,142.63096332844424,0,4000000000,601001,605001,585001,20000,0,4000,0.39999999999999997,0,0.39999999999999997
11,189,1,10000000,70.47115225395426,40788970.709611334,9000000000,603427,605227,564001,41226,245,1800,0,0.0735492940323962,0.0735492940323962
11,190,1,3000000,68.78449316524767,43891322.6078715,6000000000,606827,608027,567001,41026,68,1200,0,0.020505192063603784,0.020505192063603784
11,191,1,2000000,75.62384015639515,32688746.843590505,10000000000,608027,610027,570001,40026,61,2000,0,0.018354940398017917,0.018354940398017917
11,198,0,3000000,140.20791703751965,0,9000000000,605001,614001,591001,23000,0,9000,0.8999999999999999,0,0.8999999999999999
11,205,1,3000000,153.63632936255675,2387607.2361759976,6000000000,613257,614457,612001,2456,1256,1200,0,0.37694641998214246,0.37694641998214246
11,199,0,2000000,148.02222974945354,0,4000000000,614001,618001,594001,24000,0,4000,0.39999999999999997,0,0.39999999999999997
11,201,0,5000000,138.84574066207432,0,6000000000,618001,624001,600001,24000,0,6000,0.6,0,0.6
11,197,1,7000000,139.22500960675129,3512846.351145635,5000000000,624227,625227,588001,37226,1993,1000,0,0.5978058218558671,0.5978058218558671
11,208,1,5000000,174.62896094290895,1439921.8717622983,7000000000,624473,625873,621001,4872,3472,1400,0,1.041723186108822,1.041723186108822
11,209,1,6000000,191.328952853456,1002310.5182713541,6000000000,629987,631187,624001,7186,5986,1200,0,1.7958506542507304,1.7958506542507304
11,200,1,10000000,140.86121183633196,3356124.1942965295,8000000000,630227,631827,597001,34826,2980,1600,0,0.8938882551182895,0.8938882551182895
11,203,1,2000000,151.10406116316,2548859.1931381854,2000000000,633027,633427,606001,27426,785,400,0,0.23539942952332057,0.23539942952332057
11,202,0,10000000,141.41056431540036,0,10000000000,624001,634001,603001,31000,0,10000,0.9999999999999999,0,0.9999999999999999
11,204,1,2000000,167.39862842926757,1702174.5857184953,7000000000,636627,638027,609001,29026,1175,1400,0,0.35249028215677264,0.35249028215677264
11,210,1,7000000,210.25730546166525,688757.6265517774,7000000000,637164,638564,627001,11563,10163,1400,0,3.048968053556838,3.048968053556838
11,206,0,9000000,147.0673862554169,0,8000000000,634001,642001,615001,27000,0,8000,0.7999999999999999,0,0.7999999999999999
11,214,1,5000000,211.47318813504467,673126.4811531357,5000000000,646429,647429,639001,8428,7428,1000,0,2.228407352850454,2.228407352850454
11,207,0,10000000,159.29945699844677,0,6000000000,642001,648001,618001,30000,0,6000,0.6,0,0.6
11,211,1,9000000,230.70685512138556,475850.5530659161,3000000000,648915,649515,630001,19514,18914,600,0,5.674050355944398,5.674050355944398
11,217,1,4000000,179.83363256076436,1281734.368109394,10000000000,651122,653122,648001,5121,3121,2000,0,0.936231429738476,0.936231429738476
11,216,1,7000000,185.4399665660022,1134780.71222077,7000000000,653122,654522,645001,9521,6169,1400,0,1.8505778053720108,1.8505778053720108
11,218,1,3000000,179.88042806264392,1280412.8898293998,2000000000,655922,656322,651001,5321,2343,400,0,0.7028982659803703,0.7028982659803703
11,212,0,6000000,244.96947769058906,0,10000000000,648001,658001,633001,25000,0,10000,0.9999999999999999,0,0.9999999999999999
11,213,1,10000000,225.92688396912837,517268.5825034106,10000000000,659322,661322,636001,25321,19332,2000,0,5.799694977570418,5.799694977570418
11,219,1,6000000,185.5539783998177,1132016.011819446,5000000000,663122,664122,654001,10121,5300,1000,0,1.5900835157860789,1.5900835157860789
11,221,1,6000000,182.1949395565091,1217114.7953929114,8000000000,664931,666531,660001,6530,4930,1600,0,1.478907336278761,1.478907336278761
11,215,0,6000000,196.27668735741392,0,9000000000,658001,667001,642001,25000,0,9000,0.8999999999999999,0,0.8999999999999999
11,220,0,9000000,177.65012412041824,0,4000000000,667001,671001,657001,14000,0,4000,0.39999999999999997,0,0.39999999999999997
11,226,1,5000000,180.56640662094372,1261234.2859544607,9000000000,678965,680765,675001,5764,3964,1800,0,1.1893111507548728,1.1893111507548728
11,222,0,4000000,184.54139183391888,0,10000000000,671001,681001,663001,18000,0,10000,0.9999999999999999,0,0.9999999999999999
11,227,1,7000000,193.53104815506995,957760.4169195467,4000000000,685310,686110,678001,8109,7309,800,0,2.192615149782707,2.192615149782707
11,223,0,3000000,178.81055701495927,0,9000000000,681001,690001,666001,24000,0,9000,0.8999999999999999,0,0.8999999999999999
11,228,1,5000000,211.27228805501207,675678.4844618726,5000000000,690308,691308,681001,10307,7400,1000,0,2.2199907714904343,2.2199907714904343
11,224,0,2000000,173.5244559132804,0,2000000000,690001,692001,669001,23000,0,2000,0.19999999999999998,0,0.19999999999999998
11,225,0,7000000,173.6780101221798,0,4000000000,692001,696001,672001,24000,0,4000,0.39999999999999997,0,0.39999999999999997
11,229,1,6000000,230.86651576181416,474539.8955453865,9000000000,696645,698445,684001,14444,12644,1800,0,3.7931478826058838,3.7931478826058838
11,232,0,5000000,205.03398791419926,0,4000000000,696001,700001,693001,7000,0,4000,0.39999999999999997,0,0.39999999999999997
11,230,1,4000000,246.87485615185682,363198.9456948655,4000000000,700774,701574,687001,14573,11013,800,0,3.3039743485603523,3.3039743485603523
11,233,0,3000000,185.54510098625622,0,2000000000,700001,702001,696001,6000,0,2000,0.19999999999999998,0,0.19999999999999998
11,234,1,7000000,168.05536290163423,1676027.7162746203,5000000000,705174,706174,699001,7173,4177,1000,0,1.2529625731176817,1.2529625731176817
11,231,1,8000000,224.50377324223305,530460.9415714932,10000000000,706174,708174,690001,18173,15081,2000,0,4.5243670398992775,4.5243670398992775
11,236,1,4000000,151.33180928013778,2533815.830079764,2000000000,709774,710174,705001,5173,1579,400,0,0.4735940101701173,0.4735940101701173
11,235,0,3000000,153.8199028084467,0,9000000000,702001,711001,702001,9000,0,9000,0.8999999999999999,0,0.8999999999999999
11,239,1,7000000,146.51143470732922,2877197.762590725,4000000000,718974,719774,714001,5773,2433,800,0,0.7298768361716957,0.7298768361716957
11,240,1,6000000,122.15304662594377,5832473.999270509,9000000000,721774,723574,717001,6573,1029,1800,0,0.30861689228706946,0.30861689228706946
11,241,0,3000000,103.81762567117391,0,4000000000,720001,724001,720001,4000,0,4000,0.39999999999999997,0,0.39999999999999997
11,237,1,6000000,172.76562302726782,1502401.3470948737,3000000000,724124,724724,708001,16723,3994,600,0,1.19808199285802,1.19808199285802
11,242,1,3000000,95.01578184701745,14935725.294789145,7000000000,727574,728974,723001,5973,201,1400,0,0.06025820522515882,0.06025820522515882
11,238,1,6000000,167.64324501750735,1692376.7808299027,7000000000,728924,730324,711001,19323,3545,1400,0,1.063592942416358,1.063592942416358
11,243,1,7000000,98.11504726595207,13291604.792750217,7000000000,730374,731774,726001,5773,527,1400,0,0.15799446588612276,0.15799446588612276
11,244,1,9000000,112.24437001471382,8054094.881676645,8000000000,733574,735174,729001,6173,1117,1600,0,0.33523319996423145,0.33523319996423145
11,245,1,6000000,130.79721709577768,4479178.396234988,2000000000,736774,737174,732001,5173,1340,400,0,0.40185941276931625,0.40185941276931625
11,246,1,7000000,148.50185520726663,2728838.1677216017,6000000000,739774,740974,735001,5973,2565,1200,0,0.7695582775263512,0.7695582775263512
11,247,1,5000000,165.49366181216735,1780935.4278203342,5000000000,740974,741974,738001,3973,2808,1000,0,0.8422540068372003,0.8422540068372003
11,248,1,6000000,158.9421076996276,2088752.5825935036,9000000000,744774,746574,741001,5573,2873,1800,0,0.8617583599896865,0.8617583599896865
11,249,1,8000000,170.7367716691398,1574308.3331269254,7000000000,749974,751374,744001,7373,5082,1400,0,1.5244790042069256,1.5244790042069256
11,250,1,5000000,186.29176256614252,1114326.4351205465,6000000000,752174,753374,747001,6373,4487,1200,0,1.3461046536491184,1.3461046536491184
11,252,0,7000000,225.17179952205387,0,5000000000,753001,758001,753001,5000,0,5000,0.49999999999999994,0,0.49999999999999994
11,251,1,9000000,203.829005296106,779352.0449726735,3000000000,761549,762149,750001,12148,11548,600,0,3.4644163923309783,3.4644163923309783
11,253,1,3000000,247.63760336427103,358755.88661928434,7000000000,764363,765763,756001,9762,8362,1400,0,2.5086696373991204,2.5086696373991204
11,254,0,10000000,230.30792648104833,0,7000000000,759001,766001,759001,7000,0,7000,0.7,0,0.7
11,256,1,6000000,188.9450639736323,1053485.2174201512,5000000000,771412,772412,765001,7411,5695,1000,0,1.708614387972113,1.708614387972113
11,258,1,2000000,157.4637586875151,2167121.8974475297,6000000000,774212,775412,771001,4411,923,1200,0,0.27686490580280204,0.27686490580280204
11,257,1,10000000,171.12160003927036,1560345.9912114323,8000000000,775412,777012,768001,9011,6409,1600,0,1.922650499887425,1.922650499887425
11,259,0,3000000,145.90868548513484,0,4000000000,774001,778001,774001,4000,0,4000,0.39999999999999997,0,0.39999999999999997
11,255,1,10000000,208.92671466330003,706385.4538900421,6000000000,777012,778212,762001,16211,14157,1200,0,4.246973070409499,4.246973070409499
11,260,1,6000000,138.9902618890978,3536064.8717523287,2000000000,778698,779098,777001,2097,1697,400,0,0.5090404348571789,0.5090404348571789
11,261,1,9000000,137.61524988169006,3675927.42695534,5000000000,782449,783449,780001,3448,2448,1000,0,0.7345085161913354,0.7345085161913354
11,262,1,4000000,138.78083909531608,3556938.2911203597,5000000000,784126,785126,783001,2125,1125,1000,0,0.3373687991708244,0.3373687991708244
11,263,0,3000000,141.86698171174294,0,4000000000,786001,790001,786001,4000,0,4000,0.39999999999999997,0,0.39999999999999997
11,264,1,3000000,160.13943455626418,2027841.1972062697,7000000000,790480,791880,789001,2879,1479,1400,0,0.4438217357650679,0.4438217357650679
11,266,1,2000000,121.47317810940822,5958855.048335572,8000000000,795337,796937,795001,1936,336,1600,0,0.10069048418413737,0.10069048418413737
11,265,0,8000000,148.13716650456092,0,8000000000,792001,800001,792001,8000,0,8000,0.7999999999999999,0,0.7999999999999999
11,267,0,5000000,94.94396241994538,0,7000000000,800001,807001,798001,9000,0,7000,0.7,0,0.7
11,272,1,4000000,97.13065942327378,13789509.94477384,2000000000,813291,813691,813001,690,290,400,0,0.08702267193003435,0.08702267193003435
11,268,0,3000000,152.11571943753876,0,9000000000,807001,816001,801001,15000,0,9000,0.8999999999999999,0,0.8999999999999999
11,269,0,6000000,167.2949443348483,0,3000000000,816001,819001,804001,15000,0,3000,0.3,0,0.3
11,274,1,9000000,75.51606782665533,32838960.791036565,5000000000,819350,820350,819001,1349,274,1000,0,0.08221941057090236,0.08221941057090236
11,270,0,9000000,144.11940743702777,0,10000000000,819001,829001,807001,22000,0,10000,0.9999999999999999,0,0.9999999999999999
11,271,0,8000000,120.57376870613274,0,7000000000,829001,836001,810001,26000,0,7000,0.7,0,0.7
11,273,0,5000000,75.02749162806923,0,7000000000,836001,843001,816001,27000,0,7000,0.7,0,0.7
11,281,1,8000000,112.46645455423588,7994054.07610201,9000000000,842023,843823,840001,3822,1001,1800,0,0.3002231379913641,0.3002231379913641
11,282,1,3000000,122.69717233905602,5733676.5668702945,10000000000,849223,851223,843001,8222,523,2000,0,0.1569673471294635,0.1569673471294635
11,275,0,9000000,93.8678358118478,0,10000000000,843001,853001,822001,31000,0,10000,0.9999999999999999,0,0.9999999999999999
11,276,0,6000000,116.64195514479347,0,7000000000,853001,860001,825001,35000,0,7000,0.7,0,0.7
11,285,1,7000000,171.03187831512582,1563587.4818449905,5000000000,863623,864623,852001,12622,4477,1000,0,1.3430652421967828,1.3430652421967828
11,277,0,3000000,118.03541883688983,0,6000000000,860001,866001,828001,38000,0,6000,0.6,0,0.6
11,288,1,6000000,164.0321828178849,1844443.6819543105,10000000000,865392,867392,861001,6391,3253,2000,0,0.9759040178948595,0.9759040178948595
11,287,1,8000000,182.64066168298888,1205375.4266915044,9000000000,867392,869192,858001,11191,6637,1800,0,1.9910809087816586,1.9910809087816586
11,289,1,4000000,146.44904950186606,2882006.768781594,5000000000,869192,870192,864001,6191,1388,1000,0,0.4163765376954044,0.4163765376954044
11,278,0,6000000,109.16500629780586,0,5000000000,866001,871001,831001,40000,0,5000,0.49999999999999994,0,0.49999999999999994
11,290,1,9000000,130.71560656631638,4490033.581079657,9000000000,870192,871992,867001,4991,2004,1800,0,0.6013318054852427,0.6013318054852427
11,279,0,6000000,105.02641429659484,0,2000000000,871001,873001,834001,39000,0,2000,0.19999999999999998,0,0.19999999999999998
11,286,1,8000000,190.41858995381733,1021479.9489704438,9000000000,871823,873623,855001,18622,7832,1800,0,2.349532168907452,2.349532168907452
11,293,1,2000000,103.91564704124201,10755774.346281108,5000000000,877013,878013,876001,2012,186,1000,0,0.05578398920273506,0.05578398920273506
11,280,0,4000000,106.17463209260495,0,9000000000,873001,882001,837001,45000,0,9000,0.8999999999999999,0,0.8999999999999999
11,295,1,5000000,110.47360680271109,8552846.64096414,7000000000,882873,884273,882001,2272,585,1400,0,0.17538020532435375,0.17538020532435375
11,296,1,8000000,120.81242030519877,6084898.668754299,4000000000,888273,889073,885001,4072,1315,800,0,0.3944190578429678,0.3944190578429678
11,283,0,4000000,136.47095258698826,0,9000000000,882001,891001,846001,45000,0,9000,0.8999999999999999,0,0.8999999999999999
11,297,1,8000000,134.6025475241832,4006957.344358755,4000000000,892473,893273,888001,5272,1997,800,0,0.5989582103684907,0.5989582103684907
11,298,1,7000000,150.90073724140643,2562382.7103684866,6000000000,894473,895673,891001,4672,2732,1200,0,0.8195497071934297,0.8195497071934297
11,284,0,8000000,152.88392884799885,0,9000000000,891001,900001,849001,51000,0,9000,0.8999999999999999,0,0.8999999999999999
11,291,0,6000000,117.72367391480783,0,2000000000,900001,902001,870001,32000,0,2000,0.19999999999999998,0,0.19999999999999998
11,292,0,10000000,108.45338630029032,0,5000000000,902001,907001,873001,34000,0,5000,0.49999999999999994,0,0.49999999999999994
11,294,0,7000000,104.60313809824244,0,7000000000,907001,914001,879001,35000,0,7000,0.7,0,0.7
11,299,0,6000000,168.42337515915057,0,3000000000,914001,917001,894001,23000,0,3000,0.3,0,0.3
11,300,0,10000000,185.89579070005865,0,5000000000,917001,922001,897001,25000,0,5000,0.49999999999999994,0,0.49999999999999994
11,302,1,6000000,219.2214451188569,583252.6512782113,4000000000,921673,922473,903001,19472,10287,800,0,3.0861411363587625,3.0861411363587625
11,301,0,6000000,201.8462347927253,0,2000000000,922001,924001,900001,24000,0,2000,0.19999999999999998,0,0.19999999999999998
11,307,1,3000000,200.87652575649545,825924.6127729233,2000000000,931073,931473,918001,13472,3632,400,0,1.089687831167035,1.089687831167035
11,303,0,4000000,236.56384508204118,0,9000000000,924001,933001,906001,27000,0,9000,0.8999999999999999,0,0.8999999999999999
11,306,1,4000000,220.42744339124377,570642.6438944254,10000000000,931473,933473,915001,18472,7010,2000,0,2.1028922616270718,2.1028922616270718
11,304,0,7000000,238.86578197808075,0,3000000000,933001,936001,909001,27000,0,3000,0.3,0,0.3
11,305,0,4000000,227.0350380447916,0,2000000000,936001,938001,912001,26000,0,2000,0.19999999999999998,0,0.19999999999999998
11,309,1,4000000,168.1006915512248,1674241.4812455901,8000000000,939473,941073,924001,17072,2389,1600,0,0.7167424851445161,0.7167424851445161
11,310,1,4000000,155.0167336128587,2305017.4542418085,6000000000,942273,943473,927001,16472,1735,1200,0,0.5206034330853764,0.5206034330853764
11,308,1,10000000,183.11558371695187,1193021.554114794,2000000000,943473,943873,921001,22872,8382,400,0,2.5146234698382797,2.5146234698382797
11,311,1,4000000,145.67647236256104,2942392.1926737963,9000000000,945073,946873,930001,16872,1359,1800,0,0.4078314247121292,0.4078314247121292
11,317,0,9000000,182.3720197837377,0,2000000000,948001,950001,948001,2000,0,2000,0.19999999999999998,0,0.19999999999999998
11,312,1,10000000,141.0439296815003,3339162.5537377736,3000000000,951673,952273,933001,19272,2995,600,0,0.898428858050614,0.898428858050614
11,318,0,6000000,200.35835146057678,0,6000000000,951001,957001,951001,6000,0,6000,0.6,0,0.6
11,313,1,7000000,140.81360303607033,3360561.1363724773,2000000000,957673,958073,936001,22072,2083,400,0,0.6248956393832559,0.6248956393832559
11,314,1,2000000,145.5372955637145,2953435.912868947,7000000000,959473,960873,939001,21872,677,1400,0,0.20315321466283798,0.20315321466283798
11,319,0,3000000,218.94706620551003,0,6000000000,957001,963001,954001,9000,0,6000,0.6,0,0.6
11,315,1,2000000,154.73237347110006,2321737.9095426206,6000000000,965273,966473,942001,24472,861,1200,0,0.2584271021866543,0.2584271021866543
11,316,1,2000000,166.62243216325948,1733733.8367829632,4000000000,969673,970473,945001,25472,1154,800,0,0.3460738824324571,0.3460738824324571
11,320,0,9000000,239.51357059674092,0,9000000000,963001,972001,957001,15000,0,9000,0.8999999999999999,0,0.8999999999999999
11,323,1,6000000,199.20351226823288,853856.6194414865,5000000000,973242,974242,966001,8241,7027,1000,0,2.1080822693362644,2.1080822693362644
11,322,1,6000000,219.8009738376971,577150.1499998887,5000000000,974242,975242,963001,12241,10396,1000,0,3.1187724719474597,3.1187724719474597
11,325,1,6000000,175.15710119775332,1422802.8145262431,9000000000,976218,978018,972001,6017,4217,1800,0,1.2651085460491964,1.2651085460491964
11,321,0,10000000,240.7926327776662,0,7000000000,972001,979001,960001,19000,0,7000,0.7,0,0.7
11,324,1,9000000,190.62742850912088,1017042.3973981262,9000000000,978018,979818,969001,10817,8849,1800,0,2.6547565833119067,2.6547565833119067
11,328,1,6000000,142.99312046388803,3164637.035894737,9000000000,984218,986018,981001,5017,1896,1800,0,0.5687856078228214,0.5687856078228214
11,326,0,4000000,160.8393142238551,0,8000000000,979001,987001,975001,12000,0,8000,0.7999999999999999,0,0.7999999999999999
11,329,1,7000000,142.84990479520803,3177071.252320686,5000000000,986818,987818,984001,3817,2203,1000,0,0.6609861199889864,0.6609861199889864
11,331,1,3000000,144.51378100375064,3036244.1774164517,2000000000,993043,993443,990001,3442,988,400,0,0.29641884756640763,0.29641884756640763
11,327,0,7000000,149.58023699673697,0,7000000000,987001,994001,978001,16000,0,7000,0.7,0,0.7
11,332,1,5000000,149.15798335992613,2682014.4921590523,3000000000,997843,998443,993001,5442,1864,600,0,0.5592810942615313,0.5592810942615313
12,1,1,9000000,132.78421743565764,4224552.848432764,2000000000,2131,2531,1,2530,2130,400,0,0.6391208956000285,0.6391208956000285
12,2,0,3000000,137.76533744015586,0,6000000000,3001,9001,3001,6000,0,6000,0.6,0,0.6
12,3,0,4000000,152.23711636785558,0,5000000000,9001,14001,6001,8000,0,5000,0.49999999999999994,0,0.49999999999999994
12,5,1,4000000,188.09489227514925,1072519.5070882235,8000000000,15731,17331,12001,5330,3730,1600,0,1.1188607685634293,1.1188607685634293
12,6,1,3000000,208.5456125167825,711537.6472218834,10000000000,19217,21217,15001,6216,4216,2000,0,1.2648663124346913,1.2648663124346913
12,4,0,3000000,169.86847147131215,0,8000000000,14001,22001,9001,13000,0,8000,0.7999999999999999,0,0.7999999999999999
12,7,0,5000000,229.93741235388387,0,7000000000,22001,29001,18001,11000,0,7000,0.7,0,0.7
12,8,0,6000000,223.98403737766668,0,7000000000,29001,36001,21001,15000,0,7000,0.7,0,0.7
12,9,1,8000000,217.19726149286504,605208.8923232022,9000000000,37410,39210,24001,15209,13219,1800,0,3.9655729293519997,3.9655729293519997
12,10,0,9000000,235.57304875558245,0,6000000000,36001,42001,27001,15000,0,6000,0.6,0,0.6
12,13,1,4000000,194.4787456253253,939347.857752266,10000000000,40259,42259,36001,6258,4258,2000,0,1.2774820212731839,1.2774820212731839
12,11,0,8000000,229.24244284163439,0,4000000000,42001,46001,30001,16000,0,4000,0.39999999999999997,0,0.39999999999999997
12,15,1,6000000,176.4916592930102,1380658.419396175,2000000000,46347,46747,42001,4746,4346,400,0,1.3037257982950063,1.3037257982950063
12,14,1,9000000,182.96439435037627,1196937.196548799,3000000000,46747,47347,39001,8346,7519,600,0,2.2557574514227414,2.2557574514227414
12,12,0,8000000,210.23327424553895,0,5000000000,46001,51001,33001,18000,0,5000,0.49999999999999994,0,0.49999999999999994
12,16,0,7000000,175.49893589420986,0,9000000000,51001,60001,45001,15000,0,9000,0.8999999999999999,0,0.8999999999999999
12,18,1,10000000,189.97961601182374,1030886.4233844372,10000000000,60877,62877,51001,11876,9700,2000,0,2.910116897408438,2.910116897408438
12,17,0,8000000,180.09633672010105,0,4000000000,60001,64001,48001,16000,0,4000,0.39999999999999997,0,0.39999999999999997
12,19,1,9000000,204.6098739064173,767585.483666734,7000000000,65726,67126,54001,13125,11725,1400,0,3.5175235298903478,3.5175235298903478
12,20,1,7000000,222.7587969082254,547215.0559022279,7000000000,69793,71193,57001,14192,12792,1400,0,3.837613708448862,3.837613708448862
12,21,1,5000000,241.48568694645232,396630.13989313506,9000000000,72607,74407,60001,14406,12606,1800,0,3.7818608550629773,3.7818608550629773
12,23,1,5000000,207.69813672731874,723163.7613240904,2000000000,74407,74807,66001,8806,6914,400,0,2.074218980848192,2.074218980848192
12,24,1,4000000,193.80507759086186,952390.5448480737,8000000000,74807,76407,69001,7406,4200,1600,0,1.2599873092938203,1.2599873092938203
12,22,1,9000000,221.91041660994645,555599.0149991746,5000000000,79200,80200,63001,17199,16199,1000,0,4.859619846525486,4.859619846525486
12,25,1,9000000,184.56911388420332,1156177.7730866983,2000000000,80200,80600,72001,8599,7784,400,0,2.3352810120122722,2.3352810120122722
12,26,0,3000000,180.81135611459806,0,8000000000,75001,83001,75001,8000,0,8000,0.7999999999999999,0,0.7999999999999999
12,27,1,5000000,181.67775097683256,1230915.2210798464,2000000000,83359,83759,78001,5758,4062,400,0,1.2186054525218182,1.2186054525218182
12,29,1,3000000,195.72959714871942,915714.968999339,7000000000,87277,88677,84001,4676,3276,1400,0,0.9828385802008764,0.9828385802008764
12,28,0,4000000,184.09292680600194,0,7000000000,83001,90001,81001,9000,0,7000,0.7,0,0.7
12,32,1,2000000,184.2188204283156,1164925.979681445,2000000000,94718,95118,93001,2117,1717,400,0,0.5150541840985237,0.5150541840985237
12,30,1,5000000,213.23541661740902,651248.1939303726,4000000000,94679,95479,87001,8478,7678,800,0,2.303269343362464,2.303269343362464
12,31,0,10000000,212.422417366906,0,10000000000,90001,100001,90001,10000,0,10000,0.9999999999999999,0,0.9999999999999999
12,33,1,9000000,156.34465325043894,2228880.6055119797,8000000000,100039,101639,96001,5638,4038,1600,0,1.2113704041943525,1.2113704041943525
12,34,1,5000000,130.63182843396172,4501210.680903987,4000000000,101639,102439,99001,3438,1111,800,0,0.33324367738742505,0.33324367738742505
12,35,1,3000000,112.00285710641487,8120008.374525815,9000000000,103039,104839,102001,2838,369,1800,0,0.11083732411206501,0.11083732411206501
12,36,0,5000000,96.89810008457333,0,7000000000,105001,112001,105001,7000,0,7000,0.7,0,0.7
12,39,1,2000000,112.40946801760073,8009408.664303194,5000000000,114251,115251,114001,1250,250,1000,0,0.07491189738814495,0.07491189738814495
12,37,0,3000000,91.45726105673624,0,6000000000,112001,118001,108001,10000,0,6000,0.6,0,0.6
12,40,1,2000000,134.07824730358016,4068256.168580073,10000000000,118298,120298,117001,3297,492,2000,0,0.14748333810292374,0.14748333810292374
12,38,0,9000000,97.1190429318576,0,8000000000,118001,126001,111001,15000,0,8000,0.7999999999999999,0,0.7999999999999999
12,41,0,9000000,159.6242099432289,0,10000000000,126001,136001,120001,16000,0,10000,0.9999999999999999,0,0.9999999999999999
12,42,0,3000000,160.5617849925691,0,4000000000,136001,140001,123001,17000,0,4000,0.39999999999999997,0,0.39999999999999997
12,43,1,5000000,148.02994629466025,2763141.0470175566,9000000000,141458,143258,126001,17257,1810,1800,0,0.5428604528238073,0.5428604528238073
12,44,0,7000000,142.16604693104463,0,4000000000,140001,144001,129001,15000,0,4000,0.39999999999999997,0,0.39999999999999997
12,45,0,5000000,143.93993504236408,0,8000000000,144001,152001,132001,20000,0,8000,0.7999999999999999,0,0.7999999999999999
12,49,1,4000000,145.34274835711616,2968959.2086826353,5000000000,154658,155658,144001,11657,1347,1000,0,0.4041820434887198,0.4041820434887198
12,46,0,8000000,145.34274835711616,0,4000000000,152001,156001,135001,21000,0,4000,0.39999999999999997,0,0.39999999999999997
12,52,1,3000000,162.53948351093035,1912234.7112070809,8000000000,160258,161858,153001,8857,1569,1600,0,0.47065352110039,0.47065352110039
12,47,0,6000000,145.34274835711616,0,7000000000,156001,163001,138001,25000,0,7000,0.7,0,0.7
12,48,0,5000000,145.34274835711616,0,8000000000,163001,171001,141001,30000,0,8000,0.7999999999999999,0,0.7999999999999999
12,53,1,10000000,180.96193909217487,1250338.258970312,10000000000,170058,172058,156001,16057,7998,2000,0,2.3993507184772405,2.3993507184772405
12,57,1,4000000,162.6346878743892,1907819.6868491715,7000000000,172834,174234,168001,6233,2097,1400,0,0.6289902595469283,0.6289902595469283
12,56,1,8000000,174.13055561847844,1456312.4404850616,3000000000,174234,174834,165001,9833,5493,600,0,1.6479980073511007,1.6479980073511007
12,50,0,8000000,145.59754187485444,0,4000000000,171001,175001,147001,28000,0,4000,0.39999999999999997,0,0.39999999999999997
12,51,0,10000000,149.90465369694164,0,7000000000,175001,182001,150001,32000,0,7000,0.7,0,0.7
12,62,1,4000000,152.78258670411367,2440523.312391394,2000000000,184640,185040,183001,2039,1639,400,0,0.49169782312964544,0.49169782312964544
12,61,1,7000000,173.35734308070136,1482201.79296339,2000000000,187234,187634,180001,7633,4723,400,0,1.4168111319049452,1.4168111319049452
12,54,0,10000000,202.77701694225607,0,6000000000,182001,188001,159001,29000,0,6000,0.6,0,0.6
12,63,1,8000000,133.1340414770017,4181583.0411601174,7000000000,187914,189314,186001,3313,1913,1400,0,0.5739453160146154,0.5739453160146154
12,55,0,9000000,189.99266091088887,0,2000000000,188001,190001,162001,28000,0,2000,0.19999999999999998,0,0.19999999999999998
12,64,1,4000000,119.4330013019852,6358670.550573958,10000000000,189630,191630,189001,2629,629,2000,0,0.18871869370424976,0.18871869370424976
12,65,1,9000000,113.59939128358036,7696059.091552404,5000000000,193170,194170,192001,2169,1169,1000,0,0.35082890709137887,0.35082890709137887
12,58,0,5000000,155.56335204668227,0,7000000000,190001,197001,171001,26000,0,7000,0.7,0,0.7
12,66,1,10000000,116.9373584445963,6893139.275469517,10000000000,196452,198452,195001,3451,1451,2000,0,0.43521534675442325,0.43521534675442325
12,67,1,9000000,128.95568230985404,4732174.410200084,9000000000,199903,201703,198001,3702,1902,1800,0,0.5705622333319367,0.5705622333319367
12,59,0,9000000,155.19674738859703,0,8000000000,197001,205001,174001,31000,0,8000,0.7999999999999999,0,0.7999999999999999
12,60,0,9000000,161.4589532977345,0,7000000000,205001,212001,177001,35000,0,7000,0.7,0,0.7
12,68,0,4000000,147.59342973181427,0,6000000000,212001,218001,201001,17000,0,6000,0.6,0,0.6
12,69,0,10000000,170.4916209084775,0,2000000000,218001,220001,204001,16000,0,2000,0.19999999999999998,0,0.19999999999999998
12,70,0,3000000,197.4833101808859,0,9000000000,220001,229001,207001,22000,0,9000,0.8999999999999999,0,0.8999999999999999
12,71,0,8000000,200.9813548566135,0,6000000000,229001,235001,210001,25000,0,6000,0.6,0,0.6
12,77,1,2000000,249.90821074946697,345925.00878298114,4000000000,236649,237449,228001,9448,5782,800,0,1.7344799733066274,1.7344799733066274
12,72,0,8000000,191.20536237250252,0,6000000000,235001,241001,213001,28000,0,6000,0.6,0,0.6
12,76,1,8000000,232.2399640458119,463449.187372028,10000000000,242263,244263,225001,19262,17262,2000,0,5.178561243378403,5.178561243378403
12,73,0,9000000,195.84026399083515,0,5000000000,241001,246001,216001,30000,0,5000,0.49999999999999994,0,0.49999999999999994
12,79,1,9000000,223.1033168735956,543855.4821957992,6000000000,250550,251750,234001,17749,16549,1200,0,4.964554166299539,4.964554166299539
12,74,0,10000000,204.67714112719085,0,7000000000,246001,253001,219001,34000,0,7000,0.7,0,0.7
12,80,1,10000000,209.84444715074068,694167.9524470079,8000000000,252750,254350,237001,17349,14406,1600,0,4.321720686506364,4.321720686506364
12,75,0,5000000,216.94801082286975,0,3000000000,253001,256001,222001,34000,0,3000,0.3,0,0.3
12,81,1,10000000,199.71652034821756,845168.2200305838,8000000000,255350,256950,240001,16949,11832,1600,0,3.5495892165602725,3.5495892165602725
12,84,1,5000000,192.29771839520092,982400.586523546,3000000000,256950,257550,249001,8549,5090,600,0,1.5268720525789794,1.5268720525789794
12,83,1,10000000,190.72383831078903,1015001.9092187859,5000000000,257550,258550,246001,12549,9852,1000,0,2.9556594650240635,2.9556594650240635
12,78,0,9000000,238.98859658987917,0,6000000000,256001,262001,231001,31000,0,6000,0.6,0,0.6
12,85,1,7000000,197.98200650564183,874996.3985965408,9000000000,263150,264950,252001,12949,8000,1800,0,2.40000987817586,2.40000987817586
12,82,0,3000000,193.18292367598124,0,3000000000,262001,265001,243001,22000,0,3000,0.3,0,0.3
12,86,0,7000000,206.79771468756613,0,7000000000,265001,272001,255001,17000,0,7000,0.7,0,0.7
12,87,0,4000000,218.7273867168901,0,4000000000,272001,276001,258001,18000,0,4000,0.39999999999999997,0,0.39999999999999997
12,89,1,4000000,251.59575532985448,336758.4002379211,9000000000,275879,277679,264001,13678,11878,1800,0,3.563385498779527,3.563385498779527
12,90,1,6000000,233.67389670222045,452212.95952568203,10000000000,280269,282269,267001,15268,13268,2000,0,3.9804255098924792,3.9804255098924792
12,94,1,4000000,190.24333523148715,1025222.498766596,2000000000,282903,283303,279001,4302,3902,400,0,1.1704776294352415,1.1704776294352415
12,88,0,8000000,234.0744892123018,0,8000000000,276001,284001,261001,23000,0,8000,0.7999999999999999,0,0.7999999999999999
12,91,0,3000000,218.09928839865572,0,2000000000,284001,286001,270001,16000,0,2000,0.19999999999999998,0,0.19999999999999998
12,92,0,7000000,205.33306626064882,0,6000000000,286001,292001,273001,19000,0,6000,0.6,0,0.6
12,95,1,10000000,188.81925352039713,1056275.3001057925,7000000000,291468,292868,282001,10867,9467,1400,0,2.840168656504163,2.840168656504163
12,97,1,4000000,197.63939688230178,881042.4505008596,5000000000,292868,293868,288001,5867,4540,1000,0,1.362022907429509,1.362022907429509
12,99,1,5000000,162.66544224265954,1906396.1802129655,9000000000,296624,298424,294001,4423,2623,1800,0,0.7868249084680989,0.7868249084680989
12,100,1,9000000,141.84161448601745,3266339.978508362,5000000000,299756,300756,297001,3755,2755,1000,0,0.826613279011148,0.826613279011148
12,93,0,7000000,195.8548536544346,0,9000000000,292001,301001,276001,25000,0,9000,0.8999999999999999,0,0.8999999999999999
12,102,1,7000000,103.28835849213596,11000319.880237702,9000000000,303637,305437,303001,2436,636,1800,0,0.190903539430039,0.190903539430039
12,96,0,4000000,191.67596458606909,0,8000000000,301001,309001,285001,24000,0,8000,0.7999999999999999,0,0.7999999999999999
12,104,1,10000000,72.55744276089116,37272999.455909654,3000000000,309269,309869,309001,868,268,600,0,0.08048721712210763,0.08048721712210763
12,98,0,7000000,183.94409639887874,0,10000000000,309001,319001,291001,28000,0,10000,0.9999999999999999,0,0.9999999999999999
12,107,1,9000000,71.20191359788019,39518403.14144167,7000000000,318229,319629,318001,1628,228,1400,0,0.06832259872283648,0.06832259872283648
12,109,1,5000000,112.53552550194982,7975491.1437443495,2000000000,324628,325028,324001,1027,627,400,0,0.18807619154295455,0.18807619154295455
12,101,0,7000000,121.95976795648635,0,8000000000,319001,327001,300001,27000,0,8000,0.7999999999999999,0,0.7999999999999999
12,110,1,6000000,79.50217607084726,27758288.193058666,4000000000,327217,328017,327001,1016,216,800,0,0.06484549722522566,0.06484549722522566
12,103,0,10000000,86.26768572298664,0,5000000000,327001,332001,306001,26000,0,5000,0.49999999999999994,0,0.49999999999999994
12,113,1,9000000,123.7223718653987,5553021.745355673,4000000000,337622,338422,336001,2421,1621,800,0,0.4862217588573596,0.4862217588573596
12,105,0,9000000,64.37436213276213,0,8000000000,332001,340001,312001,28000,0,8000,0.7999999999999999,0,0.7999999999999999
12,115,1,10000000,72.64618916364435,37130883.814013384,5000000000,342270,343270,342001,1269,269,1000,0,0.08079527584171818,0.08079527584171818
12,106,0,4000000,61.76849763431199,0,7000000000,340001,347001,315001,32000,0,7000,0.7,0,0.7
12,108,0,3000000,89.77823455604374,0,4000000000,347001,351001,321001,30000,0,4000,0.39999999999999997,0,0.39999999999999997
12,111,0,8000000,95.31315963706166,0,2000000000,351001,353001,330001,23000,0,2000,0.19999999999999998,0,0.19999999999999998
12,118,1,2000000,10.95869061521498,517274121.9708077,10000000000,351005,353005,351001,2004,4,2000,0,0.001159926573774864,0.001159926573774864
12,112,0,9000000,122.27936048246244,0,3000000000,353001,356001,333001,23000,0,3000,0.3,0,0.3
12,114,0,10000000,100.02399712069095,0,2000000000,356001,358001,339001,19000,0,2000,0.19999999999999998,0,0.19999999999999998
12,116,0,10000000,58.188618302894966,0,8000000000,358001,366001,345001,21000,0,8000,0.7999999999999999,0,0.7999999999999999
12,117,0,4000000,36.350544700182986,0,3000000000,366001,369001,348001,21000,0,3000,0.3,0,0.3
12,124,1,7000000,156.44312225214628,2223359.7790144137,4000000000,372404,373204,369001,4203,3148,800,0,0.9445165014772834,0.9445165014772834
12,119,0,8000000,20.541930289045407,0,10000000000,369001,379001,354001,25000,0,10000,0.9999999999999999,0,0.9999999999999999
12,120,0,7000000,47.185647182167585,0,8000000000,379001,387001,357001,30000,0,8000,0.7999999999999999,0,0.7999999999999999
12,126,1,2000000,122.05948140148719,5849671.451342702,10000000000,385567,387567,375001,12566,342,2000,0,0.10256986310953913,0.10256986310953913
12,125,1,10000000,149.44891735974534,2661570.423559145,2000000000,387567,387967,372001,15966,3757,400,0,1.1271540942314406,1.1271540942314406
12,121,0,10000000,74.3892572889392,0,2000000000,387001,389001,360001,29000,0,2000,0.19999999999999998,0,0.19999999999999998
12,127,1,10000000,94.6819032339338,15126773.82028933,6000000000,389767,390967,378001,12966,661,1200,0,0.19832384853775906,0.19832384853775906
12,128,1,6000000,70.22866223985764,41220207.29425396,3000000000,392367,392967,381001,11966,146,600,0,0.04366790266605276,0.04366790266605276
12,122,0,8000000,101.70164698764721,0,9000000000,389001,398001,363001,35000,0,9000,0.8999999999999999,0,0.8999999999999999
12,130,1,8000000,90.2592322147712,17948536.940789446,5000000000,397367,398367,387001,11366,446,1000,0,0.13371563420001178,0.13371563420001178
12,131,1,9000000,117.03912892703876,6870299.866385396,9000000000,399767,401567,390001,11566,1310,1800,0,0.3929959466850062,0.3929959466850062
12,123,0,8000000,129.05545164773167,0,6000000000,398001,404001,366001,38000,0,6000,0.6,0,0.6
12,132,1,5000000,146.72856606673426,2860537.142438957,5000000000,404567,405567,393001,12566,1748,1000,0,0.5243770401530486,0.5243770401530486
12,133,1,8000000,165.36349808830244,1786480.4642905304,6000000000,410567,411767,396001,15766,4478,1200,0,1.3434235906705636,1.3434235906705636
12,137,1,3000000,176.2100783156287,1389420.0253559907,4000000000,412027,412827,408001,4826,2159,800,0,0.6477522876996149,0.6477522876996149
12,129,0,7000000,70.22082312248983,0,9000000000,404001,413001,384001,29000,0,9000,0.8999999999999999,0,0.8999999999999999
12,136,0,3000000,195.56294945617896,0,4000000000,413001,417001,405001,12000,0,4000,0.39999999999999997,0,0.39999999999999997
12,134,1,8000000,184.59392866505658,1155561.1551864753,3000000000,416567,417167,399001,18166,6923,600,0,2.0769130125464517,2.0769130125464517
12,139,1,2000000,139.58500671633755,3477603.323939625,8000000000,417427,419027,414001,5026,575,1600,0,0.17253261631930067,0.17253261631930067
12,138,1,10000000,152.26477498095218,2473325.695109722,3000000000,419027,419627,411001,8626,4043,600,0,1.212941751234632,1.212941751234632
12,140,1,6000000,140.14355283066004,3423780.7842878825,6000000000,422427,423627,417001,6626,1752,1200,0,0.5257345938327604,0.5257345938327604
12,135,1,8000000,213.44284293458986,648731.6515364852,6000000000,426567,427767,402001,25766,12332,1200,0,3.6995265982717696,3.6995265982717696
12,141,0,6000000,148.31342656684865,0,10000000000,420001,430001,420001,10000,0,10000,0.9999999999999999,0,0.9999999999999999
12,143,1,8000000,138.79485941489335,3555536.136797724,5000000000,431027,432027,426001,6026,2250,1000,0,0.6750036865499413,0.6750036865499413
12,142,0,2000000,140.75315271779883,0,7000000000,430001,437001,423001,14000,0,7000,0.7,0,0.7
12,144,0,2000000,141.847108183424,0,4000000000,437001,441001,429001,12000,0,4000,0.39999999999999997,0,0.39999999999999997
12,146,1,9000000,147.7856518745984,2781108.048667043,8000000000,444227,445827,435001,10826,3236,1600,0,0.9708360670467595,0.9708360670467595
12,145,0,3000000,151.89080946522077,0,8000000000,441001,449001,432001,17000,0,8000,0.7999999999999999,0,0.7999999999999999
12,147,0,5000000,124.98769259411107,0,2000000000,449001,451001,438001,13000,0,2000,0.19999999999999998,0,0.19999999999999998
12,148,1,4000000,101.42656160986624,11766240.912846994,6000000000,450027,451227,441001,10226,340,1200,0,0.10198669302187903,0.10198669302187903
12,150,0,6000000,83.64600289314481,0,6000000000,451001,457001,447001,10000,0,6000,0.6,0,0.6
12,149,1,2000000,86.59785216736036,20755780.387042977,9000000000,455427,457227,444001,13226,96,1800,0,0.02890760977479587,0.02890760977479587
12,152,0,4000000,73.08059728819954,0,6000000000,457001,463001,453001,10000,0,6000,0.6,0,0.6
12,151,1,2000000,77.33570714747495,30401697.708251208,4000000000,464627,465427,450001,15426,66,800,0,0.019735739949718542,0.019735739949718542
12,155,0,9000000,77.97542240988503,0,8000000000,463001,471001,462001,9000,0,8000,0.7999999999999999,0,0.7999999999999999
12,153,1,7000000,65.7745125409531,50064035.251436315,5000000000,477627,478627,456001,22626,140,1000,0,0.0419462791893059,0.0419462791893059
12,156,0,2000000,88.60544283507647,0,9000000000,471001,480001,465001,15000,0,9000,0.8999999999999999,0,0.8999999999999999
12,154,1,7000000,67.34070462951806,46745871.99556472,6000000000,482427,483627,459001,24626,150,1200,0,0.04492375284387142,0.04492375284387142
12,162,0,8000000,214.94042081469928,0,7000000000,483001,490001,483001,7000,0,7000,0.7,0,0.7
12,163,1,5000000,192.83196545178913,971631.3500518753,5000000000,491147,492147,486001,6146,5146,1000,0,1.5437953910399402,1.5437953910399402
12,164,0,6000000,183.62461381851833,0,4000000000,490001,494001,489001,5000,0,4000,0.39999999999999997,0,0.39999999999999997
12,165,1,2000000,178.7526587214859,1312737.969607016,3000000000,493525,494125,492001,2124,1524,600,0,0.4570599875157243,0.4570599875157243
12,166,1,4000000,179.67105637803772,1286338.626469339,4000000000,499286,500086,495001,5085,3110,800,0,0.932880328171194,0.932880328171194
12,167,1,2000000,186.30813857692846,1113937.7101093365,2000000000,500086,500486,498001,2485,1795,400,0,0.5386297586972867,0.5386297586972867
12,157,1,10000000,105.90137156807738,10023435.267712459,4000000000,501027,501827,468001,33826,998,800,0,0.2992985857516949,0.2992985857516949
12,169,0,6000000,214.52505331545777,0,4000000000,504001,508001,504001,4000,0,4000,0.39999999999999997,0,0.39999999999999997
12,158,1,6000000,127.37029834305956,4964138.726085894,3000000000,507827,508427,471001,37426,1209,600,0,0.36260066434913224,0.36260066434913224
12,170,1,2000000,234.2099299773603,448100.04194348044,5000000000,512734,513734,507001,6733,4463,1000,0,1.3389867079630378,1.3389867079630378
12,159,1,3000000,150.19535279095686,2609992.6461800723,8000000000,512227,513827,474001,39826,1149,1600,0,0.3448285577805057,0.3448285577805057
12,168,1,10000000,198.22048456201492,870818.4455018714,3000000000,513734,514334,501001,13333,11483,600,0,3.445034973129256,3.445034973129256
12,174,1,2000000,187.8614281857774,1077821.2246495062,4000000000,521890,522690,519001,3689,1856,800,0,0.5566785903618778,0.5566785903618778
12,160,1,7000000,172.31764738412605,1517921.7231717557,4000000000,523627,524427,477001,47426,4612,800,0,1.383470549200633,1.383470549200633
12,172,1,7000000,215.72341412095255,621846.7735572681,7000000000,524735,526135,513001,13134,11257,1400,0,3.3770377033348127,3.3770377033348127
12,173,1,9000000,199.69213730139703,845578.6761529521,2000000000,527935,528335,516001,12334,10644,400,0,3.193079575142469,3.193079575142469
12,176,0,3000000,179.62085207458517,0,5000000000,525001,530001,525001,5000,0,5000,0.49999999999999994,0,0.49999999999999994
12,175,1,8000000,181.14612554509688,1245304.2914153019,8000000000,528425,530025,522001,8024,6424,1600,0,1.9272398051984339,1.9272398051984339
12,161,1,7000000,196.55080895279983,900601.305591012,10000000000,530027,532027,480001,52026,7773,2000,0,2.331775433771876,2.331775433771876
12,177,1,6000000,159.58738421316397,2055648.1295204351,9000000000,533425,535225,528001,7224,2919,1800,0,0.8756362405369077,0.8756362405369077
12,178,1,3000000,133.7980197910268,4101491.8314939877,9000000000,535225,537025,531001,6024,731,1800,0,0.21943235217225113,0.21943235217225113
12,171,1,10000000,234.88303237994867,443001.2847951637,5000000000,538025,539025,510001,29024,22573,1000,0,6.7719893891214085,6.7719893891214085
12,179,1,2000000,108.06939668564829,9291072.127625763,8000000000,540025,541625,534001,7624,215,1600,0,0.06457812314425802,0.06457812314425802
12,180,1,8000000,84.14338476671831,22921349.902378026,5000000000,544825,545825,537001,8824,349,1000,0,0.10470587509992187,0.10470587509992187
12,181,1,10000000,58.71325574348603,68307491.23824179,3000000000,548225,548825,540001,8824,146,600,0,0.04391904819833958,0.04391904819833958
12,182,0,8000000,34.04274078272783,0,10000000000,543001,553001,543001,10000,0,10000,0.9999999999999999,0,0.9999999999999999
12,184,1,2000000,23.60072032799006,297051358.58434767,3000000000,554425,555025,549001,6024,7,600,0,0.002019852738123836,0.002019852738123836
12,185,1,9000000,47.12243839191678,113192046.1350415,4000000000,556225,557025,552001,5024,80,800,0,0.023853266127717303,0.023853266127717303
12,183,0,10000000,14.811144452742305,0,7000000000,553001,560001,546001,14000,0,7000,0.7,0,0.7
12,186,0,4000000,72.31232605856347,0,4000000000,560001,564001,555001,9000,0,4000,0.39999999999999997,0,0.39999999999999997
12,188,1,4000000,121.93187770226461,5873225.088252275,8000000000,568825,570425,561001,9424,681,1600,0,0.20431704591064634,0.20431704591064634
12,187,0,8000000,96.653099277778,0,7000000000,564001,571001,558001,13000,0,7000,0.7,0,0.7
12,189,1,3000000,147.73179650975607,2785088.3253964256,4000000000,573625,574425,564001,10424,1077,800,0,0.3231495359745531,0.3231495359745531
12,191,0,2000000,126.16649317469363,0,5000000000,571001,576001,570001,6000,0,5000,0.49999999999999994,0,0.49999999999999994
12,190,1,2000000,173.57127210457378,1474982.0174039388,8000000000,578625,580225,567001,13224,1356,1600,0,0.40678462036848273,0.40678462036848273
12,193,0,8000000,179.1321506597852,0,5000000000,576001,581001,576001,5000,0,5000,0.49999999999999994,0,0.49999999999999994
12,197,0,10000000,200.0282072608761,0,2000000000,588001,590001,588001,2000,0,2000,0.19999999999999998,0,0.19999999999999998
12,192,1,9000000,150.78007627004314,2570450.1018163213,9000000000,591025,592825,573001,19824,3501,1800,0,1.050399693848224,1.050399693848224
12,198,0,8000000,211.99848725875387,0,4000000000,591001,595001,591001,4000,0,4000,0.39999999999999997,0,0.39999999999999997
12,194,1,10000000,189.46560743311696,1042038.21282359,4000000000,600025,600825,579001,21824,9597,800,0,2.878973115458943,2.878973115458943
12,195,1,10000000,187.3850180777534,1088741.5432302991,10000000000,600825,602825,582001,20824,9185,2000,0,2.7554749046307094,2.7554749046307094
12,200,0,2000000,234.98313854402403,0,6000000000,597001,603001,597001,6000,0,6000,0.6,0,0.6
12,196,1,7000000,191.66733263652412,995299.5876073022,9000000000,602825,604625,585001,19624,7033,1800,0,2.1099174822812845,2.1099174822812845
12,201,0,2000000,248.58741018000086,0,4000000000,603001,607001,600001,7000,0,4000,0.39999999999999997,0,0.39999999999999997
12,199,1,6000000,225.94405900576356,517111.88301174814,3000000000,609025,609625,594001,15624,11603,600,0,3.4808714692775804,3.4808714692775804
12,202,0,2000000,230.32643378474825,0,6000000000,607001,613001,603001,10000,0,6000,0.6,0,0.6
12,204,0,8000000,202.82282810374184,0,4000000000,613001,617001,609001,8000,0,4000,0.39999999999999997,0,0.39999999999999997
12,203,1,7000000,218.03641530716837,595983.6662156926,3000000000,617746,618346,606001,12345,11745,600,0,3.523586499164204,3.523586499164204
12,205,0,4000000,192.8085239298305,0,2000000000,617001,619001,612001,7000,0,2000,0.19999999999999998,0,0.19999999999999998
12,206,0,7000000,189.31521333479776,0,5000000000,619001,624001,615001,9000,0,5000,0.49999999999999994,0,0.49999999999999994
12,207,0,4000000,192.61789584563536,0,8000000000,624001,632001,618001,14000,0,8000,0.7999999999999999,0,0.7999999999999999
12,211,1,7000000,115.88951031046767,7133745.740607342,9000000000,631093,632893,630001,2892,981,1800,0,0.294375504308514,0.294375504308514
12,208,0,6000000,199.5119094189618,0,6000000000,632001,638001,621001,17000,0,6000,0.6,0,0.6
12,212,1,3000000,89.50802645573185,18486704.630500644,10000000000,636293,638293,633001,5292,162,2000,0,0.04868363605026273,0.04868363605026273
12,214,1,2000000,70.26070381087858,41162946.888799414,10000000000,639493,641493,639001,2492,49,2000,0,0.014576215877373497,0.014576215877373497
12,209,0,5000000,178.91846550873396,0,4000000000,638001,642001,624001,18000,0,4000,0.39999999999999997,0,0.39999999999999997
12,215,1,4000000,85.4473621594019,21740230.35279163,6000000000,644893,646093,642001,4092,184,1200,0,0.05519720722949515,0.05519720722949515
12,210,0,6000000,146.39415425487454,0,7000000000,642001,649001,627001,22000,0,7000,0.7,0,0.7
12,217,1,4000000,119.0770175138763,6431743.175542848,10000000000,649382,651382,648001,3381,622,2000,0,0.18657461394961847,0.18657461394961847
12,213,0,5000000,71.97397098951814,0,7000000000,649001,656001,636001,20000,0,7000,0.7,0,0.7
12,216,0,7000000,106.01704485600413,0,4000000000,656001,660001,645001,15000,0,4000,0.39999999999999997,0,0.39999999999999997
12,218,0,4000000,147.34589407241728,0,5000000000,660001,665001,651001,14000,0,5000,0.49999999999999994,0,0.49999999999999994
12,222,1,2000000,181.93324599973477,1224073.5214806758,2000000000,665325,665725,663001,2724,1634,400,0,0.49016663580323355,0.49016663580323355
12,219,0,5000000,177.51052081496468,0,4000000000,665001,669001,654001,15000,0,4000,0.39999999999999997,0,0.39999999999999997
12,221,1,7000000,208.8393365723996,707562.6160630942,4000000000,671265,672065,660001,12064,9893,800,0,2.967935207889418,2.967935207889418
12,224,1,7000000,133.42761670658737,4145936.1971031697,3000000000,672065,672665,669001,3664,1688,600,0,0.5065200958633427,0.5065200958633427
12,225,1,3000000,109.71990202328838,8776406.338019539,3000000000,672665,673265,672001,1264,342,600,0,0.10254766761438391,0.10254766761438391
12,226,1,2000000,91.06032780525226,17394594.376602765,7000000000,675116,676516,675001,1515,115,1400,0,0.034493474639860064,0.034493474639860064
12,220,0,6000000,202.0252350574056,0,10000000000,669001,679001,657001,22000,0,10000,0.9999999999999999,0,0.9999999999999999
12,228,1,10000000,68.9352812426264,43604008.86544324,9000000000,682388,684188,681001,3187,229,1800,0,0.06880101344024678,0.06880101344024678
12,223,0,9000000,158.7823809495247,0,8000000000,679001,687001,666001,21000,0,8000,0.7999999999999999,0,0.7999999999999999
12,231,1,10000000,88.67668521093916,19104249.9195276,10000000000,690524,692524,690001,2523,523,2000,0,0.15703312156388405,0.15703312156388405
12,227,0,3000000,77.83028330926211,0,7000000000,687001,694001,678001,16000,0,7000,0.7,0,0.7
12,232,1,3000000,107.7492835243001,9395056.49189752,10000000000,694924,696924,693001,3923,319,2000,0,0.09579505996330917,0.09579505996330917
12,233,1,10000000,129.2551654673808,4689859.29401812,2000000000,700124,700524,696001,4523,2132,400,0,0.6396780397711457,0.6396780397711457
12,229,0,8000000,71.21440303758786,0,10000000000,694001,704001,684001,20000,0,10000,0.9999999999999999,0,0.9999999999999999
12,234,1,6000000,153.03211460343874,2424908.4509427194,10000000000,703324,705324,699001,6323,2474,2000,0,0.7422960645381161,0.7422960645381161
12,230,0,8000000,84.97751820334597,0,3000000000,704001,707001,687001,20000,0,3000,0.3,0,0.3
12,237,0,9000000,207.5815418094778,0,8000000000,708001,716001,708001,8000,0,8000,0.7999999999999999,0,0.7999999999999999
12,235,1,7000000,181.5209629767317,1235137.2766204013,10000000000,714724,716724,702001,14723,5667,2000,0,1.7002158705354982,1.7002158705354982
12,238,1,2000000,198.1085543332241,872776.2762098233,9000000000,724161,725961,711001,14960,2292,1800,0,0.6874613991635979,0.6874613991635979
12,236,1,6000000,211.17732927565876,676888.9286769222,7000000000,726524,727924,705001,22923,8864,1400,0,2.6592250570833853,2.6592250570833853
12,239,1,4000000,176.35123163732086,1385019.3220930973,4000000000,730361,731161,714001,17160,2888,800,0,0.8664139054656014,0.8664139054656014
12,240,1,6000000,149.0960016231153,2686395.033893386,3000000000,733161,733761,717001,16760,2233,600,0,0.6700429301312638,0.6700429301312638
12,241,1,7000000,122.13697761120507,5835423.119717769,3000000000,736361,736961,720001,16960,1200,600,0,0.35987107651271166,0.35987107651271166
12,245,0,9000000,80.63098969999066,0,9000000000,732001,741001,732001,9000,0,9000,0.8999999999999999,0,0.8999999999999999
12,242,1,5000000,97.27441852820303,13715437.590621445,5000000000,740361,741361,723001,18360,365,1000,0,0.10936581425777427,0.10936581425777427
12,243,1,2000000,77.30673709321842,30438895.16125597,7000000000,743961,745361,726001,19360,66,1400,0,0.019711622147301447,0.019711622147301447
12,246,0,6000000,102.93321427022472,0,6000000000,741001,747001,735001,12000,0,6000,0.6,0,0.6
12,244,1,7000000,68.02405236385144,45371138.744769685,5000000000,752761,753761,729001,24760,154,1000,0,0.04628493042269266,0.04628493042269266
12,250,0,8000000,199.4084383871455,0,8000000000,747001,755001,747001,8000,0,8000,0.7999999999999999,0,0.7999999999999999
12,252,0,9000000,232.56066262375504,0,7000000000,755001,762001,753001,9000,0,7000,0.7,0,0.7
12,253,0,7000000,250.0185273134773,0,7000000000,762001,769001,756001,13000,0,7000,0.7,0,0.7
12,247,1,3000000,127.69200014096423,4915961.77540055,3000000000,769761,770361,738001,32360,610,600,0,0.18307709480240383,0.18307709480240383
12,255,1,5000000,213.22245660342628,651405.8313053065,2000000000,771791,772191,762001,10190,7676,400,0,2.3027119622098793,2.3027119622098793
12,254,0,4000000,229.94667077389929,0,7000000000,769001,776001,759001,17000,0,7000,0.7,0,0.7
12,248,1,9000000,151.09244355691652,2549629.523962575,8000000000,777761,779361,741001,38360,3530,1600,0,1.0589773826448803,1.0589773826448803
12,258,1,2000000,188.78181718587203,1057107.295888215,7000000000,780191,781591,771001,10590,1892,1400,0,0.567586660629242,0.567586660629242
12,259,0,9000000,191.65000104356903,0,8000000000,776001,784001,774001,10000,0,8000,0.7999999999999999,0,0.7999999999999999
12,256,1,8000000,202.38985399470994,801632.796896749,9000000000,782791,784591,765001,19590,9980,1800,0,2.9938894831783216,2.9938894831783216
12,249,1,8000000,176.86904675493673,1369023.1326060703,10000000000,782961,784961,744001,40960,5844,2000,0,1.753074833316632,1.753074833316632
12,257,1,8000000,192.70673314650944,974142.5144236841,4000000000,784591,785391,768001,17390,8212,800,0,2.463705222248587,2.463705222248587
12,261,0,7000000,210.72596233022642,0,5000000000,784001,789001,780001,9000,0,5000,0.49999999999999994,0,0.49999999999999994
12,263,0,3000000,192.49860700794693,0,4000000000,789001,793001,786001,7000,0,4000,0.39999999999999997,0,0.39999999999999997
12,260,1,2000000,199.5008513766295,848807.3499122098,9000000000,793191,794991,777001,17990,2356,1800,0,0.7068741806513064,0.7068741806513064
12,251,1,8000000,216.08317310702378,617733.4666171712,9000000000,795361,797161,750001,47160,12951,1800,0,3.885170756803687,3.885170756803687
12,264,0,9000000,193.16037533614391,0,9000000000,793001,802001,789001,13000,0,9000,0.8999999999999999,0,0.8999999999999999
12,262,1,10000000,198.18912381863944,871366.4407406861,2000000000,804791,805191,783001,22190,11476,400,0,3.442868418767557,3.442868418767557
12,266,1,2000000,196.61391430923703,899452.8065332571,6000000000,806791,807991,795001,12990,2224,1200,0,0.6670722417472551,0.6670722417472551
12,265,0,3000000,199.08986237375322,0,7000000000,802001,809001,792001,17000,0,7000,0.7,0,0.7
12,267,0,6000000,192.5221176904098,0,4000000000,809001,813001,798001,15000,0,4000,0.39999999999999997,0,0.39999999999999997
12,268,0,6000000,193.35415718313376,0,7000000000,813001,820001,801001,19000,0,7000,0.7,0,0.7
12,269,1,9000000,201.44591557040812,816678.6144689837,3000000000,822391,822991,804001,18990,11020,600,0,3.306074081241345,3.306074081241345
12,270,0,4000000,215.9405631186508,0,9000000000,820001,829001,807001,22000,0,9000,0.8999999999999999,0,0.8999999999999999
12,277,1,4000000,124.79110384959343,5372043.156182032,2000000000,830289,830689,828001,2688,745,400,0,0.22337869691517012,0.22337869691517012
12,271,0,9000000,235.65959602782996,0,4000000000,829001,833001,810001,23000,0,4000,0.39999999999999997,0,0.39999999999999997
12,272,0,9000000,248.8367418610041,0,2000000000,833001,835001,813001,22000,0,2000,0.19999999999999998,0,0.19999999999999998
12,273,0,5000000,226.97422100317908,0,3000000000,835001,838001,816001,22000,0,3000,0.3,0,0.3
12,280,1,2000000,68.52631903144948,44387920.24818642,7000000000,837046,838446,837001,1445,45,1400,0,0.013517191088143279,0.013517191088143279
12,274,0,5000000,212.65857377495973,0,9000000000,838001,847001,819001,28000,0,9000,0.8999999999999999,0,0.8999999999999999
12,283,1,3000000,152.76593926657867,2441569.4905695864,9000000000,847230,849030,846001,3029,1229,1800,0,0.3686153531473076,0.3686153531473076
12,275,0,5000000,184.66292129174175,0,5000000000,847001,852001,822001,30000,0,5000,0.49999999999999994,0,0.49999999999999994
12,285,1,3000000,174.0341161956471,1459510.6694019756,3000000000,855070,855670,852001,3669,2055,600,0,0.616645029644606,0.616645029644606
12,276,0,10000000,153.16801787579547,0,5000000000,852001,857001,825001,32000,0,5000,0.49999999999999994,0,0.49999999999999994
12,286,1,3000000,178.4613532392938,1321251.9835416405,10000000000,857470,859470,855001,4469,2271,2000,0,0.6811721088868554,0.6811721088868554
12,278,0,9000000,94.9386733633876,0,5000000000,857001,862001,831001,31000,0,5000,0.49999999999999994,0,0.49999999999999994
12,279,0,9000000,70.60632053860334,0,5000000000,862001,867001,834001,33000,0,5000,0.49999999999999994,0,0.49999999999999994
12,287,1,9000000,193.81614896597242,952174.3793971695,2000000000,869000,869400,858001,11399,9452,400,0,2.835615049534724,2.835615049534724
12,290,1,3000000,224.4716400795432,530763.6342176767,5000000000,872964,873964,867001,6963,5652,1000,0,1.6956700534439633,1.6956700534439633
12,281,0,5000000,89.79805120379838,0,10000000000,867001,877001,840001,37000,0,10000,0.9999999999999999,0,0.9999999999999999
12,289,1,4000000,236.4370954397808,431502.9334187014,8000000000,877200,878800,864001,14799,9270,1600,0,2.780977618141939,2.780977618141939
12,282,0,9000000,119.49614763664978,0,4000000000,877001,881001,843001,38000,0,4000,0.39999999999999997,0,0.39999999999999997
12,291,1,8000000,203.89500655974874,778348.8450241874,6000000000,880483,881683,870001,11682,10278,1200,0,3.0834503260879376,3.0834503260879376
12,284,0,10000000,173.91353052594846,0,2000000000,881001,883001,849001,34000,0,2000,0.19999999999999998,0,0.19999999999999998
12,293,1,6000000,180.43464994285324,1264890.0819592183,10000000000,881683,883683,876001,7682,4743,2000,0,1.4230485523389806,1.4230485523389806
12,294,1,3000000,183.8105342465442,1175226.668718857,3000000000,883683,884283,879001,5282,2553,600,0,0.7658097148026021,0.7658097148026021
12,288,0,5000000,212.64044112068615,0,2000000000,883001,885001,861001,24000,0,2000,0.19999999999999998,0,0.19999999999999998
12,292,0,10000000,188.74213228635517,0,2000000000,885001,887001,873001,14000,0,2000,0.19999999999999998,0,0.19999999999999998
12,297,1,4000000,148.24045938946628,2747773.4795004,4000000000,889457,890257,888001,2256,1456,800,0,0.43671722176246636,0.43671722176246636
12,298,1,4000000,147.43450647660475,2807187.1935233586,3000000000,892426,893026,891001,2025,1425,600,0,0.42747416444781344,0.42747416444781344
12,295,0,7000000,204.3177997630162,0,7000000000,887001,894001,882001,12000,0,7000,0.7,0,0.7
12,296,0,9000000,174.04258817887074,0,2000000000,894001,896001,885001,11000,0,2000,0.19999999999999998,0,0.19999999999999998
12,299,0,4000000,167.98716171184032,0,8000000000,896001,904001,894001,10000,0,8000,0.7999999999999999,0,0.7999999999999999
12,300,0,3000000,198.24753844625664,0,5000000000,904001,909001,897001,12000,0,5000,0.49999999999999994,0,0.49999999999999994
12,303,1,7000000,188.04333144251623,1073687.600767946,3000000000,912521,913121,906001,7120,6520,600,0,1.9558761771096105,1.9558761771096105
12,301,0,5000000,187.73773222237455,0,6000000000,909001,915001,900001,15000,0,6000,0.6,0,0.6
12,305,1,4000000,181.95087908553782,1223603.0857246148,9000000000,915316,917116,912001,5115,3269,1800,0,0.9807101779980907,0.9807101779980907
12,306,1,2000000,173.0874903047589,1491371.6422812424,6000000000,917116,918316,915001,3315,1341,1200,0,0.40231420726373995,0.40231420726373995
12,302,0,3000000,165.7391595248389,0,4000000000,915001,919001,903001,16000,0,4000,0.39999999999999997,0,0.39999999999999997
12,304,0,8000000,204.65493739463014,0,8000000000,919001,927001,909001,18000,0,8000,0.7999999999999999,0,0.7999999999999999
12,307,0,5000000,177.38445704176002,0,3000000000,927001,930001,918001,12000,0,3000,0.3,0,0.3
12,309,1,9000000,199.29186084735122,852352.428933116,2000000000,934560,934960,924001,10959,10559,400,0,3.167703767066837,3.167703767066837
12,310,1,5000000,214.88426582697952,631574.7098142738,9000000000,934960,936760,927001,9759,7917,1800,0,2.3750159350761573,2.3750159350761573
12,308,0,9000000,186.33467095524654,0,7000000000,930001,937001,921001,16000,0,7000,0.7,0,0.7
12,311,0,3000000,234.04332761264527,0,2000000000,937001,939001,930001,9000,0,2000,0.19999999999999998,0,0.19999999999999998
12,314,1,2000000,209.59030941338867,697524.6657614834,3000000000,941868,942468,939001,3467,2867,600,0,0.8601846349691215,0.8601846349691215
12,312,1,4000000,246.99878967314802,362472.36983693,8000000000,944036,945636,933001,12635,11035,1600,0,3.3105971650745656,3.3105971650745656
12,315,1,3000000,192.80283426339977,972214.7701022528,6000000000,945636,946836,942001,4835,3086,1200,0,0.925721381403558,0.925721381403558
12,316,1,4000000,176.96205977553493,1366174.1757921495,4000000000,947929,948729,945001,3728,2928,800,0,0.8783653074866559,0.8783653074866559
12,313,0,5000000,227.88675959783183,0,10000000000,939001,949001,936001,13000,0,10000,0.9999999999999999,0,0.9999999999999999
12,317,0,10000000,163.04942594195168,0,3000000000,949001,952001,948001,4000,0,3000,0.3,0,0.3
12,318,1,3000000,151.6963061514683,2509967.6740807043,3000000000,952196,952796,951001,1795,1195,600,0,0.35857035502643764,0.35857035502643764
12,319,1,4000000,152.02367841885686,2488784.7649759115,2000000000,955608,956008,954001,2007,1607,400,0,0.4821630286746048,0.4821630286746048
12,321,1,3000000,165.20061894557176,1793449.4019580465,4000000000,963072,963872,960001,3871,1673,800,0,0.501826256719259,0.501826256719259
12,320,0,6000000,172.9672026714891,0,8000000000,957001,965001,957001,8000,0,8000,0.7999999999999999,0,0.7999999999999999
12,323,1,7000000,132.7950665499287,4223212.095402273,8000000000,967659,969259,966001,3258,1658,1600,0,0.49725184351650914,0.49725184351650914
12,324,1,4000000,114.08927469311044,7571380.502395434,4000000000,969529,970329,969001,1328,528,800,0,0.15849157225955607,0.15849157225955607
12,322,0,10000000,154.9446675429652,0,9000000000,965001,974001,963001,11000,0,9000,0.8999999999999999,0,0.8999999999999999
12,326,1,3000000,94.79724257593149,15060452.319218462,2000000000,975200,975600,975001,599,199,400,0,0.05975916134016246,0.05975916134016246
12,325,0,7000000,100.65736982456873,0,4000000000,974001,978001,972001,6000,0,4000,0.39999999999999997,0,0.39999999999999997
12,327,1,5000000,97.64590979657054,13526194.076258607,4000000000,978371,979171,978001,1170,370,800,0,0.11089593950398982,0.11089593950398982
12,328,1,7000000,108.66817381367929,9100261.306574956,2000000000,981986,982386,981001,1385,769,400,0,0.23076260441914412,0.23076260441914412
12,329,1,3000000,125.61521603691169,5237394.643557723,7000000000,984574,985974,984001,1973,573,1400,0,0.17184116555109102,0.17184116555109102
12,330,0,6000000,139.1391454623752,0,4000000000,987001,991001,987001,4000,0,4000,0.39999999999999997,0,0.39999999999999997
12,331,1,8000000,157.49106133365157,2165641.847650991,4000000000,994723,995523,990001,5522,3694,800,0,1.1082164867672883,1.1082164867672883
12,332,1,5000000,175.33177977765465,1417196.5252518067,7000000000,996529,997929,993001,4928,3528,1400,0,1.0584276586011816,1.0584276586011816
13,1,0,8000000,120.75001656314585,0,5000000000,1,5001,1,5000,0,5000,0.49999999999999994,0,0.49999999999999994
13,2,0,9000000,127.24996856581144,0,4000000000,5001,9001,3001,6000,0,4000,0.39999999999999997,0,0.39999999999999997
13,3,1,9000000,146.36605617423737,2888419.765775829,8000000000,9117,10717,6001,4716,3116,1600,0,0.9347671803079427,0.9347671803079427
13,5,1,2000000,184.60826769134692,1155205.0338699603,5000000000,14489,15489,12001,3488,1731,1000,0,0.5193883184442054,0.5193883184442054
13,4,0,6000000,169.90728824862106,0,9000000000,9001,18001,9001,9000,0,9000,0.8999999999999999,0,0.8999999999999999
13,6,0,4000000,171.16096342332267,0,3000000000,18001,21001,15001,6000,0,3000,0.3,0,0.3
13,8,0,10000000,209.98510637661897,0,4000000000,21001,25001,21001,4000,0,4000,0.39999999999999997,0,0.39999999999999997
13,7,1,9000000,189.54850619300592,1040229.5452181884,9000000000,26653,28453,18001,10452,8652,1800,0,2.5955809584640037,2.5955809584640037
13,10,0,8000000,246.32989302965242,0,2000000000,27001,29001,27001,2000,0,2000,0.19999999999999998,0,0.19999999999999998
13,9,1,3000000,230.29183767558936,479278.62718406814,8000000000,30494,32094,24001,8093,6259,1600,0,1.8778221037892282,1.8778221037892282
13,11,0,2000000,222.88674904533917,0,6000000000,30001,36001,30001,6000,0,6000,0.6,0,0.6
13,12,1,4000000,203.25237440187504,788185.5508314519,6000000000,38076,39276,33001,6275,5075,1200,0,1.5224841393427317,1.5224841393427317
13,13,1,4000000,182.9835621032665,1196439.8883967304,5000000000,39344,40344,36001,4343,3343,1000,0,1.0029755875224458,1.0029755875224458
13,14,1,5000000,165.1147058865442,1797138.8614949766,6000000000,41783,42983,39001,3982,2782,1200,0,0.8346600433269818,0.8346600433269818
13,15,1,7000000,150.98788461330264,2556575.5083195004,3000000000,44739,45339,42001,3338,2738,600,0,0.8214112953700247,0.8214112953700247
13,16,1,5000000,157.39635605693033,2170781.0970057547,9000000000,47304,49104,45001,4103,2303,1800,0,0.6909955140428531,0.6909955140428531
13,18,0,5000000,164.20975001503413,0,4000000000,51001,55001,51001,4000,0,4000,0.39999999999999997,0,0.39999999999999997
13,19,1,2000000,136.36094638861968,3809496.6306073368,10000000000,54526,56526,54001,2525,525,2000,0,0.15750112368634483,0.15750112368634483
13,17,1,5000000,165.87394068991065,1764857.2539825845,8000000000,55340,56940,48001,8939,2833,1600,0,0.8499270955852625,0.8499270955852625
13,20,1,7000000,113.08018615124398,7830925.328005918,10000000000,57895,59895,57001,2894,894,2000,0,0.2681675424090333,0.2681675424090333
13,22,1,8000000,95.20716622187636,14827493.79845755,3000000000,63541,64141,63001,1140,540,600,0,0.16186147386887886,0.16186147386887886
13,21,0,4000000,98.05623131652578,0,5000000000,60001,65001,60001,5000,0,5000,0.49999999999999994,0,0.49999999999999994
13,23,1,2000000,105.36076878990588,10216725.903140495,6000000000,66197,67397,66001,1396,196,1200,0,0.05872722882930308,0.05872722882930308
13,25,1,3000000,152.02736727313274,2488547.337205049,5000000000,73207,74207,72001,2206,1206,1000,0,0.3616567732285185,0.3616567732285185
13,24,0,3000000,125.59642232165692,0,10000000000,69001,79001,69001,10000,0,10000,0.9999999999999999,0,0.9999999999999999
13,26,0,8000000,181.81956027886542,0,4000000000,79001,83001,75001,8000,0,4000,0.39999999999999997,0,0.39999999999999997
13,27,1,4000000,213.64483471406467,646292.6821589533,3000000000,84190,84790,78001,6789,6189,600,0,1.856743907406435,1.856743907406435
13,29,1,3000000,212.30544905866176,662681.511533953,8000000000,88677,90277,84001,6276,4527,1600,0,1.3581184691824435,1.3581184691824435
13,28,0,8000000,211.88263850537635,0,8000000000,83001,91001,81001,10000,0,8000,0.7999999999999999,0,0.7999999999999999
13,30,1,3000000,220.61269523760416,568735.8741055924,8000000000,92276,93876,87001,6875,5275,1600,0,1.5824568854837255,1.5824568854837255
13,31,0,7000000,221.64078347632685,0,9000000000,91001,100001,90001,10000,0,9000,0.8999999999999999,0,0.8999999999999999
13,32,0,7000000,221.64078347632685,0,2000000000,100001,102001,93001,9000,0,2000,0.19999999999999998,0,0.19999999999999998
13,33,1,7000000,221.64078347632685,558297.1140666986,10000000000,108539,110539,96001,14538,12538,2000,0,3.7614380355709978,3.7614380355709978
13,34,0,7000000,221.64078347632685,0,10000000000,102001,112001,99001,13000,0,10000,0.9999999999999999,0,0.9999999999999999
13,37,1,6000000,183.15362950266638,1192038.7192789142,6000000000,113034,114234,108001,6233,5033,1200,0,1.5100180647561958,1.5100180647561958
13,35,0,8000000,223.22003427111997,0,5000000000,112001,117001,102001,15000,0,5000,0.49999999999999994,0,0.49999999999999994
13,38,0,3000000,157.70340040722007,0,2000000000,117001,119001,111001,8000,0,2000,0.19999999999999998,0,0.19999999999999998
13,39,0,7000000,134.00117312919318,0,3000000000,119001,122001,114001,8000,0,3000,0.3,0,0.3
13,40,1,4000000,116.40936775019442,7013123.055155232,10000000000,120298,122298,117001,5297,570,2000,0,0.1711077918585643,0.1711077918585643
13,36,1,9000000,209.7801175040189,695015.7274838551,2000000000,123698,124098,105001,19097,12949,400,0,3.88480417525907,3.88480417525907
13,41,0,2000000,100.73682147060234,0,7000000000,122001,129001,120001,9000,0,7000,0.7,0,0.7
13,42,1,2000000,92.33013863305959,16556855.529089093,6000000000,128498,129698,123001,6697,121,1200,0,0.03623876520187346,0.03623876520187346
13,45,1,4000000,119.13689646788687,6419380.605496412,2000000000,138298,138698,132001,6697,623,400,0,0.1869339230287318,0.1869339230287318
13,43,0,9000000,92.98804277970375,0,10000000000,129001,139001,126001,13000,0,10000,0.9999999999999999,0,0.9999999999999999
13,46,1,10000000,140.14973778070365,3423190.560058472,6000000000,141498,142698,135001,7697,2921,1200,0,0.8763754010669965,0.8763754010669965
13,44,0,5000000,102.6083529738198,0,4000000000,139001,143001,129001,14000,0,4000,0.39999999999999997,0,0.39999999999999997
13,47,1,2000000,163.98866820606847,1846377.311188492,8000000000,142698,144298,138001,6297,1083,1600,0,0.3249606656040346,0.3249606656040346
13,49,1,5000000,156.35581984691197,2228253.6790412753,3000000000,148698,149298,144001,5297,2244,600,0,0.6731729040139575,0.6731729040139575
13,48,0,4000000,169.5314203916195,0,7000000000,143001,150001,141001,9000,0,7000,0.7,0,0.7
13,50,0,5000000,145.18573104819907,0,3000000000,150001,153001,147001,6000,0,3000,0.3,0,0.3
13,52,1,3000000,169.17000679789547,1632780.9199548098,10000000000,155807,157807,153001,4806,1837,2000,0,0.5512068330789345,0.5512068330789345
13,53,1,4000000,184.80251432272232,1150394.1873622723,7000000000,159478,160878,156001,4877,3477,1400,0,1.0431207086950502,1.0431207086950502
13,51,0,9000000,155.76107504765105,0,8000000000,153001,161001,150001,11000,0,8000,0.7999999999999999,0,0.7999999999999999
13,54,1,2000000,202.33267704451498,802534.2868245495,6000000000,162878,164078,159001,5077,2492,1200,0,0.7476316088301562,0.7476316088301562
13,55,0,9000000,219.35553172874396,0,4000000000,162001,166001,162001,4000,0,4000,0.39999999999999997,0,0.39999999999999997
13,59,1,4000000,208.8154833818604,707884.3922201077,9000000000,179652,181452,174001,7451,5651,1800,0,1.695192058460974,1.695192058460974
13,60,0,10000000,216.10116635501998,0,6000000000,177001,183001,177001,6000,0,6000,0.6,0,0.6
13,56,1,5000000,205.69750314478782,751562.9129501383,5000000000,182858,183858,165001,18857,6653,1000,0,1.9958408992162655,1.9958408992162655
13,58,1,4000000,174.94799798797354,1429550.2484387276,5000000000,188658,189658,171001,18657,2798,1000,0,0.8394248479971731,0.8394248479971731
13,61,0,2000000,208.47692462236674,0,8000000000,183001,191001,180001,11000,0,8000,0.7999999999999999,0,0.7999999999999999
13,57,1,7000000,189.4460155294906,1042466.2365133583,7000000000,191458,192858,168001,24857,6715,1400,0,2.0144537313972664,2.0144537313972664
13,62,0,4000000,190.79458509087726,0,2000000000,191001,193001,183001,10000,0,2000,0.19999999999999998,0,0.19999999999999998
13,64,0,6000000,162.5941776325339,0,10000000000,193001,203001,189001,14000,0,10000,0.9999999999999999,0,0.9999999999999999
13,67,1,6000000,201.44814345136066,816642.6911329031,3000000000,205348,205948,198001,7947,7347,600,0,2.204146341532691,2.204146341532691
13,66,0,6000000,207.60173433764948,0,3000000000,203001,206001,195001,11000,0,3000,0.3,0,0.3
13,63,1,3000000,175.101414328954,1424595.8694837287,3000000000,210458,211058,186001,25057,2106,600,0,0.6317581141984909,0.6317581141984909
13,68,0,2000000,196.51949343512973,0,8000000000,206001,214001,201001,13000,0,8000,0.7999999999999999,0,0.7999999999999999
13,69,0,5000000,193.88904868506626,0,2000000000,214001,216001,204001,12000,0,2000,0.19999999999999998,0,0.19999999999999998
13,70,1,9000000,210.23303498736823,689074.2231547156,6000000000,220364,221564,207001,14563,13061,1200,0,3.9183006841249637,3.9183006841249637
13,74,0,8000000,122.37966048326815,0,9000000000,219001,228001,219001,9000,0,9000,0.8999999999999999,0,0.8999999999999999
13,65,1,8000000,177.94693872050738,1336455.1493586125,7000000000,228858,230258,192001,38257,5986,1400,0,1.7957953928733041,1.7957953928733041
13,76,0,9000000,82.86060885607823,0,7000000000,228001,235001,225001,10000,0,7000,0.7,0,0.7
13,78,0,7000000,72.62003304873933,0,7000000000,235001,242001,231001,11000,0,7000,0.7,0,0.7
13,80,0,7000000,67.59417504489566,0,7000000000,242001,249001,237001,12000,0,7000,0.7,0,0.7
13,81,0,2000000,78.29342820441572,0,10000000000,249001,259001,240001,19000,0,10000,0.9999999999999999,0,0.9999999999999999
13,82,0,9000000,88.84440894057435,0,5000000000,259001,264001,243001,21000,0,5000,0.49999999999999994,0,0.49999999999999994
13,73,1,3000000,145.70692536732767,2939982.541204819,6000000000,268058,269258,216001,53257,1020,1200,0,0.3061242668574405,0.3061242668574405
13,71,1,7000000,196.12868020766365,908331.0779665459,3000000000,269258,269858,210001,59857,7706,600,0,2.311932345969278,2.311932345969278
13,72,1,8000000,168.63311418579684,1653436.5243817924,5000000000,269858,270858,213001,57857,4838,1000,0,1.4515223079986952,1.4515223079986952
13,84,0,7000000,127.36172109389857,0,10000000000,264001,274001,249001,25000,0,10000,0.9999999999999999,0,0.9999999999999999
13,88,1,9000000,215.83595738430608,620556.3488466457,9000000000,276012,277812,261001,16811,14503,1800,0,4.3509344558607275,4.3509344558607275
13,75,1,3000000,101.5854659880044,11698437.992982842,5000000000,279458,280458,222001,58457,256,1000,0,0.07693334789993787,0.07693334789993787
13,85,0,2000000,149.95239144475156,0,8000000000,274001,282001,252001,30000,0,8000,0.7999999999999999,0,0.7999999999999999
13,86,0,2000000,171.93845323254484,0,4000000000,282001,286001,255001,31000,0,4000,0.39999999999999997,0,0.39999999999999997
13,77,1,5000000,76.96273448884202,30884475.40120213,10000000000,286858,288858,228001,60857,162,2000,0,0.04856809061881021,0.04856809061881021
13,94,1,8000000,196.9287487900129,893750.0834200443,2000000000,289558,289958,279001,10957,8951,400,0,2.68531443467519,2.68531443467519
13,87,0,6000000,195.91918538009492,0,5000000000,286001,291001,258001,33000,0,5000,0.49999999999999994,0,0.49999999999999994
13,79,1,4000000,65.61572982143836,50413881.74766192,5000000000,293858,294858,234001,60857,79,1000,0,0.023802967722390336,0.023802967722390336
13,95,1,10000000,212.6934312572911,657881.3574910185,6000000000,297201,298401,282001,16400,15200,1200,0,4.560092736844206,4.560092736844206
13,89,0,9000000,193.6315927218489,0,8000000000,291001,299001,264001,35000,0,8000,0.7999999999999999,0,0.7999999999999999
13,96,1,6000000,231.86353572737568,466456.4128299558,10000000000,298401,300401,285001,15400,12863,2000,0,3.858881452780413,3.858881452780413
13,99,1,3000000,201.74382592783354,811892.3938053648,5000000000,299516,300516,294001,6515,3695,1000,0,1.1085212854152655,1.1085212854152655
13,100,1,6000000,189.360801117866,1044330.4606765882,5000000000,302746,303746,297001,6745,5745,1000,0,1.7235923568042224,1.7235923568042224
13,90,0,3000000,183.99953478202053,0,8000000000,299001,307001,267001,40000,0,8000,0.7999999999999999,0,0.7999999999999999
13,101,1,10000000,181.86615655475867,1225865.4682272035,7000000000,309770,311170,300001,11169,8158,1400,0,2.4472505978478023,2.4472505978478023
13,91,0,5000000,178.882322212118,0,6000000000,307001,313001,270001,43000,0,6000,0.6,0,0.6
13,102,1,8000000,179.8319977089728,1281780.5660409501,9000000000,311970,313770,303001,10769,6241,1800,0,1.872395372175837,1.872395372175837
13,83,1,3000000,106.10602857519457,9951407.651971998,3000000000,313258,313858,246001,67857,301,600,0,0.09043946660366722,0.09043946660366722
13,92,0,4000000,179.41015913264224,0,3000000000,313001,316001,273001,43000,0,3000,0.3,0,0.3
13,93,0,7000000,185.56506702501952,0,3000000000,316001,319001,276001,43000,0,3000,0.3,0,0.3
13,106,1,2000000,223.69852793436078,538111.6889610491,3000000000,318718,319318,315001,4317,3717,600,0,1.1150101592448973,1.1150101592448973
13,97,0,7000000,237.42609165801466,0,4000000000,319001,323001,288001,35000,0,4000,0.39999999999999997,0,0.39999999999999997
13,105,1,6000000,206.22745937435198,743906.8232374323,9000000000,321229,323029,312001,11028,8066,1800,0,2.419657870815758,2.419657870815758
13,98,0,3000000,218.1101568015575,0,3000000000,323001,326001,291001,35000,0,3000,0.3,0,0.3
13,110,1,3000000,184.55451904518623,1156540.6287147747,4000000000,329595,330395,327001,3394,2594,800,0,0.778182778585254,0.778182778585254
13,107,1,6000000,233.11138796721195,456579.7935731484,2000000000,331142,331542,318001,13541,13141,400,0,3.9423558057910926,3.9423558057910926
13,108,1,6000000,219.97145019297386,575370.1874533586,4000000000,331542,332342,321001,11341,10428,800,0,3.1284206920191084,3.1284206920191084
13,103,0,10000000,183.52826321850264,0,9000000000,326001,335001,306001,29000,0,9000,0.8999999999999999,0,0.8999999999999999
13,111,1,8000000,169.94905854402376,1603375.2747125144,5000000000,334990,335990,330001,5989,4989,1000,0,1.4968423411857343,1.4968423411857343
13,104,0,7000000,192.5600109056914,0,3000000000,335001,338001,309001,29000,0,3000,0.3,0,0.3
13,109,0,3000000,201.61695960409676,0,2000000000,338001,340001,324001,16000,0,2000,0.19999999999999998,0,0.19999999999999998
13,114,1,8000000,144.26475661089233,3056823.579980104,4000000000,341618,342418,339001,3417,2617,800,0,0.7851287250328071,0.7851287250328071
13,115,1,10000000,143.791617280007,3096400.335907821,5000000000,345808,346808,342001,4807,3230,1000,0,0.968866966331872,0.968866966331872
13,112,0,6000000,158.0739175196212,0,8000000000,340001,348001,333001,15000,0,8000,0.7999999999999999,0,0.7999999999999999
13,116,1,8000000,147.6768363691476,2789157.5122184968,10000000000,347869,349869,345001,4868,2868,2000,0,0.8604748887383701,0.8604748887383701
13,117,1,10000000,155.7989942201168,2259783.491134017,8000000000,352426,354026,348001,6025,4425,1600,0,1.3275608091527935,1.3275608091527935
13,118,1,8000000,167.50812666852914,1697780.0931693588,5000000000,355713,356713,351001,5712,4712,1000,0,1.413610637594272,1.413610637594272
13,113,0,5000000,149.1284895652068,0,10000000000,348001,358001,336001,22000,0,10000,0.9999999999999999,0,0.9999999999999999
13,119,1,9000000,174.19643279929707,1454132.7545072648,9000000000,361576,363376,354001,9375,6189,1800,0,1.8567768256584656,1.8567768256584656
13,122,1,7000000,123.26092365384909,5633462.0546995215,3000000000,365376,365976,363001,2975,1243,600,0,0.37277254725593606,0.37277254725593606
13,120,0,3000000,155.39565405763443,0,9000000000,358001,367001,357001,10000,0,9000,0.8999999999999999,0,0.8999999999999999
13,123,1,10000000,112.65615162963795,7943197.571671508,6000000000,367260,368460,366001,2459,1259,1200,0,0.3776816543880454,0.3776816543880454
13,121,0,2000000,137.882489461135,0,2000000000,367001,369001,360001,9000,0,2000,0.19999999999999998,0,0.19999999999999998
13,124,1,6000000,167.00117514556595,1718244.6785226855,7000000000,372493,373893,369001,4892,3492,1400,0,1.047580721476528,1.047580721476528
13,125,1,4000000,154.91055612836718,2311243.2239228957,9000000000,375693,377493,372001,5492,1731,1800,0,0.5192010895171942,0.5192010895171942
13,126,1,9000000,137.02842953197708,3737687.187535453,4000000000,378493,379293,375001,4292,2408,800,0,0.7223718477576287,0.7223718477576287
13,127,1,8000000,122.2208697399917,5820046.55423168,7000000000,379376,380776,378001,2775,1375,1400,0,0.4123678354866408,0.4123678354866408
13,128,1,5000000,111.78645714038878,8179622.816742466,5000000000,381776,382776,381001,1775,611,1000,0,0.18338253897596893,0.18338253897596893
13,129,0,3000000,102.87385382107543,0,2000000000,384001,386001,384001,2000,0,2000,0.19999999999999998,0,0.19999999999999998
13,131,1,10000000,51.35078675151918,94309502.93928051,5000000000,390107,391107,390001,1106,106,1000,0,0.03181015599171906,0.03181015599171906
13,130,0,9000000,77.39062087876029,0,7000000000,387001,394001,387001,7000,0,7000,0.7,0,0.7
13,133,1,2000000,10.716254009680792,523724325.4256296,7000000000,396005,397405,396001,1404,4,1400,0,0.001145640885617412,0.001145640885617412
13,132,0,3000000,27.651692534092692,0,5000000000,394001,399001,393001,6000,0,5000,0.49999999999999994,0,0.49999999999999994
13,134,1,3000000,29.10222671892995,238115970.58130354,2000000000,399014,399414,399001,413,13,400,0,0.0037796708797098485,0.0037796708797098485
13,136,1,6000000,78.70294340112065,28702381.92635546,9000000000,405210,407010,405001,2009,209,1800,0,0.06271256527135755,0.06271256527135755
13,137,1,9000000,104.91122008631866,10380871.903781576,8000000000,408868,410468,408001,2467,867,1600,0,0.2600937594670093,0.2600937594670093
13,135,0,2000000,54.5634832099271,0,10000000000,402001,412001,402001,10000,0,10000,0.9999999999999999,0,0.9999999999999999
13,138,1,8000000,131.18929986854877,4427473.460714664,5000000000,412808,413808,411001,2807,1807,1000,0,0.54206987829411,0.54206987829411
13,139,0,3000000,157.5165492892731,0,2000000000,414001,416001,414001,2000,0,2000,0.19999999999999998,0,0.19999999999999998
13,140,1,6000000,176.48798259371657,1380772.3795091433,2000000000,421346,421746,417001,4745,4345,400,0,1.3036181971136254,1.3036181971136254
13,141,0,9000000,177.81514558664563,0,4000000000,420001,424001,420001,4000,0,4000,0.39999999999999997,0,0.39999999999999997
13,142,0,10000000,184.5894151894956,0,8000000000,424001,432001,423001,9000,0,8000,0.7999999999999999,0,0.7999999999999999
13,143,1,10000000,196.7582336269565,896833.0848839594,3000000000,437151,437751,426001,11750,11150,600,0,3.3451040673729917,3.3451040673729917
13,144,0,3000000,213.3316856446787,0,7000000000,432001,439001,429001,10000,0,7000,0.7,0,0.7
13,146,0,7000000,230.65791987269805,0,4000000000,439001,443001,435001,8000,0,4000,0.39999999999999997,0,0.39999999999999997
13,148,0,8000000,194.0628787274887,0,3000000000,443001,446001,441001,5000,0,3000,0.3,0,0.3
13,147,1,7000000,210.56797596025848,684721.0491234475,10000000000,450065,452065,438001,14064,10223,2000,0,3.0669423741074353,3.0669423741074353
13,149,1,9000000,182.25454342759198,1215536.7459486497,2000000000,453665,454065,444001,10064,7404,400,0,2.2212409530185124,2.2212409530185124
13,145,1,10000000,233.144634293822,456320.23875884817,2000000000,455290,455690,432001,23689,21914,400,0,6.574330360975753,6.574330360975753
13,151,1,2000000,175.92421663886978,1398385.6262513408,9000000000,454065,455865,450001,5864,1430,1800,0,0.42906619514419847,0.42906619514419847
13,150,1,7000000,176.04010366959002,1394742.3718108092,4000000000,455865,456665,447001,9664,5019,800,0,1.5056544078986767,1.5056544078986767
13,153,0,8000000,195.83800678111487,0,10000000000,456001,466001,456001,10000,0,10000,0.9999999999999999,0,0.9999999999999999
13,152,1,9000000,181.90891402017664,1224723.0474489252,10000000000,464065,466065,453001,13064,7349,2000,0,2.20458005230166,2.20458005230166
13,157,0,9000000,178.52842490763203,0,5000000000,468001,473001,468001,5000,0,5000,0.49999999999999994,0,0.49999999999999994
13,159,0,9000000,210.06473216606355,0,6000000000,474001,480001,474001,6000,0,6000,0.6,0,0.6
13,161,0,6000000,206.89702027820508,0,7000000000,480001,487001,480001,7000,0,7000,0.7,0,0.7
13,162,0,8000000,223.82785193089802,0,6000000000,487001,493001,483001,10000,0,6000,0.6,0,0.6
13,154,1,4000000,217.55842709488414,601216.7538700398,5000000000,493427,494427,459001,35426,6653,1000,0,1.9959523620650703,1.9959523620650703
13,160,1,8000000,222.26401980527578,552085.2632061355,5000000000,495377,496377,477001,19376,14491,1000,0,4.3471546153259615,4.3471546153259615
13,155,1,5000000,192.66913608567407,974897.989111211,3000000000,496227,496827,462001,34826,5129,600,0,1.5386225192314846,1.5386225192314846
13,163,0,3000000,245.19748163470194,0,4000000000,493001,497001,486001,11000,0,4000,0.39999999999999997,0,0.39999999999999997
13,156,1,4000000,170.52768836760794,1581959.3529105631,2000000000,496827,497227,465001,32226,2529,400,0,0.7585529917644114,0.7585529917644114
13,164,0,8000000,231.698460288367,0,5000000000,497001,502001,489001,13000,0,5000,0.49999999999999994,0,0.49999999999999994
13,165,0,3000000,220.14410053417282,0,5000000000,502001,507001,492001,15000,0,5000,0.49999999999999994,0,0.49999999999999994
13,167,1,3000000,242.51554527493695,389953.7312331834,5000000000,506101,507101,498001,9100,7693,1000,0,2.3079661198621038,2.3079661198621038
13,166,0,5000000,237.62432640619946,0,4000000000,507001,511001,495001,16000,0,4000,0.39999999999999997,0,0.39999999999999997
13,158,1,4000000,193.13000932014688,965687.2958351058,4000000000,511427,512227,471001,41226,4142,800,0,1.2426382796744422,1.2426382796744422
13,170,1,7000000,199.67802908682768,845816.2825569029,4000000000,515525,516325,507001,9324,8276,800,0,2.48280867052086,2.48280867052086
13,172,1,7000000,182.6990150493428,1203848.9679626764,10000000000,518816,520816,513001,7815,5815,2000,0,1.7444048679577449,1.7444048679577449
13,168,0,3000000,224.78644643305338,0,10000000000,511001,521001,501001,20000,0,10000,0.9999999999999999,0,0.9999999999999999
13,173,1,8000000,181.0769808672544,1247191.1124494607,6000000000,522516,523716,516001,7715,6414,1200,0,1.9243241681593157,1.9243241681593157
13,169,0,7000000,212.6887145572139,0,8000000000,521001,529001,504001,25000,0,8000,0.7999999999999999,0,0.7999999999999999
13,171,0,5000000,189.31388036802795,0,3000000000,529001,532001,510001,22000,0,3000,0.3,0,0.3
13,175,1,9000000,199.40686547859883,850399.3434119165,7000000000,532584,533984,522001,11983,10583,1400,0,3.1749789330354337,3.1749789330354337
13,176,1,5000000,214.4611883301965,636551.2330366931,3000000000,533984,534584,525001,9583,7855,600,0,2.3564481885365143,2.3564481885365143
13,174,0,3000000,186.39916308824988,0,5000000000,532001,537001,519001,18000,0,5000,0.49999999999999994,0,0.49999999999999994
13,177,0,7000000,213.85140869304558,0,2000000000,537001,539001,528001,11000,0,2000,0.19999999999999998,0,0.19999999999999998
13,178,1,8000000,189.48403257266827,1041635.878950683,8000000000,538681,540281,531001,9280,7680,1600,0,2.3040680995144847,2.3040680995144847
13,180,1,10000000,142.45653126480377,3211536.037375428,9000000000,540281,542081,537001,5080,3114,1800,0,0.9341324416373973,0.9341324416373973
13,179,0,10000000,165.2850943067765,0,8000000000,539001,547001,534001,13000,0,8000,0.7999999999999999,0,0.7999999999999999
13,183,1,2000000,95.95582994273983,14412889.48770039,9000000000,546140,547940,546001,1939,139,1800,0,0.0416294040492037,0.0416294040492037
13,181,0,10000000,123.19025326705028,0,6000000000,547001,553001,540001,13000,0,6000,0.6,0,0.6
13,185,1,5000000,95.14231498129524,14864064.672173314,9000000000,552337,554137,552001,2136,336,1800,0,0.10091452325339494,0.10091452325339494
13,186,1,2000000,106.27909389903543,9890982.845236331,6000000000,555203,556403,555001,1402,202,1200,0,0.0606613123678574,0.0606613123678574
13,182,0,6000000,107.72335911955216,0,4000000000,553001,557001,543001,14000,0,4000,0.39999999999999997,0,0.39999999999999997
13,184,0,3000000,91.47595312430477,0,2000000000,557001,559001,549001,10000,0,2000,0.19999999999999998,0,0.19999999999999998
13,187,0,7000000,122.88333532257339,0,10000000000,559001,569001,558001,11000,0,10000,0.9999999999999999,0,0.9999999999999999
13,188,0,3000000,143.10353070417236,0,6000000000,569001,575001,561001,14000,0,6000,0.6,0,0.6
13,191,1,8000000,157.15056506420842,2184189.779667323,9000000000,573664,575464,570001,5463,3663,1800,0,1.0988056176902117,1.0988056176902117
13,189,0,4000000,165.63200475753473,0,6000000000,575001,581001,564001,17000,0,6000,0.6,0,0.6
13,194,1,2000000,157.27266005253423,2177516.3234427487,10000000000,579919,581919,579001,2918,918,2000,0,0.27554328458551974,0.27554328458551974
13,190,0,10000000,169.74884182226396,0,7000000000,581001,588001,567001,21000,0,7000,0.7,0,0.7
13,192,0,8000000,137.60866615151826,0,2000000000,588001,590001,573001,17000,0,2000,0.19999999999999998,0,0.19999999999999998
13,193,0,10000000,140.58765308518383,0,7000000000,590001,597001,576001,21000,0,7000,0.7,0,0.7
13,198,0,3000000,143.84068200616957,0,4000000000,597001,601001,591001,10000,0,4000,0.39999999999999997,0,0.39999999999999997
13,200,0,10000000,169.69161028171078,0,6000000000,601001,607001,597001,10000,0,6000,0.6,0,0.6
13,201,0,4000000,191.00746058727654,0,2000000000,607001,609001,600001,9000,0,2000,0.19999999999999998,0,0.19999999999999998
13,202,1,5000000,201.59039287624793,814353.0684265735,8000000000,610059,611659,603001,8658,6140,1600,0,1.841952904896862,1.841952904896862
13,204,0,4000000,188.30285207611703,0,7000000000,609001,616001,609001,7000,0,7000,0.7,0,0.7
13,203,1,10000000,188.36822051503276,1066353.6899592332,9000000000,615379,617179,606001,11178,9378,1800,0,2.813325473759734,2.813325473759734
13,205,1,4000000,188.30285207611703,1067824.2680941862,9000000000,617179,618979,612001,6978,3746,1800,0,1.1237804157997984,1.1237804157997984
13,195,1,4000000,166.30933377294255,1746669.3990309131,9000000000,618827,620627,582001,38626,2290,1800,0,0.6870218260340416,0.6870218260340416
13,196,1,8000000,149.68752286012355,2644947.1404600274,8000000000,620627,622227,585001,37226,3025,1600,0,0.9073905346866689,0.9073905346866689
13,197,1,2000000,142.43429362341075,3213498.091245662,10000000000,622227,624227,588001,36226,622,2000,0,0.1867124183563524,0.1867124183563524
13,207,0,3000000,188.30285207611703,0,7000000000,618001,625001,618001,7000,0,7000,0.7,0,0.7
13,206,1,9000000,188.30285207611703,1067824.2680941862,5000000000,624628,625628,615001,10627,8428,1000,0,2.5285059355495463,2.5285059355495463
13,199,1,6000000,153.30592584763318,2407916.005025884,10000000000,628227,630227,594001,36226,2492,2000,0,0.7475343808683438,0.7475343808683438
13,210,1,5000000,186.22897304125374,1115818.4645144956,9000000000,631482,633282,627001,6281,4481,1800,0,1.3443046944492587,1.3443046944492587
13,208,0,4000000,187.645882715289,0,10000000000,625001,635001,621001,14000,0,10000,0.9999999999999999,0,0.9999999999999999
13,211,1,6000000,202.8744185450694,794043.2566020731,4000000000,637557,638357,630001,8356,7556,800,0,2.2668790208013214,2.2668790208013214
13,209,0,7000000,182.46319628900505,0,7000000000,635001,642001,624001,18000,0,7000,0.7,0,0.7
13,213,1,4000000,228.96092985485535,490481.87178027834,3000000000,645770,646370,636001,10369,8155,600,0,2.446573602495069,2.446573602495069
13,212,1,7000000,223.82464319194168,536904.4038751264,7000000000,646039,647439,633001,14438,13038,1400,0,3.9113108122101,3.9113108122101
13,214,1,5000000,207.43376991223005,726838.8522727274,10000000000,646370,648370,639001,9369,6879,2000,0,2.0637311768760043,2.0637311768760043
13,215,1,5000000,189.8624270359989,1033415.799512802,7000000000,648370,649770,642001,7769,4838,1400,0,1.4514970650798704,1.4514970650798704
13,216,0,4000000,177.28984178457603,0,8000000000,645001,653001,645001,8000,0,8000,0.7999999999999999,0,0.7999999999999999
13,217,0,7000000,170.33118475487686,0,3000000000,653001,656001,648001,8000,0,3000,0.3,0,0.3
13,218,1,7000000,170.45972779515984,1584456.1846642748,8000000000,655419,657019,651001,6018,4418,1600,0,1.3253758736439671,1.3253758736439671
13,219,0,2000000,177.50486753889314,0,10000000000,656001,666001,654001,12000,0,10000,0.9999999999999999,0,0.9999999999999999
13,220,1,8000000,190.67738329440127,1015984.4807072147,9000000000,664875,666675,657001,9674,7874,1800,0,2.362240807388503,2.362240807388503
13,221,0,9000000,208.76417748263233,0,2000000000,666001,668001,660001,8000,0,2000,0.19999999999999998,0,0.19999999999999998
13,222,0,8000000,230.07396832323295,0,4000000000,668001,672001,663001,9000,0,4000,0.39999999999999997,0,0.39999999999999997
13,224,1,4000000,235.7351518123676,436649.85005334375,8000000000,678162,679762,669001,10761,9161,1600,0,2.748197439787053,2.748197439787053
13,225,0,6000000,231.72034222312035,0,8000000000,672001,680001,672001,8000,0,8000,0.7999999999999999,0,0.7999999999999999
13,223,1,6000000,236.4762537761456,431218.0447884546,4000000000,679915,680715,666001,14714,13914,800,0,4.174222349352373,4.174222349352373
13,226,0,8000000,231.72034222312035,0,4000000000,680001,684001,675001,9000,0,4000,0.39999999999999997,0,0.39999999999999997
13,227,0,6000000,231.72034222312035,0,4000000000,684001,688001,678001,10000,0,4000,0.39999999999999997,0,0.39999999999999997
13,228,0,4000000,228.84570566213384,0,2000000000,688001,690001,681001,9000,0,2000,0.19999999999999998,0,0.19999999999999998
13,230,0,4000000,198.1106097613149,0,9000000000,690001,699001,687001,12000,0,9000,0.8999999999999999,0,0.8999999999999999
13,229,1,9000000,215.78498047825292,621140.4376597207,10000000000,698490,700490,684001,16489,14489,2000,0,4.346843058830346,4.346843058830346
13,234,1,2000000,199.42918166607413,850021.0010235494,3000000000,701354,701954,699001,2953,2353,600,0,0.7058649130756915,0.7058649130756915
13,233,1,8000000,190.30208643102154,1023965.973007082,4000000000,703814,704614,696001,8613,7813,800,0,2.3438278841941567,2.3438278841941567
13,236,1,3000000,147.27750676868482,2818945.091930855,10000000000,706065,708065,705001,3064,1064,2000,0,0.3192683683609953,0.3192683683609953
13,231,0,6000000,184.87072375040887,0,10000000000,699001,709001,690001,19000,0,10000,0.9999999999999999,0,0.9999999999999999
13,237,1,10000000,120.01489990830308,6241388.717101401,4000000000,709603,710403,708001,2402,1602,800,0,0.48066225899053555,0.48066225899053555
13,238,1,9000000,92.83009102656311,16240020.690227957,10000000000,711555,713555,711001,2554,554,2000,0,0.16625594582060232,0.16625594582060232
13,232,0,7000000,177.43715986230166,0,6000000000,709001,715001,693001,22000,0,6000,0.6,0,0.6
13,235,0,7000000,172.0488921789385,0,4000000000,715001,719001,702001,17000,0,4000,0.39999999999999997,0,0.39999999999999997
13,240,1,7000000,48.93442551006396,104711236.58765042,10000000000,717068,719068,717001,2067,67,2000,0,0.020055154235927273,0.020055154235927273
13,239,0,3000000,66.0450126807468,0,2000000000,719001,721001,714001,7000,0,2000,0.19999999999999998,0,0.19999999999999998
13,241,1,8000000,25.83520466340457,271459958.3629639,8000000000,720030,721630,720001,1629,29,1600,0,0.008841082915039005,0.008841082915039005
13,242,1,6000000,15.500012903220453,417401580.2180957,5000000000,723015,724015,723001,1014,14,1000,0,0.004312393832001032,0.004312393832001032
13,243,1,5000000,36.416446833813936,177182962.35807168,10000000000,726029,728029,726001,2028,28,2000,0,0.008465825269184898,0.008465825269184898
13,244,1,2000000,53.610302181577055,85462501.79720494,6000000000,729024,730224,729001,1223,23,1200,0,0.007020622932660544,0.007020622932660544
13,245,1,6000000,78.79148304226798,28596045.321383346,4000000000,732211,733011,732001,1010,210,800,0,0.06294576679293513,0.06294576679293513
13,246,1,2000000,105.89638567958774,10025197.808448007,6000000000,735200,736400,735001,1399,199,1200,0,0.05984919314952505,0.05984919314952505
13,247,1,8000000,131.31751787175995,4410724.1573302895,9000000000,739815,741615,738001,3614,1814,1800,0,0.5441283368426887,0.5441283368426887
13,248,1,7000000,157.8943545539232,2143924.8825695394,4000000000,746841,747641,741001,6640,3265,800,0,0.9795119302328846,0.9795119302328846
13,249,1,2000000,185.2405527955474,1139636.571202697,2000000000,749241,749641,744001,5640,1755,400,0,0.526483630976145,0.526483630976145
13,250,1,2000000,204.3730065346204,771131.2009906466,7000000000,749595,750995,747001,3994,2594,1400,0,0.7780777113274627,0.7780777113274627
13,251,1,8000000,179.5587327311039,1289531.7177505938,8000000000,756205,757805,750001,7804,6204,1600,0,1.8611407280361134,1.8611407280361134
13,253,1,5000000,124.94887594532415,5345940.654268397,7000000000,757805,759205,756001,3204,935,1400,0,0.28058672869896983,0.28058672869896983
13,252,1,10000000,152.2226382638272,2476018.9086421602,6000000000,759205,760405,753001,7404,4039,1200,0,1.2116224110926475,1.2116224110926475
13,254,1,8000000,97.74951099621929,13473970.011680696,5000000000,760405,761405,759001,2404,594,1000,0,0.1781212217274805,0.1781212217274805
13,255,1,6000000,73.2359836419229,36201219.345445074,8000000000,762167,763767,762001,1766,166,1600,0,0.04972208208855485,0.04972208208855485
13,257,1,6000000,21.93021659719757,317934134.2098509,5000000000,768020,769020,768001,1019,19,1000,0,0.005661550007750721,0.005661550007750721
13,258,1,7000000,16.374006840110948,401628277.9478817,5000000000,771053,772053,771001,1052,17,1000,0,0.005228715494660741,0.005228715494660741
13,256,0,2000000,46.554536835844516,0,9000000000,765001,774001,765001,9000,0,9000,0.8999999999999999,0,0.8999999999999999
13,259,0,10000000,37.993727113827674,0,4000000000,774001,778001,774001,4000,0,4000,0.39999999999999997,0,0.39999999999999997
13,260,0,4000000,64.34239659819964,0,4000000000,778001,782001,777001,5000,0,4000,0.39999999999999997,0,0.39999999999999997
13,261,1,8000000,91.25163067036118,17265273.925826013,9000000000,780464,782264,780001,2263,463,1800,0,0.13900735142174572,0.13900735142174572
13,262,0,9000000,115.98948271287362,0,6000000000,783001,789001,783001,6000,0,6000,0.6,0,0.6
13,263,1,10000000,143.28119625407945,3139807.1604114454,8000000000,789186,790786,786001,4785,3185,1600,0,0.9554726920257341,0.9554726920257341
13,264,0,5000000,170.62966242714063,0,5000000000,789001,794001,789001,5000,0,5000,0.49999999999999994,0,0.49999999999999994
13,265,1,10000000,124.55594245157468,5411239.150854042,10000000000,793849,795849,792001,3848,1848,2000,0,0.5544016659338588,0.5544016659338588
13,266,0,10000000,148.20978274054644,0,9000000000,795001,804001,795001,9000,0,9000,0.8999999999999999,0,0.8999999999999999
13,267,1,7000000,178.53843423756132,1318992.4671248265,8000000000,803308,804908,798001,6907,5307,1600,0,1.592124331519219,1.592124331519219
13,269,0,10000000,187.69072459767415,0,2000000000,804001,806001,804001,2000,0,2000,0.19999999999999998,0,0.19999999999999998
13,268,1,6000000,188.45299599634913,1064450.2680515943,7000000000,806638,808038,801001,7037,5637,1400,0,1.6910137129231795,1.6910137129231795
13,270,0,2000000,193.11818479884278,0,3000000000,807001,810001,807001,3000,0,3000,0.3,0,0.3
13,271,1,4000000,203.25987552884118,788069.8413054757,6000000000,815077,816277,810001,6276,5076,1200,0,1.5227076803397808,1.5227076803397808
13,272,0,5000000,217.10902790994214,0,10000000000,813001,823001,813001,10000,0,10000,0.9999999999999999,0,0.9999999999999999
13,273,0,10000000,228.19667394596277,0,6000000000,823001,829001,816001,13000,0,6000,0.6,0,0.6
13,274,0,2000000,243.88903583392178,0,8000000000,829001,837001,819001,18000,0,8000,0.7999999999999999,0,0.7999999999999999
13,275,0,5000000,238.31158196780962,0,2000000000,837001,839001,822001,17000,0,2000,0.19999999999999998,0,0.19999999999999998
13,278,1,7000000,194.6882071415728,935337.9210107866,9000000000,838485,840285,831001,9284,7484,1800,0,2.2451778686900714,2.2451778686900714
13,277,1,9000000,207.6013220092781,724506.9361374063,8000000000,840423,842023,828001,14022,12422,1600,0,3.7266723965330426,3.7266723965330426
13,280,1,4000000,192.12808748332463,985851.0188141314,10000000000,843823,845823,837001,8822,4057,2000,0,1.2172224576523396,1.2172224576523396
13,276,0,10000000,221.75347979231344,0,10000000000,839001,849001,825001,24000,0,10000,0.9999999999999999,0,0.9999999999999999
13,279,0,4000000,189.41887577535667,0,7000000000,849001,856001,834001,22000,0,7000,0.7,0,0.7
13,284,1,10000000,144.3328597374833,3051178.470883667,8000000000,855023,856623,849001,7622,3277,1600,0,0.9832266544313795,0.9832266544313795
13,285,1,6000000,111.57645629791251,8237980.9631389,5000000000,856623,857623,852001,5622,728,1000,0,0.2185001407570806,0.2185001407570806
13,282,1,9000000,199.24665768840399,853121.6286218269,10000000000,857623,859623,843001,16622,10549,2000,0,3.164847671675735,3.164847671675735
13,286,1,3000000,84.32764967672225,22750076.464702092,4000000000,861223,862023,855001,7022,132,800,0,0.03956030659485457,0.03956030659485457
13,281,0,6000000,198.85095725190772,0,7000000000,856001,863001,840001,23000,0,7000,0.7,0,0.7
13,283,0,9000000,178.51235615497322,0,4000000000,863001,867001,846001,21000,0,4000,0.39999999999999997,0,0.39999999999999997
13,289,1,8000000,94.77666590464133,15072259.048617814,2000000000,875023,875423,864001,11422,531,400,0,0.15923293198839292,0.15923293198839292
13,287,0,3000000,69.42521515991147,0,10000000000,867001,877001,858001,19000,0,10000,0.9999999999999999,0,0.9999999999999999
13,290,1,8000000,110.81225789595658,8454638.53790282,10000000000,877023,879023,867001,12022,946,2000,0,0.2838678423968817,0.2838678423968817
13,291,1,2000000,133.97831018489524,4080070.84475158,8000000000,883623,885223,870001,15222,490,1600,0,0.1470562700576175,0.1470562700576175
13,288,0,7000000,74.6858654632857,0,9000000000,877001,886001,861001,25000,0,9000,0.8999999999999999,0,0.8999999999999999
13,295,1,5000000,186.88923992568436,1100252.400278989,8000000000,888375,889975,882001,7974,4544,1600,0,1.3633235425068355,1.3633235425068355
13,292,1,5000000,168.40154393591524,1662445.6980786794,8000000000,889023,890623,873001,17622,3008,1600,0,0.9022851102647016,0.9022851102647016
13,296,1,5000000,163.2597010900118,1879146.9830556961,5000000000,891575,892575,885001,7574,2661,1000,0,0.7982345253061779,0.7982345253061779
13,298,0,3000000,109.75112254551202,0,2000000000,891001,893001,891001,2000,0,2000,0.19999999999999998,0,0.19999999999999998
13,297,1,5000000,135.57720641759806,3895993.2711983626,4000000000,892575,893375,888001,5374,1283,800,0,0.38501093189481234,0.38501093189481234
13,294,1,8000000,216.23990866627736,615952.0408536021,8000000000,895175,896775,879001,17774,12988,1600,0,3.8964072538407675,3.8964072538407675
13,293,1,7000000,192.36083723045087,981120.5361831011,9000000000,897623,899423,876001,23422,7135,1800,0,2.1404097891679323,2.1404097891679323
13,299,1,9000000,90.52809066803522,17760367.203355573,6000000000,900375,901575,894001,7574,507,1200,0,0.1520238838017872,0.1520238838017872
13,300,0,2000000,76.1493125379343,0,9000000000,897001,906001,897001,9000,0,9000,0.8999999999999999,0,0.8999999999999999
13,301,1,10000000,68.40424840607491,44624791.02531384,10000000000,904375,906375,900001,6374,224,2000,0,0.06722720557499577,0.06722720557499577
13,302,1,9000000,74.02849248769017,34991691.969892316,7000000000,906975,908375,903001,5374,257,1400,0,0.07716117306711388,0.07716117306711388
13,303,1,3000000,86.07409889159459,21197453.577032495,8000000000,910375,911975,906001,5974,142,1600,0,0.042457929992834265,0.042457929992834265
13,304,0,6000000,95.882553678967,0,7000000000,909001,916001,909001,7000,0,7000,0.7,0,0.7
13,305,0,10000000,119.77254485064594,0,6000000000,916001,922001,912001,10000,0,6000,0.6,0,0.6
13,307,1,6000000,146.01357539626235,2915853.5804418684,10000000000,920672,922672,918001,4671,2058,2000,0,0.6173149475246381,0.6173149475246381
13,306,0,10000000,136.70555877505495,0,8000000000,922001,930001,915001,15000,0,8000,0.7999999999999999,0,0.7999999999999999
13,310,1,2000000,199.5173157898833,848528.8473411741,2000000000,934800,935200,927001,8199,2357,400,0,0.7071061895892782,0.7071061895892782
13,312,1,2000000,196.51949343512973,901171.9168702166,3000000000,936600,937200,933001,4199,2219,600,0,0.6657997089876134,0.6657997089876134
13,308,0,4000000,171.38219860884033,0,10000000000,930001,940001,921001,19000,0,10000,0.9999999999999999,0,0.9999999999999999
13,313,1,5000000,192.39591809599287,980409.9937159517,8000000000,942453,944053,936001,8052,5100,1600,0,1.5299721643133168,1.5299721643133168
13,309,0,8000000,207.59229272783708,0,5000000000,940001,945001,924001,21000,0,5000,0.49999999999999994,0,0.49999999999999994
13,311,0,9000000,196.51949343512973,0,3000000000,945001,948001,930001,18000,0,3000,0.3,0,0.3
13,314,0,10000000,204.55625436539455,0,3000000000,948001,951001,939001,12000,0,3000,0.3,0,0.3
13,315,0,10000000,226.44058668887075,0,4000000000,951001,955001,942001,13000,0,4000,0.39999999999999997,0,0.39999999999999997
13,316,0,2000000,235.66746444938047,0,7000000000,955001,962001,945001,17000,0,7000,0.7,0,0.7
13,319,1,9000000,182.70131307683587,1203788.903357305,5000000000,961477,962477,954001,8476,7476,1000,0,2.242918166523914,2.242918166523914
13,320,1,6000000,179.1625432393724,1300873.4087473976,2000000000,962477,962877,957001,5876,4612,400,0,1.3836857513547056,1.3836857513547056
13,322,1,4000000,177.42552944827307,1352087.5974624366,8000000000,965959,967559,963001,4558,2958,1600,0,0.8875164613980109,0.8875164613980109
13,317,0,7000000,212.41809362669647,0,7000000000,962001,969001,948001,21000,0,7000,0.7,0,0.7
13,324,1,4000000,184.32271916397065,1162322.6553657383,4000000000,972442,973242,969001,4241,3441,800,0,1.032415564181192,1.032415564181192
13,318,0,4000000,194.21881474254755,0,7000000000,969001,976001,951001,25000,0,7000,0.7,0,0.7
13,325,1,7000000,184.32271916397065,1162322.6553657383,8000000000,978023,979623,972001,7622,6022,1600,0,1.8067272373170862,1.8067272373170862
13,321,0,2000000,183.97342661373682,0,10000000000,976001,986001,960001,26000,0,10000,0.9999999999999999,0,0.9999999999999999
13,323,0,4000000,181.3575123892032,0,4000000000,986001,990001,966001,24000,0,4000,0.39999999999999997,0,0.39999999999999997
13,330,1,6000000,183.90060820997846,1172944.4748302912,5000000000,992116,993116,987001,6115,5115,1000,0,1.5345994960762614,1.5345994960762614
13,326,0,3000000,184.54139183391888,0,6000000000,990001,996001,975001,21000,0,6000,0.6,0,0.6
13,327,0,7000000,178.51407479523849,0,2000000000,996001,998001,978001,20000,0,2000,0.19999999999999998,0,0.19999999999999998
14,1,0,4000000,199.09251116001323,0,4000000000,1,4001,1,4000,0,4000,0.39999999999999997,0,0.39999999999999997
14,2,0,3000000,196.7388637254978,0,4000000000,4001,8001,3001,5000,0,4000,0.39999999999999997,0,0.39999999999999997
14,3,1,5000000,192.60199635517802,976248.9088888824,7000000000,11123,12523,6001,6522,5122,1400,0,1.53649339460694,1.53649339460694
14,4,0,7000000,193.20777054766714,0,4000000000,9001,13001,9001,4000,0,4000,0.39999999999999997,0,0.39999999999999997
14,5,0,2000000,201.01072458951037,0,7000000000,13001,20001,12001,8000,0,7000,0.7,0,0.7
14,6,0,7000000,215.19817331938486,0,8000000000,20001,28001,15001,13000,0,8000,0.7999999999999999,0,0.7999999999999999
14,9,1,2000000,228.16453054758537,497342.1629527015,8000000000,31597,33197,24001,9196,4021,1600,0,1.2064128977881603,1.2064128977881603
14,7,0,5000000,234.59019523415725,0,6000000000,28001,34001,18001,16000,0,6000,0.6,0,0.6
14,10,1,2000000,214.0234410058861,641751.8783819331,5000000000,37797,38797,27001,11796,3116,1000,0,0.9349407772873166,0.9349407772873166
14,8,0,7000000,250.12917342845077,0,8000000000,34001,42001,21001,21000,0,8000,0.7999999999999999,0,0.7999999999999999
14,11,1,7000000,186.767198940285,1103109.1131463766,7000000000,42197,43597,30001,13596,6346,1400,0,1.9037101361715805,1.9037101361715805
14,13,1,4000000,126.84310347827352,5044346.325697881,3000000000,43597,44197,36001,8196,793,600,0,0.23789008972019401,0.23789008972019401
14,12,1,9000000,155.26957783158937,2290275.197808683,9000000000,44197,45997,33001,12996,3930,1800,0,1.1788976288016997,1.1788976288016997
14,14,0,9000000,97.27600834738234,0,9000000000,42001,51001,39001,12000,0,9000,0.8999999999999999,0,0.8999999999999999
14,16,1,8000000,67.31858584373263,46791095.18431064,2000000000,51197,51597,45001,6596,171,400,0,0.05129181077182258,0.05129181077182258
14,18,1,7000000,116.2517311699056,7049436.076565964,5000000000,54597,55597,51001,4596,993,1000,0,0.29789616888376497,0.29789616888376497
14,19,1,2000000,149.07828178510775,2687649.0038583763,5000000000,58397,59397,54001,5396,744,1000,0,0.22324343660152157,0.22324343660152157
14,15,0,5000000,72.17717090604205,0,10000000000,51001,61001,42001,19000,0,10000,0.9999999999999999,0,0.9999999999999999
14,17,0,7000000,87.251455575251,0,10000000000,61001,71001,48001,23000,0,10000,0.9999999999999999,0,0.9999999999999999
14,24,1,3000000,128.5562931170621,4789336.427914813,7000000000,70326,71726,69001,2725,626,1400,0,0.18791747323372793,0.18791747323372793
14,20,0,8000000,176.37795128643486,0,9000000000,71001,80001,57001,23000,0,9000,0.8999999999999999,0,0.8999999999999999
14,27,1,9000000,62.38667966801887,58102521.30915105,4000000000,80658,81458,78001,3457,155,800,0,0.04646958409315629,0.04646958409315629
14,28,1,8000000,47.62449894749548,110781591.73477562,2000000000,84658,85058,81001,4057,72,400,0,0.021664249108695667,0.021664249108695667
14,21,0,2000000,208.7757265584292,0,9000000000,80001,89001,60001,29000,0,9000,0.8999999999999999,0,0.8999999999999999
14,29,1,2000000,49.575006807866394,101855108.00829852,3000000000,91458,92058,84001,8057,20,600,0,0.005890720767299326,0.005890720767299326
14,30,1,5000000,66.79511434229305,47874870.23725773,6000000000,92058,93258,87001,6257,104,1200,0,0.03133167761220693,0.03133167761220693
14,22,0,3000000,191.44625355435923,0,5000000000,89001,94001,63001,31000,0,5000,0.49999999999999994,0,0.49999999999999994
14,23,0,4000000,157.51920676539734,0,2000000000,94001,96001,66001,30000,0,2000,0.19999999999999998,0,0.19999999999999998
14,31,1,6000000,85.69518189490003,21523724.987285282,4000000000,97458,98258,90001,8257,279,800,0,0.08362864704242944,0.08362864704242944
14,25,0,4000000,103.75044385447221,0,7000000000,96001,103001,72001,31000,0,7000,0.7,0,0.7
14,32,1,6000000,78.23246640621781,29274886.362591557,7000000000,103058,104458,93001,11457,205,1400,0,0.06148614815120516,0.06148614815120516
14,26,0,3000000,81.85536573737852,0,7000000000,103001,110001,75001,35000,0,7000,0.7,0,0.7
14,33,0,5000000,78.72712366141671,0,5000000000,110001,115001,96001,19000,0,5000,0.49999999999999994,0,0.49999999999999994
14,35,1,3000000,105.44413592040105,10186628.626407325,6000000000,114458,115658,102001,13657,295,1200,0,0.08835111527153187,0.08835111527153187
14,36,1,3000000,127.92223653454472,4881833.682502438,7000000000,118858,120258,105001,15257,615,1400,0,0.18435695653168135,0.18435695653168135
14,34,0,7000000,88.90298645152481,0,9000000000,115001,124001,99001,25000,0,9000,0.8999999999999999,0,0.8999999999999999
14,38,0,8000000,173.96286097900318,0,3000000000,124001,127001,111001,16000,0,3000,0.3,0,0.3
14,37,1,10000000,152.87575510851943,2434678.540573126,5000000000,128058,129058,108001,21057,4107,1000,0,1.2321955239699927,1.2321955239699927
14,44,1,6000000,126.74562596003067,5059349.932480178,6000000000,132105,133305,129001,4304,1186,1200,0,0.3557769326142677,0.3557769326142677
14,45,1,10000000,117.01711755123695,6875231.872869766,8000000000,133905,135505,132001,3504,1454,1600,0,0.4363489196398231,0.4363489196398231
14,39,0,2000000,185.7547334524749,0,10000000000,127001,137001,114001,23000,0,10000,0.9999999999999999,0,0.9999999999999999
14,40,1,4000000,213.25083821640658,651060.6773566277,8000000000,135858,137458,117001,20457,6144,1600,0,1.8431461793578467,1.8431461793578467
14,41,0,4000000,203.3900088499924,0,5000000000,137001,142001,120001,22000,0,5000,0.49999999999999994,0,0.49999999999999994
14,42,0,7000000,178.37692956209335,0,3000000000,142001,145001,123001,22000,0,3000,0.3,0,0.3
14,49,1,9000000,153.9381934413939,2369237.708619076,5000000000,147800,148800,144001,4799,3799,1000,0,1.1396070517439598,1.1396070517439598
14,43,0,4000000,151.78970749033022,0,6000000000,145001,151001,126001,25000,0,6000,0.6,0,0.6
14,46,0,4000000,139.29438646262813,0,3000000000,151001,154001,135001,19000,0,3000,0.3,0,0.3
14,47,0,4000000,164.72230025105887,0,6000000000,154001,160001,138001,22000,0,6000,0.6,0,0.6
14,54,1,4000000,157.70226028817723,2154235.164897824,4000000000,160858,161658,159001,2657,1857,800,0,0.5570422484756515,0.5570422484756515
14,48,0,5000000,180.14949153411453,0,3000000000,160001,163001,141001,22000,0,3000,0.3,0,0.3
14,50,0,10000000,124.0891880866339,0,4000000000,163001,167001,147001,20000,0,4000,0.39999999999999997,0,0.39999999999999997
14,56,1,8000000,166.81013698213906,1726035.8553905918,7000000000,170402,171802,165001,6801,4635,1400,0,1.390469376696056,1.390469376696056
14,51,0,6000000,142.46025164936364,0,6000000000,167001,173001,150001,23000,0,6000,0.6,0,0.6
14,52,0,10000000,165.69315737229462,0,7000000000,173001,180001,153001,27000,0,7000,0.7,0,0.7
14,59,1,3000000,205.9797274005381,747473.5622578373,6000000000,178826,180026,174001,6025,4014,1200,0,1.2040559632389374,1.2040559632389374
14,60,1,3000000,191.75609925110592,993470.537879214,4000000000,180026,180826,177001,3825,3020,800,0,0.9059151385820179,0.9059151385820179
14,53,0,3000000,181.63154819579114,0,5000000000,180001,185001,156001,29000,0,5000,0.49999999999999994,0,0.49999999999999994
14,55,0,9000000,149.41512272859126,0,3000000000,185001,188001,162001,26000,0,3000,0.3,0,0.3
14,57,0,3000000,186.9467841392304,0,2000000000,188001,190001,168001,22000,0,2000,0.19999999999999998,0,0.19999999999999998
14,63,1,2000000,183.34034607799776,1187229.8529079505,9000000000,188573,190373,186001,4372,1685,1800,0,0.5053781275212929,0.5053781275212929
14,61,1,10000000,182.7086380005061,1203597.4733202355,10000000000,190373,192373,180001,12372,8308,2000,0,2.492527665187117,2.492527665187117
14,64,1,2000000,192.97686493463405,968735.8670372204,2000000000,192373,192773,189001,3772,2065,400,0,0.6193638745255078,0.6193638745255078
14,58,0,10000000,207.23482936031775,0,3000000000,190001,193001,171001,22000,0,3000,0.3,0,0.3
14,62,0,5000000,179.7760206479162,0,10000000000,193001,203001,183001,20000,0,10000,0.9999999999999999,0,0.9999999999999999
14,65,0,6000000,207.84272154684658,0,5000000000,203001,208001,192001,16000,0,5000,0.49999999999999994,0,0.49999999999999994
14,67,1,4000000,244.35361855311245,378382.61417013506,2000000000,208572,208972,198001,10971,10571,400,0,3.1713930689755077,3.1713930689755077
14,66,0,10000000,225.05848684286488,0,10000000000,208001,218001,195001,23000,0,10000,0.9999999999999999,0,0.9999999999999999
14,71,1,8000000,186.10171761700641,1118849.9894146186,7000000000,217151,218551,210001,8550,7150,1400,0,2.1450596797660766,2.1450596797660766
14,68,0,5000000,235.48079008700475,0,8000000000,218001,226001,201001,25000,0,8000,0.7999999999999999,0,0.7999999999999999
14,76,1,5000000,155.84542758772233,2257133.209954815,6000000000,227216,228416,225001,3415,2215,1200,0,0.6645598024008641,0.6645598024008641
14,69,0,7000000,214.21643844485882,0,3000000000,226001,229001,204001,25000,0,3000,0.3,0,0.3
14,70,0,8000000,194.97769769899327,0,3000000000,229001,232001,207001,25000,0,3000,0.3,0,0.3
14,72,0,10000000,169.9351808778865,0,2000000000,232001,234001,213001,21000,0,2000,0.19999999999999998,0,0.19999999999999998
14,73,0,8000000,156.19254015477176,0,7000000000,234001,241001,216001,25000,0,7000,0.7,0,0.7
14,80,1,8000000,143.8330101193742,3092912.7973836726,8000000000,239588,241188,237001,4187,2587,1600,0,0.77596756107388,0.77596756107388
14,82,1,2000000,141.34102199998412,3311808.5788554964,4000000000,243605,244405,243001,1404,604,800,0,0.1811698912282393,0.1811698912282393
14,74,0,2000000,144.17241795849858,0,6000000000,241001,247001,219001,28000,0,6000,0.6,0,0.6
14,75,0,7000000,147.277519330005,0,2000000000,247001,249001,222001,27000,0,2000,0.19999999999999998,0,0.19999999999999998
14,84,1,9000000,148.59825705572726,2721895.6187541173,3000000000,252308,252908,249001,3907,3307,600,0,0.9919557463543957,0.9919557463543957
14,77,0,5000000,152.86932360679822,0,6000000000,249001,255001,228001,27000,0,6000,0.6,0,0.6
14,78,0,9000000,133.61926956842711,0,7000000000,255001,262001,231001,31000,0,7000,0.7,0,0.7
14,79,0,10000000,148.81040823813365,0,5000000000,262001,267001,234001,33000,0,5000,0.49999999999999994,0,0.49999999999999994
14,90,1,4000000,225.94074975532854,517142.0709391433,6000000000,274736,275936,267001,8935,7735,1200,0,2.3204455166851328,2.3204455166851328
14,81,0,6000000,144.73060008166897,0,9000000000,267001,276001,240001,36000,0,9000,0.8999999999999999,0,0.8999999999999999
14,83,0,7000000,142.41434337874819,0,2000000000,276001,278001,246001,32000,0,2000,0.19999999999999998,0,0.19999999999999998
14,92,1,3000000,234.35857761131763,446967.7612559601,6000000000,280705,281905,273001,8904,6712,1200,0,2.013568042292444,2.013568042292444
14,85,0,2000000,149.9628463986997,0,10000000000,278001,288001,252001,36000,0,10000,0.9999999999999999,0,0.9999999999999999
14,86,0,3000000,161.14137891925836,0,5000000000,288001,293001,255001,38000,0,5000,0.49999999999999994,0,0.49999999999999994
14,96,1,5000000,214.99727463388922,630253.6400260726,8000000000,292934,294534,285001,9533,7933,1600,0,2.3799941876384043,2.3799941876384043
14,94,1,7000000,230.27883315667552,479386.5424324428,5000000000,294534,295534,279001,16533,14602,1000,0,4.38059856529231,4.38059856529231
14,98,1,4000000,183.6903203764423,1178281.12606535,7000000000,295534,296934,291001,5933,3395,1400,0,1.018432675746217,1.018432675746217
14,93,1,9000000,230.27883315667552,479386.5424324428,9000000000,296934,298734,276001,22733,18774,1800,0,5.632198155375828,5.632198155375828
14,100,1,8000000,172.8164659400255,1500652.3461864893,3000000000,302332,302932,297001,5931,5331,600,0,1.5993044665534724,1.5993044665534724
14,87,0,8000000,176.03782690092493,0,10000000000,293001,303001,258001,45000,0,10000,0.9999999999999999,0,0.9999999999999999
14,101,1,8000000,177.2567860478126,1357195.3475924716,10000000000,306105,308105,300001,8104,5895,2000,0,1.7683526577492026,1.7683526577492026
14,88,0,7000000,193.54948953691402,0,9000000000,303001,312001,261001,51000,0,9000,0.8999999999999999,0,0.8999999999999999
14,103,1,7000000,180.49316690667268,1263264.8125955535,8000000000,311542,313142,306001,7141,5541,1600,0,1.6623592924157031,1.6623592924157031
14,104,1,6000000,161.64334598120644,1954419.6288568156,8000000000,313142,314742,309001,5741,3070,1600,0,0.9209895221185743,0.9209895221185743
14,89,0,3000000,207.62084023527117,0,4000000000,312001,316001,264001,52000,0,4000,0.39999999999999997,0,0.39999999999999997
14,105,1,8000000,136.4719370420161,3797439.059566522,9000000000,314742,316542,312001,4541,2107,1800,0,0.6320048754841533,0.6320048754841533
14,91,0,4000000,248.02577950688917,0,3000000000,316001,319001,270001,49000,0,3000,0.3,0,0.3
14,95,0,5000000,229.3379275218122,0,9000000000,319001,328001,282001,46000,0,9000,0.8999999999999999,0,0.8999999999999999
14,111,1,2000000,168.82025263575454,1646200.2044987753,6000000000,331216,332416,330001,2415,1215,1200,0,0.3644757170848999,0.3644757170848999
14,97,0,6000000,197.89481473752667,0,8000000000,328001,336001,288001,48000,0,8000,0.7999999999999999,0,0.7999999999999999
14,112,1,5000000,168.82025263575454,1646200.2044987753,2000000000,336038,336438,333001,3437,3037,400,0,0.9111892927122498,0.9111892927122498
14,113,1,5000000,172.85710659385688,1499256.1225478158,4000000000,339336,340136,336001,4135,3335,800,0,1.000496164358442,1.000496164358442
14,99,0,3000000,175.06157002609112,0,10000000000,336001,346001,294001,52000,0,10000,0.9999999999999999,0,0.9999999999999999
14,114,1,5000000,156.07046261224448,2244343.2631681757,7000000000,344767,346167,339001,7166,2228,1400,0,0.6683469612765738,0.6683469612765738
14,116,1,6000000,109.46459016503924,8853729.317924498,10000000000,348767,350767,345001,5766,678,2000,0,0.20330415979127295,0.20330415979127295
14,102,0,5000000,179.8636755990492,0,10000000000,346001,356001,303001,53000,0,10000,0.9999999999999999,0,0.9999999999999999
14,119,1,4000000,28.147870256912878,247404089.3205636,5000000000,361567,362567,354001,8566,16,1000,0,0.0048503644515153896,0.0048503644515153896
14,106,0,6000000,112.5752024204265,0,7000000000,356001,363001,315001,48000,0,7000,0.7,0,0.7
14,120,1,8000000,6.014025274306711,690358209.3651603,2000000000,364967,365367,357001,8366,12,400,0,0.003476456088219755,0.003476456088219755
14,107,0,8000000,116.08585271255063,0,3000000000,363001,366001,318001,48000,0,3000,0.3,0,0.3
14,108,0,7000000,136.0588791663374,0,2000000000,366001,368001,321001,47000,0,2000,0.19999999999999998,0,0.19999999999999998
14,121,1,2000000,27.698810443771727,251898700.56224316,5000000000,367167,368167,360001,8166,8,1000,0,0.002381909865595922,0.002381909865595922
14,109,0,4000000,156.91646758705727,0,7000000000,368001,375001,324001,51000,0,7000,0.7,0,0.7
14,110,0,3000000,165.53206728607,0,4000000000,375001,379001,327001,52000,0,4000,0.39999999999999997,0,0.39999999999999997
14,124,1,8000000,82.1352256951912,24886337.40377591,10000000000,379367,381367,369001,12366,321,2000,0,0.09643845781966522,0.09643845781966522
14,115,0,2000000,134.2946882791721,0,7000000000,379001,386001,342001,44000,0,7000,0.7,0,0.7
14,117,0,8000000,82.24949847871412,0,3000000000,386001,389001,348001,41000,0,3000,0.3,0,0.3
14,127,1,9000000,85.21204433646692,21948127.42289773,7000000000,388367,389767,378001,11766,410,1400,0,0.12301732844794688,0.12301732844794688
14,128,1,2000000,109.8705146979844,8731174.072806261,6000000000,392967,394167,381001,13166,229,1200,0,0.06871928047669261,0.06871928047669261
14,118,0,2000000,55.08766286565441,0,7000000000,389001,396001,351001,45000,0,7000,0.7,0,0.7
14,122,0,9000000,53.80666129764977,0,7000000000,396001,403001,363001,40000,0,7000,0.7,0,0.7
14,123,0,7000000,66.62554615160767,0,6000000000,403001,409001,366001,43000,0,6000,0.6,0,0.6
14,135,1,4000000,206.3987134165327,741453.5735554579,2000000000,409427,409827,402001,7826,5395,400,0,1.6184425334221477,1.6184425334221477
14,132,1,4000000,174.0341161956471,1459510.6694019756,10000000000,408167,410167,393001,17166,2741,2000,0,0.8221933728594747,0.8221933728594747
14,131,1,9000000,174.0341161956471,1459510.6694019756,2000000000,410167,410567,390001,20566,6166,400,0,1.849935088933818,1.849935088933818
14,136,1,6000000,180.18860563309767,1271752.3142986859,9000000000,410227,412027,405001,7026,4718,1800,0,1.4153699425289576,1.4153699425289576
14,133,1,8000000,178.20142115033764,1328907.0707724213,6000000000,411767,412967,396001,16966,6020,1200,0,1.8059953572261533,1.8059953572261533
14,134,1,4000000,198.4166323673497,867400.6942972266,6000000000,412967,414167,399001,15166,4611,1200,0,1.3834436701393782,1.3834436701393782
14,125,0,4000000,65.98147391503169,0,8000000000,409001,417001,372001,45000,0,8000,0.7999999999999999,0,0.7999999999999999
14,138,1,10000000,137.4784092139562,3690216.1791486316,4000000000,416627,417427,411001,6426,2710,800,0,0.8129605026803955,0.8129605026803955
14,140,1,4000000,94.43395258062641,15270514.61271738,5000000000,421427,422427,417001,5426,262,1000,0,0.07858281337818389,0.07858281337818389
14,126,0,9000000,69.72445195195158,0,8000000000,417001,425001,375001,50000,0,8000,0.7999999999999999,0,0.7999999999999999
14,141,1,4000000,75.75845827364762,32502177.113291565,10000000000,424227,426227,420001,6226,123,2000,0,0.0369206036819382,0.0369206036819382
14,129,0,6000000,137.92648549136604,0,2000000000,425001,427001,384001,43000,0,2000,0.19999999999999998,0,0.19999999999999998
14,142,1,5000000,58.592508053504595,68671650.52772418,10000000000,426227,428227,423001,5226,73,2000,0,0.02184307481286501,0.02184307481286501
14,130,0,5000000,167.00575858334946,0,4000000000,427001,431001,387001,44000,0,4000,0.39999999999999997,0,0.39999999999999997
14,144,1,2000000,48.985696892052026,104479953.83464137,9000000000,432027,433827,429001,4826,19,1800,0,0.0057427284180237076,0.0057427284180237076
14,145,1,10000000,62.957608753827344,56660465.68447227,5000000000,434627,435627,432001,3626,176,1000,0,0.05294697040977809,0.05294697040977809
14,137,0,2000000,162.66840873384112,0,7000000000,431001,438001,408001,30000,0,7000,0.7,0,0.7
14,139,0,9000000,114.94879294712055,0,2000000000,438001,440001,414001,26000,0,2000,0.19999999999999998,0,0.19999999999999998
14,143,0,2000000,47.146573576454124,0,3000000000,440001,443001,426001,17000,0,3000,0.3,0,0.3
14,147,1,3000000,80.87795373276944,26213634.758960508,3000000000,443627,444227,438001,6226,114,600,0,0.03433327763492838,0.03433327763492838
14,146,0,4000000,81.64326365353116,0,6000000000,443001,449001,435001,14000,0,6000,0.6,0,0.6
14,148,1,4000000,77.02854146353803,30798680.26000236,5000000000,449027,450027,441001,9026,130,1000,0,0.038962708462492675,0.038962708462492675
14,149,0,9000000,81.93033931334594,0,10000000000,449001,459001,444001,15000,0,10000,0.9999999999999999,0,0.9999999999999999
14,150,0,4000000,93.13047728858689,0,3000000000,459001,462001,447001,15000,0,3000,0.3,0,0.3
14,156,0,9000000,141.46561490341034,0,6000000000,465001,471001,465001,6000,0,6000,0.6,0,0.6
14,151,1,10000000,110.11802395611717,8657450.781990595,6000000000,470227,471427,450001,21426,1155,1200,0,0.346522328055351,0.346522328055351
14,152,1,6000000,130.23284723908944,4554910.802375813,6000000000,475627,476827,453001,23826,1317,1200,0,0.39517788121364117,0.39517788121364117
14,153,1,3000000,152.1582524873363,2480141.20654109,5000000000,480027,481027,456001,25026,1210,1000,0,0.3628825639549686,0.3628825639549686
14,160,0,9000000,212.8067557668224,0,7000000000,477001,484001,477001,7000,0,7000,0.7,0,0.7
14,154,1,4000000,104.9329466850141,10372866.411059221,9000000000,483627,485427,459001,26426,386,1800,0,0.11568644118665194,0.11568644118665194
14,164,1,4000000,159.43632239863035,2063339.377211376,2000000000,490940,491340,489001,2339,1939,400,0,0.5815814951497761,0.5815814951497761
14,155,1,10000000,119.49322030977318,6346409.594410894,9000000000,489827,491627,462001,29626,1576,1800,0,0.47270822271572516,0.47270822271572516
14,163,1,8000000,176.5774209801468,1378003.5302138813,5000000000,491807,492807,486001,6806,5806,1000,0,1.7416501100164044,1.7416501100164044
14,161,0,9000000,218.195963528201,0,10000000000,484001,494001,480001,14000,0,10000,0.9999999999999999,0,0.9999999999999999
14,165,1,2000000,147.6223079348105,2793201.99851197,8000000000,492807,494407,492001,2406,716,1600,0,0.21480723568135768,0.21480723568135768
14,166,1,2000000,140.23241743619766,3415312.544434519,9000000000,495587,497387,495001,2386,586,1800,0,0.17567938283649626,0.17567938283649626
14,162,0,10000000,199.86325325081646,0,5000000000,494001,499001,483001,16000,0,5000,0.49999999999999994,0,0.49999999999999994
14,168,1,10000000,140.59786769364604,3380757.6304706787,5000000000,503959,504959,501001,3958,2958,1000,0,0.8873750584665046,0.8873750584665046
14,169,1,3000000,148.34018504774764,2740530.329507703,5000000000,505096,506096,504001,2095,1095,1000,0,0.32840359046917467,0.32840359046917467
14,167,0,2000000,137.9739196370097,0,8000000000,499001,507001,498001,9000,0,8000,0.7999999999999999,0,0.7999999999999999
14,157,1,8000000,165.1702869768046,1794750.907054332,8000000000,508427,510027,468001,42026,4457,1600,0,1.3372329221658086,1.3372329221658086
14,170,1,8000000,160.44579053375006,2012611.0662599641,9000000000,510976,512776,507001,5775,3975,1800,0,1.1924807729791136,1.1924807729791136
14,171,1,6000000,176.02443125884548,1395234.3904251268,9000000000,514301,516101,510001,6100,4300,1800,0,1.2901058147309152,1.2901058147309152
14,172,1,2000000,192.98509372487814,968571.7561502816,8000000000,516101,517701,513001,4700,2065,1600,0,0.6194688170392046,0.6194688170392046
14,158,1,9000000,178.00703047913584,1334668.000702913,8000000000,518427,520027,471001,49026,6743,1600,0,2.02297500095756,2.02297500095756
14,173,1,8000000,184.98033679286021,1146011.946729959,4000000000,522982,523782,516001,7781,6981,800,0,2.094219006048045,2.094219006048045
14,174,0,5000000,168.88123637633637,0,5000000000,519001,524001,519001,5000,0,5000,0.49999999999999994,0,0.49999999999999994
14,175,1,3000000,155.31989183617145,2287355.546081187,9000000000,523782,525582,522001,3581,1312,1800,0,0.39346747012808103,0.39346747012808103
14,176,1,2000000,143.85922632907494,3090706.467513144,2000000000,525648,526048,525001,1047,647,400,0,0.19413037320324186,0.19413037320324186
14,159,1,10000000,194.22610792578837,944212.8814508399,3000000000,526227,526827,474001,52826,10591,600,0,3.177249600101112,3.177249600101112
14,177,1,6000000,149.04283981459827,2690159.277853717,9000000000,530231,532031,528001,4030,2230,1800,0,0.6691053629493974,0.6691053629493974
14,178,0,10000000,156.67505385350918,0,8000000000,531001,539001,531001,8000,0,8000,0.7999999999999999,0,0.7999999999999999
14,179,1,10000000,151.93982098186115,2494189.695407266,7000000000,538010,539410,534001,5409,4009,1400,0,1.2027954431549932,1.2027954431549932
14,180,1,6000000,131.90524364103194,4334936.749009418,7000000000,539410,540810,537001,3809,1384,1400,0,0.4152309720346716,0.4152309720346716
14,181,1,2000000,149.02590647266666,2691359.651022818,10000000000,540810,542810,540001,2809,743,2000,0,0.22293564510115824,0.22293564510115824
14,182,0,9000000,154.47588808613463,0,5000000000,543001,548001,543001,5000,0,5000,0.49999999999999994,0,0.49999999999999994
14,183,1,9000000,165.56888143609595,1777740.7715503527,6000000000,551064,552264,546001,6263,5063,1200,0,1.518781614962542,1.518781614962542
14,184,0,5000000,179.43847190611052,0,8000000000,549001,557001,549001,8000,0,8000,0.7999999999999999,0,0.7999999999999999
14,186,0,10000000,207.79006809758738,0,5000000000,557001,562001,555001,7000,0,5000,0.49999999999999994,0,0.49999999999999994
14,185,1,10000000,195.83094188610744,913832.8154285258,7000000000,562944,564344,552001,12343,10943,1400,0,3.2828761993989053,3.2828761993989053
14,187,0,5000000,216.22948480722974,0,4000000000,562001,566001,558001,8000,0,4000,0.39999999999999997,0,0.39999999999999997
14,188,0,10000000,235.96179033902922,0,6000000000,566001,572001,561001,11000,0,6000,0.6,0,0.6
14,190,0,8000000,229.53204656430873,0,10000000000,572001,582001,567001,15000,0,10000,0.9999999999999999,0,0.9999999999999999
14,194,0,8000000,177.7700551274033,0,3000000000,582001,585001,579001,6000,0,3000,0.3,0,0.3
14,189,1,3000000,249.09738918744208,350440.0679171738,7000000000,586025,587425,564001,23424,8561,1400,0,2.5681994794405596,2.5681994794405596
14,191,1,3000000,211.84015861021254,668495.851515292,5000000000,588425,589425,570001,19424,4488,1000,0,1.3463060360957413,1.3463060360957413
14,195,0,3000000,176.95896134414892,0,5000000000,585001,590001,582001,8000,0,5000,0.49999999999999994,0,0.49999999999999994
14,196,0,5000000,181.84675333917843,0,4000000000,590001,594001,585001,9000,0,4000,0.39999999999999997,0,0.39999999999999997
14,193,1,3000000,184.34902359383406,1161664.7104571976,3000000000,594625,595225,576001,19224,2583,600,0,0.7747502286144046,0.7747502286144046
14,192,1,7000000,195.95939502866403,911454.1273891251,7000000000,597225,598625,573001,25624,7680,1400,0,2.304010631906933,2.304010631906933
14,199,0,3000000,224.848301083197,0,8000000000,594001,602001,594001,8000,0,8000,0.7999999999999999,0,0.7999999999999999
14,201,0,2000000,219.37407435702156,0,2000000000,602001,604001,600001,4000,0,2000,0.19999999999999998,0,0.19999999999999998
14,197,1,6000000,192.03655094799012,987719.2146854837,6000000000,604625,605825,588001,17824,6075,1200,0,1.8223802607436044,1.8223802607436044
14,202,0,8000000,201.58126599463554,0,2000000000,604001,606001,603001,3000,0,2000,0.19999999999999998,0,0.19999999999999998
14,203,0,5000000,187.65986305014718,0,2000000000,606001,608001,606001,2000,0,2000,0.19999999999999998,0,0.19999999999999998
14,198,1,8000000,206.7492558632316,736463.3399520066,10000000000,607025,609025,591001,18024,10863,2000,0,3.2588180155123565,3.2588180155123565
14,204,0,7000000,178.69179080192797,0,2000000000,609001,611001,609001,2000,0,2000,0.19999999999999998,0,0.19999999999999998
14,200,1,6000000,240.15243200933858,405486.7342620001,8000000000,612305,613905,597001,16904,14797,1600,0,4.439109465013849,4.439109465013849
14,205,0,9000000,175.22812131618605,0,6000000000,612001,618001,612001,6000,0,6000,0.6,0,0.6
14,206,1,10000000,177.5989845128626,1346862.1085281153,10000000000,623074,625074,615001,10073,7425,2000,0,2.227399509574499,2.227399509574499
14,207,1,10000000,185.56056396767065,1131856.5729468002,10000000000,628493,630493,618001,12492,8835,2000,0,2.6505125045918754,2.6505125045918754
14,209,0,10000000,216.19396036892425,0,7000000000,624001,631001,624001,7000,0,7000,0.7,0,0.7
14,210,1,2000000,236.6357380025257,430060.17084258486,2000000000,632893,633293,627001,6292,4651,400,0,1.3951536103063549,1.3951536103063549
14,208,1,10000000,198.86008146433008,859735.2467065634,9000000000,633293,635093,621001,14092,11631,1800,0,3.489446328381057,3.489446328381057
14,212,0,2000000,211.80409840227364,0,7000000000,633001,640001,633001,7000,0,7000,0.7,0,0.7
14,211,1,5000000,228.19991783521746,497034.8005959861,7000000000,640061,641461,630001,11460,10060,1400,0,3.017897334756792,3.017897334756792
14,214,0,6000000,175.89382280228037,0,4000000000,640001,644001,639001,5000,0,4000,0.39999999999999997,0,0.39999999999999997
14,215,1,4000000,161.91255695590746,1941626.5480487852,5000000000,644903,645903,642001,3902,2060,1000,0,0.6180385209534377,0.6180385209534377
14,213,1,9000000,192.98085008621968,968656.3848396941,7000000000,645903,647303,636001,11302,9291,1400,0,2.7873661313313196,2.7873661313313196
14,217,1,6000000,141.53417714460346,3294172.4717247137,8000000000,649822,651422,648001,3421,1821,1600,0,0.5464194772587553,0.5464194772587553
14,218,1,4000000,153.22956960064855,2412639.737779319,5000000000,652659,653659,651001,2658,1658,1000,0,0.49738051695381735,0.49738051695381735
14,216,0,8000000,149.8701951690195,0,10000000000,645001,655001,645001,10000,0,10000,0.9999999999999999,0,0.9999999999999999
14,219,1,9000000,148.35933169167348,2739142.3955501863,6000000000,657287,658487,654001,4486,3286,1200,0,0.9857099814840681,0.9857099814840681
14,220,1,6000000,140.87148540425062,3355167.68803574,7000000000,660687,662087,657001,5086,1788,1400,0,0.5364858532760244,0.5364858532760244
14,221,1,9000000,137.2307698732321,3716248.6655415287,6000000000,663087,664287,660001,4286,2422,1200,0,0.7265391105378461,0.7265391105378461
14,222,0,6000000,135.8163797190899,0,7000000000,663001,670001,663001,7000,0,7000,0.7,0,0.7
14,223,1,9000000,141.9147835850797,3259758.7069855714,3000000000,671287,671887,666001,5886,2761,600,0,0.8282821652455367,0.8282821652455367
14,224,1,7000000,151.6066400260886,2515808.471451946,7000000000,673687,675087,669001,6086,2782,1400,0,0.834721730143483,0.834721730143483
14,225,1,5000000,164.7415533494813,1813273.2641352126,7000000000,677887,679287,672001,7286,2757,1400,0,0.8272332856103632,0.8272332856103632
14,226,1,4000000,180.59078741729874,1260559.243672678,3000000000,681887,682487,675001,7486,3173,600,0,0.9519584311672359,0.9519584311672359
14,228,0,6000000,216.7181342204662,0,4000000000,681001,685001,681001,4000,0,4000,0.39999999999999997,0,0.39999999999999997
14,229,0,9000000,234.9606069110309,0,4000000000,685001,689001,684001,5000,0,4000,0.39999999999999997,0,0.39999999999999997
14,227,1,7000000,198.40386815785618,867622.5937684629,6000000000,688887,690087,678001,12086,8068,1200,0,2.420407231304092,2.420407231304092
14,232,1,2000000,198.7044601915116,862415.6656212219,3000000000,695320,695920,693001,2919,2319,600,0,0.6957202007315154,0.6957202007315154
14,230,0,10000000,234.1103231384725,0,9000000000,689001,698001,687001,11000,0,9000,0.8999999999999999,0,0.8999999999999999
14,231,1,4000000,214.81899008234814,632339.354522668,10000000000,696720,698720,690001,8719,6326,2000,0,1.8977151926687215,1.8977151926687215
14,233,1,4000000,196.6928010883978,898019.6541925287,3000000000,700455,701055,696001,5054,4454,600,0,1.3362736487978124,1.3362736487978124
14,234,1,2000000,218.68793405215567,588941.8689211451,8000000000,707324,708924,699001,9923,3396,1600,0,1.0187762692082187,1.0187762692082187
14,236,0,10000000,172.71394269137625,0,5000000000,705001,710001,705001,5000,0,5000,0.49999999999999994,0,0.49999999999999994
14,235,1,3000000,194.87601186395412,931760.6901552745,2000000000,709724,710124,702001,8123,3220,400,0,0.9659132538098579,0.9659132538098579
14,237,0,9000000,149.92151880233868,0,4000000000,710001,714001,708001,6000,0,4000,0.39999999999999997,0,0.39999999999999997
14,241,0,8000000,79.3989533936059,0,2000000000,720001,722001,720001,2000,0,2000,0.19999999999999998,0,0.19999999999999998
14,238,1,4000000,128.00493271745424,4869646.46310694,4000000000,721324,722124,711001,11123,821,800,0,0.24642445998726037,0.24642445998726037
14,239,1,5000000,107.48994976275691,9480325.307107458,3000000000,728324,728924,714001,14923,527,600,0,0.15822241868382309,0.15822241868382309
14,240,1,3000000,91.11695341702332,17356198.242050197,6000000000,734724,735924,717001,18923,173,1200,0,0.051854673900848906,0.051854673900848906
14,243,0,7000000,69.00871828979294,0,10000000000,726001,736001,726001,10000,0,10000,0.9999999999999999,0,0.9999999999999999
14,244,0,6000000,76.65823960932057,0,8000000000,736001,744001,729001,15000,0,8000,0.7999999999999999,0,0.7999999999999999
14,242,1,4000000,70.1741619116324,41317798.75601074,8000000000,743124,744724,723001,21723,97,1600,0,0.02904317355061005,0.02904317355061005
14,245,1,2000000,86.64136714064485,20719563.566356782,2000000000,753924,754324,732001,22323,97,400,0,0.028958138914385485,0.028958138914385485
14,246,1,2000000,93.07498321246155,16087417.752659079,7000000000,754724,756124,735001,21123,124,1400,0,0.03729622797299625,0.03729622797299625
14,252,0,5000000,137.76203903833596,0,4000000000,753001,757001,753001,4000,0,4000,0.39999999999999997,0,0.39999999999999997
14,247,1,5000000,111.69597888912563,8204704.784939519,6000000000,759724,760924,738001,22923,609,1200,0,0.18282193440443906,0.18282193440443906
14,248,1,10000000,132.29394128228247,4285691.499991831,3000000000,766124,766724,741001,25723,2333,600,0,0.7000037216877879,0.7000037216877879
14,249,1,4000000,136.7228561726239,3770352.86616931,3000000000,768524,769124,744001,25123,1061,600,0,0.31827259744502473,0.31827259744502473
14,255,0,6000000,207.3751501506388,0,8000000000,762001,770001,762001,8000,0,8000,0.7999999999999999,0,0.7999999999999999
14,257,0,3000000,196.51949343512973,0,2000000000,770001,772001,768001,4000,0,2000,0.19999999999999998,0,0.19999999999999998
14,250,1,10000000,136.7228561726239,3770352.86616931,6000000000,771124,772324,747001,25323,2652,1200,0,0.7956814936125618,0.7956814936125618
14,258,0,9000000,196.51949343512973,0,5000000000,772001,777001,771001,6000,0,5000,0.49999999999999994,0,0.49999999999999994
14,251,1,6000000,136.7228561726239,3770352.86616931,3000000000,778324,778924,750001,28923,1591,600,0,0.47740889616753707,0.47740889616753707
14,253,1,5000000,151.54110003560092,2520088.345867527,8000000000,783924,785524,756001,29523,1984,1600,0,0.595217228181591,0.595217228181591
14,261,0,9000000,215.1937306242912,0,9000000000,780001,789001,780001,9000,0,9000,0.8999999999999999,0,0.8999999999999999
14,254,1,6000000,177.9192516283721,1337279.5736032836,3000000000,789524,790124,759001,31123,4487,600,0,1.3460162224342676,1.3460162224342676
14,265,0,10000000,195.29800920644325,0,9000000000,792001,801001,792001,9000,0,9000,0.8999999999999999,0,0.8999999999999999
14,266,0,3000000,183.77646476086105,0,2000000000,801001,803001,795001,8000,0,2000,0.19999999999999998,0,0.19999999999999998
14,256,1,9000000,201.8339143949797,810451.9201300472,2000000000,808361,808761,765001,43760,11105,400,0,3.3314746167382157,3.3314746167382157
14,259,1,5000000,192.7811155170547,972650.0225075573,4000000000,808761,809561,774001,35560,5141,800,0,1.5421785485933563,1.5421785485933563
14,267,1,3000000,177.25891797029564,1357130.666273171,6000000000,809991,811191,798001,13190,2211,1200,0,0.6631638517693349,0.6631638517693349
14,260,1,6000000,199.07335934273073,856078.5838470431,4000000000,810561,811361,777001,34360,7009,800,0,2.1026107111699557,2.1026107111699557
14,269,0,8000000,180.73158052758794,0,9000000000,804001,813001,804001,9000,0,9000,0.8999999999999999,0,0.8999999999999999
14,263,1,7000000,229.87138012375533,482783.11177122983,10000000000,811191,813191,786001,27190,14499,2000,0,4.349779329056356,4.349779329056356
14,262,1,3000000,232.1382323099752,464259.5148400335,3000000000,814361,814961,783001,31960,6462,600,0,1.938570931195899,1.938570931195899
14,264,1,10000000,210.94713105420513,679834.514344652,7000000000,813591,814991,789001,25990,14709,1400,0,4.412838619839631,4.412838619839631
14,270,0,7000000,184.32271916397065,0,4000000000,813001,817001,807001,10000,0,4000,0.39999999999999997,0,0.39999999999999997
14,268,1,9000000,176.22202387896925,1389046.928918605,8000000000,816991,818591,801001,17590,6479,1600,0,1.9437788196990529,1.9437788196990529
14,272,0,6000000,181.9165800580035,0,5000000000,817001,822001,813001,9000,0,5000,0.49999999999999994,0,0.49999999999999994
14,271,1,5000000,184.32271916397065,1162322.6553657383,8000000000,820791,822391,810001,12390,4302,1600,0,1.29051945522649,1.29051945522649
14,274,1,2000000,137.1661550820755,3723078.293464191,3000000000,822991,823591,819001,4590,537,600,0,0.1611569654748575,0.1611569654748575
14,273,0,3000000,159.68843571154423,0,3000000000,822001,825001,816001,9000,0,3000,0.3,0,0.3
14,275,1,6000000,116.01131065547017,7105259.850720226,10000000000,826191,828191,822001,6190,844,2000,0,0.2533334512484498,0.2533334512484498
14,276,1,3000000,104.88223157427574,10391564.689000469,4000000000,829991,830791,825001,5790,289,800,0,0.08660870878787438,0.08660870878787438
14,277,1,4000000,89.75068411995534,18310839.11713395,6000000000,830791,831991,828001,3990,218,1200,0,0.06553495404135398,0.06553495404135398
14,279,1,10000000,67.28751221437746,46854704.72279512,3000000000,834214,834814,834001,813,213,600,0,0.06402772182108066,0.06402772182108066
14,278,0,10000000,75.00344325429329,0,5000000000,831001,836001,831001,5000,0,5000,0.49999999999999994,0,0.49999999999999994
14,281,1,3000000,46.62151541938555,115644411.14873116,4000000000,841128,841928,840001,1927,26,800,0,0.007782477259904097,0.007782477259904097
14,280,0,9000000,61.402166899874196,0,5000000000,837001,842001,837001,5000,0,5000,0.49999999999999994,0,0.49999999999999994
14,283,1,2000000,5.699438568841673,705859460.05053,5000000000,846004,847004,846001,1003,3,1000,0,0.0008500275677498863,0.0008500275677498863
14,282,0,7000000,21.638135317073882,0,10000000000,843001,853001,843001,10000,0,10000,0.9999999999999999,0,0.9999999999999999
14,285,1,4000000,54.63808653311352,81703456.77303287,7000000000,852965,854365,852001,2364,49,1400,0,0.014687261070648766,0.014687261070648766
14,287,1,7000000,105.0642784204032,10324632.45880654,2000000000,858679,859079,858001,1078,678,400,0,0.20339707087672407,0.20339707087672407
14,284,0,8000000,29.52768362062964,0,9000000000,853001,862001,849001,13000,0,9000,0.8999999999999999,0,0.8999999999999999
14,288,1,6000000,130.29808018539643,4546077.364001302,9000000000,863679,865479,861001,4478,1320,1800,0,0.39594574748189093,0.39594574748189093
14,286,0,8000000,79.83976264994782,0,4000000000,862001,866001,855001,11000,0,4000,0.39999999999999997,0,0.39999999999999997
14,289,0,7000000,44.16166889962383,0,2000000000,866001,868001,864001,4000,0,2000,0.19999999999999998,0,0.19999999999999998
14,290,1,2000000,20.020149849589064,343958591.19391024,5000000000,867007,868007,867001,1006,6,1000,0,0.001744396027200099,0.001744396027200099
14,291,1,5000000,9.997104580827383,543755717.3467029,6000000000,870010,871210,870001,1209,9,1200,0,0.0027585916839998727,0.0027585916839998727
14,292,1,5000000,38.083825963261624,165468338.32093883,6000000000,873964,875164,873001,2163,30,1200,0,0.009065178361135363,0.009065178361135363
14,293,1,10000000,66.72061225738267,48031241.34806457,3000000000,876564,877164,876001,1163,208,600,0,0.06245934762043966,0.06245934762043966
14,294,1,6000000,95.42262048382452,14706753.333215253,2000000000,880083,880483,879001,1482,408,400,0,0.12239275108631174,0.12239275108631174
14,295,0,7000000,124.13159549445908,0,10000000000,882001,892001,882001,10000,0,10000,0.9999999999999999,0,0.9999999999999999
14,296,0,10000000,152.84600910720562,0,5000000000,892001,897001,885001,12000,0,5000,0.49999999999999994,0,0.49999999999999994
14,303,0,6000000,137.01263080460862,0,2000000000,906001,908001,906001,2000,0,2000,0.19999999999999998,0,0.19999999999999998
14,297,1,8000000,151.51020097669996,2522109.2316507106,9000000000,907000,908800,888001,20799,3172,1800,0,0.951584479324557,0.951584479324557
14,298,1,9000000,122.78249264451347,5718370.74195683,8000000000,908800,910400,891001,19399,1574,1600,0,0.4721624605745759,0.4721624605745759
14,304,0,8000000,164.5758524206999,0,2000000000,909001,911001,909001,2000,0,2000,0.19999999999999998,0,0.19999999999999998
14,299,1,2000000,94.06721426724614,15486072.222700682,8000000000,911800,913400,894001,19399,129,1600,0,0.0387444919132221,0.0387444919132221
14,300,1,2000000,70.9548546612563,39943141.506231524,2000000000,914000,914400,897001,17399,50,400,0,0.015021352286634593,0.015021352286634593
14,301,1,10000000,83.75037731258288,23291587.387996115,9000000000,914400,916200,900001,16199,429,1800,0,0.12880186953449652,0.12880186953449652
14,302,1,7000000,110.1269022537182,8654820.26690641,7000000000,916800,918200,903001,15199,809,1400,0,0.24263935416773555,0.24263935416773555
14,305,1,3000000,194.7486713690237,934184.3584693326,7000000000,925200,926600,912001,14599,3211,1400,0,0.9634072673563665,0.9634072673563665
14,307,1,2000000,201.23727214410354,820051.6159777403,9000000000,929200,931000,918001,12999,2439,1800,0,0.7316612616934183,0.7316612616934183
14,308,1,2000000,194.74049116709142,934340.3202197268,8000000000,931000,932600,921001,11599,2141,1600,0,0.642164302466257,0.642164302466257
14,306,1,7000000,211.70480981782157,670199.119112087,6000000000,933200,934400,915001,19399,10445,1200,0,3.133397135439665,3.133397135439665
14,310,0,5000000,200.8492474469347,0,8000000000,927001,935001,927001,8000,0,8000,0.7999999999999999,0,0.7999999999999999
14,309,1,8000000,194.61708481014713,936697.0945745611,7000000000,935200,936600,924001,12599,8541,1400,0,2.562194346391196,2.562194346391196
14,312,1,4000000,228.38247677963386,495452.9125110078,6000000000,941253,942453,933001,9452,8073,1200,0,2.4220263312577437,2.4220263312577437
14,311,0,8000000,212.94605067950897,0,8000000000,935001,943001,930001,13000,0,8000,0.7999999999999999,0,0.7999999999999999
14,313,0,10000000,236.04614739495327,0,2000000000,943001,945001,936001,9000,0,2000,0.19999999999999998,0,0.19999999999999998
14,314,1,3000000,220.06618140913884,574384.046941056,9000000000,945253,947053,939001,8052,5223,1800,0,1.566895885763274,1.566895885763274
14,315,0,3000000,222.6343910989495,0,3000000000,945001,948001,942001,6000,0,3000,0.3,0,0.3
14,316,0,4000000,216.7020927448556,0,6000000000,948001,954001,945001,9000,0,6000,0.6,0,0.6
14,317,1,7000000,206.20780610830423,744189.0069510271,8000000000,957407,959007,948001,11006,9406,1600,0,2.821863774370689,2.821863774370689
14,319,1,3000000,211.54561163021086,672209.4435999123,4000000000,959007,959807,954001,5806,4463,800,0,1.3388684264538013,1.3388684264538013
14,320,0,2000000,225.1323435226489,0,8000000000,957001,965001,957001,8000,0,8000,0.7999999999999999,0,0.7999999999999999
14,318,1,7000000,214.78174154243186,632776.2037945947,10000000000,963407,965407,951001,14406,11062,2000,0,3.318708869592195,3.318708869592195
14,323,1,6000000,182.00526393486535,1222153.5596499941,4000000000,970910,971710,966001,5709,4909,800,0,1.4728100129377295,1.4728100129377295
14,321,1,6000000,222.91501721508132,545688.4814744968,5000000000,971710,972710,960001,12709,10995,1000,0,3.2985852938223044,3.2985852938223044
14,322,0,7000000,201.77487777223405,0,8000000000,965001,973001,963001,10000,0,8000,0.7999999999999999,0,0.7999999999999999
14,324,1,10000000,164.98168292268085,1802870.0116195122,8000000000,974548,976148,969001,7147,5547,1600,0,1.6640134788781082,1.6640134788781082
14,325,1,10000000,149.91546451250449,2629186.519962245,4000000000,977748,978548,972001,6547,3803,800,0,1.141037342623786,1.141037342623786
14,326,1,10000000,137.8888309472526,3647564.0541319675,6000000000,978548,979748,975001,4747,2742,1200,0,0.8224667080490593,0.8224667080490593
14,327,1,7000000,130.2136859166501,4557509.508997954,7000000000,980748,982148,978001,4147,1536,1400,0,0.4607779744296618,0.4607779744296618
14,328,1,8000000,127.68110001092566,4917584.742813316,8000000000,983148,984748,981001,3747,1627,1600,0,0.4880444619703649,0.4880444619703649
14,329,1,6000000,145.1836664366898,2981727.5882505067,8000000000,986013,987613,984001,3612,2012,1600,0,0.6036768774897135,0.6036768774897135
14,330,0,6000000,165.93247331369471,0,5000000000,987001,992001,987001,5000,0,5000,0.49999999999999994,0,0.49999999999999994
14,332,1,4000000,170.36239755298115,1588040.5700455871,2000000000,995520,995920,993001,2919,2519,400,0,0.7556482010818856,0.7556482010818856
14,331,1,9000000,169.33958928732525,1626323.314131859,10000000000,995920,997920,990001,7919,5534,2000,0,1.6601864933857116,1.6601864933857116
15,1,0,9000000,154.75170596797955,0,8000000000,1,8001,1,8000,0,8000,0.7999999999999999,0,0.7999999999999999
15,3,1,7000000,143.96651867708684,3081697.067648401,9000000000,8272,10072,6001,4071,2271,1800,0,0.6814427096179444,0.6814427096179444
15,2,0,5000000,151.07910279055807,0,3000000000,8001,11001,3001,8000,0,3000,0.3,0,0.3
15,4,1,4000000,142.59409875587414,3199431.083279304,5000000000,10251,11251,9001,2250,1250,1000,0,0.37506668178332575,0.37506668178332575
15,6,1,3000000,145.34274835711616,2968959.2086826353,6000000000,16326,17526,15001,2525,1010,1200,0,0.30313653261653983,0.30313653261653983
15,7,1,3000000,145.34274835711616,2968959.2086826353,7000000000,19011,20411,18001,2410,1010,1400,0,0.30313653261653983,0.30313653261653983
15,5,0,10000000,145.34274835711616,0,10000000000,12001,22001,12001,10000,0,10000,0.9999999999999999,0,0.9999999999999999
15,8,1,8000000,145.34274835711616,2968959.2086826353,10000000000,23696,25696,21001,4695,2695,2000,0,0.8083640869774396,0.8083640869774396
15,9,0,9000000,145.34274835711616,0,3000000000,24001,27001,24001,3000,0,3000,0.3,0,0.3
15,10,1,8000000,145.34274835711616,2968959.2086826353,4000000000,29940,30740,27001,3739,2695,800,0,0.8083640869774396,0.8083640869774396
15,11,1,10000000,147.72697519410596,2785444.9965076107,3000000000,36740,37340,30001,7339,3590,600,0,1.0770271909017763,1.0770271909017763
15,12,1,2000000,157.57253060099018,2161232.9151483327,4000000000,37340,38140,33001,5139,925,800,0,0.27761931432495324,0.27761931432495324
15,13,1,2000000,176.80933148451186,1370856.0835401437,5000000000,41340,42340,36001,6339,1459,1000,0,0.43768270586839453,0.43768270586839453
15,14,0,8000000,200.7338299838869,0,8000000000,39001,47001,39001,8000,0,8000,0.7999999999999999,0,0.7999999999999999
15,17,0,5000000,180.86299151567744,0,2000000000,48001,50001,48001,2000,0,2000,0.19999999999999998,0,0.19999999999999998
15,15,1,7000000,190.32896390197683,1023391.7772629475,6000000000,52397,53597,42001,11596,6840,1200,0,2.0520000713865727,2.0520000713865727
15,16,1,10000000,185.66820837181578,1129254.4209699363,2000000000,56597,56997,45001,11996,8855,400,0,2.6566201064090125,2.6566201064090125
15,18,1,6000000,169.8104204694164,1608559.8342542418,7000000000,56997,58397,51001,7396,3730,1400,0,1.1190133942605334,1.1190133942605334
15,19,0,8000000,158.44899778793172,0,8000000000,54001,62001,54001,8000,0,8000,0.7999999999999999,0,0.7999999999999999
15,20,0,10000000,154.51580534042463,0,4000000000,62001,66001,57001,9000,0,4000,0.39999999999999997,0,0.39999999999999997
15,21,1,9000000,159.05436083301836,2082946.47636404,3000000000,69597,70197,60001,10196,4321,600,0,1.296240700679491,1.296240700679491
15,24,1,2000000,155.62495076304444,2269751.740530381,2000000000,69882,70282,69001,1281,881,400,0,0.2643460909340666,0.2643460909340666
15,22,0,5000000,169.6659411903285,0,7000000000,66001,73001,63001,10000,0,7000,0.7,0,0.7
15,25,1,9000000,133.34782075459648,4155588.2025226615,9000000000,75324,77124,72001,5123,2166,1800,0,0.649727515917231,0.649727515917231
15,23,1,4000000,174.20781411865542,1453756.590206981,5000000000,76197,77197,66001,11196,2751,1000,0,0.8254476767869015,0.8254476767869015
15,26,1,8000000,118.41844324259628,6569642.626941484,9000000000,78724,80524,75001,5523,1218,1800,0,0.3653166749372069,0.3653166749372069
15,27,0,8000000,113.54329790877136,0,5000000000,78001,83001,78001,5000,0,5000,0.49999999999999994,0,0.49999999999999994
15,29,1,7000000,132.7757391242843,4225600.977360006,10000000000,85658,87658,84001,3657,1657,2000,0,0.4969707294303021,0.4969707294303021
15,28,0,4000000,118.3479197113325,0,7000000000,83001,90001,81001,9000,0,7000,0.7,0,0.7
15,30,0,4000000,155.1906972083056,0,8000000000,90001,98001,87001,11000,0,8000,0.7999999999999999,0,0.7999999999999999
15,32,1,8000000,184.23121342487002,1164615.075548521,4000000000,99870,100670,93001,7669,6869,800,0,2.060766729187003,2.060766729187003
15,33,1,9000000,184.23121342487002,1164615.075548521,6000000000,105301,106501,96001,10500,7728,1200,0,2.3183625703353785,2.3183625703353785
15,31,0,7000000,179.91960982616652,0,10000000000,98001,108001,90001,18000,0,10000,0.9999999999999999,0,0.9999999999999999
15,34,1,8000000,192.79892764224599,972293.0424720189,6000000000,108501,109701,99001,10700,8228,1200,0,2.4683916218284248,2.4683916218284248
15,36,1,4000000,193.00301033921724,968214.5558407315,7000000000,109701,111101,105001,6100,4131,1400,0,1.2393947113901855,1.2393947113901855
15,35,1,6000000,203.4160903173591,785664.9342140731,6000000000,111101,112301,102001,10300,7637,1200,0,2.291052994239332,2.291052994239332
15,37,0,9000000,173.7056878746347,0,6000000000,108001,114001,108001,6000,0,6000,0.6,0,0.6
15,38,1,4000000,150.79813559855438,2569240.6583551117,9000000000,112558,114358,111001,3357,1557,1800,0,0.4670640705056677,0.4670640705056677
15,39,1,8000000,131.33335448392384,4408660.7981154695,10000000000,115816,117816,114001,3815,1815,2000,0,0.5443830019823495,0.5443830019823495
15,40,0,5000000,117.19503402448417,0,4000000000,117001,121001,117001,4000,0,4000,0.39999999999999997,0,0.39999999999999997
15,42,1,4000000,112.6713277635442,7939145.887971823,3000000000,123505,124105,123001,1104,504,600,0,0.1511497605577517,0.1511497605577517
15,41,0,5000000,110.61881259532667,0,4000000000,121001,125001,120001,5000,0,4000,0.39999999999999997,0,0.39999999999999997
15,43,1,5000000,122.75363823528815,5723541.418536776,4000000000,126875,127675,126001,1674,874,800,0,0.262075503663163,0.262075503663163
15,44,1,4000000,139.27711944178054,3507717.7496148334,6000000000,130916,132116,129001,3115,1140,1200,0,0.34210278182495346,0.34210278182495346
15,45,1,4000000,160.2630500146556,2021678.6643695014,6000000000,133980,135180,132001,3179,1979,1200,0,0.5935661394409791,0.5935661394409791
15,46,1,10000000,174.70233083734172,1437528.4218840275,8000000000,141957,143557,135001,8556,6956,1600,0,2.0869152597819207,2.0869152597819207
15,47,0,3000000,165.13610689367724,0,9000000000,138001,147001,138001,9000,0,9000,0.8999999999999999,0,0.8999999999999999
15,48,0,7000000,161.03035397092063,0,7000000000,147001,154001,141001,13000,0,7000,0.7,0,0.7
15,51,1,3000000,173.91563155737322,1463451.9418703753,8000000000,153448,155048,150001,5047,2050,1600,0,0.614984321828668,0.614984321828668
15,52,1,2000000,173.91563155737322,1463451.9418703753,8000000000,155048,156648,153001,3647,1367,1600,0,0.4099895478857787,0.4099895478857787
15,49,0,3000000,162.85240495614428,0,7000000000,154001,161001,144001,17000,0,7000,0.7,0,0.7
15,53,1,10000000,173.91563155737322,1463451.9418703753,7000000000,162834,164234,156001,8233,6833,1400,0,2.049947739428893,2.049947739428893
15,50,0,7000000,170.39911061974473,0,7000000000,161001,168001,147001,21000,0,7000,0.7,0,0.7
15,54,1,8000000,173.91563155737322,1463451.9418703753,9000000000,167834,169634,159001,10633,5467,1800,0,1.6399581915431147,1.6399581915431147
15,56,1,6000000,173.91563155737322,1463451.9418703753,3000000000,172234,172834,165001,7833,4100,600,0,1.229968643657336,1.229968643657336
15,55,0,6000000,173.91563155737322,0,6000000000,168001,174001,162001,12000,0,6000,0.6,0,0.6
15,57,1,10000000,173.91563155737322,1463451.9418703753,7000000000,176634,178034,168001,10033,6833,1400,0,2.049947739428893,2.049947739428893
15,59,0,6000000,183.34664354713453,0,5000000000,174001,179001,174001,5000,0,5000,0.49999999999999994,0,0.49999999999999994
15,58,1,9000000,175.36583988907304,1416106.5699534935,4000000000,179434,180234,171001,9233,6355,800,0,1.9066361651642298,1.9066361651642298
15,60,1,10000000,199.5140809567084,848583.5569380091,3000000000,188785,189385,177001,12384,11784,600,0,3.5353030063710706,3.5353030063710706
15,64,0,4000000,149.80448925182446,0,4000000000,189001,193001,189001,4000,0,4000,0.39999999999999997,0,0.39999999999999997
15,65,0,10000000,149.80448925182446,0,6000000000,193001,199001,192001,7000,0,6000,0.6,0,0.6
15,66,0,9000000,149.80448925182446,0,6000000000,199001,205001,195001,10000,0,6000,0.6,0,0.6
15,61,1,3000000,196.08297427364772,909172.9667007726,2000000000,207058,207458,180001,27457,3300,400,0,0.9899106473281319,0.9899106473281319
15,69,0,9000000,149.80448925182446,0,9000000000,205001,214001,204001,10000,0,9000,0.8999999999999999,0,0.8999999999999999
15,62,1,10000000,175.45307435322985,1413319.7327826535,6000000000,217858,219058,183001,36057,7076,1200,0,2.1226619358758736,2.1226619358758736
15,63,1,10000000,158.10075078885615,2132915.014048373,10000000000,219458,221458,186001,35457,4688,2000,0,1.4065258016567004,1.4065258016567004
15,71,0,4000000,140.1886799994921,0,10000000000,214001,224001,210001,14000,0,10000,0.9999999999999999,0,0.9999999999999999
15,72,0,8000000,139.21859538150784,0,3000000000,224001,227001,213001,14000,0,3000,0.3,0,0.3
15,75,1,8000000,165.98417876412202,1760230.101271851,6000000000,226546,227746,222001,5745,4545,1200,0,1.3634581059975537,1.3634581059975537
15,76,1,7000000,142.16674751853893,3237220.310455716,8000000000,227746,229346,225001,4345,2162,1600,0,0.6487046906314432,0.6487046906314432
15,74,0,2000000,156.5971653638724,0,3000000000,227001,230001,219001,11000,0,3000,0.3,0,0.3
15,77,1,10000000,139.11471705035376,3523731.7447137344,7000000000,230839,232239,228001,4238,2838,1400,0,0.8513701431729498,0.8513701431729498
15,67,1,8000000,149.80448925182446,2636845.1596287237,3000000000,233858,234458,198001,36457,3034,600,0,0.9101785864202688,0.9101785864202688
15,78,0,5000000,152.06159936025924,0,8000000000,231001,239001,231001,8000,0,8000,0.7999999999999999,0,0.7999999999999999
15,68,1,6000000,149.80448925182446,2636845.1596287237,7000000000,245258,246658,201001,45657,2275,1400,0,0.6826339398152017,0.6826339398152017
15,82,0,10000000,91.78809617809925,0,7000000000,243001,250001,243001,7000,0,7000,0.7,0,0.7
15,70,1,2000000,146.41149305980048,2884906.620631025,8000000000,252058,253658,207001,46657,693,1600,0,0.20797900206168893,0.20797900206168893
15,84,0,2000000,78.81975894406173,0,7000000000,250001,257001,249001,8000,0,7000,0.7,0,0.7
15,89,0,10000000,92.32696518352591,0,8000000000,264001,272001,264001,8000,0,8000,0.7999999999999999,0,0.7999999999999999
15,73,1,6000000,145.4665081728437,2959072.549853148,7000000000,270858,272258,216001,56257,2028,1400,0,0.6082987049740737,0.6082987049740737
15,90,0,6000000,114.15341431599845,0,2000000000,272001,274001,267001,7000,0,2000,0.19999999999999998,0,0.19999999999999998
15,91,0,6000000,139.2594305603753,0,6000000000,274001,280001,270001,10000,0,6000,0.6,0,0.6
15,95,1,2000000,194.27395733859962,943289.0451927067,9000000000,284579,286379,282001,4378,2120,1800,0,0.6360722655031201,0.6360722655031201
15,97,0,7000000,178.51847327377635,0,2000000000,288001,290001,288001,2000,0,2000,0.19999999999999998,0,0.19999999999999998
15,96,1,4000000,183.44171417646533,1184629.2334058227,4000000000,289958,290758,285001,5757,3377,800,0,1.0129751707629113,1.0129751707629113
15,98,1,4000000,180.94739152582446,1250736.9332775327,2000000000,294358,294758,291001,3757,3198,400,0,0.9594343687088719,0.9594343687088719
15,79,1,5000000,171.19883907316665,1557562.161043519,10000000000,298458,300458,234001,66457,3210,2000,0,0.9630434261416867,0.9630434261416867
15,100,1,4000000,206.60258783471232,738546.1607049864,6000000000,302417,303617,297001,6616,5416,1200,0,1.6248138083265213,1.6248138083265213
15,99,0,10000000,190.5681529007405,0,10000000000,294001,304001,294001,10000,0,10000,0.9999999999999999,0,0.9999999999999999
15,80,1,9000000,143.72463950207006,3102053.809962832,8000000000,303458,305058,237001,68057,2901,1600,0,0.8703910910018517,0.8703910910018517
15,101,1,2000000,227.51966464461927,502985.01201422676,3000000000,304817,305417,300001,5416,3976,600,0,1.192878486770952,1.192878486770952
15,81,1,5000000,116.36150566231085,7024124.456532436,4000000000,308458,309258,240001,69257,712,800,0,0.2135497469161441,0.2135497469161441
15,102,0,6000000,238.84620679424657,0,9000000000,304001,313001,303001,10000,0,9000,0.8999999999999999,0,0.8999999999999999
15,103,1,2000000,216.7466098927501,610236.6274826811,5000000000,313770,314770,306001,8769,3277,1000,0,0.983225150668342,0.983225150668342
15,83,1,9000000,88.72527542927095,19067504.40891656,10000000000,313858,315858,246001,69857,472,2000,0,0.1416021699587176,0.1416021699587176
15,104,0,8000000,198.628857168338,0,8000000000,313001,321001,309001,12000,0,8000,0.7999999999999999,0,0.7999999999999999
15,105,1,9000000,186.0109709130083,1121018.0514463237,6000000000,320029,321229,312001,9228,8028,1200,0,2.4085249978949874,2.4085249978949874
15,85,1,10000000,74.57924644296155,34177147.42111764,9000000000,321258,323058,252001,71057,293,1800,0,0.0877779518294829,0.0877779518294829
15,108,1,8000000,146.20384741859567,2901004.8056849632,7000000000,323759,325159,321001,4158,2758,1400,0,0.8272995602409319,0.8272995602409319
15,86,1,6000000,66.1950239821695,49149666.697645016,5000000000,324658,325658,255001,70657,122,1000,0,0.03662283227825523,0.03662283227825523
15,106,0,3000000,180.13300225111448,0,5000000000,321001,326001,315001,11000,0,5000,0.49999999999999994,0,0.49999999999999994
15,109,1,2000000,117.00941671506617,6876958.386248869,6000000000,325159,326359,324001,2358,291,1200,0,0.08724787417643197,0.08724787417643197
15,87,1,10000000,67.53874295543258,46343011.396929525,4000000000,325658,326458,258001,68457,216,800,0,0.06473467971912517,0.06473467971912517
15,88,1,3000000,78.89882445258614,28467717.74646492,5000000000,326458,327458,261001,66457,105,1000,0,0.03161475774122289,0.03161475774122289
15,107,0,9000000,174.74575817455488,0,2000000000,326001,328001,318001,10000,0,2000,0.19999999999999998,0,0.19999999999999998
15,92,1,3000000,162.35164458668112,1920982.8105851451,5000000000,330858,331858,273001,58857,1562,1000,0,0.4685101787693007,0.4685101787693007
15,93,1,10000000,189.40159582221057,1043437.4831871641,5000000000,332658,333658,276001,57657,9584,1000,0,2.875112355401059,2.875112355401059
15,112,1,5000000,34.8772131914234,188655926.99456775,2000000000,333957,334357,333001,1356,27,400,0,0.007950982637525042,0.007950982637525042
15,94,1,4000000,217.2181069800582,604977.5799255779,5000000000,333658,334658,279001,55657,6612,1000,0,1.983544580524157,1.983544580524157
15,110,0,7000000,90.30622680635042,0,9000000000,328001,337001,327001,10000,0,9000,0.8999999999999999,0,0.8999999999999999
15,115,1,6000000,54.06667180435646,83773475.80466641,6000000000,342418,343618,342001,1617,72,1200,0,0.021486514469055074,0.021486514469055074
15,111,0,5000000,62.97036287016294,0,7000000000,337001,344001,330001,14000,0,7000,0.7,0,0.7
15,116,1,5000000,82.82092972190065,24194606.226336602,3000000000,345208,345808,345001,807,207,600,0,0.0619972892291672,0.0619972892291672
15,117,1,4000000,107.9896754324228,9316838.440139273,5000000000,349869,350869,348001,2868,429,1000,0,0.12879905642992578,0.12879905642992578
15,113,0,4000000,14.134645379350692,0,10000000000,344001,354001,336001,18000,0,10000,0.9999999999999999,0,0.9999999999999999
15,118,1,7000000,137.1987674871753,3719629.311443371,4000000000,354026,354826,351001,3825,1882,800,0,0.5645723872374563,0.5645723872374563
15,120,1,9000000,122.79655084732627,5715853.594636937,7000000000,358576,359976,357001,2975,1575,1400,0,0.47237039145532916,0.47237039145532916
15,119,1,9000000,166.4632142546816,1740296.9626083141,2000000000,359976,360376,354001,6375,5172,400,0,1.5514593532090677,1.5514593532090677
15,114,0,2000000,26.741774436263626,0,10000000000,354001,364001,339001,25000,0,10000,0.9999999999999999,0,0.9999999999999999
15,121,1,6000000,144.13737058792213,3067417.3340921574,10000000000,363376,365376,360001,5375,1956,2000,0,0.5868128800063438,0.5868128800063438
15,122,0,4000000,172.27528116360745,0,10000000000,364001,374001,363001,11000,0,10000,0.9999999999999999,0,0.9999999999999999
15,124,1,4000000,186.9716320728895,1098328.9841696646,4000000000,373893,374693,369001,5692,3642,800,0,1.0925688179914497,1.0925688179914497
15,123,0,4000000,190.811777676327,0,3000000000,374001,377001,366001,11000,0,3000,0.3,0,0.3
15,125,1,9000000,189.9835584991501,1030801.463824369,5000000000,380776,381776,372001,9775,8731,1000,0,2.6193210766142587,2.6193210766142587
15,127,0,9000000,207.793320633749,0,5000000000,378001,383001,378001,5000,0,5000,0.49999999999999994,0,0.49999999999999994
15,128,1,2000000,223.62031146566272,538862.1464478511,8000000000,384713,386313,381001,5312,3712,1600,0,1.1134573173401885,1.1134573173401885
15,129,0,7000000,230.29132376188207,0,3000000000,384001,387001,384001,3000,0,3000,0.3,0,0.3
15,126,1,10000000,197.06458256114922,891303.5795973153,8000000000,386313,387913,375001,12912,11220,1600,0,3.3658565596195396,3.3658565596195396
15,133,0,2000000,208.64660193734292,0,2000000000,396001,398001,396001,2000,0,2000,0.19999999999999998,0,0.19999999999999998
15,130,1,5000000,246.5035030177057,365386.9610481868,4000000000,400685,401485,387001,14484,13684,800,0,4.105236803461582,4.105236803461582
15,131,1,6000000,237.7473499326544,422096.5665648499,3000000000,404216,404816,390001,14815,14215,600,0,4.264427011688218,4.264427011688218
15,136,0,7000000,190.3183304361406,0,5000000000,405001,410001,405001,5000,0,5000,0.49999999999999994,0,0.49999999999999994
15,134,1,10000000,196.1467623999947,907998.2777714201,4000000000,410014,410814,399001,11813,11013,800,0,3.3039710244419886,3.3039710244419886
15,135,1,9000000,189.98381746875188,1030795.8834029206,3000000000,410814,411414,402001,9413,8731,600,0,2.6193352568372803,2.6193352568372803
15,132,1,10000000,221.807151597959,556630.4166859257,5000000000,411414,412414,393001,19413,17965,1000,0,5.389572524371636,5.389572524371636
15,137,0,4000000,196.8197208106951,0,4000000000,410001,414001,408001,6000,0,4000,0.39999999999999997,0,0.39999999999999997
15,139,1,4000000,161.72891207202244,1950342.172440277,2000000000,417814,418214,414001,4213,2051,400,0,0.6152766509163644,0.6152766509163644
15,138,1,5000000,192.21335281400198,984114.7693763551,6000000000,418214,419414,411001,8413,5081,1200,0,1.5242124665505907,1.5242124665505907
15,140,1,7000000,130.56392189268826,4510295.361709685,10000000000,420814,422814,417001,5813,1552,2000,0,0.4656014366216514,0.4656014366216514
15,141,0,4000000,102.18305975062592,0,3000000000,420001,423001,420001,3000,0,3000,0.3,0,0.3
15,142,1,3000000,79.63754453773674,27601854.178414285,10000000000,425214,427214,423001,4213,109,2000,0,0.032606505134855565,0.032606505134855565
15,144,1,7000000,75.22609254773243,33246915.762180384,6000000000,430614,431814,429001,2813,211,1200,0,0.06316375374550769,0.06316375374550769
15,143,0,3000000,68.89325438676853,0,6000000000,426001,432001,426001,6000,0,6000,0.6,0,0.6
15,146,1,7000000,68.73000654735894,43995635.35130935,3000000000,437814,438414,435001,3413,159,600,0,0.04773200757828133,0.04773200757828133
15,145,0,4000000,95.46639722960117,0,9000000000,432001,441001,432001,9000,0,9000,0.8999999999999999,0,0.8999999999999999
15,147,1,5000000,73.23473834185528,36203155.39647095,9000000000,441814,443614,438001,5613,138,1800,0,0.04143285256694003,0.04143285256694003
15,149,1,3000000,108.94417698986945,9013898.53431762,2000000000,446214,446614,444001,2613,333,400,0,0.09984580995376523,0.09984580995376523
15,148,0,10000000,90.56858450919947,0,8000000000,441001,449001,441001,8000,0,8000,0.7999999999999999,0,0.7999999999999999
15,150,1,7000000,98.70044478116596,13005604.355790729,8000000000,448465,450065,447001,3064,538,1600,0,0.16146885162356778,0.16146885162356778
15,151,1,7000000,85.65576746489401,21557993.05981534,8000000000,452065,453665,450001,3664,325,1600,0,0.09741166509207458,0.09741166509207458
15,152,1,6000000,69.18882930068985,43125385.79430815,5000000000,456665,457665,453001,4664,139,1000,0,0.04173875704174154,0.04173875704174154
15,153,1,4000000,66.50700414242093,48482547.9234377,4000000000,459265,460065,456001,4064,83,800,0,0.024751174420432828,0.024751174420432828
15,154,1,8000000,79.46971058208287,27795953.476750135,3000000000,463465,464065,459001,5064,288,600,0,0.08634350327314638,0.08634350327314638
15,155,1,9000000,102.29389082442805,11401770.032491265,2000000000,467665,468065,462001,6064,789,400,0,0.23680533744373858,0.23680533744373858
15,156,1,5000000,122.0901511179341,5844027.494765268,10000000000,469465,471465,465001,6464,856,2000,0,0.2566723037055542,0.2566723037055542
15,157,1,3000000,112.11689658566199,8088803.8549899645,7000000000,473265,474665,468001,6664,371,1400,0,0.11126490592855606,0.11126490592855606
15,158,1,3000000,105.60548328567043,10128680.302051874,5000000000,477865,478865,471001,7864,296,1000,0,0.08885659070685423,0.08885659070685423
15,159,1,2000000,105.72536923558134,10085878.864613306,5000000000,480665,481665,474001,7664,198,1000,0,0.05948911424121135,0.05948911424121135
15,160,1,5000000,112.45534802756161,7997043.8495171135,10000000000,482865,484865,477001,7864,625,2000,0,0.18756931038843494,0.18756931038843494
15,161,1,4000000,123.66430851300638,5563065.906885013,6000000000,484865,486065,480001,6064,719,1200,0,0.21570839175477768,0.21570839175477768
15,162,1,8000000,139.56646946885203,3479407.416059671,4000000000,486465,487265,483001,4264,2299,800,0,0.6897726287880167,0.6897726287880167
15,163,1,7000000,158.6700743681681,2102906.465186763,7000000000,489330,490730,486001,4729,3329,1400,0,0.9986178818531023,0.9986178818531023
15,164,0,8000000,179.76801328378755,0,6000000000,489001,495001,489001,6000,0,6000,0.6,0,0.6
15,165,1,5000000,190.8308761704981,1012742.4467418732,6000000000,499090,500290,492001,8289,4937,1200,0,1.4811268203734316,1.4811268203734316
15,167,1,4000000,150.06800125276547,2618704.463620241,2000000000,504090,504490,498001,6489,1527,400,0,0.4582418583962904,0.4582418583962904
15,166,1,8000000,168.82159222090053,1646148.5469459961,2000000000,504490,504890,495001,9889,4860,400,0,1.457948618581586,1.457948618581586
15,168,1,5000000,131.9356396126536,4331060.835019518,5000000000,507290,508290,501001,7289,1154,1000,0,0.34633547233312884,0.34633547233312884
15,169,0,6000000,117.20300081482559,0,5000000000,504001,509001,504001,5000,0,5000,0.49999999999999994,0,0.49999999999999994
15,170,0,6000000,107.2870113294242,0,7000000000,509001,516001,507001,9000,0,7000,0.7,0,0.7
15,173,1,4000000,115.19831682798153,7298048.696586876,10000000000,519890,521890,516001,5889,548,2000,0,0.16442751342029432,0.16442751342029432
15,171,0,9000000,103.58189899784608,0,8000000000,516001,524001,510001,14000,0,8000,0.7999999999999999,0,0.7999999999999999
15,172,0,10000000,106.23341517620537,0,2000000000,524001,526001,513001,13000,0,2000,0.19999999999999998,0,0.19999999999999998
15,175,1,10000000,146.88731224990124,2848431.821365921,6000000000,526135,527335,522001,5334,3511,1200,0,1.0532110958377783,1.0532110958377783
15,174,0,3000000,129.23143967316932,0,5000000000,526001,531001,519001,12000,0,5000,0.49999999999999994,0,0.49999999999999994
15,177,1,4000000,168.9506839287725,1641179.8946999845,8000000000,531825,533425,528001,5424,2437,1600,0,0.7311812701796263,0.7311812701796263
15,176,0,7000000,166.41724820462565,0,4000000000,531001,535001,525001,10000,0,4000,0.39999999999999997,0,0.39999999999999997
15,178,1,5000000,151.44109646988164,2526636.121716822,3000000000,539425,540025,531001,9024,1979,600,0,0.5936747231258477,0.5936747231258477
15,179,1,5000000,133.74801531237765,4107457.522672699,8000000000,541625,543225,534001,9224,1217,1600,0,0.36518941260382376,0.36518941260382376
15,182,0,10000000,164.0205334706603,0,5000000000,543001,548001,543001,5000,0,5000,0.49999999999999994,0,0.49999999999999994
15,180,1,7000000,119.51336159609944,6342315.13253787,2000000000,547825,548225,537001,11224,1104,400,0,0.3311093750650147,0.3311093750650147
15,181,1,5000000,110.10398448739255,8661612.44870154,8000000000,548825,550425,540001,10424,577,1600,0,0.17317791680056807,0.17317791680056807
15,183,0,8000000,148.26992142710537,0,5000000000,548001,553001,546001,7000,0,5000,0.49999999999999994,0,0.49999999999999994
15,184,0,5000000,131.84351519889026,0,3000000000,553001,556001,549001,7000,0,3000,0.3,0,0.3
15,186,0,10000000,109.97231106055735,0,4000000000,556001,560001,555001,5000,0,4000,0.39999999999999997,0,0.39999999999999997
15,185,1,10000000,118.68029533161778,6514386.378349443,4000000000,560225,561025,552001,9024,1535,800,0,0.4605191994706512,0.4605191994706512
15,187,1,5000000,97.2800174753274,13712562.245639509,8000000000,564025,565625,558001,7624,365,1600,0,0.10938874683883304,0.10938874683883304
15,188,1,4000000,72.0262521585012,38136042.499245584,6000000000,567625,568825,561001,7824,105,1200,0,0.031466295959360194,0.031466295959360194
15,189,1,5000000,46.917725861341594,114188498.42712566,6000000000,572425,573625,564001,9624,44,1200,0,0.013136174138915487,0.013136174138915487
15,190,1,5000000,24.14640760030364,290568152.4370284,8000000000,577025,578625,567001,11624,17,1600,0,0.005162300091800591,0.005162300091800591
15,191,1,5000000,11.387010143141147,506220598.3955834,9000000000,583025,584825,570001,14824,10,1800,0,0.002963135053678383,0.002963135053678383
15,192,1,8000000,31.329838812224995,217740786.9167404,5000000000,587425,588425,573001,15424,37,1000,0,0.011022280363658788,0.011022280363658788
15,193,1,3000000,56.05619769481333,76775782.44268863,8000000000,589425,591025,576001,15024,39,1600,0,0.01172244647160489,0.01172244647160489
15,196,0,9000000,130.54173623787906,0,10000000000,585001,595001,585001,10000,0,10000,0.9999999999999999,0,0.9999999999999999
15,194,1,9000000,79.78156428649419,27436507.433979925,10000000000,595225,597225,579001,18224,328,2000,0,0.09840902696879227,0.09840902696879227
15,197,0,9000000,155.99115519797914,0,5000000000,595001,600001,588001,12000,0,5000,0.49999999999999994,0,0.49999999999999994
15,195,1,5000000,105.11997907153521,10304256.58979775,7000000000,598625,600025,582001,18024,485,1400,0,0.1455709091605066,0.1455709091605066
15,198,0,9000000,176.20090834045095,0,3000000000,600001,603001,591001,12000,0,3000,0.3,0,0.3
15,199,1,10000000,177.44194881707085,1351591.8707070022,6000000000,605825,607025,594001,13024,7399,1200,0,2.219604945116113,2.219604945116113
15,200,0,3000000,183.33618437177094,0,6000000000,603001,609001,597001,12000,0,6000,0.6,0,0.6
15,202,1,5000000,209.69900047448965,696086.577231807,5000000000,610184,611184,603001,8183,7183,1000,0,2.1549043596921393,2.1549043596921393
15,201,0,6000000,194.35831085909342,0,9000000000,609001,618001,600001,18000,0,9000,0.8999999999999999,0,0.8999999999999999
15,204,0,8000000,236.54432819241302,0,3000000000,618001,621001,609001,12000,0,3000,0.3,0,0.3
15,207,1,3000000,185.95938293078947,1122252.8889484373,8000000000,620674,622274,618001,4273,2673,1600,0,0.801958283077631,0.801958283077631
15,203,1,9000000,228.21048705088032,496943.0458173851,5000000000,624112,625112,606001,19111,18111,1000,0,5.433218198192045,5.433218198192045
15,206,1,10000000,199.12059511763215,855271.345335888,9000000000,626693,628493,615001,13492,11692,1800,0,3.507658728846831,3.507658728846831
15,205,0,3000000,216.28105834769718,0,10000000000,621001,631001,612001,19000,0,10000,0.9999999999999999,0,0.9999999999999999
15,211,1,8000000,186.07233539674834,1119551.3989876916,6000000000,638293,639493,630001,9492,7146,1200,0,2.1437157795257114,2.1437157795257114
15,208,0,3000000,177.8150828810649,0,10000000000,631001,641001,621001,20000,0,10000,0.9999999999999999,0,0.9999999999999999
15,214,1,2000000,182.32225755513227,1213747.0587779407,3000000000,647027,647627,639001,8626,1648,600,0,0.49433693425721587,0.49433693425721587
15,216,1,8000000,137.67794957799163,3669403.1517740916,2000000000,648627,649027,645001,4026,2180,400,0,0.6540573223303747,0.6540573223303747
15,209,0,5000000,175.21246559534518,0,9000000000,641001,650001,624001,26000,0,9000,0.8999999999999999,0,0.8999999999999999
15,210,0,7000000,178.38596637628197,0,5000000000,650001,655001,627001,28000,0,5000,0.49999999999999994,0,0.49999999999999994
15,221,1,8000000,68.36148111327023,44708094.385588646,3000000000,660295,660895,660001,894,179,600,0,0.0536815543803098,0.0536815543803098
15,212,0,4000000,207.6875434396584,0,8000000000,655001,663001,633001,30000,0,8000,0.7999999999999999,0,0.7999999999999999
15,222,1,2000000,72.81893778406825,36855932.23911081,10000000000,663325,665325,663001,2324,54,2000,0,0.016279604491004882,0.016279604491004882
15,224,1,9000000,88.30432888596123,19388575.218909286,9000000000,669465,671265,669001,2264,464,1800,0,0.13925726720583081,0.13925726720583081
15,213,0,4000000,206.21590166619066,0,9000000000,663001,672001,636001,36000,0,9000,0.8999999999999999,0,0.8999999999999999
15,225,1,4000000,104.89326813480456,10387492.156817442,5000000000,673265,674265,672001,2264,385,1000,0,0.11552355293114949,0.11552355293114949
15,226,1,6000000,125.35584110842221,5279323.152401586,5000000000,676516,677516,675001,2515,1137,1000,0,0.3409527979322828,0.3409527979322828
15,215,0,6000000,160.32594924091356,0,10000000000,672001,682001,642001,40000,0,10000,0.9999999999999999,0,0.9999999999999999
15,227,1,9000000,136.7228561726239,3770352.86616931,10000000000,680388,682388,678001,4387,2387,2000,0,0.7161133442513056,0.7161133442513056
15,228,1,8000000,136.7228561726239,3770352.86616931,3000000000,684188,684788,681001,3787,2122,600,0,0.6365451948900495,0.6365451948900495
15,217,0,8000000,116.23579354054408,0,4000000000,682001,686001,648001,38000,0,4000,0.39999999999999997,0,0.39999999999999997
15,229,1,8000000,136.7228561726239,3770352.86616931,9000000000,686588,688388,684001,4387,2122,1800,0,0.6365451948900495,0.6365451948900495
15,230,1,10000000,136.7228561726239,3770352.86616931,3000000000,689653,690253,687001,3252,2652,600,0,0.7956814936125618,0.7956814936125618
15,231,1,6000000,136.7228561726239,3770352.86616931,6000000000,692524,693724,690001,3723,1591,1200,0,0.47740889616753707,0.47740889616753707
15,218,0,5000000,96.66868210542648,0,10000000000,686001,696001,651001,45000,0,10000,0.9999999999999999,0,0.9999999999999999
15,219,0,5000000,84.3259704954529,0,3000000000,696001,699001,654001,45000,0,3000,0.3,0,0.3
15,232,1,6000000,136.7228561726239,3770352.86616931,10000000000,697724,699724,693001,6723,1591,2000,0,0.47740889616753707,0.47740889616753707
15,220,0,2000000,73.1468174290584,0,2000000000,699001,701001,657001,44000,0,2000,0.19999999999999998,0,0.19999999999999998
15,233,1,7000000,145.2021108661992,2980243.7143652504,7000000000,700524,701924,696001,5923,2349,1400,0,0.7046403587322959,0.7046403587322959
15,234,1,2000000,168.51298495961666,1658102.530656577,2000000000,702924,703324,699001,4323,1206,400,0,0.36185940791153093,0.36185940791153093
15,223,0,4000000,85.56167658478886,0,8000000000,701001,709001,666001,43000,0,8000,0.7999999999999999,0,0.7999999999999999
15,236,0,5000000,209.66351804737042,0,9000000000,709001,718001,705001,13000,0,9000,0.8999999999999999,0,0.8999999999999999
15,237,0,9000000,196.51949343512973,0,2000000000,718001,720001,708001,12000,0,2000,0.19999999999999998,0,0.19999999999999998
15,235,1,8000000,198.02892162509997,874172.5123264443,7000000000,719924,721324,702001,19323,9152,1400,0,2.745453518794426,2.745453518794426
15,238,1,6000000,187.4429886658874,1087405.4015212911,8000000000,728761,730361,711001,19360,5518,1600,0,1.6553164049781084,1.6553164049781084
15,240,1,2000000,134.30458257259878,4041653.6558179776,2000000000,731161,731561,717001,14560,495,400,0,0.14845408614770775,0.14845408614770775
15,242,0,6000000,85.15037580656943,0,9000000000,723001,732001,723001,9000,0,9000,0.8999999999999999,0,0.8999999999999999
15,239,1,7000000,162.70981838844267,1904344.4923585188,5000000000,731561,732561,714001,18560,3676,1000,0,1.1027416564736998,1.1027416564736998
15,244,0,2000000,73.3327348460427,0,3000000000,732001,735001,729001,6000,0,3000,0.3,0,0.3
15,241,1,7000000,107.8771486460409,9353354.162498774,3000000000,735761,736361,720001,16360,748,600,0,0.22451838811147715,0.22451838811147715
15,247,0,7000000,140.75507273274383,0,3000000000,738001,741001,738001,3000,0,3000,0.3,0,0.3
15,243,1,9000000,69.97316628536966,41679853.6811888,8000000000,747361,748961,726001,22960,216,1600,0,0.06477949804364548,0.06477949804364548
15,245,1,8000000,92.60458142014355,16382046.429538175,5000000000,757361,758361,732001,26360,488,1000,0,0.1465018433638793,0.1465018433638793
15,253,0,2000000,237.80074369101538,0,6000000000,756001,762001,756001,6000,0,6000,0.6,0,0.6
15,255,0,8000000,205.36063546843636,0,2000000000,762001,764001,762001,2000,0,2000,0.19999999999999998,0,0.19999999999999998
15,246,1,6000000,117.44936696295986,6779161.414006438,7000000000,766361,767761,735001,32760,885,1400,0,0.2655195665176251,0.2655195665176251
15,256,0,5000000,206.794439480369,0,5000000000,765001,770001,765001,5000,0,5000,0.49999999999999994,0,0.49999999999999994
15,248,1,3000000,165.47755678641136,1781620.3507528272,7000000000,772161,773561,741001,32560,1684,1400,0,0.5051581273303839,0.5051581273303839
15,254,1,7000000,219.86998999408718,576428.7185649727,8000000000,775791,777391,759001,18390,12144,1600,0,3.643121746654086,3.643121746654086
15,258,0,4000000,204.2100105283774,0,8000000000,771001,779001,771001,8000,0,8000,0.7999999999999999,0,0.7999999999999999
15,249,1,5000000,192.33875870453156,981568.0525612764,7000000000,781561,782961,744001,38960,5094,1400,0,1.52816709558338,1.52816709558338
15,259,0,7000000,213.6731452475954,0,6000000000,779001,785001,774001,11000,0,6000,0.6,0,0.6
15,257,1,5000000,217.96197283012467,596794.9291314797,10000000000,785391,787391,768001,19390,8378,2000,0,2.513426181725374,2.513426181725374
15,250,1,8000000,213.3867317805866,649411.2066816873,10000000000,790761,792761,747001,45760,12319,2000,0,3.695655349502421,3.695655349502421
15,262,0,7000000,239.67697031629888,0,8000000000,785001,793001,783001,10000,0,8000,0.7999999999999999,0,0.7999999999999999
15,263,0,6000000,222.35628212398225,0,4000000000,793001,797001,786001,11000,0,4000,0.39999999999999997,0,0.39999999999999997
15,252,1,4000000,245.09218673797008,373854.0157239059,8000000000,797761,799361,753001,46360,10699,1600,0,3.2098090418432457,3.2098090418432457
15,261,1,4000000,248.3862967234706,354460.4758249252,7000000000,799991,801391,780001,21390,11285,1400,0,3.3854268158030205,3.3854268158030205
15,265,0,9000000,217.1352573858055,0,5000000000,797001,802001,792001,10000,0,5000,0.49999999999999994,0,0.49999999999999994
15,251,1,10000000,226.34748706358553,513448.10656866163,9000000000,802561,804361,750001,54360,19476,1800,0,5.842849475186097,5.842849475186097
15,264,1,3000000,208.10032892813985,717616.9950408648,9000000000,802991,804791,789001,15790,4181,1800,0,1.2541508997410928,1.2541508997410928
15,260,1,10000000,229.46929402427682,486164.42316733836,5000000000,807991,808991,777001,31990,20569,1000,0,6.170751821894208,6.170751821894208
15,266,0,7000000,235.9502812034773,0,10000000000,802001,812001,795001,17000,0,10000,0.9999999999999999,0,0.9999999999999999
15,268,0,10000000,227.25055467479064,0,5000000000,812001,817001,801001,16000,0,5000,0.49999999999999994,0,0.49999999999999994
15,269,0,8000000,214.98233346021718,0,9000000000,817001,826001,804001,22000,0,9000,0.8999999999999999,0,0.8999999999999999
15,267,1,5000000,248.84310317949337,351871.19244653714,10000000000,824161,826161,798001,28160,14210,2000,0,4.262923570328674,4.262923570328674
15,270,0,3000000,221.65569178345046,0,6000000000,826001,832001,807001,25000,0,6000,0.6,0,0.6
15,276,1,7000000,188.78447817551103,1057048.1303753965,3000000000,831991,832591,825001,7590,6622,600,0,1.9866645043440105,1.9866645043440105
15,271,0,3000000,240.74463586962847,0,7000000000,832001,839001,810001,29000,0,7000,0.7,0,0.7
15,280,1,8000000,139.99128580022398,3438351.1219010646,9000000000,839328,841128,837001,4127,2327,1800,0,0.6980089917847133,0.6980089917847133
15,278,1,10000000,193.3705055069154,960923.9209883021,6000000000,841928,843128,831001,12127,10407,1200,0,3.121995336440918,3.121995336440918
15,283,1,7000000,74.28906581725201,34603697.00147163,2000000000,847004,847404,846001,1403,202,400,0,0.060687157210707596,0.060687157210707596
15,272,0,4000000,238.77218012155436,0,9000000000,839001,848001,813001,35000,0,9000,0.8999999999999999,0,0.8999999999999999
15,284,1,6000000,63.750847053196054,54717240.466154635,10000000000,849111,851111,849001,2110,110,2000,0,0.03289639580989817,0.03289639580989817
15,285,1,4000000,67.35215289803293,46722483.35462652,10000000000,854365,856365,852001,4364,86,2000,0,0.025683566322704344,0.025683566322704344
15,273,0,8000000,217.94266447852746,0,9000000000,848001,857001,816001,41000,0,9000,0.8999999999999999,0,0.8999999999999999
15,286,1,9000000,82.65108650223537,24363887.050008137,6000000000,857365,858565,855001,3564,369,1200,0,0.11081975525736557,0.11081975525736557
15,274,0,5000000,201.92111157578347,0,2000000000,857001,859001,819001,40000,0,2000,0.19999999999999998,0,0.19999999999999998
15,287,1,10000000,111.83725005560531,8165582.857416582,8000000000,860079,861679,858001,3678,1225,1600,0,0.3673956963494871,0.3673956963494871
15,275,0,7000000,191.84300508488704,0,5000000000,859001,864001,822001,42000,0,5000,0.49999999999999994,0,0.49999999999999994
15,277,0,8000000,193.04474325917295,0,2000000000,864001,866001,828001,38000,0,2000,0.19999999999999998,0,0.19999999999999998
15,290,1,9000000,124.78542102345126,5372986.251802053,4000000000,869192,869992,867001,2991,1675,800,0,0.5025138486245788,0.5025138486245788
15,279,0,4000000,167.3033236370396,0,6000000000,866001,872001,834001,38000,0,6000,0.6,0,0.6
15,291,1,8000000,121.94293788489765,5871178.977494305,8000000000,871364,872964,870001,2963,1363,1600,0,0.4087765011422406,0.4087765011422406
15,292,1,2000000,97.39587106238125,13653225.193045596,7000000000,875164,876564,873001,3563,146,1400,0,0.04394566056858242,0.04394566056858242
15,293,1,10000000,70.48359312634395,40766976.91004005,3000000000,877164,877764,876001,1763,245,600,0,0.07358897390454192,0.07358897390454192
15,281,0,4000000,117.0632790417217,0,6000000000,872001,878001,840001,38000,0,6000,0.6,0,0.6
15,294,1,6000000,57.23134193778789,72911084.19491144,5000000000,879083,880083,879001,1082,82,1000,0,0.02468760435914111,0.02468760435914111
15,282,0,9000000,93.75568302775035,0,5000000000,878001,883001,843001,40000,0,5000,0.49999999999999994,0,0.49999999999999994
15,295,1,2000000,34.95854974108628,188033187.38137603,2000000000,884283,884683,882001,2682,11,400,0,0.0031909260719122806,0.0031909260719122806
15,288,0,5000000,80.58821874194766,0,2000000000,883001,885001,861001,24000,0,2000,0.19999999999999998,0,0.19999999999999998
15,296,1,4000000,10.267200202586883,536067918.4703228,5000000000,885008,886008,885001,1007,7,1000,0,0.00223852231900804,0.00223852231900804
15,297,1,5000000,20.988272916083446,330459751.30363685,2000000000,888016,888416,888001,415,15,400,0,0.00453913069317102,0.00453913069317102
15,289,0,4000000,98.7246620657675,0,4000000000,885001,889001,864001,25000,0,4000,0.39999999999999997,0,0.39999999999999997
15,298,1,2000000,46.802962513071755,114750591.8069379,8000000000,891018,892618,891001,1617,17,1600,0,0.005228731203491045,0.005228731203491045
15,300,1,6000000,100.7846540897968,12044945.967238205,2000000000,897499,897899,897001,898,498,400,0,0.14944027186970632,0.14944027186970632
15,299,0,7000000,73.93143039330435,0,4000000000,894001,898001,894001,4000,0,4000,0.39999999999999997,0,0.39999999999999997
15,301,1,3000000,127.6675796747162,4919598.756076415,6000000000,900611,901811,900001,1810,610,1200,0,0.18294174883436784,0.18294174883436784
15,302,1,5000000,154.57587133831717,2331004.3506179117,6000000000,905146,906346,903001,3345,2145,1200,0,0.6434994424623764,0.6434994424623764
15,303,1,2000000,151.78750179115536,2504044.4419763517,7000000000,919800,921200,906001,15199,799,1400,0,0.2396123606841585,0.2396123606841585
15,304,1,2000000,124.86669892329184,5359516.979204985,6000000000,921200,922400,909001,13399,373,1200,0,0.11195038700838339,0.11195038700838339
15,305,1,2000000,97.9570400736976,13370073.323301379,4000000000,922400,923200,912001,11199,150,800,0,0.04487634326988464,0.04487634326988464
15,306,1,9000000,73.18965227407497,36273326.0074821,8000000000,926600,928200,915001,13199,248,1600,0,0.07443486156861026,0.07443486156861026
15,307,1,7000000,68.36186071194957,44707354.2695226,5000000000,928200,929200,918001,11199,157,1000,0,0.04697213767873508,0.04697213767873508
15,308,0,7000000,86.45786546058146,0,9000000000,921001,930001,921001,9000,0,9000,0.8999999999999999,0,0.8999999999999999
15,309,1,9000000,112.00208256992372,8120220.807402813,3000000000,932600,933200,924001,9199,1108,600,0,0.33250327349947684,0.33250327349947684
15,310,1,6000000,140.9231411089038,3350363.4451996055,2000000000,934400,934800,927001,7799,1791,400,0,0.53725514543177,0.53725514543177
15,311,0,9000000,169.4539772327578,0,6000000000,930001,936001,930001,6000,0,6000,0.6,0,0.6
15,312,1,10000000,174.0341161956471,1459510.6694019756,7000000000,939853,941253,933001,8252,6852,1400,0,2.055483432148687,2.055483432148687
15,313,1,9000000,183.144109924398,1192284.5435583666,6000000000,944053,945253,936001,9252,7549,1200,0,2.26456009564786,2.26456009564786
15,314,0,5000000,208.88024152609555,0,8000000000,939001,947001,939001,8000,0,8000,0.7999999999999999,0,0.7999999999999999
15,316,1,7000000,167.68794649586476,1690593.8922921065,6000000000,953472,954672,945001,9671,4141,1200,0,1.2421670334753314,1.2421670334753314
15,317,1,3000000,165.12607062484105,1796650.272861033,3000000000,954672,955272,948001,7271,1670,600,0,0.5009322145744126,0.5009322145744126
15,315,1,8000000,195.0633909784201,928208.5279265309,3000000000,955272,955872,942001,13871,8619,600,0,2.585625888787313,2.585625888787313
15,318,1,2000000,165.12607062484105,1796650.272861033,2000000000,955872,956272,951001,5271,1113,400,0,0.3339548097162751,0.3339548097162751
15,319,1,7000000,165.12607062484105,1796650.272861033,9000000000,958272,960072,954001,6071,3896,1800,0,1.1688418340069628,1.1688418340069628
15,320,1,6000000,165.12607062484105,1796650.272861033,4000000000,962272,963072,957001,6071,3340,800,0,1.0018644291488252,1.0018644291488252
15,321,1,7000000,165.12607062484105,1796650.272861033,8000000000,964872,966472,960001,6471,3896,1600,0,1.1688418340069628,1.1688418340069628
15,323,1,2000000,141.4154563688142,3304998.564130592,10000000000,966606,968606,966001,2605,605,2000,0,0.18154319536227548,0.18154319536227548
15,322,0,7000000,156.48366687932642,0,7000000000,963001,970001,963001,7000,0,7000,0.7,0,0.7
15,324,1,5000000,138.89004031967164,3546035.1943004495,2000000000,970411,970811,969001,1810,1410,400,0,0.42300764595087875,0.42300764595087875
15,325,1,5000000,144.76627300583516,3015552.5385022038,10000000000,976080,978080,972001,6079,1658,2000,0,0.49742127880319925,0.49742127880319925
15,326,1,6000000,157.8742822628182,2144999.3588455655,5000000000,980080,981080,975001,6079,2797,1000,0,0.8391610899915404,0.8391610899915404
15,327,1,4000000,160.39523995430784,2015114.336882241,10000000000,979986,981986,978001,3985,1985,2000,0,0.5954997083970057,0.5954997083970057
15,328,0,8000000,134.6116179978534,0,4000000000,981001,985001,981001,4000,0,4000,0.39999999999999997,0,0.39999999999999997
15,329,0,9000000,113.1652707326766,0,6000000000,985001,991001,984001,7000,0,6000,0.6,0,0.6
15,331,1,7000000,94.78073327422618,15069924.361415999,6000000000,990466,991666,990001,1665,465,1200,0,0.13935040081400116,0.13935040081400116
15,330,0,7000000,98.81672176307009,0,2000000000,991001,993001,987001,6000,0,2000,0.19999999999999998,0,0.19999999999999998
15,332,1,6000000,102.09493866005309,11484170.02271133,6000000000,993523,994723,993001,1722,522,1200,0,0.15673749138512258,0.15673749138512258
16,1,1,2000000,236.89871337767963,428159.3983664241,5000000000,4672,5672,1,5671,4671,1000,0,1.401347260597822,1.401347260597822
16,4,1,4000000,199.21633718146714,853638.0621416533,3000000000,14999,15599,9001,6598,4686,600,0,1.4057480016640487,1.4057480016640487
16,5,1,8000000,187.2162519654744,1092643.0163812384,3000000000,21999,22599,12001,10598,7322,600,0,2.196508799322803,2.196508799322803
16,3,1,9000000,214.616972767766,634713.1242910848,8000000000,23399,24999,6001,18998,14180,1600,0,4.253890295738957,4.253890295738957
16,7,0,10000000,175.99312827494143,0,7000000000,18001,25001,18001,7000,0,7000,0.7,0,0.7
16,6,1,7000000,179.29873870164286,1296960.612719898,9000000000,24999,26799,15001,11798,5397,1800,0,1.6191702195150106,1.6191702195150106
16,9,0,2000000,182.66256567780928,0,3000000000,25001,28001,24001,4000,0,3000,0.3,0,0.3
16,2,1,10000000,230.51820774073354,477404.98907739937,2000000000,31399,31799,3001,28798,20947,400,0,6.283972871330057,6.283972871330057
16,8,1,6000000,177.6140473048233,1346409.5140418743,7000000000,33399,34799,21001,13798,4456,1400,0,1.3368889488878186,1.3368889488878186
16,10,1,2000000,182.94408681343054,1197464.3569715659,6000000000,36399,37599,27001,10598,1670,1200,0,0.5010587551160383,0.5010587551160383
16,11,0,2000000,182.94408681343054,0,9000000000,30001,39001,30001,9000,0,9000,0.8999999999999999,0,0.8999999999999999
16,12,0,7000000,183.26896191117578,0,3000000000,39001,42001,33001,9000,0,3000,0.3,0,0.3
16,13,0,9000000,188.14926654122252,0,6000000000,42001,48001,36001,12000,0,6000,0.6,0,0.6
16,15,0,10000000,214.89800859942835,0,5000000000,48001,53001,42001,11000,0,5000,0.49999999999999994,0,0.49999999999999994
16,14,1,8000000,199.67073946875638,845939.0847496254,6000000000,55199,56399,39001,17398,9457,1200,0,2.8370837135517077,2.8370837135517077
16,18,0,4000000,214.78554630142136,0,5000000000,53001,58001,51001,7000,0,5000,0.49999999999999994,0,0.49999999999999994
16,16,1,8000000,232.8727571013836,458448.20606190054,6000000000,62999,64199,45001,19198,17450,1200,0,5.235051568019327,5.235051568019327
16,17,1,7000000,232.9911350244897,457520.15034968423,3000000000,65797,66397,48001,18396,15300,600,0,4.589961771945919,4.589961771945919
16,19,1,8000000,199.41388366911667,850280.3363705027,7000000000,66397,67797,54001,13796,9409,1400,0,2.822598497625634,2.822598497625634
16,22,0,6000000,189.4850519170312,0,5000000000,63001,68001,63001,5000,0,5000,0.49999999999999994,0,0.49999999999999994
16,20,1,7000000,189.73295970916595,1036219.1756206127,9000000000,67797,69597,57001,12596,6755,1800,0,2.026598280949846,2.026598280949846
16,21,1,8000000,189.4850519170312,1041613.6260519349,10000000000,72197,74197,60001,14196,7680,2000,0,2.3041173233272736,2.3041173233272736
16,24,1,4000000,190.14858874049,1027252.910188782,7000000000,77597,78997,69001,9996,3894,1400,0,1.1681641279356139,1.1681641279356139
16,23,1,10000000,187.4192404743974,1087952.5175507148,4000000000,78997,79797,66001,13796,9192,800,0,2.7574732827070787,2.7574732827070787
16,25,1,3000000,207.64926896090918,723841.348026069,2000000000,79797,80197,72001,8196,4145,400,0,1.2433663847116767,1.2433663847116767
16,28,1,2000000,159.34109137319226,2068206.3568920011,8000000000,85058,86658,81001,5657,967,1600,0,0.2901064480343492,0.2901064480343492
16,27,0,9000000,169.78141830011907,0,9000000000,78001,87001,78001,9000,0,9000,0.8999999999999999,0,0.8999999999999999
16,26,1,8000000,188.35826342372135,1066577.5294722507,7000000000,88058,89458,75001,14457,7501,1400,0,2.2501880394832012,2.2501880394832012
16,29,1,8000000,154.77591543906308,2319167.916534913,2000000000,93658,94058,84001,10057,3450,400,0,1.0348539158759402,1.0348539158759402
16,30,1,5000000,154.55820812884707,2332053.056694709,3000000000,96458,97058,87001,10057,2144,600,0,0.6432100657804056,0.6432100657804056
16,31,1,9000000,168.51796640121196,1657908.719082725,2000000000,104858,105258,90001,15257,5429,400,0,1.6285576937515807,1.6285576937515807
16,32,1,3000000,182.44283515665944,1210568.2939867782,6000000000,105258,106458,93001,13457,2478,1200,0,0.7434524796911869,0.7434524796911869
16,37,0,6000000,175.185371535411,0,3000000000,108001,111001,108001,3000,0,3000,0.3,0,0.3
16,35,1,6000000,205.86966289378336,749065.0601386619,6000000000,110011,111211,102001,9210,8010,1200,0,2.4029955417581434,2.4029955417581434
16,36,1,7000000,189.85452325399044,1033586.670575833,5000000000,111774,112774,105001,7773,6773,1000,0,2.0317599479393884,2.0317599479393884
16,38,0,7000000,162.61114998670902,0,2000000000,111001,113001,111001,2000,0,2000,0.19999999999999998,0,0.19999999999999998
16,39,0,10000000,152.85953094262717,0,6000000000,114001,120001,114001,6000,0,6000,0.6,0,0.6
16,33,1,9000000,198.1988385435192,871196.6404737686,9000000000,120258,122058,96001,26057,10331,1800,0,3.0991855048151966,3.0991855048151966
16,40,1,8000000,146.42826537250247,2883611.132094059,2000000000,124098,124498,117001,7497,2774,400,0,0.832289754082457,0.832289754082457
16,42,0,9000000,153.82889520502968,0,3000000000,123001,126001,123001,3000,0,3000,0.3,0,0.3
16,34,1,7000000,215.3829939897763,625770.4598703489,7000000000,125458,126858,99001,27857,11186,1400,0,3.3558631074325422,3.3558631074325422
16,43,0,10000000,177.32060229990196,0,2000000000,126001,128001,126001,2000,0,2000,0.19999999999999998,0,0.19999999999999998
16,41,1,6000000,143.6238716230697,3110583.465864724,7000000000,127098,128498,120001,8497,1929,1400,0,0.5786695710798458,0.5786695710798458
16,44,0,3000000,200.86622911778875,0,8000000000,129001,137001,129001,8000,0,8000,0.7999999999999999,0,0.7999999999999999
16,46,1,3000000,162.71150543216052,1904266.5475807702,6000000000,140298,141498,135001,6497,1575,1200,0,0.472622911505421,0.472622911505421
16,45,0,2000000,191.84440700734538,0,7000000000,137001,144001,132001,12000,0,7000,0.7,0,0.7
16,47,1,9000000,185.0554857333335,1144166.226951225,10000000000,146698,148698,138001,10697,7866,2000,0,2.359796973901677,2.359796973901677
16,49,1,4000000,174.88371479357357,1431632.5537542826,10000000000,146795,148795,144001,4794,2794,2000,0,0.838203907038259,0.838203907038259
16,50,1,4000000,175.30933175390294,1417915.4529198608,6000000000,149822,151022,147001,4021,2821,1200,0,0.8463128020284174,0.8463128020284174
16,48,1,10000000,199.78834100117055,843960.6562513286,5000000000,152850,153850,141001,12849,11849,1000,0,3.554668073420961,3.554668073420961
16,52,0,10000000,204.04721634954984,0,4000000000,153001,157001,153001,4000,0,4000,0.39999999999999997,0,0.39999999999999997
16,51,1,7000000,186.09997850617822,1118891.4900773065,4000000000,156257,157057,150001,7056,6256,800,0,1.8768576029252906,1.8768576029252906
16,53,0,6000000,227.3899597607599,0,5000000000,157001,162001,156001,6000,0,5000,0.49999999999999994,0,0.49999999999999994
16,54,0,6000000,224.69118919085363,0,6000000000,162001,168001,159001,9000,0,6000,0.6,0,0.6
16,56,0,2000000,186.4043553675718,0,2000000000,168001,170001,165001,5000,0,2000,0.19999999999999998,0,0.19999999999999998
16,55,1,4000000,201.3923099326288,817543.5692841839,10000000000,169634,171634,162001,9633,4893,2000,0,1.4678116801171628,1.4678116801171628
16,57,0,5000000,207.26564428288637,0,3000000000,170001,173001,168001,5000,0,3000,0.3,0,0.3
16,58,0,10000000,192.63728870600312,0,5000000000,173001,178001,171001,7000,0,5000,0.49999999999999994,0,0.49999999999999994
16,59,1,4000000,175.35037867082013,1416601.2141868146,5000000000,192858,193858,174001,19857,2824,1000,0,0.8470979609380384,0.8470979609380384
16,66,0,5000000,95.2088362495835,0,2000000000,195001,197001,195001,2000,0,2000,0.19999999999999998,0,0.19999999999999998
16,60,1,6000000,172.25905201178833,1519966.494174873,8000000000,202058,203658,177001,26657,3947,1600,0,1.1842366308062242,1.1842366308062242
16,61,1,4000000,172.03700590279988,1527746.2340263908,8000000000,203658,205258,180001,25257,2618,1600,0,0.7854707629272878,0.7854707629272878
16,70,0,3000000,53.76121464401636,0,2000000000,207001,209001,207001,2000,0,2000,0.19999999999999998,0,0.19999999999999998
16,63,1,5000000,160.76993282327388,1996650.7816440007,10000000000,213058,215058,186001,29057,2504,2000,0,0.751258063648432,0.751258063648432
16,62,1,10000000,171.61155264142332,1542791.3346861461,3000000000,216258,216858,183001,33857,6482,600,0,1.944527385234697,1.944527385234697
16,64,1,10000000,138.5214293891021,3583004.833194294,3000000000,222258,222858,189001,33857,2791,600,0,0.8372860600708323,0.8372860600708323
16,65,1,2000000,116.13564224646971,7076324.274456504,5000000000,222858,223858,192001,31857,283,1000,0,0.08478978304680404,0.08478978304680404
16,73,0,5000000,77.02148401582508,0,10000000000,216001,226001,216001,10000,0,10000,0.9999999999999999,0,0.9999999999999999
16,67,1,7000000,77.96409494119713,29607154.1205933,7000000000,230258,231658,198001,33657,236,1400,0,0.07092880293210424,0.07092880293210424
16,75,0,9000000,95.16838655772203,0,10000000000,226001,236001,222001,14000,0,10000,0.9999999999999999,0,0.9999999999999999
16,68,1,10000000,58.01224439719601,70448494.63691187,7000000000,236058,237458,201001,36457,142,1400,0,0.04258430241074497,0.04258430241074497
16,77,0,3000000,141.35348916811355,0,4000000000,236001,240001,228001,12000,0,4000,0.39999999999999997,0,0.39999999999999997
16,80,0,7000000,203.65045470118648,0,2000000000,240001,242001,237001,5000,0,2000,0.19999999999999998,0,0.19999999999999998
16,81,0,4000000,210.20801245433057,0,5000000000,242001,247001,240001,7000,0,5000,0.49999999999999994,0,0.49999999999999994
16,69,1,10000000,46.26368121972143,117425623.04291062,7000000000,246658,248058,204001,44057,85,1400,0,0.025548086714461935,0.025548086714461935
16,83,0,7000000,178.2563292003961,0,3000000000,247001,250001,246001,4000,0,3000,0.3,0,0.3
16,84,0,9000000,175.31860511651348,0,2000000000,250001,252001,249001,3000,0,2000,0.19999999999999998,0,0.19999999999999998
16,82,1,10000000,188.21902188673704,1069713.8714490323,6000000000,252349,253549,243001,10548,9348,1200,0,2.80448826557349,2.80448826557349
16,71,1,8000000,74.6323361553154,34099733.36256856,10000000000,255458,257458,210001,47457,235,2000,0,0.07038178200638048,0.07038178200638048
16,85,0,4000000,181.0909144601131,0,6000000000,252001,258001,252001,6000,0,6000,0.6,0,0.6
16,87,0,7000000,182.08648329845906,0,5000000000,258001,263001,258001,5000,0,5000,0.49999999999999994,0,0.49999999999999994
16,72,1,2000000,83.6926018235782,23346588.320530172,10000000000,261658,263658,213001,50657,86,2000,0,0.025699686470780015,0.025699686470780015
16,89,0,9000000,175.42193847976935,0,4000000000,264001,268001,264001,4000,0,4000,0.39999999999999997,0,0.39999999999999997
16,86,1,10000000,186.02261206638295,1120739.6363942372,8000000000,266467,268067,255001,13066,8923,1600,0,2.6768036951489638,2.6768036951489638
16,88,1,9000000,176.51644824208307,1379890.3854224794,7000000000,269067,270467,261001,9466,6522,1400,0,1.9566771596668124,1.9566771596668124
16,74,1,2000000,82.66480569141865,24350163.473318614,6000000000,274258,275458,219001,56457,82,1200,0,0.024640491660659382,0.024640491660659382
16,90,0,7000000,179.4595154902632,0,8000000000,268001,276001,267001,9000,0,8000,0.7999999999999999,0,0.7999999999999999
16,92,1,7000000,201.78288852130154,811267.4093372831,3000000000,281629,282229,273001,9228,8628,600,0,2.588542292997411,2.588542292997411
16,93,1,4000000,218.57653350714477,590138.5348260738,9000000000,282779,284579,276001,8578,6778,1800,0,2.033420848129609,2.033420848129609
16,91,0,5000000,188.37368844931612,0,9000000000,276001,285001,270001,15000,0,9000,0.8999999999999999,0,0.8999999999999999
16,76,1,6000000,116.33425634781871,7030397.245848423,9000000000,285058,286858,225001,61857,853,1800,0,0.2560310515971103,0.2560310515971103
16,94,0,9000000,238.01731722712944,0,2000000000,285001,287001,279001,8000,0,2000,0.19999999999999998,0,0.19999999999999998
16,95,0,9000000,227.26271361576232,0,2000000000,287001,289001,282001,7000,0,2000,0.19999999999999998,0,0.19999999999999998
16,96,0,9000000,212.55009056690614,0,2000000000,289001,291001,285001,6000,0,2000,0.19999999999999998,0,0.19999999999999998
16,97,0,7000000,198.5815009007637,0,5000000000,291001,296001,288001,8000,0,5000,0.49999999999999994,0,0.49999999999999994
16,78,1,6000000,168.04671552874817,1676368.746022234,6000000000,295258,296458,231001,65457,3579,1200,0,1.073749438642974,1.073749438642974
16,98,0,7000000,187.92524950096515,0,3000000000,296001,299001,291001,8000,0,3000,0.3,0,0.3
16,79,1,5000000,177.666039805023,1344848.7375836328,7000000000,302058,303458,234001,69457,3718,1400,0,1.1153670729506253,1.1153670729506253
16,101,1,4000000,190.9429783993116,1010382.7885837465,4000000000,303960,304760,300001,4759,3959,800,0,1.187668687114158,1.187668687114158
16,100,1,10000000,181.82474776553377,1226973.117754673,6000000000,305151,306351,297001,9350,8150,1200,0,2.445041343277282,2.445041343277282
16,99,0,3000000,181.69105206366103,0,9000000000,299001,308001,294001,14000,0,9000,0.8999999999999999,0,0.8999999999999999
16,102,1,4000000,206.8828542919881,734572.4864812057,3000000000,308446,309046,303001,6045,5445,600,0,1.6336032482625558,1.6336032482625558
16,103,0,3000000,214.53742330884842,0,10000000000,308001,318001,306001,12000,0,10000,0.9999999999999999,0,0.9999999999999999
16,104,0,7000000,209.84816701605953,0,3000000000,318001,321001,309001,12000,0,3000,0.3,0,0.3
16,105,0,3000000,218.56933087695543,0,8000000000,321001,329001,312001,17000,0,8000,0.7999999999999999,0,0.7999999999999999
16,109,1,5000000,209.93473104753292,692980.3092544714,3000000000,331216,331816,324001,7815,7215,600,0,2.164563667925491,2.164563667925491
16,106,0,7000000,221.64078347632685,0,3000000000,329001,332001,315001,17000,0,3000,0.3,0,0.3
16,111,1,8000000,155.22733006787178,2292730.3415929223,10000000000,333490,335490,330001,5489,3489,2000,0,1.0467868621359762,1.0467868621359762
16,112,1,4000000,130.54826425502563,4512393.264342052,7000000000,335490,336890,333001,3889,886,1400,0,0.2659342680707088,0.2659342680707088
16,110,1,9000000,181.931587416809,1224117.7826378567,8000000000,336890,338490,327001,11489,7352,1600,0,2.205670106500502,2.205670106500502
16,114,1,4000000,97.7210934240914,13488271.165848501,7000000000,339298,340698,339001,1697,297,1400,0,0.08896618293368304,0.08896618293368304
16,107,0,10000000,221.64078347632685,0,9000000000,332001,341001,318001,23000,0,9000,0.8999999999999999,0,0.8999999999999999
16,108,0,5000000,223.20971865042074,0,3000000000,341001,344001,321001,23000,0,3000,0.3,0,0.3
16,117,1,7000000,108.93420032294725,9017003.038004149,4000000000,348777,349577,348001,1576,776,800,0,0.2328933450669903,0.2328933450669903
16,113,0,5000000,112.67513878402814,0,10000000000,344001,354001,336001,18000,0,10000,0.9999999999999999,0,0.9999999999999999
16,115,0,4000000,91.52097573780563,0,3000000000,354001,357001,342001,15000,0,3000,0.3,0,0.3
16,116,0,7000000,95.5848549719044,0,4000000000,357001,361001,345001,16000,0,4000,0.39999999999999997,0,0.39999999999999997
16,121,1,2000000,164.99067185753256,1802482.0193718157,8000000000,361111,362711,360001,2710,1110,1600,0,0.3328743330316862,0.3328743330316862
16,118,0,3000000,128.74174342457852,0,2000000000,361001,363001,351001,12000,0,2000,0.19999999999999998,0,0.19999999999999998
16,122,1,4000000,144.5967942244917,3029421.9865723494,7000000000,366311,367711,363001,4710,1320,1400,0,0.3961151682792612,0.3961151682792612
16,119,0,8000000,152.57104115788155,0,6000000000,363001,369001,354001,15000,0,6000,0.6,0,0.6
16,123,1,5000000,152.34060686501152,2468487.943535697,2000000000,368911,369311,366001,3310,2026,400,0,0.6076594394265099,0.6076594394265099
16,120,0,5000000,167.8128400927653,0,3000000000,369001,372001,357001,15000,0,3000,0.3,0,0.3
16,124,1,4000000,165.70295742683655,1772064.0370097756,9000000000,371258,373058,369001,4057,2257,1800,0,0.6771764309516204,0.6771764309516204
16,125,1,4000000,181.77258346626428,1228370.240146171,6000000000,375257,376457,372001,4456,3256,1200,0,0.976904161938346,0.976904161938346
16,126,1,2000000,198.69508398548763,862577.493506064,9000000000,377657,379457,375001,4456,2319,1800,0,0.695589676889456,0.695589676889456
16,127,0,4000000,217.95991489262425,0,7000000000,378001,385001,378001,7000,0,7000,0.7,0,0.7
16,128,0,5000000,238.2792030371094,0,5000000000,385001,390001,381001,9000,0,5000,0.49999999999999994,0,0.49999999999999994
16,129,0,4000000,237.76091562744284,0,8000000000,390001,398001,384001,14000,0,8000,0.7999999999999999,0,0.7999999999999999
16,132,0,8000000,181.7165512549696,0,3000000000,398001,401001,393001,8000,0,3000,0.3,0,0.3
16,133,1,7000000,165.6009145506148,1776382.4506222259,8000000000,399942,401542,396001,5541,3941,1600,0,1.1821778577380218,1.1821778577380218
16,130,1,8000000,218.552447023592,590397.6706311705,5000000000,401542,402542,387001,15541,13550,1000,0,4.065056688713314,4.065056688713314
16,131,1,9000000,199.39787686933886,850551.7930313591,2000000000,402542,402942,390001,12941,10581,400,0,3.17440986206992,3.17440986206992
16,134,1,6000000,160.7864683361134,1995840.8113984948,6000000000,404142,405342,399001,6341,3006,1200,0,0.9018755352230381,0.9018755352230381
16,135,1,9000000,156.15973392651514,2239294.3687985423,9000000000,406542,408342,402001,6341,4019,1800,0,1.205736966796662,1.205736966796662
16,136,0,8000000,146.30408777611106,0,4000000000,405001,409001,405001,4000,0,4000,0.39999999999999997,0,0.39999999999999997
16,137,1,3000000,139.36367998872595,3499218.913243708,10000000000,412342,414342,408001,6341,857,2000,0,0.257200255918175,0.257200255918175
16,138,1,9000000,154.6174715224641,2328536.756152504,8000000000,415942,417542,411001,6541,3865,1600,0,1.1595264677982895,1.1595264677982895
16,139,1,3000000,148.43151451090162,2733917.6915528947,9000000000,417542,419342,414001,5341,1097,1800,0,0.3291979135951201,0.3291979135951201
16,140,1,4000000,140.29160844469635,3409686.333473043,10000000000,419342,421342,417001,4341,1173,2000,0,0.3519385311838061,0.3519385311838061
16,141,1,9000000,137.20351671877802,3719127.3762649307,5000000000,422421,423421,420001,3420,2420,1000,0,0.725976748532763,0.725976748532763
16,142,1,4000000,157.76362857135356,2150934.6784204054,8000000000,424861,426461,423001,3460,1860,1600,0,0.5578969980070483,0.5578969980070483
16,144,0,6000000,121.79283804887707,0,2000000000,429001,431001,429001,2000,0,2000,0.19999999999999998,0,0.19999999999999998
16,145,0,3000000,95.03673237227804,0,3000000000,432001,435001,432001,3000,0,3000,0.3,0,0.3
16,143,1,7000000,148.56053076103356,2724609.9413804444,2000000000,435367,435767,426001,9766,2569,400,0,0.770752527951219,0.770752527951219
16,147,1,5000000,81.07660821716708,25998695.09698638,10000000000,440567,442567,438001,4566,192,2000,0,0.05769520333248846,0.05769520333248846
16,148,1,6000000,104.64140862966248,10480907.360115856,5000000000,442567,443567,441001,2566,572,1000,0,0.17174085583942256,0.17174085583942256
16,146,0,8000000,71.27506857239773,0,9000000000,435001,444001,435001,9000,0,9000,0.8999999999999999,0,0.8999999999999999
16,149,1,2000000,130.31039290862418,4544412.410352279,7000000000,446367,447767,444001,3766,440,1400,0,0.1320302705434889,0.1320302705434889
16,150,1,4000000,155.18144863352705,2295400.3411772246,5000000000,448744,449744,447001,2743,1743,1000,0,0.5227846221302577,0.5227846221302577
16,151,0,3000000,182.59910980067787,0,3000000000,450001,453001,450001,3000,0,3000,0.3,0,0.3
16,153,0,7000000,206.4706189751946,0,3000000000,456001,459001,456001,3000,0,3000,0.3,0,0.3
16,152,1,5000000,206.96287686442705,733442.8029197494,6000000000,460996,462196,453001,9195,6817,1200,0,2.0451492523052606,2.0451492523052606
16,155,1,6000000,193.95472280921646,949473.9248157965,9000000000,468320,470120,462001,8119,6319,1800,0,1.8957866592799908,1.8957866592799908
16,156,0,7000000,195.91309552962508,0,6000000000,465001,471001,465001,6000,0,6000,0.6,0,0.6
16,154,1,10000000,197.49425156191256,883619.5244562227,9000000000,471120,472920,459001,13919,11317,1800,0,3.3951264282511104,3.3951264282511104
16,159,1,2000000,232.14940297144855,464170.45042189886,5000000000,480520,481520,474001,7519,4309,1000,0,1.292628601098242,1.292628601098242
16,157,1,9000000,203.3786026109925,786241.2179615974,10000000000,481520,483520,468001,15519,11447,2000,0,3.4340606143748076,3.4340606143748076
16,160,0,7000000,251.836653408514,0,7000000000,477001,484001,477001,7000,0,7000,0.7,0,0.7
16,158,1,7000000,215.6942282491583,622181.9658776835,3000000000,485720,486320,471001,15319,11251,600,0,3.3752183688539197,3.3752183688539197
16,161,0,5000000,238.77025547584438,0,6000000000,484001,490001,480001,10000,0,6000,0.6,0,0.6
16,164,1,2000000,197.13737748078114,889995.901687196,7000000000,491248,492648,489001,3647,2247,1400,0,0.6741604077755406,0.6741604077755406
16,162,1,5000000,220.58079018808507,569063.7010500176,10000000000,492648,494648,483001,11647,8786,2000,0,2.6359087694967176,2.6359087694967176
16,163,0,6000000,206.48906605435553,0,5000000000,490001,495001,486001,9000,0,5000,0.49999999999999994,0,0.49999999999999994
16,165,1,2000000,193.3106691313234,962106.3282076481,10000000000,494648,496648,492001,4647,2079,2000,0,0.623631694760565,0.623631694760565
16,168,0,9000000,215.7518057861857,0,2000000000,501001,503001,501001,2000,0,2000,0.19999999999999998,0,0.19999999999999998
16,167,1,5000000,203.12219967300473,790196.9517690779,4000000000,504329,505129,498001,7128,6328,800,0,1.8982609293060781,1.8982609293060781
16,166,1,10000000,195.43160670679654,921277.2203678811,7000000000,505855,507255,495001,12254,10854,1400,0,3.2563488314647038,3.2563488314647038
16,170,0,6000000,250.67443527412203,0,3000000000,507001,510001,507001,3000,0,3000,0.3,0,0.3
16,172,0,8000000,228.80361382635547,0,10000000000,513001,523001,513001,10000,0,10000,0.9999999999999999,0,0.9999999999999999
16,174,0,5000000,199.4234514795088,0,3000000000,523001,526001,519001,7000,0,3000,0.3,0,0.3
16,173,1,6000000,211.93814994002378,667266.067362448,10000000000,524993,526993,516001,10992,8992,2000,0,2.697574607854695,2.697574607854695
16,169,1,10000000,232.68104735882554,459956.1537109862,5000000000,526993,527993,504001,23992,21741,1000,0,6.522360828952084,6.522360828952084
16,175,1,9000000,191.9506290690395,989476.8310237486,7000000000,531097,532497,522001,10496,9096,1400,0,2.728714726151275,2.728714726151275
16,177,1,3000000,227.41843834658613,503878.0228434532,5000000000,533955,534955,528001,6954,5954,1000,0,1.786146565633436,1.786146565633436
16,176,0,10000000,236.2651751739981,0,10000000000,526001,536001,525001,11000,0,10000,0.9999999999999999,0,0.9999999999999999
16,171,1,9000000,245.1678486262014,373393.9169131969,6000000000,534955,536155,510001,26154,24103,1200,0,7.230969433890564,7.230969433890564
16,178,0,4000000,211.30979911021637,0,4000000000,536001,540001,531001,9000,0,4000,0.39999999999999997,0,0.39999999999999997
16,180,1,2000000,190.8269435902593,1012825.3487376802,4000000000,540051,540851,537001,3850,1975,800,0,0.5924022347463963,0.5924022347463963
16,179,1,6000000,197.8116844374973,877995.600765457,9000000000,540851,542651,534001,8650,6834,1800,0,2.0501241673998343,2.0501241673998343
16,181,1,8000000,191.20065376457268,1004984.8284121031,6000000000,547961,549161,540001,9160,7960,1200,0,2.3880957524424025,2.3880957524424025
16,183,0,10000000,213.42334314690135,0,7000000000,546001,553001,546001,7000,0,7000,0.7,0,0.7
16,182,1,10000000,199.08847606026822,855820.1426112074,7000000000,554686,556086,543001,13085,11685,1400,0,3.505409431994261,3.505409431994261
16,184,1,4000000,233.18307743058887,456020.3417902619,8000000000,557773,559373,549001,10372,8772,1600,0,2.631461560001895,2.631461560001895
16,185,1,2000000,249.97386463388528,345562.6015620006,10000000000,558016,560016,552001,8015,5788,2000,0,1.7362990013615476,1.7362990013615476
16,186,1,3000000,227.7183791440647,501237.7018552198,8000000000,563216,564816,555001,9815,5985,1600,0,1.7955552758079656,1.7955552758079656
16,187,0,5000000,209.68758570788114,0,10000000000,558001,568001,558001,10000,0,10000,0.9999999999999999,0,0.9999999999999999
16,188,0,5000000,197.11125995234264,0,3000000000,568001,571001,561001,10000,0,3000,0.3,0,0.3
16,189,1,7000000,191.1061328162966,1006960.7394640873,5000000000,575416,576416,564001,12415,6952,1000,0,2.0854834927503103,2.0854834927503103
16,191,1,3000000,200.3664295734193,834318.7571545284,6000000000,577816,579016,570001,9015,3596,1200,0,1.0787243991367037,1.0787243991367037
16,193,0,9000000,227.3189147431423,0,5000000000,576001,581001,576001,5000,0,5000,0.49999999999999994,0,0.49999999999999994
16,190,1,10000000,192.19869770630604,984412.9188015655,3000000000,582016,582616,567001,15615,10158,600,0,3.0475016557607058,3.0475016557607058
16,192,1,5000000,210.34317911451276,687638.9008836801,6000000000,583816,585016,573001,12015,7271,1200,0,2.1813774614443133,2.1813774614443133
16,196,1,2000000,210.8658706381855,680878.1260550049,10000000000,587938,589938,585001,4937,2937,2000,0,0.8812149737815617,0.8812149737815617
16,195,1,3000000,230.07250552814867,481102.7712688366,5000000000,589938,590938,582001,8937,6236,1000,0,1.8707021737297098,1.8707021737297098
16,197,0,4000000,196.99239579232494,0,3000000000,588001,591001,588001,3000,0,3000,0.3,0,0.3
16,194,1,4000000,249.85400937347396,346224.5560996461,5000000000,590554,591554,579001,12553,11553,1000,0,3.4659586642798117,3.4659586642798117
16,198,0,2000000,189.68494563354255,0,4000000000,591001,595001,591001,4000,0,4000,0.39999999999999997,0,0.39999999999999997
16,199,0,9000000,189.7048470651185,0,7000000000,595001,602001,594001,8000,0,7000,0.7,0,0.7
16,200,0,3000000,197.03358419315222,0,4000000000,602001,606001,597001,9000,0,4000,0.39999999999999997,0,0.39999999999999997
16,201,0,2000000,211.05834288177283,0,4000000000,606001,610001,600001,10000,0,4000,0.39999999999999997,0,0.39999999999999997
16,204,0,6000000,212.7243373476575,0,6000000000,610001,616001,609001,7000,0,6000,0.6,0,0.6
16,202,1,7000000,227.61370806697914,502157.13634950714,5000000000,616941,617941,603001,14940,13940,1000,0,4.1819578932327985,4.1819578932327985
16,205,1,4000000,205.58155291757086,753251.0770080425,8000000000,617941,619541,612001,7540,5310,1600,0,1.5930943036503453,1.5930943036503453
16,206,1,3000000,205.58155291757086,753251.0770080425,4000000000,621541,622341,615001,7340,3983,800,0,1.194820727737759,1.194820727737759
16,207,0,7000000,224.09208932936482,0,7000000000,618001,625001,618001,7000,0,7000,0.7,0,0.7
16,203,1,9000000,227.0118173135487,507485.1932786443,6000000000,623941,625141,606001,19140,17735,1200,0,5.320352269898669,5.320352269898669
16,209,1,8000000,201.4667220659531,816343.1979902319,9000000000,633801,635601,624001,11600,9800,1800,0,2.93993997366377,2.93993997366377
16,211,1,4000000,191.98205567187784,988833.5177684077,7000000000,635601,637001,630001,7000,4045,1400,0,1.2135510967590897,1.2135510967590897
16,210,1,7000000,194.61059426454668,936821.2536745806,4000000000,637001,637801,627001,10800,7472,800,0,2.2416229262124188,2.2416229262124188
16,213,0,6000000,199.71152320284372,0,3000000000,636001,639001,636001,3000,0,3000,0.3,0,0.3
16,212,1,2000000,193.72036392697592,954046.579072755,6000000000,637801,639001,633001,6000,2096,1200,0,0.628900111547116,0.628900111547116
16,208,1,10000000,212.1909074395036,664106.9727148153,4000000000,640201,641001,621001,20000,15058,800,0,4.517344529204752,4.517344529204752
16,214,0,3000000,209.6054448243175,0,10000000000,639001,649001,639001,10000,0,10000,0.9999999999999999,0,0.9999999999999999
16,215,0,9000000,222.82543055046477,0,6000000000,649001,655001,642001,13000,0,6000,0.6,0,0.6
16,216,1,3000000,238.8574189762587,414326.80389839684,7000000000,654522,655922,645001,10921,7241,1400,0,2.1721983505095706,2.1721983505095706
16,218,0,8000000,233.56931412323837,0,2000000000,655001,657001,651001,6000,0,2000,0.19999999999999998,0,0.19999999999999998
16,217,1,4000000,250.96978005329643,340122.85897525743,8000000000,659761,661361,648001,13360,11760,1600,0,3.5281368727036813,3.5281368727036813
16,222,0,6000000,155.47918510205793,0,5000000000,663001,668001,663001,5000,0,5000,0.49999999999999994,0,0.49999999999999994
16,220,1,6000000,203.670158835309,781773.0773180778,6000000000,668761,669961,657001,12960,7675,1200,0,2.30245841437136,2.30245841437136
16,221,1,9000000,179.56804225696732,1289266.6960325951,9000000000,671761,673561,660001,13560,6981,1800,0,2.0942137172305726,2.0942137172305726
16,223,1,10000000,133.26051965980017,4166179.6674517514,10000000000,674761,676761,666001,10760,2400,2000,0,0.7200841633013282,0.7200841633013282
16,219,1,9000000,219.20747272846336,583400.7729360025,8000000000,678561,680161,654001,26160,15427,1600,0,4.628036377826642,4.628036377826642
16,224,1,9000000,111.38533341513148,8291530.911967214,5000000000,681361,682361,669001,13360,1085,1000,0,0.32563347211346394,0.32563347211346394
16,228,0,2000000,78.15198334015592,0,2000000000,681001,683001,681001,2000,0,2000,0.19999999999999998,0,0.19999999999999998
16,225,1,7000000,88.62699419477119,19141912.724906344,6000000000,683161,684361,672001,12360,366,1200,0,0.109706904956661,0.109706904956661
16,226,1,8000000,70.76180396230725,40278442.81599033,6000000000,687361,688561,675001,13560,199,1200,0,0.05958522306744224,0.05958522306744224
16,227,1,5000000,65.66766708205793,50299169.550629586,9000000000,688561,690361,678001,12360,99,1800,0,0.029821565910549408,0.029821565910549408
16,230,0,4000000,121.3899666364564,0,7000000000,687001,694001,687001,7000,0,7000,0.7,0,0.7
16,229,1,3000000,97.91121947968983,13392930.975746091,9000000000,694361,696161,684001,12160,224,1800,0,0.06719962953813871,0.06719962953813871
16,231,0,5000000,146.818262147459,0,5000000000,694001,699001,690001,9000,0,5000,0.49999999999999994,0,0.49999999999999994
16,233,0,3000000,200.63189302800288,0,2000000000,699001,701001,696001,5000,0,2000,0.19999999999999998,0,0.19999999999999998
16,236,0,6000000,165.12607062484105,0,2000000000,705001,707001,705001,2000,0,2000,0.19999999999999998,0,0.19999999999999998
16,234,1,2000000,207.67688484759205,723458.3367331253,10000000000,705324,707324,699001,8323,2764,2000,0,0.8293497628479641,0.8293497628479641
16,232,1,3000000,173.39049166548898,1481080.2093904074,10000000000,706961,708961,693001,15960,2026,2000,0,0.607664591217803,0.607664591217803
16,235,1,5000000,180.37502487872314,1266548.803335986,6000000000,710924,712124,702001,10123,3948,1200,0,1.1843207273569898,1.1843207273569898
16,237,1,2000000,165.12607062484105,1796650.272861033,5000000000,716724,717724,708001,9723,1113,1000,0,0.3339548097162751,0.3339548097162751
16,238,1,7000000,165.12607062484105,1796650.272861033,2000000000,730324,730724,711001,19723,3896,400,0,1.1688418340069628,1.1688418340069628
16,243,0,5000000,140.27845771892416,0,8000000000,726001,734001,726001,8000,0,8000,0.7999999999999999,0,0.7999999999999999
16,239,1,5000000,165.12607062484105,1796650.272861033,8000000000,733124,734724,714001,20723,2783,1600,0,0.8348870242906877,0.8348870242906877
16,240,1,5000000,161.11621209549338,1979773.4748295178,7000000000,737324,738724,717001,21723,2526,1400,0,0.7576624391985897,0.7576624391985897
16,246,0,3000000,160.80607762146303,0,7000000000,735001,742001,735001,7000,0,7000,0.7,0,0.7
16,241,1,6000000,144.76359107178848,3015771.4058384355,9000000000,741324,743124,720001,23123,1990,1800,0,0.5968622145946667,0.5968622145946667
16,248,1,6000000,118.83217914353,6482594.863356396,7000000000,741974,743374,741001,2373,926,1400,0,0.2776665884482007,0.2776665884482007
16,247,0,6000000,138.3368457787006,0,2000000000,742001,744001,738001,6000,0,2000,0.19999999999999998,0,0.19999999999999998
16,249,1,6000000,103.89311815515016,10764443.843441378,5000000000,746574,747574,744001,3573,557,1000,0,0.16721718522380646,0.16721718522380646
16,242,1,3000000,139.0492294117447,3530214.752520916,5000000000,746724,747724,723001,24723,850,1000,0,0.25494199732673845,0.25494199732673845
16,250,1,2000000,95.66613716462057,14571678.195825612,7000000000,747574,748974,747001,1973,137,1400,0,0.041175765202657554,0.041175765202657554
16,251,1,6000000,95.77729376005571,14510507.517835699,4000000000,751374,752174,750001,2173,413,800,0,0.12404803882893252,0.12404803882893252
16,244,1,5000000,147.5431696148622,2799084.749977762,10000000000,751124,753124,729001,24123,1786,2000,0,0.535889454584009,0.535889454584009
16,245,1,2000000,159.8799555916876,2040852.7735043776,2000000000,754324,754724,732001,22723,980,400,0,0.29399474954272736,0.29399474954272736
16,252,1,3000000,104.18183046961688,10653972.307080105,9000000000,754574,756374,753001,3373,282,1800,0,0.08447553401297132,0.08447553401297132
16,253,0,6000000,119.24852409988144,0,10000000000,756001,766001,756001,10000,0,10000,0.9999999999999999,0,0.9999999999999999
16,255,1,8000000,150.4107034090327,2595342.4050850784,6000000000,765763,766963,762001,4962,3082,1200,0,0.9247334745880381,0.9247334745880381
16,256,1,9000000,169.00506264606395,1639092.4690354909,8000000000,770492,772092,765001,7091,5491,1600,0,1.647253007994595,1.647253007994595
16,254,0,9000000,134.34685147036382,0,9000000000,766001,775001,759001,16000,0,9000,0.8999999999999999,0,0.8999999999999999
16,258,1,3000000,201.59807340349266,814229.6716551303,2000000000,774685,775085,771001,4084,3684,400,0,1.1053392320750477,1.1053392320750477
16,260,1,3000000,181.667397735532,1231193.4636698763,2000000000,779438,779838,777001,2837,2437,400,0,0.7309980328496284,0.7309980328496284
16,257,0,6000000,183.76254705461614,0,7000000000,775001,782001,768001,14000,0,7000,0.7,0,0.7
16,259,0,5000000,192.06923569379867,0,6000000000,782001,788001,774001,14000,0,6000,0.6,0,0.6
16,261,1,8000000,182.12606897421355,1218941.3610180912,9000000000,786564,788364,780001,8363,6563,1800,0,1.9689216206392883,1.9689216206392883
16,262,0,7000000,187.16124946152715,0,3000000000,788001,791001,783001,8000,0,3000,0.3,0,0.3
16,265,1,3000000,201.58683612775914,814410.2196979958,4000000000,795685,796485,792001,4484,3684,800,0,1.1050941874645717,1.1050941874645717
16,266,1,3000000,171.6473879789611,1541517.0298662938,8000000000,796947,798547,795001,3546,1946,1600,0,0.5838404523354913,0.5838404523354913
16,263,0,3000000,203.40080874962123,0,9000000000,791001,800001,786001,14000,0,9000,0.8999999999999999,0,0.8999999999999999
16,264,0,8000000,219.86149571946433,0,4000000000,800001,804001,789001,15000,0,4000,0.39999999999999997,0,0.39999999999999997
16,269,1,6000000,102.44390513837318,11340104.902117386,10000000000,804530,806530,804001,2529,529,2000,0,0.15872869039014886,0.15872869039014886
16,267,0,7000000,143.55560943411436,0,4000000000,804001,808001,798001,10000,0,4000,0.39999999999999997,0,0.39999999999999997
16,270,1,7000000,92.28809728236898,16583826.474981211,6000000000,807423,808623,807001,1622,422,1200,0,0.12662940022727048,0.12662940022727048
16,271,1,8000000,93.89037224337754,15591290.615174962,8000000000,810514,812114,810001,2113,513,1600,0,0.153932093194651,0.153932093194651
16,268,0,9000000,121.61250758042937,0,10000000000,808001,818001,801001,17000,0,10000,0.9999999999999999,0,0.9999999999999999
16,274,1,7000000,153.5892798993472,2390486.224764778,7000000000,821929,823329,819001,4328,2928,1400,0,0.8784823682498478,0.8784823682498478
16,272,0,9000000,106.84446733453264,0,6000000000,818001,824001,813001,11000,0,6000,0.6,0,0.6
16,275,1,5000000,163.4623993461493,1869963.062357825,9000000000,824675,826475,822001,4474,2674,1800,0,0.802154882197865,0.802154882197865
16,273,0,10000000,127.80026799658908,0,7000000000,824001,831001,816001,15000,0,7000,0.7,0,0.7
16,276,0,10000000,149.45955071523528,0,2000000000,831001,833001,825001,8000,0,2000,0.19999999999999998,0,0.19999999999999998
16,277,0,9000000,142.4217163918481,0,3000000000,833001,836001,828001,8000,0,3000,0.3,0,0.3
16,279,1,10000000,145.34274835711616,2968959.2086826353,6000000000,839295,840495,834001,6494,3368,1200,0,1.0104551087217994,1.0104551087217994
16,278,0,8000000,143.65784106689054,0,6000000000,836001,842001,831001,11000,0,6000,0.6,0,0.6
16,281,1,10000000,145.34274835711616,2968959.2086826353,7000000000,844503,845903,840001,5902,3368,1400,0,1.0104551087217994,1.0104551087217994
16,282,1,4000000,145.34274835711616,2968959.2086826353,7000000000,845903,847303,843001,4302,1347,1400,0,0.4041820434887198,0.4041820434887198
16,280,0,9000000,145.34274835711616,0,9000000000,842001,851001,837001,14000,0,9000,0.8999999999999999,0,0.8999999999999999
16,284,1,4000000,157.5350348335252,2163260.718742247,3000000000,853703,854303,849001,5302,1849,600,0,0.5547181574570902,0.5547181574570902
16,283,0,7000000,147.7303100247204,0,4000000000,851001,855001,846001,9000,0,4000,0.39999999999999997,0,0.39999999999999997
16,285,1,2000000,175.2497067044621,1419827.2258078044,3000000000,856703,857303,852001,5302,1409,600,0,0.42258662821360726,0.42258662821360726
16,287,0,8000000,194.57211002607747,0,5000000000,858001,863001,858001,5000,0,5000,0.49999999999999994,0,0.49999999999999994
16,288,0,6000000,185.66820837181578,0,2000000000,863001,865001,861001,4000,0,2000,0.19999999999999998,0,0.19999999999999998
16,286,1,9000000,197.14497660351378,889859.5298656385,5000000000,865902,866902,855001,11901,10114,1000,0,3.0341867557542233,3.0341867557542233
16,289,1,3000000,185.66820837181578,1129254.4209699363,2000000000,868600,869000,864001,4999,2657,400,0,0.7969860319227038,0.7969860319227038
16,290,1,3000000,180.85524847236255,1253265.7774507257,6000000000,873600,874800,867001,7799,2394,1200,0,0.7181238139532499,0.7181238139532499
16,291,0,5000000,169.83092886750634,0,7000000000,870001,877001,870001,7000,0,7000,0.7,0,0.7
16,292,1,3000000,159.0445236403945,2083454.4885328384,3000000000,880200,880800,873001,7799,1440,600,0,0.43197487871874607,0.43197487871874607
16,294,0,6000000,157.43344022157424,0,5000000000,879001,884001,879001,5000,0,5000,0.49999999999999994,0,0.49999999999999994
16,293,1,10000000,154.55586206935018,2332192.3916750983,7000000000,886800,888200,876001,12199,4288,1400,0,1.2863432754127324,1.2863432754127324
16,295,1,3000000,167.08235484335262,1714947.1157084089,7000000000,895600,897000,882001,14999,1749,1400,0,0.5247975239331091,0.5247975239331091
16,298,1,10000000,172.68560246876402,1505159.1938610973,9000000000,897645,899445,891001,8444,6644,1800,0,1.9931446535593849,1.9931446535593849
16,299,0,5000000,153.10664681848402,0,9000000000,894001,903001,894001,9000,0,9000,0.8999999999999999,0,0.8999999999999999
16,300,1,10000000,132.6800557732774,4237451.979137674,5000000000,902645,903645,897001,6644,2360,1000,0,0.7079726247683645,0.7079726247683645
16,296,1,6000000,171.53141111761423,1545645.9059319743,8000000000,902800,904400,885001,19399,3882,1600,0,1.1645616845953204,1.1645616845953204
16,301,1,7000000,118.77198491226792,6495171.762801303,7000000000,903645,905045,900001,5044,1078,1400,0,0.32331708485785926,0.32331708485785926
16,302,1,3000000,113.51445370524405,7717928.507569426,5000000000,906845,907845,903001,4844,389,1000,0,0.11661160104260064,0.11661160104260064
16,297,1,9000000,171.53141111761423,1545645.9059319743,2000000000,911000,911400,888001,23399,5823,400,0,1.7468425268929806,1.7468425268929806
16,303,0,4000000,117.73989680647762,0,9000000000,906001,915001,906001,9000,0,9000,0.8999999999999999,0,0.8999999999999999
16,306,1,5000000,99.14544568461024,12793069.2913467,4000000000,915392,916192,915001,1191,391,800,0,0.11725098690856055,0.11725098690856055
16,307,1,9000000,102.60162279418391,11275701.991139503,4000000000,918799,919599,918001,1598,798,800,0,0.23945294067914105,0.23945294067914105
16,304,0,3000000,112.23575945303708,0,5000000000,915001,920001,909001,11000,0,5000,0.49999999999999994,0,0.49999999999999994
16,308,1,5000000,112.77136161277828,7912501.5954111265,9000000000,922470,924270,921001,3269,632,1800,0,0.18957342149162137,0.18957342149162137
16,309,1,5000000,128.0203362751403,4867380.507982129,4000000000,925670,926470,924001,2469,1027,800,0,0.30817397520907097,0.30817397520907097
16,305,0,7000000,103.14485202859132,0,8000000000,920001,928001,912001,16000,0,8000,0.7999999999999999,0,0.7999999999999999
16,310,1,6000000,146.73461486643157,2860074.7229512623,6000000000,929099,930299,927001,3298,2098,1200,0,0.6293541862929409,0.6293541862929409
16,311,0,3000000,167.7581953288721,0,9000000000,930001,939001,930001,9000,0,9000,0.8999999999999999,0,0.8999999999999999
16,312,0,7000000,181.12108491282842,0,5000000000,939001,944001,933001,11000,0,5000,0.49999999999999994,0,0.49999999999999994
16,313,1,8000000,183.4969127805697,1183216.0815053205,3000000000,943966,944566,936001,8565,6761,600,0,2.02836999725921,2.02836999725921
16,315,1,4000000,166.94917669758064,1720361.0186060346,8000000000,944566,946166,942001,4165,2325,1600,0,0.697528011284707,0.697528011284707
16,314,1,9000000,179.15371528383105,1301127.5355938475,8000000000,948166,949766,939001,10765,6917,1600,0,2.0751232497494514,2.0751232497494514
16,317,1,4000000,151.04880601977626,2552525.5798559273,3000000000,952166,952766,948001,4765,1567,600,0,0.4701226148212516,0.4701226148212516
16,316,0,2000000,156.79902072398284,0,10000000000,945001,955001,945001,10000,0,10000,0.9999999999999999,0,0.9999999999999999
16,318,1,4000000,151.22299296072669,2540989.694395109,5000000000,959366,960366,951001,9365,1574,1000,0,0.47225693305523775,0.47225693305523775
16,320,1,3000000,149.73039838322742,2641973.687384162,2000000000,960766,961166,957001,4165,1136,400,0,0.3406544146513044,0.3406544146513044
16,319,0,10000000,152.1466953305263,0,7000000000,955001,962001,954001,8000,0,7000,0.7,0,0.7
16,321,1,5000000,152.2997373602463,2471093.7879947317,4000000000,969566,970366,960001,10365,2023,800,0,0.6070186438440426,0.6070186438440426
16,322,1,4000000,158.56896449179453,2108197.489676538,8000000000,971766,973366,963001,10365,1897,1600,0,0.5692066354675893,0.5692066354675893
16,325,0,10000000,181.28123399844785,0,3000000000,972001,975001,972001,3000,0,3000,0.3,0,0.3
16,323,1,7000000,168.08178872203854,1674986.0846837943,9000000000,973766,975566,966001,9565,4179,1800,0,1.2537417589331439,1.2537417589331439
16,324,1,7000000,180.13389964135013,1273284.3626248862,10000000000,978766,980766,969001,11765,5498,2000,0,1.6492780887301817,1.6492780887301817
16,327,0,6000000,210.87474054518714,0,7000000000,978001,985001,978001,7000,0,7000,0.7,0,0.7
16,326,1,5000000,194.61117799345442,936810.0865550454,5000000000,985166,986166,975001,11165,5337,1000,0,1.6011783194136888,1.6011783194136888
16,330,1,3000000,192.33514629417058,981641.2977975546,6000000000,990766,991966,987001,4965,3056,1200,0,0.9168318427711548,0.9168318427711548
16,328,0,2000000,219.8231637020994,0,9000000000,985001,994001,981001,13000,0,9000,0.8999999999999999,0,0.8999999999999999
16,331,1,4000000,182.27210976998097,1215072.151698789,5000000000,994766,995766,990001,5765,3292,1000,0,0.9875956734933669,0.9875956734933669
16,329,1,8000000,203.58690061003435,783045.7869915324,3000000000,996166,996766,984001,12765,10217,600,0,3.0649548722058992,3.0649548722058992
17,1,0,6000000,103.66855887876517,0,6000000000,1,6001,1,6000,0,6000,0.6,0,0.6
17,2,0,4000000,98.94601053099615,0,8000000000,6001,14001,3001,11000,0,8000,0.7999999999999999,0,0.7999999999999999
17,3,0,2000000,90.80204678309843,0,3000000000,14001,17001,6001,11000,0,3000,0.3,0,0.3
17,6,1,10000000,103.61639349060552,10871617.093602996,3000000000,16917,17517,15001,2516,920,600,0,0.2759479085926637,0.2759479085926637
17,7,1,7000000,118.49459607931495,6553514.176861066,2000000000,19517,19917,18001,1916,1068,400,0,0.3204387666413558,0.3204387666413558
17,4,0,10000000,88.5374186431929,0,7000000000,17001,24001,9001,15000,0,7000,0.7,0,0.7
17,9,1,5000000,154.34239987767458,2344913.3834185014,3000000000,27397,27997,24001,3996,2132,600,0,0.6396824763792531,0.6396824763792531
17,5,0,9000000,93.11356775465113,0,5000000000,24001,29001,12001,17000,0,5000,0.49999999999999994,0,0.49999999999999994
17,10,1,2000000,161.09168072870804,1980963.2740068203,7000000000,30197,31597,27001,4596,1010,1400,0,0.302882949862267,0.302882949862267
17,8,0,7000000,136.30680577285932,0,7000000000,29001,36001,21001,15000,0,7000,0.7,0,0.7
17,11,1,7000000,162.54001968746033,1912209.81100208,3000000000,39997,40597,30001,10596,3661,600,0,1.0982058495450924,1.0982058495450924
17,12,0,6000000,169.71833872625547,0,10000000000,36001,46001,33001,13000,0,10000,0.9999999999999999,0,0.9999999999999999
17,14,1,2000000,173.91563155737322,1463451.9418703753,8000000000,46797,48397,39001,9396,1367,1600,0,0.4099895478857787,0.4099895478857787
17,13,0,10000000,173.91563155737322,0,8000000000,46001,54001,36001,18000,0,8000,0.7999999999999999,0,0.7999999999999999
17,15,0,6000000,173.91563155737322,0,4000000000,54001,58001,42001,16000,0,4000,0.39999999999999997,0,0.39999999999999997
17,20,1,2000000,177.097679544369,1362033.3815201754,8000000000,62197,63797,57001,6796,1468,1600,0,0.44051783762475455,0.44051783762475455
17,16,0,3000000,173.91563155737322,0,6000000000,58001,64001,45001,19000,0,6000,0.6,0,0.6
17,17,0,2000000,173.91563155737322,0,7000000000,64001,71001,48001,23000,0,7000,0.7,0,0.7
17,18,0,3000000,173.91563155737322,0,3000000000,71001,74001,51001,23000,0,3000,0.3,0,0.3
17,24,1,9000000,169.5022701912868,1620158.2911901595,2000000000,75258,75658,69001,6657,5555,400,0,1.666503831558702,1.666503831558702
17,25,1,9000000,153.67592003954294,2385187.980066693,10000000000,76858,78858,72001,6857,3773,2000,0,1.131986251215514,1.131986251215514
17,19,0,10000000,173.91563155737322,0,9000000000,74001,83001,54001,29000,0,9000,0.8999999999999999,0,0.8999999999999999
17,27,1,7000000,149.80448925182446,2636845.1596287237,7000000000,83258,84658,78001,6657,2655,1400,0,0.7964062631177352,0.7964062631177352
17,21,0,9000000,187.94336593772073,0,4000000000,83001,87001,60001,27000,0,4000,0.39999999999999997,0,0.39999999999999997
17,22,0,9000000,205.87051173006785,0,8000000000,87001,95001,63001,32000,0,8000,0.7999999999999999,0,0.7999999999999999
17,31,1,2000000,139.1922734924608,3516072.9340774105,2000000000,98258,98658,90001,8657,569,400,0,0.17064492439416226,0.17064492439416226
17,34,1,4000000,163.0723183130724,1887686.7974070811,3000000000,102439,103039,99001,4038,2119,600,0,0.6356986771578395,0.6356986771578395
17,23,0,10000000,189.12936789404228,0,10000000000,95001,105001,66001,39000,0,10000,0.9999999999999999,0,0.9999999999999999
17,36,1,6000000,118.04946802082587,6648475.376905475,8000000000,105903,107503,105001,2502,902,1600,0,0.27073876309335265,0.27073876309335265
17,33,1,4000000,157.54494787202793,2162724.3839106457,10000000000,107458,109458,96001,13457,1850,2000,0,0.5548557222211348,0.5548557222211348
17,26,0,8000000,149.80448925182446,0,5000000000,105001,110001,75001,35000,0,5000,0.49999999999999994,0,0.49999999999999994
17,28,0,7000000,149.80448925182446,0,8000000000,110001,118001,81001,37000,0,8000,0.7999999999999999,0,0.7999999999999999
17,40,1,6000000,108.47103576531384,9162557.310506733,7000000000,122298,123698,117001,6697,655,1400,0,0.19645170436597809,0.19645170436597809
17,29,0,4000000,146.42542163162787,0,7000000000,118001,125001,84001,41000,0,7000,0.7,0,0.7
17,41,1,2000000,126.18959148836325,5145986.319657766,5000000000,124498,125498,120001,5497,389,1000,0,0.116595723876682,0.116595723876682
17,30,0,2000000,140.2081374243307,0,10000000000,125001,135001,87001,48000,0,10000,0.9999999999999999,0,0.9999999999999999
17,43,1,10000000,160.05514362244034,2032056.6615616116,10000000000,134298,136298,126001,10297,4921,2000,0,1.4763367856556397,1.4763367856556397
17,45,1,8000000,162.13326031385418,1931215.9611156448,8000000000,138698,140298,132001,8297,4142,1600,0,1.2427403502887078,1.2427403502887078
17,32,0,8000000,145.33363822597983,0,10000000000,135001,145001,93001,52000,0,10000,0.9999999999999999,0,0.9999999999999999
17,47,1,4000000,188.47223933513393,1064018.7958577892,5000000000,145698,146698,138001,8697,3759,1000,0,1.1277996259761423,1.1277996259761423
17,35,0,10000000,138.88401239883584,0,4000000000,145001,149001,102001,47000,0,4000,0.39999999999999997,0,0.39999999999999997
17,37,0,5000000,102.55606320447363,0,5000000000,149001,154001,108001,46000,0,5000,0.49999999999999994,0,0.49999999999999994
17,38,0,7000000,95.05248707950787,0,5000000000,154001,159001,111001,48000,0,5000,0.49999999999999994,0,0.49999999999999994
17,39,0,4000000,97.17458515476154,0,3000000000,159001,162001,114001,48000,0,3000,0.3,0,0.3
17,42,0,10000000,140.4415640043929,0,8000000000,162001,170001,123001,47000,0,8000,0.7999999999999999,0,0.7999999999999999
17,44,0,8000000,161.21908478837116,0,8000000000,170001,178001,129001,49000,0,8000,0.7999999999999999,0,0.7999999999999999
17,46,0,9000000,174.03324395068893,0,3000000000,178001,181001,135001,46000,0,3000,0.3,0,0.3
17,58,1,10000000,199.43854441907663,849862.329969244,10000000000,182768,184768,171001,13767,11767,2000,0,3.5299834975725637,3.5299834975725637
17,48,0,5000000,196.42123332267317,0,6000000000,181001,187001,141001,46000,0,6000,0.6,0,0.6
17,49,0,10000000,160.9453748947139,0,4000000000,187001,191001,144001,47000,0,4000,0.39999999999999997,0,0.39999999999999997
17,62,1,6000000,196.3326557147333,904585.7264834885,9000000000,189634,191434,183001,8433,6633,1800,0,1.9898611566615911,1.9898611566615911
17,50,0,2000000,160.11538464494907,0,6000000000,191001,197001,147001,50000,0,6000,0.6,0,0.6
17,65,1,7000000,213.15401239479408,652239.1325711231,6000000000,202733,203933,192001,11932,10732,1200,0,3.2196780216510645,3.2196780216510645
17,51,0,9000000,172.37909531030732,0,10000000000,197001,207001,150001,57000,0,10000,0.9999999999999999,0,0.9999999999999999
17,67,1,4000000,218.63697217076532,589488.9261719444,3000000000,206533,207133,198001,9132,6786,600,0,2.0356616498169458,2.0356616498169458
17,66,1,6000000,218.5219615965407,590725.8533053545,2000000000,207133,207533,195001,12532,10157,400,0,3.0470987344269065,3.0470987344269065
17,52,0,8000000,187.65303221637532,0,9000000000,207001,216001,153001,63000,0,9000,0.8999999999999999,0,0.8999999999999999
17,71,1,10000000,184.66730111202688,1153740.3284366007,2000000000,222440,222840,210001,12839,8667,400,0,2.6002384817953024,2.6002384817953024
17,53,0,5000000,205.29722964521466,0,8000000000,216001,224001,156001,68000,0,8000,0.7999999999999999,0,0.7999999999999999
17,73,1,9000000,191.85473098154242,991443.1208194452,8000000000,225440,227040,216001,11039,9078,1600,0,2.7233029745250565,2.7233029745250565
17,54,0,8000000,225.72658527519525,0,7000000000,224001,231001,159001,72000,0,7000,0.7,0,0.7
17,74,1,9000000,202.81236895219192,795010.1017592186,2000000000,232212,232612,219001,13611,11321,400,0,3.396183261099917,3.396183261099917
17,75,1,7000000,216.5588114115887,612347.1855761909,6000000000,235293,236493,222001,14492,11431,1200,0,3.4294270463968823,3.4294270463968823
17,55,0,4000000,247.40474247677636,0,7000000000,231001,238001,162001,76000,0,7000,0.7,0,0.7
17,76,1,4000000,231.71368647535695,467660.30662408285,9000000000,236493,238293,225001,13292,8553,1800,0,2.5659650455743943,2.5659650455743943
17,56,0,6000000,230.87062914108418,0,6000000000,238001,244001,165001,79000,0,6000,0.6,0,0.6
17,57,0,4000000,214.58242845116652,0,6000000000,244001,250001,168001,82000,0,6000,0.6,0,0.6
17,83,1,5000000,180.15507347837863,1272691.114524291,5000000000,249930,250930,246001,4929,3929,1000,0,1.1786049127565985,1.1786049127565985
17,59,0,10000000,187.57409202765717,0,10000000000,250001,260001,174001,86000,0,10000,0.9999999999999999,0,0.9999999999999999
17,86,1,10000000,182.47427928341025,1209741.0410415377,10000000000,263267,265267,255001,10266,8266,2000,0,2.4798695739189953,2.4798695739189953
17,60,0,10000000,181.1813881169917,0,8000000000,260001,268001,177001,91000,0,8000,0.7999999999999999,0,0.7999999999999999
17,88,1,5000000,175.43524161353665,1413888.8720876405,5000000000,268067,269067,261001,8066,3536,1000,0,1.0609037454161545,1.0609037454161545
17,89,1,10000000,179.52555166326604,1290476.8608563251,3000000000,271750,272350,264001,8349,7749,600,0,2.324722039579448,2.324722039579448
17,61,0,2000000,183.3121496246226,0,7000000000,268001,275001,180001,95000,0,7000,0.7,0,0.7
17,90,1,10000000,185.7283535166346,1127803.7377100657,3000000000,277812,278412,267001,11411,8867,600,0,2.660037291675687,2.660037291675687
17,63,0,8000000,214.6300034943857,0,9000000000,275001,284001,186001,98000,0,9000,0.8999999999999999,0,0.8999999999999999
17,95,1,6000000,200.07968537560222,839084.0947120572,10000000000,290758,292758,282001,10757,7151,2000,0,2.14519618634613,2.14519618634613
17,64,0,9000000,209.25773008421933,0,10000000000,284001,294001,189001,105000,0,10000,0.9999999999999999,0,0.9999999999999999
17,68,0,5000000,219.70079858753354,0,8000000000,294001,302001,201001,101000,0,8000,0.7999999999999999,0,0.7999999999999999
17,69,0,4000000,208.51879363740815,0,6000000000,302001,308001,204001,104000,0,6000,0.6,0,0.6
17,70,0,6000000,192.93165551562552,0,9000000000,308001,317001,207001,110000,0,9000,0.8999999999999999,0,0.8999999999999999
17,72,0,8000000,185.2630697143929,0,7000000000,317001,324001,213001,111000,0,7000,0.7,0,0.7
17,77,0,2000000,238.2226162647031,0,4000000000,324001,328001,228001,100000,0,4000,0.39999999999999997,0,0.39999999999999997
17,78,0,7000000,219.19826755702243,0,2000000000,328001,330001,231001,99000,0,2000,0.19999999999999998,0,0.19999999999999998
17,79,0,8000000,202.9120405495938,0,2000000000,330001,332001,234001,98000,0,2000,0.19999999999999998,0,0.19999999999999998
17,80,0,4000000,190.10773419300963,0,9000000000,332001,341001,237001,104000,0,9000,0.8999999999999999,0,0.8999999999999999
17,104,1,4000000,68.74232466246687,43972029.7801374,5000000000,340258,341258,309001,32257,91,1000,0,0.02729007521372261,0.02729007521372261
17,109,1,4000000,135.92794341120592,3856989.0313492636,3000000000,344258,344858,324001,20857,1037,600,0,0.31112351895390594,0.31112351895390594
17,81,0,9000000,181.87628240097715,0,7000000000,341001,348001,240001,108000,0,7000,0.7,0,0.7
17,111,1,10000000,136.7228561726239,3770352.86616931,10000000000,350658,352658,330001,22657,2652,2000,0,0.7956814936125618,0.7956814936125618
17,112,1,3000000,137.76203903833596,3660675.5110869124,3000000000,352658,353258,333001,20257,820,600,0,0.24585626266906563,0.24585626266906563
17,116,1,2000000,198.65311701556558,863302.2827699375,5000000000,352567,353567,345001,8566,2317,1000,0,0.6950056914883599,0.6950056914883599
17,113,1,5000000,151.5678518024189,2518340.322327621,7000000000,353258,354658,336001,18657,1985,1400,0,0.5956303787462682,0.5956303787462682
17,82,0,5000000,178.4807222083102,0,10000000000,348001,358001,243001,115000,0,10000,0.9999999999999999,0,0.9999999999999999
17,117,1,6000000,192.75453820857243,973182.9725683441,6000000000,362567,363767,348001,15766,6165,1200,0,1.849600795264213,1.849600795264213
17,122,1,2000000,205.03320145771514,761299.0527451234,5000000000,365657,366657,363001,3656,2627,1000,0,0.7881265553089754,0.7881265553089754
17,84,0,3000000,186.76302899664057,0,9000000000,358001,367001,249001,118000,0,9000,0.8999999999999999,0,0.8999999999999999
17,123,1,7000000,189.6862211653762,1037233.537383902,6000000000,373204,374404,366001,8403,6749,1200,0,2.0246163706744333,2.0246163706744333
17,85,0,3000000,188.44345703685227,0,10000000000,367001,377001,252001,125000,0,10000,0.9999999999999999,0,0.9999999999999999
17,120,1,6000000,235.8797341867249,435583.47952369694,5000000000,382367,383367,357001,26366,13775,1000,0,4.132388129063731,4.132388129063731
17,129,1,4000000,138.44069921811288,3591164.8959188247,8000000000,385115,386715,384001,2714,1114,1600,0,0.33415341115740427,0.33415341115740427
17,87,0,4000000,176.49283413215392,0,10000000000,377001,387001,258001,129000,0,10000,0.9999999999999999,0,0.9999999999999999
17,91,0,4000000,181.11725483785364,0,3000000000,387001,390001,270001,120000,0,3000,0.3,0,0.3
17,92,0,3000000,175.79171368412108,0,8000000000,390001,398001,273001,125000,0,8000,0.7999999999999999,0,0.7999999999999999
17,93,0,4000000,176.34032777558284,0,4000000000,398001,402001,276001,126000,0,4000,0.39999999999999997,0,0.39999999999999997
17,137,1,8000000,7.873531609131957,612631968.4574121,3000000000,409742,410342,408001,2341,13,600,0,0.0039175232824416985,0.0039175232824416985
17,94,0,5000000,183.28372568234198,0,9000000000,402001,411001,279001,132000,0,9000,0.8999999999999999,0,0.8999999999999999
17,96,0,6000000,212.04381622674123,0,5000000000,411001,416001,285001,131000,0,5000,0.49999999999999994,0,0.49999999999999994
17,97,0,3000000,186.2848477466699,0,9000000000,416001,425001,288001,137000,0,9000,0.8999999999999999,0,0.8999999999999999
17,98,0,2000000,163.42302652931127,0,3000000000,425001,428001,291001,137000,0,3000,0.3,0,0.3
17,144,1,6000000,18.837157428869133,361400270.44238436,2000000000,429018,429418,429001,417,17,400,0,0.004980627152814934,0.004980627152814934
17,99,0,8000000,138.99745105576577,0,5000000000,428001,433001,294001,139000,0,5000,0.49999999999999994,0,0.49999999999999994
17,147,1,8000000,74.30963329205713,34573272.8600827,2000000000,438232,438632,438001,631,231,400,0,0.06941778435940239,0.06941778435940239
17,148,1,5000000,104.99373790850576,10350506.24384522,7000000000,441484,442884,441001,1883,483,1400,0,0.14492044781789812,0.14492044781789812
17,100,0,4000000,115.92133367072685,0,10000000000,433001,443001,297001,146000,0,10000,0.9999999999999999,0,0.9999999999999999
17,101,0,3000000,95.0513292910731,0,10000000000,443001,453001,300001,153000,0,10000,0.9999999999999999,0,0.9999999999999999
17,150,1,9000000,166.46017932226317,1740422.3648316164,5000000000,452217,453217,447001,6216,5171,1000,0,1.5513475662910259,1.5513475662910259
17,154,1,9000000,67.60103697429498,46217045.50411039,9000000000,459196,460996,459001,1995,195,1800,0,0.05842000436310606,0.05842000436310606
17,102,0,7000000,82.03048457738136,0,8000000000,453001,461001,303001,158000,0,8000,0.7999999999999999,0,0.7999999999999999
17,103,0,3000000,71.29446682597467,0,9000000000,461001,470001,306001,164000,0,9000,0.8999999999999999,0,0.8999999999999999
17,105,0,6000000,76.6537148480098,0,7000000000,470001,477001,312001,165000,0,7000,0.7,0,0.7
17,158,1,6000000,173.74658816794073,1469097.919357843,3000000000,476920,477520,471001,6519,4084,600,0,1.225241678095084,1.225241678095084
17,159,1,6000000,174.0341161956471,1459510.6694019756,7000000000,479120,480520,474001,6519,4111,1400,0,1.233290059289212,1.233290059289212
17,106,0,10000000,88.09086331737245,0,9000000000,477001,486001,315001,171000,0,9000,0.8999999999999999,0,0.8999999999999999
17,107,0,5000000,95.72886137419582,0,5000000000,486001,491001,318001,173000,0,5000,0.49999999999999994,0,0.49999999999999994
17,108,0,10000000,116.60578802100689,0,3000000000,491001,494001,321001,173000,0,3000,0.3,0,0.3
17,110,0,6000000,136.7228561726239,0,6000000000,494001,500001,327001,173000,0,6000,0.6,0,0.6
17,114,0,6000000,179.67966523788942,0,4000000000,500001,504001,339001,165000,0,4000,0.39999999999999997,0,0.39999999999999997
17,115,0,7000000,211.78295021082315,0,9000000000,504001,513001,342001,171000,0,9000,0.8999999999999999,0,0.8999999999999999
17,118,0,7000000,199.2805911271843,0,5000000000,513001,518001,351001,167000,0,5000,0.49999999999999994,0,0.49999999999999994
17,119,0,10000000,214.21220996945993,0,4000000000,518001,522001,354001,168000,0,4000,0.39999999999999997,0,0.39999999999999997
17,121,0,7000000,224.60143120648186,0,2000000000,522001,524001,360001,164000,0,2000,0.19999999999999998,0,0.19999999999999998
17,124,0,5000000,179.688711387221,0,2000000000,524001,526001,369001,157000,0,2000,0.19999999999999998,0,0.19999999999999998
17,125,0,9000000,175.95873749262924,0,4000000000,526001,530001,372001,158000,0,4000,0.39999999999999997,0,0.39999999999999997
17,126,0,6000000,178.80427120178086,0,3000000000,530001,533001,375001,158000,0,3000,0.3,0,0.3
17,163,1,8000000,190.4218992132995,1021409.4437417471,10000000000,534627,536627,486001,50626,7832,2000,0,2.3496943509823427,2.3496943509823427
17,166,1,4000000,101.95330941171062,11543261.648790028,2000000000,536627,537027,495001,42026,347,400,0,0.10395675299673943,0.10395675299673943
17,127,0,8000000,184.95747619385384,0,6000000000,533001,539001,378001,161000,0,6000,0.6,0,0.6
17,167,1,9000000,80.20234223512425,26959755.532923795,3000000000,539827,540427,498001,42426,334,600,0,0.10014927608311232,0.10014927608311232
17,178,1,7000000,216.11231616916243,617401.7465840962,4000000000,542339,543139,531001,12138,11338,800,0,3.4013509220190703,3.4013509220190703
17,128,0,6000000,163.02090694141043,0,5000000000,539001,544001,381001,163000,0,5000,0.49999999999999994,0,0.49999999999999994
17,170,1,6000000,65.73498992165432,50150879.09734188,5000000000,543227,544227,507001,37226,120,1000,0,0.035891693872528836,0.035891693872528836
17,171,1,4000000,75.87640278769148,32339679.859912608,9000000000,547027,548827,510001,38826,124,1800,0,0.03710611871230944,0.03710611871230944
17,130,0,4000000,115.58505785783908,0,7000000000,544001,551001,387001,164000,0,7000,0.7,0,0.7
17,184,1,2000000,196.946994899643,893420.9666836825,2000000000,551240,551640,549001,2639,2239,400,0,0.6715759114397761,0.6715759114397761
17,172,1,3000000,88.85854151402668,18967143.639926005,5000000000,551027,552027,513001,39026,158,1000,0,0.0474504763123896,0.0474504763123896
17,182,1,4000000,238.88272269044492,414151.7840007689,6000000000,552659,553859,543001,10858,9658,1200,0,2.8974884241903256,2.8974884241903256
17,185,1,5000000,176.1815486933862,1390311.5966774558,3000000000,555597,556197,552001,4196,3596,600,0,1.0788948344994573,1.0788948344994573
17,186,1,5000000,161.1089510238335,1980125.5527285843,5000000000,557526,558526,555001,3525,2525,1000,0,0.7575277223876141,0.7575277223876141
17,131,0,9000000,104.04015042280555,0,9000000000,551001,560001,390001,170000,0,9000,0.8999999999999999,0,0.8999999999999999
17,183,1,10000000,218.73761496368203,588409.1716637283,4000000000,562996,563796,546001,17795,16995,800,0,5.0984929271538935,5.0984929271538935
17,132,0,2000000,86.87099631062138,0,6000000000,560001,566001,393001,173000,0,6000,0.6,0,0.6
17,190,1,6000000,139.07305166710046,3527854.747881115,8000000000,568702,570302,567001,3301,1701,1600,0,0.5102250882299245,0.5102250882299245
17,133,0,7000000,72.14051011740908,0,5000000000,566001,571001,396001,175000,0,5000,0.49999999999999994,0,0.49999999999999994
17,191,1,6000000,141.80367061539692,3269759.331924042,4000000000,571836,572636,570001,2635,1835,800,0,0.5504992316791757,0.5504992316791757
17,192,1,7000000,135.0351006220235,3957238.214257519,5000000000,574770,575770,573001,2769,1769,1000,0,0.5306731326999516,0.5306731326999516
17,134,0,2000000,68.37237015052207,0,5000000000,571001,576001,399001,177000,0,5000,0.49999999999999994,0,0.49999999999999994
17,135,0,7000000,57.32454448139991,0,2000000000,576001,578001,402001,176000,0,2000,0.19999999999999998,0,0.19999999999999998
17,193,1,9000000,133.59009581552073,4126367.9626084697,3000000000,579770,580370,576001,4369,2181,600,0,0.6543284613651382,0.6543284613651382
17,194,1,7000000,114.1814560250481,7548194.092120388,8000000000,580370,581970,579001,2969,927,1600,0,0.2782122418118798,0.2782122418118798
17,136,0,9000000,34.43376540548541,0,4000000000,578001,582001,405001,177000,0,4000,0.39999999999999997,0,0.39999999999999997
17,195,1,2000000,90.21436969795882,17980160.806850027,5000000000,582112,583112,582001,1111,111,1000,0,0.03337011311775442,0.03337011311775442
17,196,1,5000000,66.23959616422798,49053772.918663144,4000000000,585103,585903,585001,902,102,800,0,0.03057868764727179,0.03057868764727179
17,138,0,6000000,21.110187114282077,0,4000000000,582001,586001,411001,175000,0,4000,0.39999999999999997,0,0.39999999999999997
17,197,1,9000000,42.281686342907385,138980589.99055466,4000000000,588066,588866,588001,865,65,800,0,0.01942717324903784,0.01942717324903784
17,139,0,3000000,48.337452353221884,0,3000000000,586001,589001,414001,175000,0,3000,0.3,0,0.3
17,198,1,6000000,18.547573965346572,365841508.22143275,7000000000,591017,592417,591001,1416,16,1400,0,0.004920163402864922,0.004920163402864922
17,140,0,7000000,75.72571822043024,0,10000000000,589001,599001,417001,182000,0,10000,0.9999999999999999,0,0.9999999999999999
17,199,1,3000000,5.137256076934495,735822444.6231385,4000000000,598217,599017,594001,5016,4,800,0,0.001223121157252749,0.001223121157252749
17,141,0,5000000,103.14566108179253,0,2000000000,599001,601001,420001,181000,0,2000,0.19999999999999998,0,0.19999999999999998
17,142,0,2000000,130.57795564336269,0,2000000000,601001,603001,423001,180000,0,2000,0.19999999999999998,0,0.19999999999999998
17,201,1,10000000,52.79217555661064,88571481.45299114,4000000000,603017,603817,600001,3816,113,800,0,0.03387094751928965,0.03387094751928965
17,143,0,3000000,43.77337661181741,0,2000000000,603001,605001,426001,179000,0,2000,0.19999999999999998,0,0.19999999999999998
17,145,0,3000000,13.03512945850557,0,4000000000,605001,609001,432001,177000,0,4000,0.39999999999999997,0,0.39999999999999997
17,146,0,10000000,43.779456369397685,0,7000000000,609001,616001,435001,181000,0,7000,0.7,0,0.7
17,208,1,4000000,139.83374449681298,3453506.6666176976,4000000000,622931,623731,621001,2730,1158,800,0,0.3474729067702245,0.3474729067702245
17,149,0,8000000,135.71428001503745,0,10000000000,616001,626001,444001,182000,0,10000,0.9999999999999999,0,0.9999999999999999
17,209,1,8000000,128.8039913977823,4753785.946736493,10000000000,625731,627731,624001,3730,1683,2000,0,0.5048607629562321,0.5048607629562321
17,210,1,8000000,125.47642208797639,5259780.106706049,7000000000,628522,629922,627001,2921,1521,1400,0,0.4562928394934377,0.4562928394934377
17,211,1,8000000,128.30866689355017,4825202.801168263,4000000000,633322,634122,630001,4121,1658,800,0,0.49738842052792465,0.49738842052792465
17,151,0,4000000,136.0477658765479,0,10000000000,626001,636001,450001,186000,0,10000,0.9999999999999999,0,0.9999999999999999
17,152,0,7000000,105.29743824044346,0,3000000000,636001,639001,453001,186000,0,3000,0.3,0,0.3
17,213,1,5000000,149.27762725874226,2673583.6391996522,5000000000,638722,639722,636001,3721,1870,1000,0,0.5610447258904647,0.5610447258904647
17,214,1,4000000,151.95771418391368,2493035.1927748253,2000000000,641461,641861,639001,2860,1604,400,0,0.4813409788509094,0.4813409788509094
17,153,0,9000000,77.07545653448966,0,4000000000,639001,643001,456001,187000,0,4000,0.39999999999999997,0,0.39999999999999997
17,155,0,8000000,87.68524676363747,0,5000000000,643001,648001,462001,186000,0,5000,0.49999999999999994,0,0.49999999999999994
17,216,1,10000000,161.33376398014147,1969260.633720486,5000000000,651422,652422,645001,7421,5078,1000,0,1.5234143965657598,1.5234143965657598
17,156,0,6000000,117.47262532181698,0,8000000000,648001,656001,465001,191000,0,8000,0.7999999999999999,0,0.7999999999999999
17,217,1,10000000,173.49721179315816,1477476.4842649563,9000000000,654859,656659,648001,8658,6768,1800,0,2.030489169844553,2.030489169844553
17,219,1,5000000,184.03575549332797,1169530.5945586492,6000000000,658487,659687,654001,5686,4275,1200,0,1.2825658490499443,1.2825658490499443
17,157,0,4000000,151.1565023411166,0,8000000000,656001,664001,468001,196000,0,8000,0.7999999999999999,0,0.7999999999999999
17,220,1,6000000,188.83403189044074,1055947.0857549745,8000000000,664287,665887,657001,8886,5682,1600,0,1.7046308705071591,1.7046308705071591
17,160,0,9000000,174.0341161956471,0,6000000000,664001,670001,477001,193000,0,6000,0.6,0,0.6
17,161,0,7000000,183.13476158283,0,2000000000,670001,672001,480001,192000,0,2000,0.19999999999999998,0,0.19999999999999998
17,221,1,8000000,200.80733851132032,827056.9713807998,3000000000,671887,672487,660001,12486,9673,600,0,2.901855716170457,2.901855716170457
17,162,0,7000000,209.14630501158751,0,7000000000,672001,679001,483001,196000,0,7000,0.7,0,0.7
17,225,1,6000000,207.11000458693445,731371.4357025541,8000000000,680205,681805,672001,9804,8204,1600,0,2.4611297517668613,2.4611297517668613
17,227,1,9000000,180.98126007960047,1249809.0139114095,5000000000,685202,686202,678001,8201,7201,1000,0,2.1603300743927782,2.1603300743927782
17,164,0,8000000,156.50092811226392,0,9000000000,679001,688001,489001,199000,0,9000,0.8999999999999999,0,0.8999999999999999
17,229,1,5000000,183.56538589832232,1181465.9984452634,9000000000,688233,690033,684001,6032,4232,1800,0,1.2696091144170951,1.2696091144170951
17,165,0,2000000,127.13876277516623,0,5000000000,688001,693001,492001,201000,0,5000,0.49999999999999994,0,0.49999999999999994
17,168,0,9000000,77.92080915904305,0,2000000000,693001,695001,501001,194000,0,2000,0.19999999999999998,0,0.19999999999999998
17,230,1,8000000,195.62474511165507,917667.3429212539,4000000000,695920,696720,687001,9719,8718,800,0,2.6153268049835647,2.6153268049835647
17,169,0,5000000,68.77052929853016,0,9000000000,695001,704001,504001,200000,0,9000,0.8999999999999999,0,0.8999999999999999
17,233,1,4000000,230.39846570669692,478394.9389957862,6000000000,704436,705636,696001,9635,8361,1200,0,2.508387740302934,2.508387740302934
17,173,0,9000000,109.62088304698152,0,5000000000,704001,709001,516001,193000,0,5000,0.49999999999999994,0,0.49999999999999994
17,232,1,7000000,236.0154083952995,434585.7650878945,6000000000,709108,710308,693001,17307,16107,1200,0,4.832187726110351,4.832187726110351
17,236,1,9000000,182.99389716599836,1196171.851404583,9000000000,712525,714325,705001,9324,7524,1800,0,2.257200749900254,2.257200749900254
17,237,1,6000000,179.78291381552364,1283168.5521063653,8000000000,714325,715925,708001,7924,4676,1600,0,1.4027775205722102,1.4027775205722102
17,174,0,7000000,135.5931727632332,0,10000000000,709001,719001,519001,200000,0,10000,0.9999999999999999,0,0.9999999999999999
17,238,1,6000000,184.1102954752938,1167652.9698032518,8000000000,717525,719125,711001,8124,5139,1600,0,1.5415539090379722,1.5415539090379722
17,239,1,4000000,195.36566842718298,922513.6957110622,3000000000,719125,719725,714001,5724,4336,600,0,1.3007936961575999,1.3007936961575999
17,175,0,5000000,158.69028073577786,0,9000000000,719001,728001,522001,206000,0,9000,0.8999999999999999,0,0.8999999999999999
17,243,1,2000000,225.2369803118484,523612.3083648493,5000000000,730224,731224,726001,5223,3820,1000,0,1.1458859740591207,1.1458859740591207
17,176,0,3000000,167.62957376310428,0,6000000000,728001,734001,525001,209000,0,6000,0.6,0,0.6
17,245,1,2000000,191.5787404698131,997129.2242444276,4000000000,734007,734807,732001,2806,2006,800,0,0.6017274245017226,0.6017274245017226
17,241,1,7000000,230.95678145488603,473800.8952522776,5000000000,735396,736396,720001,16395,14774,1000,0,4.432241519682745,4.432241519682745
17,246,1,3000000,175.05078948693722,1426228.3701033543,9000000000,737104,738904,735001,3903,2103,1800,0,0.6310349863078237,0.6310349863078237
17,177,0,3000000,190.83804442510933,0,5000000000,734001,739001,528001,211000,0,5000,0.49999999999999994,0,0.49999999999999994
17,247,1,10000000,159.38221293481902,2066103.0104429452,8000000000,742841,744441,738001,6440,4840,1600,0,1.452008919611825,1.452008919611825
17,179,0,8000000,191.63345428186594,0,9000000000,739001,748001,534001,214000,0,9000,0.8999999999999999,0,0.8999999999999999
17,249,1,6000000,144.55704756254536,3032686.0823160536,5000000000,750041,751041,744001,7040,1978,1000,0,0.5935332412068661,0.5935332412068661
17,250,1,9000000,155.25345728839665,2291211.62647673,6000000000,752841,754041,747001,7040,3928,1200,0,1.1784158079504323,1.1784158079504323
17,251,1,4000000,153.09286364817925,2421125.650153182,5000000000,754441,755441,750001,5440,1652,1000,0,0.4956372255707081,0.4956372255707081
17,180,0,2000000,199.45639247715278,0,8000000000,748001,756001,537001,219000,0,8000,0.7999999999999999,0,0.7999999999999999
17,254,1,3000000,143.80142210701533,3095573.795346926,3000000000,759970,760570,759001,1569,969,600,0,0.29073769824283435,0.29073769824283435
17,181,0,7000000,220.82139230608973,0,6000000000,756001,762001,540001,222000,0,6000,0.6,0,0.6
17,256,1,4000000,141.28602797162924,3316851.1091877907,10000000000,766207,768207,765001,3206,1206,2000,0,0.36178892585077427,0.36178892585077427
17,257,1,2000000,142.61355650848907,3197723.486892247,7000000000,768626,770026,768001,2025,625,1400,0,0.1876334844020921,0.1876334844020921
17,187,0,4000000,147.47292259937075,0,9000000000,762001,771001,558001,213000,0,9000,0.8999999999999999,0,0.8999999999999999
17,258,1,6000000,149.0150468912452,2692129.8150610286,8000000000,773230,774830,771001,3829,2229,1600,0,0.6686156031295227,0.6686156031295227
17,259,1,10000000,148.91591889385097,2699172.6043998245,4000000000,777706,778506,774001,4505,3705,800,0,1.1114517075009607,1.1114517075009607
17,188,0,6000000,139.20174208680004,0,10000000000,771001,781001,561001,220000,0,10000,0.9999999999999999,0,0.9999999999999999
17,189,0,4000000,137.75369505025986,0,2000000000,781001,783001,564001,219000,0,2000,0.19999999999999998,0,0.19999999999999998
17,200,0,4000000,28.846656652028113,0,2000000000,783001,785001,597001,188000,0,2000,0.19999999999999998,0,0.19999999999999998
17,202,0,8000000,76.76313503238387,0,10000000000,785001,795001,603001,192000,0,10000,0.9999999999999999,0,0.9999999999999999
17,266,1,2000000,232.0547023871742,464926.1806425149,8000000000,799303,800903,795001,5902,4302,1600,0,1.290527453564385,1.290527453564385
17,203,0,5000000,100.72851880177731,0,7000000000,795001,802001,606001,196000,0,7000,0.7,0,0.7
17,265,1,6000000,251.71698432962364,336111.63409673993,3000000000,809852,810452,792001,18451,17851,600,0,5.355363567932678,5.355363567932678
17,204,0,4000000,121.34462987705722,0,10000000000,802001,812001,609001,203000,0,10000,0.9999999999999999,0,0.9999999999999999
17,271,1,5000000,192.4209188212134,979904.0095337478,5000000000,815104,816104,810001,6103,5103,1000,0,1.5307621822199924,1.5307621822199924
17,272,1,3000000,179.8821419707915,1280364.5222074732,6000000000,816104,817304,813001,4303,2343,1200,0,0.702924818979139,0.702924818979139
17,268,1,7000000,230.27883315667552,479386.5424324428,8000000000,817304,818904,801001,17903,14602,1600,0,4.38059856529231,4.38059856529231
17,205,0,4000000,124.56871075836017,0,9000000000,812001,821001,612001,209000,0,9000,0.8999999999999999,0,0.8999999999999999
17,273,1,10000000,173.42179130662905,1480022.152541681,7000000000,822758,824158,816001,8157,6757,1400,0,2.026996687075272,2.026996687075272
17,269,1,10000000,226.39793506125446,512992.2381426661,2000000000,825558,825958,804001,21957,19493,400,0,5.8480416991527315,5.8480416991527315
17,275,1,3000000,180.0301219240825,1276196.9820412667,9000000000,825958,827758,822001,5757,2351,1800,0,0.7052202854769781,0.7052202854769781
17,206,0,5000000,123.03380429784326,0,10000000000,821001,831001,615001,216000,0,10000,0.9999999999999999,0,0.9999999999999999
17,276,1,8000000,180.53076552211257,1262221.9064508276,5000000000,831339,832339,825001,7338,6338,1000,0,1.9014089263815965,1.9014089263815965
17,278,1,5000000,147.5068032329357,2801793.1804776955,4000000000,833539,834339,831001,3338,1785,800,0,0.5353714222918678,0.5353714222918678
17,277,1,10000000,172.1401129893901,1524127.576642586,9000000000,834562,836362,828001,8361,6561,1800,0,1.968339163975059,1.968339163975059
17,279,1,7000000,122.44362172036567,5779457.732395032,4000000000,836762,837562,834001,3561,1211,800,0,0.3633558886033674,0.3633558886033674
17,207,0,6000000,126.44838472673344,0,8000000000,831001,839001,618001,221000,0,8000,0.7999999999999999,0,0.7999999999999999
17,280,1,5000000,108.94906929386778,9012376.63514893,5000000000,838962,839962,837001,2961,555,1000,0,0.16643778447406316,0.16643778447406316
17,281,1,5000000,127.78028212521679,4902841.237249162,4000000000,841021,841821,840001,1820,1020,800,0,0.30594504847593335,0.30594504847593335
17,212,0,10000000,137.66185818882437,0,5000000000,839001,844001,633001,211000,0,5000,0.49999999999999994,0,0.49999999999999994
17,282,1,2000000,149.57673248202747,2652649.726108768,10000000000,843755,845755,843001,2754,754,2000,0,0.2261889287886319,0.2261889287886319
17,215,0,5000000,153.92392828926896,0,5000000000,844001,849001,642001,207000,0,5000,0.49999999999999994,0,0.49999999999999994
17,283,1,6000000,162.07476361235265,1933968.4975307907,4000000000,849103,849903,846001,3902,3102,800,0,0.930728707472828,0.930728707472828
17,285,1,4000000,160.99761892649224,1985533.6026972283,5000000000,854070,855070,852001,3069,2015,1000,0,0.6043715394037512,0.6043715394037512
17,284,1,10000000,170.12675568528306,1596760.3528594305,7000000000,855264,856664,849001,7663,6263,1400,0,1.87880416408617,1.87880416408617
17,218,0,9000000,186.27015434577805,0,9000000000,849001,858001,651001,207000,0,9000,0.8999999999999999,0,0.8999999999999999
17,287,1,4000000,124.50147067404467,5420368.160888264,6000000000,860270,861470,858001,3469,738,1200,0,0.2213871759964271,0.2213871759964271
17,288,1,9000000,127.83948255527321,4894066.846370177,8000000000,863010,864610,861001,3609,1839,1600,0,0.5516884188050131,0.5516884188050131
17,222,0,3000000,217.35932117118875,0,7000000000,858001,865001,663001,202000,0,7000,0.7,0,0.7
17,289,1,3000000,136.8669083452973,3754910.1506149643,10000000000,864800,866800,864001,2799,799,2000,0,0.23968616129272802,0.23968616129272802
17,290,1,4000000,149.89464633535115,2630621.1288652592,6000000000,871000,872200,867001,5199,1521,1200,0,0.45616603122078253,0.45616603122078253
17,223,0,4000000,237.10650644805173,0,9000000000,865001,874001,666001,208000,0,9000,0.8999999999999999,0,0.8999999999999999
17,291,1,10000000,165.9947782311239,1759785.9910907552,2000000000,880800,881200,870001,11199,5683,400,0,1.704752745611148,1.704752745611148
17,224,0,6000000,228.36040155858896,0,8000000000,874001,882001,669001,213000,0,8000,0.7999999999999999,0,0.7999999999999999
17,226,0,3000000,190.73475115982404,0,3000000000,882001,885001,675001,210000,0,3000,0.3,0,0.3
17,228,0,7000000,178.51620654719275,0,7000000000,885001,892001,681001,211000,0,7000,0.7,0,0.7
17,293,1,5000000,207.092511936091,731617.3273154821,6000000000,892600,893800,876001,17799,6834,1200,0,2.050252152315663,2.050252152315663
17,297,1,2000000,246.1766638006129,367326.3272217102,5000000000,893446,894446,888001,6445,5445,1000,0,1.6334249835510783,1.6334249835510783
17,231,0,3000000,213.6048318741877,0,3000000000,892001,895001,690001,205000,0,3000,0.3,0,0.3
17,294,1,2000000,227.61036729463794,502186.5164433429,9000000000,893800,895600,879001,16599,3983,1800,0,1.1947752087200703,1.1947752087200703
17,299,1,3000000,207.8348673827373,721272.0881210627,9000000000,899445,901245,894001,7244,4159,1800,0,1.2477954087264478,1.2477954087264478
17,234,0,2000000,209.60224354715282,0,8000000000,895001,903001,699001,204000,0,8000,0.7999999999999999,0,0.7999999999999999
17,300,1,5000000,197.95590847458934,875455.130235925,9000000000,905045,906845,897001,9844,5711,1800,0,1.7133944941253214,1.7133944941253214
17,235,0,2000000,193.2694104094075,0,4000000000,903001,907001,702001,205000,0,4000,0.39999999999999997,0,0.39999999999999997
17,301,1,8000000,195.6266428685009,917631.960129671,5000000000,909245,910245,900001,10244,8718,1000,0,2.6154276488591948,2.6154276488591948
17,304,1,2000000,197.37916050079855,885669.6573330555,5000000000,911259,912259,909001,3258,2258,1000,0,0.6774534896077742,0.6774534896077742
17,302,1,9000000,193.97933317753208,948995.328435767,5000000000,913459,914459,903001,11458,9484,1000,0,2.8451141107832654,2.8451141107832654
17,295,1,9000000,237.6527470912129,422767.0999852738,3000000000,916200,916800,882001,34799,21288,600,0,6.386495070439608,6.386495070439608
17,240,0,9000000,212.48462814989702,0,10000000000,907001,917001,717001,200000,0,10000,0.9999999999999999,0,0.9999999999999999
17,242,0,8000000,248.80327007497309,0,3000000000,917001,920001,723001,197000,0,3000,0.3,0,0.3
17,306,1,5000000,218.26589380844638,593491.4819135824,7000000000,924270,925670,915001,10669,8425,1400,0,2.5274162236727995,2.5274162236727995
17,305,1,10000000,205.7672532255801,750549.6654458843,6000000000,926470,927670,912001,15669,13324,1200,0,3.9970705978767826,3.9970705978767826
17,244,0,8000000,203.07574572065465,0,10000000000,920001,930001,729001,201000,0,10000,0.9999999999999999,0,0.9999999999999999
17,308,1,4000000,246.45167518197155,365693.63786433113,3000000000,932184,932784,921001,11783,10938,600,0,3.281435266437937,3.281435266437937
17,311,1,4000000,208.64103838890372,710243.1830568196,2000000000,935633,936033,930001,6032,5632,400,0,1.6895621508612209,1.6895621508612209
17,248,0,2000000,146.33048896248516,0,7000000000,930001,937001,741001,196000,0,7000,0.7,0,0.7
17,312,1,7000000,189.70168686651155,1036897.7501192264,7000000000,939752,941152,933001,8151,6751,1400,0,2.025272019115225,2.025272019115225
17,307,1,10000000,234.40549758911374,446611.1031831448,6000000000,941152,942352,918001,24351,22391,1200,0,6.717253508965651,6.717253508965651
17,314,1,4000000,183.284542992583,1188664.5234130004,8000000000,942366,943966,939001,4965,3365,1600,0,1.0095363126969181,1.0095363126969181
17,252,0,7000000,134.17232985977398,0,9000000000,937001,946001,753001,193000,0,9000,0.8999999999999999,0,0.8999999999999999
17,315,1,5000000,176.66182638023417,1375396.8195594305,10000000000,946166,948166,942001,6165,3635,2000,0,1.0905943496950086,1.0905943496950086
17,316,1,5000000,163.30848998138464,1876931.3366236796,2000000000,951766,952166,945001,7165,2664,400,0,0.799176810963302,0.799176810963302
17,253,0,8000000,148.64249896984376,0,8000000000,946001,954001,756001,198000,0,8000,0.7999999999999999,0,0.7999999999999999
17,317,1,4000000,154.18017155263513,2354638.6451031207,8000000000,952766,954366,948001,6365,1699,1600,0,0.5096323389134924,0.5096323389134924
17,255,0,8000000,144.70274116270224,0,2000000000,954001,956001,762001,194000,0,2000,0.19999999999999998,0,0.19999999999999998
17,318,1,2000000,150.40515749135733,2595718.414654509,9000000000,954366,956166,951001,5165,770,1800,0,0.2311498799764304,0.2311498799764304
17,309,1,10000000,248.74710711885675,352413.3556424125,10000000000,956166,958166,924001,34165,28376,2000,0,8.512730723645008,8.512730723645008
17,260,0,8000000,162.3644927316315,0,3000000000,956001,959001,777001,182000,0,3000,0.3,0,0.3
17,320,1,10000000,152.0022661015289,2490163.491425226,10000000000,965166,967166,957001,10165,4016,2000,0,1.2047401748240125,1.2047401748240125
17,261,0,9000000,177.77641294614986,0,10000000000,959001,969001,780001,189000,0,10000,0.9999999999999999,0,0.9999999999999999
17,321,1,5000000,149.82986951873113,2635091.182945052,9000000000,967766,969566,960001,9565,1897,1800,0,0.5692402637557148,0.5692402637557148
17,322,1,6000000,152.82005136761342,2438170.9413404446,2000000000,973366,973766,963001,10765,2461,400,0,0.7382583269614417,0.7382583269614417
17,262,0,7000000,195.8053198970855,0,5000000000,969001,974001,783001,191000,0,5000,0.49999999999999994,0,0.49999999999999994
17,263,0,4000000,210.10856241476688,0,2000000000,974001,976001,786001,190000,0,2000,0.19999999999999998,0,0.19999999999999998
17,323,1,9000000,159.44501309228832,2062895.928373423,9000000000,976966,978766,966001,12765,4363,1800,0,1.3088396573301342,1.3088396573301342
17,324,1,9000000,169.21983867147492,1630880.0524818613,3000000000,980766,981366,969001,12365,5518,600,0,1.655547871770925,1.655547871770925
17,264,0,3000000,229.13721522266954,0,6000000000,976001,982001,789001,193000,0,6000,0.6,0,0.6
17,326,1,4000000,181.7493686371427,1228992.6417118977,7000000000,983766,985166,975001,10165,3255,1400,0,0.9764094261203118,0.9764094261203118
17,267,0,4000000,230.27883315667552,0,7000000000,982001,989001,798001,191000,0,7000,0.7,0,0.7
17,327,1,7000000,195.57625443800686,918572.0054992186,7000000000,987966,989366,978001,11365,7621,1400,0,2.286157195546916,2.286157195546916
17,270,0,10000000,209.6806300066842,0,2000000000,989001,991001,807001,184000,0,2000,0.19999999999999998,0,0.19999999999999998
17,328,1,7000000,211.89121100224992,667854.7954527078,5000000000,993766,994766,981001,13765,10481,1000,0,3.144396078756172,3.144396078756172
17,274,0,6000000,173.7618427618676,0,4000000000,991001,995001,819001,176000,0,4000,0.39999999999999997,0,0.39999999999999997
17,332,1,2000000,181.90275423973105,1224887.5466666468,8000000000,996766,998366,993001,5365,1633,1600,0,0.48984088509415635,0.48984088509415635
17,330,1,7000000,202.7015157812097,796741.0487763576,5000000000,998366,999366,987001,12365,8786,1000,0,2.635737173608916,2.635737173608916
18,1,1,5000000,138.59922438455416,3575163.048597572,2000000000,1400,1800,1,1799,1399,400,0,0.4195612842296534,0.4195612842296534
18,2,1,5000000,147.76784663789346,2782423.1981664402,2000000000,4798,5198,3001,2197,1797,400,0,0.5390984380048546,0.5390984380048546
18,4,1,8000000,150.41589842832445,2594990.2472927524,7000000000,12084,13484,9001,4483,3083,1400,0,0.9248589671979778,0.9248589671979778
18,5,1,4000000,123.73877848112127,5550187.642076076,6000000000,13484,14684,12001,2683,721,1200,0,0.21620890632647763,0.21620890632647763
18,3,0,10000000,170.7481051139368,0,10000000000,6001,16001,6001,10000,0,10000,0.9999999999999999,0,0.9999999999999999
18,6,1,7000000,98.05543432161217,13321145.160922246,4000000000,15526,16326,15001,1325,525,800,0,0.15764410451440597,0.15764410451440597
18,7,0,5000000,84.86401357465951,0,2000000000,18001,20001,18001,2000,0,2000,0.19999999999999998,0,0.19999999999999998
18,8,0,8000000,79.73028784596228,0,3000000000,21001,24001,21001,3000,0,3000,0.3,0,0.3
18,9,1,7000000,78.16636424959263,29356339.289428607,5000000000,25696,26696,24001,2695,238,1000,0,0.07153480477575154,0.07153480477575154
18,10,1,2000000,69.11010418166069,43273395.20749668,8000000000,28340,29940,27001,2939,46,1600,0,0.013865332200604773,0.013865332200604773
18,11,1,9000000,65.38678230345943,50922797.08237669,9000000000,30740,32540,30001,2539,177,1800,0,0.05302143940821376,0.05302143940821376
18,12,1,7000000,73.36769657008456,35997081.79840567,2000000000,36340,36740,33001,3739,194,400,0,0.05833806228406577,0.05833806228406577
18,13,1,10000000,84.2650449474751,22808102.87022455,7000000000,39940,41340,36001,5339,438,1400,0,0.13153220226467982,0.13153220226467982
18,14,1,3000000,102.18115873290925,11448373.325570865,6000000000,44340,45540,39001,6539,262,1200,0,0.07861378856241327,0.07861378856241327
18,15,0,6000000,125.43719743361618,0,5000000000,42001,47001,42001,5000,0,5000,0.49999999999999994,0,0.49999999999999994
18,16,1,4000000,150.39338948238384,2596516.5010808073,8000000000,51140,52740,45001,7739,1541,1600,0,0.4621576637392817,0.4621576637392817
18,17,1,5000000,173.42828950318346,1479802.604448812,9000000000,57940,59740,48001,11739,3379,1800,0,1.013648709287622,1.013648709287622
18,19,1,4000000,209.05296745083527,704688.8777886427,6000000000,59677,60877,54001,6876,5676,1200,0,1.702879153940494,1.702879153940494
18,18,1,6000000,200.04337654618809,839689.9187751497,7000000000,60340,61740,51001,10739,7145,1400,0,2.143648458499595,2.143648458499595
18,20,0,5000000,188.44803554295814,0,7000000000,57001,64001,57001,7000,0,7000,0.7,0,0.7
18,21,0,8000000,181.21366449580998,0,5000000000,64001,69001,60001,9000,0,5000,0.49999999999999994,0,0.49999999999999994
18,23,1,3000000,182.68567130456617,1204197.8132522395,6000000000,68492,69692,66001,3691,2491,1200,0,0.7473855126586912,0.7473855126586912
18,22,1,9000000,178.43941745029315,1321895.8783989584,8000000000,71193,72793,63001,9792,6808,1600,0,2.042520930824114,2.042520930824114
18,25,0,8000000,210.07411477857042,0,6000000000,72001,78001,72001,6000,0,6000,0.6,0,0.6
18,24,1,10000000,193.51848619705555,958007.4831233309,4000000000,79439,80239,69001,11238,10438,800,0,3.131499547601957,3.131499547601957
18,27,1,2000000,236.10102964620881,433957.59501852276,9000000000,82610,84410,78001,6409,4609,1800,0,1.3826235717210802,1.3826235717210802
18,26,0,3000000,230.96391493044965,0,10000000000,78001,88001,75001,13000,0,10000,0.9999999999999999,0,0.9999999999999999
18,28,0,8000000,215.0685407027257,0,2000000000,88001,90001,81001,9000,0,2000,0.19999999999999998,0,0.19999999999999998
18,30,0,8000000,185.8452326534098,0,3000000000,90001,93001,87001,6000,0,3000,0.3,0,0.3
18,29,1,10000000,197.8425035223726,877451.9596710526,10000000000,95828,97828,84001,13827,11397,2000,0,3.41899059764442,3.41899059764442
18,31,0,9000000,180.16459613364668,0,5000000000,93001,98001,90001,8000,0,5000,0.49999999999999994,0,0.49999999999999994
18,32,0,6000000,181.36531228435052,0,5000000000,98001,103001,93001,10000,0,5000,0.49999999999999994,0,0.49999999999999994
18,33,0,6000000,189.42087794116048,0,4000000000,103001,107001,96001,11000,0,4000,0.39999999999999997,0,0.39999999999999997
18,34,0,6000000,203.40416342838213,0,10000000000,107001,117001,99001,18000,0,10000,0.9999999999999999,0,0.9999999999999999
18,35,1,9000000,222.25543795372025,552170.2123026238,9000000000,118300,120100,102001,18099,16299,1800,0,4.889796551575352,4.889796551575352
18,37,0,10000000,218.79098358936096,0,4000000000,117001,121001,108001,13000,0,4000,0.39999999999999997,0,0.39999999999999997
18,40,1,5000000,166.0693942302434,1756663.5648919703,7000000000,121300,122700,117001,5699,2846,1400,0,0.8538914508039254,0.8538914508039254
18,38,1,8000000,198.61209681185076,864011.454145825,8000000000,122700,124300,111001,13299,9259,1600,0,2.777740952951459,2.777740952951459
18,39,1,10000000,180.17315810075596,1272184.692080805,7000000000,124300,125700,114001,11699,7860,1400,0,2.3581481672233875,2.3581481672233875
18,41,1,10000000,153.78753037876643,2378384.1534944656,9000000000,126700,128500,120001,8499,4205,1800,0,1.2613605735609275,1.2613605735609275
18,42,1,7000000,145.98824404725198,2917837.505086365,7000000000,128500,129900,123001,6899,2399,1400,0,0.7197110861517431,0.7197110861517431
18,36,1,10000000,233.19814235966808,455902.8865367681,10000000000,129900,131900,105001,26899,21934,2000,0,6.580348772935555,6.580348772935555
18,43,1,3000000,143.49192625370947,3121795.9958834257,4000000000,131900,132700,126001,6699,961,800,0,0.28829558407621453,0.28829558407621453
18,44,1,3000000,145.97197847532243,2919112.286522985,4000000000,134100,134900,129001,5899,1028,800,0,0.30831290874117373,0.30831290874117373
18,45,1,3000000,153.8084607555774,2377110.902511083,8000000000,136700,138300,132001,6299,1262,1600,0,0.3786108586895448,0.3786108586895448
18,47,1,3000000,174.78948852834372,1434691.6114238196,10000000000,140092,142092,138001,4091,2091,2000,0,0.6273125129008179,0.6273125129008179
18,48,1,3000000,154.16031266185212,2355832.5729993572,3000000000,142274,142874,141001,1873,1273,600,0,0.3820305442394635,0.3820305442394635
18,46,0,5000000,166.20270154242385,0,9000000000,135001,144001,135001,9000,0,9000,0.8999999999999999,0,0.8999999999999999
18,49,0,10000000,135.09863988952668,0,6000000000,144001,150001,144001,6000,0,6000,0.6,0,0.6
18,50,1,6000000,119.814448627868,6281489.871183932,10000000000,148800,150800,147001,3799,955,2000,0,0.28655622104198936,0.28655622104198936
18,51,1,9000000,109.8828831074248,8727472.077280069,6000000000,151032,152232,150001,2231,1031,1200,0,0.3093679333593995,0.3093679333593995
18,52,1,4000000,163.51349332700343,1867656.8698800716,2000000000,156732,157132,153001,4131,2142,400,0,0.6425163097957367,0.6425163097957367
18,53,1,9000000,146.54356655957298,2874724.724115492,2000000000,159529,159929,156001,3928,3131,400,0,0.9392203633795747,0.9392203633795747
18,54,1,4000000,126.98387692931735,5022774.682009099,2000000000,159929,160329,159001,1328,796,400,0,0.2389117720725634,0.2389117720725634
18,56,1,8000000,104.41072023504103,10567354.29440719,3000000000,165758,166358,165001,1357,757,600,0,0.22711455801857694,0.22711455801857694
18,55,0,10000000,113.04802740428502,0,7000000000,162001,169001,162001,7000,0,7000,0.7,0,0.7
18,57,1,7000000,74.16282694180427,34791076.71467547,9000000000,168202,170002,168001,2001,201,1800,0,0.06036030494894641,0.06036030494894641
18,59,1,7000000,19.17603712970958,356291165.72032535,7000000000,174021,175421,174001,1420,20,1400,0,0.005894055766873597,0.005894055766873597
18,58,0,7000000,43.08890924588364,0,6000000000,171001,177001,171001,6000,0,6000,0.6,0,0.6
18,60,1,9000000,18.93509176106623,359914126.97056544,9000000000,177026,178826,177001,1825,25,1800,0,0.007501789448294737,0.007501789448294737
18,61,0,8000000,48.473317402463856,0,3000000000,180001,183001,180001,3000,0,3000,0.3,0,0.3
18,62,1,2000000,75.01132981090255,33552648.175060008,3000000000,183061,183661,183001,660,60,600,0,0.01788234409604621,0.01788234409604621
18,63,1,10000000,105.16968432014994,10286114.582683036,8000000000,186973,188573,186001,2572,972,1600,0,0.29165531609482404,0.29165531609482404
18,64,1,10000000,136.65716300289574,3777421.2677477337,8000000000,192773,194373,189001,5372,2647,1600,0,0.7941925952539398,0.7941925952539398
18,65,1,9000000,166.41194668652844,1742416.8246266032,9000000000,197166,198966,192001,6965,5165,1800,0,1.5495718141832138,1.5495718141832138
18,66,1,9000000,193.83807778658968,951746.4057023809,5000000000,204457,205457,195001,10456,9456,1000,0,2.8368901461807177,2.8368901461807177
18,67,0,5000000,191.16778415831473,0,8000000000,198001,206001,198001,8000,0,8000,0.7999999999999999,0,0.7999999999999999
18,68,1,9000000,159.59068143221901,2055480.6496317815,4000000000,205380,206180,201001,5179,4379,800,0,1.3135613806355597,1.3135613806355597
18,70,1,10000000,102.46724061864847,11330548.395133974,7000000000,207884,209284,207001,2283,883,1400,0,0.2647709444750602,0.2647709444750602
18,69,0,2000000,133.94572034969988,0,10000000000,206001,216001,204001,12000,0,10000,0.9999999999999999,0,0.9999999999999999
18,71,0,3000000,71.08671465189543,0,3000000000,216001,219001,210001,9000,0,3000,0.3,0,0.3
18,74,1,3000000,11.50208676719144,503321923.7940824,10000000000,219007,221007,219001,2006,6,2000,0,0.0017881200032291965,0.0017881200032291965
18,72,0,7000000,41.92585121377982,0,3000000000,219001,222001,213001,9000,0,3000,0.3,0,0.3
18,76,1,10000000,57.30198076855632,72684904.80145517,3000000000,225139,225739,225001,738,138,600,0,0.041274044565302086,0.041274044565302086
18,77,1,10000000,82.21168408444139,24808106.475466236,9000000000,228416,230216,228001,2215,403,1800,0,0.12092821364527857,0.12092821364527857
18,73,0,8000000,33.6095016327228,0,9000000000,222001,231001,216001,15000,0,9000,0.8999999999999999,0,0.8999999999999999
18,79,1,4000000,143.28943157120833,3139100.8813320543,10000000000,235275,237275,234001,3274,1274,2000,0,0.38227506708570286,0.38227506708570286
18,75,0,9000000,30.78774106685976,0,10000000000,231001,241001,222001,19000,0,10000,0.9999999999999999,0,0.9999999999999999
18,81,1,4000000,202.383286365253,801736.2823663625,9000000000,244990,246790,240001,6789,4989,1800,0,1.4967515209092737,1.4967515209092737
18,78,0,8000000,113.6583802453651,0,9000000000,241001,250001,231001,19000,0,9000,0.8999999999999999,0,0.8999999999999999
18,85,1,3000000,196.76552873915696,896700.9145833931,5000000000,255347,256347,252001,4346,3346,1000,0,1.0036791368927505,1.0036791368927505
18,80,0,10000000,170.78889015389734,0,7000000000,250001,257001,237001,20000,0,7000,0.7,0,0.7
18,82,0,3000000,185.29801752852083,0,5000000000,257001,262001,243001,19000,0,5000,0.49999999999999994,0,0.49999999999999994
18,87,1,4000000,214.1941775585882,639717.1690691455,6000000000,264254,265454,258001,7453,6253,1200,0,1.8758289725850628,1.8758289725850628
18,83,0,10000000,168.4627258475892,0,9000000000,262001,271001,246001,25000,0,9000,0.8999999999999999,0,0.8999999999999999
18,84,0,5000000,178.79463778312817,0,4000000000,271001,275001,249001,26000,0,4000,0.39999999999999997,0,0.39999999999999997
18,91,1,9000000,163.76804144887367,1856219.939078977,6000000000,274850,276050,270001,6049,4849,1200,0,1.4545690104695737,1.4545690104695737
18,86,0,6000000,212.8897472871815,0,2000000000,275001,277001,255001,22000,0,2000,0.19999999999999998,0,0.19999999999999998
18,88,1,10000000,209.39871370187547,700068.6922073324,6000000000,276050,277250,261001,16249,14284,1200,0,4.285293762446272,4.285293762446272
18,93,1,10000000,146.8128485521618,2854102.215723802,6000000000,279505,280705,276001,4704,3504,1200,0,1.0511186261908978,1.0511186261908978
18,89,0,6000000,188.9008218616319,0,5000000000,277001,282001,264001,18000,0,5000,0.49999999999999994,0,0.49999999999999994
18,90,0,8000000,170.87286092296807,0,4000000000,282001,286001,267001,19000,0,4000,0.39999999999999997,0,0.39999999999999997
18,96,1,7000000,160.70795531024592,1999690.2966527925,2000000000,288502,288902,285001,3901,3501,400,0,1.0501626194391762,1.0501626194391762
18,92,0,5000000,152.34336907131862,0,7000000000,286001,293001,273001,20000,0,7000,0.7,0,0.7
18,94,0,10000000,146.39066636913708,0,8000000000,293001,301001,279001,22000,0,8000,0.7999999999999999,0,0.7999999999999999
18,99,1,7000000,190.96147517234988,1009994.1049961479,6000000000,300932,302132,294001,8131,6931,1200,0,2.0792200564457843,2.0792200564457843
18,101,1,2000000,234.74921810306418,444009.1412467643,8000000000,304505,306105,300001,6104,4504,1600,0,1.3513235297706216,1.3513235297706216
18,95,0,9000000,150.54489629343138,0,8000000000,301001,309001,282001,27000,0,8000,0.7999999999999999,0,0.7999999999999999
18,97,0,8000000,174.52361731295852,0,6000000000,309001,315001,288001,27000,0,6000,0.6,0,0.6
18,103,1,10000000,215.35240792709982,626124.5044521071,4000000000,321972,322772,306001,16771,15971,800,0,4.791379316203512,4.791379316203512
18,107,1,3000000,224.26981294859993,532669.7688321605,6000000000,323633,324833,318001,6832,5632,1200,0,1.6896021750458716,1.6896021750458716
18,98,0,8000000,178.13700710408267,0,10000000000,315001,325001,291001,34000,0,10000,0.9999999999999999,0,0.9999999999999999
18,109,1,3000000,198.69741467870185,862537.2635591751,4000000000,327479,328279,324001,4278,3478,800,0,1.043433180250368,1.043433180250368
18,110,1,2000000,191.99729294966636,988521.7929337316,6000000000,329024,330224,327001,3223,2023,1200,0,0.606966891664899,0.606966891664899
18,100,0,8000000,212.03324739295013,0,8000000000,325001,333001,297001,36000,0,8000,0.7999999999999999,0,0.7999999999999999
18,102,0,7000000,234.70442049522632,0,7000000000,333001,340001,303001,37000,0,7000,0.7,0,0.7
18,113,1,7000000,190.10744146403104,1028136.2524677092,4000000000,342809,343609,336001,7608,6808,800,0,2.0425308367053763,2.0425308367053763
18,104,0,5000000,199.85088366079344,0,7000000000,340001,347001,309001,38000,0,7000,0.7,0,0.7
18,117,1,6000000,185.90951374257315,1123448.193608569,10000000000,353469,355469,348001,7468,5341,2000,0,1.6022100620575253,1.6022100620575253
18,105,0,10000000,191.34515097070005,0,9000000000,347001,356001,312001,44000,0,9000,0.8999999999999999,0,0.8999999999999999
18,119,1,7000000,142.12550228583186,3240896.546696528,8000000000,356161,357761,354001,3760,2160,1600,0,0.647968847429131,0.647968847429131
18,122,1,9000000,110.34803351215645,8589612.240810215,2000000000,364049,364449,363001,1448,1048,400,0,0.31433316479316675,0.31433316479316675
18,106,0,9000000,235.12482897388782,0,9000000000,356001,365001,315001,50000,0,9000,0.8999999999999999,0,0.8999999999999999
18,108,0,6000000,209.66687506613914,0,8000000000,365001,373001,321001,52000,0,8000,0.7999999999999999,0,0.7999999999999999
18,124,1,2000000,127.585176646819,4931895.525389245,9000000000,371314,373114,369001,4113,406,1800,0,0.12165707827978485,0.12165707827978485
18,111,0,6000000,190.11203670467577,0,2000000000,373001,375001,330001,45000,0,2000,0.19999999999999998,0,0.19999999999999998
18,126,1,3000000,163.3877571912902,1873338.484693762,5000000000,377970,378970,375001,3969,1601,1000,0,0.48042572517113724,0.48042572517113724
18,112,0,10000000,190.10744146403104,0,4000000000,375001,379001,333001,46000,0,4000,0.39999999999999997,0,0.39999999999999997
18,114,0,2000000,190.10744146403104,0,7000000000,379001,386001,339001,47000,0,7000,0.7,0,0.7
18,115,0,4000000,190.10744146403104,0,3000000000,386001,389001,342001,47000,0,3000,0.3,0,0.3
18,116,0,7000000,190.06084131140744,0,4000000000,389001,393001,345001,48000,0,4000,0.39999999999999997,0,0.39999999999999997
18,129,1,3000000,165.15849962990097,1795257.0028643964,10000000000,395367,397367,384001,13366,1671,2000,0,0.5013209799844913,0.5013209799844913
18,118,0,2000000,163.34435190725145,0,6000000000,393001,399001,351001,48000,0,6000,0.6,0,0.6
18,131,1,3000000,162.66884458924514,1906238.779033232,5000000000,401567,402567,390001,12566,1574,1000,0,0.47213392671428284,0.47213392671428284
18,120,0,7000000,124.8652601807244,0,6000000000,399001,405001,357001,48000,0,6000,0.6,0,0.6
18,132,1,3000000,169.8679634304244,1606405.4136668802,10000000000,405567,407567,393001,14566,1868,2000,0,0.560257076042594,0.560257076042594
18,121,0,6000000,113.69611295026758,0,4000000000,405001,409001,360001,49000,0,4000,0.39999999999999997,0,0.39999999999999997
18,123,0,5000000,115.35058083945653,0,4000000000,409001,413001,366001,47000,0,4000,0.39999999999999997,0,0.39999999999999997
18,125,0,2000000,145.43213193789055,0,2000000000,413001,415001,372001,43000,0,2000,0.19999999999999998,0,0.19999999999999998
18,135,1,8000000,173.91563155737322,1463451.9418703753,9000000000,417167,418967,402001,16966,5467,1800,0,1.6399581915431147,1.6399581915431147
18,127,0,4000000,167.43424799006922,0,4000000000,415001,419001,378001,41000,0,4000,0.39999999999999997,0,0.39999999999999997
18,136,1,5000000,173.91563155737322,1463451.9418703753,6000000000,418967,420167,405001,15166,3417,1200,0,1.0249738697144466,1.0249738697144466
18,137,1,6000000,173.91563155737322,1463451.9418703753,3000000000,423167,423767,408001,15766,4100,600,0,1.229968643657336,1.229968643657336
18,128,0,5000000,174.51959488836778,0,6000000000,419001,425001,381001,44000,0,6000,0.6,0,0.6
18,138,1,2000000,173.91563155737322,1463451.9418703753,7000000000,423767,425167,411001,14166,1367,1400,0,0.4099895478857787,0.4099895478857787
18,130,0,8000000,161.04937690037795,0,7000000000,425001,432001,387001,45000,0,7000,0.7,0,0.7
18,139,1,8000000,175.36583988907304,1416106.5699534935,5000000000,431167,432167,414001,18166,5649,1000,0,1.6947877023682043,1.6947877023682043
18,142,1,8000000,196.86888149222568,894831.0090972839,4000000000,433827,434627,423001,11626,8940,800,0,2.682070665411057,2.682070665411057
18,133,0,7000000,173.91563155737322,0,5000000000,432001,437001,396001,41000,0,5000,0.49999999999999994,0,0.49999999999999994
18,143,1,9000000,176.4868904479877,1380806.2330611823,9000000000,436427,438227,426001,12226,6518,1800,0,1.9553793539982995,1.9553793539982995
18,144,1,9000000,159.2002242460732,2075431.782371399,4000000000,438627,439427,429001,10426,4336,800,0,1.3009341106432157,1.3009341106432157
18,134,0,6000000,173.91563155737322,0,4000000000,437001,441001,399001,42000,0,4000,0.39999999999999997,0,0.39999999999999997
18,146,1,8000000,149.80448925182446,2636845.1596287237,9000000000,441827,443627,435001,8626,3034,1800,0,0.9101785864202688,0.9101785864202688
18,147,1,7000000,149.80448925182446,2636845.1596287237,2000000000,448627,449027,438001,11026,2655,400,0,0.7964062631177352,0.7964062631177352
18,140,0,6000000,183.33951810779914,0,10000000000,441001,451001,417001,34000,0,10000,0.9999999999999999,0,0.9999999999999999
18,148,1,2000000,149.80448925182446,2636845.1596287237,7000000000,451227,452627,441001,11626,758,1400,0,0.2275446466050672,0.2275446466050672
18,141,0,7000000,199.18304395705977,0,8000000000,451001,459001,420001,39000,0,8000,0.7999999999999999,0,0.7999999999999999
18,149,1,8000000,149.80448925182446,2636845.1596287237,9000000000,459627,461427,444001,17426,3034,1800,0,0.9101785864202688,0.9101785864202688
18,145,0,4000000,149.85363125396728,0,9000000000,459001,468001,432001,36000,0,9000,0.8999999999999999,0,0.8999999999999999
18,150,1,9000000,149.80448925182446,2636845.1596287237,8000000000,468627,470227,447001,23226,3413,1600,0,1.0239509097228026,1.0239509097228026
18,156,0,3000000,152.42999999999998,0,4000000000,468001,472001,465001,7000,0,4000,0.39999999999999997,0,0.39999999999999997
18,151,1,7000000,149.80448925182446,2636845.1596287237,9000000000,471427,473227,450001,23226,2655,1800,0,0.7964062631177352,0.7964062631177352
18,159,1,6000000,126.08174649805582,5162999.420031813,4000000000,475163,475963,474001,1962,1162,800,0,0.3486345539796533,0.3486345539796533
18,152,1,5000000,148.16341822460765,2753385.2413213234,4000000000,476827,477627,453001,24626,1816,800,0,0.5447839181705515,0.5447839181705515
18,158,0,5000000,148.177169968926,0,6000000000,472001,478001,471001,7000,0,6000,0.6,0,0.6
18,153,1,5000000,142.05147588110444,3247507.5304202116,4000000000,481027,481827,456001,25826,1540,800,0,0.4618926933807317,0.4618926933807317
18,162,1,7000000,95.01892864056084,14933938.22002774,9000000000,483470,485270,483001,2269,469,1800,0,0.1406193041018285,0.1406193041018285
18,154,1,2000000,138.74586300138827,3560439.175842197,2000000000,485427,485827,459001,26826,562,400,0,0.16851853672182848,0.16851853672182848
18,160,0,3000000,108.30057432904037,0,10000000000,478001,488001,477001,11000,0,10000,0.9999999999999999,0,0.9999999999999999
18,161,0,4000000,97.18166750987551,0,3000000000,488001,491001,480001,11000,0,3000,0.3,0,0.3
18,164,1,4000000,117.27966788834281,6816682.444341131,9000000000,491177,492977,489001,3976,587,1800,0,0.1760387123499027,0.1760387123499027
18,155,1,9000000,142.38742992272878,3217637.775575436,6000000000,492227,493427,462001,31426,2797,1200,0,0.8391249072519162,0.8391249072519162
18,163,0,5000000,102.23089797121027,0,8000000000,491001,499001,486001,13000,0,8000,0.7999999999999999,0,0.7999999999999999
18,165,1,4000000,133.5551159634104,4130571.1713191243,10000000000,498177,500177,492001,8176,968,2000,0,0.29051672280392454,0.29051672280392454
18,166,1,6000000,150.06334962275105,2619023.3507584054,10000000000,502377,504377,495001,9376,2291,2000,0,0.6872790956517298,0.6872790956517298
18,167,0,9000000,165.5777913851976,0,6000000000,499001,505001,498001,7000,0,6000,0.6,0,0.6
18,157,1,7000000,167.37393644172917,1703167.4992890523,6000000000,506627,507827,468001,39826,4110,1200,0,1.2329967550910854,1.2329967550910854
18,168,0,8000000,158.66260208379288,0,10000000000,505001,515001,501001,14000,0,10000,0.9999999999999999,0,0.9999999999999999
18,169,0,5000000,167.3209281590322,0,3000000000,515001,518001,504001,14000,0,3000,0.3,0,0.3
18,173,1,2000000,164.84201193870447,1808912.0093371994,7000000000,517107,518507,516001,2506,1106,1400,0,0.3316910921608868,0.3316910921608868
18,170,0,10000000,180.2808190019116,0,3000000000,518001,521001,507001,14000,0,3000,0.3,0,0.3
18,171,0,7000000,195.47387856181706,0,3000000000,521001,524001,510001,14000,0,3000,0.3,0,0.3
18,176,1,3000000,188.5553799285505,1062157.12562526,3000000000,527825,528425,525001,3424,2824,600,0,0.8473322621360725,0.8473322621360725
18,172,0,6000000,159.2530922776697,0,5000000000,524001,529001,513001,16000,0,5000,0.49999999999999994,0,0.49999999999999994
18,177,1,2000000,170.66946768534788,1576766.1736050788,2000000000,529269,529669,528001,1668,1268,400,0,0.380525667054472,0.380525667054472
18,174,0,5000000,178.67933568266932,0,6000000000,529001,535001,519001,16000,0,6000,0.6,0,0.6
18,179,1,5000000,147.51563510353742,2801135.118574587,9000000000,535786,537586,534001,3585,1785,1800,0,0.5354971954238696,0.5354971954238696
18,175,0,10000000,195.1944274307031,0,8000000000,535001,543001,522001,21000,0,8000,0.7999999999999999,0,0.7999999999999999
18,180,1,7000000,171.93146454328826,1531461.384127784,6000000000,542081,543281,537001,6280,4571,1200,0,1.371239276265537,1.371239276265537
18,178,0,3000000,155.45729317082552,0,5000000000,543001,548001,531001,17000,0,5000,0.49999999999999994,0,0.49999999999999994
18,181,0,2000000,149.98161554003877,0,2000000000,548001,550001,540001,10000,0,2000,0.19999999999999998,0,0.19999999999999998
18,182,0,9000000,124.87716564688677,0,8000000000,550001,558001,543001,15000,0,8000,0.7999999999999999,0,0.7999999999999999
18,186,0,2000000,69.09480515928821,0,4000000000,558001,562001,555001,7000,0,4000,0.39999999999999997,0,0.39999999999999997
18,188,0,10000000,89.42795647894451,0,3000000000,562001,565001,561001,4000,0,3000,0.3,0,0.3
18,190,0,8000000,117.62677331288143,0,10000000000,567001,577001,567001,10000,0,10000,0.9999999999999999,0,0.9999999999999999
18,195,0,8000000,147.4320521460649,0,6000000000,582001,588001,582001,6000,0,6000,0.6,0,0.6
18,183,1,10000000,100.80122320686392,12037653.763368942,5000000000,592627,593627,546001,47626,831,1000,0,0.24921800036557948,0.24921800036557948
18,196,0,2000000,171.29054848414725,0,6000000000,588001,594001,585001,9000,0,6000,0.6,0,0.6
18,184,1,3000000,80.53452986142028,26589953.08154415,6000000000,594427,595627,549001,46626,113,1200,0,0.03384737074337608,0.03384737074337608
18,199,1,3000000,184.23960621972682,1164404.5834275843,8000000000,596617,598217,594001,4216,2576,1600,0,0.7729272220405787,0.7729272220405787
18,200,1,3000000,156.87208323981676,2199506.0579520892,3000000000,598365,598965,597001,1964,1364,600,0,0.4091827784452523,0.4091827784452523
18,198,0,6000000,212.16439027320303,0,6000000000,594001,600001,591001,9000,0,6000,0.6,0,0.6
18,185,1,4000000,70.45905051872329,40810377.15459546,10000000000,598027,600027,552001,48026,98,2000,0,0.029404285960265227,0.029404285960265227
18,187,1,9000000,77.87596548358168,29717180.786326602,5000000000,600427,601427,558001,43426,303,1000,0,0.09085653243534857,0.09085653243534857
18,202,1,3000000,117.84851505216345,6691893.608413925,2000000000,603449,603849,603001,848,448,400,0,0.13449108020312847,0.13449108020312847
18,189,1,10000000,97.00091752143375,13856766.172260894,3000000000,605227,605827,564001,41826,722,600,0,0.2165007305965469,0.2165007305965469
18,201,0,4000000,130.54503054501922,0,8000000000,600001,608001,600001,8000,0,8000,0.7999999999999999,0,0.7999999999999999
18,203,0,6000000,135.39678725878244,0,2000000000,608001,610001,606001,4000,0,2000,0.19999999999999998,0,0.19999999999999998
18,191,1,3000000,128.62869431040644,4778911.565923194,8000000000,612027,613627,570001,43626,628,1600,0,0.18832740208410556,0.18832740208410556
18,192,1,10000000,130.1886085646513,4560913.310771292,10000000000,613627,615627,573001,42626,2193,2000,0,0.6577629951692006,0.6577629951692006
18,204,0,10000000,156.32618718564078,0,6000000000,610001,616001,609001,7000,0,6000,0.6,0,0.6
18,193,1,4000000,130.28209585357462,4548239.917156308,10000000000,615627,617627,576001,41626,879,2000,0,0.2638383246832491,0.2638383246832491
18,194,1,10000000,132.43075360353424,4268521.964535546,6000000000,617627,618827,579001,39826,2343,1200,0,0.7028193892230393,0.7028193892230393
18,205,0,4000000,178.9138932559459,0,7000000000,616001,623001,612001,11000,0,7000,0.7,0,0.7
18,207,1,3000000,160.96026745753122,1987352.0829313688,8000000000,622341,623941,618001,5940,1510,1600,0,0.45286389247771786,0.45286389247771786
18,197,1,3000000,198.04768971134203,873843.192604382,8000000000,625227,626827,588001,38826,3433,1600,0,1.029933067645307,1.029933067645307
18,206,0,4000000,177.10325575776412,0,5000000000,623001,628001,615001,13000,0,5000,0.49999999999999994,0,0.49999999999999994
18,209,1,9000000,151.30438724637168,2535621.30136957,7000000000,627673,629073,624001,5072,3549,1400,0,1.0648277795038414,1.0648277795038414
18,211,1,4000000,137.16456867573348,3723246.16702632,5000000000,631593,632593,630001,2592,1074,1000,0,0.3222993984731381,0.3222993984731381
18,208,0,4000000,160.72133181379496,0,7000000000,628001,635001,621001,14000,0,7000,0.7,0,0.7
18,210,0,8000000,141.84760061418024,0,4000000000,635001,639001,627001,12000,0,4000,0.39999999999999997,0,0.39999999999999997
18,213,1,6000000,142.66024113255943,3193631.0650234874,10000000000,641001,643001,636001,7000,1879,2000,0,0.5636217720053903,0.5636217720053903
18,212,0,6000000,151.28673173811376,0,9000000000,639001,648001,633001,15000,0,9000,0.8999999999999999,0,0.8999999999999999
18,216,1,3000000,158.4338555991111,2115293.4390859534,8000000000,647439,649039,645001,4038,1418,1600,0,0.425472883983842,0.425472883983842
18,219,1,9000000,79.21061797511747,28098604.005767602,5000000000,654515,655515,654001,1514,320,1000,0,0.09609018296587937,0.09609018296587937
18,214,0,9000000,137.49676359827527,0,9000000000,648001,657001,639001,18000,0,9000,0.8999999999999999,0,0.8999999999999999
18,221,1,5000000,79.86203415891686,27344605.53275094,9000000000,661361,663161,660001,3160,183,1800,0,0.05485542653754625,0.05485542653754625
18,215,0,5000000,148.6544321572687,0,8000000000,657001,665001,642001,23000,0,8000,0.7999999999999999,0,0.7999999999999999
18,222,1,10000000,103.39172355657873,10959569.551041799,4000000000,664361,665161,663001,2160,912,800,0,0.27373337848974416,0.27373337848974416
18,217,0,10000000,131.86129227335826,0,3000000000,665001,668001,648001,20000,0,3000,0.3,0,0.3
18,223,1,6000000,131.10497320849427,4438531.7394298855,6000000000,673561,674761,666001,8760,1352,1200,0,0.4055395129902133,0.4055395129902133
18,218,0,7000000,105.29743824044346,0,10000000000,668001,678001,651001,27000,0,10000,0.9999999999999999,0,0.9999999999999999
18,220,0,7000000,65.75388201467646,0,5000000000,678001,683001,657001,26000,0,5000,0.49999999999999994,0,0.49999999999999994
18,225,1,3000000,178.55904485631635,1318389.1111872597,5000000000,685361,686361,672001,14360,2276,1000,0,0.6826512691609806,0.6826512691609806
18,224,0,7000000,160.89744466584918,0,7000000000,683001,690001,669001,21000,0,7000,0.7,0,0.7
18,228,1,6000000,169.40093417688107,1623995.1476098485,2000000000,697561,697961,681001,16960,3695,400,0,1.1083776959858473,1.1083776959858473
18,226,0,3000000,171.32899812933007,0,9000000000,690001,699001,675001,24000,0,9000,0.8999999999999999,0,0.8999999999999999
18,230,1,2000000,169.60361434827973,1616332.3767405779,4000000000,698961,699761,687001,12760,1237,800,0,0.37121077857138063,0.37121077857138063
18,227,0,9000000,167.63401355333588,0,2000000000,699001,701001,678001,23000,0,2000,0.19999999999999998,0,0.19999999999999998
18,229,1,7000000,169.60361434827973,1616332.3767405779,9000000000,699761,701561,684001,17560,4331,1800,0,1.2992377249998321,1.2992377249998321
18,231,0,6000000,169.60361434827973,0,3000000000,701001,704001,690001,14000,0,3000,0.3,0,0.3
18,233,0,7000000,172.8143772954091,0,4000000000,704001,708001,696001,12000,0,4000,0.39999999999999997,0,0.39999999999999997
18,232,1,8000000,169.78807054678487,1609397.5873518335,5000000000,710761,711761,693001,18760,4971,1000,0,1.491241206561677,1.491241206561677
18,239,1,2000000,193.93195095187383,949917.0354923245,2000000000,716106,716506,714001,2505,2105,400,0,0.6316341086451103,0.6316341086451103
18,234,0,10000000,182.6415812458926,0,9000000000,708001,717001,699001,18000,0,9000,0.8999999999999999,0,0.8999999999999999
18,237,1,5000000,230.69367329859745,475958.9646238734,6000000000,718506,719706,708001,11705,10505,1200,0,3.1515321939263714,3.1515321939263714
18,236,0,4000000,218.40849800316835,0,7000000000,717001,724001,705001,19000,0,7000,0.7,0,0.7
18,240,1,10000000,182.5444671853957,1207897.0259807003,8000000000,725280,726880,717001,9879,8279,1600,0,2.483655423825784,2.483655423825784
18,235,1,10000000,198.49279911372096,866078.0414114352,8000000000,725961,727561,702001,25560,11546,1600,0,3.463891077426397,3.463891077426397
18,241,1,10000000,181.99081570233153,1222538.4417593116,2000000000,728181,728581,720001,8580,8180,400,0,2.453910566348169,2.453910566348169
18,244,1,3000000,169.6593369078165,1614233.5347248958,2000000000,730859,731259,729001,2258,1858,400,0,0.5575401456105802,0.5575401456105802
18,243,1,8000000,174.26676217798968,1451810.229906143,7000000000,731511,732911,726001,6910,5510,1400,0,1.6531086161000228,1.6531086161000228
18,238,0,5000000,211.76866293198339,0,9000000000,724001,733001,711001,22000,0,9000,0.8999999999999999,0,0.8999999999999999
18,242,0,6000000,180.44215832227238,0,2000000000,733001,735001,723001,12000,0,2000,0.19999999999999998,0,0.19999999999999998
18,245,1,6000000,171.56193313203252,1544557.965570325,4000000000,735886,736686,732001,4685,3885,800,0,1.1653819669599472,1.1653819669599472
18,246,1,4000000,179.67072605185297,1286348.0024270383,9000000000,738111,739911,735001,4910,3110,1800,0,0.932873528575378,0.932873528575378
18,247,0,6000000,193.23708236257343,0,5000000000,738001,743001,738001,5000,0,5000,0.49999999999999994,0,0.49999999999999994
18,248,1,5000000,210.8517887047677,681059.1805440908,2000000000,748343,748743,741001,7742,7342,400,0,2.202451773429831,2.202451773429831
18,251,0,8000000,253.3532494364341,0,7000000000,750001,757001,750001,7000,0,7000,0.7,0,0.7
18,249,1,9000000,216.7924855708795,609722.4364152349,7000000000,758762,760162,744001,16161,14761,1400,0,4.428244458042607,4.428244458042607
18,252,0,3000000,232.64780871523374,0,7000000000,757001,764001,753001,11000,0,7000,0.7,0,0.7
18,253,1,7000000,215.6788761098314,622358.3717069107,2000000000,768207,768607,756001,12606,11248,400,0,3.3742616721623535,3.3742616721623535
18,254,0,6000000,214.96132163717266,0,5000000000,764001,769001,759001,10000,0,5000,0.49999999999999994,0,0.49999999999999994
18,250,1,10000000,232.350769312262,462568.5928009335,5000000000,768619,769619,747001,22618,21618,1000,0,6.485524626379142,6.485524626379142
18,255,0,3000000,205.30942306674575,0,9000000000,769001,778001,762001,16000,0,9000,0.8999999999999999,0,0.8999999999999999
18,256,0,5000000,221.09665035906806,0,5000000000,778001,783001,765001,18000,0,5000,0.49999999999999994,0,0.49999999999999994
18,258,1,5000000,241.34442317981993,397557.02154079534,10000000000,783578,785578,771001,14577,12577,2000,0,3.7730436609734923,3.7730436609734923
18,257,0,10000000,241.5636073583933,0,4000000000,783001,787001,768001,19000,0,4000,0.39999999999999997,0,0.39999999999999997
18,263,1,3000000,176.52698943787607,1379563.9493340757,5000000000,788176,789176,786001,3175,2175,1000,0,0.6523800512723138,0.6523800512723138
18,259,1,8000000,222.98693167986326,544987.5235021347,9000000000,789176,790976,774001,16975,14679,1800,0,4.403770538777479,4.403770538777479
18,262,1,10000000,182.06183400152815,1220648.0560351193,3000000000,791193,791793,783001,8792,8192,600,0,2.4577108734720228,2.4577108734720228
18,260,0,6000000,208.1264396947202,0,7000000000,787001,794001,777001,17000,0,7000,0.7,0,0.7
18,261,0,3000000,192.86509274619917,0,3000000000,794001,797001,780001,17000,0,3000,0.3,0,0.3
18,266,1,6000000,182.94408681343054,1197464.3569715659,7000000000,800903,802303,795001,7302,5011,1400,0,1.5031762653481147,1.5031762653481147
18,267,1,5000000,182.94408681343054,1197464.3569715659,8000000000,802303,803903,798001,5902,4175,1600,0,1.2526468877900956,1.2526468877900956
18,264,0,8000000,176.78332613682775,0,9000000000,797001,806001,789001,17000,0,9000,0.8999999999999999,0,0.8999999999999999
18,265,0,9000000,182.08125136872277,0,3000000000,806001,809001,792001,17000,0,3000,0.3,0,0.3
18,268,0,3000000,182.94408681343054,0,2000000000,809001,811001,801001,10000,0,2000,0.19999999999999998,0,0.19999999999999998
18,269,0,7000000,185.76227092711804,0,5000000000,811001,816001,804001,12000,0,5000,0.49999999999999994,0,0.49999999999999994
18,270,0,9000000,195.66407258359925,0,4000000000,816001,820001,807001,13000,0,4000,0.39999999999999997,0,0.39999999999999997
18,271,0,6000000,211.40174313377835,0,3000000000,820001,823001,810001,13000,0,3000,0.3,0,0.3
18,273,0,5000000,233.53499031194445,0,2000000000,823001,825001,816001,9000,0,2000,0.19999999999999998,0,0.19999999999999998
18,272,1,5000000,230.57845736321514,476907.85048504866,7000000000,824158,825558,813001,12557,10484,1400,0,3.1452617072132383,3.1452617072132383
18,274,0,5000000,213.7116679079549,0,3000000000,825001,828001,819001,9000,0,3000,0.3,0,0.3
18,275,0,10000000,197.28965761032683,0,3000000000,828001,831001,822001,9000,0,3000,0.3,0,0.3
18,279,1,4000000,196.56898280247572,900270.3596858792,10000000000,838446,840446,834001,6445,4443,2000,0,1.3329329207491647,1.3329329207491647
18,276,0,4000000,189.4850519170312,0,10000000000,831001,841001,825001,16000,0,10000,0.9999999999999999,0,0.9999999999999999
18,282,1,6000000,159.10886336090766,2080134.637194805,7000000000,847303,848703,843001,5702,2884,1400,0,0.8653286031655217,0.8653286031655217
18,277,0,7000000,189.1017191883776,0,10000000000,841001,851001,828001,23000,0,10000,0.9999999999999999,0,0.9999999999999999
18,280,1,10000000,198.88824123109944,859251.3324693695,6000000000,850503,851703,837001,14702,11638,1200,0,3.4914115191167814,3.4914115191167814
18,278,0,5000000,187.15923087040085,0,4000000000,851001,855001,831001,24000,0,4000,0.39999999999999997,0,0.39999999999999997
18,285,1,3000000,140.13645136080763,3424458.625863189,3000000000,856103,856703,852001,4702,876,600,0,0.2628152646385502,0.2628152646385502
18,286,1,3000000,148.3086824835283,2742815.8321337327,6000000000,858703,859903,855001,4902,1094,1200,0,0.32812994203109086,0.32812994203109086
18,281,0,7000000,177.31628971981115,0,6000000000,855001,861001,840001,21000,0,6000,0.6,0,0.6
18,288,1,3000000,150.18354437154554,2610798.923265966,4000000000,862150,862950,861001,1949,1149,800,0,0.34472206648306314,0.34472206648306314
18,283,0,5000000,146.01677985765883,0,6000000000,861001,867001,846001,21000,0,6000,0.6,0,0.6
18,289,1,4000000,142.9653122264279,3167046.6886413596,2000000000,866902,867302,864001,3301,1263,400,0,0.37890189756400194,0.37890189756400194
18,290,1,10000000,142.83597200985474,3178284.133774084,2000000000,870147,870547,867001,3546,3146,400,0,0.9439055395080808,0.9439055395080808
18,291,1,5000000,153.72898360426376,2381950.1966023208,9000000000,872858,874658,870001,4657,2099,1800,0,0.629736088579703,0.629736088579703
18,284,0,2000000,139.3840683148544,0,10000000000,867001,877001,849001,28000,0,10000,0.9999999999999999,0,0.9999999999999999
18,293,1,2000000,142.04224723651768,3248332.8669892084,2000000000,878054,878454,876001,2453,616,400,0,0.18471013426531122,0.18471013426531122
18,294,1,2000000,144.47451159287579,3039478.022558797,4000000000,879659,880459,879001,1458,658,800,0,0.19740231564329178,0.19740231564329178
18,295,1,7000000,145.34274835711616,2968959.2086826353,8000000000,884359,885959,882001,3958,2358,1600,0,0.7073185761052596,0.7073185761052596
18,287,0,5000000,156.80328599873152,0,9000000000,877001,886001,858001,28000,0,9000,0.8999999999999999,0,0.8999999999999999
18,292,0,6000000,147.53705737881586,0,9000000000,886001,895001,873001,22000,0,9000,0.8999999999999999,0,0.8999999999999999
18,298,1,6000000,145.34274835711616,2968959.2086826353,9000000000,896775,898575,891001,7574,2021,1800,0,0.6062730652330797,0.6062730652330797
18,299,1,2000000,145.34274835711616,2968959.2086826353,6000000000,901575,902775,894001,8774,674,1200,0,0.2020910217443599,0.2020910217443599
18,296,0,2000000,145.34274835711616,0,8000000000,895001,903001,885001,18000,0,8000,0.7999999999999999,0,0.7999999999999999
18,300,1,8000000,145.34274835711616,2968959.2086826353,8000000000,902775,904375,897001,7374,2695,1600,0,0.8083640869774396,0.8083640869774396
18,302,1,3000000,122.43882145790197,5780328.764368609,7000000000,908375,909775,903001,6774,519,1400,0,0.15570048637161002,0.15570048637161002
18,297,0,8000000,145.34274835711616,0,8000000000,903001,911001,888001,23000,0,8000,0.7999999999999999,0,0.7999999999999999
18,303,1,6000000,99.444660490144,12652478.474698491,10000000000,911975,913975,906001,7974,474,2000,0,0.1422646166598512,0.1422646166598512
18,304,1,4000000,79.83634072275608,27373911.522579007,5000000000,914775,915775,909001,6774,146,1000,0,0.0438373594877077,0.0438373594877077
18,307,1,4000000,65.34433257750815,51017740.41097075,3000000000,918672,919272,918001,1271,78,600,0,0.023521229876773502,0.023521229876773502
18,301,0,5000000,145.19882781896004,0,9000000000,911001,920001,900001,20000,0,9000,0.8999999999999999,0,0.8999999999999999
18,305,0,6000000,77.85218943613597,0,4000000000,920001,924001,912001,12000,0,4000,0.39999999999999997,0,0.39999999999999997
18,308,1,7000000,73.18027739767042,36287935.35639051,8000000000,922672,924272,921001,3271,193,1600,0,0.05787047346109698,0.05787047346109698
18,309,1,4000000,84.03683954076335,23021054.586418,10000000000,927472,929472,924001,5471,174,2000,0,0.052126195848038084,0.052126195848038084
18,306,0,6000000,69.31576444070998,0,8000000000,924001,932001,915001,17000,0,8000,0.7999999999999999,0,0.7999999999999999
18,310,1,8000000,101.99675485033832,11525096.533502087,4000000000,933072,933872,927001,6871,694,800,0,0.20824120587827485,0.20824120587827485
18,311,1,5000000,125.33486067331788,5282732.601447288,3000000000,933872,934472,930001,4471,946,600,0,0.2839439572597431,0.2839439572597431
18,312,1,5000000,150.39338948238384,2596516.5010808073,6000000000,936672,937872,933001,4871,1926,1200,0,0.5776970796741021,0.5776970796741021
18,313,1,4000000,173.48385285092095,1477926.9920840578,4000000000,942472,943272,936001,7271,2706,800,0,0.8119480910947119,0.8119480910947119
18,315,0,9000000,208.76807514560267,0,5000000000,942001,947001,942001,5000,0,5000,0.49999999999999994,0,0.49999999999999994
18,316,1,6000000,189.23283568133732,1047137.7438169628,3000000000,950759,951359,945001,6358,5730,600,0,1.718971559022168,1.718971559022168
18,314,1,6000000,200.21347532071866,836856.4620872935,2000000000,951272,951672,939001,12671,7170,400,0,2.150906495374878,2.150906495374878
18,317,1,4000000,202.64013916300001,797701.4503402428,9000000000,954648,956448,948001,8447,5014,1800,0,1.504322199098629,1.504322199098629
18,319,0,2000000,238.36499344492682,0,6000000000,954001,960001,954001,6000,0,6000,0.6,0,0.6
18,318,1,3000000,223.03677387372693,544502.3650929087,3000000000,961648,962248,951001,11247,5510,600,0,1.652885382502301,1.652885382502301
18,320,0,9000000,219.45418701861215,0,6000000000,960001,966001,957001,9000,0,6000,0.6,0,0.6
18,321,1,5000000,199.24517685504958,853146.8418503111,4000000000,965862,966662,960001,6661,5861,800,0,1.758196744591809,1.758196744591809
18,322,1,6000000,179.62572226716307,1287626.1817921114,7000000000,967661,969061,963001,6060,4660,1400,0,1.3979212487701744,1.3979212487701744
18,323,1,6000000,164.04573081918352,1843842.1714730528,3000000000,969255,969855,966001,3854,3254,600,0,0.9762223838073802,0.9762223838073802
18,324,1,9000000,150.61398773022378,2581606.227624363,10000000000,972487,974487,969001,5486,3486,2000,0,1.0458605077369159,1.0458605077369159
18,325,1,10000000,141.27968466839098,3317433.3501585536,8000000000,975015,976615,972001,4614,3014,1600,0,0.904313571169898,0.904313571169898
18,326,1,9000000,137.42631662094422,3695673.5952280406,9000000000,977436,979236,975001,4235,2435,1800,0,0.730584000569292,0.730584000569292
18,327,0,6000000,137.94284214847832,0,3000000000,978001,981001,978001,3000,0,3000,0.3,0,0.3
18,328,1,7000000,139.35809484920492,3499766.516816261,9000000000,983001,984801,981001,3800,2000,1800,0,0.600040028358912,0.600040028358912
18,329,0,6000000,150.14050819149375,0,3000000000,984001,987001,984001,3000,0,3000,0.3,0,0.3
18,330,1,9000000,160.86577044231626,1991961.9589110396,10000000000,991519,993519,987001,6518,4518,2000,0,1.3554475716373764,1.3554475716373764
18,331,1,10000000,135.42580588647053,3912979.8499827,6000000000,993519,994719,990001,4718,2556,1200,0,0.7666791332986965,0.7666791332986965
18,332,0,10000000,110.08037518104668,0,5000000000,993001,998001,993001,5000,0,5000,0.49999999999999994,0,0.49999999999999994
19,1,0,3000000,134.86838102387085,0,3000000000,1,3001,1,3000,0,3000,0.3,0,0.3
19,2,1,2000000,142.22032379375318,3232452.6701945188,4000000000,4210,5010,3001,2009,619,800,0,0.18561756697396406,0.18561756697396406
19,3,1,10000000,163.19988756123578,1881867.718754749,6000000000,13717,14917,6001,8916,5314,1200,0,1.5941609338966345,1.5941609338966345
19,4,0,3000000,170.350688874451,0,10000000000,9001,19001,9001,10000,0,10000,0.9999999999999999,0,0.9999999999999999
19,7,1,5000000,160.91089956867435,1989758.7594564264,5000000000,20514,21514,18001,3513,2513,1000,0,0.7538602319860014,0.7538602319860014
19,8,1,5000000,165.3338446900694,1787746.7078522092,2000000000,23798,24198,21001,3197,2797,400,0,0.8390450355252469,0.8390450355252469
19,5,0,3000000,174.0563371440408,0,7000000000,19001,26001,12001,14000,0,7000,0.7,0,0.7
19,9,1,4000000,173.58083995648826,1474660.1389810236,9000000000,27997,29797,24001,5796,2712,1800,0,0.8137468208974502,0.8137468208974502
19,10,1,2000000,173.91563155737322,1463451.9418703753,6000000000,33197,34397,27001,7396,1367,1200,0,0.4099895478857787,0.4099895478857787
19,6,0,9000000,165.65498845492098,0,10000000000,26001,36001,15001,21000,0,10000,0.9999999999999999,0,0.9999999999999999
19,11,0,5000000,177.097679544369,0,8000000000,36001,44001,30001,14000,0,8000,0.7999999999999999,0,0.7999999999999999
19,14,1,5000000,178.63714423377908,1316105.9385200576,9000000000,46940,48740,39001,9739,3799,1800,0,1.1397258807955297,1.1397258807955297
19,15,1,6000000,156.92357694113397,2196663.943926236,4000000000,48740,49540,42001,7539,2731,800,0,0.8194243844066318,0.8194243844066318
19,12,1,9000000,188.2969253599219,1067957.7247620467,2000000000,49797,50197,33001,17196,8427,400,0,2.528189962389748,2.528189962389748
19,16,1,2000000,149.80448925182446,2636845.1596287237,8000000000,49540,51140,45001,6139,758,1600,0,0.2275446466050672,0.2275446466050672
19,13,1,9000000,205.21116953031574,758675.3806399786,6000000000,52740,53940,36001,17939,11863,1200,0,3.558834343250235,3.558834343250235
19,17,1,2000000,145.09770501286366,2988655.3206057274,7000000000,53940,55340,48001,7339,669,1400,0,0.20075918285498198,0.20075918285498198
19,18,0,3000000,123.46325323755244,0,7000000000,51001,58001,51001,7000,0,7000,0.7,0,0.7
19,19,0,8000000,98.46870822753793,0,2000000000,58001,60001,54001,6000,0,2000,0.19999999999999998,0,0.19999999999999998
19,21,1,3000000,77.09209168261035,30716078.103496015,3000000000,61740,62340,60001,2339,98,600,0,0.029300615689525956,0.029300615689525956
19,22,1,10000000,67.3209625599634,46786233.64214115,6000000000,63215,64415,63001,1414,214,1200,0,0.06412142560878954,0.06412142560878954
19,23,1,6000000,66.68634417929951,48103345.34418662,3000000000,66126,66726,66001,725,125,600,0,0.0374194349087518,0.0374194349087518
19,20,0,7000000,79.48035480544864,0,10000000000,60001,70001,57001,13000,0,10000,0.9999999999999999,0,0.9999999999999999
19,25,1,6000000,91.91036611830029,16828471.546691786,4000000000,72726,73526,72001,1525,357,800,0,0.10696158560840018,0.10696158560840018
19,24,0,9000000,78.71095603535758,0,4000000000,70001,74001,69001,5000,0,4000,0.39999999999999997,0,0.39999999999999997
19,26,1,3000000,114.6840289665479,7423284.683482284,3000000000,76258,76858,75001,1857,404,600,0,0.12124012999294101,0.12124012999294101
19,27,0,6000000,141.3024037304391,0,10000000000,78001,88001,78001,10000,0,10000,0.9999999999999999,0,0.9999999999999999
19,28,1,2000000,164.68839060480252,1815586.521309407,7000000000,86658,88058,81001,7057,1102,1400,0,0.3304717197213372,0.3304717197213372
19,29,1,3000000,193.35763548409466,961178.0885504902,2000000000,93258,93658,84001,9657,3121,400,0,0.9363509330068581,0.9363509330068581
19,31,1,4000000,188.81992400167945,1056260.4065683428,6000000000,93788,94988,90001,4987,3787,1200,0,1.1360834814386813,1.1360834814386813
19,30,1,5000000,213.2837351979752,650660.8964207426,9000000000,94988,96788,87001,9787,7684,1800,0,2.3053483131558004,2.3053483131558004
19,33,1,2000000,121.98736000094439,5862969.735444781,6000000000,96788,97988,96001,1987,341,1200,0,0.10233721596287283,0.10233721596287283
19,32,1,8000000,155.84786331547826,2256994.292000044,9000000000,97988,99788,93001,6787,3545,1800,0,1.0633611296700405,1.0633611296700405
19,34,1,9000000,99.08699864260701,12820747.60045071,2000000000,99788,100188,99001,1187,702,400,0,0.2105961433875418,0.2105961433875418
19,35,1,8000000,86.22376528544781,21070148.996574674,3000000000,102381,102981,102001,980,380,600,0,0.11390522204613562,0.11390522204613562
19,36,1,8000000,68.42726064953936,44580035.059617154,2000000000,105180,105580,105001,579,179,400,0,0.05383575846879585,0.05383575846879585
19,37,1,5000000,68.26203190647047,44902440.69451537,8000000000,108112,109712,108001,1711,111,1600,0,0.03340575649784708,0.03340575649784708
19,38,1,4000000,87.47564518195917,20039087.20347698,8000000000,112865,114465,111001,3464,200,1600,0,0.05988296711398053,0.05988296711398053
19,39,1,9000000,116.89011805965465,6903772.347233478,10000000000,115305,117305,114001,3304,1304,2000,0,0.39109053198748084,0.39109053198748084
19,40,1,4000000,77.18512356665634,30595598.689419646,10000000000,117305,119305,117001,2304,131,2000,0,0.03922132762236078,0.03922132762236078
19,41,1,9000000,93.59637279296673,15768078.939313041,8000000000,121305,122905,120001,2904,571,1600,0,0.17123201947374506,0.17123201947374506
19,43,1,7000000,116.2599681747763,7047532.961909681,9000000000,127505,129305,126001,3304,993,1800,0,0.29797661271682224,0.29797661271682224
19,42,0,8000000,117.30426121842294,0,9000000000,123001,132001,123001,9000,0,9000,0.8999999999999999,0,0.8999999999999999
19,44,1,9000000,96.00544255405522,14385900.480027353,9000000000,130305,132105,129001,3104,626,1800,0,0.18768376743246218,0.18768376743246218
19,45,0,8000000,76.38170723412772,0,6000000000,132001,138001,132001,6000,0,6000,0.6,0,0.6
19,46,1,5000000,68.73153933966562,43992697.28424364,8000000000,136505,138105,135001,3104,114,1600,0,0.034096568126029354,0.034096568126029354
19,47,1,9000000,76.7420126136916,31174178.926575147,8000000000,140705,142305,138001,4304,289,1600,0,0.08661013996100224,0.08661013996100224
19,48,0,9000000,95.72977906586854,0,9000000000,141001,150001,141001,9000,0,9000,0.8999999999999999,0,0.8999999999999999
19,50,1,3000000,129.112571037835,4709948.897296364,6000000000,150705,151905,147001,4904,637,1200,0,0.19108487578636446,0.19108487578636446
19,49,0,7000000,109.83728419803543,0,7000000000,150001,157001,144001,13000,0,7000,0.7,0,0.7
19,51,1,7000000,158.5970321285995,2106727.0731988354,8000000000,157105,158705,150001,8704,3323,1600,0,0.9968068606112224,0.9968068606112224
19,52,1,2000000,184.0875033781489,1168226.6930437156,8000000000,158705,160305,153001,7304,1712,1600,0,0.5135989475097088,0.5135989475097088
19,53,0,10000000,209.8690496476315,0,7000000000,157001,164001,156001,8000,0,7000,0.7,0,0.7
19,54,1,2000000,202.7025258846076,796725.2550563186,2000000000,167858,168258,159001,9257,2510,400,0,0.7530826921729592,0.7530826921729592
19,56,1,6000000,155.1046163078327,2299880.1075601974,9000000000,172858,174658,165001,9657,2609,1800,0,0.7826494929379212,0.7826494929379212
19,58,0,9000000,109.35348919901915,0,7000000000,171001,178001,171001,7000,0,7000,0.7,0,0.7
19,57,1,2000000,131.48321870109507,4389193.462446852,10000000000,176258,178258,168001,10257,456,2000,0,0.13669937430042486,0.13669937430042486
19,59,0,5000000,91.17679364838405,0,3000000000,178001,181001,174001,7000,0,3000,0.3,0,0.3
19,55,1,10000000,178.05087475213367,1333365.931861222,3000000000,181858,182458,162001,20457,7500,600,0,2.249944991329089,2.249944991329089
19,63,0,3000000,80.53704302990025,0,3000000000,186001,189001,186001,3000,0,3000,0.3,0,0.3
19,65,0,4000000,122.19620493288649,0,2000000000,192001,194001,192001,2000,0,2000,0.19999999999999998,0,0.19999999999999998
19,60,1,3000000,79.02527317257436,28317372.617897045,9000000000,193858,195658,177001,18657,106,1800,0,0.03178260964194062,0.03178260964194062
19,61,1,3000000,69.66309281104307,42245050.66318163,2000000000,199658,200058,180001,20057,71,400,0,0.021304270816850705,0.021304270816850705
19,62,1,6000000,69.69971018591113,42177881.426482566,9000000000,205258,207058,183001,24057,142,1800,0,0.04267639670658801,0.04267639670658801
19,64,1,3000000,97.57926419070803,13559915.907142017,6000000000,215058,216258,189001,27257,221,1200,0,0.06637209302499947,0.06637209302499947
19,75,0,8000000,145.34274835711616,0,6000000000,222001,228001,222001,6000,0,6000,0.6,0,0.6
19,76,0,7000000,145.34274835711616,0,3000000000,228001,231001,225001,6000,0,3000,0.3,0,0.3
19,77,0,7000000,145.34274835711616,0,2000000000,231001,233001,228001,5000,0,2000,0.19999999999999998,0,0.19999999999999998
19,66,1,10000000,146.36183792232183,2888746.185770531,7000000000,231658,233058,195001,38057,3462,1400,0,1.038512838122465,1.038512838122465
19,78,0,8000000,145.34274835711616,0,6000000000,233001,239001,231001,8000,0,6000,0.6,0,0.6
19,67,1,10000000,156.90981486191362,2197423.074652299,10000000000,241258,243258,198001,45257,4551,2000,0,1.3652355045350992,1.3652355045350992
19,68,1,6000000,146.53573284356276,2875327.406509473,5000000000,244258,245258,201001,44257,2087,1000,0,0.6260156655290691,0.6260156655290691
19,79,0,2000000,149.6127845473107,0,8000000000,239001,247001,234001,13000,0,8000,0.7999999999999999,0,0.7999999999999999
19,69,1,5000000,141.95172594935224,3256442.1000782223,6000000000,249058,250258,204001,46257,1535,1200,0,0.4606254169125159,0.4606254169125159
19,81,0,4000000,197.50697835772792,0,10000000000,247001,257001,240001,17000,0,10000,0.9999999999999999,0,0.9999999999999999
19,70,1,10000000,144.0171882102966,3077453.5865049227,4000000000,257458,258258,207001,51257,3249,800,0,0.9748319237552215,0.9748319237552215
19,86,1,2000000,172.3767234866703,1515863.6342970335,4000000000,258550,259350,255001,4349,1319,800,0,0.39581396797492535,0.39581396797492535
19,82,0,2000000,213.30400652589722,0,5000000000,257001,262001,243001,19000,0,5000,0.49999999999999994,0,0.49999999999999994
19,71,1,9000000,152.69254238501637,2446188.6075100065,9000000000,263658,265458,210001,55457,3679,1800,0,1.103757899824556,1.103757899824556
19,85,1,8000000,192.321261435131,981922.8905601329,9000000000,264950,266750,252001,14749,8147,1800,0,2.444183777639538,2.444183777639538
19,72,1,8000000,145.88083081748604,2926268.5409057843,7000000000,265458,266858,213001,53857,2734,1400,0,0.8201571272256217,0.8201571272256217
19,83,0,2000000,196.51949343512973,0,7000000000,262001,269001,246001,23000,0,7000,0.7,0,0.7
19,87,1,10000000,146.4377304522301,2882880.3692663824,7000000000,267750,269150,258001,11149,3469,1400,0,1.0406259073328878,1.0406259073328878
19,89,1,5000000,99.07617776236629,12825879.753100868,10000000000,269150,271150,264001,7149,390,2000,0,0.11695104186809098,0.11695104186809098
19,84,0,5000000,196.51949343512973,0,5000000000,269001,274001,249001,25000,0,5000,0.49999999999999994,0,0.49999999999999994
19,73,1,10000000,141.9939787455792,3252653.834306696,10000000000,272258,274258,216001,58257,3074,2000,0,0.9223237863058522,0.9223237863058522
19,91,1,10000000,68.64444988489602,44159961.10946781,2000000000,275950,276350,270001,6349,226,400,0,0.06793484243709638,0.06793484243709638
19,92,1,7000000,74.12466863332342,34847934.25502295,3000000000,276350,276950,273001,3949,201,600,0,0.060261821680213594,0.060261821680213594
19,74,1,7000000,144.0594891008572,3073916.486187025,8000000000,277258,278858,219001,59857,2277,1600,0,0.683167551700437,0.683167551700437
19,93,1,9000000,91.50956725938549,17092680.10966526,3000000000,279350,279950,276001,3949,527,600,0,0.15796235480199813,0.15796235480199813
19,88,0,2000000,121.72461254816139,0,8000000000,274001,282001,261001,21000,0,8000,0.7999999999999999,0,0.7999999999999999
19,94,1,8000000,113.60903177124605,7693581.63971711,5000000000,282550,283550,279001,4549,1040,1000,0,0.3119483372491056,0.3119483372491056
19,95,1,7000000,134.831195203484,3980580.7124416637,3000000000,286350,286950,282001,4949,1759,600,0,0.5275612157382616,0.5275612157382616
19,90,0,5000000,80.27773041136625,0,6000000000,282001,288001,267001,21000,0,6000,0.6,0,0.6
19,96,1,7000000,156.38066280713863,2226859.7034206893,7000000000,289253,290653,285001,5652,3143,1400,0,0.9430320180360624,0.9430320180360624
19,97,0,4000000,179.828392919472,0,6000000000,288001,294001,288001,6000,0,6000,0.6,0,0.6
19,98,0,10000000,203.27275788949188,0,9000000000,294001,303001,291001,12000,0,9000,0.8999999999999999,0,0.8999999999999999
19,80,1,5000000,170.94236338602553,1566829.8396169827,3000000000,305858,306458,237001,69457,3191,600,0,0.957347097989071,0.957347097989071
19,99,0,10000000,209.77515772845936,0,10000000000,303001,313001,294001,19000,0,10000,0.9999999999999999,0,0.9999999999999999
19,102,1,10000000,193.94650241754815,949633.8532390394,3000000000,315167,315767,303001,12766,10530,600,0,3.159112314464686,3.159112314464686
19,100,0,8000000,200.78849070601632,0,5000000000,313001,318001,297001,21000,0,5000,0.49999999999999994,0,0.49999999999999994
19,104,1,7000000,203.2574586577329,788107.1207270176,10000000000,320967,322967,309001,13966,8882,2000,0,2.664612391857061,2.664612391857061
19,101,0,7000000,195.32835790022912,0,7000000000,318001,325001,300001,25000,0,7000,0.7,0,0.7
19,106,1,8000000,198.53650067430925,865320.2879308485,10000000000,325767,327767,315001,12766,9245,2000,0,2.7735395014704594,2.7735395014704594
19,103,0,5000000,196.58170845732317,0,5000000000,325001,330001,306001,24000,0,5000,0.49999999999999994,0,0.49999999999999994
19,107,1,7000000,206.13899194475556,745178.0999010584,6000000000,333167,334367,318001,16366,9394,1200,0,2.818118246200243,2.818118246200243
19,105,0,9000000,194.76213723411436,0,8000000000,330001,338001,312001,26000,0,8000,0.7999999999999999,0,0.7999999999999999
19,111,1,5000000,190.73069705739556,1014856.9398841425,4000000000,337967,338767,330001,8766,4927,800,0,1.478040836150997,1.478040836150997
19,108,0,9000000,213.46383042567186,0,4000000000,338001,342001,321001,21000,0,4000,0.39999999999999997,0,0.39999999999999997
19,115,1,3000000,196.45279153017907,902388.8177789657,7000000000,347367,348767,342001,6766,3325,1400,0,0.9973527843742066,0.9973527843742066
19,109,0,8000000,200.3426993928154,0,7000000000,342001,349001,324001,25000,0,7000,0.7,0,0.7
19,114,1,5000000,207.83697649840843,721242.9567623489,5000000000,350767,351767,339001,12766,6932,1000,0,2.079743012997288,2.079743012997288
19,117,1,5000000,147.40617761817174,2809304.2892920487,2000000000,356767,357167,348001,9166,1780,400,0,0.5339400241253337,0.5339400241253337
19,110,0,7000000,193.48949377162575,0,10000000000,349001,359001,327001,32000,0,10000,0.9999999999999999,0,0.9999999999999999
19,118,1,2000000,125.46079547013879,5262307.778913319,9000000000,358567,360367,351001,9366,380,1800,0,0.11401841648340486,0.11401841648340486
19,112,0,6000000,192.33623527562352,0,2000000000,359001,361001,333001,28000,0,2000,0.19999999999999998,0,0.19999999999999998
19,113,0,10000000,198.34194563934275,0,8000000000,361001,369001,336001,33000,0,8000,0.7999999999999999,0,0.7999999999999999
19,121,1,9000000,66.22471215490486,49085773.05957636,7000000000,369367,370767,360001,10766,183,1400,0,0.055005754859416334,0.055005754859416334
19,116,0,5000000,171.35100174787422,0,9000000000,369001,378001,345001,33000,0,9000,0.8999999999999999,0,0.8999999999999999
19,124,1,8000000,108.99355256160803,8998552.963759521,5000000000,381367,382367,369001,13366,889,1000,0,0.2667095487091849,0.2667095487091849
19,119,0,10000000,102.11556198738761,0,7000000000,378001,385001,354001,31000,0,7000,0.7,0,0.7
19,126,1,10000000,160.6138649058667,2004315.6717172768,7000000000,390967,392367,375001,17366,4989,1400,0,1.4967702155567297,1.4967702155567297
19,120,0,9000000,80.48966703869513,0,8000000000,385001,393001,357001,36000,0,8000,0.7999999999999999,0,0.7999999999999999
19,131,1,6000000,172.59221129587513,1508385.8057778934,10000000000,393979,395979,390001,5978,3978,2000,0,1.193328651797885,1.193328651797885
19,130,1,6000000,200.0784118789431,839105.3341830126,7000000000,395979,397379,387001,10378,7150,1400,0,2.1451418870463432,2.1451418870463432
19,128,1,8000000,183.06932512029422,1194217.9082499098,7000000000,398367,399767,381001,18766,6699,1400,0,2.0096834785513535,2.0096834785513535
19,132,1,10000000,165.12607062484105,1796650.272861033,10000000000,398567,400567,393001,7566,5566,2000,0,1.6697740485813755,1.6697740485813755
19,122,0,7000000,70.04778725984143,0,9000000000,393001,402001,363001,39000,0,9000,0.8999999999999999,0,0.8999999999999999
19,134,1,7000000,165.12607062484105,1796650.272861033,7000000000,403422,404822,399001,5821,3896,1400,0,1.1688418340069628,1.1688418340069628
19,136,1,3000000,164.0287490045571,1844596.1766648686,8000000000,406627,408227,405001,3226,1626,1600,0,0.48791166944043524,0.48791166944043524
19,135,1,9000000,165.12607062484105,1796650.272861033,6000000000,408227,409427,402001,7426,5009,1200,0,1.5027966437232378,1.5027966437232378
19,123,0,4000000,86.73288764938016,0,10000000000,402001,412001,366001,46000,0,10000,0.9999999999999999,0,0.9999999999999999
19,137,1,7000000,150.75137743980983,2572373.5276761805,10000000000,412827,414827,408001,6826,2721,2000,0,0.8163666658073133,0.8163666658073133
19,125,0,4000000,134.0319551450325,0,8000000000,412001,420001,372001,48000,0,8000,0.7999999999999999,0,0.7999999999999999
19,140,1,9000000,144.9169914123254,3003284.1609441834,3000000000,423627,424227,417001,7226,2997,600,0,0.899015829108613,0.899015829108613
19,142,1,2000000,166.68724036350233,1731071.1741646477,10000000000,424156,426156,423001,3155,1155,2000,0,0.3466061990718194,0.3466061990718194
19,127,0,8000000,174.0341161956471,0,9000000000,420001,429001,378001,51000,0,9000,0.8999999999999999,0,0.8999999999999999
19,141,1,7000000,156.1985060748022,2237105.9242825243,6000000000,428227,429427,420001,9426,3129,1200,0,0.9387128151625201,0.9387128151625201
19,144,1,3000000,122.59987153337477,5751192.69398596,10000000000,429523,431523,429001,2522,522,2000,0,0.1564892793352469,0.1564892793352469
19,145,1,7000000,106.2873322649506,9888117.46351183,5000000000,432709,433709,432001,1708,708,1000,0,0.2123761178757449,0.2123761178757449
19,146,1,8000000,96.51263181573692,14113384.668163607,4000000000,435568,436368,435001,1367,567,800,0,0.17005134178860876,0.17005134178860876
19,129,0,5000000,207.73088841094383,0,10000000000,429001,439001,384001,55000,0,10000,0.9999999999999999,0,0.9999999999999999
19,147,1,3000000,95.21685197484739,14822040.910672829,8000000000,438203,439803,438001,1802,202,1600,0,0.06072038293673456,0.06072038293673456
19,133,0,4000000,165.12607062484105,0,3000000000,439001,442001,396001,46000,0,3000,0.3,0,0.3
19,148,1,8000000,102.62084437384047,11267882.879656855,8000000000,444003,445603,441001,4602,710,1600,0,0.21299475914264102,0.21299475914264102
19,150,1,2000000,133.14625417186926,4180092.647509602,3000000000,447638,448238,447001,1237,478,600,0,0.14353748842324476,0.14353748842324476
19,138,0,4000000,139.99006036144135,0,8000000000,442001,450001,411001,39000,0,8000,0.7999999999999999,0,0.7999999999999999
19,139,0,5000000,139.20470717615837,0,5000000000,450001,455001,414001,41000,0,5000,0.49999999999999994,0,0.49999999999999994
19,152,1,10000000,167.54794925632487,1696185.385985553,9000000000,458897,460697,453001,7696,5896,1800,0,1.7686745946445455,1.7686745946445455
19,143,0,9000000,143.26172133546353,0,8000000000,455001,463001,426001,37000,0,8000,0.7999999999999999,0,0.7999999999999999
19,155,1,8000000,192.44894102072888,979337.2607393068,3000000000,470170,470770,462001,8769,8169,600,0,2.450636870681534,2.450636870681534
19,149,0,5000000,117.24584640830564,0,8000000000,463001,471001,444001,27000,0,8000,0.7999999999999999,0,0.7999999999999999
19,158,1,2000000,187.2310564516474,1092300.076315159,10000000000,472832,474832,471001,3831,1831,2000,0,0.5492996045776007,0.5492996045776007
19,151,0,7000000,148.86932927906943,0,4000000000,471001,475001,450001,25000,0,4000,0.39999999999999997,0,0.39999999999999997
19,156,1,10000000,181.6670385623104,1231203.1178272618,3000000000,474832,475432,465001,10431,8122,600,0,2.436641003065508,2.436641003065508
19,157,1,9000000,182.1391196311215,1218594.9736086766,7000000000,475432,476832,468001,8831,7386,1400,0,2.2156664506865447,2.2156664506865447
19,153,0,9000000,183.02059173765122,0,4000000000,475001,479001,456001,23000,0,4000,0.39999999999999997,0,0.39999999999999997
19,154,0,10000000,200.85045232709837,0,5000000000,479001,484001,459001,25000,0,5000,0.49999999999999994,0,0.49999999999999994
19,162,1,2000000,168.49713172632934,1658719.5152513047,9000000000,485270,487070,483001,4069,1206,1800,0,0.36172480909715277,0.36172480909715277
19,159,0,8000000,203.55687288814397,0,5000000000,484001,489001,474001,15000,0,5000,0.49999999999999994,0,0.49999999999999994
19,163,1,6000000,140.61629493056623,3379026.6941521186,9000000000,487777,489577,486001,3576,1776,1800,0,0.5326977745145232,0.5326977745145232
19,161,1,7000000,198.31041853619286,869249.3247703293,8000000000,489577,491177,480001,11176,8053,1600,0,2.415877631604553,2.415877631604553
19,164,1,10000000,119.14416141800653,6417882.657235687,5000000000,494377,495377,489001,6376,1558,1000,0,0.46744388456802377,0.46744388456802377
19,160,0,10000000,221.9066499679538,0,7000000000,489001,496001,477001,19000,0,7000,0.7,0,0.7
19,165,1,3000000,100.76705910167269,12052695.422590943,3000000000,497177,497777,492001,5776,249,600,0,0.07467209353959837,0.07467209353959837
19,166,0,10000000,91.8589571027235,0,5000000000,496001,501001,495001,6000,0,5000,0.49999999999999994,0,0.49999999999999994
19,167,1,8000000,94.86430993793185,15022045.050059807,9000000000,504377,506177,498001,8176,533,1800,0,0.15976519788099325,0.15976519788099325
19,168,1,9000000,108.96490811265797,9007451.61444702,5000000000,507977,508977,501001,7976,999,1000,0,0.29975181833555226,0.29975181833555226
19,169,1,10000000,130.66588384119243,4496663.13005776,4000000000,509777,510577,504001,6576,2224,800,0,0.6671613846157662,0.6671613846157662
19,170,1,8000000,156.90822954835735,2197510.5430823,6000000000,512577,513777,507001,6776,3640,1200,0,1.0921449307968651,1.0921449307968651
19,172,0,10000000,148.18364619619808,0,4000000000,513001,517001,513001,4000,0,4000,0.39999999999999997,0,0.39999999999999997
19,173,0,10000000,142.12744597719325,0,10000000000,517001,527001,516001,11000,0,10000,0.9999999999999999,0,0.9999999999999999
19,176,0,8000000,145.34274835711616,0,5000000000,527001,532001,525001,7000,0,5000,0.49999999999999994,0,0.49999999999999994
19,182,1,3000000,212.4200221259757,661259.4725921998,3000000000,547538,548138,543001,5137,4537,600,0,1.3610391038663154,1.3610391038663154
19,183,1,2000000,180.42446979276394,1265173.0942467633,3000000000,548138,548738,546001,2737,1581,600,0,0.474243408058893,0.474243408058893
19,184,1,5000000,149.35405250611717,2668215.3861775934,5000000000,550875,551875,549001,2874,1874,1000,0,0.5621735065956784,0.5621735065956784
19,171,1,9000000,161.46257306261407,1963068.7593397703,10000000000,552427,554427,510001,44426,4585,2000,0,1.3753975693179887,1.3753975693179887
19,185,1,8000000,119.95526874631226,6253285.51790154,8000000000,553475,555075,552001,3074,1279,1600,0,0.38379824383988553,0.38379824383988553
19,186,0,7000000,93.63647846859683,0,2000000000,555001,557001,555001,2000,0,2000,0.19999999999999998,0,0.19999999999999998
19,174,1,7000000,144.1668633910026,3064960.609576031,3000000000,559827,560427,519001,41426,2284,600,0,0.685163781041378,0.685163781041378
19,175,1,7000000,145.34274835711616,2968959.2086826353,10000000000,560427,562427,522001,40426,2358,2000,0,0.7073185761052596,0.7073185761052596
19,187,1,6000000,73.85974884874716,35245486.70032161,7000000000,561816,563216,558001,5215,170,1400,0,0.051070368677405026,0.051070368677405026
19,188,1,10000000,70.12855053400143,41399663.0410072,6000000000,564816,566016,561001,5015,242,1200,0,0.07246435791103999,0.07246435791103999
19,177,1,7000000,145.34274835711616,2968959.2086826353,9000000000,566027,567827,528001,39826,2358,1800,0,0.7073185761052596,0.7073185761052596
19,190,1,8000000,114.10777361775142,7566720.54501695,6000000000,571416,572616,567001,5615,1057,1200,0,0.3171783582757679,0.3171783582757679
19,189,0,2000000,88.15911807635105,0,9000000000,564001,573001,564001,9000,0,9000,0.8999999999999999,0,0.8999999999999999
19,178,1,8000000,145.34274835711616,2968959.2086826353,6000000000,572427,573627,531001,42626,2695,1200,0,0.8083640869774396,0.8083640869774396
19,179,1,6000000,146.8609716704884,2850436.058636348,9000000000,575227,577027,534001,43026,2105,1800,0,0.6314823286585569,0.6314823286585569
19,180,1,3000000,162.38141180566205,1919593.1770722687,7000000000,577827,579227,537001,42226,1563,1400,0,0.46884934305333636,0.46884934305333636
19,191,0,2000000,139.26056620594358,0,7000000000,573001,580001,570001,10000,0,7000,0.7,0,0.7
19,181,1,2000000,193.2956166083442,962404.0613488497,6000000000,582827,584027,540001,44026,2078,1200,0,0.6234387655836311,0.6234387655836311
19,192,0,9000000,165.55943283304637,0,7000000000,580001,587001,573001,14000,0,7000,0.7,0,0.7
19,197,1,3000000,231.98037783398837,465520.38133843784,5000000000,594445,595445,588001,7444,6444,1000,0,1.9333202928996813,1.9333202928996813
19,193,0,7000000,194.29055046501873,0,10000000000,587001,597001,576001,21000,0,10000,0.9999999999999999,0,0.9999999999999999
19,198,1,4000000,214.00011308408227,642030.5090575453,5000000000,597231,598231,591001,7230,6230,1000,0,1.869070056750907,1.869070056750907
19,194,0,10000000,214.6423539285758,0,6000000000,597001,603001,579001,24000,0,6000,0.6,0,0.6
19,195,1,10000000,229.35924703399246,487094.999818239,4000000000,602635,603435,582001,21434,20530,800,0,6.1589628329575525,6.1589628329575525
19,201,1,4000000,188.76526613760277,1057475.3911003151,9000000000,603784,605584,600001,5583,3783,1800,0,1.134778180276504,1.134778180276504
19,199,0,3000000,200.2313102389334,0,3000000000,603001,606001,594001,12000,0,3000,0.3,0,0.3
19,196,1,7000000,249.97855047983614,345536.7539740229,5000000000,605259,606259,585001,21258,20258,1000,0,6.077501093148186,6.077501093148186
19,202,1,4000000,192.0790537773445,986851.2144362896,4000000000,607054,607854,603001,4853,4053,800,0,1.215988775659019,1.215988775659019
19,200,0,5000000,191.55990864478926,0,4000000000,606001,610001,597001,13000,0,4000,0.39999999999999997,0,0.39999999999999997
19,204,0,5000000,215.5711253855674,0,9000000000,610001,619001,609001,10000,0,9000,0.8999999999999999,0,0.8999999999999999
19,205,0,8000000,229.51063787981596,0,2000000000,619001,621001,612001,9000,0,2000,0.19999999999999998,0,0.19999999999999998
19,203,1,10000000,201.26719181227725,819566.8598362743,10000000000,619541,621541,606001,15540,12202,2000,0,3.660470117836772,3.660470117836772
19,206,0,6000000,225.40633753290967,0,4000000000,621001,625001,615001,10000,0,4000,0.39999999999999997,0,0.39999999999999997
19,209,1,2000000,216.663690774435,611167.3872527567,2000000000,627273,627673,624001,3672,3272,400,0,0.9817277762431745,0.9817277762431745
19,208,0,3000000,226.6985666033202,0,5000000000,625001,630001,621001,9000,0,5000,0.49999999999999994,0,0.49999999999999994
19,207,1,8000000,211.05853808837017,678406.9739418671,9000000000,629793,631593,618001,13592,11792,1800,0,3.537699481558774,3.537699481558774
19,210,0,6000000,203.3723806223451,0,4000000000,630001,634001,627001,7000,0,4000,0.39999999999999997,0,0.39999999999999997
19,211,0,6000000,194.80269736325522,0,3000000000,634001,637001,630001,7000,0,3000,0.3,0,0.3
19,213,0,9000000,194.98873454638348,0,2000000000,637001,639001,636001,3000,0,2000,0.19999999999999998,0,0.19999999999999998
19,212,1,3000000,191.961465143398,989254.9540578022,6000000000,639001,640201,633001,7200,3033,1200,0,0.9097755804085799,0.9097755804085799
19,214,0,2000000,202.84662974769878,0,6000000000,639001,645001,639001,6000,0,6000,0.6,0,0.6
19,216,0,2000000,228.9387446458113,0,10000000000,645001,655001,645001,10000,0,10000,0.9999999999999999,0,0.9999999999999999
19,215,1,8000000,214.3722579999567,637603.5024436911,10000000000,656322,658322,642001,16321,12547,2000,0,3.764094756069744,3.764094756069744
19,218,0,4000000,243.618038946216,0,10000000000,655001,665001,651001,14000,0,10000,0.9999999999999999,0,0.9999999999999999
19,217,1,7000000,246.0350229134055,368170.77137102425,5000000000,667014,668014,648001,20013,19013,1000,0,5.703874840959942,5.703874840959942
19,219,0,7000000,227.56734827298925,0,5000000000,665001,670001,654001,16000,0,5000,0.49999999999999994,0,0.49999999999999994
19,222,1,5000000,169.692737027841,1612977.1101484017,7000000000,669961,671361,663001,8360,3100,1400,0,0.9299574002398538,0.9299574002398538
19,221,1,8000000,194.86197012244335,932027.5618660215,6000000000,676761,677961,660001,17960,8583,1200,0,2.5750311452109167,2.5750311452109167
19,223,1,9000000,146.2127302939111,2900313.873070278,3000000000,677961,678561,666001,12560,3103,600,0,0.9309337258528417,0.9309337258528417
19,220,0,2000000,216.69359589060312,0,10000000000,670001,680001,657001,23000,0,10000,0.9999999999999999,0,0.9999999999999999
19,224,1,3000000,124.7165221612598,5384436.509711137,6000000000,680161,681361,669001,12360,557,1200,0,0.16714840975036085,0.16714840975036085
19,225,1,7000000,101.72097374681393,11640985.806893762,5000000000,684361,685361,672001,13360,601,1000,0,0.18039709306718554,0.18039709306718554
19,226,0,5000000,80.51341875737239,0,10000000000,680001,690001,675001,15000,0,10000,0.9999999999999999,0,0.9999999999999999
19,227,1,8000000,66.37393464305097,48765932.14951158,9000000000,690361,692161,678001,14160,164,1800,0,0.049214685215937935,0.049214685215937935
19,228,1,9000000,69.58190569393746,42394383.54854411,8000000000,692761,694361,681001,13360,212,1600,0,0.06368768157480904,0.06368768157480904
19,229,1,8000000,85.59436955781615,21611498.983168617,7000000000,696161,697561,684001,13560,370,1400,0,0.1110519914360942,0.1110519914360942
19,230,1,4000000,107.17896155496189,9583808.470560052,5000000000,697961,698961,687001,11960,417,1000,0,0.12521118339188547,0.12521118339188547
19,234,0,10000000,211.89763212457092,0,3000000000,699001,702001,699001,3000,0,3000,0.3,0,0.3
19,231,1,9000000,131.59203167365416,4375124.773049917,2000000000,703161,703561,690001,13560,2057,400,0,0.6171252570056006,0.6171252570056006
19,232,1,4000000,157.56071369475322,2161871.7294539725,10000000000,704961,706961,693001,13960,1850,2000,0,0.5550745604611269,0.5550745604611269
19,236,1,2000000,176.5909425763394,1377585.526985907,3000000000,714124,714724,705001,9723,1452,600,0,0.43554464550217226,0.43554464550217226
19,238,0,9000000,172.0462568613453,0,4000000000,711001,715001,711001,4000,0,4000,0.39999999999999997,0,0.39999999999999997
19,233,1,7000000,184.44419454133003,1159288.0949409106,2000000000,715761,716161,696001,20160,6038,400,0,1.8114565388571837,1.8114565388571837
19,239,0,3000000,172.0277550280768,0,7000000000,715001,722001,714001,8000,0,7000,0.7,0,0.7
19,235,1,9000000,196.4682162590173,902107.2292198177,10000000000,722124,724124,702001,22123,9977,2000,0,2.992992310165921,2.992992310165921
19,237,1,9000000,172.37009311362573,1516094.449985006,2000000000,727924,728324,708001,20323,5936,400,0,1.7808916852289136,1.7808916852289136
19,244,0,5000000,86.21493664093249,0,10000000000,729001,739001,729001,10000,0,10000,0.9999999999999999,0,0.9999999999999999
19,240,1,8000000,169.7123227700334,1612240.9108656081,7000000000,739924,741324,717001,24323,4962,1400,0,1.4886112762834223,1.4886112762834223
19,241,1,8000000,153.66696359335015,2385735.0133992922,6000000000,744724,745924,720001,25923,3353,1200,0,1.0059792837513761,1.0059792837513761
19,245,0,8000000,77.64355027946618,0,7000000000,739001,746001,732001,14000,0,7000,0.7,0,0.7
19,242,1,3000000,128.32395333685753,4822979.189060487,4000000000,745924,746724,723001,23723,622,800,0,0.18660665217909003,0.18660665217909003
19,243,1,7000000,105.92945246719633,10013515.447021225,7000000000,747724,749124,726001,23123,699,1400,0,0.20971655869614686,0.20971655869614686
19,247,0,9000000,65.71985392558321,0,4000000000,746001,750001,738001,12000,0,4000,0.39999999999999997,0,0.39999999999999997
19,249,0,9000000,78.83261824904717,0,6000000000,750001,756001,744001,12000,0,6000,0.6,0,0.6
19,246,1,8000000,73.22604522982238,36216673.59729878,6000000000,756124,757324,735001,22323,221,1200,0,0.06626781980824997,0.06626781980824997
19,254,0,2000000,179.24081901174188,0,2000000000,759001,761001,759001,2000,0,2000,0.19999999999999998,0,0.19999999999999998
19,248,1,8000000,67.74495479369659,45927402.464215025,2000000000,764124,764524,741001,23523,174,400,0,0.05225638445087317,0.05225638445087317
19,255,0,7000000,204.67041310360418,0,7000000000,762001,769001,762001,7000,0,7000,0.7,0,0.7
19,250,1,10000000,90.47730378387725,17795735.601833336,10000000000,769124,771124,747001,24123,562,2000,0,0.1685797129785934,0.1685797129785934
19,256,0,3000000,205.71293590827,0,9000000000,769001,778001,765001,13000,0,9000,0.8999999999999999,0,0.8999999999999999
19,251,1,9000000,109.66100719945989,8794170.560355589,10000000000,776324,778324,750001,28323,1023,2000,0,0.30702156405422576,0.30702156405422576
19,252,1,2000000,132.3911847518558,4273479.039592653,9000000000,780324,782124,753001,29123,468,1800,0,0.14040082902973403,0.14040082902973403
19,257,0,3000000,189.72776549572288,0,5000000000,778001,783001,768001,15000,0,5000,0.49999999999999994,0,0.49999999999999994
19,259,1,4000000,222.8139979893544,546675.0268403033,10000000000,781318,783318,774001,9317,7317,2000,0,2.195088381731672,2.195088381731672
19,253,1,2000000,155.41793075446608,2281679.711180185,7000000000,782524,783924,756001,27923,877,1400,0,0.26296416497898983,0.26296416497898983
19,258,0,9000000,203.4167458691639,0,5000000000,783001,788001,771001,17000,0,5000,0.49999999999999994,0,0.49999999999999994
19,263,1,2000000,183.45116407371202,1184387.1555778712,10000000000,788364,790364,786001,4363,1689,2000,0,0.5065911067798228,0.5065911067798228
19,262,0,7000000,202.41068869997946,0,9000000000,788001,797001,783001,14000,0,9000,0.8999999999999999,0,0.8999999999999999
19,260,1,6000000,239.84112824951436,407590.1077969114,10000000000,795480,797480,777001,20479,14721,2000,0,4.416201388520647,4.416201388520647
19,261,1,7000000,221.34307488602394,561295.1602312953,10000000000,797480,799480,780001,19479,12471,2000,0,3.741347064411965,3.741347064411965
19,266,1,2000000,143.77279088895781,3097988.1521496978,9000000000,799480,801280,795001,6279,646,1800,0,0.19367407831552205,0.19367407831552205
19,267,1,10000000,138.16264075356983,3619446.2953007654,7000000000,801280,802680,798001,4679,2763,1400,0,0.8288560611867591,0.8288560611867591
19,264,0,8000000,166.92974240679823,0,10000000000,797001,807001,789001,18000,0,10000,0.9999999999999999,0,0.9999999999999999
19,265,0,4000000,154.0015876541537,0,2000000000,807001,809001,792001,17000,0,2000,0.19999999999999998,0,0.19999999999999998
19,268,0,7000000,150.2255431010319,0,3000000000,809001,812001,801001,11000,0,3000,0.3,0,0.3
19,271,1,9000000,135.37471144936933,3918733.007009671,9000000000,812298,814098,810001,4097,2297,1800,0,0.68899820303408,0.68899820303408
19,269,0,4000000,143.46989684250838,0,4000000000,812001,816001,804001,12000,0,4000,0.39999999999999997,0,0.39999999999999997
19,272,1,6000000,136.15736263603233,3831735.836790337,8000000000,814567,816167,813001,3166,1566,1600,0,0.4697609847519589,0.4697609847519589
19,273,1,10000000,140.92572973023772,3350122.913488307,6000000000,818986,820186,816001,4185,2985,1200,0,0.8954895320172768,0.8954895320172768
19,270,0,9000000,139.02969251206736,0,5000000000,816001,821001,807001,14000,0,5000,0.49999999999999994,0,0.49999999999999994
19,275,1,3000000,157.57656075698569,2161015.1010018936,8000000000,823389,824989,822001,2988,1388,1600,0,0.41647094441068017,0.41647094441068017
19,274,0,7000000,148.17683658386022,0,8000000000,821001,829001,819001,10000,0,8000,0.7999999999999999,0,0.7999999999999999
19,276,0,9000000,168.776314985249,0,8000000000,829001,837001,825001,12000,0,8000,0.7999999999999999,0,0.7999999999999999
19,279,1,4000000,209.94223610317204,692881.6977501933,2000000000,839774,840174,834001,6173,5773,400,0,1.7318973843535401,1.7318973843535401
19,278,1,9000000,195.199911116783,925631.1174905155,10000000000,840724,842724,831001,11723,9723,2000,0,2.916928730010706,2.916928730010706
19,277,0,10000000,181.40373645545452,0,10000000000,837001,847001,828001,19000,0,10000,0.9999999999999999,0,0.9999999999999999
19,280,0,10000000,225.65365341602603,0,2000000000,847001,849001,837001,12000,0,2000,0.19999999999999998,0,0.19999999999999998
19,281,1,3000000,239.68391539692433,408657.5157847494,10000000000,847889,849889,840001,9888,7341,2000,0,2.202333164659214,2.202333164659214
19,283,0,6000000,218.41709090636655,0,10000000000,849001,859001,846001,13000,0,10000,0.9999999999999999,0,0.9999999999999999
19,282,1,5000000,233.64694134526994,452421.02591255994,3000000000,859623,860223,843001,17222,11052,600,0,3.3154957751453114,3.3154957751453114
19,287,0,7000000,180.3251269235655,0,3000000000,859001,862001,858001,4000,0,3000,0.3,0,0.3
19,286,1,2000000,185.50862540593633,1133114.7826381447,3000000000,864623,865223,855001,10222,1765,600,0,0.5295138755520122,0.5295138755520122
19,285,1,7000000,193.8298000824435,951907.9293193723,6000000000,867023,868223,852001,16222,7354,1200,0,2.2060957108546515,2.2060957108546515
19,284,1,8000000,205.02507773440783,761419.0853265737,10000000000,868223,870223,849001,21222,10507,2000,0,3.1520092499003183,3.1520092499003183
19,288,1,10000000,178.41295496684089,1322673.1673752323,7000000000,880823,882223,861001,21222,7560,1400,0,2.2681340137513524,2.2681340137513524
19,289,1,8000000,179.87771540688416,1280489.447413224,4000000000,882223,883023,864001,19022,6248,800,0,1.87428331006425,1.87428331006425
19,290,1,4000000,184.6379570944176,1154468.1074324795,3000000000,883023,883623,867001,16622,3465,600,0,1.0394397145095526,1.0394397145095526
19,293,0,9000000,216.1200187395883,0,8000000000,876001,884001,876001,8000,0,8000,0.7999999999999999,0,0.7999999999999999
19,294,0,5000000,230.98280736886022,0,5000000000,884001,889001,879001,10000,0,5000,0.49999999999999994,0,0.49999999999999994
19,291,1,5000000,192.4863062661861,978582.183601645,8000000000,887423,889023,870001,19022,5109,1600,0,1.5328298686976816,1.5328298686976816
19,296,0,8000000,227.58660769034722,0,4000000000,889001,893001,885001,8000,0,4000,0.39999999999999997,0,0.39999999999999997
19,297,1,3000000,213.5928540471333,646919.2338749974,6000000000,893273,894473,888001,6472,4637,1200,0,1.3912092157301739,1.3912092157301739
19,292,1,7000000,203.14907088145884,789781.2266917931,8000000000,895023,896623,873001,23622,8863,1600,0,2.6589641903700394,2.6589641903700394
19,301,0,8000000,180.59799472862375,0,2000000000,900001,902001,900001,2000,0,2000,0.19999999999999998,0,0.19999999999999998
19,299,1,5000000,191.58799988517023,996937.7997140136,8000000000,900673,902273,894001,8272,5015,1600,0,1.5046074092388686,1.5046074092388686
19,300,1,7000000,184.54167713554577,1156860.0203369246,9000000000,904073,905873,897001,8872,6051,1800,0,1.8152585127701057,1.8152585127701057
19,298,1,10000000,201.4071220190587,817304.4545183949,6000000000,905873,907073,891001,16072,12235,1200,0,3.6706027764987295,3.6706027764987295
19,303,1,3000000,166.0087783823494,1759199.6077373722,8000000000,910073,911673,906001,5672,1705,1600,0,0.5115962941564954,0.5115962941564954
19,295,1,10000000,243.22471605492734,385437.70376207156,3000000000,911673,912273,882001,30272,25945,600,0,7.783358946772583,7.783358946772583
19,302,0,6000000,179.6583783184074,0,10000000000,903001,913001,903001,10000,0,10000,0.9999999999999999,0,0.9999999999999999
19,306,0,3000000,107.37584691167748,0,5000000000,915001,920001,915001,5000,0,5000,0.49999999999999994,0,0.49999999999999994
19,304,1,7000000,146.4327261919275,2883266.7006802727,6000000000,919073,920273,909001,11272,2428,1200,0,0.7283405310734973,0.7283405310734973
19,305,1,5000000,126.8846854431219,5037962.663442799,7000000000,920273,921673,912001,9672,992,1400,0,0.29773940384364483,0.29773940384364483
19,310,0,9000000,108.70357169844975,0,7000000000,927001,934001,927001,7000,0,7000,0.7,0,0.7
19,307,1,9000000,166.41725391316845,1742197.227538644,6000000000,933473,934673,918001,16672,5166,1200,0,1.5497671315976829,1.5497671315976829
19,308,1,5000000,156.4920870203986,2220620.7938579647,2000000000,934673,935073,921001,14072,2252,400,0,0.6754867846634885,0.6754867846634885
19,309,1,7000000,133.03367130166708,4193856.6231222516,5000000000,936473,937473,924001,13472,1669,1000,0,0.5007324257157335,0.5007324257157335
19,311,0,9000000,87.83511199970089,0,6000000000,934001,940001,930001,10000,0,6000,0.6,0,0.6
19,315,0,10000000,167.888005825312,0,2000000000,942001,944001,942001,2000,0,2000,0.19999999999999998,0,0.19999999999999998
19,316,0,10000000,191.97059826963084,0,2000000000,945001,947001,945001,2000,0,2000,0.19999999999999998,0,0.19999999999999998
19,312,1,10000000,95.94327751333074,14419727.407181427,3000000000,949273,949873,933001,16872,693,600,0,0.20804831570574048,0.20804831570574048
19,317,1,5000000,200.1419441296602,838046.5547881715,2000000000,953967,954367,948001,6366,5966,400,0,1.7898766976962834,1.7898766976962834
19,318,0,9000000,175.6661279245375,0,4000000000,951001,955001,951001,4000,0,4000,0.39999999999999997,0,0.39999999999999997
19,313,1,8000000,119.69932372407119,6304663.018087249,8000000000,954073,955673,936001,19672,1269,1600,0,0.38067062317442113,0.38067062317442113
19,320,1,7000000,127.82896580978823,4895624.179659774,5000000000,958431,959431,957001,2430,1430,1000,0,0.42895449547067593,0.42895449547067593
19,321,1,5000000,103.43036691417086,10944381.269667238,5000000000,960458,961458,960001,1457,457,1000,0,0.13705662869744004,0.13705662869744004
19,322,1,7000000,79.09413631869302,28235869.374211192,3000000000,963249,963849,963001,848,248,600,0,0.07437348473916668,0.07437348473916668
19,319,0,8000000,151.6112977320622,0,9000000000,955001,964001,954001,10000,0,9000,0.8999999999999999,0,0.8999999999999999
19,314,1,3000000,144.11897862530105,3068950.5988430097,7000000000,962873,964273,939001,25272,978,1400,0,0.2932598525174367,0.2932598525174367
19,323,1,9000000,54.891661479681936,80800588.13114181,6000000000,966112,967312,966001,1311,111,1200,0,0.03341559835700475,0.03341559835700475
19,324,1,10000000,38.39958463317015,163329810.55925354,7000000000,969062,970462,969001,1461,61,1400,0,0.018367743094342512,0.018367743094342512
19,325,1,9000000,30.91424590702477,221410287.84736854,6000000000,972042,973242,972001,1241,41,1200,0,0.01219455530386769,0.01219455530386769
19,326,1,9000000,12.228119233962344,485679204.33392084,2000000000,975242,975642,975001,641,19,400,0,0.005559225052064735,0.005559225052064735
19,327,0,8000000,22.38590851406301,0,5000000000,978001,983001,978001,5000,0,5000,0.49999999999999994,0,0.49999999999999994
19,328,1,7000000,45.31569264614628,122264910.14733897,5000000000,983218,984218,981001,3217,57,1000,0,0.01717581927201625,0.01717581927201625
19,329,1,4000000,63.54189956241477,55222399.73653051,4000000000,986018,986818,984001,2817,72,800,0,0.021730312440699322,0.021730312440699322
19,330,1,6000000,85.03948494669989,22102026.9352239,9000000000,987818,989618,987001,2617,271,1800,0,0.08144049436168899,0.08144049436168899
19,331,0,7000000,109.41451640436011,0,4000000000,990001,994001,990001,4000,0,4000,0.39999999999999997,0,0.39999999999999997
19,332,1,6000000,133.80736339977707,4100378.2907418394,8000000000,996243,997843,993001,4842,1463,1600,0,0.4389838869414033,0.4389838869414033
20,1,0,5000000,151.29657663014058,0,9000000000,1,9001,1,9000,0,9000,0.8999999999999999,0,0.8999999999999999
20,3,1,4000000,149.19297369514425,2679545.4594820854,9000000000,8577,10377,6001,4376,1493,1800,0,0.4478371493021587,0.4478371493021587
20,4,1,4000000,151.48836324945887,2523538.6898723748,10000000000,10586,12586,9001,3585,1585,2000,0,0.4755227271988799,0.4755227271988799
20,2,0,7000000,151.2600310723226,0,8000000000,9001,17001,3001,14000,0,8000,0.7999999999999999,0,0.7999999999999999
20,5,1,5000000,157.45115369536038,2167805.6245623445,10000000000,16199,18199,12001,6198,2306,2000,0,0.6919439561389795,0.6919439561389795
20,6,1,3000000,167.0474139279025,1716365.47075132,5000000000,19599,20599,15001,5598,1748,1000,0,0.5243638463584536,0.5243638463584536
20,7,0,9000000,180.09201675810067,0,5000000000,18001,23001,18001,5000,0,5000,0.49999999999999994,0,0.49999999999999994
20,8,0,5000000,181.26610962890993,0,5000000000,23001,28001,21001,7000,0,5000,0.49999999999999994,0,0.49999999999999994
20,9,0,10000000,195.27389917753987,0,4000000000,28001,32001,24001,8000,0,4000,0.39999999999999997,0,0.39999999999999997
20,10,0,7000000,212.27460328546138,0,8000000000,32001,40001,27001,13000,0,8000,0.7999999999999999,0,0.7999999999999999
20,12,1,2000000,201.05520261858433,823009.2051004402,10000000000,40399,42399,33001,9398,2430,2000,0,0.7290319431199751,0.7290319431199751
20,11,0,8000000,218.3605580227345,0,6000000000,40001,46001,30001,16000,0,6000,0.6,0,0.6
20,13,1,6000000,186.88847690534587,1100270.2323026531,7000000000,47199,48599,36001,12598,5453,1400,0,1.6359617366298709,1.6359617366298709
20,14,0,8000000,180.38061370335782,0,3000000000,46001,49001,39001,10000,0,3000,0.3,0,0.3
20,15,0,3000000,176.10912781568138,0,3000000000,49001,52001,42001,10000,0,3000,0.3,0,0.3
20,17,0,6000000,180.36372279369263,0,6000000000,52001,58001,48001,10000,0,6000,0.6,0,0.6
20,16,1,7000000,177.44748659814823,1351424.7272724984,9000000000,56399,58199,45001,13198,5180,1800,0,1.5539156252071156,1.5539156252071156
20,18,1,2000000,182.53637993561722,1208109.3203576081,6000000000,58199,59399,51001,8398,1655,1200,0,0.49664379695572264,0.49664379695572264
20,19,1,5000000,189.87298412359775,1033187.6217456671,7000000000,60999,62399,54001,8398,4839,1400,0,1.451817625791538,1.451817625791538
20,20,0,6000000,203.39838372022527,0,8000000000,58001,66001,57001,9000,0,8000,0.7999999999999999,0,0.7999999999999999
20,23,0,4000000,223.9406700445455,0,7000000000,66001,73001,66001,7000,0,7000,0.7,0,0.7
20,21,1,7000000,220.67809429120962,568064.6294044383,8000000000,72324,73924,60001,13923,12323,1600,0,3.696762465569543,3.696762465569543
20,25,0,2000000,197.97458650038897,0,4000000000,73001,77001,72001,5000,0,4000,0.39999999999999997,0,0.39999999999999997
20,22,1,5000000,240.86630731590498,400714.2331114621,8000000000,77124,78724,63001,15723,12478,1600,0,3.7433159994163776,3.7433159994163776
20,24,1,7000000,206.51846624454677,739744.0773740271,10000000000,83197,85197,69001,16196,9463,2000,0,2.838819619150806,2.838819619150806
20,26,0,5000000,193.38268407486746,0,9000000000,77001,86001,75001,11000,0,9000,0.8999999999999999,0,0.8999999999999999
20,28,0,8000000,190.36598882153297,0,5000000000,86001,91001,81001,10000,0,5000,0.49999999999999994,0,0.49999999999999994
20,27,1,9000000,188.1332517127156,1071651.512455038,3000000000,92397,92997,78001,14996,8398,600,0,2.5194757517904223,2.5194757517904223
20,29,0,2000000,207.24411740746706,0,6000000000,91001,97001,84001,13000,0,6000,0.6,0,0.6
20,31,1,5000000,165.7988133250657,1768019.3135682994,4000000000,102258,103058,90001,13057,2828,800,0,0.8484070216250238,0.8484070216250238
20,30,0,9000000,185.10520954311363,0,8000000000,97001,105001,87001,18000,0,8000,0.7999999999999999,0,0.7999999999999999
20,32,0,5000000,150.70897020416538,0,6000000000,105001,111001,93001,18000,0,6000,0.6,0,0.6
20,34,1,5000000,138.81638123795042,3553385.091112482,8000000000,111058,112658,99001,13657,1407,1600,0,0.4221326879970628,0.4221326879970628
20,33,0,10000000,141.40401444089204,0,6000000000,111001,117001,96001,21000,0,6000,0.6,0,0.6
20,35,1,3000000,143.61488258533655,3111345.7623984395,6000000000,116858,118058,102001,16057,964,1200,0,0.2892638969531365,0.2892638969531365
20,36,0,8000000,141.35846384281348,0,5000000000,117001,122001,105001,17000,0,5000,0.49999999999999994,0,0.49999999999999994
20,37,1,5000000,139.65834203512514,3470477.4337764513,3000000000,124858,125458,108001,17457,1441,600,0,0.43221718873640763,0.43221718873640763
20,42,1,9000000,115.51806655237961,7221476.728238765,5000000000,129698,130698,123001,7697,1246,1000,0,0.3738847470686925,0.3738847470686925
20,39,1,6000000,148.66600485652398,2717029.7005658494,10000000000,129858,131858,114001,17857,2208,2000,0,0.6624881574261523,0.6624881574261523
20,38,0,3000000,139.36634313922428,0,10000000000,122001,132001,111001,21000,0,10000,0.9999999999999999,0,0.9999999999999999
20,43,1,8000000,98.36007980883298,13170994.429372082,8000000000,130698,132298,126001,6297,607,1600,0,0.1822185874323856,0.1822185874323856
20,40,1,3000000,167.03684204390362,1716794.9016460348,3000000000,132458,133058,117001,16057,1747,600,0,0.5242326844849636,0.5242326844849636
20,44,1,4000000,95.44583594898208,14693812.629997348,6000000000,133098,134298,129001,5297,272,1200,0,0.08166702749089134,0.08166702749089134
20,41,0,6000000,141.93065666021562,0,9000000000,132001,141001,120001,21000,0,9000,0.8999999999999999,0,0.8999999999999999
20,47,1,7000000,147.93621091538066,2770017.948565027,7000000000,144298,145698,138001,7697,2527,1400,0,0.7581178313620236,0.7581178313620236
20,49,1,8000000,161.05736648784497,1982629.041363483,7000000000,149298,150698,144001,6697,4035,1400,0,1.210513893385464,1.210513893385464
20,45,0,7000000,107.79099823269098,0,10000000000,141001,151001,132001,19000,0,10000,0.9999999999999999,0,0.9999999999999999
20,50,1,10000000,176.26550995586175,1387689.7771219565,8000000000,154207,155807,147001,8806,7206,1600,0,2.1618664700564025,2.1618664700564025
20,46,0,5000000,128.59730362647576,0,6000000000,151001,157001,135001,22000,0,6000,0.6,0,0.6
20,48,0,2000000,164.62151165628381,0,2000000000,157001,159001,141001,18000,0,2000,0.19999999999999998,0,0.19999999999999998
20,51,1,10000000,193.90588232438955,950424.6131567898,10000000000,160878,162878,150001,12877,10522,2000,0,3.1564839109497003,3.1564839109497003
20,52,0,9000000,215.87599449684066,0,9000000000,159001,168001,153001,15000,0,9000,0.8999999999999999,0,0.8999999999999999
20,53,0,3000000,241.07893748728858,0,2000000000,168001,170001,156001,14000,0,2000,0.19999999999999998,0,0.19999999999999998
20,58,1,3000000,154.87676165261203,2313229.1464554872,7000000000,172901,174301,171001,3300,1297,1400,0,0.38906651395909103,0.38906651395909103
20,54,0,10000000,233.8372532339533,0,7000000000,170001,177001,159001,18000,0,7000,0.7,0,0.7
20,59,1,4000000,143.0100171316681,3163174.002428605,3000000000,176416,177016,174001,3015,1265,600,0,0.379365788628343,0.379365788628343
20,55,0,3000000,211.37063277570041,0,2000000000,177001,179001,162001,17000,0,2000,0.19999999999999998,0,0.19999999999999998
20,60,1,6000000,153.23845796666058,2412089.2749865735,10000000000,179488,181488,177001,4487,2487,2000,0,0.7462410362112403,0.7462410362112403
20,61,1,5000000,148.45815740470442,2731992.35029008,3000000000,181831,182431,180001,2430,1830,600,0,0.5490498536135109,0.5490498536135109
20,62,1,6000000,140.57648807677617,3382767.264302141,2000000000,184775,185175,183001,2174,1774,400,0,0.5321087321008283,0.5321087321008283
20,56,0,8000000,188.4513995702871,0,10000000000,179001,189001,165001,24000,0,10000,0.9999999999999999,0,0.9999999999999999
20,63,1,8000000,136.25307702947484,3821260.288709859,7000000000,188095,189495,186001,3494,2094,1400,0,0.6280650410261094,0.6280650410261094
20,64,1,7000000,136.53175821031533,3790959.8087016097,2000000000,193434,193834,189001,4833,1846,400,0,0.5539494233570476,0.5539494233570476
20,57,0,10000000,168.5686305336791,0,6000000000,189001,195001,168001,27000,0,6000,0.6,0,0.6
20,65,1,8000000,144.32439087001202,3051879.7594105187,4000000000,196069,196869,192001,4868,2621,800,0,0.7864005757761467,0.7864005757761467
20,66,1,3000000,155.35797275968818,2285148.8266313216,3000000000,198269,198869,195001,3868,1313,600,0,0.3938474332661936,0.3938474332661936
20,67,1,10000000,171.1402290520846,1559674.0038545537,5000000000,205533,206533,198001,8532,6412,1000,0,1.9234788760893926,1.9234788760893926
20,69,0,4000000,210.31928965266127,0,5000000000,204001,209001,204001,5000,0,5000,0.49999999999999994,0,0.49999999999999994
20,68,1,8000000,189.70261200099483,1036877.6681299425,5000000000,208716,209716,201001,8715,7715,1000,0,2.3146414218067908,2.3146414218067908
20,70,1,3000000,229.98978694715987,481792.97472541215,6000000000,213379,214579,207001,7578,6227,1200,0,1.8680222568893543,1.8680222568893543
20,72,0,7000000,217.09954629155723,0,8000000000,213001,221001,213001,8000,0,8000,0.7999999999999999,0,0.7999999999999999
20,71,1,6000000,238.89661466835403,414055.7356529196,7000000000,224492,225892,210001,15891,14491,1400,0,4.347240830178578,4.347240830178578
20,73,0,2000000,199.04857799039914,0,7000000000,221001,228001,216001,12000,0,7000,0.7,0,0.7
20,75,1,7000000,179.30382985312949,1296814.6315688135,9000000000,227399,229199,222001,7198,5398,1800,0,1.6193524879184453,1.6193524879184453
20,77,1,8000000,185.73899213681543,1127547.378694721,7000000000,235096,236496,228001,8495,7095,1400,0,2.128513661907763,2.128513661907763
20,74,0,4000000,186.0425244399785,0,9000000000,228001,237001,219001,18000,0,9000,0.8999999999999999,0,0.8999999999999999
20,79,1,7000000,165.5660116086632,1777862.5255964852,5000000000,237938,238938,234001,4937,3937,1000,0,1.1811936917312746,1.1811936917312746
20,81,1,9000000,119.11091175874694,6424741.835499187,5000000000,241402,242402,240001,2401,1401,1000,0,0.4202503492173731,0.4202503492173731
20,76,0,9000000,179.19562327244495,0,10000000000,237001,247001,225001,22000,0,10000,0.9999999999999999,0,0.9999999999999999
20,78,0,8000000,189.63653260909402,0,7000000000,247001,254001,231001,23000,0,7000,0.7,0,0.7
20,80,0,6000000,141.52407463043164,0,2000000000,254001,256001,237001,19000,0,2000,0.19999999999999998,0,0.19999999999999998
20,82,0,6000000,175.23748600114075,0,9000000000,256001,265001,243001,22000,0,9000,0.8999999999999999,0,0.8999999999999999
20,83,0,5000000,154.5139621522922,0,5000000000,265001,270001,246001,24000,0,5000,0.49999999999999994,0,0.49999999999999994
20,84,0,9000000,131.85045013195824,0,2000000000,270001,272001,249001,23000,0,2000,0.19999999999999998,0,0.19999999999999998
20,85,0,8000000,112.50077910841324,0,2000000000,272001,274001,252001,22000,0,2000,0.19999999999999998,0,0.19999999999999998
20,92,1,9000000,119.3465139834423,6376330.400032956,8000000000,274412,276012,273001,3011,1411,1600,0,0.42344104376806524,0.42344104376806524
20,86,0,2000000,93.95103458717206,0,3000000000,274001,277001,255001,22000,0,3000,0.3,0,0.3
20,87,0,2000000,81.87175947785659,0,4000000000,277001,281001,258001,23000,0,4000,0.39999999999999997,0,0.39999999999999997
20,88,0,3000000,77.63022607206551,0,3000000000,281001,284001,261001,23000,0,3000,0.3,0,0.3
20,96,1,2000000,203.464828655962,784916.4855850528,5000000000,288558,289558,285001,4557,2548,1000,0,0.7644125343510633,0.7644125343510633
20,89,0,8000000,82.44807881327496,0,9000000000,284001,293001,264001,29000,0,9000,0.8999999999999999,0,0.8999999999999999
20,95,1,10000000,185.37789781956212,1136289.3638845999,8000000000,292758,294358,282001,12357,8801,1600,0,2.6401725611018536,2.6401725611018536
20,90,0,9000000,94.95933076849272,0,10000000000,293001,303001,267001,36000,0,10000,0.9999999999999999,0,0.9999999999999999
20,91,0,3000000,107.16757905262206,0,2000000000,303001,305001,270001,35000,0,2000,0.19999999999999998,0,0.19999999999999998
20,93,0,9000000,146.33835484930128,0,10000000000,305001,315001,276001,39000,0,10000,0.9999999999999999,0,0.9999999999999999
20,94,0,10000000,175.80601383342952,0,8000000000,315001,323001,279001,44000,0,8000,0.7999999999999999,0,0.7999999999999999
20,97,0,9000000,209.15102007879372,0,4000000000,323001,327001,288001,39000,0,4000,0.39999999999999997,0,0.39999999999999997
20,98,0,8000000,183.95388335123556,0,8000000000,327001,335001,291001,44000,0,8000,0.7999999999999999,0,0.7999999999999999
20,99,1,4000000,161.32971115079826,1969455.8465469556,4000000000,334658,335458,294001,41457,2031,800,0,0.6093053581800061,0.6093053581800061
20,100,1,9000000,137.4699858150862,3691097.9733509026,4000000000,335458,336258,297001,39257,2438,800,0,0.7314896595792199,0.7314896595792199
20,101,0,10000000,114.93465491312872,0,3000000000,335001,338001,300001,38000,0,3000,0.3,0,0.3
20,103,1,8000000,81.95334099351899,25073564.4584882,8000000000,337258,338858,306001,32857,319,1600,0,0.09571834128224731,0.09571834128224731
20,104,1,4000000,71.38296225290739,39210233.297310054,5000000000,341258,342258,309001,33257,102,1000,0,0.03060425554984708,0.03060425554984708
20,102,0,2000000,94.57348095528677,0,8000000000,338001,346001,303001,43000,0,8000,0.7999999999999999,0,0.7999999999999999
20,110,1,3000000,127.82621992376997,4896030.893957554,7000000000,344858,346258,327001,19257,613,1400,0,0.18382236948519598,0.18382236948519598
20,111,1,6000000,130.12913009776094,4568998.926073007,6000000000,348258,349458,330001,19457,1313,1200,0,0.3939593834720105,0.3939593834720105
20,114,1,3000000,165.0439047647625,1800186.4326465516,4000000000,354658,355458,339001,16457,1666,800,0,0.49994821851693505,0.49994821851693505
20,105,0,6000000,68.65707538192987,0,10000000000,346001,356001,312001,44000,0,10000,0.9999999999999999,0,0.9999999999999999
20,117,1,2000000,202.74092359462108,796125.1673488521,7000000000,357167,358567,348001,10566,2512,1400,0,0.7536503361626394,0.7536503361626394
20,106,0,7000000,76.03495051619353,0,10000000000,356001,366001,315001,51000,0,10000,0.9999999999999999,0,0.9999999999999999
20,120,1,9000000,125.54414243603723,5248843.200031672,9000000000,365367,367167,357001,10166,1715,1800,0,0.5143990584408595,0.5143990584408595
20,121,1,9000000,98.77006125339804,12972080.323955318,4000000000,370767,371567,360001,11566,694,800,0,0.20813932172574945,0.20813932172574945
20,116,1,10000000,214.51692520638085,635892.8292305388,2000000000,371567,371967,345001,26966,15726,400,0,4.717776112729791,4.717776112729791
20,107,0,2000000,86.75684929733218,0,6000000000,366001,372001,318001,54000,0,6000,0.6,0,0.6
20,123,1,8000000,68.23275606334546,44959822.28441079,8000000000,375767,377367,366001,11366,178,1600,0,0.05338099391981288,0.05338099391981288
20,108,0,7000000,94.1031455372242,0,7000000000,372001,379001,321001,58000,0,7000,0.7,0,0.7
20,124,1,4000000,82.61373311986327,24401296.896299712,2000000000,378967,379367,369001,10366,164,400,0,0.049177714000192004,0.049177714000192004
20,109,0,2000000,114.23604203577787,0,4000000000,379001,383001,324001,59000,0,4000,0.39999999999999997,0,0.39999999999999997
20,125,1,5000000,106.84358005982388,9696934.29679624,4000000000,384767,385567,372001,13566,516,800,0,0.15468806471088326,0.15468806471088326
20,112,0,9000000,130.6648116364923,0,4000000000,383001,387001,333001,54000,0,4000,0.39999999999999997,0,0.39999999999999997
20,126,1,6000000,132.3885380235011,4273810.866525823,2000000000,387967,388367,375001,13366,1404,400,0,0.4211697841142929,0.4211697841142929
20,127,1,9000000,157.63948394992926,2157617.8732225737,6000000000,394167,395367,378001,17366,4171,1200,0,1.2513800675776454,1.2513800675776454
20,113,0,4000000,140.8900525232353,0,10000000000,387001,397001,336001,61000,0,10000,0.9999999999999999,0,0.9999999999999999
20,115,0,2000000,195.10174909518366,0,2000000000,397001,399001,342001,57000,0,2000,0.19999999999999998,0,0.19999999999999998
20,134,1,4000000,204.86892028807102,763730.9895788354,6000000000,405342,406542,399001,7541,5237,1200,0,1.571233872101678,1.571233872101678
20,118,0,2000000,184.82495989449043,0,9000000000,399001,408001,351001,57000,0,9000,0.8999999999999999,0,0.8999999999999999
20,129,1,8000000,210.35257307672754,687516.6577907283,3000000000,407567,408167,384001,24166,11636,600,0,3.490824509928501,3.490824509928501
20,136,1,3000000,189.16227557311737,1048689.6963903008,7000000000,408342,409742,405001,4741,2861,1400,0,0.8582138292174452,0.8582138292174452
20,119,0,5000000,154.95174894140436,0,3000000000,408001,411001,354001,57000,0,3000,0.3,0,0.3
20,133,1,7000000,220.09100027034268,574126.0340999466,8000000000,410342,411942,396001,15941,12192,1600,0,3.657733450969795,3.657733450969795
20,135,1,7000000,194.26000102954802,943558.3855771016,8000000000,414342,415942,402001,13941,7419,1600,0,2.2256174414851846,2.2256174414851846
20,130,1,10000000,223.4407004106459,540590.3931610772,5000000000,415567,416567,387001,29566,18498,1000,0,5.549488185421941,5.549488185421941
20,122,0,8000000,77.41898087678494,0,7000000000,411001,418001,363001,55000,0,7000,0.7,0,0.7
20,128,0,6000000,185.39817690581532,0,2000000000,418001,420001,381001,39000,0,2000,0.19999999999999998,0,0.19999999999999998
20,140,1,5000000,201.67182376326147,813045.9696301136,2000000000,423421,423821,417001,6820,6150,400,0,1.8449141328163876,1.8449141328163876
20,131,0,3000000,242.699411824586,0,6000000000,420001,426001,390001,36000,0,6000,0.6,0,0.6
20,132,0,4000000,239.10360934122258,0,6000000000,426001,432001,393001,39000,0,6000,0.6,0,0.6
20,142,1,8000000,191.9682525835978,989116.007541014,6000000000,431089,432289,423001,9288,8088,1200,0,2.4264090174483233,2.4264090174483233
20,137,0,3000000,189.9690211587142,0,2000000000,432001,434001,408001,26000,0,2000,0.19999999999999998,0,0.19999999999999998
20,144,1,5000000,198.705581199925,862396.3201962598,4000000000,434799,435599,429001,6598,5798,800,0,1.7393395181215958,1.7393395181215958
20,138,0,3000000,196.3762116448935,0,8000000000,434001,442001,411001,31000,0,8000,0.7999999999999999,0,0.7999999999999999
20,146,1,8000000,191.99760831843716,988515.3423991778,8000000000,443094,444694,435001,9693,8093,1600,0,2.4278834096545996,2.4278834096545996
20,139,0,4000000,211.53114427903992,0,6000000000,442001,448001,414001,34000,0,6000,0.6,0,0.6
20,148,1,5000000,201.61041168550793,814031.4912959336,9000000000,447143,448943,441001,7942,6142,1800,0,1.8426805547927985,1.8426805547927985
20,147,1,10000000,194.11786986261723,946306.8109770127,5000000000,448943,449943,438001,11942,10567,1000,0,3.170219177544179,3.170219177544179
20,141,0,4000000,194.59747634540383,0,3000000000,448001,451001,420001,31000,0,3000,0.3,0,0.3
20,149,1,4000000,213.88012834295756,643466.0020725278,10000000000,450217,452217,444001,8216,6216,2000,0,1.8649003927712453,1.8649003927712453
20,143,0,2000000,195.192436841185,0,3000000000,451001,454001,426001,28000,0,3000,0.3,0,0.3
20,145,0,6000000,195.113032112158,0,2000000000,454001,456001,432001,24000,0,2000,0.19999999999999998,0,0.19999999999999998
20,151,0,7000000,249.70264556067485,0,5000000000,456001,461001,450001,11000,0,5000,0.49999999999999994,0,0.49999999999999994
20,154,1,5000000,205.09724961588344,760353.5304492965,2000000000,465577,465977,459001,6976,6576,400,0,1.9727665354741537,1.9727665354741537
20,150,1,9000000,230.1544025214378,480420.6378876748,9000000000,465735,467535,447001,20534,18734,1800,0,5.620074965703859,5.620074965703859
20,152,0,10000000,238.0204556335442,0,9000000000,461001,470001,453001,17000,0,9000,0.8999999999999999,0,0.8999999999999999
20,157,1,2000000,127.2302656603373,4985290.085123062,2000000000,470120,470520,468001,2519,401,400,0,0.12035407965335862,0.12035407965335862
20,158,1,5000000,101.58224697258865,11699806.886439102,4000000000,472920,473720,471001,2719,427,800,0,0.12820724432115246,0.12820724432115246
20,153,0,4000000,220.89101475614618,0,4000000000,470001,474001,456001,18000,0,4000,0.39999999999999997,0,0.39999999999999997
20,155,0,4000000,178.7654040915076,0,2000000000,474001,476001,462001,14000,0,2000,0.19999999999999998,0,0.19999999999999998
20,159,1,2000000,78.09303426042558,29446994.222567376,4000000000,476120,476920,474001,2919,68,800,0,0.020375594040772296,0.020375594040772296
20,156,0,2000000,151.80019104072304,0,3000000000,476001,479001,465001,14000,0,3000,0.3,0,0.3
20,160,1,10000000,64.86439470156185,52104011.77871745,8000000000,477520,479120,477001,2119,192,1600,0,0.057577140369551895,0.057577140369551895
20,161,0,4000000,74.84381403963859,0,6000000000,480001,486001,480001,6000,0,6000,0.6,0,0.6
20,162,1,9000000,96.18849203517017,14286836.837173425,8000000000,486320,487920,483001,4919,630,1600,0,0.18898514981110268,0.18898514981110268
20,163,1,6000000,122.59000367077242,5752972.756401911,10000000000,487920,489920,486001,3919,1043,2000,0,0.3128817180642754,0.3128817180642754
20,165,1,3000000,173.56665491965904,1475137.378394184,3000000000,495720,496320,492001,4319,2034,600,0,0.6101126669163036,0.6101126669163036
20,164,0,10000000,151.42748825758153,0,8000000000,489001,497001,489001,8000,0,8000,0.7999999999999999,0,0.7999999999999999
20,166,0,2000000,175.1478506862131,0,4000000000,497001,501001,495001,6000,0,4000,0.39999999999999997,0,0.39999999999999997
20,168,0,2000000,216.95619189135854,0,5000000000,501001,506001,501001,5000,0,5000,0.49999999999999994,0,0.49999999999999994
20,167,1,5000000,189.7768713515954,1035267.2904813018,6000000000,505131,506331,498001,8330,4830,1200,0,1.4489011811651473,1.4489011811651473
20,169,0,4000000,186.039249890984,0,6000000000,506001,512001,504001,8000,0,6000,0.6,0,0.6
20,172,0,5000000,165.12607062484105,0,10000000000,513001,523001,513001,10000,0,10000,0.9999999999999999,0,0.9999999999999999
20,175,0,10000000,118.59288764508598,0,8000000000,523001,531001,522001,9000,0,8000,0.7999999999999999,0,0.7999999999999999
20,176,0,4000000,97.79002914407994,0,4000000000,531001,535001,525001,10000,0,4000,0.39999999999999997,0,0.39999999999999997
20,177,0,10000000,79.81730702047022,0,5000000000,535001,540001,528001,12000,0,5000,0.49999999999999994,0,0.49999999999999994
20,170,1,2000000,165.29138513546314,1789561.732500524,7000000000,545627,547027,507001,40026,1118,1400,0,0.3352776208293358,0.3352776208293358
20,180,0,6000000,65.16721952024649,0,8000000000,540001,548001,537001,11000,0,8000,0.7999999999999999,0,0.7999999999999999
20,184,0,7000000,113.08506046335214,0,2000000000,549001,551001,549001,2000,0,2000,0.19999999999999998,0,0.19999999999999998
20,171,1,6000000,165.12607062484105,1796650.272861033,2000000000,552027,552427,510001,42426,3340,400,0,1.0018644291488252,1.0018644291488252
20,185,0,3000000,135.2867805811048,0,5000000000,552001,557001,552001,5000,0,5000,0.49999999999999994,0,0.49999999999999994
20,173,1,5000000,161.03492105751474,1983719.5828797654,10000000000,555827,557827,516001,41826,2521,2000,0,0.7561552615327063,0.7561552615327063
20,174,1,6000000,141.6871158574413,3280290.433461843,6000000000,558627,559827,519001,40826,1829,1200,0,0.5487318993581847,0.5487318993581847
20,186,0,10000000,157.3523425310218,0,8000000000,557001,565001,555001,10000,0,8000,0.7999999999999999,0,0.7999999999999999
20,178,1,6000000,77.0409358717818,30782550.772386335,6000000000,567827,569027,531001,38026,195,1200,0,0.05847468630230281,0.05847468630230281
20,190,1,4000000,181.66731268998288,1231195.7495865568,10000000000,570250,572250,567001,5249,3249,2000,0,0.9746622341759769,0.9746622341759769
20,191,1,6000000,151.88450118428804,2497763.2175317532,7000000000,572403,573803,570001,3802,2402,1400,0,0.7206447702351583,0.7206447702351583
20,189,1,7000000,205.4569884428369,755069.9273161968,5000000000,573803,574803,564001,10802,9271,1000,0,2.781199361844792,2.781199361844792
20,179,1,6000000,70.49804039829756,40741452.00460515,6000000000,573627,574827,534001,40826,147,1200,0,0.04418104685607522,0.04418104685607522
20,192,0,4000000,123.2124689307052,0,5000000000,573001,578001,573001,5000,0,5000,0.49999999999999994,0,0.49999999999999994
20,193,1,6000000,100.80115078708178,12037685.624471197,9000000000,577102,578902,576001,2901,498,1800,0,0.1495304044442573,0.1495304044442573
20,181,1,7000000,69.87251891838449,41862422.47464631,8000000000,579827,581427,540001,41426,167,1600,0,0.050164321027333064,0.050164321027333064
20,194,0,6000000,90.71310434551339,0,7000000000,579001,586001,579001,7000,0,7000,0.7,0,0.7
20,182,1,7000000,79.64727365076594,27590649.197262656,8000000000,586027,587627,543001,44626,254,1600,0,0.07611274330610339,0.07611274330610339
20,197,1,10000000,61.549654751265635,60284264.813303456,4000000000,588709,589509,588001,1508,166,800,0,0.04976422967570078,0.04976422967570078
20,183,1,2000000,93.20848942022398,16004931.967791125,10000000000,587627,589627,546001,43626,125,2000,0,0.03748844426252237,0.03748844426252237
20,195,0,2000000,73.24464758601817,0,7000000000,586001,593001,582001,11000,0,7000,0.7,0,0.7
20,198,1,3000000,38.16058830783402,164946160.57994312,10000000000,591019,593019,591001,2018,18,2000,0,0.005456325851027034,0.005456325851027034
20,199,1,9000000,19.112990346881816,357234625.0254335,5000000000,596536,597536,594001,3535,25,1000,0,0.007558057956469848,0.007558057956469848
20,200,1,10000000,25.385210261094986,276416261.455508,4000000000,598536,599336,597001,2335,36,800,0,0.010853196495036455,0.010853196495036455
20,196,0,6000000,65.53001907522992,0,9000000000,593001,602001,585001,17000,0,9000,0.8999999999999999,0,0.8999999999999999
20,187,1,10000000,181.15076511017003,1245177.8140169447,5000000000,605827,606827,558001,48826,8031,1000,0,2.409294452751288,2.409294452751288
20,203,1,3000000,80.91089234460335,26177857.7386346,4000000000,606116,606916,606001,915,115,800,0,0.03438020058729766,0.03438020058729766
20,201,0,10000000,47.95086756253737,0,6000000000,602001,608001,600001,8000,0,6000,0.6,0,0.6
20,188,1,7000000,205.76981800059994,750512.4398549667,10000000000,610027,612027,561001,51026,9327,2000,0,2.7980881974532172,2.7980881974532172
20,202,0,7000000,71.60357882117346,0,6000000000,608001,614001,603001,11000,0,6000,0.6,0,0.6
20,204,0,7000000,65.24926129850056,0,8000000000,614001,622001,609001,13000,0,8000,0.7999999999999999,0,0.7999999999999999
20,208,1,9000000,46.393165444923035,116778236.0288949,4000000000,622274,623074,621001,2073,77,800,0,0.023120746569009042,0.023120746569009042
20,205,0,4000000,42.405689476767144,0,9000000000,622001,631001,612001,19000,0,9000,0.8999999999999999,0,0.8999999999999999
20,210,1,5000000,48.54748809155836,106471895.15940121,3000000000,630493,631093,627001,4092,47,600,0,0.014088224857407863,0.014088224857407863
20,206,0,3000000,23.325784016834245,0,5000000000,631001,636001,615001,21000,0,5000,0.49999999999999994,0,0.49999999999999994
20,212,1,9000000,21.408769231322005,324797062.0554166,6000000000,635093,636293,633001,3292,28,1200,0,0.008312883075091758,0.008312883075091758
20,207,0,9000000,25.75258627788678,0,3000000000,636001,639001,618001,21000,0,3000,0.3,0,0.3
20,209,0,9000000,62.38384486387486,0,4000000000,639001,643001,624001,19000,0,4000,0.39999999999999997,0,0.39999999999999997
20,214,1,5000000,58.582179030828144,68702890.27005567,9000000000,641493,643293,639001,4292,73,1800,0,0.02183314259565844,0.02183314259565844
20,215,1,4000000,69.53580157012645,42479436.23916226,8000000000,643293,644893,642001,2892,94,1600,0,0.028248962468426238,0.028248962468426238
20,217,1,4000000,85.00484809703497,22133066.99434215,6000000000,648182,649382,648001,1381,181,1200,0,0.05421751989034121,0.05421751989034121
20,211,0,10000000,28.185877669499725,0,8000000000,643001,651001,630001,21000,0,8000,0.7999999999999999,0,0.7999999999999999
20,218,1,4000000,104.82912000012207,10411189.833771588,6000000000,651385,652585,651001,1584,384,1200,0,0.11526060125303511,0.11526060125303511
20,213,0,5000000,36.67468063937294,0,2000000000,651001,653001,636001,17000,0,2000,0.19999999999999998,0,0.19999999999999998
20,216,0,7000000,71.27629409558276,0,7000000000,653001,660001,645001,15000,0,7000,0.7,0,0.7
20,221,1,8000000,161.83081041631107,1945500.1900874975,6000000000,664113,665313,660001,5312,4112,1200,0,1.2336159164765035,1.2336159164765035
20,219,0,10000000,120.7914078070125,0,10000000000,660001,670001,654001,16000,0,10000,0.9999999999999999,0,0.9999999999999999
20,220,0,9000000,140.63767098469742,0,7000000000,670001,677001,657001,20000,0,7000,0.7,0,0.7
20,222,0,5000000,182.84433433934998,0,2000000000,677001,679001,663001,16000,0,2000,0.19999999999999998,0,0.19999999999999998
20,223,0,10000000,163.92760902300748,0,2000000000,679001,681001,666001,15000,0,2000,0.19999999999999998,0,0.19999999999999998
20,226,1,4000000,140.05857703118363,3431902.6615028144,9000000000,680087,681887,675001,6886,1166,1800,0,0.3496602667263662,0.3496602667263662
20,227,1,8000000,121.08684486764032,6032159.555287313,4000000000,682487,683287,678001,5286,1326,800,0,0.39786745990436384,0.39786745990436384
20,224,0,3000000,163.11698930522232,0,4000000000,681001,685001,669001,16000,0,4000,0.39999999999999997,0,0.39999999999999997
20,228,1,6000000,104.55057436475417,10514844.653368926,10000000000,686887,688887,681001,7886,571,2000,0,0.17118655190243684,0.17118655190243684
20,231,1,2000000,140.44013279686118,3395619.04312294,9000000000,690687,692487,690001,2486,589,1800,0,0.17669826690811047,0.17669826690811047
20,225,0,2000000,157.3014818747745,0,8000000000,685001,693001,672001,21000,0,8000,0.7999999999999999,0,0.7999999999999999
20,229,0,10000000,91.78004412725016,0,3000000000,693001,696001,684001,12000,0,3000,0.3,0,0.3
20,233,1,5000000,100.9576941099588,11969048.158686679,6000000000,696419,697619,696001,1618,418,1200,0,0.12532324877574808,0.12532324877574808
20,234,1,10000000,87.62428031088187,19920576.279175993,7000000000,699503,700903,699001,1902,502,1400,0,0.15059805288545064,0.15059805288545064
20,230,0,2000000,84.48810389634738,0,5000000000,696001,701001,687001,14000,0,5000,0.49999999999999994,0,0.49999999999999994
20,232,0,7000000,120.44706721211602,0,4000000000,701001,705001,693001,12000,0,4000,0.39999999999999997,0,0.39999999999999997
20,236,1,10000000,47.50802037551136,111336621.87526916,7000000000,705728,707128,705001,2127,90,1400,0,0.026945311879148906,0.026945311879148906
20,235,0,10000000,76.02738980130779,0,4000000000,705001,709001,702001,7000,0,4000,0.39999999999999997,0,0.39999999999999997
20,237,1,3000000,19.083443085564983,357677884.9541209,9000000000,708009,709809,708001,1808,8,1800,0,0.002516230490782069,0.002516230490782069
20,238,1,6000000,11.71134492703555,498124726.90075076,10000000000,711013,713013,711001,2012,12,2000,0,0.0036135527967047546,0.0036135527967047546
20,239,1,10000000,37.73022395904908,167892890.41933307,9000000000,715013,716813,714001,2812,60,1800,0,0.017868535067251105,0.017868535067251105
20,240,1,2000000,51.75936340412238,92648590.27367862,9000000000,717023,718823,717001,1822,22,1800,0,0.006476083426932179,0.006476083426932179
20,241,1,4000000,74.74377365372989,33937862.395839244,2000000000,720542,720942,720001,941,118,400,0,0.03535873844980641,0.03535873844980641
20,242,0,5000000,101.44738981363695,0,2000000000,723001,725001,723001,2000,0,2000,0.19999999999999998,0,0.19999999999999998
20,243,1,8000000,128.73978600261844,4762969.776980406,8000000000,727681,729281,726001,3280,1680,1600,0,0.503887304009209,0.503887304009209
20,244,1,4000000,147.35357817168875,2813240.4293358717,4000000000,731980,732780,729001,3779,1422,800,0,0.42655437035763305,0.42655437035763305
20,245,1,5000000,160.7959116395688,1995378.4263947918,5000000000,734507,735507,732001,3506,2506,1000,0,0.7517371041793655,0.7517371041793655
20,246,1,5000000,178.0440105704204,1333569.677162705,5000000000,740307,741307,735001,6306,3749,1000,0,1.1248006202356005,1.1248006202356005
20,248,1,7000000,168.23376979667302,1669010.9938720912,8000000000,745195,746795,741001,5794,4194,1600,0,1.2582301780577358,1.2582301780577358
20,247,0,4000000,192.53070222694348,0,9000000000,738001,747001,738001,9000,0,9000,0.8999999999999999,0,0.8999999999999999
20,249,0,3000000,146.06131589164866,0,2000000000,747001,749001,744001,5000,0,2000,0.19999999999999998,0,0.19999999999999998
20,251,1,5000000,114.65531823687907,7430352.63049762,10000000000,750674,752674,750001,2673,673,2000,0,0.20187467198303657,0.20187467198303657
20,250,0,9000000,129.0151812772434,0,6000000000,749001,755001,747001,8000,0,6000,0.6,0,0.6
20,252,0,9000000,106.10054712394282,0,3000000000,755001,758001,753001,5000,0,3000,0.3,0,0.3
20,253,1,4000000,105.66755273024927,10106493.254113613,9000000000,756570,758370,756001,2369,396,1800,0,0.11873554652713669,0.11873554652713669
20,254,1,10000000,113.44943278835736,7734720.728676722,7000000000,760294,761694,759001,2693,1293,1400,0,0.38786145036593306,0.38786145036593306
20,255,1,5000000,125.67276634179728,5228146.799205412,4000000000,762957,763757,762001,1756,956,800,0,0.2869085466819665,0.2869085466819665
20,256,1,6000000,144.14360374293412,3066897.9152755174,10000000000,766957,768957,765001,3956,1956,2000,0,0.5869122643550055,0.5869122643550055
20,258,1,3000000,190.52766544520514,1019159.2347658688,3000000000,773945,774545,771001,3544,2944,600,0,0.8830808467400649,0.8830808467400649
20,257,0,10000000,166.25169172071602,0,9000000000,768001,777001,768001,9000,0,9000,0.8999999999999999,0,0.8999999999999999
20,259,1,6000000,177.43628997473994,1351762.6946040678,3000000000,778440,779040,774001,5039,4439,600,0,1.3315946705625141,1.3315946705625141
20,260,1,4000000,157.23219295042608,2179725.368455347,5000000000,779040,780040,777001,3039,1835,1000,0,0.5505280698964268,0.5505280698964268
20,261,0,4000000,136.1694268182106,0,10000000000,780001,790001,780001,10000,0,10000,0.9999999999999999,0,0.9999999999999999
20,264,1,8000000,103.57000048276521,10889709.40876949,5000000000,790786,791786,789001,2785,735,1000,0,0.22039155590940548,0.22039155590940548
20,262,0,8000000,118.90188097755227,0,3000000000,790001,793001,783001,10000,0,3000,0.3,0,0.3
20,267,1,2000000,162.088198213195,1933335.9082170953,5000000000,799035,800035,798001,2034,1034,1000,0,0.3103444142582106,0.3103444142582106
20,263,0,7000000,107.39543053594039,0,8000000000,793001,801001,786001,15000,0,8000,0.7999999999999999,0,0.7999999999999999
20,265,0,7000000,111.53223973363039,0,5000000000,801001,806001,792001,14000,0,5000,0.49999999999999994,0,0.49999999999999994
20,266,0,2000000,133.37802292731743,0,4000000000,806001,810001,795001,15000,0,4000,0.39999999999999997,0,0.39999999999999997
20,270,1,7000000,169.2042233515465,1631475.4127361344,10000000000,811292,813292,807001,6291,4291,2000,0,1.2871784543035845,1.2871784543035845
20,268,0,5000000,120.86853395321702,0,4000000000,810001,814001,801001,13000,0,4000,0.39999999999999997,0,0.39999999999999997
20,269,0,5000000,139.39816533943338,0,4000000000,814001,818001,804001,14000,0,4000,0.39999999999999997,0,0.39999999999999997
20,271,0,5000000,190.69996670162269,0,6000000000,818001,824001,810001,14000,0,6000,0.6,0,0.6
20,276,1,9000000,63.287044487793935,55845013.01644361,3000000000,825162,825762,825001,761,161,600,0,0.04834809509678121,0.04834809509678121
20,272,0,2000000,176.37394195288593,0,3000000000,824001,827001,813001,14000,0,3000,0.3,0,0.3
20,273,0,5000000,149.59777137377415,0,2000000000,827001,829001,816001,13000,0,2000,0.19999999999999998,0,0.19999999999999998
20,279,1,4000000,26.712742277796906,262060921.84547937,2000000000,834016,834416,834001,415,15,400,0,0.0045790879141742605,0.0045790879141742605
20,274,0,5000000,119.72560628370188,0,10000000000,829001,839001,819001,20000,0,10000,0.9999999999999999,0,0.9999999999999999
20,275,0,10000000,93.58409373392466,0,7000000000,839001,846001,822001,24000,0,7000,0.7,0,0.7
20,283,1,7000000,142.27547715611433,3227553.731557671,10000000000,848170,850170,846001,4169,2169,2000,0,0.6506475723291848,0.6506475723291848
20,277,0,9000000,34.00161466754182,0,5000000000,846001,851001,828001,23000,0,5000,0.49999999999999994,0,0.49999999999999994
20,284,1,7000000,169.02552381223373,1638307.883634564,9000000000,853274,855074,849001,6073,4273,1800,0,1.281810348944411,1.281810348944411
20,278,0,9000000,12.318222274338162,0,7000000000,851001,858001,831001,27000,0,7000,0.7,0,0.7
20,286,1,5000000,194.04773356058556,947666.7268672981,8000000000,860277,861877,855001,6876,5276,1600,0,1.5828349328656393,1.5828349328656393
20,288,1,4000000,161.61646512654585,1955702.7558974344,4000000000,863046,863846,861001,2845,2045,800,0,0.6135901769230483,0.6135901769230483
20,287,1,7000000,192.15609540162916,985280.276088942,9000000000,865106,866906,858001,8905,7105,1800,0,2.1313732254297473,2.1313732254297473
20,280,0,8000000,56.124793095387,0,9000000000,858001,867001,837001,30000,0,9000,0.8999999999999999,0,0.8999999999999999
20,289,1,9000000,136.07839652200494,3840404.9651836213,7000000000,866906,868306,864001,4305,2344,1400,0,0.7030508564793778,0.7030508564793778
20,290,1,9000000,105.62759724617423,10120768.85803955,6000000000,868306,869506,867001,2505,889,1200,0,0.26677815073854033,0.26677815073854033
20,281,0,9000000,81.49552748464181,0,6000000000,867001,873001,840001,33000,0,6000,0.6,0,0.6
20,292,1,6000000,45.840424299956055,119564488.8148622,3000000000,873051,873651,873001,650,50,600,0,0.0150546371907062,0.0150546371907062
20,293,1,7000000,44.07713806498788,128857694.19183013,2000000000,876055,876455,876001,454,54,400,0,0.016297047787256966,0.016297047787256966
20,294,1,9000000,58.29886619823749,69565239.58917369,5000000000,879130,880130,879001,1129,129,1000,0,0.03881248761515365,0.03881248761515365
20,282,0,4000000,111.8205795012707,0,9000000000,873001,882001,843001,39000,0,9000,0.8999999999999999,0,0.8999999999999999
20,295,1,6000000,82.03660463476047,24987657.90148616,9000000000,882241,884041,882001,2040,240,1800,0,0.07203556280050336,0.07203556280050336
20,285,0,7000000,174.60255038228965,0,3000000000,882001,885001,852001,33000,0,3000,0.3,0,0.3
20,291,0,9000000,75.26201233025856,0,5000000000,885001,890001,870001,20000,0,5000,0.49999999999999994,0,0.49999999999999994
20,296,0,10000000,109.51162541027323,0,6000000000,890001,896001,885001,11000,0,6000,0.6,0,0.6
20,299,1,5000000,171.8315017684476,1534990.516031097,7000000000,897258,898658,894001,4657,3257,1400,0,0.9772047347096521,0.9772047347096521
20,300,1,8000000,134.96690631410354,3965026.1201700573,9000000000,899019,900819,897001,3818,2018,1800,0,0.6052923555260377,0.6052923555260377
20,297,0,8000000,132.90497244271936,0,10000000000,896001,906001,888001,18000,0,10000,0.9999999999999999,0,0.9999999999999999
20,302,1,7000000,166.8653019653877,1723781.5479340956,9000000000,907062,908862,903001,5861,4061,1800,0,1.2182518153282194,1.2182518153282194
20,303,1,10000000,186.055220297631,1119960.22117256,4000000000,914930,915730,906001,9729,8929,800,0,2.67866656626349,2.67866656626349
20,298,0,8000000,150.39523296966564,0,10000000000,906001,916001,891001,25000,0,10000,0.9999999999999999,0,0.9999999999999999
20,305,1,2000000,234.2294825593055,447950.9015161754,7000000000,916466,917866,912001,5865,4465,1400,0,1.3394325091638064,1.3394325091638064
20,301,0,5000000,147.09860128498846,0,3000000000,916001,919001,900001,19000,0,3000,0.3,0,0.3
20,304,0,10000000,209.52991600246497,0,8000000000,919001,927001,909001,18000,0,8000,0.7999999999999999,0,0.7999999999999999
20,307,0,4000000,223.9032748755587,0,4000000000,927001,931001,918001,13000,0,4000,0.39999999999999997,0,0.39999999999999997
20,311,1,3000000,182.91312145387494,1198268.7382832724,4000000000,932505,933305,930001,3304,2504,800,0,0.7510836019050334,0.7510836019050334
20,309,1,6000000,215.51423247665105,624254.1576937074,4000000000,933612,934412,924001,10411,9611,800,0,2.8834409475942597,2.8834409475942597
20,308,0,8000000,238.52242179719707,0,4000000000,931001,935001,921001,14000,0,4000,0.39999999999999997,0,0.39999999999999997
20,306,1,5000000,218.8591227250991,587108.8495986699,7000000000,935073,936473,915001,21472,8516,1400,0,2.5548925059217815,2.5548925059217815
20,310,1,10000000,196.5149157188838,901255.366793253,4000000000,938097,938897,927001,11896,11096,800,0,3.328690303031723,3.328690303031723
20,312,1,10000000,175.96439440977824,1397121.1802648494,9000000000,940159,941959,933001,8958,7158,1800,0,2.147272579055237,2.147272579055237
20,313,1,9000000,176.3282308650546,1385735.2290104062,4000000000,945159,945959,936001,9958,6495,800,0,1.9484241603124635,1.9484241603124635
20,314,1,8000000,183.67601095407096,1178645.364758681,7000000000,946359,947759,939001,8758,6787,1400,0,2.0362358956812954,2.0362358956812954
20,316,1,5000000,141.27663996570695,3317712.862977913,3000000000,947759,948359,945001,3358,1507,600,0,0.4521186919875971,0.4521186919875971
20,315,1,7000000,172.41774966632642,1514436.4064771247,7000000000,948359,949759,942001,7758,4622,1400,0,1.3866544616984022,1.3866544616984022
20,317,0,2000000,112.58141409664387,0,5000000000,948001,953001,948001,5000,0,5000,0.49999999999999994,0,0.49999999999999994
20,318,1,9000000,97.1397308005329,13784821.93028047,3000000000,953048,953648,951001,2647,653,600,0,0.19586760087694982,0.19586760087694982
20,319,1,8000000,80.66777361499453,26443228.780027527,6000000000,958048,959248,954001,5247,303,1200,0,0.09076047482570325,0.09076047482570325
20,320,0,7000000,66.4304184843058,0,7000000000,957001,964001,957001,7000,0,7000,0.7,0,0.7
20,321,0,8000000,70.2220706046183,0,6000000000,964001,970001,960001,10000,0,6000,0.6,0,0.6
20,322,1,7000000,89.79605781992879,18278170.663591094,9000000000,971248,973048,963001,10047,383,1800,0,0.11489114740475977,0.11489114740475977
20,323,1,8000000,117.53647306262,6759999.483995445,2000000000,975448,975848,966001,9847,1183,400,0,0.3550296128989493,0.3550296128989493
20,324,1,6000000,148.9353017252794,2697793.7144557913,9000000000,975848,977648,969001,8647,2224,1800,0,0.6672118740417121,0.6672118740417121
20,326,0,10000000,203.31283579744786,0,6000000000,975001,981001,975001,6000,0,6000,0.6,0,0.6
20,325,1,5000000,181.7442884934765,1229128.8952887252,10000000000,979448,981448,972001,9447,4068,2000,0,1.2203764843130196,1.2203764843130196
20,327,0,5000000,217.30292980077382,0,7000000000,981001,988001,978001,10000,0,7000,0.7,0,0.7
20,328,0,9000000,236.95236166790994,0,5000000000,988001,993001,981001,12000,0,5000,0.49999999999999994,0,0.49999999999999994
20,329,0,8000000,244.99767937676472,0,4000000000,993001,997001,984001,13000,0,4000,0.39999999999999997,0,0.39999999999999997
