vehicle_id,task_id,execution_location,size,distance,transfer_rate,execution_cycles,start_time,end_time,release_time,response_time,transmission_time,execution_time,execution_energy,transfer_energy,total_energy
1,1,0,7000000,180.12362227092814,0,4000000000,1,4001,1,4000,0,4000,0.39999999999999997,0,0.39999999999999997
1,4,1,2000000,174.2800496327678,1451371.9489850937,2000000000,10379,10779,9001,1778,1378,400,0,0.4134019542127462,0.4134019542127462
1,2,0,4000000,178.2195253051696,0,9000000000,4001,13001,3001,10000,0,9000,0.8999999999999999,0,0.8999999999999999
1,3,1,7000000,183.89026211303306,1173206.3323137874,9000000000,13291,15091,6001,9090,5967,1800,0,1.7899664723581896,1.7899664723581896
1,7,1,9000000,115.7584813307431,7164544.909383026,2000000000,19257,19657,18001,1656,1256,400,0,0.3768557576439995,0.3768557576439995
1,5,0,8000000,153.93124861443826,0,10000000000,13001,23001,12001,11000,0,10000,0.9999999999999999,0,0.9999999999999999
1,8,1,9000000,105.52037954821806,10159196.118005317,8000000000,21887,23487,21001,2486,886,1600,0,0.26576905974034143,0.26576905974034143
1,11,1,10000000,69.22982666452369,43048520.651141025,7000000000,30233,31633,30001,1632,232,1400,0,0.06968880590140519,0.06968880590140519
1,6,0,10000000,134.19435792908735,0,9000000000,23001,32001,15001,17000,0,9000,0.8999999999999999,0,0.8999999999999999
1,9,0,6000000,92.84315914487185,0,6000000000,32001,38001,24001,14000,0,6000,0.6,0,0.6
1,14,1,9000000,72.3964867932139,37532255.61956763,3000000000,39241,39841,39001,840,240,600,0,0.07193812243440922,0.07193812243440922
1,10,0,7000000,78.80699524788392,0,5000000000,38001,43001,27001,16000,0,5000,0.49999999999999994,0,0.49999999999999994
1,16,1,8000000,99.35792670944781,12693042.093320874,3000000000,45631,46231,45001,1230,630,600,0,0.18907996856505258,0.18907996856505258
1,12,0,2000000,67.05641281786552,0,4000000000,43001,47001,33001,14000,0,4000,0.39999999999999997,0,0.39999999999999997
1,18,1,6000000,135.67610290688629,3884946.4135141578,2000000000,52545,52945,51001,1944,1544,400,0,0.46332685406895907,0.46332685406895907
1,13,0,8000000,66.61727403609366,0,9000000000,47001,56001,36001,20000,0,9000,0.8999999999999999,0,0.8999999999999999
1,15,0,9000000,83.9798862823712,0,8000000000,56001,64001,42001,22000,0,8000,0.7999999999999999,0,0.7999999999999999
1,22,1,2000000,198.36412679716057,868313.9305856697,3000000000,65304,65904,63001,2903,2303,600,0,0.6909943268966162,0.6909943268966162
1,21,1,6000000,196.22274893599877,906601.4149585579,9000000000,66619,68419,60001,8418,6618,1800,0,1.9854370071574183,1.9854370071574183
1,17,0,5000000,116.67081211682725,0,9000000000,64001,73001,48001,25000,0,9000,0.8999999999999999,0,0.8999999999999999
1,23,1,7000000,193.24822638254668,963342.1712538899,6000000000,73267,74467,66001,8466,7266,1200,0,2.1799107966659776,2.1799107966659776
1,19,0,2000000,155.56204324963076,0,9000000000,73001,82001,54001,28000,0,9000,0.8999999999999999,0,0.8999999999999999
1,25,1,8000000,194.85996253720256,932065.7250025843,9000000000,80989,82789,72001,10788,8583,1800,0,2.5749257113744264,2.5749257113744264
1,20,0,9000000,176.06610690306067,0,3000000000,82001,85001,57001,28000,0,3000,0.3,0,0.3
1,24,0,6000000,192.04401578804794,0,6000000000,85001,91001,69001,22000,0,6000,0.6,0,0.6
1,26,0,2000000,201.5371402496324,0,2000000000,91001,93001,75001,18000,0,2000,0.19999999999999998,0,0.19999999999999998
1,27,0,2000000,211.68817161098065,0,4000000000,93001,97001,78001,19000,0,4000,0.39999999999999997,0,0.39999999999999997
1,28,0,3000000,224.82935239865807,0,2000000000,97001,99001,81001,18000,0,2000,0.19999999999999998,0,0.19999999999999998
1,29,0,3000000,240.4917597340915,0,4000000000,99001,103001,84001,19000,0,4000,0.39999999999999997,0,0.39999999999999997
1,35,1,2000000,240.65468123433624,402121.68159886874,4000000000,106975,107775,102001,5774,4974,800,0,1.492085673208047,1.492085673208047
1,30,1,5000000,249.97665971046177,345547.18335376406,5000000000,108719,109719,87001,22718,14470,1000,0,4.3409411862122775,4.3409411862122775
1,31,1,7000000,233.35631660617204,454671.9405880127,9000000000,110519,112319,90001,22318,15396,1800,0,4.618714753508073,4.618714753508073
1,32,0,7000000,219.02614113388384,0,10000000000,103001,113001,93001,20000,0,10000,0.9999999999999999,0,0.9999999999999999
1,34,1,8000000,220.17305579929618,573274.0263605905,4000000000,112956,113756,99001,14755,13955,800,0,4.186479571098508,4.186479571098508
1,33,0,8000000,209.20176528891915,0,2000000000,113001,115001,96001,19000,0,2000,0.19999999999999998,0,0.19999999999999998
1,37,0,4000000,222.8499192281657,0,4000000000,115001,119001,108001,11000,0,4000,0.39999999999999997,0,0.39999999999999997
1,36,1,4000000,243.55827988389146,383336.1305748733,9000000000,118119,119919,105001,14918,10435,1800,0,3.130411939517441,3.130411939517441
1,40,1,7000000,146.23604001750044,2898501.749747005,4000000000,119919,120719,117001,3718,2415,800,0,0.7245122416032,0.7245122416032
1,39,1,8000000,177.13851077617196,1360789.7631211272,3000000000,120719,121319,114001,7318,5879,600,0,1.7636816979687775,1.7636816979687775
1,41,1,6000000,118.07586925362858,6642796.579869294,7000000000,121319,122719,120001,2718,903,1400,0,0.2709702123733281,0.2709702123733281
1,38,0,8000000,206.75429209571445,0,5000000000,119001,124001,111001,13000,0,5000,0.49999999999999994,0,0.49999999999999994
1,44,1,5000000,38.68715161394029,161403756.89455852,2000000000,129032,129432,129001,431,31,400,0,0.00929346397419929,0.00929346397419929
1,42,0,4000000,88.23129433483335,0,9000000000,124001,133001,123001,10000,0,9000,0.8999999999999999,0,0.8999999999999999
1,43,0,3000000,66.34530880175329,0,2000000000,133001,135001,126001,9000,0,2000,0.19999999999999998,0,0.19999999999999998
1,46,1,2000000,22.301569451498256,313150139.59597087,8000000000,135007,136607,135001,1606,6,1600,0,0.001916013835325526,0.001916013835325526
1,45,0,6000000,8.699522975428026,0,6000000000,135001,141001,132001,9000,0,6000,0.6,0,0.6
1,47,0,9000000,52.5495290178704,0,2000000000,141001,143001,138001,5000,0,2000,0.19999999999999998,0,0.19999999999999998
1,48,0,9000000,82.88216032416142,0,5000000000,143001,148001,141001,7000,0,5000,0.49999999999999994,0,0.49999999999999994
1,50,1,4000000,125.02979844820993,5332612.6578746,9000000000,149573,151373,147001,4372,750,1800,0,0.22503040760479304,0.22503040760479304
1,49,0,9000000,113.2194881634783,0,7000000000,148001,155001,144001,11000,0,7000,0.7,0,0.7
1,53,1,6000000,124.8780048687518,5357646.644370048,5000000000,158573,159573,156001,3572,1120,1000,0,0.33596840543627227,0.33596840543627227
1,51,0,3000000,131.4272422293034,0,8000000000,155001,163001,150001,13000,0,8000,0.7999999999999999,0,0.7999999999999999
1,54,1,8000000,127.83488921260896,4894746.959842024,5000000000,162173,163173,159001,4172,1634,1000,0,0.4903215671188565,0.4903215671188565
1,55,1,3000000,137.6231404960663,3675105.5766043887,3000000000,163173,163773,162001,1772,816,600,0,0.2448909238769555,0.2448909238769555
1,52,0,3000000,144.1366969234414,0,2000000000,163001,165001,153001,12000,0,2000,0.19999999999999998,0,0.19999999999999998
1,56,0,2000000,151.1376197377741,0,10000000000,165001,175001,165001,10000,0,10000,0.9999999999999999,0,0.9999999999999999
1,57,0,8000000,168.80238149978808,0,4000000000,175001,179001,168001,11000,0,4000,0.39999999999999997,0,0.39999999999999997
1,58,1,4000000,190.16259700582552,1026952.39884013,2000000000,180318,180718,171001,9717,3895,400,0,1.1685059612843935,1.1685059612843935
1,59,0,4000000,213.49964871165477,0,7000000000,179001,186001,174001,12000,0,7000,0.7,0,0.7
1,61,1,2000000,234.13914345961035,448640.4957724106,2000000000,186918,187318,180001,7317,4458,400,0,1.3373737004436,1.3373737004436
1,60,1,5000000,234.7241855881068,444197.99757245864,5000000000,188257,189257,177001,12256,11256,1000,0,3.376872494242427,3.376872494242427
1,62,1,5000000,214.07004577941302,641195.67829292,6000000000,190799,191999,183001,8998,7798,1200,0,2.33937946056266,2.33937946056266
1,63,0,2000000,192.23506573983843,0,8000000000,186001,194001,186001,8000,0,8000,0.7999999999999999,0,0.7999999999999999
1,65,1,8000000,156.38601120304847,2226559.738239588,4000000000,195594,196394,192001,4393,3593,800,0,1.0778960738316148,1.0778960738316148
1,64,0,10000000,172.2073198211969,0,9000000000,194001,203001,189001,14000,0,9000,0.8999999999999999,0,0.8999999999999999
1,68,1,5000000,127.80933807824839,4898532.303663283,5000000000,203117,204117,201001,3116,1021,1000,0,0.30621416926826245,0.30621416926826245
1,69,1,3000000,141.0629735260107,3337400.8073260235,7000000000,204900,206300,204001,2299,899,1400,0,0.26967093614419474,0.26967093614419474
1,70,1,4000000,163.5409578668292,1866418.6803755658,6000000000,209144,210344,207001,3343,2143,1200,0,0.6429425576465687,0.6429425576465687
1,66,0,3000000,142.03217945240436,0,9000000000,203001,212001,195001,17000,0,9000,0.8999999999999999,0,0.8999999999999999
1,67,0,10000000,132.1549155347617,0,9000000000,212001,221001,198001,23000,0,9000,0.8999999999999999,0,0.8999999999999999
1,74,1,8000000,163.366319968346,1874309.3024219077,9000000000,225770,227570,219001,8569,4268,1800,0,1.2804716899707085,1.2804716899707085
1,71,0,3000000,174.43828392872936,0,7000000000,221001,228001,210001,18000,0,7000,0.7,0,0.7
1,75,1,8000000,171.9222815693184,1531785.1634042677,10000000000,229570,231570,222001,9569,5223,2000,0,1.5667993510696994,1.5667993510696994
1,72,0,8000000,166.15556836892344,0,4000000000,228001,232001,213001,19000,0,4000,0.39999999999999997,0,0.39999999999999997
1,77,1,4000000,187.8779736956943,1077444.4217371559,7000000000,231713,233113,228001,5112,3712,1400,0,1.1137465430144866,1.1137465430144866
1,73,0,2000000,161.04644299083418,0,4000000000,232001,236001,216001,20000,0,4000,0.39999999999999997,0,0.39999999999999997
1,78,1,3000000,208.29083441188672,715008.1783292516,5000000000,235197,236197,231001,5196,4196,1000,0,1.2587268611430653,1.2587268611430653
1,76,0,8000000,176.60684075086107,0,8000000000,236001,244001,225001,19000,0,8000,0.7999999999999999,0,0.7999999999999999
1,79,0,2000000,184.02722624655303,0,6000000000,244001,250001,234001,16000,0,6000,0.6,0,0.6
1,81,0,10000000,150.31483293407868,0,8000000000,250001,258001,240001,18000,0,8000,0.7999999999999999,0,0.7999999999999999
1,82,0,2000000,149.80448925182446,0,8000000000,258001,266001,243001,23000,0,8000,0.7999999999999999,0,0.7999999999999999
1,83,0,3000000,149.80448925182446,0,4000000000,266001,270001,246001,24000,0,4000,0.39999999999999997,0,0.39999999999999997
1,85,0,5000000,149.80448925182446,0,3000000000,270001,273001,252001,21000,0,3000,0.3,0,0.3
1,87,0,10000000,149.80448925182446,0,4000000000,273001,277001,258001,19000,0,4000,0.39999999999999997,0,0.39999999999999997
1,89,0,9000000,140.11161158162443,0,3000000000,277001,280001,264001,16000,0,3000,0.3,0,0.3
1,90,0,7000000,139.6827011479947,0,6000000000,280001,286001,267001,19000,0,6000,0.6,0,0.6
1,96,1,6000000,95.3646921035244,14739102.19888192,8000000000,285408,287008,285001,2007,407,1600,0,0.12212412775973183,0.12212412775973183
1,97,1,10000000,97.37861828964304,13662042.321799204,5000000000,288733,289733,288001,1732,732,1000,0,0.2195864958794037,0.2195864958794037
1,80,1,7000000,163.05261635435352,1888587.4917889764,8000000000,292629,294229,237001,57228,3706,1600,0,1.1119421308942177,1.1119421308942177
1,92,0,4000000,163.75523808416025,0,10000000000,286001,296001,273001,23000,0,10000,0.9999999999999999,0,0.9999999999999999
1,99,1,5000000,129.6935314501074,4628754.065921576,7000000000,295081,296481,294001,2480,1080,1400,0,0.3240612870412576,0.3240612870412576
1,100,1,8000000,147.30427726308562,2816935.920183994,5000000000,299841,300841,297001,3840,2840,1000,0,0.8519895617090356,0.8519895617090356
1,93,0,9000000,150.05387965660867,0,9000000000,296001,305001,276001,29000,0,9000,0.8999999999999999,0,0.8999999999999999
1,101,1,9000000,168.15393245476,1672146.4702880406,10000000000,305383,307383,300001,7382,5382,2000,0,1.614691085963841,1.614691085963841
1,84,1,2000000,149.80448925182446,2636845.1596287237,8000000000,308229,309829,249001,60828,758,1600,0,0.2275446466050672,0.2275446466050672
1,103,1,5000000,206.1724853126624,744696.482101492,2000000000,312715,313115,306001,7114,6714,400,0,2.0142434348112985,2.0142434348112985
1,94,0,10000000,124.8297312341896,0,9000000000,305001,314001,279001,35000,0,9000,0.8999999999999999,0,0.8999999999999999
1,86,1,5000000,149.80448925182446,2636845.1596287237,5000000000,315829,316829,255001,61828,1896,1000,0,0.5688616165126681,0.5688616165126681
1,95,0,10000000,105.42162207061703,0,8000000000,314001,322001,282001,40000,0,8000,0.7999999999999999,0,0.7999999999999999
1,88,1,5000000,146.43006692616103,2883472.0233555757,7000000000,320629,322029,261001,61028,1734,1400,0,0.5202061916503038,0.5202061916503038
1,108,1,6000000,72.39684661641006,37531673.868531056,9000000000,321161,322961,321001,1960,160,1800,0,0.047959491663099915,0.047959491663099915
1,109,1,4000000,44.67966539713566,125611617.75335224,3000000000,324033,324633,324001,632,32,600,0,0.009553256469925333,0.009553256469925333
1,91,1,6000000,148.11088413752714,2757220.0044884044,9000000000,325229,327029,270001,57028,2176,1800,0,0.6528314741187966,0.6528314741187966
1,110,1,5000000,18.256048312819484,370384917.13053405,10000000000,327014,329014,327001,2013,13,2000,0,0.004049840937424992,0.004049840937424992
1,98,0,5000000,110.89331269287611,0,9000000000,322001,331001,291001,40000,0,9000,0.8999999999999999,0,0.8999999999999999
1,111,1,10000000,11.973641885408119,491740371.95573133,5000000000,331014,332014,330001,2013,20,1000,0,0.006100780352990975,0.006100780352990975
1,112,1,3000000,35.42965565737266,184462902.56987515,3000000000,333017,333617,333001,616,16,600,0,0.004879029807411152,0.004879029807411152
1,102,0,8000000,186.11618951611925,0,4000000000,331001,335001,303001,32000,0,4000,0.39999999999999997,0,0.39999999999999997
1,113,1,4000000,62.63594894307891,57468380.70912834,2000000000,336071,336471,336001,470,70,400,0,0.020881047720375225,0.020881047720375225
1,104,0,7000000,181.14287951779946,0,5000000000,335001,340001,309001,31000,0,5000,0.49999999999999994,0,0.49999999999999994
1,114,1,5000000,90.45699364891576,17809902.68611666,6000000000,339282,340482,339001,1481,281,1200,0,0.08422280718969306,0.08422280718969306
1,115,1,4000000,117.66398471919955,6732067.593801108,10000000000,342595,344595,342001,2594,594,2000,0,0.1782513296665293,0.1782513296665293
1,105,0,9000000,153.19818569421767,0,6000000000,340001,346001,312001,34000,0,6000,0.6,0,0.6
1,106,0,8000000,125.25435122182382,0,3000000000,346001,349001,315001,34000,0,3000,0.3,0,0.3
1,117,1,2000000,135.88169928286888,3862104.098759152,6000000000,348519,349719,348001,1718,518,1200,0,0.15535572958604943,0.15535572958604943
1,107,0,5000000,97.97578884602049,0,2000000000,349001,351001,318001,33000,0,2000,0.19999999999999998,0,0.19999999999999998
1,116,0,4000000,131.725290662044,0,8000000000,351001,359001,345001,14000,0,8000,0.7999999999999999,0,0.7999999999999999
1,122,1,2000000,151.33535740202944,2533582.3373451387,5000000000,363790,364790,363001,1789,789,1000,0,0.23681882809015836,0.23681882809015836
1,123,1,4000000,137.97281181450205,3638911.481100478,2000000000,367100,367500,366001,1499,1099,400,0,0.3297689449805183,0.3297689449805183
1,118,0,5000000,145.40675121877936,0,9000000000,359001,368001,351001,17000,0,9000,0.8999999999999999,0,0.8999999999999999
1,119,0,7000000,159.33459793779875,0,4000000000,368001,372001,354001,18000,0,4000,0.39999999999999997,0,0.39999999999999997
1,120,0,5000000,175.16604693832656,0,3000000000,372001,375001,357001,18000,0,3000,0.3,0,0.3
1,126,1,7000000,142.16461620248558,3237410.1511096973,4000000000,377163,377963,375001,2962,2162,800,0,0.6486666508042475,0.6486666508042475
1,127,1,9000000,132.8414491038094,4217485.946976986,8000000000,380135,381735,378001,3734,2134,1600,0,0.640191818999494,0.640191818999494
1,121,0,3000000,168.43198864823742,0,9000000000,375001,384001,360001,24000,0,9000,0.8999999999999999,0,0.8999999999999999
1,124,0,10000000,168.86714097183028,0,8000000000,384001,392001,369001,23000,0,8000,0.7999999999999999,0,0.7999999999999999
1,125,0,5000000,155.56466597527853,0,7000000000,392001,399001,372001,27000,0,7000,0.7,0,0.7
1,134,1,3000000,156.12633986614816,2241181.379547167,3000000000,402053,402653,399001,3652,1339,600,0,0.4015739235625123,0.4015739235625123
1,135,1,3000000,161.08991340242255,1981049.0255701027,4000000000,404920,405720,402001,3719,1514,800,0,0.45430475893497874,0.45430475893497874
1,128,0,4000000,126.75888686794309,0,10000000000,399001,409001,381001,28000,0,10000,0.9999999999999999,0,0.9999999999999999
1,129,0,10000000,125.61346424647317,0,8000000000,409001,417001,384001,33000,0,8000,0.7999999999999999,0,0.7999999999999999
1,138,1,5000000,192.66557813994697,974969.5201841989,7000000000,416129,417529,411001,6528,5128,1400,0,1.538509634348988,1.538509634348988
1,130,0,8000000,129.71933471923145,0,7000000000,417001,424001,387001,37000,0,7000,0.7,0,0.7
1,131,0,9000000,138.54936809671852,0,7000000000,424001,431001,390001,41000,0,7000,0.7,0,0.7
1,132,0,6000000,149.69770205317118,0,3000000000,431001,434001,393001,41000,0,3000,0.3,0,0.3
1,145,1,6000000,174.77939037541006,1435019.9298289192,6000000000,437497,438697,432001,6696,4181,1200,0,1.2543379799711862,1.2543379799711862
1,146,1,7000000,148.05021107718824,2761657.094761435,2000000000,438697,439097,435001,4096,2535,400,0,0.7604130157880473,0.7604130157880473
1,133,0,6000000,155.28318518113932,0,6000000000,434001,440001,396001,44000,0,6000,0.6,0,0.6
1,144,1,9000000,203.05069243910498,791304.5706757203,3000000000,440375,440975,429001,11974,11374,600,0,3.4120869511651923,3.4120869511651923
1,143,1,8000000,220.0081400766799,574987.9998841301,8000000000,441635,443235,426001,17234,13913,1600,0,4.174000153887805,4.174000153887805
1,148,1,8000000,107.14790945230803,9594215.627887558,10000000000,441835,443835,441001,2834,834,2000,0,0.25015072550838935,0.25015072550838935
1,149,1,9000000,94.53093091681689,15214104.403937267,4000000000,444593,445393,444001,1392,592,800,0,0.1774669036253797,0.1774669036253797
1,150,1,6000000,91.78397463609865,16911271.28529221,5000000000,447356,448356,447001,1355,355,1000,0,0.10643788805904061,0.10643788805904061
1,136,0,3000000,169.80751279021786,0,9000000000,440001,449001,405001,44000,0,9000,0.8999999999999999,0,0.8999999999999999
1,137,0,6000000,181.62310563361697,0,7000000000,449001,456001,408001,48000,0,7000,0.7,0,0.7
1,139,0,10000000,207.07638421606651,0,3000000000,456001,459001,414001,45000,0,3000,0.3,0,0.3
1,154,1,3000000,163.62535164209729,1862620.304464506,2000000000,460612,461012,459001,2011,1611,400,0,0.48319026580070784,0.48319026580070784
1,140,0,5000000,212.21318455741624,0,5000000000,459001,464001,417001,47000,0,5000,0.49999999999999994,0,0.49999999999999994
1,141,0,6000000,212.21318455741624,0,9000000000,464001,473001,420001,53000,0,9000,0.8999999999999999,0,0.8999999999999999
1,155,1,5000000,158.6592969226827,2103469.6589178564,3000000000,474445,475045,462001,13044,2377,600,0,0.7131075048506689,0.7131075048506689
1,142,0,7000000,212.21318455741624,0,4000000000,473001,477001,423001,54000,0,4000,0.39999999999999997,0,0.39999999999999997
1,156,1,6000000,147.0670554543063,2834801.6520387023,6000000000,480445,481645,465001,16644,2117,1200,0,0.6349650596208364,0.6349650596208364
1,147,0,7000000,123.84001009366887,0,8000000000,477001,485001,438001,47000,0,8000,0.7999999999999999,0,0.7999999999999999
1,159,1,2000000,145.34274835711616,2968959.2086826353,3000000000,490045,490645,474001,16644,674,600,0,0.2020910217443599,0.2020910217443599
1,151,0,5000000,99.6331711830955,0,6000000000,485001,491001,450001,41000,0,6000,0.6,0,0.6
1,161,1,3000000,146.36535997291165,2888473.6366199083,4000000000,494045,494845,480001,14844,1039,800,0,0.31158324887921773,0.31158324887921773
1,162,1,6000000,153.05033453083334,2423773.141343042,6000000000,494845,496045,483001,13044,2475,1200,0,0.7426437603820456,0.7426437603820456
1,163,1,6000000,167.82899034433828,1684983.71512775,5000000000,497645,498645,486001,12644,3561,1000,0,1.0682595824752703,1.0682595824752703
1,152,0,5000000,116.10790886068013,0,8000000000,491001,499001,453001,46000,0,8000,0.7999999999999999,0,0.7999999999999999
1,153,0,2000000,138.1692429594951,0,5000000000,499001,504001,456001,48000,0,5000,0.49999999999999994,0,0.49999999999999994
1,168,1,4000000,188.30285207611703,1067824.2680941862,5000000000,504747,505747,501001,4746,3746,1000,0,1.1237804157997984,1.1237804157997984
1,157,0,6000000,142.03952196483905,0,8000000000,504001,512001,468001,44000,0,8000,0.7999999999999999,0,0.7999999999999999
1,158,0,2000000,144.2243672199674,0,5000000000,512001,517001,471001,46000,0,5000,0.49999999999999994,0,0.49999999999999994
1,172,1,4000000,187.645882715289,1082745.0139981455,7000000000,516695,518095,513001,5094,3694,1400,0,1.1082941823660575,1.1082941823660575
1,171,1,9000000,188.30285207611703,1067824.2680941862,6000000000,518429,519629,510001,9628,8428,1200,0,2.5285059355495463,2.5285059355495463
1,173,1,8000000,182.45644329537942,1210210.1957163312,6000000000,522611,523811,516001,7810,6610,1200,0,1.983126574619068,1.983126574619068
1,160,0,3000000,145.34274835711616,0,8000000000,517001,525001,477001,48000,0,8000,0.7999999999999999,0,0.7999999999999999
1,164,0,5000000,187.02922552371328,0,7000000000,525001,532001,489001,43000,0,7000,0.7,0,0.7
1,175,1,9000000,200.80453381335792,827102.9154706515,8000000000,533978,535578,522001,13577,10881,1600,0,3.2644063386762485,3.2644063386762485
1,165,0,7000000,207.2652339395105,0,6000000000,532001,538001,492001,46000,0,6000,0.6,0,0.6
1,177,1,6000000,235.16935216987778,440854.3641814392,8000000000,541611,543211,528001,15210,13610,1600,0,4.0829810165136236,4.0829810165136236
1,180,1,7000000,183.5973989467171,1180648.8915371206,2000000000,543211,543611,537001,6610,5929,400,0,1.77868290484392,1.77868290484392
1,166,0,5000000,189.87309024714375,0,8000000000,538001,546001,495001,51000,0,8000,0.7999999999999999,0,0.7999999999999999
1,182,1,6000000,181.99081570233153,1222538.4417593116,5000000000,547909,548909,543001,5908,4908,1000,0,1.4723463398089012,1.4723463398089012
1,167,0,3000000,188.30285207611703,0,7000000000,546001,553001,498001,55000,0,7000,0.7,0,0.7
1,184,1,10000000,174.28416910322065,1451236.1034276919,3000000000,555892,556492,549001,7491,6891,600,0,2.067203257219321,2.067203257219321
1,186,1,2000000,171.21411448826294,1557012.339088654,8000000000,556492,558092,555001,3091,1285,1600,0,0.3853534008286603,0.3853534008286603
1,169,0,4000000,188.30285207611703,0,7000000000,553001,560001,504001,56000,0,7000,0.7,0,0.7
1,170,0,3000000,188.30285207611703,0,4000000000,560001,564001,507001,57000,0,4000,0.39999999999999997,0,0.39999999999999997
1,187,1,7000000,178.51519067014996,1319673.3119960683,10000000000,563305,565305,558001,7304,5304,2000,0,1.591302923921111,1.591302923921111
1,174,0,3000000,185.77896813148683,0,9000000000,564001,573001,519001,54000,0,9000,0.8999999999999999,0,0.8999999999999999
1,191,1,2000000,246.42671324351184,365841.4578241344,10000000000,575468,577468,570001,7467,5467,2000,0,1.6400546935509677,1.6400546935509677
1,176,0,2000000,219.62123075877707,0,6000000000,573001,579001,525001,54000,0,6000,0.6,0,0.6
1,192,1,3000000,240.3128970737942,404407.81678835826,5000000000,580419,581419,573001,8418,7418,1000,0,2.2254762708283744,2.2254762708283744
1,190,1,7000000,226.15037165567514,515234.1724973993,8000000000,580587,582187,567001,15186,13586,1600,0,4.075816613290726,4.075816613290726
1,178,0,2000000,211.86315630614018,0,4000000000,579001,583001,531001,52000,0,4000,0.39999999999999997,0,0.39999999999999997
1,195,1,2000000,190.48346411171758,1020098.8803949174,9000000000,583962,585762,582001,3761,1961,1800,0,0.5881782751959478,0.5881782751959478
1,179,0,7000000,196.64671723677466,0,6000000000,583001,589001,534001,55000,0,6000,0.6,0,0.6
1,193,1,9000000,220.17412041382158,573262.982506153,6000000000,591701,592901,576001,16900,15700,1200,0,4.709880251113231,4.709880251113231
1,181,0,7000000,181.99081570233153,0,4000000000,589001,593001,540001,53000,0,4000,0.39999999999999997,0,0.39999999999999997
1,194,1,10000000,205.97813597564186,747496.5437190925,5000000000,592901,593901,579001,14900,13378,1000,0,4.013396483512562,4.013396483512562
1,183,0,6000000,180.44215832227238,0,4000000000,593001,597001,546001,51000,0,4000,0.39999999999999997,0,0.39999999999999997
1,198,1,7000000,196.92071500987396,893895.0417200942,9000000000,598832,600632,591001,9631,7831,1800,0,2.3492690998252277,2.3492690998252277
1,185,0,2000000,169.7064527353041,0,5000000000,597001,602001,552001,50000,0,5000,0.49999999999999994,0,0.49999999999999994
1,200,1,6000000,166.4312020025091,1741620.2612473615,10000000000,600632,602632,597001,5631,3445,2000,0,1.0335203603515881,1.0335203603515881
1,188,0,6000000,190.97425192941583,0,4000000000,602001,606001,561001,45000,0,4000,0.39999999999999997,0,0.39999999999999997
1,189,0,4000000,207.6812273654025,0,3000000000,606001,609001,564001,45000,0,3000,0.3,0,0.3
1,203,1,10000000,145.01832884156403,2995069.995168497,10000000000,609340,611340,606001,5339,3339,2000,0,1.0016460399387848,1.0016460399387848
1,196,0,4000000,174.84247567453397,0,3000000000,609001,612001,585001,27000,0,3000,0.3,0,0.3
1,206,1,2000000,150.5079114199649,2588762.690023484,8000000000,615774,617374,615001,2373,773,1600,0,0.23177095463878036,0.23177095463878036
1,207,1,4000000,153.53101641036577,2394057.3645408093,2000000000,619672,620072,618001,2071,1671,400,0,0.5012411221943152,0.5012411221943152
1,197,0,9000000,161.6912876440781,0,10000000000,612001,622001,588001,34000,0,10000,0.9999999999999999,0,0.9999999999999999
1,199,0,5000000,182.41513780385665,0,2000000000,622001,624001,594001,30000,0,2000,0.19999999999999998,0,0.19999999999999998
1,208,1,7000000,165.29731576767966,1789308.077588302,8000000000,624913,626513,621001,5512,3912,1600,0,1.1736380259516073,1.1736380259516073
1,201,0,9000000,157.1767123336024,0,3000000000,624001,627001,600001,27000,0,3000,0.3,0,0.3
1,202,0,2000000,150.32233100906865,0,7000000000,627001,634001,603001,31000,0,7000,0.7,0,0.7
1,204,0,4000000,145.0117957271063,0,10000000000,634001,644001,609001,35000,0,10000,0.9999999999999999,0,0.9999999999999999
1,205,0,9000000,150.17325727305777,0,7000000000,644001,651001,612001,39000,0,7000,0.7,0,0.7
1,217,1,5000000,177.9412816071639,1336623.546932447,5000000000,651742,652742,648001,4741,3741,1000,0,1.1222307159278333,1.1222307159278333
1,218,1,2000000,164.28919197561353,1833074.2309797977,7000000000,652742,654142,651001,3141,1091,1400,0,0.3273189867926372,0.3273189867926372
1,209,0,10000000,180.82440349687315,0,4000000000,651001,655001,624001,31000,0,4000,0.39999999999999997,0,0.39999999999999997
1,214,1,8000000,237.13792273695918,426439.5016445312,8000000000,657761,659361,639001,20360,18760,1600,0,5.62799644672828,5.62799644672828
1,210,0,9000000,200.33062297112744,0,7000000000,655001,662001,627001,35000,0,7000,0.7,0,0.7
1,221,1,6000000,143.57461927513512,3114763.0383313224,10000000000,661927,663927,660001,3926,1926,2000,0,0.5778930781727516,0.5778930781727516
1,211,0,4000000,206.0116744264752,0,6000000000,662001,668001,630001,38000,0,6000,0.6,0,0.6
1,223,1,7000000,155.42308354938783,2281381.8795130756,4000000000,669069,669869,666001,3868,3068,800,0,0.9204947312232582,0.9204947312232582
1,212,0,3000000,224.08631640508526,0,7000000000,668001,675001,633001,42000,0,7000,0.7,0,0.7
1,225,1,3000000,183.01132560582138,1195720.0187905836,4000000000,674510,675310,672001,3309,2509,800,0,0.7526845631557704,0.7526845631557704
1,213,0,2000000,246.55298862516352,0,2000000000,675001,677001,636001,41000,0,2000,0.19999999999999998,0,0.19999999999999998
1,215,0,2000000,216.49064668017414,0,3000000000,677001,680001,642001,38000,0,3000,0.3,0,0.3
1,227,1,4000000,222.90527539742087,545783.5224666867,10000000000,685330,687330,678001,9329,7329,2000,0,2.198673925838875,2.198673925838875
1,216,0,4000000,196.15992302200777,0,9000000000,680001,689001,645001,44000,0,9000,0.8999999999999999,0,0.8999999999999999
1,228,1,3000000,238.34586381978602,417884.9880975915,10000000000,688180,690180,681001,9179,7179,2000,0,2.1537026350174058,2.1537026350174058
1,219,0,3000000,152.42709798457756,0,9000000000,689001,698001,654001,44000,0,9000,0.8999999999999999,0,0.8999999999999999
1,232,1,6000000,185.3511168026781,1136941.0776135002,7000000000,698278,699678,693001,6677,5277,1400,0,1.583195501897333,1.583195501897333
1,234,1,2000000,154.29633048131765,2347670.0875208266,4000000000,699853,700653,699001,1652,852,800,0,0.2555725368693557,0.2555725368693557
1,220,0,9000000,145.29894424943356,0,3000000000,698001,701001,657001,44000,0,3000,0.3,0,0.3
1,235,1,9000000,144.26035491430068,3057188.8826022632,2000000000,704945,705345,702001,3344,2944,400,0,0.8831642740051358,0.8831642740051358
1,222,0,3000000,146.80887745637182,0,8000000000,701001,709001,663001,46000,0,8000,0.7999999999999999,0,0.7999999999999999
1,237,1,3000000,142.2414426248553,3230575.7296876633,10000000000,711545,713545,708001,5544,929,2000,0,0.2785881141028114,0.2785881141028114
1,224,0,9000000,168.5071669098974,0,6000000000,709001,715001,669001,46000,0,6000,0.6,0,0.6
1,239,1,9000000,161.60648811232798,1956179.2631002453,6000000000,718602,719802,714001,5801,4601,1200,0,1.3802416020507817,1.3802416020507817
1,226,0,4000000,201.97290635132234,0,5000000000,715001,720001,675001,45000,0,5000,0.49999999999999994,0,0.49999999999999994
1,229,0,8000000,237.73214549151734,0,2000000000,720001,722001,684001,38000,0,2000,0.19999999999999998,0,0.19999999999999998
1,241,1,3000000,199.4975250473048,848863.6300158311,10000000000,723535,725535,720001,5534,3534,2000,0,1.0602409717839074,1.0602409717839074
1,230,0,2000000,226.92814215076982,0,5000000000,722001,727001,687001,40000,0,5000,0.49999999999999994,0,0.49999999999999994
1,231,0,4000000,206.66518236026113,0,2000000000,727001,729001,690001,39000,0,2000,0.19999999999999998,0,0.19999999999999998
1,233,0,4000000,169.53619466060928,0,2000000000,729001,731001,696001,35000,0,2000,0.19999999999999998,0,0.19999999999999998
1,236,0,4000000,140.49281583056126,0,4000000000,731001,735001,705001,30000,0,4000,0.39999999999999997,0,0.39999999999999997
1,245,1,4000000,210.47415922150634,685936.905666323,8000000000,738010,739610,732001,7609,5831,1600,0,1.7494320397213694,1.7494320397213694
1,244,1,6000000,233.99057780175679,449777.43918877526,10000000000,742341,744341,729001,15340,13340,2000,0,4.001979297241998,4.001979297241998
1,238,0,8000000,150.48118287679694,0,10000000000,735001,745001,711001,34000,0,10000,0.9999999999999999,0,0.9999999999999999
1,247,1,6000000,179.62488942237374,1287649.8507928525,5000000000,744741,745741,738001,7740,4660,1000,0,1.3978955528101642,1.3978955528101642
1,249,1,10000000,149.34694171626012,2668714.2988446644,4000000000,747748,748548,744001,4547,3747,800,0,1.1241368179796374,1.1241368179796374
1,240,0,8000000,178.90382500103237,0,7000000000,745001,752001,717001,35000,0,7000,0.7,0,0.7
1,242,0,10000000,219.79369690689492,0,8000000000,752001,760001,723001,37000,0,8000,0.7999999999999999,0,0.7999999999999999
1,254,1,10000000,150.10936846179854,2615870.6931739408,7000000000,763585,764985,759001,5984,3823,1400,0,1.146845678507136,1.146845678507136
1,243,0,10000000,242.95907145031654,0,5000000000,760001,765001,726001,39000,0,5000,0.49999999999999994,0,0.49999999999999994
1,246,0,10000000,194.32149778138293,0,2000000000,765001,767001,735001,32000,0,2000,0.19999999999999998,0,0.19999999999999998
1,248,0,10000000,162.44300692858403,0,8000000000,767001,775001,741001,34000,0,8000,0.7999999999999999,0,0.7999999999999999
1,259,1,3000000,199.14946849037787,854778.3790325457,9000000000,777511,779311,774001,5310,3510,1800,0,1.052904497910484,1.052904497910484
1,250,0,6000000,141.0312447651229,0,7000000000,775001,782001,747001,35000,0,7000,0.7,0,0.7
1,261,1,8000000,163.03694857301517,1889304.1402922827,4000000000,784235,785035,780001,5034,4234,800,0,1.2703089718676586,1.2703089718676586
1,258,1,9000000,216.14119297348202,617073.2762545961,9000000000,785586,787386,771001,16385,14585,1800,0,4.375493322912945,4.375493322912945
1,251,0,7000000,141.83241695747836,0,6000000000,782001,788001,750001,38000,0,6000,0.6,0,0.6
1,263,1,6000000,183.66099912610733,1179027.6333627724,8000000000,791090,792690,786001,6689,5089,1600,0,1.526681774935263,1.526681774935263
1,252,0,9000000,142.09148954107,0,5000000000,788001,793001,753001,40000,0,5000,0.49999999999999994,0,0.49999999999999994
1,266,1,2000000,151.21416765634095,2541572.615369796,4000000000,796688,797488,795001,2487,787,800,0,0.23607430941440982,0.23607430941440982
1,253,0,2000000,148.7761529950281,0,8000000000,793001,801001,756001,45000,0,8000,0.7999999999999999,0,0.7999999999999999
1,268,1,6000000,160.62804269491673,2003617.8600339673,5000000000,803996,804996,801001,3995,2995,1000,0,0.8983749026720518,0.8983749026720518
1,255,0,10000000,164.6815183923199,0,8000000000,801001,809001,762001,47000,0,8000,0.7999999999999999,0,0.7999999999999999
1,271,1,4000000,204.895072659154,763343.1957025519,4000000000,815241,816041,810001,6040,5240,800,0,1.5720320908809122,1.5720320908809122
1,256,0,8000000,182.60819176586796,0,9000000000,809001,818001,765001,53000,0,9000,0.8999999999999999,0,0.8999999999999999
1,272,1,5000000,220.22347967462505,572751.2418818749,5000000000,821731,822731,813001,9730,8730,1000,0,2.6189380141219534,2.6189380141219534
1,257,0,10000000,202.99798668952363,0,5000000000,818001,823001,768001,55000,0,5000,0.49999999999999994,0,0.49999999999999994
1,260,0,6000000,179.63304289578798,0,7000000000,823001,830001,777001,53000,0,7000,0.7,0,0.7
1,275,1,5000000,224.02353916497256,535007.2552811698,6000000000,831562,832762,822001,10761,9346,1200,0,2.8037002960112836,2.8037002960112836
1,274,1,6000000,242.6042235823606,389385.4250976937,9000000000,835590,837390,819001,18389,15409,1800,0,4.622669170394332,4.622669170394332
1,262,0,6000000,197.3696197493424,0,9000000000,830001,839001,783001,56000,0,9000,0.8999999999999999,0,0.8999999999999999
1,279,1,2000000,176.79337798684656,1371346.2898873661,7000000000,838190,839590,834001,5589,1458,1400,0,0.43752625024367864,0.43752625024367864
1,264,0,2000000,169.0043336722464,0,2000000000,839001,841001,789001,52000,0,2000,0.19999999999999998,0,0.19999999999999998
1,277,1,8000000,193.92163494566563,950117.8562730221,10000000000,839990,841990,828001,13989,8420,2000,0,2.5260024155470093,2.5260024155470093
1,280,1,5000000,176.48802933910278,1380770.9305521161,3000000000,841990,842590,837001,5589,3621,600,0,1.0863496375899286,1.0863496375899286
1,265,0,7000000,156.90939678680814,0,9000000000,841001,850001,792001,58000,0,9000,0.8999999999999999,0,0.8999999999999999
1,282,1,8000000,192.3577076698514,981183.9547491677,5000000000,851154,852154,843001,9153,8153,1000,0,2.4460245078238585,2.4460245078238585
1,284,1,2000000,225.23212315298187,523657.31333232217,5000000000,852820,853820,849001,4819,3819,1000,0,1.1457874925528433,1.1457874925528433
1,283,1,6000000,206.98492336399767,733131.9516037605,3000000000,854185,854785,846001,8784,8184,600,0,2.4552196859820605,2.4552196859820605
1,267,0,6000000,149.6474433460191,0,5000000000,850001,855001,798001,57000,0,5000,0.49999999999999994,0,0.49999999999999994
1,269,0,8000000,174.38977177575526,0,3000000000,855001,858001,804001,54000,0,3000,0.3,0,0.3
1,270,0,9000000,190.52985724027613,0,9000000000,858001,867001,807001,60000,0,9000,0.8999999999999999,0,0.8999999999999999
1,273,0,7000000,240.39858755824667,0,5000000000,867001,872001,816001,56000,0,5000,0.49999999999999994,0,0.49999999999999994
1,290,1,4000000,177.22220656565585,1358245.0047870167,3000000000,872829,873429,867001,6428,2945,600,0,0.8834930338567079,0.8834930338567079
1,276,0,2000000,209.38041575085288,0,5000000000,872001,877001,825001,52000,0,5000,0.49999999999999994,0,0.49999999999999994
1,278,0,6000000,182.79030089148605,0,2000000000,877001,879001,831001,48000,0,2000,0.19999999999999998,0,0.19999999999999998
1,293,1,7000000,187.01539000841615,1097309.1713889642,2000000000,882380,882780,876001,6779,6379,400,0,1.913772394102784,1.913772394102784
1,281,0,10000000,182.03996539221822,0,5000000000,879001,884001,840001,44000,0,5000,0.49999999999999994,0,0.49999999999999994
1,295,1,2000000,196.8365883162986,895414.7500178573,10000000000,886750,888750,882001,6749,2234,2000,0,0.6700805408756492,0.6700805408756492
1,285,0,6000000,239.35719124354713,0,6000000000,884001,890001,852001,38000,0,6000,0.6,0,0.6
1,286,0,10000000,218.87652455208624,0,8000000000,890001,898001,855001,43000,0,8000,0.7999999999999999,0,0.7999999999999999
1,287,0,7000000,201.5535090242787,0,5000000000,898001,903001,858001,45000,0,5000,0.49999999999999994,0,0.49999999999999994
1,299,1,5000000,215.53055676632027,624065.8707240482,9000000000,902013,903813,894001,9812,8012,1800,0,2.403592425683659,2.403592425683659
1,301,1,7000000,187.60904802274328,1083589.2415119854,4000000000,906461,907261,900001,7260,6460,800,0,1.9380037375322836,1.9380037375322836
1,288,0,2000000,188.382430178613,0,6000000000,903001,909001,861001,48000,0,6000,0.6,0,0.6
1,289,0,10000000,180.20007602662102,0,3000000000,909001,912001,864001,48000,0,3000,0.3,0,0.3
1,291,0,3000000,179.91363539209587,0,3000000000,912001,915001,870001,45000,0,3000,0.3,0,0.3
1,305,1,5000000,177.10018210041454,1361957.1192209977,10000000000,917270,919270,912001,7269,3671,2000,0,1.1013562606566931,1.1013562606566931
1,292,0,2000000,186.50980805308873,0,8000000000,915001,923001,873001,50000,0,8000,0.7999999999999999,0,0.7999999999999999
1,306,1,8000000,179.6923150833112,1285735.399369286,10000000000,921223,923223,915001,8222,6222,2000,0,1.8666360132709372,1.8666360132709372
1,308,1,6000000,184.32271916397065,1162322.6553657383,3000000000,926163,926763,921001,5762,5162,600,0,1.548623346271788,1.548623346271788
1,310,1,3000000,178.73954486906362,1313119.780738678,2000000000,929286,929686,927001,2685,2285,400,0,0.6853906347322839,0.6853906347322839
1,309,1,7000000,184.54139183391888,1156867.1173303758,8000000000,930052,931652,924001,7651,6051,1600,0,1.8152473767653006,1.8152473767653006
1,294,0,4000000,188.48224133854097,0,10000000000,923001,933001,879001,54000,0,10000,0.9999999999999999,0,0.9999999999999999
1,312,1,2000000,173.8218032929126,1466582.4303742668,5000000000,934365,935365,933001,2364,1364,1000,0,0.4091144061005027,0.4091144061005027
1,311,1,7000000,173.46542854413383,1478548.6008177984,3000000000,935365,935965,930001,5964,4734,600,0,1.420311783351911,1.420311783351911
1,296,0,7000000,212.5944670023188,0,5000000000,933001,938001,885001,53000,0,5000,0.49999999999999994,0,0.49999999999999994
1,313,1,4000000,178.12647473073736,1331124.5020118728,8000000000,939006,940606,936001,4605,3005,1600,0,0.9014934352018236,0.9014934352018236
1,297,0,4000000,231.80822353833784,0,8000000000,938001,946001,888001,58000,0,8000,0.7999999999999999,0,0.7999999999999999
1,298,0,3000000,234.7686904167589,0,7000000000,946001,953001,891001,62000,0,7000,0.7,0,0.7
1,318,1,2000000,196.2561285667278,905988.6422072124,6000000000,953209,954409,951001,3408,2208,1200,0,0.6622599578491973,0.6622599578491973
1,300,0,2000000,199.49825888964546,0,2000000000,953001,955001,897001,58000,0,2000,0.19999999999999998,0,0.19999999999999998
1,302,0,2000000,180.7057079895375,0,2000000000,955001,957001,903001,54000,0,2000,0.19999999999999998,0,0.19999999999999998
1,316,1,4000000,233.46516935080487,453827.2332859839,5000000000,956138,957138,945001,12137,8814,1000,0,2.644178030726084,2.644178030726084
1,303,0,5000000,179.32460065479026,0,8000000000,957001,965001,906001,59000,0,8000,0.7999999999999999,0,0.7999999999999999
1,304,0,6000000,183.52868685848543,0,2000000000,965001,967001,909001,58000,0,2000,0.19999999999999998,0,0.19999999999999998
1,323,1,4000000,121.05349974288231,6038538.017272149,6000000000,967266,968466,966001,2465,662,1200,0,0.1987235977595266,0.1987235977595266
1,307,0,4000000,184.32271916397065,0,3000000000,967001,970001,918001,52000,0,3000,0.3,0,0.3
1,314,0,9000000,191.93802254894678,0,3000000000,970001,973001,939001,34000,0,3000,0.3,0,0.3
1,324,1,10000000,93.74025069307206,15681269.746969176,10000000000,971066,973066,969001,4065,638,2000,0,0.19131103848142336,0.19131103848142336
1,325,1,3000000,73.42511967984804,35908476.13383813,4000000000,973466,974266,972001,2265,84,800,0,0.025063720238238975,0.025063720238238975
1,315,0,10000000,210.82045915897254,0,2000000000,973001,975001,942001,33000,0,2000,0.19999999999999998,0,0.19999999999999998
1,317,0,6000000,216.68662279891666,0,3000000000,975001,978001,948001,30000,0,3000,0.3,0,0.3
1,329,1,2000000,66.42766893396158,48651292.20822994,8000000000,984042,985642,984001,1641,41,1600,0,0.012332663178440777,0.012332663178440777
1,319,0,3000000,184.36728180455444,0,8000000000,978001,986001,954001,32000,0,8000,0.7999999999999999,0,0.7999999999999999
1,320,0,4000000,184.10882542670242,0,7000000000,986001,993001,957001,36000,0,7000,0.7,0,0.7
1,332,1,4000000,107.11639697077192,9604790.97229824,5000000000,993875,994875,993001,1874,416,1000,0,0.12493764866523309,0.12493764866523309
2,1,0,9000000,186.13618938830783,0,4000000000,1,4001,1,4000,0,4000,0.39999999999999997,0,0.39999999999999997
2,2,1,3000000,183.10767214947603,1193226.059808833,8000000000,5515,7115,3001,4114,2514,1600,0,0.7542577473912941,0.7542577473912941
2,3,1,6000000,177.28988352413114,1356191.6207827418,8000000000,10425,12025,6001,6024,4424,1600,0,1.3272460708473548,1.3272460708473548
2,4,1,8000000,175.22724702511312,1420548.1865823788,6000000000,15404,16604,9001,7603,5632,1200,0,1.6894886232434199,1.6894886232434199
2,5,0,6000000,178.157256938919,0,5000000000,12001,17001,12001,5000,0,5000,0.49999999999999994,0,0.49999999999999994
2,6,1,3000000,185.26381298030117,1139068.8400601756,4000000000,18204,19004,15001,4003,2634,800,0,0.7901190589608738,0.7901190589608738
2,7,0,6000000,204.14273952310916,0,8000000000,18001,26001,18001,8000,0,8000,0.7999999999999999,0,0.7999999999999999
2,8,1,3000000,211.43839764810932,673567.5581808327,10000000000,25455,27455,21001,6454,4454,2000,0,1.3361688654226678,1.3361688654226678
2,9,0,6000000,189.1234623202526,0,10000000000,26001,36001,24001,12000,0,10000,0.9999999999999999,0,0.9999999999999999
2,12,1,7000000,126.09522155894724,5160869.9011761295,10000000000,34795,36795,33001,3794,1356,2000,0,0.4069081453732099,0.4069081453732099
2,13,1,5000000,106.88407271431983,9683191.075536927,2000000000,38595,38995,36001,2994,516,400,0,0.15490761137508854,0.15490761137508854
2,10,0,6000000,167.94608807590603,0,4000000000,36001,40001,27001,13000,0,4000,0.39999999999999997,0,0.39999999999999997
2,14,1,10000000,91.170367993115,17320069.946935628,10000000000,39578,41578,39001,2577,577,2000,0,0.1732094621552483,0.1732094621552483
2,11,0,6000000,146.589252675631,0,4000000000,40001,44001,30001,14000,0,4000,0.39999999999999997,0,0.39999999999999997
2,16,1,9000000,71.03915117736135,39797671.89482717,8000000000,45227,46827,45001,1826,226,1600,0,0.06784316447291835,0.06784316447291835
2,15,0,10000000,80.2557026011236,0,4000000000,44001,48001,42001,6000,0,4000,0.39999999999999997,0,0.39999999999999997
2,17,0,2000000,68.50598878930222,0,2000000000,48001,50001,48001,2000,0,2000,0.19999999999999998,0,0.19999999999999998
2,18,1,3000000,73.96341798483898,35089328.481527016,5000000000,51086,52086,51001,1085,85,1000,0,0.025648823700738826,0.025648823700738826
2,19,0,4000000,85.89955587778084,0,6000000000,54001,60001,54001,6000,0,6000,0.6,0,0.6
2,20,0,4000000,88.20806369034527,0,6000000000,60001,66001,57001,9000,0,6000,0.6,0,0.6
2,22,1,8000000,122.34261440724566,5797819.856613246,10000000000,64381,66381,63001,3380,1380,2000,0,0.41394870129717043,0.41394870129717043
2,24,1,5000000,136.7228561726239,3770352.86616931,2000000000,71860,72260,69001,3259,1326,400,0,0.3978407468062809,0.3978407468062809
2,25,1,8000000,136.7228561726239,3770352.86616931,2000000000,75460,75860,72001,3859,2122,400,0,0.6365451948900495,0.6365451948900495
2,21,0,7000000,103.50153042346767,0,10000000000,66001,76001,60001,16000,0,10000,0.9999999999999999,0,0.9999999999999999
2,23,0,9000000,136.7228561726239,0,7000000000,76001,83001,66001,17000,0,7000,0.7,0,0.7
2,26,0,3000000,144.46755829597177,0,9000000000,83001,92001,75001,17000,0,9000,0.8999999999999999,0,0.8999999999999999
2,27,0,4000000,156.8697309872112,0,5000000000,92001,97001,78001,19000,0,5000,0.49999999999999994,0,0.49999999999999994
2,31,1,8000000,186.93584273755528,1099163.9593930317,5000000000,104719,105719,90001,15718,7278,1000,0,2.1834777054783543,2.1834777054783543
2,28,0,9000000,171.84272926138016,0,9000000000,97001,106001,81001,25000,0,9000,0.8999999999999999,0,0.8999999999999999
2,32,1,6000000,185.66820837181578,1129254.4209699363,7000000000,105719,107119,93001,14118,5313,1400,0,1.5939720638454076,1.5939720638454076
2,29,0,7000000,190.2484649083929,0,4000000000,106001,110001,84001,26000,0,4000,0.39999999999999997,0,0.39999999999999997
2,30,0,9000000,205.53309830779077,0,3000000000,110001,113001,87001,26000,0,3000,0.3,0,0.3
2,35,1,8000000,185.66820837181578,1129254.4209699363,6000000000,112319,113519,102001,11518,7084,1200,0,2.1252960851272102,2.1252960851272102
2,38,1,4000000,163.36146822307884,1874529.107784827,2000000000,114519,114919,111001,3918,2134,400,0,0.6401607715860261,0.6401607715860261
2,37,1,9000000,173.84507614540018,1465805.1790909974,7000000000,114919,116319,108001,8318,6140,1400,0,1.8419910357216602,1.8419910357216602
2,33,0,6000000,185.66820837181578,0,5000000000,113001,118001,96001,22000,0,5000,0.49999999999999994,0,0.49999999999999994
2,34,0,4000000,185.66820837181578,0,5000000000,118001,123001,99001,24000,0,5000,0.49999999999999994,0,0.49999999999999994
2,43,1,2000000,171.53141111761423,1545645.9059319743,2000000000,128331,128731,126001,2730,1294,400,0,0.3881872281984401,0.3881872281984401
2,36,0,4000000,183.3665891049948,0,8000000000,123001,131001,105001,26000,0,8000,0.7999999999999999,0,0.7999999999999999
2,44,1,8000000,171.98501446347004,1529574.9784341138,3000000000,134231,134831,129001,5830,5230,600,0,1.5690633240202285,1.5690633240202285
2,46,1,8000000,144.94658084963575,3000882.841321488,5000000000,137667,138667,135001,3666,2666,1000,0,0.7997646449080034,0.7997646449080034
2,39,0,5000000,156.2660055802285,0,10000000000,131001,141001,114001,27000,0,10000,0.9999999999999999,0,0.9999999999999999
2,40,0,4000000,154.64392972244335,0,3000000000,141001,144001,117001,27000,0,3000,0.3,0,0.3
2,48,1,10000000,125.37948795556632,5275483.620696156,7000000000,142897,144297,141001,3296,1896,1400,0,0.5686682427049443,0.5686682427049443
2,41,0,3000000,158.6088679740197,0,2000000000,144001,146001,120001,26000,0,2000,0.19999999999999998,0,0.19999999999999998
2,50,1,2000000,139.388672423551,3496769.784357491,10000000000,147573,149573,147001,2572,572,2000,0,0.17158693222643656,0.17158693222643656
2,42,0,2000000,167.666760271677,0,7000000000,146001,153001,123001,30000,0,7000,0.7,0,0.7
2,51,1,2000000,151.1943851470682,2542879.8727307376,8000000000,152573,154173,150001,4172,787,1600,0,0.23595294706378497,0.23595294706378497
2,45,0,9000000,164.54777452156566,0,2000000000,153001,155001,132001,23000,0,2000,0.19999999999999998,0,0.19999999999999998
2,47,0,10000000,127.48192067897315,0,9000000000,155001,164001,138001,26000,0,9000,0.8999999999999999,0,0.8999999999999999
2,49,0,8000000,130.40358315629217,0,6000000000,164001,170001,144001,26000,0,6000,0.6,0,0.6
2,52,0,10000000,165.90889457771695,0,6000000000,170001,176001,153001,23000,0,6000,0.6,0,0.6
2,55,1,7000000,219.77517716976138,577420.0936980236,9000000000,176718,178518,162001,16517,12123,1800,0,3.6368668546859544,3.6368668546859544
2,53,0,9000000,182.61143803168517,0,6000000000,176001,182001,156001,26000,0,6000,0.6,0,0.6
2,58,1,6000000,212.9390985704598,654864.3383593921,8000000000,181318,182918,171001,11917,9162,1600,0,2.748660897476071,2.748660897476071
2,59,1,6000000,194.0664118285284,947304.3248535279,3000000000,182918,183518,174001,9517,6334,600,0,1.9001285571860085,1.9001285571860085
2,54,0,8000000,200.7401965227692,0,3000000000,182001,185001,159001,26000,0,3000,0.3,0,0.3
2,62,1,5000000,147.67171462402675,2789537.0945432847,2000000000,187318,187718,183001,4717,1792,400,0,0.5377236255198774,0.5377236255198774
2,56,0,2000000,236.24729120140194,0,7000000000,185001,192001,165001,27000,0,7000,0.7,0,0.7
2,66,1,7000000,141.62410035018755,3286001.5099704335,6000000000,197131,198331,195001,3330,2130,1200,0,0.6390745693902299,0.6390745693902299
2,57,0,7000000,231.96740503786302,0,10000000000,192001,202001,168001,34000,0,10000,0.9999999999999999,0,0.9999999999999999
2,67,1,5000000,160.96911287573153,1986921.2515451866,9000000000,200517,202317,198001,4316,2516,1800,0,0.7549368143470617,0.7549368143470617
2,60,0,4000000,176.49244743047788,0,8000000000,202001,210001,177001,33000,0,8000,0.7999999999999999,0,0.7999999999999999
2,70,1,5000000,161.13380930146226,1978920.536015263,7000000000,209528,210928,207001,3927,2527,1400,0,0.7579890009228905,0.7579890009228905
2,69,1,10000000,170.69777297902866,1575731.9265524514,10000000000,210928,212928,204001,8927,6346,2000,0,1.903877143978233,1.903877143978233
2,61,0,10000000,161.23199093232088,0,4000000000,210001,214001,180001,34000,0,4000,0.39999999999999997,0,0.39999999999999997
2,63,0,9000000,137.10335152723292,0,3000000000,214001,217001,186001,31000,0,3000,0.3,0,0.3
2,64,0,4000000,130.23757061616283,0,4000000000,217001,221001,189001,32000,0,4000,0.39999999999999997,0,0.39999999999999997
2,75,1,6000000,122.61111735890837,5749164.880712733,4000000000,223045,223845,222001,1844,1044,800,0,0.3130889507167607,0.3130889507167607
2,76,1,6000000,144.70181201353353,3020818.5057244212,3000000000,226987,227587,225001,2586,1986,600,0,0.5958649937389544,0.5958649937389544
2,77,1,2000000,166.53009727974103,1737536.2264265476,2000000000,229152,229552,228001,1551,1151,400,0,0.3453165412464362,0.3453165412464362
2,65,0,6000000,127.67297286426758,0,9000000000,221001,230001,192001,38000,0,9000,0.8999999999999999,0,0.8999999999999999
2,68,0,9000000,169.33958928732525,0,2000000000,230001,232001,201001,31000,0,2000,0.19999999999999998,0,0.19999999999999998
2,79,1,2000000,173.2521702605771,1485767.3109707555,9000000000,236559,238359,234001,4358,1346,1800,0,0.40383174106043435,0.40383174106043435
2,71,0,3000000,152.9613156977933,0,7000000000,232001,239001,210001,29000,0,7000,0.7,0,0.7
2,78,1,9000000,169.42026590700416,1623262.3257515177,7000000000,238759,240159,231001,9158,5544,1400,0,1.6633171097283908,1.6633171097283908
2,82,1,3000000,171.33062919396522,1552826.4405946957,2000000000,245821,246221,243001,3220,1932,400,0,0.5795882762373117,0.5795882762373117
2,72,0,6000000,133.90637363471538,0,10000000000,239001,249001,213001,36000,0,10000,0.9999999999999999,0,0.9999999999999999
2,81,1,9000000,169.60328564034364,1616344.767880389,10000000000,247621,249621,240001,9620,5568,2000,0,1.6704356976641028,1.6704356976641028
2,84,1,4000000,189.68686433171908,1037219.5704272588,10000000000,252857,254857,249001,5856,3856,2000,0,1.1569392192491001,1.1569392192491001
2,73,0,2000000,115.74577746077821,0,10000000000,249001,259001,216001,43000,0,10000,0.9999999999999999,0,0.9999999999999999
2,86,1,5000000,215.98786192747036,618819.8961735839,5000000000,263081,264081,255001,9080,8080,1000,0,2.4239686042338207,2.4239686042338207
2,87,1,5000000,216.7924855708795,609722.4364152349,4000000000,266201,267001,258001,9000,8200,800,0,2.4601358100236705,2.4601358100236705
2,74,0,6000000,105.20104799858221,0,10000000000,259001,269001,219001,50000,0,10000,0.9999999999999999,0,0.9999999999999999
2,88,1,3000000,232.10952263963665,464488.5167622473,10000000000,267460,269460,261001,8459,6459,2000,0,1.937615177816491,1.937615177816491
2,80,0,6000000,173.30453485122652,0,2000000000,269001,271001,237001,34000,0,2000,0.19999999999999998,0,0.19999999999999998
2,89,1,3000000,251.121258757597,339304.8653263763,3000000000,272843,273443,264001,9442,8842,600,0,2.6524818591513353,2.6524818591513353
2,92,1,2000000,205.18956357475886,758993.3022081783,2000000000,275636,276036,273001,3035,2635,400,0,0.7905208099391511,0.7905208099391511
2,83,0,3000000,178.1989037564485,0,6000000000,271001,277001,246001,31000,0,6000,0.6,0,0.6
2,85,0,8000000,205.01940420360216,0,5000000000,277001,282001,252001,30000,0,5000,0.49999999999999994,0,0.49999999999999994
2,95,1,3000000,162.90697529571898,1895262.175603299,3000000000,283584,284184,282001,2183,1583,600,0,0.4748683383149946,0.4748683383149946
2,90,0,8000000,236.7779195786634,0,4000000000,282001,286001,267001,19000,0,4000,0.39999999999999997,0,0.39999999999999997
2,91,0,10000000,218.07494055943246,0,9000000000,286001,295001,270001,25000,0,9000,0.8999999999999999,0,0.8999999999999999
2,98,1,5000000,168.0065108857392,1677955.4435952571,10000000000,293981,295981,291001,4980,2980,2000,0,0.8939450720968118,0.8939450720968118
2,97,1,10000000,184.61541701602277,1155027.5256157236,7000000000,296659,298059,288001,10058,8658,1400,0,2.597340698353276,2.597340698353276
2,93,0,6000000,190.29465625707937,0,7000000000,295001,302001,276001,26000,0,7000,0.7,0,0.7
2,101,1,9000000,127.5380794116016,4938940.620315594,8000000000,301823,303423,300001,3422,1822,1600,0,0.5466759387415904,0.5466759387415904
2,102,1,6000000,102.17131936115929,11452451.682802862,8000000000,303525,305125,303001,2124,524,1600,0,0.15717158647374183,0.15717158647374183
2,94,0,9000000,175.5180503538026,0,6000000000,302001,308001,279001,29000,0,6000,0.6,0,0.6
2,105,1,5000000,45.192168569343984,122908535.11495495,10000000000,312042,314042,312001,2041,41,2000,0,0.012204197199137286,0.012204197199137286
2,106,1,10000000,20.657039962201775,335004168.7813411,3000000000,315031,315631,315001,630,30,600,0,0.00895511244207267,0.00895511244207267
2,96,0,4000000,198.01784591293787,0,8000000000,308001,316001,285001,31000,0,8000,0.7999999999999999,0,0.7999999999999999
2,107,1,10000000,20.11721899269383,342574939.8554037,2000000000,318030,318430,318001,429,29,400,0,0.00875720798861195,0.00875720798861195
2,108,1,8000000,43.92860116143014,129669393.15232202,2000000000,321063,321463,321001,462,62,400,0,0.018508608250990512,0.018508608250990512
2,99,0,6000000,156.7897579563155,0,7000000000,316001,323001,294001,29000,0,7000,0.7,0,0.7
2,100,0,9000000,147.8089892394911,0,4000000000,323001,327001,297001,30000,0,4000,0.39999999999999997,0,0.39999999999999997
2,103,0,6000000,79.35692849398848,0,3000000000,327001,330001,306001,24000,0,3000,0.3,0,0.3
2,104,0,7000000,62.057756968810914,0,10000000000,330001,340001,309001,31000,0,10000,0.9999999999999999,0,0.9999999999999999
2,113,1,5000000,173.99524246369495,1460802.3098118252,7000000000,339424,340824,336001,4823,3423,1400,0,1.0268329875472502,1.0268329875472502
2,115,1,5000000,187.53447283099715,1085300.9664931893,2000000000,346608,347008,342001,5007,4607,400,0,1.382105099239689,1.382105099239689
2,114,1,6000000,202.93869640854595,793043.2352469704,6000000000,346567,347767,339001,8766,7566,1200,0,2.2697375376254763,2.2697375376254763
2,109,0,7000000,62.66864287664125,0,8000000000,340001,348001,324001,24000,0,8000,0.7999999999999999,0,0.7999999999999999
2,117,1,4000000,181.5566371686808,1234175.0457210708,10000000000,351844,353844,348001,5843,3241,2000,0,0.9723094014584422,0.9723094014584422
2,110,0,10000000,91.14275944911917,0,8000000000,348001,356001,327001,29000,0,8000,0.7999999999999999,0,0.7999999999999999
2,111,0,7000000,119.88674864220813,0,8000000000,356001,364001,330001,34000,0,8000,0.7999999999999999,0,0.7999999999999999
2,119,1,7000000,210.56940186076423,684702.5903139194,4000000000,365878,366678,354001,12677,10223,800,0,3.0670250554144998,3.0670250554144998
2,112,0,5000000,145.081423345651,0,4000000000,364001,368001,333001,35000,0,4000,0.39999999999999997,0,0.39999999999999997
2,121,1,6000000,229.67789619377828,484406.52509644703,7000000000,372387,373787,360001,13786,12386,1400,0,3.715887187195948,3.715887187195948
2,120,1,7000000,232.0018484840153,465348.6331893183,10000000000,372822,374822,357001,17821,15042,2000,0,4.512745606680776,4.512745606680776
2,122,1,9000000,207.9417776686542,719797.2752614274,8000000000,375505,377105,363001,14104,12504,1600,0,3.7510561553867667,3.7510561553867667
2,116,0,9000000,176.6981281734473,0,10000000000,368001,378001,345001,33000,0,10000,0.9999999999999999,0,0.9999999999999999
2,125,1,9000000,175.22210962090375,1420713.1623426992,5000000000,378336,379336,372001,7335,6335,1000,0,1.900453991393877,1.900453991393877
2,127,1,2000000,185.81692334122852,1125671.6781549,9000000000,379778,381578,378001,3577,1777,1800,0,0.5330150981354227,0.5330150981354227
2,118,0,6000000,193.23398872869132,0,6000000000,378001,384001,351001,33000,0,6000,0.6,0,0.6
2,129,1,4000000,175.9131322556676,1398734.7162844213,9000000000,386861,388661,384001,4660,2860,1800,0,0.8579182213963079,0.8579182213963079
2,130,1,3000000,176.12641170477525,1392036.6832594383,7000000000,389156,390556,387001,3555,2155,1400,0,0.646534686063488,0.646534686063488
2,123,0,3000000,190.70615957540545,0,9000000000,384001,393001,366001,27000,0,9000,0.8999999999999999,0,0.8999999999999999
2,131,1,6000000,182.69117685318025,1204053.8665560049,10000000000,394984,396984,390001,6983,4983,2000,0,1.4949497277464834,1.4949497277464834
2,132,1,5000000,176.62231597394478,1376616.264519347,3000000000,396984,397584,393001,4583,3632,600,0,1.0896282708992495,1.0896282708992495
2,124,0,8000000,179.46966122439753,0,5000000000,393001,398001,369001,29000,0,5000,0.49999999999999994,0,0.49999999999999994
2,133,1,4000000,148.20915120194167,2750052.29523729,9000000000,397584,399384,396001,3383,1455,1800,0,0.4363553384341941,0.4363553384341941
2,134,1,5000000,119.07322327038939,6432527.5086453585,8000000000,399778,401378,399001,2377,777,1600,0,0.23318983058898549,0.23318983058898549
2,126,0,8000000,178.41633221204836,0,6000000000,398001,404001,375001,29000,0,6000,0.6,0,0.6
2,128,0,2000000,181.33719447482366,0,10000000000,404001,414001,381001,33000,0,10000,0.9999999999999999,0,0.9999999999999999
2,135,0,3000000,98.67683112058273,0,2000000000,414001,416001,402001,14000,0,2000,0.19999999999999998,0,0.19999999999999998
2,136,0,2000000,87.47614303340077,0,7000000000,416001,423001,405001,18000,0,7000,0.7,0,0.7
2,141,1,9000000,122.03209127110786,5854717.509626895,7000000000,423783,425183,420001,5182,1537,1400,0,0.4611665713265239,0.4611665713265239
2,142,1,7000000,112.80777455477092,7902829.77835903,3000000000,425183,425783,423001,2782,886,600,0,0.26572760123855926,0.26572760123855926
2,143,1,8000000,105.83280824016725,10047705.441776948,10000000000,426797,428797,426001,2796,796,2000,0,0.23886050540665107,0.23886050540665107
2,137,0,9000000,70.31411593698667,0,9000000000,423001,432001,408001,24000,0,9000,0.8999999999999999,0,0.8999999999999999
2,145,1,3000000,111.93255111896632,8139318.674242262,2000000000,432370,432770,432001,769,369,400,0,0.1105743657449051,0.1105743657449051
2,138,0,2000000,66.05221949336749,0,8000000000,432001,440001,411001,29000,0,8000,0.7999999999999999,0,0.7999999999999999
2,147,1,6000000,138.73549257489955,3561478.005311098,5000000000,439686,440686,438001,2685,1685,1000,0,0.5054081472118396,0.5054081472118396
2,139,0,7000000,77.86260334717821,0,4000000000,440001,444001,414001,30000,0,4000,0.39999999999999997,0,0.39999999999999997
2,149,1,4000000,178.9986033465066,1305602.767433828,5000000000,447065,448065,444001,4064,3064,1000,0,0.9191156988420062,0.9191156988420062
2,140,0,6000000,100.22303377966564,0,9000000000,444001,453001,417001,36000,0,9000,0.8999999999999999,0,0.8999999999999999
2,144,0,2000000,105.52132296365511,0,4000000000,453001,457001,429001,28000,0,4000,0.39999999999999997,0,0.39999999999999997
2,151,1,10000000,169.335756708381,1626468.9059932474,7000000000,456149,457549,450001,7548,6148,1400,0,1.844486537028489,1.844486537028489
2,153,1,7000000,132.20925610561468,4296361.740761188,3000000000,457630,458230,456001,2229,1629,600,0,0.4887856578920057,0.4887856578920057
2,146,0,9000000,123.07580306461546,0,9000000000,457001,466001,435001,31000,0,9000,0.8999999999999999,0,0.8999999999999999
2,148,0,2000000,157.84644753683872,0,7000000000,466001,473001,441001,32000,0,7000,0.7,0,0.7
2,158,1,10000000,115.29870988003297,7273901.469105392,10000000000,472376,474376,471001,3375,1375,2000,0,0.4124334117999768,0.4124334117999768
2,160,1,5000000,147.2627536072852,2820053.0988592226,7000000000,479762,481162,477001,4161,1773,1400,0,0.5319048781765084,0.5319048781765084
2,150,0,8000000,191.50329318317213,0,10000000000,473001,483001,447001,36000,0,10000,0.9999999999999999,0,0.9999999999999999
2,161,1,8000000,166.77691596860754,1727395.1916080455,8000000000,484791,486391,480001,6390,4631,1600,0,1.389375176948259,1.389375176948259
2,152,0,6000000,150.4961850014811,0,10000000000,483001,493001,453001,40000,0,10000,0.9999999999999999,0,0.9999999999999999
2,154,0,3000000,117.33477660097199,0,9000000000,493001,502001,459001,43000,0,9000,0.8999999999999999,0,0.8999999999999999
2,155,0,2000000,107.32386873384688,0,3000000000,502001,505001,462001,43000,0,3000,0.3,0,0.3
2,156,0,4000000,103.58205105132832,0,2000000000,505001,507001,465001,42000,0,2000,0.19999999999999998,0,0.19999999999999998
2,171,1,2000000,157.05768526245384,2189283.3682884052,4000000000,511477,512277,510001,2276,914,800,0,0.27406228389204984,0.27406228389204984
2,169,1,9000000,188.09698695088122,1072472.0863362288,5000000000,512393,513393,504001,9392,8392,1000,0,2.5175480410158926,2.5175480410158926
2,157,0,4000000,106.25101270105627,0,9000000000,507001,516001,468001,48000,0,9000,0.8999999999999999,0,0.8999999999999999
2,168,1,10000000,208.72308377369276,709132.5727162599,10000000000,515793,517793,501001,16792,14102,2000,0,4.230520660627401,4.230520660627401
2,159,0,2000000,129.45836164574308,0,2000000000,516001,518001,474001,44000,0,2000,0.19999999999999998,0,0.19999999999999998
2,167,1,10000000,227.4265569365197,503806.3283406763,3000000000,519793,520393,498001,22392,19849,600,0,5.954669148124287,5.954669148124287
2,162,0,8000000,186.02303352004563,0,10000000000,518001,528001,483001,45000,0,10000,0.9999999999999999,0,0.9999999999999999
2,175,1,8000000,146.68197605704663,2864101.959031064,7000000000,527258,528658,522001,6657,2793,1400,0,0.8379589952907712,0.8379589952907712
2,163,0,2000000,204.26668573215755,0,8000000000,528001,536001,486001,50000,0,8000,0.7999999999999999,0,0.7999999999999999
2,164,0,5000000,224.28613376666874,0,2000000000,536001,538001,489001,49000,0,2000,0.19999999999999998,0,0.19999999999999998
2,178,1,5000000,189.08288896671746,1050439.2094410458,5000000000,541658,542658,531001,11657,4760,1000,0,1.4279741145593492,1.4279741145593492
2,165,0,8000000,238.5043976533767,0,5000000000,538001,543001,492001,51000,0,5000,0.49999999999999994,0,0.49999999999999994
2,166,0,9000000,237.6504813796934,0,3000000000,543001,546001,495001,51000,0,3000,0.3,0,0.3
2,181,1,9000000,205.51364382930876,754241.9858991189,4000000000,551934,552734,540001,12733,11933,800,0,3.5797529844236613,3.5797529844236613
2,170,0,9000000,172.2198574497146,0,8000000000,546001,554001,507001,47000,0,8000,0.7999999999999999,0,0.7999999999999999
2,185,1,4000000,181.33737452604745,1240103.9425225176,2000000000,555227,555627,552001,3626,3226,400,0,0.9676608216881066,0.9676608216881066
2,172,0,5000000,146.23559963292115,0,9000000000,554001,563001,513001,50000,0,9000,0.8999999999999999,0,0.8999999999999999
2,173,0,7000000,141.16083947044237,0,9000000000,563001,572001,516001,56000,0,9000,0.8999999999999999,0,0.8999999999999999
2,192,1,2000000,179.24249412457968,1298574.702236241,2000000000,575487,575887,573001,2886,1540,400,0,0.46204503981692846,0.46204503981692846
2,187,1,9000000,210.35290585109587,687512.3279136869,6000000000,574853,576053,558001,18052,13091,1200,0,3.927202306602085,3.927202306602085
2,188,1,6000000,231.93054908743693,465919.27657482796,3000000000,578453,579053,561001,18052,12878,600,0,3.8633301743438704,3.8633301743438704
2,174,0,3000000,140.94419072810342,0,9000000000,572001,581001,519001,62000,0,9000,0.8999999999999999,0,0.8999999999999999
2,193,1,7000000,175.21156268922442,1421051.9270862548,4000000000,582761,583561,576001,7560,4926,800,0,1.4777785103925583,1.4777785103925583
2,176,0,4000000,156.72725512813653,0,5000000000,581001,586001,525001,61000,0,5000,0.49999999999999994,0,0.49999999999999994
2,195,1,10000000,187.64353359495234,1082798.8298883764,4000000000,593161,593961,582001,11960,9235,800,0,2.770597748345613,2.770597748345613
2,177,0,8000000,170.85029353208614,0,8000000000,586001,594001,528001,66000,0,8000,0.7999999999999999,0,0.7999999999999999
2,198,1,2000000,172.45705436426778,1513070.6312269347,9000000000,592323,594123,591001,3122,1322,1800,0,0.39654460777780454,0.39654460777780454
2,179,0,8000000,209.68785777912848,0,4000000000,594001,598001,534001,64000,0,4000,0.39999999999999997,0,0.39999999999999997
2,201,1,2000000,98.77298618549506,12970674.058348605,7000000000,600155,601555,600001,1554,154,1400,0,0.04625819732273733,0.04625819732273733
2,180,0,4000000,222.01885888365433,0,8000000000,598001,606001,537001,69000,0,8000,0.7999999999999999,0,0.7999999999999999
2,204,1,9000000,68.71950232648663,44015775.51208429,5000000000,609205,610205,609001,1204,204,1000,0,0.06134164327648231,0.06134164327648231
2,205,1,3000000,77.30186090903636,30445161.132628985,9000000000,612805,614605,612001,2604,99,1800,0,0.029561347896281724,0.029561347896281724
2,182,0,6000000,189.437183520026,0,9000000000,606001,615001,543001,72000,0,9000,0.8999999999999999,0,0.8999999999999999
2,206,1,7000000,89.48360855486328,18504509.78816359,3000000000,617605,618205,615001,3204,378,600,0,0.11348584880336927,0.11348584880336927
2,208,1,3000000,121.86290206621541,5886005.088188233,7000000000,621805,623205,621001,2204,510,1400,0,0.15290506659705053,0.15290506659705053
2,183,0,8000000,179.455159023083,0,10000000000,615001,625001,546001,79000,0,10000,0.9999999999999999,0,0.9999999999999999
2,209,1,4000000,136.7228561726239,3770352.86616931,10000000000,625075,627075,624001,3074,1061,2000,0,0.31827259744502473,0.31827259744502473
2,184,0,5000000,176.64394583455163,0,6000000000,625001,631001,549001,82000,0,6000,0.6,0,0.6
2,212,1,5000000,136.7228561726239,3770352.86616931,10000000000,636896,638896,633001,5895,1326,2000,0,0.3978407468062809,0.3978407468062809
2,186,0,8000000,192.96121060980104,0,8000000000,631001,639001,555001,84000,0,8000,0.7999999999999999,0,0.7999999999999999
2,213,1,3000000,137.76203903833596,3660675.5110869124,6000000000,641496,642696,636001,6695,820,1200,0,0.24585626266906563,0.24585626266906563
2,214,1,5000000,151.59460478526273,2516593.7190802195,5000000000,642696,643696,639001,4695,1987,1000,0,0.5960437668692226,0.5960437668692226
2,189,0,4000000,229.56892145932997,0,8000000000,639001,647001,564001,83000,0,8000,0.7999999999999999,0,0.7999999999999999
2,215,1,7000000,180.90993228675976,1251764.2270262572,9000000000,649696,651496,642001,9495,5592,1800,0,1.6776322207168732,1.6776322207168732
2,190,0,6000000,207.69663670844554,0,5000000000,647001,652001,567001,85000,0,5000,0.49999999999999994,0,0.49999999999999994
2,218,1,4000000,196.51949343512973,901171.9168702166,10000000000,655921,657921,651001,6920,4439,2000,0,1.3315994179752269,1.3315994179752269
2,219,1,2000000,196.51949343512973,901171.9168702166,3000000000,657921,658521,654001,4520,2219,600,0,0.6657997089876134,0.6657997089876134
2,191,0,7000000,190.40841840632996,0,8000000000,652001,660001,570001,90000,0,8000,0.7999999999999999,0,0.7999999999999999
2,216,1,10000000,215.1806166921175,628117.6964557612,3000000000,661808,662408,645001,17407,15921,600,0,4.776174938117338,4.776174938117338
2,221,1,5000000,204.5068781239399,769124.7475913602,9000000000,666502,668302,660001,8301,6501,1800,0,1.950268801904366,1.950268801904366
2,194,0,3000000,178.73229282924788,0,9000000000,660001,669001,579001,90000,0,9000,0.8999999999999999,0,0.8999999999999999
2,222,1,2000000,224.98858748834348,525920.0400376933,5000000000,668302,669302,663001,6301,3803,1000,0,1.1408578383075063,1.1408578383075063
2,196,0,7000000,213.77604660017457,0,8000000000,669001,677001,585001,92000,0,8000,0.7999999999999999,0,0.7999999999999999
2,225,1,5000000,198.18723470496278,871399.4646825801,4000000000,678428,679228,672001,7227,5738,800,0,1.7213689711714442,1.7213689711714442
2,227,1,5000000,179.51642403969615,1290737.0068573772,9000000000,682744,684544,678001,6543,3874,1800,0,1.1621267477657016,1.1621267477657016
2,197,0,5000000,196.66468849287608,0,8000000000,677001,685001,588001,97000,0,8000,0.7999999999999999,0,0.7999999999999999
2,229,1,10000000,176.96939000855485,1365949.9666701336,7000000000,691322,692722,684001,8721,7321,1400,0,2.196273709287682,2.196273709287682
2,199,0,8000000,146.67760906150605,0,8000000000,685001,693001,594001,99000,0,8000,0.7999999999999999,0,0.7999999999999999
2,200,0,6000000,121.61337303109396,0,8000000000,693001,701001,597001,104000,0,8000,0.7999999999999999,0,0.7999999999999999
2,202,0,8000000,84.01828848530542,0,2000000000,701001,703001,603001,100000,0,2000,0.19999999999999998,0,0.19999999999999998
2,233,1,9000000,184.32271916397065,1162322.6553657383,9000000000,703744,705544,696001,9543,7743,1800,0,2.3229350194076823,2.3229350194076823
2,235,1,8000000,177.78784463511562,1341201.0434757601,5000000000,707966,708966,702001,6965,5965,1000,0,1.7894408982715466,1.7894408982715466
2,203,0,2000000,71.89627598144428,0,9000000000,703001,712001,606001,106000,0,9000,0.8999999999999999,0,0.8999999999999999
2,239,1,2000000,185.48594825484759,1133664.6814904336,4000000000,715765,716565,714001,2564,1764,800,0,0.5292570279345543,0.5292570279345543
2,207,0,10000000,99.0158936736926,0,7000000000,712001,719001,618001,101000,0,7000,0.7,0,0.7
2,210,0,6000000,136.7228561726239,0,2000000000,719001,721001,627001,94000,0,2000,0.19999999999999998,0,0.19999999999999998
2,211,0,3000000,136.7228561726239,0,3000000000,721001,724001,630001,94000,0,3000,0.3,0,0.3
2,240,1,9000000,197.2393231584412,888168.5771249373,10000000000,727134,729134,717001,12133,10133,2000,0,3.0399634366035393,3.0399634366035393
2,217,0,3000000,197.34838230905265,0,7000000000,724001,731001,648001,83000,0,7000,0.7,0,0.7
2,243,1,4000000,230.8227406474501,474898.79777460924,9000000000,738977,740777,726001,14776,8423,1800,0,2.5268541542392566,2.5268541542392566
2,220,0,6000000,192.39209391240587,0,10000000000,731001,741001,657001,84000,0,10000,0.9999999999999999,0,0.9999999999999999
2,244,1,5000000,213.25044548605283,651065.4518660036,5000000000,744177,745177,729001,16176,7680,1000,0,2.303915828586642,2.303915828586642
2,246,1,2000000,186.400436158288,1111749.95186636,2000000000,745177,745577,735001,10576,1799,400,0,0.5396897018009713,0.5396897018009713
2,247,1,8000000,199.99825049234806,840443.6205520194,4000000000,749577,750377,738001,12376,9519,800,0,2.855634740166906,2.855634740166906
2,223,0,6000000,238.8032684030937,0,10000000000,741001,751001,666001,85000,0,10000,0.9999999999999999,0,0.9999999999999999
2,224,0,10000000,216.4112326105094,0,3000000000,751001,754001,669001,85000,0,3000,0.3,0,0.3
2,248,1,5000000,209.80484384303432,694689.7162150072,10000000000,753053,755053,741001,14052,7197,2000,0,2.1592373760370283,2.1592373760370283
2,226,0,7000000,185.4796261048636,0,4000000000,754001,758001,675001,83000,0,4000,0.39999999999999997,0,0.39999999999999997
2,251,1,5000000,136.84561008669584,3757188.461162686,5000000000,757853,758853,750001,8852,1331,1000,0,0.39923469783461846,0.39923469783461846
2,252,1,8000000,117.92648981462985,6675005.426674242,6000000000,760053,761253,753001,8252,1199,1200,0,0.3595502694888111,0.3595502694888111
2,254,1,7000000,84.57745444265868,22520212.945019558,4000000000,765453,766253,759001,7252,311,800,0,0.09324956229885135,0.09324956229885135
2,228,0,9000000,180.85752984047969,0,9000000000,758001,767001,681001,86000,0,9000,0.8999999999999999,0,0.8999999999999999
2,255,1,4000000,78.18126693780295,29337953.746345997,9000000000,766253,768053,762001,6052,136,1800,0,0.04090264816609639,0.04090264816609639
2,256,1,5000000,75.0933845288651,33435473.450352322,10000000000,769053,771053,765001,6052,150,2000,0,0.044862532071732755,0.044862532071732755
2,257,1,3000000,67.67557905182633,46066785.917061165,8000000000,771053,772653,768001,4652,65,1600,0,0.01953685246503552,0.01953685246503552
2,230,0,2000000,178.72470730148086,0,8000000000,767001,775001,687001,88000,0,8000,0.7999999999999999,0,0.7999999999999999
2,258,1,8000000,65.2783769712452,51165621.27144007,4000000000,774453,775253,771001,4252,156,800,0,0.04690649581420497,0.04690649581420497
2,260,1,3000000,78.99407382835749,28354385.339963563,4000000000,777853,778653,777001,1652,106,800,0,0.031741121847967256,0.031741121847967256
2,261,1,4000000,89.26252573168651,18666628.98707992,2000000000,780215,780615,780001,614,214,400,0,0.06428584404985915,0.06428584404985915
2,231,0,7000000,184.00238802798188,0,10000000000,775001,785001,690001,95000,0,10000,0.9999999999999999,0,0.9999999999999999
2,262,1,6000000,104.25893390976145,10624699.702673605,10000000000,783566,785566,783001,2565,565,2000,0,0.16941655297297928,0.16941655297297928
2,263,1,6000000,122.27969291750777,5809294.355767227,7000000000,787034,788434,786001,2433,1033,1400,0,0.3098483033852527,0.3098483033852527
2,232,0,7000000,184.32271916397065,0,4000000000,785001,789001,693001,96000,0,4000,0.39999999999999997,0,0.39999999999999997
2,264,1,9000000,141.38216648502734,3308042.125655392,9000000000,791722,793522,789001,4521,2721,1800,0,0.8161927501044364,0.8161927501044364
2,234,0,9000000,182.6782291352749,0,5000000000,789001,794001,699001,95000,0,5000,0.49999999999999994,0,0.49999999999999994
2,236,0,9000000,173.39161513752617,0,3000000000,794001,797001,705001,92000,0,3000,0.3,0,0.3
2,237,0,6000000,169.99579553624264,0,6000000000,797001,803001,708001,95000,0,6000,0.6,0,0.6
2,266,1,9000000,181.29996276888758,1241119.09692674,9000000000,802253,804053,795001,9052,7252,1800,0,2.175456011180347,2.175456011180347
2,238,0,8000000,177.3013922675172,0,4000000000,803001,807001,711001,96000,0,4000,0.39999999999999997,0,0.39999999999999997
2,241,0,10000000,211.94464489578402,0,2000000000,807001,809001,720001,89000,0,2000,0.19999999999999998,0,0.19999999999999998
2,267,1,8000000,202.0100089104498,807645.4313682627,7000000000,807906,809306,798001,11305,9905,1400,0,2.9716010352885536,2.9716010352885536
2,268,1,6000000,213.1409796355455,652397.955666928,5000000000,810430,811430,801001,10429,9197,1000,0,2.7590521772250356,2.7590521772250356
2,242,0,5000000,228.98535084148943,0,5000000000,809001,814001,723001,91000,0,5000,0.49999999999999994,0,0.49999999999999994
2,271,1,9000000,179.5885720194913,1288682.4981572824,2000000000,816985,817385,810001,7384,6984,400,0,2.095163086222397,2.095163086222397
2,245,0,4000000,198.00506306657917,0,10000000000,814001,824001,732001,92000,0,10000,0.9999999999999999,0,0.9999999999999999
2,273,1,10000000,181.7092457746716,1230069.281371164,8000000000,824131,825731,816001,9730,8130,1600,0,2.4388870167181853,2.4388870167181853
2,249,0,8000000,183.82182677799716,0,10000000000,824001,834001,744001,90000,0,10000,0.9999999999999999,0,0.9999999999999999
2,250,0,4000000,159.0450785154951,0,3000000000,834001,837001,747001,90000,0,3000,0.3,0,0.3
2,253,0,2000000,100.29789628900494,0,4000000000,837001,841001,756001,85000,0,4000,0.39999999999999997,0,0.39999999999999997
2,259,0,10000000,70.09482862522735,0,2000000000,841001,843001,774001,69000,0,2000,0.19999999999999998,0,0.19999999999999998
2,279,1,5000000,224.75027252486257,528146.0780588951,10000000000,843468,845468,834001,11467,9467,2000,0,2.840123333894625,2.840123333894625
2,265,0,7000000,160.9344338542874,0,5000000000,843001,848001,792001,56000,0,5000,0.49999999999999994,0,0.49999999999999994
2,280,1,8000000,209.55627501938469,697975.7350816596,7000000000,848750,850150,837001,13149,11462,1400,0,3.4385149502642984,3.4385149502642984
2,283,1,6000000,181.52249502472137,1235095.933910949,8000000000,850859,852459,846001,6458,4858,1600,0,1.4573766705718756,1.4573766705718756
2,269,0,3000000,193.51187172884258,0,9000000000,848001,857001,804001,53000,0,9000,0.8999999999999999,0,0.8999999999999999
2,270,0,3000000,184.78560117065396,0,3000000000,857001,860001,807001,53000,0,3000,0.3,0,0.3
2,287,1,7000000,124.24372700462585,5463819.975834968,9000000000,860167,861967,858001,3966,1281,1800,0,0.3843464845635005,0.3843464845635005
2,288,1,4000000,102.38773217529533,11363148.723144948,3000000000,861967,862567,861001,1566,352,600,0,0.10560453174002629,0.10560453174002629
2,272,0,7000000,178.5358263766687,0,5000000000,860001,865001,813001,52000,0,5000,0.49999999999999994,0,0.49999999999999994
2,289,1,6000000,80.9627926889877,26121596.676859282,7000000000,865628,867028,864001,3027,230,1400,0,0.06890849829231886,0.06890849829231886
2,291,1,5000000,38.24959084748485,164342565.15845102,4000000000,870031,870831,870001,830,30,800,0,0.00912727629968398,0.00912727629968398
2,292,1,3000000,19.42731324707562,352562411.4243417,9000000000,873010,874810,873001,1809,9,1800,0,0.0025527395174205518,0.0025527395174205518
2,274,0,2000000,188.90540754568147,0,10000000000,865001,875001,819001,56000,0,10000,0.9999999999999999,0,0.9999999999999999
2,294,1,8000000,33.23334470076703,201653985.86166057,7000000000,879041,880441,879001,1440,40,1400,0,0.011901574817600962,0.011901574817600962
2,275,0,5000000,199.8062361389154,0,6000000000,875001,881001,822001,59000,0,6000,0.6,0,0.6
2,295,1,8000000,54.06667180435646,83773475.80466641,2000000000,882096,882496,882001,495,95,400,0,0.028648685958740098,0.028648685958740098
2,276,0,8000000,213.77936336325826,0,5000000000,881001,886001,825001,61000,0,5000,0.49999999999999994,0,0.49999999999999994
2,296,1,3000000,75.58361264189472,32744727.59909981,4000000000,886053,886853,885001,1852,92,800,0,0.027485340877434632,0.027485340877434632
2,297,1,8000000,97.00956241525878,13852272.752568861,3000000000,888853,889453,888001,1452,578,600,0,0.17325676752610342,0.17325676752610342
2,277,0,10000000,230.2274234317015,0,8000000000,886001,894001,828001,66000,0,8000,0.7999999999999999,0,0.7999999999999999
2,299,1,4000000,140.81248950288474,3360664.9995476175,2000000000,895191,895591,894001,1590,1190,400,0,0.35707218665399054,0.35707218665399054
2,278,0,3000000,242.05021503811975,0,2000000000,894001,896001,831001,65000,0,2000,0.19999999999999998,0,0.19999999999999998
2,281,0,6000000,196.8195399344283,0,4000000000,896001,900001,840001,60000,0,4000,0.39999999999999997,0,0.39999999999999997
2,301,1,6000000,119.89473424633805,6265390.809915395,6000000000,903476,904676,900001,4675,958,1200,0,0.2872925336359515,0.2872925336359515
2,282,0,7000000,187.31219848157247,0,6000000000,900001,906001,843001,63000,0,6000,0.6,0,0.6
2,300,1,10000000,162.76582442269634,1901759.0152869395,7000000000,904676,906076,897001,9075,5258,1400,0,1.577486934929743,1.577486934929743
2,284,0,2000000,179.78519877898734,0,3000000000,906001,909001,849001,60000,0,3000,0.3,0,0.3
2,302,1,7000000,136.6017049673979,3783401.0956904897,8000000000,911876,913476,903001,10475,1850,1600,0,0.5550561378205499,0.5550561378205499
2,285,0,8000000,168.09023320823852,0,7000000000,909001,916001,852001,64000,0,7000,0.7,0,0.7
2,286,0,6000000,146.14414049150238,0,6000000000,916001,922001,855001,67000,0,6000,0.6,0,0.6
2,304,1,5000000,185.4390263671592,1134803.5462310808,5000000000,924076,925076,909001,16075,4406,1000,0,1.3218146920511598,1.3218146920511598
2,290,0,9000000,59.35574529900205,0,6000000000,922001,928001,867001,61000,0,6000,0.6,0,0.6
2,293,0,7000000,16.10212718866673,0,8000000000,928001,936001,876001,60000,0,8000,0.7999999999999999,0,0.7999999999999999
2,298,0,6000000,118.88129583748646,0,4000000000,936001,940001,891001,49000,0,4000,0.39999999999999997,0,0.39999999999999997
2,303,0,9000000,166.31371320489478,0,5000000000,940001,945001,906001,39000,0,5000,0.49999999999999994,0,0.49999999999999994
2,311,1,6000000,167.90806115252477,1681848.6934554775,9000000000,943476,945276,930001,15275,3568,1800,0,1.0702508537208375,1.0702508537208375
2,309,1,9000000,204.30402859464124,772167.5811845368,9000000000,946876,948676,924001,24675,11656,1800,0,3.4966502943028104,3.4966502943028104
2,305,0,9000000,192.00652931606265,0,7000000000,945001,952001,912001,40000,0,7000,0.7,0,0.7
2,314,1,10000000,140.3831286159416,3401009.6455058856,8000000000,952276,953876,939001,14875,2940,1600,0,0.8820910002311279,0.8820910002311279
2,315,1,4000000,142.6032433011255,3198628.425436224,8000000000,955876,957476,942001,15475,1251,1600,0,0.3751608003159498,0.3751608003159498
2,316,1,5000000,151.13953586007864,2546508.7466033357,3000000000,957476,958076,945001,13075,1963,600,0,0.5890417623739864,0.5890417623739864
2,306,0,3000000,203.11744410562082,0,9000000000,952001,961001,915001,46000,0,9000,0.8999999999999999,0,0.8999999999999999
2,307,0,6000000,217.98456023305866,0,6000000000,961001,967001,918001,49000,0,6000,0.6,0,0.6
2,319,1,7000000,200.31558351760853,835161.2926737294,10000000000,965476,967476,954001,13475,8382,2000,0,2.5144843498157696,2.5144843498157696
2,308,0,2000000,225.26461794964598,0,5000000000,967001,972001,921001,51000,0,5000,0.49999999999999994,0,0.49999999999999994
2,322,1,5000000,234.2062736136673,448127.9383143657,2000000000,974159,974559,963001,11558,11158,400,0,3.347258387062975,3.347258387062975
2,310,0,2000000,183.82461478267808,0,3000000000,972001,975001,927001,48000,0,3000,0.3,0,0.3
2,326,1,4000000,170.32164424993087,1589544.384279959,2000000000,977517,977917,975001,2916,2516,400,0,0.7549333078507167,0.7549333078507167
2,325,1,9000000,187.42264137504836,1087874.1458462856,3000000000,980274,980874,972001,8873,8273,600,0,2.4819047408279014,2.4819047408279014
2,312,0,3000000,153.21495749436477,0,7000000000,975001,982001,933001,49000,0,7000,0.7,0,0.7
2,328,1,4000000,146.14867635391025,2905300.7067361884,5000000000,983650,984650,981001,3649,1377,1000,0,0.41303813998244565,0.41303813998244565
2,313,0,3000000,143.84233625744542,0,8000000000,982001,990001,936001,54000,0,8000,0.7999999999999999,0,0.7999999999999999
2,330,1,9000000,155.5156136855718,2276041.82005023,10000000000,990955,992955,987001,5954,3954,2000,0,1.1862699429399826,1.1862699429399826
2,332,1,2000000,133.18022563428852,4175950.322952595,2000000000,993480,993880,993001,879,479,400,0,0.14367987011295946,0.14367987011295946
2,317,0,6000000,162.4282934097382,0,6000000000,990001,996001,948001,48000,0,6000,0.6,0,0.6
2,331,1,10000000,152.69659622925457,2445933.20323988,10000000000,994377,996377,990001,6376,4088,2000,0,1.2265257268784788,1.2265257268784788
3,3,1,2000000,202.8207336541311,794879.6790359179,8000000000,8517,10117,6001,4116,2516,1600,0,0.7548312226672084,0.7548312226672084
3,1,1,5000000,219.47007108031832,580624.7856211544,7000000000,10117,11517,1,11516,8611,1400,0,2.583423989376022,2.583423989376022
3,4,0,8000000,192.6821984512321,0,6000000000,9001,15001,9001,6000,0,6000,0.6,0,0.6
3,2,1,7000000,214.59254809988164,635000.8744047234,10000000000,14025,16025,3001,13024,11024,2000,0,3.307082060270592,3.307082060270592
3,5,1,4000000,187.9598427856333,1075582.3679885683,2000000000,16025,16425,12001,4424,3719,400,0,1.1156746667799171,1.1156746667799171
3,6,1,2000000,175.75685164453765,1403668.1435949758,4000000000,16426,17226,15001,2225,1425,800,0,0.42745146189848143,0.42745146189848143
3,9,1,5000000,98.22430249179672,13237666.044728566,8000000000,24379,25979,24001,1978,378,1600,0,0.1133130262488622,0.1133130262488622
3,7,0,4000000,149.28622508456704,0,9000000000,18001,27001,18001,9000,0,9000,0.8999999999999999,0,0.8999999999999999
3,11,1,5000000,47.162114032346004,112999837.9627847,6000000000,30045,31245,30001,1244,44,1200,0,0.013274355318049299,0.013274355318049299
3,8,0,6000000,124.78861206055629,0,6000000000,27001,33001,21001,12000,0,6000,0.6,0,0.6
3,12,1,9000000,20.958406427970694,330866440.21647036,9000000000,33028,34828,33001,1827,27,1800,0,0.00816039244788174,0.00816039244788174
3,10,0,3000000,71.68834284596065,0,8000000000,33001,41001,27001,14000,0,8000,0.7999999999999999,0,0.7999999999999999
3,13,0,10000000,6.153738700984919,0,6000000000,41001,47001,36001,11000,0,6000,0.6,0,0.6
3,17,1,8000000,108.46928828013947,9163111.811210163,4000000000,48874,49674,48001,1673,873,800,0,0.26191975493127095,0.26191975493127095
3,14,0,3000000,31.03134222040683,0,5000000000,47001,52001,39001,13000,0,5000,0.49999999999999994,0,0.49999999999999994
3,18,1,9000000,135.0387118570079,3956826.3297560615,10000000000,53276,55276,51001,4275,2275,2000,0,0.6823650509236414,0.6823650509236414
3,15,0,2000000,57.46681912199419,0,6000000000,52001,58001,42001,16000,0,6000,0.6,0,0.6
3,16,0,8000000,81.93319778941863,0,4000000000,58001,62001,45001,17000,0,4000,0.39999999999999997,0,0.39999999999999997
3,23,1,2000000,168.6152582063675,1654129.0460899998,6000000000,68686,69886,66001,3885,1209,1200,0,0.3627286525306288,0.3627286525306288
3,21,1,7000000,205.30215098727044,757338.4500720997,6000000000,69886,71086,60001,11085,9243,1200,0,2.7728685897303604,2.7728685897303604
3,19,0,2000000,161.60491329164466,0,10000000000,62001,72001,54001,18000,0,10000,0.9999999999999999,0,0.9999999999999999
3,24,1,3000000,158.66009265092467,2103428.070396233,5000000000,71686,72686,69001,3685,1426,1000,0,0.4278729625541522,0.4278729625541522
3,20,0,6000000,186.11249286385902,0,7000000000,72001,79001,57001,22000,0,7000,0.7,0,0.7
3,22,0,5000000,183.25064938493398,0,6000000000,79001,85001,63001,22000,0,6000,0.6,0,0.6
3,25,0,5000000,168.19585309989066,0,6000000000,85001,91001,72001,19000,0,6000,0.6,0,0.6
3,26,0,8000000,182.53852333137792,0,8000000000,91001,99001,75001,24000,0,8000,0.7999999999999999,0,0.7999999999999999
3,31,1,6000000,217.32868241444797,603752.4187885129,7000000000,99939,101339,90001,11338,9938,1400,0,2.981354515501358,2.981354515501358
3,27,0,4000000,198.237014707143,0,8000000000,99001,107001,78001,29000,0,8000,0.7999999999999999,0,0.7999999999999999
3,32,1,7000000,234.52462770464,445707.1401446176,7000000000,109076,110476,93001,17475,15705,1400,0,4.711613996846938,4.711613996846938
3,28,0,9000000,218.99018836468454,0,5000000000,107001,112001,81001,31000,0,5000,0.49999999999999994,0,0.49999999999999994
3,36,1,4000000,226.54924519847782,511627.9634080092,7000000000,112819,114219,105001,9218,7818,1400,0,2.3454542867568655,2.3454542867568655
3,38,1,3000000,194.30165336404116,942754.8278330355,2000000000,114219,114619,111001,3618,3182,400,0,0.9546490491792978,0.9546490491792978
3,39,1,4000000,184.20410961756525,1165295.165042097,7000000000,118666,120066,114001,6065,3433,1400,0,1.0297820123167243,1.0297820123167243
3,29,0,5000000,240.24169600633442,0,9000000000,112001,121001,84001,37000,0,9000,0.8999999999999999,0,0.8999999999999999
3,30,0,9000000,236.42561049937035,0,10000000000,121001,131001,87001,44000,0,10000,0.9999999999999999,0,0.9999999999999999
3,33,0,10000000,243.81896091157472,0,7000000000,131001,138001,96001,42000,0,7000,0.7,0,0.7
3,46,1,2000000,131.16738161601,4430344.481872434,6000000000,137517,138717,135001,3716,451,1200,0,0.13542964942229885,0.13542964942229885
3,34,0,8000000,228.57921974667775,0,9000000000,138001,147001,99001,48000,0,9000,0.8999999999999999,0,0.8999999999999999
3,50,1,3000000,77.0150926766955,30816192.46704379,2000000000,150614,151014,147001,4013,97,400,0,0.029205425068736187,0.029205425068736187
3,52,1,3000000,74.04672646376741,34964387.32730211,9000000000,153414,155214,153001,2213,86,1800,0,0.025740476776415028,0.025740476776415028
3,35,0,4000000,242.96348799768248,0,10000000000,147001,157001,102001,55000,0,10000,0.9999999999999999,0,0.9999999999999999
3,53,1,2000000,57.0729445534397,73420757.32216184,8000000000,156028,157628,156001,1627,27,1600,0,0.008172075879948624,0.008172075879948624
3,55,1,9000000,21.033594557278978,329843760.4796365,2000000000,162028,162428,162001,427,27,400,0,0.008185693723821977,0.008185693723821977
3,37,0,9000000,208.78815220217837,0,7000000000,157001,164001,108001,56000,0,7000,0.7,0,0.7
3,56,1,5000000,29.24881194168407,236720211.01427686,9000000000,165022,166822,165001,1821,21,1800,0,0.006336594554275441,0.006336594554275441
3,40,0,3000000,179.03917448424522,0,7000000000,164001,171001,117001,54000,0,7000,0.7,0,0.7
3,41,0,6000000,179.0953338308958,0,9000000000,171001,180001,120001,60000,0,9000,0.8999999999999999,0,0.8999999999999999
3,42,0,2000000,184.35816797744542,0,7000000000,180001,187001,123001,64000,0,7000,0.7,0,0.7
3,43,0,5000000,191.66167718143342,0,2000000000,187001,189001,126001,63000,0,2000,0.19999999999999998,0,0.19999999999999998
3,64,1,4000000,69.12049840676791,43253822.3592678,5000000000,189093,190093,189001,1092,92,1000,0,0.027743212843312597,0.027743212843312597
3,66,1,8000000,101.0807226923116,11915432.287622409,5000000000,195914,196914,195001,1913,671,1000,0,0.20141946528394844,0.20141946528394844
3,44,0,2000000,173.4168379944693,0,10000000000,189001,199001,129001,70000,0,10000,0.9999999999999999,0,0.9999999999999999
3,45,0,8000000,151.78970749033022,0,2000000000,199001,201001,132001,69000,0,2000,0.19999999999999998,0,0.19999999999999998
3,47,0,8000000,112.96699031132944,0,5000000000,201001,206001,138001,68000,0,5000,0.49999999999999994,0,0.49999999999999994
3,48,0,6000000,96.37299673663776,0,2000000000,206001,208001,141001,67000,0,2000,0.19999999999999998,0,0.19999999999999998
3,70,1,5000000,191.93120772818577,989874.6529707076,8000000000,212366,213966,207001,6965,5051,1600,0,1.5153433775663998,1.5153433775663998
3,49,0,2000000,83.81104521481643,0,7000000000,208001,215001,144001,71000,0,7000,0.7,0,0.7
3,51,0,5000000,79.81153049528618,0,6000000000,215001,221001,150001,71000,0,6000,0.6,0,0.6
3,54,0,10000000,35.21232170703886,0,3000000000,221001,224001,159001,65000,0,3000,0.3,0,0.3
3,57,0,3000000,49.79025004958298,0,8000000000,224001,232001,168001,64000,0,8000,0.7999999999999999,0,0.7999999999999999
3,58,0,10000000,61.6683387160705,0,2000000000,232001,234001,171001,63000,0,2000,0.19999999999999998,0,0.19999999999999998
3,59,0,7000000,46.17304841571542,0,2000000000,234001,236001,174001,62000,0,2000,0.19999999999999998,0,0.19999999999999998
3,60,0,10000000,24.810910906292833,0,2000000000,236001,238001,177001,61000,0,2000,0.19999999999999998,0,0.19999999999999998
3,61,0,6000000,24.91563765991141,0,5000000000,238001,243001,180001,63000,0,5000,0.49999999999999994,0,0.49999999999999994
3,62,0,4000000,46.40205275631672,0,8000000000,243001,251001,183001,68000,0,8000,0.7999999999999999,0,0.7999999999999999
3,85,1,9000000,157.2654981233964,2177907.081532605,4000000000,256133,256933,252001,4932,4132,800,0,1.2397223108802216,1.2397223108802216
3,63,0,6000000,68.51490713706029,0,6000000000,251001,257001,186001,71000,0,6000,0.6,0,0.6
3,74,1,6000000,145.7417970247382,2937226.247680506,7000000000,256429,257829,219001,38828,2043,1400,0,0.6128230678251085,0.6128230678251085
3,86,1,9000000,145.73078912844736,2938095.97890753,6000000000,258064,259264,255001,4263,3063,1200,0,0.9189624911450097,0.9189624911450097
3,75,1,9000000,122.07024289318015,5847690.323995097,5000000000,260229,261229,222001,39228,1539,1000,0,0.46172075647045907,0.46172075647045907
3,65,0,4000000,80.5673488455466,0,10000000000,257001,267001,192001,75000,0,10000,0.9999999999999999,0,0.9999999999999999
3,88,1,10000000,174.85128109339092,1432684.598929481,2000000000,267981,268381,261001,7380,6980,400,0,2.093970998391157,2.093970998391157
3,89,1,4000000,193.08419225819603,966598.1001865229,5000000000,268381,269381,264001,5380,4138,1000,0,1.2414673686700168,1.2414673686700168
3,67,0,3000000,113.4876645279125,0,5000000000,267001,272001,198001,74000,0,5000,0.49999999999999994,0,0.49999999999999994
3,91,1,2000000,167.46945661821445,1699330.428000588,2000000000,271718,272118,270001,2117,1177,400,0,0.3530802427318111,0.3530802427318111
3,68,0,8000000,137.14501558569305,0,2000000000,272001,274001,201001,73000,0,2000,0.19999999999999998,0,0.19999999999999998
3,90,1,8000000,183.49388899906182,1183293.439711752,10000000000,274465,276465,267001,9464,6761,2000,0,2.028237391888723,2.028237391888723
3,94,1,2000000,143.58127175923744,3114198.1014364385,3000000000,279980,280580,279001,1579,642,600,0,0.19266597064690497,0.19266597064690497
3,69,0,3000000,167.9268888534531,0,8000000000,274001,282001,204001,78000,0,8000,0.7999999999999999,0,0.7999999999999999
3,71,0,2000000,218.30819613564674,0,2000000000,282001,284001,210001,74000,0,2000,0.19999999999999998,0,0.19999999999999998
3,80,1,5000000,73.88349274364336,35209654.07957918,9000000000,283029,284829,237001,47828,142,1800,0,0.04260195219781971,0.04260195219781971
3,72,0,10000000,193.7066661217419,0,3000000000,284001,287001,213001,74000,0,3000,0.3,0,0.3
3,95,1,8000000,158.87472580621503,2092247.4326465973,4000000000,287008,287808,282001,5807,3824,800,0,1.14709186043264,1.14709186043264
3,73,0,9000000,170.5327112315992,0,2000000000,287001,289001,216001,73000,0,2000,0.19999999999999998,0,0.19999999999999998
3,81,1,7000000,89.17914105888212,18728202.14956291,8000000000,289629,291229,240001,51228,374,1600,0,0.1121303573738396,0.1121303573738396
3,76,0,10000000,100.31055976316749,0,5000000000,289001,294001,225001,69000,0,5000,0.49999999999999994,0,0.49999999999999994
3,77,0,2000000,86.49557965584135,0,4000000000,294001,298001,228001,70000,0,4000,0.39999999999999997,0,0.39999999999999997
3,97,1,7000000,202.13649497307506,805637.0412493654,7000000000,296690,298090,288001,10089,8689,1400,0,2.6066328786761876,2.6066328786761876
3,99,1,4000000,175.70149714786155,1405420.7452735717,9000000000,296847,298647,294001,4646,2846,1800,0,0.8538368342972015,0.8538368342972015
3,78,0,7000000,73.58930153222003,0,6000000000,298001,304001,231001,73000,0,6000,0.6,0,0.6
3,83,1,7000000,137.4958417553054,3688392.096403999,10000000000,303229,305229,246001,59228,1898,2000,0,0.5693537848233101,0.5693537848233101
3,79,0,7000000,68.36129021602798,0,4000000000,304001,308001,234001,74000,0,4000,0.39999999999999997,0,0.39999999999999997
3,84,1,9000000,161.32160301707893,1969846.4634348112,4000000000,314029,314829,249001,65828,4569,800,0,1.3706652016381133,1.3706652016381133
3,104,1,6000000,194.29314784623773,942918.847214576,6000000000,315364,316564,309001,7563,6363,1200,0,1.9089659786918882,1.9089659786918882
3,82,0,5000000,111.65438504599804,0,9000000000,308001,317001,243001,74000,0,9000,0.8999999999999999,0,0.8999999999999999
3,105,1,8000000,211.5406391216591,672272.3564659301,5000000000,323901,324901,312001,12900,11900,1000,0,3.569981685126196,3.569981685126196
3,106,1,4000000,235.86338121887422,435703.92810250766,3000000000,324901,325501,315001,10500,9181,600,0,2.754163831448582,2.754163831448582
3,87,0,9000000,158.47166876132778,0,9000000000,317001,326001,258001,68000,0,9000,0.8999999999999999,0,0.8999999999999999
3,92,0,6000000,154.86094149268237,0,5000000000,326001,331001,273001,58000,0,5000,0.49999999999999994,0,0.49999999999999994
3,93,0,7000000,146.728711914199,0,7000000000,331001,338001,276001,62000,0,7000,0.7,0,0.7
3,96,0,3000000,186.48444680455262,0,10000000000,338001,348001,285001,63000,0,10000,0.9999999999999999,0,0.9999999999999999
3,111,1,8000000,168.02141440899732,1677367.0507825925,3000000000,349940,350540,330001,20539,4769,600,0,1.4308138453537977,1.4308138453537977
3,118,1,9000000,140.01474565202057,3436101.290525921,3000000000,354001,354601,351001,3600,2619,600,0,0.7857742748866244,0.7857742748866244
3,113,1,8000000,163.87606323072322,1851392.7474347006,3000000000,355540,356140,336001,20139,4321,600,0,1.2963213793104962,1.2963213793104962
3,98,0,8000000,159.204405089809,0,9000000000,348001,357001,291001,66000,0,9000,0.8999999999999999,0,0.8999999999999999
3,120,1,9000000,113.74541485264362,7658636.642064894,6000000000,358176,359376,357001,2375,1175,1200,0,0.35254316482000325,0.35254316482000325
3,100,0,3000000,205.06399123200543,0,6000000000,357001,363001,297001,66000,0,6000,0.6,0,0.6
3,101,0,3000000,184.61928203738637,0,3000000000,363001,366001,300001,66000,0,3000,0.3,0,0.3
3,122,1,7000000,113.4960937653803,7722665.645752095,7000000000,364816,366216,363001,3215,906,1400,0,0.27192683152806435,0.27192683152806435
3,102,0,9000000,173.302259073562,0,2000000000,366001,368001,303001,65000,0,2000,0.19999999999999998,0,0.19999999999999998
3,124,1,7000000,99.14878718370689,12791489.02780213,5000000000,369548,370548,369001,1547,547,1000,0,0.16417166097204774,0.16417166097204774
3,103,0,5000000,180.19087657259453,0,8000000000,368001,376001,306001,70000,0,8000,0.7999999999999999,0,0.7999999999999999
3,107,0,6000000,213.11131551374746,0,3000000000,376001,379001,318001,61000,0,3000,0.3,0,0.3
3,108,0,5000000,192.24404932272935,0,4000000000,379001,383001,321001,62000,0,4000,0.39999999999999997,0,0.39999999999999997
3,128,1,7000000,157.49677457014792,2165332.2971274345,8000000000,384819,386419,381001,5418,3233,1600,0,0.9698280503116748,0.9698280503116748
3,109,0,8000000,179.1801975665838,0,6000000000,383001,389001,324001,65000,0,6000,0.6,0,0.6
3,130,1,7000000,183.1157123242023,1193018.230112815,2000000000,392868,393268,387001,6267,5867,400,0,1.760241333279055,1.760241333279055
3,110,0,5000000,169.58110419501338,0,9000000000,389001,398001,327001,71000,0,9000,0.8999999999999999,0,0.8999999999999999
3,133,1,7000000,157.261765219649,2178110.7848846638,9000000000,399215,401015,396001,5014,3214,1800,0,0.9641382865248519,0.9641382865248519
3,112,0,6000000,170.17000029382382,0,4000000000,398001,402001,333001,69000,0,4000,0.39999999999999997,0,0.39999999999999997
3,136,1,6000000,149.10231151796407,2685948.6796889384,3000000000,407235,407835,405001,2834,2234,600,0,0.6701542786768582,0.6701542786768582
3,114,0,6000000,155.46476513988628,0,6000000000,402001,408001,339001,69000,0,6000,0.6,0,0.6
3,115,0,8000000,155.83418912420981,0,6000000000,408001,414001,342001,72000,0,6000,0.6,0,0.6
3,139,1,4000000,169.95015416291918,1603334.3852551198,9000000000,416496,418296,414001,4295,2495,1800,0,0.7484402574008653,0.7484402574008653
3,116,0,7000000,164.8061364148799,0,9000000000,414001,423001,345001,78000,0,9000,0.8999999999999999,0,0.8999999999999999
3,117,0,3000000,164.82776980836695,0,3000000000,423001,426001,348001,78000,0,3000,0.3,0,0.3
3,141,1,7000000,186.22416599356808,1115932.7938766838,4000000000,426274,427074,420001,7073,6273,800,0,1.8818337551535926,1.8818337551535926
3,119,0,2000000,121.96279965628864,0,2000000000,426001,428001,354001,74000,0,2000,0.19999999999999998,0,0.19999999999999998
3,142,1,8000000,204.002906842035,776712.2550023429,6000000000,433301,434501,423001,11500,10300,1200,0,3.0899473834010265,3.0899473834010265
3,121,0,10000000,117.07509086052421,0,9000000000,428001,437001,360001,77000,0,9000,0.8999999999999999,0,0.8999999999999999
3,146,1,5000000,200.71438538380852,828581.3424708174,5000000000,441035,442035,435001,7034,6034,1000,0,1.810323166977212,1.810323166977212
3,123,0,10000000,103.0665323953416,0,10000000000,437001,447001,366001,81000,0,10000,0.9999999999999999,0,0.9999999999999999
3,147,1,9000000,185.47660175882027,1133891.4215449688,7000000000,445938,447338,438001,9337,7937,1400,0,2.381180374679218,2.381180374679218
3,125,0,9000000,104.27780444562495,0,6000000000,447001,453001,372001,81000,0,6000,0.6,0,0.6
3,151,1,7000000,186.55685085249482,1108054.598667504,5000000000,456318,457318,450001,7317,6317,1000,0,1.8952134691967024,1.8952134691967024
3,126,0,7000000,117.14889030631062,0,9000000000,453001,462001,375001,87000,0,9000,0.8999999999999999,0,0.8999999999999999
3,154,1,2000000,240.35584141018913,404119.6802063066,5000000000,463950,464950,459001,5949,4949,1000,0,1.4847086875197337,1.4847086875197337
3,127,0,6000000,135.5531969375861,0,6000000000,462001,468001,378001,90000,0,6000,0.6,0,0.6
3,129,0,2000000,177.72506632436517,0,9000000000,468001,477001,384001,93000,0,9000,0.8999999999999999,0,0.8999999999999999
3,159,1,4000000,189.4850519170312,1041613.6260519349,8000000000,477841,479441,474001,5440,3840,1600,0,1.1520586616636368,1.1520586616636368
3,155,1,9000000,222.477017464726,549982.0779056519,6000000000,479441,480641,462001,18640,16364,1200,0,4.909250880104458,4.909250880104458
3,158,1,8000000,189.4850519170312,1041613.6260519349,10000000000,480641,482641,471001,11640,7680,2000,0,2.3041173233272736,2.3041173233272736
3,131,0,3000000,182.28370552520596,0,7000000000,477001,484001,390001,94000,0,7000,0.7,0,0.7
3,162,1,6000000,177.4040613965757,1352736.0929261402,8000000000,487436,489036,483001,6035,4435,1600,0,1.3306364851302008,1.3306364851302008
3,132,0,4000000,168.9269765312811,0,10000000000,484001,494001,393001,101000,0,10000,0.9999999999999999,0,0.9999999999999999
3,134,0,8000000,150.8983850145521,0,9000000000,494001,503001,399001,104000,0,9000,0.8999999999999999,0,0.8999999999999999
3,169,1,3000000,246.98979614550876,362525.03444165195,3000000000,512276,512876,504001,8875,8275,600,0,2.482587171907032,2.482587171907032
3,135,0,2000000,150.43888626282765,0,10000000000,503001,513001,402001,111000,0,10000,0.9999999999999999,0,0.9999999999999999
3,137,0,4000000,151.7041357379554,0,7000000000,513001,520001,408001,112000,0,7000,0.7,0,0.7
3,170,1,6000000,230.7653936360476,475369.4854587647,9000000000,519623,521423,507001,14422,12622,1800,0,3.786528279708308,3.786528279708308
3,138,0,2000000,158.68586956625975,0,6000000000,520001,526001,411001,115000,0,6000,0.6,0,0.6
3,174,1,6000000,191.81554942183385,992247.8972065153,9000000000,528264,530064,519001,11063,6047,1800,0,1.8140628013095887,1.8140628013095887
3,140,0,7000000,179.3210096447151,0,8000000000,526001,534001,417001,117000,0,8000,0.7999999999999999,0,0.7999999999999999
3,143,0,9000000,215.29211086335698,0,5000000000,534001,539001,426001,113000,0,5000,0.49999999999999994,0,0.49999999999999994
3,177,1,7000000,218.29599744383773,593165.5150633,2000000000,541388,541788,528001,13787,11801,400,0,3.54032718806301,3.54032718806301
3,179,1,7000000,184.41052030727533,1160128.3181899984,10000000000,541464,543464,534001,9463,6034,2000,0,1.8101445909676308,1.8101445909676308
3,144,0,6000000,216.15270643690772,0,10000000000,539001,549001,429001,120000,0,10000,0.9999999999999999,0,0.9999999999999999
3,182,1,10000000,162.21524589261026,1927366.336437035,10000000000,551464,553464,543001,10463,5188,2000,0,1.5565281717775852,1.5565281717775852
3,145,0,8000000,219.16974654363224,0,5000000000,549001,554001,432001,122000,0,5000,0.49999999999999994,0,0.49999999999999994
3,185,1,4000000,197.7894216079313,878388.5726001408,6000000000,556555,557755,552001,5754,4554,1200,0,1.3661379911260103,1.3661379911260103
3,184,1,2000000,213.40207801237548,649225.2622675475,3000000000,559064,559664,549001,10663,3081,600,0,0.9241784552627872,0.9241784552627872
3,148,0,3000000,178.98539856647523,0,8000000000,554001,562001,441001,121000,0,8000,0.7999999999999999,0,0.7999999999999999
3,149,0,7000000,175.9304322736689,0,3000000000,562001,565001,444001,121000,0,3000,0.3,0,0.3
3,150,0,8000000,179.7373263960494,0,4000000000,565001,569001,447001,122000,0,4000,0.39999999999999997,0,0.39999999999999997
3,186,1,6000000,196.51949343512973,901171.9168702166,9000000000,567555,569355,555001,14354,6658,1800,0,1.9973991269628404,1.9973991269628404
3,188,1,10000000,187.4802442925654,1086547.7879164116,5000000000,574955,575955,561001,14954,9203,1000,0,2.7610382473401076,2.7610382473401076
3,152,0,10000000,200.04123674882635,0,8000000000,569001,577001,453001,124000,0,8000,0.7999999999999999,0,0.7999999999999999
3,191,1,5000000,100.05718065186525,12370357.364442881,9000000000,575955,577755,570001,7754,404,1800,0,0.12125761251745008,0.12125761251745008
3,153,0,8000000,218.3773362782869,0,6000000000,577001,583001,456001,127000,0,6000,0.6,0,0.6
3,156,0,4000000,203.1347897333197,0,3000000000,583001,586001,465001,121000,0,3000,0.3,0,0.3
3,157,0,7000000,190.3524583502929,0,5000000000,586001,591001,468001,123000,0,5000,0.49999999999999994,0,0.49999999999999994
3,197,1,9000000,47.59721105274971,110911394.41732505,9000000000,592155,593955,588001,5954,81,1800,0,0.02434375669140666,0.02434375669140666
3,160,0,10000000,187.97340902372335,0,5000000000,591001,596001,477001,119000,0,5000,0.49999999999999994,0,0.49999999999999994
3,198,1,8000000,76.99576936429689,30841373.460804384,6000000000,595755,596955,591001,5954,259,1200,0,0.0778175460651941,0.0778175460651941
3,200,1,2000000,124.568404501302,5409153.259052273,5000000000,597371,598371,597001,1370,370,1000,0,0.11092309115033742,0.11092309115033742
3,161,0,7000000,182.01794664263193,0,6000000000,596001,602001,480001,122000,0,6000,0.6,0,0.6
3,163,0,9000000,179.21638457462532,0,3000000000,602001,605001,486001,119000,0,3000,0.3,0,0.3
3,202,1,9000000,139.610262158625,3475147.254488757,7000000000,605591,606991,603001,3990,2590,1400,0,0.7769454938959724,0.7769454938959724
3,203,1,8000000,124.71072969075274,5385400.515559518,10000000000,609191,611191,606001,5190,1485,2000,0,0.44564930557456434,0.44564930557456434
3,164,0,10000000,187.60172333963243,0,8000000000,605001,613001,489001,124000,0,8000,0.7999999999999999,0,0.7999999999999999
3,204,1,9000000,126.18963863962841,5145978.896320774,10000000000,612991,614991,609001,5990,1749,2000,0,0.5246815143238193,0.5246815143238193
3,205,1,10000000,132.48734430125768,4261444.706450418,3000000000,618791,619391,612001,7390,2347,600,0,0.7039866070440836,0.7039866070440836
3,165,0,2000000,201.6094405031669,0,8000000000,613001,621001,492001,129000,0,8000,0.7999999999999999,0,0.7999999999999999
3,166,0,6000000,220.23139876048552,0,5000000000,621001,626001,495001,131000,0,5000,0.49999999999999994,0,0.49999999999999994
3,208,1,6000000,148.27229039844227,2745459.001401001,7000000000,629391,630791,621001,9790,2185,1400,0,0.6556280749708753,0.6556280749708753
3,167,0,6000000,242.44559245323478,0,8000000000,626001,634001,498001,136000,0,8000,0.7999999999999999,0,0.7999999999999999
3,168,0,5000000,228.1211472003418,0,8000000000,634001,642001,501001,141000,0,8000,0.7999999999999999,0,0.7999999999999999
3,214,1,9000000,169.33958928732525,1626323.314131859,9000000000,644535,646335,639001,7334,5534,1800,0,1.6601864933857116,1.6601864933857116
3,171,0,4000000,209.07455536243523,0,5000000000,642001,647001,510001,137000,0,5000,0.49999999999999994,0,0.49999999999999994
3,172,0,3000000,211.0736328867251,0,5000000000,647001,652001,513001,139000,0,5000,0.49999999999999994,0,0.49999999999999994
3,216,1,10000000,173.3880252497271,1481163.624342614,2000000000,651752,652152,645001,7151,6751,400,0,2.025434564213992,2.025434564213992
3,173,0,5000000,211.11727167619418,0,7000000000,652001,659001,516001,143000,0,7000,0.7,0,0.7
3,219,1,7000000,163.35406484076236,1874864.575128957,3000000000,658521,659121,654001,5120,3734,600,0,1.1200808996327416,1.1200808996327416
3,175,0,8000000,174.8087083071092,0,4000000000,659001,663001,522001,141000,0,4000,0.39999999999999997,0,0.39999999999999997
3,176,0,6000000,209.03731532910575,0,9000000000,663001,672001,525001,147000,0,9000,0.8999999999999999,0,0.8999999999999999
3,223,1,7000000,197.62763394829176,881250.9540532904,2000000000,673944,674344,666001,8343,7943,400,0,2.382976143561724,2.382976143561724
3,224,1,10000000,176.8836976660088,1368573.8906146407,10000000000,677457,679457,669001,10456,7307,2000,0,2.1920628623513116,2.1920628623513116
3,225,1,9000000,159.29879158361499,2070372.7386814915,4000000000,680657,681457,672001,9456,4347,800,0,1.304112998377038,1.304112998377038
3,178,0,4000000,204.0092399868202,0,10000000000,672001,682001,531001,151000,0,10000,0.9999999999999999,0,0.9999999999999999
3,227,1,5000000,145.63609614377884,2945590.79879996,5000000000,682657,683657,678001,5656,1697,1000,0,0.5092357026003419,0.5092357026003419
3,180,0,9000000,167.73422131455467,0,8000000000,682001,690001,537001,153000,0,8000,0.7999999999999999,0,0.7999999999999999
3,230,1,8000000,146.6802484999258,2864234.247880683,8000000000,690392,691992,687001,4991,2793,1600,0,0.8379202929284918,0.8379202929284918
3,181,0,5000000,163.38859752136926,0,4000000000,690001,694001,540001,154000,0,4000,0.39999999999999997,0,0.39999999999999997
3,231,1,10000000,159.62429013154608,2053774.4841021863,9000000000,694870,696670,690001,6669,4869,1800,0,1.4607251298632522,1.4607251298632522
3,232,1,9000000,159.54114829723395,2057998.432278069,2000000000,697374,697774,693001,4773,4373,400,0,1.3119543521766814,1.3119543521766814
3,183,0,7000000,180.12350790499278,0,4000000000,694001,698001,546001,152000,0,4000,0.39999999999999997,0,0.39999999999999997
3,234,1,6000000,115.4712518335191,7232626.542180702,10000000000,700161,702161,699001,3160,830,2000,0,0.24887224433646532,0.24887224433646532
3,235,1,4000000,100.93785910152836,11977719.124509705,6000000000,702335,703535,702001,1534,334,1200,0,0.1001860193519207,0.1001860193519207
3,187,0,6000000,196.51949343512973,0,10000000000,698001,708001,558001,150000,0,10000,0.9999999999999999,0,0.9999999999999999
3,189,0,4000000,162.22449876637006,0,2000000000,708001,710001,564001,146000,0,2000,0.19999999999999998,0,0.19999999999999998
3,237,1,10000000,98.28872773619563,13205981.168351868,2000000000,709795,710195,708001,2194,757,400,0,0.22716979236571225,0.22716979236571225
3,238,1,6000000,110.74916026769688,8472833.09743969,2000000000,711804,712204,711001,1203,708,400,0,0.21244369850079092,0.21244369850079092
3,239,1,9000000,128.2689600020208,4830984.557517536,4000000000,715955,716755,714001,2754,1863,800,0,0.558892285382802,0.558892285382802
3,190,0,6000000,129.6925017107774,0,8000000000,710001,718001,567001,151000,0,8000,0.7999999999999999,0,0.7999999999999999
3,192,0,9000000,76.71459900175452,0,8000000000,718001,726001,573001,153000,0,8000,0.7999999999999999,0,0.7999999999999999
3,193,0,7000000,66.86548960412986,0,2000000000,726001,728001,576001,152000,0,2000,0.19999999999999998,0,0.19999999999999998
3,241,1,10000000,162.18696433437557,1928693.2181762755,10000000000,727203,729203,720001,9202,5185,2000,0,1.5554573281678905,1.5554573281678905
3,242,1,6000000,179.79154624175186,1282924.3104324702,3000000000,731203,731803,723001,8802,4677,600,0,1.403044579764199,1.403044579764199
3,194,0,7000000,40.86196887082166,0,6000000000,728001,734001,579001,155000,0,6000,0.6,0,0.6
3,243,1,6000000,196.86753008050874,894855.4281086748,6000000000,733803,735003,726001,9002,6705,1200,0,2.011498107358411,2.011498107358411
3,244,1,4000000,194.9758459399523,929866.0242738749,9000000000,733303,735103,729001,6102,4302,1800,0,1.2905084911958908,1.2905084911958908
3,246,1,10000000,146.1482931819596,2905330.5699255574,5000000000,738443,739443,735001,4442,3442,1000,0,1.0325847361585667,1.0325847361585667
3,195,0,3000000,11.678171945985355,0,6000000000,734001,740001,582001,158000,0,6000,0.6,0,0.6
3,248,1,9000000,96.96907806099837,13873330.463343984,5000000000,741650,742650,741001,1649,649,1000,0,0.1946180123895932,0.1946180123895932
3,249,1,5000000,72.95464687050439,36641483.746174306,9000000000,744137,745937,744001,1936,136,1800,0,0.04093720686615517,0.04093720686615517
3,196,0,3000000,18.30014480817022,0,8000000000,740001,748001,585001,163000,0,8000,0.7999999999999999,0,0.7999999999999999
3,199,0,3000000,106.40173870759821,0,4000000000,748001,752001,594001,158000,0,4000,0.39999999999999997,0,0.39999999999999997
3,252,1,3000000,3.611993909186394,837460925.8140008,5000000000,753005,754005,753001,1004,4,1000,0,0.0010746770055274065,0.0010746770055274065
3,253,1,2000000,21.535628618640352,323111456.7532471,3000000000,756007,756607,756001,606,6,600,0,0.0018569443684511827,0.0018569443684511827
3,201,0,4000000,128.94595030476918,0,5000000000,752001,757001,600001,157000,0,5000,0.49999999999999994,0,0.49999999999999994
3,206,0,4000000,142.9945331122837,0,5000000000,757001,762001,615001,147000,0,5000,0.49999999999999994,0,0.49999999999999994
3,255,1,9000000,71.23475907167796,39462302.64486782,10000000000,762229,764229,762001,2228,228,2000,0,0.06841972766510984,0.06841972766510984
3,256,1,3000000,96.1092029932618,14329647.773102397,10000000000,765210,767210,765001,2209,209,2000,0,0.06280684733154109,0.06280684733154109
3,207,0,9000000,153.99232773096196,0,6000000000,762001,768001,618001,150000,0,6000,0.6,0,0.6
3,209,0,9000000,137.30171521142773,0,4000000000,768001,772001,624001,148000,0,4000,0.39999999999999997,0,0.39999999999999997
3,210,0,10000000,130.20178339792432,0,8000000000,772001,780001,627001,153000,0,8000,0.7999999999999999,0,0.7999999999999999
3,260,1,10000000,140.08565415487772,3429312.089898489,6000000000,779917,781117,777001,4116,2916,1200,0,0.8748110178822491,0.8748110178822491
3,211,0,7000000,127.67331475292714,0,5000000000,780001,785001,630001,155000,0,5000,0.49999999999999994,0,0.49999999999999994
3,212,0,2000000,142.88687868380356,0,9000000000,785001,794001,633001,161000,0,9000,0.8999999999999999,0,0.8999999999999999
3,213,0,7000000,162.93115754821113,0,2000000000,794001,796001,636001,160000,0,2000,0.19999999999999998,0,0.19999999999999998
3,264,1,7000000,205.99902524041224,747194.9559172604,8000000000,798369,799969,789001,10968,9368,1600,0,2.810511478121569,2.810511478121569
3,266,1,3000000,212.99275950135026,654207.6297675176,5000000000,799969,800969,795001,5968,4586,1000,0,1.375710033097334,1.375710033097334
3,215,0,9000000,173.19181071863645,0,6000000000,796001,802001,642001,160000,0,6000,0.6,0,0.6
3,265,1,5000000,223.08912142908264,543993.3995771159,5000000000,801192,802192,792001,10191,9191,1000,0,2.7573863969049164,2.7573863969049164
3,217,0,7000000,164.43354554348085,0,2000000000,802001,804001,648001,156000,0,2000,0.19999999999999998,0,0.19999999999999998
3,268,1,8000000,191.58182403349227,997065.4711072595,6000000000,809025,810225,801001,9224,8024,1200,0,2.407063597674038,2.407063597674038
3,218,0,7000000,160.9340759441579,0,9000000000,804001,813001,651001,162000,0,9000,0.8999999999999999,0,0.8999999999999999
3,270,1,4000000,215.43569620654793,625160.9982787829,4000000000,813399,814199,807001,7198,6398,800,0,1.9195055406589434,1.9195055406589434
3,220,0,5000000,171.39836201084304,0,2000000000,813001,815001,657001,158000,0,2000,0.19999999999999998,0,0.19999999999999998
3,221,0,4000000,182.52373790825126,0,6000000000,815001,821001,660001,161000,0,6000,0.6,0,0.6
3,276,1,3000000,207.74860697487227,722464.7846547475,6000000000,829153,830353,825001,5352,4152,1200,0,1.2457354588294478,1.2457354588294478
3,222,0,6000000,198.26487258210918,0,10000000000,821001,831001,663001,168000,0,10000,0.9999999999999999,0,0.9999999999999999
3,226,0,6000000,149.85363125396728,0,3000000000,831001,834001,675001,159000,0,3000,0.3,0,0.3
3,228,0,3000000,139.65659347127155,0,8000000000,834001,842001,681001,161000,0,8000,0.7999999999999999,0,0.7999999999999999
3,280,1,5000000,215.55462254379984,623788.4213097253,3000000000,846826,847426,837001,10425,8016,600,0,2.404661498606457,2.404661498606457
3,229,0,4000000,139.64230770078242,0,6000000000,842001,848001,684001,164000,0,6000,0.6,0,0.6
3,233,0,8000000,135.70115585358886,0,6000000000,848001,854001,696001,158000,0,6000,0.6,0,0.6
3,281,1,9000000,202.25234238445793,803803.0316475955,8000000000,853613,855213,840001,15212,11197,1600,0,3.359031869369383,3.359031869369383
3,282,1,9000000,192.84657580574267,971338.9077302935,9000000000,855213,857013,843001,14012,9266,1800,0,2.7796683304996312,2.7796683304996312
3,284,1,4000000,186.87296781503744,1100632.7625408557,9000000000,857013,858813,849001,9812,3634,1800,0,1.0902819185844976,1.0902819185844976
3,236,0,5000000,94.7591325414073,0,6000000000,854001,860001,705001,155000,0,6000,0.6,0,0.6
3,240,0,4000000,143.15964969222304,0,5000000000,860001,865001,717001,148000,0,5000,0.49999999999999994,0,0.49999999999999994
3,245,0,2000000,170.996623650878,0,6000000000,865001,871001,732001,139000,0,6000,0.6,0,0.6
3,290,1,5000000,148.45785462547957,2732014.2211301615,10000000000,869613,871613,867001,4612,1830,2000,0,0.5490454582551514,0.5490454582551514
3,247,0,9000000,121.31295272970642,0,9000000000,871001,880001,738001,142000,0,9000,0.8999999999999999,0,0.8999999999999999
3,250,0,5000000,48.287419686705135,0,4000000000,880001,884001,747001,137000,0,4000,0.39999999999999997,0,0.39999999999999997
3,295,1,4000000,140.95868969311547,3347062.1721190712,9000000000,884253,886053,882001,4052,1195,1800,0,0.3585233671474538,0.3585233671474538
3,296,1,8000000,124.3000024135157,5454296.539207274,3000000000,888253,888853,885001,3852,1467,600,0,0.44002008008695753,0.44002008008695753
3,251,0,8000000,24.062445844094874,0,9000000000,884001,893001,750001,143000,0,9000,0.8999999999999999,0,0.8999999999999999
3,254,0,3000000,46.3662506571321,0,6000000000,893001,899001,759001,140000,0,6000,0.6,0,0.6
3,300,1,8000000,128.9208846541165,4737121.39972993,2000000000,900476,900876,897001,3875,1689,400,0,0.5066367942643031,0.5066367942643031
3,257,0,4000000,119.34217192593744,0,2000000000,899001,901001,768001,133000,0,2000,0.19999999999999998,0,0.19999999999999998
3,258,0,9000000,124.02617344738168,0,4000000000,901001,905001,771001,134000,0,4000,0.39999999999999997,0,0.39999999999999997
3,259,0,3000000,130.06235504557034,0,8000000000,905001,913001,774001,139000,0,8000,0.7999999999999999,0,0.7999999999999999
3,304,1,3000000,160.5536483546855,2007282.8085826107,10000000000,915876,917876,909001,8875,1495,2000,0,0.4483673133411186,0.4483673133411186
3,261,0,3000000,153.50102703239477,0,7000000000,913001,920001,780001,140000,0,7000,0.7,0,0.7
3,262,0,9000000,169.46653769992463,0,8000000000,920001,928001,783001,145000,0,8000,0.7999999999999999,0,0.7999999999999999
3,306,1,2000000,189.62566202916742,1038549.6848107313,9000000000,928276,930076,915001,15075,1926,1800,0,0.5777287391978227,0.5777287391978227
3,263,0,6000000,186.6519370378996,0,6000000000,928001,934001,786001,148000,0,6000,0.6,0,0.6
3,267,0,3000000,200.16198490222865,0,3000000000,934001,937001,798001,139000,0,3000,0.3,0,0.3
3,307,1,7000000,198.85353026788337,859847.8750437587,7000000000,936876,938276,918001,20275,8141,1400,0,2.4422924809730193,2.4422924809730193
3,269,0,4000000,187.81536465369385,0,6000000000,937001,943001,804001,139000,0,6000,0.6,0,0.6
3,271,0,3000000,204.04271636105995,0,2000000000,943001,945001,810001,135000,0,2000,0.19999999999999998,0,0.19999999999999998
3,312,1,2000000,177.68493971071376,1344281.933782894,8000000000,945276,946876,933001,13875,1488,1600,0,0.44633494278358876,0.44633494278358876
3,272,0,10000000,193.3417828613359,0,6000000000,945001,951001,813001,138000,0,6000,0.6,0,0.6
3,314,1,6000000,149.39275116283255,2665502.2019429887,3000000000,951676,952276,939001,13275,2251,600,0,0.6752948839013938,0.6752948839013938
3,273,0,9000000,188.10812635290367,0,6000000000,951001,957001,816001,141000,0,6000,0.6,0,0.6
3,274,0,8000000,188.91611498228525,0,2000000000,957001,959001,819001,140000,0,2000,0.19999999999999998,0,0.19999999999999998
3,318,1,8000000,140.65953291547643,3374969.4824480778,2000000000,960076,960476,951001,9475,2370,400,0,0.7111175412048849,0.7111175412048849
3,321,1,3000000,163.7931808714881,1855095.1359655014,8000000000,963876,965476,960001,5475,1617,1600,0,0.4851503206230912,0.4851503206230912
3,275,0,9000000,195.69025243992104,0,9000000000,959001,968001,822001,146000,0,9000,0.8999999999999999,0,0.8999999999999999
3,277,0,5000000,224.24032844249933,0,9000000000,968001,977001,828001,149000,0,9000,0.8999999999999999,0,0.8999999999999999
3,323,1,9000000,194.62697140941182,936508.010975398,8000000000,975611,977211,966001,11210,9610,1600,0,2.8830506182086775,2.8830506182086775
3,278,0,9000000,244.47507562121743,0,4000000000,977001,981001,831001,150000,0,4000,0.39999999999999997,0,0.39999999999999997
3,328,1,2000000,210.68229280126982,683243.141727938,5000000000,984650,985650,981001,4649,2927,1000,0,0.8781646874384804,0.8781646874384804
3,279,0,9000000,234.11876580060803,0,10000000000,981001,991001,834001,157000,0,10000,0.9999999999999999,0,0.9999999999999999
3,283,0,3000000,186.86977952574352,0,4000000000,991001,995001,846001,149000,0,4000,0.39999999999999997,0,0.39999999999999997
3,331,1,7000000,170.41089196409953,1586253.4068626596,7000000000,996377,997777,990001,7776,4413,1400,0,1.3238742252118747,1.3238742252118747
3,285,0,4000000,192.82952315452104,0,3000000000,995001,998001,852001,146000,0,3000,0.3,0,0.3
3,330,1,9000000,185.4132209417656,1135430.489374655,5000000000,997777,998777,987001,11776,7927,1000,0,2.3779527018752513,2.3779527018752513
3,333,1,2000000,146.29914695581786,2893602.7607299685,6000000000,998777,999977,996001,3976,691,1200,0,0.20735396307426737,0.20735396307426737
4,3,0,8000000,199.3570989455856,0,3000000000,6001,9001,6001,3000,0,3000,0.3,0,0.3
4,2,1,4000000,213.06791640225893,653289.2305637868,8000000000,9124,10724,3001,7723,6123,1600,0,1.8368586896257317,1.8368586896257317
4,1,1,8000000,218.64258917237515,589428.5986418482,3000000000,13573,14173,1,14172,13572,600,0,4.071739996209958,4.071739996209958
4,4,0,3000000,186.87452902950687,0,6000000000,9001,15001,9001,6000,0,6000,0.6,0,0.6
4,7,1,3000000,179.66557377527843,1286494.2553212661,7000000000,20333,21733,18001,3732,2332,1400,0,0.699575607335495,0.699575607335495
4,5,0,9000000,179.05946386605765,0,8000000000,15001,23001,12001,11000,0,8000,0.7999999999999999,0,0.7999999999999999
4,6,1,9000000,176.58283155505242,1377836.250143865,8000000000,21733,23333,15001,8332,6532,1600,0,1.9595942549182337,1.9595942549182337
4,9,0,2000000,200.92013263981295,0,3000000000,24001,27001,24001,3000,0,3000,0.3,0,0.3
4,8,1,7000000,187.98747006117193,1074954.9092548408,7000000000,27513,28913,21001,7912,6512,1400,0,1.953570314363903,1.953570314363903
4,10,0,6000000,217.52034433588042,0,9000000000,27001,36001,27001,9000,0,9000,0.8999999999999999,0,0.8999999999999999
4,12,1,2000000,227.95178481424534,499195.0084397288,9000000000,37007,38807,33001,5806,4006,1800,0,1.201935095215284,1.201935095215284
4,14,1,2000000,193.67189780657384,954995.6366907427,3000000000,41095,41695,39001,2694,2094,600,0,0.6282751218415239,0.6282751218415239
4,13,0,10000000,209.16567237479478,0,6000000000,36001,42001,36001,6000,0,6000,0.6,0,0.6
4,15,1,4000000,182.45492292618474,1210250.19770478,3000000000,45306,45906,42001,3905,3305,600,0,0.991530513505208,0.991530513505208
4,11,1,6000000,236.91927443751803,428011.22633488383,10000000000,44019,46019,30001,16018,14018,2000,0,4.205497167477675,4.205497167477675
4,16,0,3000000,176.2890467385878,0,4000000000,45001,49001,45001,4000,0,4000,0.39999999999999997,0,0.39999999999999997
4,17,0,4000000,175.60692839406988,0,4000000000,49001,53001,48001,5000,0,4000,0.39999999999999997,0,0.39999999999999997
4,18,0,9000000,180.47075885029133,0,6000000000,53001,59001,51001,8000,0,6000,0.6,0,0.6
4,19,0,2000000,190.5755671643141,0,7000000000,59001,66001,54001,12000,0,7000,0.7,0,0.7
4,20,0,8000000,205.36544840844087,0,3000000000,66001,69001,57001,12000,0,3000,0.3,0,0.3
4,22,0,10000000,240.62795057931234,0,2000000000,69001,71001,63001,8000,0,2000,0.19999999999999998,0,0.19999999999999998
4,21,1,5000000,223.61109543133145,538950.6567571157,9000000000,69278,71078,60001,11077,9277,1800,0,2.783186143654691,2.783186143654691
4,23,1,3000000,223.17800070795514,543130.6011137002,10000000000,71525,73525,66001,7524,5524,2000,0,1.657060011265305,1.657060011265305
4,24,0,10000000,205.6257576277836,0,7000000000,71001,78001,69001,9000,0,7000,0.7,0,0.7
4,26,0,2000000,171.5400944385889,0,3000000000,78001,81001,75001,6000,0,3000,0.3,0,0.3
4,27,1,5000000,158.39679321248897,2117245.1345495684,8000000000,80451,82051,78001,4050,2362,1600,0,0.7084677988026721,0.7084677988026721
4,25,1,10000000,187.67957187717582,1081973.5965448571,5000000000,82051,83051,72001,11050,9242,1000,0,2.772710914185071,2.772710914185071
4,28,0,9000000,147.46926798489235,0,5000000000,81001,86001,81001,5000,0,5000,0.49999999999999994,0,0.49999999999999994
4,29,1,5000000,140.25455892768687,3413206.6176127344,6000000000,85466,86666,84001,2665,1465,1200,0,0.43946943975197444,0.43946943975197444
4,30,1,6000000,137.39902255838652,3698536.990701233,8000000000,88623,90223,87001,3222,1622,1600,0,0.48667892318652317,0.48667892318652317
4,31,0,8000000,139.3392137913804,0,2000000000,90001,92001,90001,2000,0,2000,0.19999999999999998,0,0.19999999999999998
4,32,1,7000000,142.60337478475043,3198616.8863390135,7000000000,95189,96589,93001,3588,2188,1400,0,0.6565337690077543,0.6565337690077543
4,33,1,10000000,160.39771725308316,2014991.570849923,4000000000,100964,101764,96001,5763,4963,800,0,1.4888399750151813,1.4888399750151813
4,35,1,2000000,124.81518577480873,5368048.876353796,4000000000,103522,104322,102001,2321,373,800,0,0.1117724547261472,0.1117724547261472
4,34,0,9000000,149.69513552550728,0,7000000000,99001,106001,99001,7000,0,7000,0.7,0,0.7
4,37,1,4000000,151.13302815731578,2546939.7265242687,6000000000,109572,110772,108001,2771,1571,1200,0,0.47115367022744725,0.47115367022744725
4,36,0,2000000,100.04840678391639,0,6000000000,106001,112001,105001,7000,0,6000,0.6,0,0.6
4,38,0,3000000,161.62960279602254,0,6000000000,112001,118001,111001,7000,0,6000,0.6,0,0.6
4,39,0,6000000,146.4108004895814,0,2000000000,118001,120001,114001,6000,0,2000,0.19999999999999998,0,0.19999999999999998
4,40,1,5000000,115.7632592837641,7163418.989994845,8000000000,120066,121666,117001,4665,698,1600,0,0.20939721690090327,0.20939721690090327
4,41,1,2000000,85.5271114910354,21670286.71156559,5000000000,121666,122666,120001,2665,92,1000,0,0.027687681662272406,0.027687681662272406
4,42,1,5000000,69.23449429294621,43039778.64598587,4000000000,123117,123917,123001,916,116,800,0,0.034851480355833526,0.034851480355833526
4,43,0,8000000,73.38480769205574,0,8000000000,126001,134001,126001,8000,0,8000,0.7999999999999999,0,0.7999999999999999
4,45,1,3000000,109.39957769571146,8873549.830567306,9000000000,133317,135117,132001,3116,338,1800,0,0.1014250234894394,0.1014250234894394
4,46,1,2000000,130.6768510486842,4495199.836413303,9000000000,135717,137517,135001,2516,445,1800,0,0.1334757122786196,0.1334757122786196
4,44,0,7000000,92.88830281580134,0,5000000000,134001,139001,129001,10000,0,5000,0.49999999999999994,0,0.49999999999999994
4,47,1,8000000,164.46658019184326,1825277.6981273775,8000000000,143014,144614,138001,6613,4383,1600,0,1.31486841835752,1.31486841835752
4,48,0,2000000,189.22027190552288,0,7000000000,141001,148001,141001,7000,0,7000,0.7,0,0.7
4,50,1,2000000,190.65249854119403,1016511.3058772117,3000000000,151070,151670,147001,4669,1968,600,0,0.5902541334571996,0.5902541334571996
4,51,1,3000000,166.80610300585525,1726200.8466513674,6000000000,151739,152939,150001,2938,1738,1200,0,0.5213761780651986,0.5213761780651986
4,49,1,5000000,218.26073398575377,593547.3756983329,2000000000,153014,153414,144001,9413,8424,400,0,2.527178219321058,2.527178219321058
4,52,0,6000000,139.33666602872339,0,10000000000,153001,163001,153001,10000,0,10000,0.9999999999999999,0,0.9999999999999999
4,55,1,8000000,78.19628763566723,29319435.60089509,9000000000,162274,164074,162001,2073,273,1800,0,0.08185696452924662,0.08185696452924662
4,53,0,6000000,113.41044043649593,0,4000000000,163001,167001,156001,11000,0,4000,0.39999999999999997,0,0.39999999999999997
4,56,1,10000000,68.80335020912864,43855282.54710552,10000000000,165229,167229,165001,2228,228,2000,0,0.0684068104401713,0.0684068104401713
4,54,0,8000000,91.39421535305179,0,10000000000,167001,177001,159001,18000,0,10000,0.9999999999999999,0,0.9999999999999999
4,58,1,6000000,85.84191167489224,21396702.097872697,8000000000,178029,179629,171001,8628,280,1600,0,0.08412511385008999,0.08412511385008999
4,59,1,2000000,92.26065900480006,16601456.762977444,8000000000,180029,181629,174001,7628,120,1600,0,0.03614140665884498,0.03614140665884498
4,60,1,2000000,114.77240260620147,7401580.153741008,10000000000,181629,183629,177001,6628,270,2000,0,0.08106377118631078,0.08106377118631078
4,57,0,8000000,72.20562374219894,0,9000000000,177001,186001,168001,18000,0,9000,0.8999999999999999,0,0.8999999999999999
4,61,0,6000000,135.79848784136,0,8000000000,186001,194001,180001,14000,0,8000,0.7999999999999999,0,0.7999999999999999
4,62,0,4000000,136.7228561726239,0,7000000000,194001,201001,183001,18000,0,7000,0.7,0,0.7
4,63,0,7000000,136.7228561726239,0,3000000000,201001,204001,186001,18000,0,3000,0.3,0,0.3
4,64,1,6000000,136.7228561726239,3770352.86616931,8000000000,209629,211229,189001,22228,1591,1600,0,0.47740889616753707,0.47740889616753707
4,65,0,6000000,136.7228561726239,0,8000000000,204001,212001,192001,20000,0,8000,0.7999999999999999,0,0.7999999999999999
4,66,0,10000000,136.7228561726239,0,8000000000,212001,220001,195001,25000,0,8000,0.7999999999999999,0,0.7999999999999999
4,75,1,2000000,161.2359872981215,1973976.948197538,6000000000,224570,225770,222001,3769,1013,1200,0,0.303954917278982,0.303954917278982
4,71,0,9000000,188.3723326287595,0,6000000000,220001,226001,210001,16000,0,6000,0.6,0,0.6
4,67,1,4000000,144.45870863329768,3040780.5996291046,8000000000,224829,226429,198001,28428,1315,1600,0,0.39463550910130396,0.39463550910130396
4,72,0,2000000,185.66820837181578,0,2000000000,226001,228001,213001,15000,0,2000,0.19999999999999998,0,0.19999999999999998
4,74,1,10000000,173.85181304777925,1465580.280018182,10000000000,227570,229570,219001,10569,6823,2000,0,2.046970773899047,2.046970773899047
4,68,1,4000000,157.61006313049938,2159205.4812231823,4000000000,232029,232829,201001,31828,1853,800,0,0.5557599822876534,0.5557599822876534
4,73,0,4000000,183.3665891049948,0,6000000000,228001,234001,216001,18000,0,6000,0.6,0,0.6
4,69,1,5000000,178.05766734403772,1333164.349607616,6000000000,235829,237029,204001,33028,3750,1200,0,1.1251425980911416,1.1251425980911416
4,76,0,4000000,154.68384918924147,0,10000000000,234001,244001,225001,19000,0,10000,0.9999999999999999,0,0.9999999999999999
4,82,1,6000000,130.13376579504646,4568368.10912973,10000000000,245221,247221,243001,4220,1313,2000,0,0.3940137828216515,0.3940137828216515
4,77,0,2000000,157.6211740217665,0,4000000000,244001,248001,228001,20000,0,4000,0.39999999999999997,0,0.39999999999999997
4,84,1,6000000,156.57318320836427,2216093.6315044705,9000000000,251708,253508,249001,4507,2707,1800,0,0.8122400490713964,0.8122400490713964
4,70,1,10000000,203.71433773792165,781098.7922629876,6000000000,255229,256429,207001,49428,12802,1200,0,3.840743360143274,3.840743360143274
4,78,0,5000000,169.27700759406164,0,9000000000,248001,257001,231001,26000,0,9000,0.8999999999999999,0,0.8999999999999999
4,79,0,8000000,159.73429500266997,0,6000000000,257001,263001,234001,29000,0,6000,0.6,0,0.6
4,86,1,5000000,200.47425695086142,832535.5234385092,8000000000,261976,263576,255001,8575,6006,1600,0,1.8017249207634436,1.8017249207634436
4,80,0,6000000,135.10668266225767,0,2000000000,263001,265001,237001,28000,0,2000,0.19999999999999998,0,0.19999999999999998
4,87,1,6000000,222.78491892406004,546959.4228092436,8000000000,269740,271340,258001,13339,10970,1600,0,3.290920541701252,3.290920541701252
4,81,0,3000000,124.6586804037328,0,7000000000,265001,272001,240001,32000,0,7000,0.7,0,0.7
4,88,1,5000000,237.99515163128848,420346.45841315005,3000000000,273340,273940,261001,12939,11895,600,0,3.568484924703898,3.568484924703898
4,83,0,9000000,142.34388571343695,0,9000000000,272001,281001,246001,35000,0,9000,0.8999999999999999,0,0.8999999999999999
4,91,1,10000000,196.39657252610087,903416.0595967417,2000000000,287940,288340,270001,18339,11069,400,0,3.320729101649036,3.320729101649036
4,85,0,5000000,177.1318345188126,0,9000000000,281001,290001,252001,38000,0,9000,0.8999999999999999,0,0.8999999999999999
4,94,1,6000000,192.2539367607332,983289.6996903837,9000000000,290740,292540,279001,13539,6102,1800,0,1.8305897036923913,1.8305897036923913
4,89,0,7000000,224.7863690262379,0,5000000000,290001,295001,264001,31000,0,5000,0.49999999999999994,0,0.49999999999999994
4,93,1,8000000,200.03459300830943,839836.5566637967,10000000000,297940,299940,276001,23939,9526,2000,0,2.8576988950491327,2.8576988950491327
4,90,0,2000000,208.80390082563113,0,8000000000,295001,303001,267001,36000,0,8000,0.7999999999999999,0,0.7999999999999999
4,96,1,5000000,200.25798585824236,836116.9851444624,3000000000,302540,303140,285001,18139,5980,600,0,1.7940073298963461,1.7940073298963461
4,98,1,2000000,187.0848930298756,1095691.7701546056,8000000000,305340,306940,291001,15939,1825,1600,0,0.547599257695746,0.547599257695746
4,92,0,10000000,190.9989931910637,0,6000000000,303001,309001,273001,36000,0,6000,0.6,0,0.6
4,95,0,7000000,192.84230370953364,0,2000000000,309001,311001,282001,29000,0,2000,0.19999999999999998,0,0.19999999999999998
4,97,0,3000000,208.12056722006113,0,3000000000,311001,314001,288001,26000,0,3000,0.3,0,0.3
4,99,1,8000000,159.72275010154314,2048786.1989093574,8000000000,312540,314140,294001,20139,3905,1600,0,1.1714253060068476,1.1714253060068476
4,100,0,4000000,134.58048484085649,0,4000000000,314001,318001,297001,21000,0,4000,0.39999999999999997,0,0.39999999999999997
4,102,1,7000000,84.99378094896117,22142995.415482864,8000000000,320140,321740,303001,18739,316,1600,0,0.09483811745413787,0.09483811745413787
4,101,0,10000000,109.98609957626464,0,6000000000,318001,324001,300001,24000,0,6000,0.6,0,0.6
4,103,0,10000000,67.33852537737968,0,2000000000,324001,326001,306001,20000,0,2000,0.19999999999999998,0,0.19999999999999998
4,105,1,5000000,88.13506056048296,19519442.441865765,6000000000,327140,328340,312001,16339,256,1200,0,0.07684645729340939,0.07684645729340939
4,106,1,7000000,113.04096956413636,7841227.808034533,5000000000,331540,332540,315001,17539,893,1000,0,0.26781520080926996,0.26781520080926996
4,104,0,7000000,69.68469846386654,0,8000000000,326001,334001,309001,25000,0,8000,0.7999999999999999,0,0.7999999999999999
4,107,1,4000000,141.00304819400182,3342948.375022942,6000000000,335140,336340,318001,18339,1197,1200,0,0.3589645622307178,0.3589645622307178
4,111,0,5000000,174.0341161956471,0,5000000000,334001,339001,330001,9000,0,5000,0.49999999999999994,0,0.49999999999999994
4,108,1,5000000,169.03846574078932,1637811.864852851,9000000000,340140,341940,321001,20939,3053,1800,0,0.915856107889881,0.915856107889881
4,113,0,3000000,208.5287136103803,0,6000000000,339001,345001,336001,9000,0,6000,0.6,0,0.6
4,110,1,5000000,174.0341161956471,1459510.6694019756,4000000000,345540,346340,327001,19339,3426,800,0,1.0277417160743434,1.0277417160743434
4,115,0,3000000,168.71608725904002,0,3000000000,345001,348001,342001,6000,0,3000,0.3,0,0.3
4,109,1,10000000,174.0341161956471,1459510.6694019756,9000000000,346340,348140,324001,24139,6852,1800,0,2.055483432148687,2.055483432148687
4,116,0,3000000,165.12607062484105,0,5000000000,348001,353001,345001,8000,0,5000,0.49999999999999994,0,0.49999999999999994
4,112,1,7000000,183.05062960831356,1194701.8407489285,9000000000,352940,354740,333001,21739,5859,1800,0,1.7577607469689365,1.7577607469689365
4,117,0,8000000,165.12607062484105,0,5000000000,353001,358001,348001,10000,0,5000,0.49999999999999994,0,0.49999999999999994
4,119,0,10000000,149.7822502835366,0,2000000000,358001,360001,354001,6000,0,2000,0.19999999999999998,0,0.19999999999999998
4,120,0,3000000,126.0344528293752,0,10000000000,360001,370001,357001,13000,0,10000,0.9999999999999999,0,0.9999999999999999
4,114,1,9000000,196.53424561638104,900903.0560114225,4000000000,370029,370829,339001,31828,9990,800,0,2.996992830675631,2.996992830675631
4,118,1,7000000,164.02476398397897,1844773.1699464065,2000000000,370829,371229,351001,20228,3795,400,0,1.1383513345768186,1.1383513345768186
4,121,1,6000000,104.66140883821507,10473452.559238374,3000000000,371229,371829,360001,11828,573,600,0,0.1718630976575403,0.1718630976575403
4,122,1,8000000,85.84064887918775,21397791.61411442,6000000000,371829,373029,363001,10028,374,1200,0,0.11216110724327791,0.11216110724327791
4,124,1,9000000,73.5898471258094,35655612.05956116,5000000000,373029,374029,369001,5028,252,1000,0,0.07572440477223519,0.07572440477223519
4,126,1,5000000,66.97865704834634,47491905.27846569,8000000000,375106,376706,375001,1705,105,1600,0,0.0315843298179942,0.0315843298179942
4,123,0,7000000,77.73622064391861,0,8000000000,370001,378001,366001,12000,0,8000,0.7999999999999999,0,0.7999999999999999
4,127,1,3000000,77.24027770535265,30524419.85540571,7000000000,379027,380427,378001,2426,98,1400,0,0.029484589855050588,0.029484589855050588
4,125,0,7000000,66.00694811911845,0,10000000000,378001,388001,372001,16000,0,10000,0.9999999999999999,0,0.9999999999999999
4,128,0,8000000,87.83643036918113,0,6000000000,388001,394001,381001,13000,0,6000,0.6,0,0.6
4,132,1,9000000,171.2728948199335,1554898.852095896,9000000000,399727,401527,393001,8526,5788,1800,0,1.7364473556338325,1.7364473556338325
4,129,0,8000000,104.87553098792874,0,9000000000,394001,403001,384001,19000,0,9000,0.8999999999999999,0,0.8999999999999999
4,135,1,8000000,193.18410390091623,964613.316486437,6000000000,410294,411494,402001,9493,8293,1200,0,2.4880436118608626,2.4880436118608626
4,130,0,3000000,126.30831524488005,0,10000000000,403001,413001,387001,26000,0,10000,0.9999999999999999,0,0.9999999999999999
4,131,0,9000000,149.14319193312178,0,3000000000,413001,416001,390001,26000,0,3000,0.3,0,0.3
4,137,1,5000000,212.7990437008588,656582.2213601718,8000000000,418183,419783,408001,11782,7615,1600,0,2.284557746465643,2.284557746465643
4,133,0,4000000,195.55164151701717,0,10000000000,416001,426001,396001,30000,0,10000,0.9999999999999999,0,0.9999999999999999
4,140,1,5000000,214.5642095038219,635334.9388503784,7000000000,424871,426271,417001,9270,7870,1400,0,2.3609594062530386,2.3609594062530386
4,143,1,2000000,163.4057137923886,1872525.7722756895,8000000000,427671,429271,426001,3270,1068,1600,0,0.3204228261546527,0.3204228261546527
4,141,1,8000000,195.36960689933323,922439.783431527,5000000000,429271,430271,420001,10270,8673,1000,0,2.6017958495587292,2.6017958495587292
4,139,1,7000000,230.5856066626883,476848.90223838895,5000000000,430271,431271,414001,17270,14680,1000,0,4.403910735963394,4.403910735963394
4,144,1,2000000,150.8992438682182,2562482.3657399933,9000000000,431271,433071,429001,4070,780,1800,0,0.23414795279058714,0.23414795279058714
4,134,0,3000000,215.89313212791188,0,8000000000,426001,434001,399001,35000,0,8000,0.7999999999999999,0,0.7999999999999999
4,142,1,10000000,177.80874247347907,1340576.4516689077,8000000000,433071,434671,423001,11670,7459,1600,0,2.2378432772448345,2.2378432772448345
4,145,1,4000000,142.08099274709477,3244869.5125906174,6000000000,434671,435871,432001,3870,1233,1200,0,0.3698145627563162,0.3698145627563162
4,146,1,6000000,137.69326054676748,3667812.1210063407,3000000000,436637,437237,435001,2236,1636,600,0,0.49075578045315266,0.49075578045315266
4,147,1,3000000,138.36489222342493,3598848.179069288,8000000000,438835,440435,438001,2434,834,1600,0,0.25008001316486556,0.25008001316486556
4,136,0,2000000,195.9243080886085,0,9000000000,434001,443001,405001,38000,0,9000,0.8999999999999999,0,0.8999999999999999
4,148,1,8000000,140.64673263179628,3376169.9637570195,7000000000,443371,444771,441001,3770,2370,1400,0,0.7108646856538192,0.7108646856538192
4,149,1,4000000,155.76936316233687,2261476.7598597696,7000000000,445770,447170,444001,3169,1769,1400,0,0.5306267220161086,0.5306267220161086
4,150,1,3000000,153.61595001821914,2388853.734946732,10000000000,448257,450257,447001,3256,1256,2000,0,0.37674973014623214,0.37674973014623214
4,138,0,9000000,233.02734345994674,0,10000000000,443001,453001,411001,42000,0,10000,0.9999999999999999,0,0.9999999999999999
4,151,1,8000000,127.84251327316747,4893618.166389808,5000000000,453257,454257,450001,4256,1635,1000,0,0.49043466784629897,0.49043466784629897
4,152,1,4000000,102.17229614724337,11452046.73367108,9000000000,454257,456057,453001,3056,349,1800,0,0.10478476275090494,0.10478476275090494
4,153,0,2000000,76.74338017053981,0,10000000000,456001,466001,456001,10000,0,10000,0.9999999999999999,0,0.9999999999999999
4,155,1,5000000,149.51650209926663,2656848.817871191,10000000000,464489,466489,462001,4488,1882,2000,0,0.5645786052673784,0.5645786052673784
4,158,1,5000000,73.12728697278465,36370633.44248837,2000000000,471138,471538,471001,537,137,400,0,0.04124206421567824,0.04124206421567824
4,154,0,3000000,160.7056769376863,0,8000000000,466001,474001,459001,15000,0,8000,0.7999999999999999,0,0.7999999999999999
4,160,1,7000000,79.39424790247719,27883724.07135058,2000000000,477252,477652,477001,651,251,400,0,0.07531275214983449,0.07531275214983449
4,156,0,8000000,122.75831947367153,0,6000000000,474001,480001,465001,15000,0,6000,0.6,0,0.6
4,157,0,10000000,96.13915799506466,0,3000000000,480001,483001,468001,15000,0,3000,0.3,0,0.3
4,159,0,4000000,68.9805661037948,0,6000000000,483001,489001,474001,15000,0,6000,0.6,0,0.6
4,161,0,6000000,99.28369705042212,0,6000000000,489001,495001,480001,15000,0,6000,0.6,0,0.6
4,165,1,10000000,187.16523849262177,1093825.7500060566,2000000000,501143,501543,492001,9542,9142,400,0,2.7426671935483222,2.7426671935483222
4,162,0,9000000,111.98894811542793,0,9000000000,495001,504001,483001,21000,0,9000,0.8999999999999999,0,0.8999999999999999
4,168,1,6000000,180.4898058063114,1263358.0945823812,5000000000,505750,506750,501001,5749,4749,1000,0,1.4247741853389655,1.4247741853389655
4,163,0,3000000,133.92681284940673,0,3000000000,504001,507001,486001,21000,0,3000,0.3,0,0.3
4,170,1,3000000,202.2565820931423,803736.0104646782,6000000000,510734,511934,507001,4933,3733,1200,0,1.1197706563871228,1.1197706563871228
4,169,1,9000000,188.5916575567435,1061346.0734271158,10000000000,512481,514481,504001,10480,8480,2000,0,2.5439393121619847,2.5439393121619847
4,164,0,7000000,163.81263931699533,0,10000000000,507001,517001,489001,28000,0,10000,0.9999999999999999,0,0.9999999999999999
4,166,0,3000000,182.87649958373544,0,4000000000,517001,521001,495001,26000,0,4000,0.39999999999999997,0,0.39999999999999997
4,171,1,6000000,220.36255058425877,571312.4608362411,7000000000,520586,521986,510001,11985,10502,1400,0,3.1506401897226346,3.1506401897226346
4,167,0,4000000,178.51417534750567,0,4000000000,521001,525001,498001,27000,0,4000,0.39999999999999997,0,0.39999999999999997
4,173,0,8000000,226.94719319700786,0,3000000000,525001,528001,516001,12000,0,3000,0.3,0,0.3
4,174,0,7000000,208.27719270241758,0,3000000000,528001,531001,519001,12000,0,3000,0.3,0,0.3
4,175,1,7000000,193.43708693009205,959610.3529008377,10000000000,531458,533458,522001,11457,7295,2000,0,2.1883882282551883,2.1883882282551883
4,172,1,8000000,241.84127356594863,394308.919910155,4000000000,533290,534090,513001,21089,20289,800,0,6.086598295942304,6.086598295942304
4,176,0,6000000,183.6905781470569,0,4000000000,531001,535001,525001,10000,0,4000,0.39999999999999997,0,0.39999999999999997
4,177,1,6000000,179.81847541340125,1282162.7608589542,4000000000,535458,536258,528001,8257,4680,800,0,1.4038779279427311,1.4038779279427311
4,178,1,4000000,170.3512621027505,1588451.2974195315,3000000000,539258,539858,531001,8857,2518,600,0,0.7554528124025094,0.7554528124025094
4,179,0,2000000,143.57898523112635,0,6000000000,535001,541001,534001,7000,0,6000,0.6,0,0.6
4,180,1,4000000,116.75144196111673,6935101.490113337,9000000000,543058,544858,537001,7857,577,1800,0,0.17303279580128958,0.17303279580128958
4,181,1,2000000,90.03981397137605,18103824.292455405,2000000000,547458,547858,540001,7857,110,400,0,0.03314216876541628,0.03314216876541628
4,184,1,5000000,108.52520306362017,9145389.31260408,2000000000,549548,549948,549001,947,547,400,0,0.16401707447628452,0.16401707447628452
4,182,0,10000000,158.01476671501308,0,8000000000,543001,551001,543001,8000,0,8000,0.7999999999999999,0,0.7999999999999999
4,183,0,2000000,134.295085911585,0,10000000000,551001,561001,546001,15000,0,10000,0.9999999999999999,0,0.9999999999999999
4,188,1,6000000,98.40136686042527,13150799.924123218,7000000000,562253,563653,561001,2652,456,1400,0,0.13687380314395653,0.13687380314395653
4,185,0,9000000,84.78587264397298,0,5000000000,561001,566001,552001,14000,0,5000,0.49999999999999994,0,0.49999999999999994
4,189,1,5000000,116.06747175673297,7092171.7745892815,2000000000,567253,567653,564001,3652,705,400,0,0.2115007994271074,0.2115007994271074
4,186,0,7000000,78.44476528105615,0,8000000000,566001,574001,555001,19000,0,8000,0.7999999999999999,0,0.7999999999999999
4,187,0,10000000,85.10917988090355,0,5000000000,574001,579001,558001,21000,0,5000,0.49999999999999994,0,0.49999999999999994
4,191,1,9000000,156.83323021604832,2201653.5049717417,3000000000,579053,579653,570001,9652,4088,600,0,1.226351010230674,1.226351010230674
4,193,1,7000000,165.80893854071923,1767592.7404885623,9000000000,579961,581761,576001,5760,3960,1800,0,1.1880564747168856,1.1880564747168856
4,192,1,6000000,179.7684824990187,1283576.9938935072,5000000000,581653,582653,573001,9652,4674,1000,0,1.402331148472842,1.402331148472842
4,194,1,6000000,143.3944019130454,3130115.5426875,5000000000,581761,582761,579001,3760,1917,1000,0,0.5750586441465768,0.5750586441465768
4,190,0,4000000,135.11240357568954,0,4000000000,579001,583001,567001,16000,0,4000,0.39999999999999997,0,0.39999999999999997
4,195,1,10000000,122.39493821232962,5788299.034605727,7000000000,587561,588961,582001,6960,1728,1400,0,0.5182869755111653,0.5182869755111653
4,196,1,5000000,104.80898100830868,10418642.958690684,4000000000,590561,591361,585001,6360,480,800,0,0.1439726849213869,0.1439726849213869
4,197,1,8000000,89.44959753962007,18529343.276739333,7000000000,591361,592761,588001,4760,432,1400,0,0.12952428826837167,0.12952428826837167
4,198,0,7000000,79.79233171176293,0,2000000000,591001,593001,591001,2000,0,2000,0.19999999999999998,0,0.19999999999999998
4,199,0,8000000,77.98709957422449,0,8000000000,594001,602001,594001,8000,0,8000,0.7999999999999999,0,0.7999999999999999
4,200,0,6000000,84.52126359680153,0,7000000000,602001,609001,597001,12000,0,7000,0.7,0,0.7
4,204,1,2000000,149.467953086941,2660239.5006876444,6000000000,611596,612796,609001,3795,752,1200,0,0.2255436023128392,0.2255436023128392
4,205,1,4000000,172.190684126639,1522356.6181555777,4000000000,614629,615429,612001,3428,2628,800,0,0.7882515737041094,0.7882515737041094
4,201,0,5000000,97.45430980721171,0,9000000000,609001,618001,600001,18000,0,9000,0.8999999999999999,0,0.8999999999999999
4,202,0,5000000,109.40365258984731,0,4000000000,618001,622001,603001,19000,0,4000,0.39999999999999997,0,0.39999999999999997
4,206,1,7000000,171.29244495890646,1554196.703175071,7000000000,621905,623305,615001,8304,4504,1400,0,1.3511803208113276,1.3511803208113276
4,203,0,2000000,127.98075636594746,0,2000000000,622001,624001,606001,18000,0,2000,0.19999999999999998,0,0.19999999999999998
4,207,1,8000000,154.98340362761428,2306969.5361513,6000000000,625305,626505,618001,8504,3468,1200,0,1.0403258310917716,1.0403258310917716
4,208,1,3000000,145.19722896804885,2980636.3794981916,7000000000,627305,628705,621001,7704,1006,1400,0,0.30194894157183993,0.30194894157183993
4,209,0,6000000,138.92039231156812,0,8000000000,624001,632001,624001,8000,0,8000,0.7999999999999999,0,0.7999999999999999
4,210,1,4000000,151.53682390759022,2520367.8972726464,3000000000,632505,633105,627001,6104,1587,600,0,0.47612096682335553,0.47612096682335553
4,211,1,10000000,143.93127283533622,3084653.101981655,5000000000,636105,637105,630001,7104,3242,1000,0,0.9725566865436921,0.9725566865436921
4,212,1,3000000,138.05591982961104,3630373.705940485,5000000000,637105,638105,633001,5104,826,1000,0,0.24790836230642155,0.24790836230642155
4,213,1,7000000,135.4706233838171,3907942.0175010925,4000000000,639105,639905,636001,3904,1791,800,0,0.5373672358994802,0.5373672358994802
4,214,1,10000000,142.32281089129742,3223356.6633241293,4000000000,643110,643910,639001,4909,3102,800,0,0.9307068107400223,0.9307068107400223
4,215,0,6000000,153.50999250863123,0,6000000000,642001,648001,642001,6000,0,6000,0.6,0,0.6
4,216,0,8000000,170.37294738308657,0,4000000000,648001,652001,645001,7000,0,4000,0.39999999999999997,0,0.39999999999999997
4,217,1,4000000,191.47814757825498,999211.7829900072,7000000000,653640,655040,648001,7039,4003,1400,0,1.2009466065433707,1.2009466065433707
4,221,0,4000000,207.20458923489127,0,3000000000,660001,663001,660001,3000,0,3000,0.3,0,0.3
4,219,1,3000000,234.5297859547908,445668.0507680772,2000000000,664512,664912,654001,10911,6731,400,0,2.019440250313914,2.019440250313914
4,218,1,7000000,213.76301948653327,644870.9486765029,8000000000,664912,666512,651001,15511,10855,1600,0,3.2564655057107514,3.2564655057107514
4,222,1,4000000,192.6370060502395,975544.1875850671,4000000000,667101,667901,663001,4900,4100,800,0,1.2300826710582604,1.2300826710582604
4,224,1,6000000,191.88451735353735,990831.8621071909,6000000000,675057,676257,669001,7256,6056,1200,0,1.8166553467224604,1.8166553467224604
4,220,1,10000000,230.13088210842102,480616.4196669822,10000000000,677808,679808,657001,22807,20807,2000,0,6.241983996465813,6.241983996465813
4,226,0,4000000,139.9200378787827,0,5000000000,675001,680001,675001,5000,0,5000,0.49999999999999994,0,0.49999999999999994
4,223,1,9000000,216.42956845126312,613804.9608617746,4000000000,680664,681464,666001,15463,14663,800,0,4.398791427506929,4.398791427506929
4,225,1,9000000,167.7727093421335,1687219.580070946,3000000000,681457,682057,672001,10056,5334,600,0,1.600265923826268,1.600265923826268
4,227,0,6000000,113.45820904632684,0,5000000000,680001,685001,678001,7000,0,5000,0.49999999999999994,0,0.49999999999999994
4,229,1,10000000,77.83028330926211,29774392.510575082,6000000000,684728,685928,684001,1927,336,1200,0,0.10075772323262276,0.10075772323262276
4,230,1,8000000,68.65964535300193,44130728.271459445,3000000000,687182,687782,687001,781,181,600,0,0.05438387477398931,0.05438387477398931
4,228,0,4000000,91.34028081848668,0,4000000000,685001,689001,681001,8000,0,4000,0.39999999999999997,0,0.39999999999999997
4,231,0,4000000,72.87422109360759,0,4000000000,690001,694001,690001,4000,0,4000,0.39999999999999997,0,0.39999999999999997
4,232,1,10000000,85.09866332675263,22049109.055002365,5000000000,693455,694455,693001,1454,454,1000,0,0.1360599193607498,0.1360599193607498
4,233,1,9000000,94.01411649321605,15517576.791618967,5000000000,696670,697670,696001,1669,580,1000,0,0.17399623899127525,0.17399623899127525
4,234,0,2000000,117.6430167923281,0,5000000000,699001,704001,699001,5000,0,5000,0.49999999999999994,0,0.49999999999999994
4,235,0,7000000,136.51533613480942,0,4000000000,704001,708001,702001,6000,0,4000,0.39999999999999997,0,0.39999999999999997
4,236,1,10000000,136.7228561726239,3770352.86616931,3000000000,710980,711580,705001,6579,2652,600,0,0.7956814936125618,0.7956814936125618
4,239,1,3000000,136.7228561726239,3770352.86616931,2000000000,717380,717780,714001,3779,796,400,0,0.23870444808376853,0.23870444808376853
4,237,0,9000000,136.7228561726239,0,10000000000,708001,718001,708001,10000,0,10000,0.9999999999999999,0,0.9999999999999999
4,238,0,9000000,136.7228561726239,0,2000000000,718001,720001,711001,9000,0,2000,0.19999999999999998,0,0.19999999999999998
4,240,1,10000000,136.7228561726239,3770352.86616931,9000000000,719653,721453,717001,4452,2652,1800,0,0.7956814936125618,0.7956814936125618
4,241,1,3000000,136.7228561726239,3770352.86616931,5000000000,723253,724253,720001,4252,796,1000,0,0.23870444808376853,0.23870444808376853
4,242,1,4000000,136.7228561726239,3770352.86616931,9000000000,729453,731253,723001,8252,1061,1800,0,0.31827259744502473,0.31827259744502473
4,243,1,9000000,140.610658557593,3379556.0228465823,4000000000,734053,734853,726001,8852,2663,800,0,0.798921509733046,0.798921509733046
4,244,1,3000000,159.78143603059777,2045820.1310281465,10000000000,735853,737853,729001,8852,1466,2000,0,0.43992137253420044,0.43992137253420044
4,245,0,8000000,193.92234554068287,0,9000000000,732001,741001,732001,9000,0,9000,0.8999999999999999,0,0.8999999999999999
4,246,0,8000000,207.57209879942917,0,9000000000,741001,750001,735001,15000,0,9000,0.8999999999999999,0,0.8999999999999999
4,250,1,2000000,150.6327308389515,2580344.2641821653,4000000000,750377,751177,747001,4176,775,800,0,0.2325271121100458,0.2325271121100458
4,248,1,8000000,195.39467572070637,921969.49620686,7000000000,751177,752577,741001,11576,8677,1400,0,2.603122999051498,2.603122999051498
4,247,0,4000000,196.51949343512973,0,3000000000,750001,753001,738001,15000,0,3000,0.3,0,0.3
4,249,0,4000000,180.77631620320182,0,3000000000,753001,756001,744001,12000,0,3000,0.3,0,0.3
4,252,1,4000000,100.85107634527259,12015744.661173161,9000000000,755377,757177,753001,4176,333,1800,0,0.09986896641350879,0.09986896641350879
4,253,1,4000000,90.03930086356732,18104189.25701282,4000000000,757177,757977,756001,1976,221,800,0,0.06628300129679483,0.06628300129679483
4,251,0,6000000,120.03767950106335,0,3000000000,756001,759001,750001,9000,0,3000,0.3,0,0.3
4,254,0,10000000,89.64512981751994,0,6000000000,759001,765001,759001,6000,0,6000,0.6,0,0.6
4,256,1,8000000,117.81762389388102,6698598.5451440895,3000000000,766195,766795,765001,1794,1194,600,0,0.35828389831478924,0.35828389831478924
4,255,0,2000000,99.80073997721658,0,5000000000,765001,770001,762001,8000,0,5000,0.49999999999999994,0,0.49999999999999994
4,259,1,3000000,92.61292026493929,16376768.814477505,7000000000,774719,776119,774001,2118,183,1400,0,0.05495589576891235,0.05495589576891235
4,257,0,9000000,140.69515734381196,0,7000000000,770001,777001,768001,9000,0,7000,0.7,0,0.7
4,261,1,5000000,92.40596571650558,16508339.47921408,6000000000,780304,781504,780001,1503,303,1200,0,0.09086316657642488,0.09086316657642488
4,258,0,2000000,101.20800363607614,0,6000000000,777001,783001,771001,12000,0,6000,0.6,0,0.6
4,262,1,7000000,103.58509641835546,10883818.356656875,10000000000,784889,786889,783001,3888,643,2000,0,0.19294699076961128,0.19294699076961128
4,263,1,8000000,119.97801465268543,6248744.306644808,7000000000,788689,790089,786001,4088,1280,1400,0,0.3840771653030964,0.3840771653030964
4,260,0,10000000,88.44038217918327,0,10000000000,783001,793001,777001,16000,0,10000,0.9999999999999999,0,0.9999999999999999
4,264,1,4000000,139.75567895438093,3461047.107897475,7000000000,792889,794289,789001,5288,1156,1400,0,0.34671588180981994,0.34671588180981994
4,265,1,2000000,158.13381200742617,2131157.932754336,10000000000,795289,797289,792001,5288,938,2000,0,0.2815370887246035,0.2815370887246035
4,266,1,3000000,160.91816802337766,1989404.1967405712,3000000000,801489,802089,795001,7088,1508,600,0,0.45239675349763264,0.45239675349763264
4,268,0,4000000,173.11177545158503,0,2000000000,801001,803001,801001,2000,0,2000,0.19999999999999998,0,0.19999999999999998
4,267,1,5000000,164.78093093559093,1811562.1940513125,6000000000,802489,803689,798001,5688,2760,1200,0,0.8280146300941807,0.8280146300941807
4,269,1,3000000,173.91563155737322,1463451.9418703753,5000000000,811689,812689,804001,8688,2050,1000,0,0.614984321828668,0.614984321828668
4,270,1,3000000,173.91563155737322,1463451.9418703753,7000000000,815289,816689,807001,9688,2050,1400,0,0.614984321828668,0.614984321828668
4,271,1,4000000,173.91563155737322,1463451.9418703753,3000000000,817089,817689,810001,7688,2733,600,0,0.8199790957715574,0.8199790957715574
4,272,1,4000000,173.91563155737322,1463451.9418703753,8000000000,817689,819289,813001,6288,2733,1600,0,0.8199790957715574,0.8199790957715574
4,273,0,5000000,173.91563155737322,0,5000000000,816001,821001,816001,5000,0,5000,0.49999999999999994,0,0.49999999999999994
4,275,1,7000000,179.69519331356642,1285653.7550866418,8000000000,827446,829046,822001,7045,5445,1600,0,1.6334102332695932,1.6334102332695932
4,274,0,7000000,174.3564395140025,0,10000000000,821001,831001,819001,12000,0,10000,0.9999999999999999,0,0.9999999999999999
4,276,0,6000000,194.21231783797853,0,2000000000,831001,833001,825001,8000,0,2000,0.19999999999999998,0,0.19999999999999998
4,277,1,3000000,200.5368148246102,831503.1264141763,10000000000,831609,833609,828001,5608,3608,2000,0,1.082377169020655,1.082377169020655
4,279,1,5000000,158.52240220233858,2110639.615881195,3000000000,836370,836970,834001,2969,2369,600,0,0.7106850400767011,0.7106850400767011
4,278,0,4000000,177.67259693042143,0,7000000000,833001,840001,831001,9000,0,7000,0.7,0,0.7
4,280,0,7000000,143.30553827399692,0,3000000000,840001,843001,837001,6000,0,3000,0.3,0,0.3
4,281,0,7000000,119.90544316251868,0,4000000000,843001,847001,840001,7000,0,4000,0.39999999999999997,0,0.39999999999999997
4,282,1,8000000,98.25201982656644,13224023.399972048,9000000000,845896,847696,843001,4695,605,1800,0,0.1814878821225523,0.1814878821225523
4,283,1,5000000,79.78921230341855,27427758.000352632,7000000000,847696,849096,846001,3095,182,1400,0,0.05468912187356746,0.05468912187356746
4,284,0,2000000,77.51102760252891,0,4000000000,849001,853001,849001,4000,0,4000,0.39999999999999997,0,0.39999999999999997
4,285,1,10000000,69.90656621519896,41800567.18071883,6000000000,853896,855096,852001,3095,239,1200,0,0.07176936109574603,0.07176936109574603
4,286,0,4000000,65.18114144443925,0,3000000000,855001,858001,855001,3000,0,3000,0.3,0,0.3
4,287,0,3000000,71.24196305549134,0,3000000000,858001,861001,858001,3000,0,3000,0.3,0,0.3
4,288,1,2000000,80.99326206543361,26088630.769407883,6000000000,861078,862278,861001,1277,77,1200,0,0.022998523966369807,0.022998523966369807
4,289,1,10000000,96.75895204062512,13983235.906155398,3000000000,866278,866878,864001,2877,715,600,0,0.2145426151810401,0.2145426151810401
4,290,0,8000000,118.29822526141294,0,7000000000,867001,874001,867001,7000,0,7000,0.7,0,0.7
4,291,1,9000000,141.67473486828908,3281411.552013708,3000000000,874100,874700,870001,4699,2743,600,0,0.8228166315630503,0.8228166315630503
4,292,0,6000000,164.02795981173452,0,2000000000,874001,876001,873001,3000,0,2000,0.19999999999999998,0,0.19999999999999998
4,293,1,8000000,189.2139331550401,1047553.2198585055,8000000000,883638,885238,876001,9237,7637,1600,0,2.291053050578348,2.291053050578348
4,294,0,6000000,214.8737471167662,0,8000000000,879001,887001,879001,8000,0,8000,0.7999999999999999,0,0.7999999999999999
4,297,1,7000000,138.82428641992004,3552595.392954648,7000000000,889971,891371,888001,3370,1970,1400,0,0.5911171320451037,0.5911171320451037
4,298,1,9000000,111.47914064971975,8265195.048326491,9000000000,892090,893890,891001,2889,1089,1800,0,0.3266710566675238,0.3266710566675238
4,296,0,9000000,169.48030210027363,0,7000000000,887001,894001,885001,9000,0,7000,0.7,0,0.7
4,295,1,10000000,197.06949535633365,891215.2515572766,3000000000,894690,895290,882001,13289,11221,600,0,3.3661901485167705,3.3661901485167705
4,299,1,5000000,97.2730512526465,13716139.864676438,8000000000,895290,896890,894001,2889,365,1600,0,0.10936021466673669,0.10936021466673669
4,300,1,9000000,81.53438783728004,25510919.93772156,4000000000,897354,898154,897001,1153,353,800,0,0.10583703004797024,0.10583703004797024
4,301,1,2000000,67.11721165245169,47204935.67867649,8000000000,900043,901643,900001,1642,42,1600,0,0.012710535272925564,0.012710535272925564
4,302,1,2000000,68.34353005222945,44743108.957002066,6000000000,903046,904246,903001,1245,45,1200,0,0.013409886214581052,0.013409886214581052
4,303,1,2000000,84.48922594035291,22601093.93634626,5000000000,906089,907089,906001,1088,88,1000,0,0.026547387559639393,0.026547387559639393
4,304,1,4000000,109.1201173019898,8959361.082518104,2000000000,909447,909847,909001,846,446,400,0,0.13393812225533497,0.13393812225533497
4,305,1,5000000,74.99104613218843,33581682.87756188,3000000000,912150,912750,912001,749,149,600,0,0.04466720758066142,0.04466720758066142
4,306,1,2000000,87.09289580671893,20348026.49403039,6000000000,915099,916299,915001,1298,98,1200,0,0.029486889068874825,0.029486889068874825
4,307,1,2000000,113.69983157419355,7670294.866840173,6000000000,918262,919462,918001,1461,261,1200,0,0.07822385063628902,0.07822385063628902
4,308,0,3000000,117.1431338150043,0,6000000000,921001,927001,921001,6000,0,6000,0.6,0,0.6
4,309,0,5000000,107.1349840154933,0,8000000000,927001,935001,924001,11000,0,8000,0.7999999999999999,0,0.7999999999999999
4,312,1,4000000,124.40889759177195,5435925.852924184,9000000000,933737,935537,933001,2536,736,1800,0,0.2207535629564329,0.2207535629564329
4,313,1,2000000,109.56238861945278,8824013.69532181,4000000000,936278,937078,936001,1077,227,800,0,0.06799626799288622,0.06799626799288622
4,310,0,7000000,105.11238366624553,0,5000000000,935001,940001,927001,13000,0,5000,0.49999999999999994,0,0.49999999999999994
4,315,1,4000000,74.11202668933028,34866793.69515952,8000000000,945093,946693,942001,4692,115,1600,0,0.03441670061467664,0.03441670061467664
4,316,1,5000000,73.15017429917715,36334889.8342304,3000000000,946693,947293,945001,2292,138,600,0,0.04128263514334035,0.04128263514334035
4,311,0,3000000,111.55197757099604,0,8000000000,940001,948001,930001,18000,0,8000,0.7999999999999999,0,0.7999999999999999
4,317,1,2000000,78.84760808039775,28528866.874095377,5000000000,948071,949071,948001,1070,70,1000,0,0.02103132951785087,0.02103132951785087
4,314,0,6000000,89.3184650562245,0,3000000000,948001,951001,939001,12000,0,3000,0.3,0,0.3
4,318,0,4000000,94.10408705258239,0,3000000000,951001,954001,951001,3000,0,3000,0.3,0,0.3
4,319,1,10000000,111.87584949398152,8154932.845046852,4000000000,957071,957871,954001,3870,1226,800,0,0.36787550026511157,0.36787550026511157
4,320,0,9000000,136.10669087153647,0,4000000000,957001,961001,957001,4000,0,4000,0.39999999999999997,0,0.39999999999999997
4,321,1,6000000,162.33099549993523,1921947.5120236557,2000000000,963123,963523,960001,3522,3122,400,0,0.9365500299770129,0.9365500299770129
4,322,0,9000000,186.2334956445805,0,5000000000,963001,968001,963001,5000,0,5000,0.49999999999999994,0,0.49999999999999994
4,323,0,7000000,213.62449906319267,0,2000000000,968001,970001,966001,4000,0,2000,0.19999999999999998,0,0.19999999999999998
4,324,0,5000000,199.06094795313322,0,2000000000,970001,972001,969001,3000,0,2000,0.19999999999999998,0,0.19999999999999998
4,325,1,4000000,171.64695657074725,1541532.362969072,9000000000,975237,977037,972001,5036,2595,1800,0,0.7784461934284255,0.7784461934284255
4,328,1,8000000,109.29300114828943,8906157.928096833,4000000000,983037,983837,981001,2836,898,800,0,0.2694764700307598,0.2694764700307598
4,326,0,4000000,157.11882891620593,0,10000000000,975001,985001,975001,10000,0,10000,0.9999999999999999,0,0.9999999999999999
4,327,0,7000000,133.1226626085882,0,4000000000,985001,989001,978001,11000,0,4000,0.39999999999999997,0,0.39999999999999997
4,330,1,10000000,110.79229034549292,8460391.187637094,8000000000,988183,989783,987001,2782,1182,1600,0,0.3545935327888628,0.3545935327888628
4,329,0,5000000,97.6034937899254,0,6000000000,989001,995001,984001,11000,0,6000,0.6,0,0.6
5,2,0,8000000,148.2972420512263,0,2000000000,3001,5001,3001,2000,0,2000,0.19999999999999998,0,0.19999999999999998
5,1,1,10000000,155.6618553146531,2267633.5096717393,7000000000,6344,7744,1,7743,4410,1400,0,1.3229651031370926,1.3229651031370926
5,3,0,7000000,151.066658465725,0,6000000000,6001,12001,6001,6000,0,6000,0.6,0,0.6
5,5,0,6000000,167.92416175166693,0,5000000000,12001,17001,12001,5000,0,5000,0.49999999999999994,0,0.49999999999999994
5,4,1,9000000,157.31765190213082,2175063.5333387987,8000000000,15559,17159,9001,8158,4138,1600,0,1.2413430498075637,1.2413430498075637
5,6,0,6000000,179.0865517005674,0,8000000000,17001,25001,15001,10000,0,8000,0.7999999999999999,0,0.7999999999999999
5,7,1,7000000,183.8661222194018,1173817.5906512649,7000000000,23964,25364,18001,7363,5963,1400,0,1.789034358255668,1.789034358255668
5,8,0,7000000,200.84476517947886,0,9000000000,25001,34001,21001,13000,0,9000,0.8999999999999999,0,0.8999999999999999
5,9,0,9000000,215.1743711504695,0,9000000000,34001,43001,24001,19000,0,9000,0.8999999999999999,0,0.8999999999999999
5,10,0,8000000,221.06210575311184,0,10000000000,43001,53001,27001,26000,0,10000,0.9999999999999999,0,0.9999999999999999
5,19,1,2000000,195.73686750328872,915579.7848376948,9000000000,56185,57985,54001,3984,2184,1800,0,0.6553224633573165,0.6553224633573165
5,18,1,8000000,185.74687561302346,1127357.4571982967,6000000000,58385,59585,51001,8584,7096,1200,0,2.128872244269771,2.128872244269771
5,11,0,5000000,204.01705345387182,0,9000000000,53001,62001,30001,32000,0,9000,0.8999999999999999,0,0.8999999999999999
5,12,0,5000000,187.92640181730715,0,4000000000,62001,66001,33001,33000,0,4000,0.39999999999999997,0,0.39999999999999997
5,21,1,4000000,233.76992813448012,451472.669695117,10000000000,68861,70861,60001,10860,8860,2000,0,2.657968201730504,2.657968201730504
5,13,0,8000000,180.31335862880488,0,8000000000,66001,74001,36001,38000,0,8000,0.7999999999999999,0,0.7999999999999999
5,14,0,3000000,175.98571305648645,0,3000000000,74001,77001,39001,38000,0,3000,0.3,0,0.3
5,15,0,2000000,178.43626985565464,0,4000000000,77001,81001,42001,39000,0,4000,0.39999999999999997,0,0.39999999999999997
5,16,0,10000000,182.94408681343054,0,4000000000,81001,85001,45001,40000,0,4000,0.39999999999999997,0,0.39999999999999997
5,17,0,8000000,182.94408681343054,0,2000000000,85001,87001,48001,39000,0,2000,0.19999999999999998,0,0.19999999999999998
5,28,1,3000000,198.7455702651005,861706.575778662,6000000000,87670,88870,81001,7869,3481,1200,0,1.044439053034654,1.044439053034654
5,22,1,5000000,228.787486545921,491965.8308833923,7000000000,88719,90119,63001,27118,10163,1400,0,3.0489922385596246,3.0489922385596246
5,24,1,4000000,196.04863172182556,909806.1849910174,8000000000,91119,92719,69001,23718,4397,1600,0,1.318962235909451,1.318962235909451
5,20,0,9000000,212.81338139318217,0,8000000000,87001,95001,57001,38000,0,8000,0.7999999999999999,0,0.7999999999999999
5,25,1,3000000,192.49258401299517,978455.3939729634,2000000000,95519,95919,72001,23918,3066,400,0,0.9198170969711765,0.9198170969711765
5,29,1,6000000,175.71379513288082,1405031.138802172,3000000000,96270,96870,84001,12869,4270,600,0,1.2811103969799202,1.2811103969799202
5,27,0,9000000,195.30505625815218,0,2000000000,95001,97001,78001,19000,0,2000,0.19999999999999998,0,0.19999999999999998
5,23,1,7000000,208.3912670914979,713637.592996784,6000000000,95919,97119,66001,31118,9809,1200,0,2.942670089984264,2.942670089984264
5,30,1,5000000,159.58143062399208,2055950.580676162,5000000000,97470,98470,87001,11469,2432,1000,0,0.7295895213136298,0.7295895213136298
5,26,1,6000000,187.28266177091777,1091105.7061737028,4000000000,101519,102319,75001,27318,5499,800,0,1.6497026729997157,1.6497026729997157
5,31,0,3000000,147.09894153256167,0,8000000000,97001,105001,90001,15000,0,8000,0.7999999999999999,0,0.7999999999999999
5,33,1,10000000,140.3430155013067,3404809.267168546,3000000000,108670,109270,96001,13269,2937,600,0,0.8811066243645457,0.8811066243645457
5,37,1,5000000,122.89772414491657,5697778.17379793,6000000000,110476,111676,108001,3675,878,1200,0,0.2632605121234748,0.2632605121234748
5,34,1,5000000,149.70390308873047,2643810.6698501604,3000000000,112070,112670,99001,13669,1891,600,0,0.5673628664510282,0.5673628664510282
5,38,1,9000000,104.32204081592725,10600812.557485735,6000000000,111850,113050,111001,2049,849,1200,0,0.2546974569504488,0.2546974569504488
5,32,0,9000000,139.4836312977261,0,10000000000,105001,115001,93001,22000,0,10000,0.9999999999999999,0,0.9999999999999999
5,39,1,8000000,95.13587388572205,14867702.724552797,5000000000,116331,117331,114001,3330,538,1000,0,0.1614237279601102,0.1614237279601102
5,40,1,7000000,97.78735552207151,13454952.5941198,7000000000,122131,123531,117001,6530,520,1400,0,0.1560763581521469,0.1560763581521469
5,35,0,10000000,165.82797954506955,0,10000000000,115001,125001,102001,23000,0,10000,0.9999999999999999,0,0.9999999999999999
5,36,0,10000000,147.3968303594077,0,3000000000,125001,128001,105001,23000,0,3000,0.3,0,0.3
5,41,0,6000000,111.51419371541905,0,4000000000,128001,132001,120001,12000,0,4000,0.39999999999999997,0,0.39999999999999997
5,45,1,7000000,181.63702953968388,1232010.0579977746,6000000000,137683,138883,132001,6882,5682,1200,0,1.7045315388194608,1.7045315388194608
5,42,0,8000000,126.95716758025131,0,9000000000,132001,141001,123001,18000,0,9000,0.8999999999999999,0,0.8999999999999999
5,48,1,4000000,161.17787844490323,1976786.49727684,9000000000,143024,144824,141001,3823,2023,1800,0,0.6070458300140571,0.6070458300140571
5,49,1,3000000,133.5890788949456,4126490.0824469165,4000000000,144824,145624,144001,1623,727,800,0,0.2181030323636014,0.2181030323636014
5,43,0,4000000,143.0293050392122,0,6000000000,141001,147001,126001,21000,0,6000,0.6,0,0.6
5,44,0,3000000,162.49826091377102,0,4000000000,147001,151001,129001,22000,0,4000,0.39999999999999997,0,0.39999999999999997
5,52,1,2000000,53.72365773102198,85039978.16631715,9000000000,153025,154825,153001,1824,24,1800,0,0.007055505104041166,0.007055505104041166
5,46,0,9000000,202.57666993017736,0,5000000000,151001,156001,135001,21000,0,5000,0.49999999999999994,0,0.49999999999999994
5,55,1,4000000,23.14033923692568,302646509.90344155,2000000000,162014,162414,162001,413,13,400,0,0.003965021768738904,0.003965021768738904
5,47,0,9000000,188.5728095458091,0,10000000000,156001,166001,138001,28000,0,10000,0.9999999999999999,0,0.9999999999999999
5,50,0,10000000,106.02101395478164,0,7000000000,166001,173001,147001,26000,0,7000,0.7,0,0.7
5,51,0,2000000,81.1624623825571,0,8000000000,173001,181001,150001,31000,0,8000,0.7999999999999999,0,0.7999999999999999
5,53,0,9000000,26.68247552233485,0,7000000000,181001,188001,156001,32000,0,7000,0.7,0,0.7
5,54,0,4000000,4.587046980356718,0,7000000000,188001,195001,159001,36000,0,7000,0.7,0,0.7
5,64,1,5000000,186.4713331855596,1110073.0871854757,10000000000,193505,195505,189001,6504,4504,2000,0,1.3512623784107411,1.3512623784107411
5,65,1,4000000,182.2501632372382,1215652.6275419577,9000000000,196305,198105,192001,6104,3290,1800,0,0.987124095167213,0.987124095167213
5,66,1,3000000,167.54677466307726,1696232.3962982702,3000000000,202105,202705,195001,7704,1769,600,0,0.5305876729887321,0.5305876729887321
5,56,0,5000000,50.73337855889359,0,9000000000,195001,204001,165001,39000,0,9000,0.8999999999999999,0,0.8999999999999999
5,68,1,2000000,141.1635873729483,3328112.016056152,4000000000,204105,204905,201001,3904,601,800,0,0.18028239347274325,0.18028239347274325
5,69,1,9000000,132.54477054942603,4254277.681092339,8000000000,206705,208305,204001,4304,2116,1600,0,0.6346553286824337,0.6346553286824337
5,57,0,7000000,78.35268789263075,0,9000000000,204001,213001,168001,45000,0,9000,0.8999999999999999,0,0.8999999999999999
5,58,0,6000000,105.97773020781302,0,9000000000,213001,222001,171001,51000,0,9000,0.8999999999999999,0,0.8999999999999999
5,73,1,10000000,135.85278061195504,3865307.0370359253,6000000000,220903,222103,216001,6102,2587,1200,0,0.7761349800300785,0.7761349800300785
5,59,0,7000000,122.53790025947069,0,6000000000,222001,228001,174001,54000,0,6000,0.6,0,0.6
5,77,1,5000000,157.85173074755943,2146207.344780869,7000000000,230331,231731,228001,3730,2330,1400,0,0.6989073090480697,0.6989073090480697
5,78,1,6000000,163.86063865370477,1852081.0748880077,3000000000,235331,235931,231001,4930,3240,600,0,0.9718797003035318,0.9718797003035318
5,60,0,5000000,126.8735784156811,0,8000000000,228001,236001,177001,59000,0,8000,0.7999999999999999,0,0.7999999999999999
5,79,1,7000000,172.8830243256983,1498366.5526357393,3000000000,238673,239273,234001,5272,4672,600,0,1.401526212865565,1.401526212865565
5,61,0,4000000,136.19206621532695,0,5000000000,236001,241001,180001,61000,0,5000,0.49999999999999994,0,0.49999999999999994
5,62,0,7000000,150.04342038223467,0,4000000000,241001,245001,183001,62000,0,4000,0.39999999999999997,0,0.39999999999999997
5,80,1,10000000,183.98074790586102,1170918.6170514575,4000000000,245541,246341,237001,9340,8540,800,0,2.5620909568885617,2.5620909568885617
5,81,1,8000000,194.15063662012545,945672.3089452338,7000000000,248461,249861,240001,9860,8460,1400,0,2.5378769974526025,2.5378769974526025
5,63,0,8000000,167.42061193293972,0,6000000000,245001,251001,186001,65000,0,6000,0.6,0,0.6
5,67,0,10000000,153.08497640199712,0,3000000000,251001,254001,198001,56000,0,3000,0.3,0,0.3
5,70,0,7000000,126.93840592980516,0,6000000000,254001,260001,207001,53000,0,6000,0.6,0,0.6
5,85,1,5000000,212.21318455741624,663829.4366062335,9000000000,259533,261333,252001,9332,7532,1800,0,2.2596165781207462,2.2596165781207462
5,84,1,8000000,212.21318455741624,663829.4366062335,5000000000,261333,262333,249001,13332,12051,1000,0,3.615386524993194,3.615386524993194
5,83,1,10000000,212.21318455741624,663829.4366062335,3000000000,262333,262933,246001,16932,15064,600,0,4.5192331562414925,4.5192331562414925
5,71,0,4000000,125.5052994897028,0,3000000000,260001,263001,210001,53000,0,3000,0.3,0,0.3
5,72,0,7000000,128.6267102898928,0,5000000000,263001,268001,213001,55000,0,5000,0.49999999999999994,0,0.49999999999999994
5,90,1,6000000,153.85741516092094,2374136.167464511,2000000000,269528,269928,267001,2927,2527,400,0,0.7581704978288305,0.7581704978288305
5,91,1,5000000,130.82172334899124,4475925.057673378,3000000000,271118,271718,270001,1717,1117,600,0,0.3351262544998267,0.3351262544998267
5,92,1,2000000,114.09139713405209,7570845.673966117,6000000000,273265,274465,273001,1464,264,1200,0,0.07925138430218188,0.07925138430218188
5,74,0,2000000,146.24206816097757,0,7000000000,268001,275001,219001,56000,0,7000,0.7,0,0.7
5,94,1,3000000,91.98014187855983,16782963.981282298,4000000000,279180,279980,279001,979,179,800,0,0.053625807753848,0.053625807753848
5,75,0,3000000,154.86209090671608,0,8000000000,275001,283001,222001,61000,0,8000,0.7999999999999999,0,0.7999999999999999
5,95,1,5000000,93.47630769344711,15840952.322975677,4000000000,282317,283117,282001,1116,316,800,0,0.09469127672484715,0.09469127672484715
5,76,0,5000000,155.19927899317062,0,8000000000,283001,291001,225001,66000,0,8000,0.7999999999999999,0,0.7999999999999999
5,82,0,5000000,208.64431288678824,0,3000000000,291001,294001,243001,51000,0,3000,0.3,0,0.3
5,86,0,10000000,212.21318455741624,0,2000000000,294001,296001,255001,41000,0,2000,0.19999999999999998,0,0.19999999999999998
5,99,1,8000000,164.68115162337182,1815901.7924358929,5000000000,298647,299647,294001,5646,4406,1000,0,1.3216573770658513,1.3216573770658513
5,87,0,5000000,219.9654429677535,0,4000000000,296001,300001,258001,42000,0,4000,0.39999999999999997,0,0.39999999999999997
5,88,0,5000000,204.77330221491272,0,9000000000,300001,309001,261001,48000,0,9000,0.8999999999999999,0,0.8999999999999999
5,89,0,4000000,178.704736646794,0,3000000000,309001,312001,264001,48000,0,3000,0.3,0,0.3
5,93,0,5000000,99.35973027338595,0,6000000000,312001,318001,276001,42000,0,6000,0.6,0,0.6
5,96,0,10000000,103.58885654354908,0,3000000000,318001,321001,285001,36000,0,3000,0.3,0,0.3
5,97,0,10000000,120.23147424863427,0,8000000000,321001,329001,288001,41000,0,8000,0.7999999999999999,0,0.7999999999999999
5,98,0,4000000,141.1151618359983,0,3000000000,329001,332001,291001,41000,0,3000,0.3,0,0.3
5,101,1,9000000,148.16842106197936,2753020.3994662934,9000000000,337829,339629,300001,39628,3269,1800,0,0.980741007412596,0.980741007412596
5,100,0,6000000,159.27054247411854,0,8000000000,332001,340001,297001,43000,0,8000,0.7999999999999999,0,0.7999999999999999
5,102,1,9000000,142.4633444083074,3210935.201263615,8000000000,339629,341229,303001,38228,2803,1600,0,0.8408765143991246,0.8408765143991246
5,104,1,10000000,145.34274835711616,2968959.2086826353,7000000000,346429,347829,309001,38828,3368,1400,0,1.0104551087217994,1.0104551087217994
5,103,0,10000000,143.0358171927577,0,9000000000,340001,349001,306001,43000,0,9000,0.8999999999999999,0,0.8999999999999999
5,105,1,7000000,145.34274835711616,2968959.2086826353,8000000000,347829,349429,312001,37428,2358,1600,0,0.7073185761052596,0.7073185761052596
5,111,1,7000000,189.7750376103243,1035307.0192307348,7000000000,350540,351940,330001,21939,6761,1400,0,2.028383813682984,2.028383813682984
5,108,1,9000000,171.8185956175873,1535446.8966901111,5000000000,355029,356029,321001,35028,5861,1000,0,1.7584457045178572,1.7584457045178572
5,112,1,9000000,188.30285207611703,1067824.2680941862,9000000000,356140,357940,333001,24939,8428,1800,0,2.5285059355495463,2.5285059355495463
5,106,0,3000000,147.73101840845752,0,10000000000,349001,359001,315001,44000,0,10000,0.9999999999999999,0,0.9999999999999999
5,107,0,2000000,156.98647107314693,0,3000000000,359001,362001,318001,44000,0,3000,0.3,0,0.3
5,115,1,7000000,188.30285207611703,1067824.2680941862,2000000000,367340,367740,342001,25739,6555,400,0,1.9666157276496472,1.9666157276496472
5,109,0,3000000,190.0212072375081,0,7000000000,362001,369001,324001,45000,0,7000,0.7,0,0.7
5,110,0,4000000,205.96716364508205,0,5000000000,369001,374001,327001,47000,0,5000,0.49999999999999994,0,0.49999999999999994
5,117,1,8000000,188.30285207611703,1067824.2680941862,6000000000,375940,377140,348001,29139,7492,1200,0,2.2475608315995967,2.2475608315995967
5,119,1,3000000,181.5172079996825,1235238.6129212861,4000000000,377140,377940,354001,23939,2429,800,0,0.7286041665031332,0.7286041665031332
5,113,0,6000000,188.30285207611703,0,4000000000,374001,378001,336001,42000,0,4000,0.39999999999999997,0,0.39999999999999997
5,114,0,6000000,188.30285207611703,0,5000000000,378001,383001,339001,44000,0,5000,0.49999999999999994,0,0.49999999999999994
5,123,1,8000000,232.76341572506618,459307.5047839878,7000000000,383419,384819,366001,18818,17418,1400,0,5.225257534445729,5.225257534445729
5,130,1,3000000,175.72018779867042,1404828.6688911295,4000000000,389136,389936,387001,2935,2135,800,0,0.6406475180424636,0.6406475180424636
5,121,1,10000000,203.7388941758544,780724.3104144785,10000000000,387940,389940,360001,29939,12809,2000,0,3.842585609262418,3.842585609262418
5,116,0,10000000,188.30285207611703,0,8000000000,383001,391001,345001,46000,0,8000,0.7999999999999999,0,0.7999999999999999
5,122,1,10000000,221.4096592292215,560622.8892184782,5000000000,396340,397340,363001,34339,17837,1000,0,5.351190716065967,5.351190716065967
5,133,1,4000000,171.9187985649039,1531907.9916820752,3000000000,398612,399212,396001,3211,2611,600,0,0.7833368626025434,0.7833368626025434
5,118,0,8000000,186.23985073018073,0,9000000000,391001,400001,351001,49000,0,9000,0.8999999999999999,0,0.8999999999999999
5,120,0,9000000,189.08699056254505,0,5000000000,400001,405001,357001,48000,0,5000,0.49999999999999994,0,0.49999999999999994
5,134,1,8000000,179.15039966463934,1301222.9969489374,6000000000,405149,406349,399001,7348,6148,1200,0,1.844418678141592,1.844418678141592
5,124,0,3000000,213.38044638626099,0,4000000000,405001,409001,369001,40000,0,4000,0.39999999999999997,0,0.39999999999999997
5,136,1,3000000,205.8255518637081,749704.076781422,3000000000,409003,409603,405001,4602,4002,600,0,1.2004736640406413,1.2004736640406413
5,125,0,6000000,196.50331320362005,0,3000000000,409001,412001,372001,40000,0,3000,0.3,0,0.3
5,126,0,5000000,185.75221882927804,0,5000000000,412001,417001,375001,42000,0,5000,0.49999999999999994,0,0.49999999999999994
5,140,1,3000000,227.84520381171072,500126.48126559623,3000000000,422999,423599,417001,6598,5998,600,0,1.7995447825968,1.7995447825968
5,138,1,5000000,241.88883087071216,393999.7591164266,8000000000,423691,425291,411001,14290,12690,1600,0,3.8071089265736107,3.8071089265736107
5,127,0,6000000,181.99081570233153,0,10000000000,417001,427001,378001,49000,0,10000,0.9999999999999999,0,0.9999999999999999
5,137,1,10000000,222.78403623240155,546968.0585011132,10000000000,427074,429074,408001,21073,18283,2000,0,5.484780972806832,5.484780972806832
5,128,0,10000000,181.99081570233153,0,7000000000,427001,434001,381001,53000,0,7000,0.7,0,0.7
5,129,0,3000000,181.99081570233153,0,2000000000,434001,436001,384001,52000,0,2000,0.19999999999999998,0,0.19999999999999998
5,143,1,10000000,202.70256091130176,796724.7073948374,4000000000,438552,439352,426001,13351,12551,800,0,3.7654160491765354,3.7654160491765354
5,145,1,10000000,173.01412312294045,1493876.9040270206,4000000000,439352,440152,432001,8151,6694,800,0,2.0081975910551577,2.0081975910551577
5,131,0,9000000,172.24910391639196,0,6000000000,436001,442001,390001,52000,0,6000,0.6,0,0.6
5,132,0,6000000,169.52460853811164,0,2000000000,442001,444001,393001,51000,0,2000,0.19999999999999998,0,0.19999999999999998
5,135,0,6000000,190.6961449531689,0,4000000000,444001,448001,402001,46000,0,4000,0.39999999999999997,0,0.39999999999999997
5,152,1,7000000,46.084419275933136,118327241.03712362,8000000000,453060,454660,453001,1659,59,1600,0,0.017747392583430156,0.017747392583430156
5,139,0,3000000,246.6675438723141,0,9000000000,448001,457001,414001,43000,0,9000,0.8999999999999999,0,0.8999999999999999
5,141,0,7000000,215.39805941558524,0,2000000000,457001,459001,420001,39000,0,2000,0.19999999999999998,0,0.19999999999999998
5,154,1,4000000,17.277167013141952,386202391.42260224,9000000000,459011,460811,459001,1810,10,1800,0,0.0031071791025936426,0.0031071791025936426
5,142,0,10000000,213.904476343998,0,5000000000,459001,464001,423001,41000,0,5000,0.49999999999999994,0,0.49999999999999994
5,156,1,6000000,56.136152344099926,76506654.97902302,7000000000,465079,466479,465001,1478,78,1400,0,0.023527365044172077,0.023527365044172077
5,157,1,6000000,82.00246947501034,25022836.18782516,9000000000,468241,470041,468001,2040,240,1800,0,0.07193429180005537,0.07193429180005537
5,144,0,8000000,187.2134452970726,0,7000000000,464001,471001,429001,42000,0,7000,0.7,0,0.7
5,146,0,3000000,162.1827493909263,0,5000000000,471001,476001,435001,41000,0,5000,0.49999999999999994,0,0.49999999999999994
5,159,1,6000000,133.84257357059454,4096185.3945330847,5000000000,475466,476466,474001,2465,1465,1000,0,0.43943323522473965,0.43943323522473965
5,147,0,3000000,155.43485966796513,0,7000000000,476001,483001,438001,45000,0,7000,0.7,0,0.7
5,148,0,2000000,142.3356266013537,0,3000000000,483001,486001,441001,45000,0,3000,0.3,0,0.3
5,149,0,8000000,115.46470456377567,0,3000000000,486001,489001,444001,45000,0,3000,0.3,0,0.3
5,161,1,9000000,187.91255838820354,1076657.3287195554,3000000000,489778,490378,480001,10377,8359,600,0,2.5077616879374705,2.5077616879374705
5,150,0,10000000,88.45981517050552,0,5000000000,489001,494001,447001,47000,0,5000,0.49999999999999994,0,0.49999999999999994
5,151,0,4000000,63.35954939865023,0,3000000000,494001,497001,450001,47000,0,3000,0.3,0,0.3
5,153,0,10000000,22.667108329030395,0,7000000000,497001,504001,456001,48000,0,7000,0.7,0,0.7
5,166,1,6000000,196.61401832015943,899450.9150709414,10000000000,502074,504074,495001,9073,6671,2000,0,2.001220933615961,2.001220933615961
5,155,0,7000000,39.63272006814575,0,4000000000,504001,508001,462001,46000,0,4000,0.39999999999999997,0,0.39999999999999997
5,167,1,5000000,213.74029708971588,645143.9904885595,7000000000,506674,508074,498001,10073,7750,1400,0,2.3250623459486444,2.3250623459486444
5,169,1,2000000,228.78772453958277,491963.7908052226,9000000000,508066,509866,504001,5865,4065,1800,0,1.2196019528550037,1.2196019528550037
5,158,0,3000000,108.96700509787354,0,4000000000,508001,512001,471001,41000,0,4000,0.39999999999999997,0,0.39999999999999997
5,172,1,7000000,173.0083379493601,1494074.6720608003,3000000000,517686,518286,513001,5285,4685,600,0,1.4055522386330515,1.4055522386330515
5,174,1,4000000,126.5066705751124,5096361.360045431,4000000000,519786,520586,519001,1585,785,800,0,0.23546211016506544,0.23546211016506544
5,160,0,9000000,160.7336461354623,0,10000000000,512001,522001,477001,45000,0,10000,0.9999999999999999,0,0.9999999999999999
5,162,0,5000000,201.87852609923624,0,2000000000,522001,524001,483001,41000,0,2000,0.19999999999999998,0,0.19999999999999998
5,175,1,5000000,179.29941048425118,1296941.349188746,9000000000,525856,527656,522001,5655,3855,1800,0,1.1565673350905727,1.1565673350905727
5,163,0,2000000,178.53788309487715,0,5000000000,524001,529001,486001,43000,0,5000,0.49999999999999994,0,0.49999999999999994
5,164,0,7000000,177.54251687976034,0,6000000000,529001,535001,489001,46000,0,6000,0.6,0,0.6
5,179,1,2000000,104.02246920737846,10714780.903402321,9000000000,534188,535988,534001,1987,187,1800,0,0.055997411931164996,0.055997411931164996
5,181,1,3000000,80.34510128190769,26800126.93147981,2000000000,540113,540513,540001,512,112,400,0,0.03358193049984577,0.03358193049984577
5,165,0,9000000,184.18883380921872,0,10000000000,535001,545001,492001,53000,0,10000,0.9999999999999999,0,0.9999999999999999
5,182,1,6000000,77.70994595288303,29925688.9283176,8000000000,544303,545903,543001,2902,200,1600,0,0.060148991199889305,0.060148991199889305
5,183,1,6000000,82.47886153433498,24536916.030502394,5000000000,547103,548103,546001,2102,245,1000,0,0.07335885234160558,0.07335885234160558
5,168,0,10000000,234.30851478339412,0,4000000000,545001,549001,501001,48000,0,4000,0.39999999999999997,0,0.39999999999999997
5,184,1,9000000,93.53432792296095,15805687.799377205,5000000000,549570,550570,549001,1569,569,1000,0,0.17082458126918013,0.17082458126918013
5,186,1,7000000,78.99815504174767,28349540.598191753,3000000000,555248,555848,555001,847,247,600,0,0.07407527443791968,0.07407527443791968
5,170,0,3000000,208.38901026685645,0,9000000000,549001,558001,507001,51000,0,9000,0.8999999999999999,0,0.8999999999999999
5,188,1,6000000,67.6562266166241,46105746.468365386,10000000000,561131,563131,561001,2130,130,2000,0,0.03904068663621002,0.03904068663621002
5,171,0,9000000,193.15370071525936,0,6000000000,558001,564001,510001,54000,0,6000,0.6,0,0.6
5,189,1,5000000,80.76228946730036,26339703.454187084,6000000000,564191,565391,564001,1390,190,1200,0,0.05694824934566805,0.05694824934566805
5,173,0,3000000,149.09594394214756,0,5000000000,564001,569001,516001,53000,0,5000,0.49999999999999994,0,0.49999999999999994
5,190,1,4000000,101.57441853143928,11703136.745249184,9000000000,567343,569143,567001,2142,342,1800,0,0.10253661271514516,0.10253661271514516
5,191,1,2000000,123.43253379883281,5603381.5331175085,3000000000,570358,570958,570001,957,357,600,0,0.10707819848672392,0.10707819848672392
5,176,0,5000000,162.9461705594826,0,6000000000,569001,575001,525001,50000,0,6000,0.6,0,0.6
5,177,0,9000000,141.98708462391923,0,4000000000,575001,579001,528001,51000,0,4000,0.39999999999999997,0,0.39999999999999997
5,178,0,4000000,122.24996891615143,0,5000000000,579001,584001,531001,53000,0,5000,0.49999999999999994,0,0.49999999999999994
5,194,1,3000000,174.29361807019782,1450924.5696075438,10000000000,583561,585561,579001,6560,2068,2000,0,0.6202941344107491,0.6202941344107491
5,180,0,6000000,89.75170193372384,0,5000000000,584001,589001,537001,52000,0,5000,0.49999999999999994,0,0.49999999999999994
5,195,1,3000000,193.90169287553942,950506.2166716562,8000000000,588961,590561,582001,8560,3156,1600,0,0.946863875495195,0.946863875495195
5,185,0,6000000,95.10155624383864,0,3000000000,589001,592001,552001,40000,0,3000,0.3,0,0.3
5,197,1,5000000,182.30489022513905,1214205.765366974,7000000000,592119,593519,588001,5518,4118,1400,0,1.2353754551203677,1.2353754551203677
5,187,0,6000000,66.91698289672063,0,10000000000,592001,602001,558001,44000,0,10000,0.9999999999999999,0,0.9999999999999999
5,202,1,3000000,132.4647186989804,4264272.543994213,8000000000,603705,605305,603001,2304,704,1600,0,0.2110559282303747,0.2110559282303747
5,192,0,9000000,139.59468256348444,0,9000000000,602001,611001,573001,38000,0,9000,0.8999999999999999,0,0.8999999999999999
5,204,1,10000000,135.61716742359727,3891524.932327381,4000000000,612505,613305,609001,4304,2570,800,0,0.7709060206909193,0.7709060206909193
5,193,0,5000000,156.0147957727087,0,8000000000,611001,619001,576001,43000,0,8000,0.7999999999999999,0,0.7999999999999999
5,206,1,7000000,154.7279961739309,2321996.4673067597,8000000000,619305,620905,615001,5904,3015,1600,0,0.9043941408040774,0.9043941408040774
5,207,1,4000000,168.78797646751985,1647445.4580660185,10000000000,623305,625305,618001,7304,2428,2000,0,0.7284004421055086,0.7284004421055086
5,196,0,5000000,183.70234892346912,0,10000000000,619001,629001,585001,44000,0,10000,0.9999999999999999,0,0.9999999999999999
5,208,1,9000000,184.329948733243,1162141.7781067372,6000000000,633705,634905,621001,13904,7744,1200,0,2.3232965640376606,2.3232965640376606
5,209,1,8000000,182.91655201211293,1198179.590221306,6000000000,634905,636105,624001,12104,6677,1200,0,2.0030386259181023,2.0030386259181023
5,198,0,6000000,172.2791679222999,0,9000000000,629001,638001,591001,47000,0,9000,0.8999999999999999,0,0.8999999999999999
5,199,0,9000000,157.68122938384263,0,2000000000,638001,640001,594001,46000,0,2000,0.19999999999999998,0,0.19999999999999998
5,214,1,9000000,125.43737282006502,5266099.275918346,10000000000,640710,642710,639001,3709,1709,2000,0,0.5127134637106042,0.5127134637106042
5,200,0,10000000,145.6962930207904,0,5000000000,640001,645001,597001,48000,0,5000,0.49999999999999994,0,0.49999999999999994
5,216,1,7000000,139.2071585802972,3514605.356669838,7000000000,647130,648530,645001,3529,1992,1400,0,0.5975066293046892,0.5975066293046892
5,201,0,8000000,137.02288276050834,0,6000000000,645001,651001,600001,51000,0,6000,0.6,0,0.6
5,217,1,9000000,150.92954647781855,2560461.1581287137,7000000000,652240,653640,648001,5639,3515,1400,0,1.054497542924364,1.054497542924364
5,218,1,8000000,155.10072404731065,2300107.336684035,2000000000,655040,655440,651001,4439,3478,400,0,1.0434295659697237,1.0434295659697237
5,203,0,10000000,131.86839082964488,0,5000000000,651001,656001,606001,50000,0,5000,0.49999999999999994,0,0.49999999999999994
5,219,1,8000000,157.6769209491358,2155599.7859870354,9000000000,657712,659512,654001,5511,3711,1800,0,1.1133792161243212,1.1133792161243212
5,220,1,3000000,165.52451329032812,1779624.272240366,9000000000,659512,661312,657001,4311,1686,1800,0,0.5057247274263075,0.5057247274263075
5,205,0,2000000,143.43669893022496,0,6000000000,656001,662001,612001,50000,0,6000,0.6,0,0.6
5,210,0,4000000,165.70302501765016,0,6000000000,662001,668001,627001,41000,0,6000,0.6,0,0.6
5,221,1,9000000,177.9412403013984,1336624.7765948132,9000000000,666912,668712,660001,8711,6733,1800,0,2.0200134303050428,2.0200134303050428
5,211,0,2000000,148.34743981612888,0,3000000000,668001,671001,630001,41000,0,3000,0.3,0,0.3
5,223,1,3000000,205.02956859926326,761352.7273576112,10000000000,671440,673440,666001,7439,3940,2000,0,1.18210648975224,1.18210648975224
5,212,0,7000000,135.99987058817374,0,4000000000,671001,675001,633001,42000,0,4000,0.39999999999999997,0,0.39999999999999997
5,213,0,3000000,128.05968608426306,0,5000000000,675001,680001,636001,44000,0,5000,0.49999999999999994,0,0.49999999999999994
5,225,1,8000000,197.68401553995201,880252.1220606082,2000000000,681089,681489,672001,9488,9088,400,0,2.726491581050403,2.726491581050403
5,228,1,5000000,113.74986109881627,7657500.634537666,8000000000,681654,683254,681001,2253,653,1600,0,0.1958863696640836,0.1958863696640836
5,215,0,9000000,129.15915646983768,0,4000000000,680001,684001,642001,42000,0,4000,0.39999999999999997,0,0.39999999999999997
5,222,0,6000000,190.92302113679222,0,2000000000,684001,686001,663001,23000,0,2000,0.19999999999999998,0,0.19999999999999998
5,230,1,8000000,91.6239019033789,17016819.554358236,6000000000,687471,688671,687001,1670,470,1200,0,0.14103693068692896,0.14103693068692896
5,231,1,5000000,100.59356092712892,12129428.769226976,5000000000,690413,691413,690001,1412,412,1000,0,0.12366616998531556,0.12366616998531556
5,224,0,5000000,221.1528396833285,0,7000000000,686001,693001,669001,24000,0,7000,0.7,0,0.7
5,232,1,8000000,120.61680023943595,6122836.499985894,4000000000,694308,695108,693001,2107,1307,800,0,0.3919751899312564,0.3919751899312564
5,226,0,8000000,165.63389810060022,0,4000000000,693001,697001,675001,22000,0,4000,0.39999999999999997,0,0.39999999999999997
5,233,1,5000000,147.29237930049203,2817828.6642824905,7000000000,697775,699175,696001,3174,1774,1400,0,0.5323247715566652,0.5323247715566652
5,227,0,5000000,135.9427250719949,0,3000000000,697001,700001,678001,22000,0,3000,0.3,0,0.3
5,235,1,5000000,150.2491597314275,2606322.6120924023,7000000000,704380,705780,702001,3779,1918,1400,0,0.575523533825221,0.575523533825221
5,229,0,9000000,96.55717943270707,0,6000000000,700001,706001,684001,22000,0,6000,0.6,0,0.6
5,234,1,9000000,166.08231603635588,1756123.5297760938,10000000000,705780,707780,699001,8779,5125,2000,0,1.537477264110373,1.537477264110373
5,236,0,2000000,142.40295818556578,0,8000000000,706001,714001,705001,9000,0,8000,0.7999999999999999,0,0.7999999999999999
5,239,1,2000000,201.0408366476821,823243.1351865721,5000000000,717780,718780,714001,4779,2429,1000,0,0.7288247837791221,0.7288247837791221
5,237,0,10000000,144.24509419734176,0,7000000000,714001,721001,708001,13000,0,7000,0.7,0,0.7
5,238,0,10000000,166.98878824639692,0,4000000000,721001,725001,711001,14000,0,4000,0.39999999999999997,0,0.39999999999999997
5,240,1,5000000,203.72043319215672,781005.8166586588,6000000000,727777,728977,717001,11976,6402,1200,0,1.920600292603941,1.920600292603941
5,242,1,2000000,196.51949343512973,901171.9168702166,4000000000,728977,729777,723001,6776,2219,800,0,0.6657997089876134,0.6657997089876134
5,243,0,5000000,192.3306104082239,0,7000000000,726001,733001,726001,7000,0,7000,0.7,0,0.7
5,241,1,8000000,196.51949343512973,901171.9168702166,8000000000,732577,734177,720001,14176,8877,1600,0,2.6631988359504537,2.6631988359504537
5,245,1,7000000,140.37710247757641,3401580.1237588953,10000000000,736977,738977,732001,6976,2058,2000,0,0.6173601454606948,0.6173601454606948
5,244,0,7000000,172.41741704363864,0,10000000000,733001,743001,729001,14000,0,10000,0.9999999999999999,0,0.9999999999999999
5,246,1,10000000,109.56302752297418,8823819.963026218,10000000000,741177,743177,735001,8176,1133,2000,0,0.33998880446004925,0.33998880446004925
5,247,1,6000000,83.51685458636481,23514807.518920284,7000000000,745577,746977,738001,8976,255,1400,0,0.07654751154359649,0.07654751154359649
5,248,1,5000000,68.8057817338049,43850637.63967921,6000000000,748377,749577,741001,8576,114,1200,0,0.0342070282381183,0.0342070282381183
5,251,1,9000000,103.61668301967595,10871504.29615566,6000000000,752577,753777,750001,3776,828,1200,0,0.24835569452470013,0.24835569452470013
5,249,0,4000000,66.07896261292247,0,10000000000,744001,754001,744001,10000,0,10000,0.9999999999999999,0,0.9999999999999999
5,250,0,5000000,77.95598052747457,0,6000000000,754001,760001,747001,13000,0,6000,0.6,0,0.6
5,255,1,9000000,139.7614381723371,3460490.125647717,6000000000,764602,765802,762001,3801,2601,1200,0,0.7802362965837469,0.7802362965837469
5,252,0,3000000,68.83542184079353,0,8000000000,760001,768001,753001,15000,0,8000,0.7999999999999999,0,0.7999999999999999
5,256,1,7000000,169.4724484982736,1621286.2515352315,8000000000,769319,770919,765001,5918,4318,1600,0,1.295267876361416,1.295267876361416
5,257,1,2000000,174.0341161956471,1459510.6694019756,10000000000,770919,772919,768001,4918,1370,2000,0,0.41109668642973735,0.41109668642973735
5,253,0,2000000,82.77550181062024,0,7000000000,768001,775001,756001,19000,0,7000,0.7,0,0.7
5,254,0,10000000,109.18680185810005,0,7000000000,775001,782001,759001,23000,0,7000,0.7,0,0.7
5,260,1,9000000,173.47293160605778,1478295.4194613348,9000000000,783089,784889,777001,7888,6088,1800,0,1.8264279009833049,1.8264279009833049
5,261,1,10000000,167.9024478678021,1682071.0116641931,9000000000,786889,788689,780001,8688,5945,1800,0,1.783515665626914,1.783515665626914
5,258,0,2000000,174.0341161956471,0,7000000000,782001,789001,771001,18000,0,7000,0.7,0,0.7
5,259,0,7000000,177.72732513600715,0,2000000000,789001,791001,774001,17000,0,2000,0.19999999999999998,0,0.19999999999999998
5,262,1,9000000,169.06145421118325,1636931.2569646514,6000000000,790089,791289,783001,8288,5498,1200,0,1.6494278476950759,1.6494278476950759
5,263,1,6000000,169.60361434827973,1616332.3767405779,3000000000,792289,792889,786001,6888,3712,600,0,1.1136323357141418,1.1136323357141418
5,264,0,2000000,169.60361434827973,0,8000000000,791001,799001,789001,10000,0,8000,0.7999999999999999,0,0.7999999999999999
5,266,1,2000000,169.60361434827973,1616332.3767405779,3000000000,800889,801489,795001,6488,1237,600,0,0.37121077857138063,0.37121077857138063
5,265,0,8000000,169.60361434827973,0,4000000000,799001,803001,792001,11000,0,4000,0.39999999999999997,0,0.39999999999999997
5,268,1,8000000,169.78807054678487,1609397.5873518335,6000000000,808889,810089,801001,9088,4971,1200,0,1.491241206561677,1.491241206561677
5,269,1,3000000,172.81989613467545,1500534.438273856,8000000000,810089,811689,804001,7688,1999,1600,0,0.5997863008298013,0.5997863008298013
5,267,0,2000000,169.60361434827973,0,10000000000,803001,813001,798001,15000,0,10000,0.9999999999999999,0,0.9999999999999999
5,271,1,2000000,200.58913878871905,830640.8448591353,2000000000,816689,817089,810001,7088,2408,400,0,0.7223338506809779,0.7223338506809779
5,270,0,2000000,183.1294957127333,0,10000000000,813001,823001,807001,16000,0,10000,0.9999999999999999,0,0.9999999999999999
5,272,1,5000000,222.62437085817893,548532.9238364855,4000000000,823289,824089,813001,11088,9115,800,0,2.734566941777849,2.734566941777849
5,274,1,7000000,205.1307692668265,759859.2739464174,3000000000,828213,828813,819001,9812,9212,600,0,2.763669632000944,2.763669632000944
5,275,1,8000000,187.61945528116215,1083350.6308306435,7000000000,829762,831162,822001,9161,7384,1400,0,2.2153492430791633,2.2153492430791633
5,273,1,8000000,224.60958951033237,529465.6787894065,2000000000,831162,831562,816001,15561,15110,400,0,4.532871716042983,4.532871716042983
5,276,1,9000000,175.53323474487672,1410764.8939696,3000000000,832762,833362,825001,8361,6380,600,0,1.9138553925897315,1.9138553925897315
5,277,1,9000000,169.76021824915284,1610442.3470528915,10000000000,833590,835590,828001,7589,5589,2000,0,1.6765579996955484,1.6765579996955484
5,279,0,10000000,180.634362733119,0,3000000000,834001,837001,834001,3000,0,3000,0.3,0,0.3
5,278,1,7000000,171.6101267408191,1542842.0667810289,2000000000,839590,839990,831001,8989,4537,400,0,1.3611244113802394,1.3611244113802394
5,280,0,8000000,195.91044331530668,0,5000000000,837001,842001,837001,5000,0,5000,0.49999999999999994,0,0.49999999999999994
5,282,1,2000000,216.7924855708795,609722.4364152349,10000000000,846281,848281,843001,5280,3280,2000,0,0.9840543240094682,0.9840543240094682
5,281,1,6000000,213.6118716270236,646689.9166665352,7000000000,849279,850679,840001,10678,9278,1400,0,2.7834050811838584,2.7834050811838584
5,284,1,3000000,252.56679373979466,331621.095617844,5000000000,858047,859047,849001,10046,9046,1000,0,2.713940735052479,2.713940735052479
5,285,0,6000000,229.43452769799057,0,10000000000,852001,862001,852001,10000,0,10000,0.9999999999999999,0,0.9999999999999999
5,283,1,8000000,232.36784846445516,462433.04664504697,2000000000,863301,863701,846001,17700,17300,400,0,5.18994050579215,5.18994050579215
5,288,1,2000000,176.90575174368982,1367897.9902117723,7000000000,862463,863863,861001,2862,1462,1400,0,0.43862919917523274,0.43862919917523274
5,287,1,6000000,194.8618343852895,932030.1420963954,5000000000,864439,865439,858001,7438,6438,1000,0,1.9312680123748989,1.9312680123748989
5,286,1,8000000,211.75433171484354,669575.2946499218,7000000000,866949,868349,855001,13348,11948,1400,0,3.584361638155731,3.584361638155731
5,289,0,6000000,161.98526476195295,0,7000000000,864001,871001,864001,7000,0,7000,0.7,0,0.7
5,290,1,3000000,156.57209521495201,2216154.292609291,8000000000,869949,871549,867001,4548,1354,1600,0,0.4061089081213491,0.4061089081213491
5,291,1,10000000,148.14814544907406,2754499.408531702,4000000000,874460,875260,870001,5259,3630,800,0,1.0891271171479986,1.0891271171479986
5,292,1,5000000,144.3776731354263,3047470.8799875136,2000000000,875260,875660,873001,2659,1641,400,0,0.4922114300912191,0.4922114300912191
5,293,1,5000000,146.2658100856109,2896189.4251963943,4000000000,877727,878527,876001,2526,1726,800,0,0.5179219242188494,0.5179219242188494
5,294,0,9000000,152.74864712985186,0,2000000000,879001,881001,879001,2000,0,2000,0.19999999999999998,0,0.19999999999999998
5,295,0,10000000,157.57792040765102,0,8000000000,882001,890001,882001,8000,0,8000,0.7999999999999999,0,0.7999999999999999
5,296,0,10000000,149.8999229486126,0,5000000000,890001,895001,885001,10000,0,5000,0.49999999999999994,0,0.49999999999999994
5,298,1,8000000,155.19763303607436,2294458.075454052,8000000000,894488,896088,891001,5087,3487,1600,0,1.0459986284670126,1.0459986284670126
5,297,0,3000000,129.01995853355402,0,2000000000,895001,897001,888001,9000,0,2000,0.19999999999999998,0,0.19999999999999998
5,299,1,8000000,161.00380150791474,1985232.7987748436,6000000000,898031,899231,894001,5230,4030,1200,0,1.208926228440878,1.208926228440878
5,300,1,9000000,177.35348572836116,1354265.3847091205,10000000000,903647,905647,897001,8646,6646,2000,0,1.993700814098506,1.993700814098506
5,301,1,4000000,197.37505237491388,885742.9453848783,6000000000,905647,906847,900001,6846,4516,1200,0,1.3547948716414207,1.3547948716414207
5,302,0,5000000,205.9175711298091,0,4000000000,903001,907001,903001,4000,0,4000,0.39999999999999997,0,0.39999999999999997
5,303,0,6000000,225.52333027870972,0,3000000000,907001,910001,906001,4000,0,3000,0.3,0,0.3
5,305,0,2000000,233.08901861735143,0,4000000000,912001,916001,912001,4000,0,4000,0.39999999999999997,0,0.39999999999999997
5,304,1,3000000,250.56051404800397,342345.26095277566,6000000000,917764,918964,909001,9963,8763,1200,0,2.6289249557456245,2.6289249557456245
5,306,0,3000000,211.65140868890998,0,5000000000,916001,921001,915001,6000,0,5000,0.49999999999999994,0,0.49999999999999994
5,307,0,5000000,192.75063605601926,0,8000000000,921001,929001,918001,11000,0,8000,0.7999999999999999,0,0.7999999999999999
5,309,0,2000000,176.58367988010673,0,2000000000,929001,931001,924001,7000,0,2000,0.19999999999999998,0,0.19999999999999998
5,308,1,5000000,180.5800722671248,1260855.8635962484,4000000000,935676,936476,921001,15475,3966,800,0,1.1896681003026452,1.1896681003026452
5,311,0,6000000,194.23007104977333,0,10000000000,931001,941001,930001,11000,0,10000,0.9999999999999999,0,0.9999999999999999
5,310,1,4000000,181.37095936229701,1239193.5096342016,4000000000,942076,942876,927001,15875,3228,800,0,0.9683717600766234,0.9683717600766234
5,315,0,5000000,200.02061943709708,0,9000000000,942001,951001,942001,9000,0,9000,0.8999999999999999,0,0.8999999999999999
5,312,1,5000000,213.66740532893644,646020.8616227799,3000000000,951076,951676,933001,18675,7740,600,0,2.3219064415846526,2.3219064415846526
5,316,1,6000000,184.1154034837933,1167524.4389661152,4000000000,951071,951871,945001,6870,5139,800,0,1.5417236161617007,1.5417236161617007
5,314,1,7000000,221.99156425414006,554790.1915118764,5000000000,953471,954471,939001,15470,12617,1000,0,3.7852147210411617,3.7852147210411617
5,317,1,6000000,176.02784836496753,1395127.0956379764,2000000000,954471,954871,948001,6870,4301,400,0,1.2902050326654144,1.2902050326654144
5,318,1,3000000,176.64506701292282,1375913.9148510837,7000000000,954871,956271,951001,5270,2180,1400,0,0.6541106898373128,0.6541106898373128
5,319,0,8000000,184.83825632157428,0,6000000000,954001,960001,954001,6000,0,6000,0.6,0,0.6
5,313,1,8000000,237.79412881734484,421765.4938642079,8000000000,960476,962076,936001,26075,18968,1600,0,5.690365937742424,5.690365937742424
5,322,1,5000000,104.28014432287675,10616663.982397288,5000000000,963523,964523,963001,1522,471,1000,0,0.1412873198668659,0.1412873198668659
5,320,0,4000000,166.14728526220347,0,8000000000,960001,968001,957001,11000,0,8000,0.7999999999999999,0,0.7999999999999999
5,321,0,9000000,131.6878885850935,0,4000000000,968001,972001,960001,12000,0,4000,0.39999999999999997,0,0.39999999999999997
5,326,1,7000000,69.19475413642282,43114268.4255077,5000000000,975163,976163,975001,1162,162,1000,0,0.04870777301088511,0.04870777301088511
5,323,0,2000000,91.22535886473673,0,7000000000,972001,979001,966001,13000,0,7000,0.7,0,0.7
5,324,0,6000000,72.13038888013847,0,4000000000,979001,983001,969001,14000,0,4000,0.39999999999999997,0,0.39999999999999997
5,325,0,5000000,65.8605268730823,0,5000000000,983001,988001,972001,16000,0,5000,0.49999999999999994,0,0.49999999999999994
5,327,0,3000000,71.34061185608101,0,3000000000,988001,991001,978001,13000,0,3000,0.3,0,0.3
5,332,1,3000000,104.60380968205693,10494939.058564765,9000000000,993287,995087,993001,2086,286,1800,0,0.08575561944454772,0.08575561944454772
6,2,0,7000000,217.9136464290385,0,7000000000,3001,10001,3001,7000,0,7000,0.7,0,0.7
6,1,1,5000000,222.7320731282318,547476.732141788,9000000000,9202,11002,1,11001,9133,1800,0,2.73984246623932,2.73984246623932
6,5,0,2000000,192.0551235973672,0,5000000000,12001,17001,12001,5000,0,5000,0.49999999999999994,0,0.49999999999999994
6,4,1,5000000,197.5051295536397,883426.0591488355,2000000000,16716,17116,9001,8115,5660,400,0,1.697934970862442,1.697934970862442
6,6,1,4000000,190.76479182490672,1014136.681003088,3000000000,21516,22116,15001,7115,3944,600,0,1.183272454767215,1.183272454767215
6,3,1,10000000,206.78222360734978,735996.1756932989,9000000000,22116,23916,6001,17915,13587,1800,0,4.076108136260407,4.076108136260407
6,7,1,7000000,193.5897233842747,956607.4537486697,6000000000,25319,26519,18001,8518,7318,1200,0,2.1952578267822433,2.1952578267822433
6,8,1,5000000,200.54315046892026,831398.6577848962,5000000000,27519,28519,21001,7518,6014,1000,0,1.804188623537672,1.804188623537672
6,10,0,7000000,223.33969575514334,0,6000000000,27001,33001,27001,6000,0,6000,0.6,0,0.6
6,11,0,7000000,239.61166102675386,0,5000000000,33001,38001,30001,8000,0,5000,0.49999999999999994,0,0.49999999999999994
6,9,1,6000000,209.82187993629262,694465.2100181811,8000000000,37519,39119,24001,15118,8640,1600,0,2.59192249522892,2.59192249522892
6,12,0,4000000,245.32774262198723,0,8000000000,38001,46001,33001,13000,0,8000,0.7999999999999999,0,0.7999999999999999
6,13,1,5000000,228.0650473001069,498207.5128583913,2000000000,46231,46631,36001,10630,10036,400,0,3.0107936176914993,3.0107936176914993
6,14,1,5000000,213.29231233216072,650556.7130018016,9000000000,46687,48487,39001,9486,7686,1800,0,2.3057175032115085,2.3057175032115085
6,16,1,5000000,193.3468660206314,961390.8369035487,7000000000,50202,51602,45001,6601,5201,1400,0,1.560239542984626,1.560239542984626
6,15,0,7000000,201.55777186702576,0,10000000000,46001,56001,42001,14000,0,10000,0.9999999999999999,0,0.9999999999999999
6,18,1,4000000,189.41102871797094,1043231.1366892633,7000000000,54835,56235,51001,5234,3834,1400,0,1.1502724159559206,1.1502724159559206
6,17,0,7000000,189.21888515684685,0,3000000000,56001,59001,48001,11000,0,3000,0.3,0,0.3
6,19,1,8000000,193.91045484965477,950335.5579042289,6000000000,62419,63619,54001,9618,8418,1200,0,2.525423762205331,2.525423762205331
6,21,0,7000000,175.36359513878585,0,4000000000,60001,64001,60001,4000,0,4000,0.39999999999999997,0,0.39999999999999997
6,22,0,3000000,154.06253535496552,0,3000000000,64001,67001,63001,4000,0,3000,0.3,0,0.3
6,20,1,9000000,195.13920902781172,926776.0312613024,7000000000,68419,69819,57001,12818,9711,1400,0,2.9133252360070383,2.9133252360070383
6,23,0,3000000,133.38083707939458,0,8000000000,67001,75001,66001,9000,0,8000,0.7999999999999999,0,0.7999999999999999
6,25,1,4000000,174.8651803533225,1432233.6339419342,4000000000,74794,75594,72001,3593,2793,800,0,0.837852129402409,0.837852129402409
6,24,0,7000000,188.10833713581115,0,3000000000,75001,78001,69001,9000,0,3000,0.3,0,0.3
6,27,1,2000000,126.14830359541106,5152491.579904694,6000000000,78389,79589,78001,1588,388,1200,0,0.11644851635276195,0.11644851635276195
6,26,1,10000000,150.2938035981524,2603282.4107876257,7000000000,79589,80989,75001,5988,3841,1400,0,1.1523912993720673,1.1523912993720673
6,28,1,3000000,105.36952595508816,10213559.376322422,9000000000,82789,84589,81001,3588,294,1800,0,0.08811815419474865,0.08811815419474865
6,29,0,10000000,85.11963345785738,0,3000000000,84001,87001,84001,3000,0,3000,0.3,0,0.3
6,30,1,6000000,69.79069422208096,42011476.9816723,8000000000,87144,88744,87001,1743,143,1600,0,0.04284543485070182,0.04284543485070182
6,31,0,4000000,63.07941026991297,0,4000000000,90001,94001,90001,4000,0,4000,0.39999999999999997,0,0.39999999999999997
6,32,1,5000000,53.26537336769544,86760472.36073813,8000000000,93059,94659,93001,1658,58,1600,0,0.017288979176637097,0.017288979176637097
6,33,1,4000000,28.575531491120152,243198316.08806413,6000000000,96017,97217,96001,1216,16,1200,0,0.004934244690927342,0.004934244690927342
6,35,1,3000000,26.855615800051904,260562896.90028605,8000000000,102013,103613,102001,1612,12,1600,0,0.0034540604618178545,0.0034540604618178545
6,34,0,8000000,7.280054944847589,0,6000000000,99001,105001,99001,6000,0,6000,0.6,0,0.6
6,36,1,3000000,53.79042665753823,84792031.2517591,7000000000,105036,106436,105001,1435,35,1400,0,0.010614204975556929,0.010614204975556929
6,39,1,4000000,135.11509834211714,3948126.300345348,7000000000,115014,116414,114001,2413,1013,1400,0,0.3039416443934517,0.3039416443934517
6,37,0,5000000,81.05950715369544,0,9000000000,108001,117001,108001,9000,0,9000,0.8999999999999999,0,0.8999999999999999
6,38,0,8000000,108.066130216641,0,5000000000,117001,122001,111001,11000,0,5000,0.49999999999999994,0,0.49999999999999994
6,42,1,9000000,116.96413339139478,6887121.4892888805,2000000000,124308,124708,123001,1707,1307,400,0,0.39203606386196976,0.39203606386196976
6,43,1,6000000,89.90989711928275,18196505.509070817,10000000000,126331,128331,126001,2330,330,2000,0,0.09892009205298863,0.09892009205298863
6,40,0,10000000,162.17557707620463,0,9000000000,122001,131001,117001,14000,0,9000,0.8999999999999999,0,0.8999999999999999
6,44,1,5000000,66.63219191952192,48217518.84241516,10000000000,129432,131432,129001,2431,104,2000,0,0.031109025018527203,0.031109025018527203
6,45,1,4000000,72.69378859297397,37054901.79498074,4000000000,132109,132909,132001,908,108,800,0,0.032384379444301906,0.032384379444301906
6,41,0,7000000,144.03221445218426,0,4000000000,131001,135001,120001,15000,0,4000,0.39999999999999997,0,0.39999999999999997
6,46,0,3000000,93.90627082362498,0,2000000000,135001,137001,135001,2000,0,2000,0.19999999999999998,0,0.19999999999999998
6,47,1,9000000,120.95051880831267,6058288.833137865,9000000000,139487,141287,138001,3286,1486,1800,0,0.4456703987488075,0.4456703987488075
6,48,0,7000000,150.70982184316983,0,6000000000,141001,147001,141001,6000,0,6000,0.6,0,0.6
6,49,1,6000000,173.4924773585299,1477636.1255757445,6000000000,151373,152573,144001,8572,4061,1200,0,1.2181618795348887,1.2181618795348887
6,50,1,9000000,174.0341161956471,1459510.6694019756,6000000000,155173,156373,147001,9372,6166,1200,0,1.849935088933818,1.849935088933818
6,52,0,3000000,175.1478506862131,0,5000000000,153001,158001,153001,5000,0,5000,0.49999999999999994,0,0.49999999999999994
6,51,1,10000000,174.0341161956471,1459510.6694019756,4000000000,157773,158573,150001,8572,6852,800,0,2.055483432148687,2.055483432148687
6,53,1,4000000,189.85202685249374,1033640.64733435,9000000000,160373,162173,156001,6172,3870,1800,0,1.1609450567706225,1.1609450567706225
6,54,0,2000000,216.31721729903975,0,9000000000,159001,168001,159001,9000,0,9000,0.8999999999999999,0,0.8999999999999999
6,55,0,2000000,184.33608029900165,0,7000000000,168001,175001,162001,13000,0,7000,0.7,0,0.7
6,56,1,8000000,165.14443738739737,1795861.0041355346,9000000000,174429,176229,165001,11228,4455,1800,0,1.336406322356377,1.336406322356377
6,57,0,5000000,165.12607062484105,0,5000000000,175001,180001,168001,12000,0,5000,0.49999999999999994,0,0.49999999999999994
6,59,1,7000000,165.12607062484105,1796650.272861033,5000000000,186029,187029,174001,13028,3896,1000,0,1.1688418340069628,1.1688418340069628
6,58,0,8000000,165.12607062484105,0,8000000000,180001,188001,171001,17000,0,8000,0.7999999999999999,0,0.7999999999999999
6,60,1,4000000,165.12607062484105,1796650.272861033,5000000000,187029,188029,177001,11028,2226,1000,0,0.6679096194325502,0.6679096194325502
6,61,0,5000000,165.12607062484105,0,2000000000,188001,190001,180001,10000,0,2000,0.19999999999999998,0,0.19999999999999998
6,62,1,2000000,164.02476398397897,1844773.1699464065,9000000000,194029,195829,183001,12828,1084,1800,0,0.3252432384505196,0.3252432384505196
6,63,0,6000000,149.81823687388663,0,7000000000,190001,197001,186001,11000,0,7000,0.7,0,0.7
6,67,0,9000000,76.85498292238442,0,6000000000,198001,204001,198001,6000,0,6000,0.6,0,0.6
6,64,1,5000000,125.45376239874189,5263445.893107419,8000000000,206829,208429,189001,19428,950,1600,0,0.28498440574154627,0.28498440574154627
6,65,1,2000000,103.28530679627188,11001525.721394615,4000000000,211229,212029,192001,20028,182,800,0,0.05453789003403254,0.05453789003403254
6,69,0,5000000,65.35462646209521,0,10000000000,204001,214001,204001,10000,0,10000,0.9999999999999999,0,0.9999999999999999
6,66,1,4000000,83.56151327016524,23471931.292604443,9000000000,217429,219229,195001,24228,170,1800,0,0.05112489402941023,0.05112489402941023
6,70,0,3000000,68.7992107512869,0,9000000000,214001,223001,207001,16000,0,9000,0.8999999999999999,0,0.8999999999999999
6,72,0,9000000,92.40482238498166,0,5000000000,223001,228001,213001,15000,0,5000,0.49999999999999994,0,0.49999999999999994
6,68,1,3000000,72.11971783084009,37982631.61105005,10000000000,228429,230429,201001,29428,79,2000,0,0.02369504064953121,0.02369504064953121
6,73,0,10000000,112.62071301496898,0,3000000000,228001,231001,216001,15000,0,3000,0.3,0,0.3
6,78,0,6000000,202.21815076792691,0,4000000000,231001,235001,231001,4000,0,4000,0.39999999999999997,0,0.39999999999999997
6,71,1,2000000,79.16336589610123,28154196.97589499,2000000000,237829,238229,210001,28228,71,400,0,0.02131120985314221,0.02131120985314221
6,79,1,6000000,186.772692061768,1102980.3329569334,3000000000,239441,240041,234001,6040,5440,600,0,1.6319420629871577,1.6319420629871577
6,80,0,4000000,180.1171424379146,0,5000000000,237001,242001,237001,5000,0,5000,0.49999999999999994,0,0.49999999999999994
6,82,1,2000000,183.50970682773158,1182888.8376040703,10000000000,245665,247665,243001,4664,1691,2000,0,0.5072327854706061,0.5072327854706061
6,81,0,5000000,178.63569016296822,0,10000000000,242001,252001,240001,12000,0,10000,0.9999999999999999,0,0.9999999999999999
6,84,1,4000000,210.2469262557719,688892.9960810343,3000000000,257265,257865,249001,8864,5806,600,0,1.7419250984210097,1.7419250984210097
6,74,1,10000000,135.5931727632332,3894207.198068234,6000000000,257829,259029,219001,40028,2568,1200,0,0.7703750333285255,0.7703750333285255
6,83,0,2000000,194.31395137766103,0,9000000000,252001,261001,246001,15000,0,9000,0.8999999999999999,0,0.8999999999999999
6,86,1,4000000,238.0400991429805,420029.985820819,2000000000,264524,264924,255001,9923,9523,400,0,2.856938886529661,2.856938886529661
6,88,1,3000000,200.57277906037,830910.3280088553,2000000000,264924,265324,261001,4323,3610,400,0,1.0831493720347742,1.0831493720347742
6,75,1,8000000,158.08928363428052,2133524.8700492503,7000000000,264229,265629,222001,43628,3750,1400,0,1.1248990033777289,1.1248990033777289
6,76,1,3000000,182.69957991194184,1203834.203542669,6000000000,265629,266829,225001,41828,2492,1200,0,0.7476112552305465,0.7476112552305465
6,85,0,3000000,230.11466294002213,0,10000000000,261001,271001,252001,19000,0,10000,0.9999999999999999,0,0.9999999999999999
6,90,1,5000000,181.04437135685828,1248082.1949042748,7000000000,271007,272407,267001,5406,4006,1400,0,1.201843921918177,1.201843921918177
6,89,1,8000000,188.03506162415562,1073875.0980758169,4000000000,272407,273207,264001,9206,7450,800,0,2.2348967811064346,2.2348967811064346
6,87,1,10000000,217.6432842979539,600283.5538664844,3000000000,274660,275260,258001,17259,16659,600,0,4.997638167290624,4.997638167290624
6,91,0,8000000,179.51757239891592,0,6000000000,271001,277001,270001,7000,0,6000,0.6,0,0.6
6,77,1,4000000,208.21740369143018,716012.349761862,5000000000,277629,278629,228001,50628,5586,1000,0,1.675948746413532,1.675948746413532
6,92,0,4000000,157.25793111954644,0,5000000000,277001,282001,273001,9000,0,5000,0.49999999999999994,0,0.49999999999999994
6,93,0,2000000,130.32141228516517,0,7000000000,282001,289001,276001,13000,0,7000,0.7,0,0.7
6,99,1,2000000,31.49512978223769,216297455.72933018,2000000000,294010,294410,294001,409,9,400,0,0.002773957733237633,0.002773957733237633
6,94,0,7000000,103.45679533022465,0,9000000000,289001,298001,279001,19000,0,9000,0.8999999999999999,0,0.8999999999999999
6,100,1,9000000,57.08835695656346,73371012.90354834,10000000000,297608,299608,297001,2607,123,2000,0,0.03679927389784506,0.03679927389784506
6,102,1,7000000,108.10873230225206,9278390.254668916,7000000000,303755,305155,303001,2154,754,1400,0,0.22633236395109305,0.22633236395109305
6,95,0,2000000,79.04382834858136,0,8000000000,298001,306001,282001,24000,0,8000,0.7999999999999999,0,0.7999999999999999
6,103,1,8000000,135.0295649108001,3957869.6999758785,7000000000,308022,309422,306001,3421,2021,1400,0,0.6063868146075215,0.6063868146075215
6,96,0,4000000,52.56803971996677,0,6000000000,306001,312001,285001,27000,0,6000,0.6,0,0.6
6,104,1,5000000,162.00847879046336,1937093.3825053526,5000000000,312203,313203,309001,4202,2581,1000,0,0.7743560602431903,0.7743560602431903
6,97,0,3000000,27.36606840596581,0,4000000000,312001,316001,288001,28000,0,4000,0.39999999999999997,0,0.39999999999999997
6,107,1,5000000,162.78575490502848,1900839.9896938512,5000000000,320631,321631,318001,3630,2630,1000,0,0.7891248122581794,0.7891248122581794
6,98,0,5000000,14.297475301604836,0,8000000000,316001,324001,291001,33000,0,8000,0.7999999999999999,0,0.7999999999999999
6,108,1,9000000,184.80817866101054,1150254.2748061665,8000000000,328825,330425,321001,9424,7824,1600,0,2.347307077345995,2.347307077345995
6,101,0,2000000,83.62993961494888,0,7000000000,324001,331001,300001,31000,0,7000,0.7,0,0.7
6,105,0,8000000,120.63998010609926,0,9000000000,331001,340001,312001,28000,0,9000,0.8999999999999999,0,0.8999999999999999
6,113,1,3000000,106.92696619655861,9668658.53021707,6000000000,338854,340054,336001,4053,310,1200,0,0.09308426781101703,0.09308426781101703
6,106,0,4000000,138.5621553671854,0,9000000000,340001,349001,315001,34000,0,9000,0.8999999999999999,0,0.8999999999999999
6,117,1,7000000,140.1223422584706,3425805.8429487906,9000000000,350044,351844,348001,3843,2043,1800,0,0.6129944591934048,0.6129944591934048
6,109,0,3000000,187.10896557888404,0,10000000000,349001,359001,324001,35000,0,10000,0.9999999999999999,0,0.9999999999999999
6,119,1,3000000,174.84799255353212,1432791.3222433378,9000000000,357325,359125,354001,5124,2094,1800,0,0.6281445078763177,0.6281445078763177
6,122,1,3000000,162.6572780419001,1906773.9425882073,10000000000,364574,366574,363001,3573,1573,2000,0,0.4720014155313883,0.4720014155313883
6,110,0,7000000,172.3123237032105,0,8000000000,359001,367001,327001,40000,0,8000,0.7999999999999999,0,0.7999999999999999
6,111,0,4000000,148.81964655246298,0,2000000000,367001,369001,330001,39000,0,2000,0.19999999999999998,0,0.19999999999999998
6,112,0,4000000,124.56822227197442,0,4000000000,369001,373001,333001,40000,0,4000,0.39999999999999997,0,0.39999999999999997
6,114,0,6000000,108.24042313294976,0,5000000000,373001,378001,339001,39000,0,5000,0.49999999999999994,0,0.49999999999999994
6,115,0,6000000,114.77146160958311,0,5000000000,378001,383001,342001,41000,0,5000,0.49999999999999994,0,0.49999999999999994
6,128,1,4000000,149.65587091724797,2647144.8839764283,7000000000,382512,383912,381001,2911,1511,1400,0,0.45331859516408907,0.45331859516408907
6,129,1,5000000,133.46222124631373,4141759.045284809,8000000000,385208,386808,384001,2807,1207,1600,0,0.36216496024984285,0.36216496024984285
6,116,0,9000000,125.73695757413577,0,4000000000,383001,387001,345001,42000,0,4000,0.39999999999999997,0,0.39999999999999997
6,118,0,4000000,156.23674663791482,0,5000000000,387001,392001,351001,41000,0,5000,0.49999999999999994,0,0.49999999999999994
6,131,1,9000000,110.49488766454304,8546634.823788162,8000000000,391054,392654,390001,2653,1053,1600,0,0.31591381352634734,0.31591381352634734
6,132,1,10000000,108.09603137950991,9282482.776250936,4000000000,394078,394878,393001,1877,1077,800,0,0.3231893958021065,0.3231893958021065
6,120,0,4000000,194.7443144227836,0,8000000000,392001,400001,357001,43000,0,8000,0.7999999999999999,0,0.7999999999999999
6,121,0,6000000,181.6083271769222,0,3000000000,400001,403001,360001,43000,0,3000,0.3,0,0.3
6,135,1,9000000,114.32631411884135,7511931.4818902025,6000000000,403199,404399,402001,2398,1198,1200,0,0.3594281985277917,0.3594281985277917
6,123,0,6000000,145.30659585855,0,4000000000,403001,407001,366001,41000,0,4000,0.39999999999999997,0,0.39999999999999997
6,136,1,2000000,89.47603757431371,18510034.47259945,7000000000,405999,407399,405001,2398,108,1400,0,0.03241485049032106,0.03241485049032106
6,137,1,6000000,72.36934779310917,37576161.272603445,3000000000,409222,409822,408001,1821,160,600,0,0.04790271116151423,0.04790271116151423
6,124,0,3000000,168.8645625938137,0,7000000000,407001,414001,369001,45000,0,7000,0.7,0,0.7
6,139,1,4000000,83.12171617573829,23898083.89107405,3000000000,415583,416183,414001,2182,167,600,0,0.05021323071211583,0.05021323071211583
6,125,0,8000000,181.39141683111694,0,9000000000,414001,423001,372001,51000,0,9000,0.8999999999999999,0,0.8999999999999999
6,141,1,9000000,115.83319256586164,7146963.840185974,5000000000,422783,423783,420001,3782,1259,1000,0,0.3777827984546991,0.3777827984546991
6,142,1,8000000,141.44933262479537,3301904.9366889168,3000000000,425783,426383,423001,3382,2423,600,0,0.7268531487180462,0.7268531487180462
6,126,0,8000000,192.3201895277768,0,6000000000,423001,429001,375001,54000,0,6000,0.6,0,0.6
6,127,0,5000000,170.07414412543727,0,5000000000,429001,434001,378001,56000,0,5000,0.49999999999999994,0,0.49999999999999994
6,146,1,2000000,189.8597790475908,1033473.0421893944,2000000000,439045,439445,435001,4444,1935,400,0,0.5805666674467973,0.5805666674467973
6,130,0,8000000,119.40880034570313,0,7000000000,434001,441001,387001,54000,0,7000,0.7,0,0.7
6,144,1,10000000,196.0276197376278,910193.8810835432,10000000000,440686,442686,429001,13685,10987,2000,0,3.2960010634532506,3.2960010634532506
6,147,1,4000000,166.82433035981288,1725455.496060949,10000000000,443445,445445,438001,7444,2318,2000,0,0.6954685314918211,0.6954685314918211
6,148,1,2000000,142.05101689181953,3247548.572659054,8000000000,446045,447645,441001,6644,616,1600,0,0.18475474240827974,0.18475474240827974
6,133,0,10000000,112.65787367068489,0,7000000000,441001,448001,396001,52000,0,7000,0.7,0,0.7
6,145,1,6000000,215.9080489467681,619731.4986936649,10000000000,447645,449645,432001,17644,9682,2000,0,2.9044836413740933,2.9044836413740933
6,149,1,3000000,118.58107648356041,6535256.828569583,4000000000,453245,454045,444001,10044,459,800,0,0.13771455714877992,0.13771455714877992
6,134,0,4000000,122.6371448623948,0,8000000000,448001,456001,399001,57000,0,8000,0.7999999999999999,0,0.7999999999999999
6,150,1,2000000,97.1925496115829,13757562.988701891,10000000000,454445,456445,447001,9444,145,2000,0,0.043612375279890585,0.043612375279890585
6,151,1,8000000,83.52070701329106,23511105.340163704,9000000000,457845,459645,450001,9644,340,1800,0,0.1020794201410902,0.1020794201410902
6,138,0,2000000,69.75517901919544,0,5000000000,456001,461001,411001,50000,0,5000,0.49999999999999994,0,0.49999999999999994
6,152,1,7000000,72.07147077727774,38061738.959492095,10000000000,460645,462645,453001,9644,184,2000,0,0.05517351695977327,0.05517351695977327
6,140,0,10000000,103.79857417132466,0,9000000000,461001,470001,417001,53000,0,9000,0.8999999999999999,0,0.8999999999999999
6,143,0,5000000,172.30909233119414,0,7000000000,470001,477001,426001,51000,0,7000,0.7,0,0.7
6,156,1,10000000,94.58451987508309,15183037.949342685,8000000000,476445,478045,465001,13044,659,1600,0,0.197588915341536,0.197588915341536
6,153,0,8000000,68.5346751652038,0,2000000000,477001,479001,456001,23000,0,2000,0.19999999999999998,0,0.19999999999999998
6,154,0,9000000,75.71818275685173,0,5000000000,479001,484001,459001,25000,0,5000,0.49999999999999994,0,0.49999999999999994
6,158,1,5000000,138.69952343104856,3565084.0114608333,3000000000,483845,484445,471001,13444,1402,600,0,0.4207474480763661,0.4207474480763661
6,155,0,8000000,86.78113274208862,0,2000000000,484001,486001,462001,24000,0,2000,0.19999999999999998,0,0.19999999999999998
6,162,1,7000000,174.72559343152912,1436770.5890891692,6000000000,489036,490236,483001,7235,4872,1200,0,1.461611210549125,1.461611210549125
6,164,1,7000000,114.04174016560778,7583370.609184323,8000000000,490236,491836,489001,2835,923,1600,0,0.27692171571526014,0.27692171571526014
6,157,0,10000000,115.43668957484881,0,9000000000,486001,495001,468001,27000,0,9000,0.8999999999999999,0,0.8999999999999999
6,159,0,4000000,166.29108093941775,0,4000000000,495001,499001,474001,25000,0,4000,0.39999999999999997,0,0.39999999999999997
6,168,1,2000000,94.75870091975723,15082576.115849117,4000000000,501134,501934,501001,933,133,800,0,0.0397810026212635,0.0397810026212635
6,160,0,2000000,198.0758422927945,0,4000000000,499001,503001,477001,26000,0,4000,0.39999999999999997,0,0.39999999999999997
6,161,0,3000000,207.08113434110794,0,6000000000,503001,509001,480001,29000,0,6000,0.6,0,0.6
6,163,0,4000000,143.42267080207372,0,10000000000,509001,519001,486001,33000,0,10000,0.9999999999999999,0,0.9999999999999999
6,165,0,7000000,88.38672807610877,0,6000000000,519001,525001,492001,33000,0,6000,0.6,0,0.6
6,173,1,7000000,209.0294266365384,705004.8320926337,8000000000,525930,527530,516001,11529,9929,1600,0,2.9787029881294087,2.9787029881294087
6,166,0,10000000,70.71801538504884,0,3000000000,525001,528001,495001,33000,0,3000,0.3,0,0.3
6,175,1,4000000,194.17599079185874,945181.7091876948,4000000000,527530,528330,522001,6329,4232,800,0,1.269597145538608,1.269597145538608
6,167,0,4000000,73.465203327834,0,2000000000,528001,530001,498001,32000,0,2000,0.19999999999999998,0,0.19999999999999998
6,176,1,7000000,195.29334269247377,923872.3260416819,7000000000,532578,533978,525001,8977,7577,1400,0,2.2730413508513894,2.2730413508513894
6,169,0,2000000,121.82388353685002,0,6000000000,530001,536001,504001,32000,0,6000,0.6,0,0.6
6,178,1,6000000,194.6735824399397,935617.2037013756,7000000000,537414,538814,531001,7813,6413,1400,0,1.9238637264033385,1.9238637264033385
6,170,0,3000000,146.94729429288583,0,7000000000,536001,543001,507001,36000,0,7000,0.7,0,0.7
6,179,1,7000000,198.16584216256848,871773.5404273598,10000000000,542031,544031,534001,10030,8030,2000,0,2.408882470750994,2.408882470750994
6,180,1,8000000,207.69748794821763,723172.7519337003,7000000000,548063,549463,537001,12462,11062,1400,0,3.3187091100744754,3.3187091100744754
6,171,0,10000000,174.55703394592837,0,8000000000,543001,551001,510001,41000,0,8000,0.7999999999999999,0,0.7999999999999999
6,172,0,9000000,202.1015017262366,0,5000000000,551001,556001,513001,43000,0,5000,0.49999999999999994,0,0.49999999999999994
6,174,0,7000000,198.94296117229177,0,6000000000,556001,562001,519001,43000,0,6000,0.6,0,0.6
6,186,1,3000000,208.57161767603955,711184.5926492425,6000000000,561955,563155,555001,8154,4218,1200,0,1.2654942321618623,1.2654942321618623
6,187,1,2000000,187.95277731387742,1075742.9091075766,5000000000,563155,564155,558001,6154,1859,1000,0,0.557754083173788,0.557754083173788
6,177,0,5000000,202.33281197077255,0,3000000000,562001,565001,528001,37000,0,3000,0.3,0,0.3
6,190,1,9000000,103.04144457450118,11098397.709376307,5000000000,570555,571555,567001,4554,811,1000,0,0.24327836059784985,0.24327836059784985
6,181,0,9000000,209.84021826141907,0,9000000000,565001,574001,540001,34000,0,9000,0.8999999999999999,0,0.8999999999999999
6,182,0,2000000,197.28315006609157,0,7000000000,574001,581001,543001,38000,0,7000,0.7,0,0.7
6,183,0,7000000,191.29912728499315,0,2000000000,581001,583001,546001,37000,0,2000,0.19999999999999998,0,0.19999999999999998
6,194,1,2000000,104.00013124991719,10723337.705667892,8000000000,586755,588355,579001,9354,187,1600,0,0.05595272819607891,0.05595272819607891
6,184,0,6000000,191.6862879811699,0,9000000000,583001,592001,549001,43000,0,9000,0.8999999999999999,0,0.8999999999999999
6,196,1,4000000,165.38189048381324,1785695.641187682,8000000000,590555,592155,585001,7154,2240,1600,0,0.6720070163815091,0.6720070163815091
6,185,0,10000000,198.4778811354051,0,3000000000,592001,595001,552001,43000,0,3000,0.3,0,0.3
6,188,0,3000000,158.02124066086813,0,4000000000,595001,599001,561001,38000,0,4000,0.39999999999999997,0,0.39999999999999997
6,189,0,2000000,130.68185222133945,0,4000000000,599001,603001,564001,39000,0,4000,0.39999999999999997,0,0.39999999999999997
6,191,0,7000000,77.36845998208835,0,4000000000,603001,607001,570001,37000,0,4000,0.39999999999999997,0,0.39999999999999997
6,202,1,9000000,150.89444058678902,2562802.929509758,7000000000,606513,607913,603001,4912,3512,1400,0,1.0535339915958684,1.0535339915958684
6,192,0,5000000,64.76762540034953,0,2000000000,607001,609001,573001,36000,0,2000,0.19999999999999998,0,0.19999999999999998
6,204,1,8000000,101.11935521946329,11898655.266856804,7000000000,610205,611605,609001,2604,672,1400,0,0.20170346532226185,0.20170346532226185
6,200,1,10000000,215.71656218287922,621925.446096961,7000000000,614605,616005,597001,19004,16079,1400,0,4.823729305220109,4.823729305220109
6,206,1,5000000,76.94947043352542,30901800.335728306,8000000000,616005,617605,615001,2604,162,1600,0,0.04854086117001142,0.04854086117001142
6,193,0,9000000,78.84499286574898,0,10000000000,609001,619001,576001,43000,0,10000,0.9999999999999999,0,0.9999999999999999
6,207,1,6000000,70.00846805922836,41616019.752455465,4000000000,620005,620805,618001,2804,144,800,0,0.0432525746264765,0.0432525746264765
6,195,0,9000000,133.9356894184668,0,8000000000,619001,627001,582001,45000,0,8000,0.7999999999999999,0,0.7999999999999999
6,197,0,10000000,174.0341161956471,0,6000000000,627001,633001,588001,45000,0,6000,0.6,0,0.6
6,212,1,4000000,123.54063299174082,5584534.160502462,9000000000,635096,636896,633001,3895,716,1800,0,0.21487915831676666,0.21487915831676666
6,198,0,6000000,175.1478506862131,0,7000000000,633001,640001,591001,49000,0,7000,0.7,0,0.7
6,213,1,2000000,148.53689709967693,2726312.034975173,3000000000,640896,641496,636001,5495,734,600,0,0.22007752315316462,0.22007752315316462
6,199,0,10000000,189.78626557261725,0,4000000000,640001,644001,594001,50000,0,4000,0.39999999999999997,0,0.39999999999999997
6,214,1,10000000,171.54091407008414,1545307.0764294052,6000000000,646496,647696,639001,8695,6471,1200,0,1.9413617175246591,1.9413617175246591
6,201,0,4000000,182.03183924797332,0,4000000000,644001,648001,600001,48000,0,4000,0.39999999999999997,0,0.39999999999999997
6,216,1,4000000,210.73468556457428,682567.1280540928,5000000000,650861,651861,645001,6860,5860,1000,0,1.7580688414061763,1.7580688414061763
6,203,0,5000000,124.31240847156009,0,10000000000,648001,658001,606001,52000,0,10000,0.9999999999999999,0,0.9999999999999999
6,218,1,5000000,201.31761274165763,818750.7512531156,10000000000,657108,659108,651001,8107,6107,2000,0,1.8320593876759415,1.8320593876759415
6,219,1,2000000,221.4291229716633,560426.562591953,2000000000,659108,659508,654001,5507,3569,400,0,1.0706130652070118,1.0706130652070118
6,205,0,3000000,80.51720064681831,0,9000000000,658001,667001,612001,55000,0,9000,0.8999999999999999,0,0.8999999999999999
6,222,1,6000000,200.72035272986147,828483.3767833763,3000000000,673440,674040,663001,11039,7242,600,0,2.1726446787485107,2.1726446787485107
6,208,0,2000000,65.21225114961142,0,10000000000,667001,677001,621001,56000,0,10000,0.9999999999999999,0,0.9999999999999999
6,226,1,6000000,156.3603843689315,2227997.475865003,9000000000,677694,679494,675001,4493,2693,1800,0,0.807900376682951,0.807900376682951
6,227,1,5000000,145.64278835562024,2945060.344681436,5000000000,680094,681094,678001,3093,1698,1000,0,0.509327424379908,0.509327424379908
6,209,0,4000000,72.24055509199796,0,7000000000,677001,684001,624001,60000,0,7000,0.7,0,0.7
6,230,1,2000000,143.32817517850424,3135780.7728355876,3000000000,688822,689422,687001,2421,638,600,0,0.1913399065386318,0.1913399065386318
6,210,0,10000000,82.68692339179152,0,7000000000,684001,691001,627001,64000,0,7000,0.7,0,0.7
6,231,1,5000000,138.08712068835382,3627174.77805286,2000000000,691379,691779,690001,1778,1378,400,0,0.4135450017672515,0.4135450017672515
6,233,1,4000000,140.55163108267374,3385105.615015692,3000000000,697183,697783,696001,1782,1182,600,0,0.35449410933503095,0.35449410933503095
6,211,0,3000000,100.36504570815485,0,10000000000,691001,701001,630001,71000,0,10000,0.9999999999999999,0,0.9999999999999999
6,215,0,5000000,198.23951674678793,0,2000000000,701001,703001,642001,61000,0,2000,0.19999999999999998,0,0.19999999999999998
6,235,1,7000000,164.27258596613132,1833806.2080259856,8000000000,705819,707419,702001,5418,3817,1600,0,1.1451591726590131,1.1451591726590131
6,217,0,6000000,189.52366870657607,0,5000000000,703001,708001,648001,60000,0,5000,0.49999999999999994,0,0.49999999999999994
6,220,0,2000000,240.0783732450718,0,2000000000,708001,710001,657001,53000,0,2000,0.19999999999999998,0,0.19999999999999998
6,221,0,5000000,220.72532546130725,0,4000000000,710001,714001,660001,54000,0,4000,0.39999999999999997,0,0.39999999999999997
6,223,0,2000000,180.93410651394612,0,2000000000,714001,716001,666001,50000,0,2000,0.19999999999999998,0,0.19999999999999998
6,224,0,2000000,165.12041454647576,0,3000000000,716001,719001,669001,50000,0,3000,0.3,0,0.3
6,225,0,4000000,161.84899907012084,0,5000000000,719001,724001,672001,52000,0,5000,0.49999999999999994,0,0.49999999999999994
6,228,0,2000000,138.7337842776589,0,3000000000,724001,727001,681001,46000,0,3000,0.3,0,0.3
6,238,1,9000000,220.91956771639758,565594.7298318945,9000000000,726913,728713,711001,17712,15912,1800,0,4.773736135770734,4.773736135770734
6,242,1,6000000,192.73459808762928,973583.0670045031,8000000000,729164,730764,723001,7763,6163,1600,0,1.8488407009154304,1.8488407009154304
6,229,0,7000000,151.12012738215913,0,9000000000,727001,736001,684001,52000,0,9000,0.8999999999999999,0,0.8999999999999999
6,240,1,10000000,226.17469531315828,515013.356753128,7000000000,736418,737818,717001,20817,19417,1400,0,5.825091642114541,5.825091642114541
6,245,1,5000000,176.26250650663064,1387783.4584171576,10000000000,741053,743053,732001,11052,3603,2000,0,1.0808602674302166,1.0808602674302166
6,246,1,7000000,152.28644227244914,2471942.2179807937,7000000000,743053,744453,735001,9452,2832,1400,0,0.8495344206368162,0.8495344206368162
6,232,0,6000000,135.16880150389738,0,9000000000,736001,745001,693001,52000,0,9000,0.8999999999999999,0,0.8999999999999999
6,247,1,5000000,128.1990830700438,4841180.030254717,3000000000,745653,746253,738001,8252,1033,600,0,0.3098418134888237,0.3098418134888237
6,234,0,10000000,150.7335297802052,0,4000000000,745001,749001,699001,50000,0,4000,0.39999999999999997,0,0.39999999999999997
6,249,1,6000000,89.70373124904,18344715.975167725,2000000000,749453,749853,744001,5852,327,400,0,0.09812089772534854,0.09812089772534854
6,250,1,2000000,76.5228972269085,31464753.19994383,5000000000,750653,751653,747001,4652,64,1000,0,0.01906895618050076,0.01906895618050076
6,236,0,7000000,181.68669736664813,0,7000000000,749001,756001,705001,51000,0,7000,0.7,0,0.7
6,237,0,6000000,201.41250234282884,0,4000000000,756001,760001,708001,52000,0,4000,0.39999999999999997,0,0.39999999999999997
6,239,0,2000000,240.81665100237564,0,4000000000,760001,764001,714001,50000,0,4000,0.39999999999999997,0,0.39999999999999997
6,253,1,8000000,84.98841921109019,22147807.303729057,6000000000,762853,764053,756001,8052,361,1200,0,0.10836287164174074,0.10836287164174074
6,241,0,3000000,206.46748920834972,0,4000000000,764001,768001,720001,48000,0,4000,0.39999999999999997,0,0.39999999999999997
6,255,1,5000000,106.25399098386846,9899720.025409272,5000000000,768053,769053,762001,7052,505,1000,0,0.1515194365244675,0.1515194365244675
6,257,1,4000000,136.7228561726239,3770352.86616931,9000000000,772653,774453,768001,6452,1061,1800,0,0.31827259744502473,0.31827259744502473
6,243,0,9000000,211.21141825194962,0,9000000000,768001,777001,726001,51000,0,9000,0.8999999999999999,0,0.8999999999999999
6,259,1,4000000,136.7228561726239,3770352.86616931,3000000000,777253,777853,774001,3852,1061,600,0,0.31827259744502473,0.31827259744502473
6,244,0,5000000,200.69033858160688,0,6000000000,777001,783001,729001,54000,0,6000,0.6,0,0.6
6,248,0,10000000,105.79224215413907,0,2000000000,783001,785001,741001,44000,0,2000,0.19999999999999998,0,0.19999999999999998
6,251,0,2000000,68.70239733808421,0,2000000000,785001,787001,750001,37000,0,2000,0.19999999999999998,0,0.19999999999999998
6,252,0,10000000,71.49526697621322,0,3000000000,787001,790001,753001,37000,0,3000,0.3,0,0.3
6,263,1,10000000,179.86457711289347,1280860.3218012922,4000000000,793808,794608,786001,8607,7807,800,0,2.3421757618200374,2.3421757618200374
6,254,0,5000000,88.28060092681748,0,7000000000,790001,797001,759001,38000,0,7000,0.7,0,0.7
6,265,1,2000000,192.938433703604,969502.778882596,9000000000,799089,800889,792001,8888,2063,1800,0,0.6188739352470266,0.6188739352470266
6,256,0,2000000,128.66252679004873,0,7000000000,797001,804001,765001,39000,0,7000,0.7,0,0.7
6,268,1,10000000,102.28239535716789,11406511.864885043,8000000000,803689,805289,801001,4288,877,1600,0,0.26300766049571234,0.26300766049571234
6,269,1,4000000,79.36739002890295,27915037.35453623,8000000000,807289,808889,804001,4888,143,1600,0,0.04298758352924068,0.04298758352924068
6,258,0,3000000,136.7228561726239,0,9000000000,804001,813001,771001,42000,0,9000,0.8999999999999999,0,0.8999999999999999
6,270,1,10000000,68.13887289939572,45144359.37020171,5000000000,812689,813689,807001,6688,222,1000,0,0.06645348481742329,0.06645348481742329
6,260,0,6000000,136.7228561726239,0,2000000000,813001,815001,777001,38000,0,2000,0.19999999999999998,0,0.19999999999999998
6,261,0,5000000,137.76203903833596,0,3000000000,815001,818001,780001,38000,0,3000,0.3,0,0.3
6,273,1,4000000,65.96626789503864,49644901.81785029,8000000000,819289,820889,816001,4888,81,1600,0,0.024171666295219236,0.024171666295219236
6,274,1,8000000,69.1849875334238,43132596.119243264,3000000000,821289,821889,819001,2888,185,600,0,0.05564237296000041,0.05564237296000041
6,262,0,6000000,151.57676932828463,0,7000000000,818001,825001,783001,42000,0,7000,0.7,0,0.7
6,275,1,7000000,83.80789759921194,23236976.06003323,8000000000,824089,825689,822001,3688,301,1600,0,0.09037320495466385,0.09037320495466385
6,264,0,7000000,212.2467651108021,0,7000000000,825001,832001,789001,43000,0,7000,0.7,0,0.7
6,280,1,5000000,80.3803383919227,26760889.702587914,4000000000,838134,838934,837001,1933,187,800,0,0.05605194807312189,0.05605194807312189
6,266,0,8000000,160.9731816173116,0,10000000000,832001,842001,795001,47000,0,10000,0.9999999999999999,0,0.9999999999999999
6,267,0,2000000,130.3658256599482,0,6000000000,842001,848001,798001,50000,0,6000,0.6,0,0.6
6,283,1,6000000,157.65543219312173,2156757.877613127,10000000000,848783,850783,846001,4782,2782,2000,0,0.834586032434967,0.834586032434967
6,271,0,6000000,66.76715435002455,0,5000000000,848001,853001,810001,43000,0,5000,0.49999999999999994,0,0.49999999999999994
6,284,1,7000000,186.46849868007195,1110140.0688176882,9000000000,855888,857688,849001,8687,6306,1800,0,1.8916531877247922,1.8916531877247922
6,272,0,3000000,80.33000995891886,0,8000000000,853001,861001,813001,48000,0,8000,0.7999999999999999,0,0.7999999999999999
6,288,1,3000000,196.08249003926895,909181.8913444314,3000000000,864301,864901,861001,3900,3300,600,0,0.9899009302408631,0.9899009302408631
6,286,1,8000000,204.4331785694289,770228.5428870128,9000000000,865388,867188,855001,12187,10387,1800,0,3.1159582725981414,3.1159582725981414
6,276,0,9000000,104.76012218396845,0,10000000000,861001,871001,825001,46000,0,10000,0.9999999999999999,0,0.9999999999999999
6,289,1,5000000,198.0210342362649,874310.9568341515,5000000000,871829,872829,864001,8828,5719,1000,0,1.7156367403097017,1.7156367403097017
6,277,0,8000000,100.2339233992165,0,2000000000,871001,873001,828001,45000,0,2000,0.19999999999999998,0,0.19999999999999998
6,290,1,9000000,194.73602671308663,934425.4520949945,4000000000,876633,877433,867001,10432,9632,800,0,2.8894760881636556,2.8894760881636556
6,291,1,9000000,199.8884433878057,842281.1576493233,3000000000,880686,881286,870001,11285,10685,600,0,3.20558043532077,3.20558043532077
6,278,0,10000000,80.69624650502647,0,10000000000,873001,883001,831001,52000,0,10000,0.9999999999999999,0,0.9999999999999999
6,279,0,10000000,67.92329570920421,0,7000000000,883001,890001,834001,56000,0,7000,0.7,0,0.7
6,294,1,4000000,239.75520348889196,408173.06843298615,10000000000,889950,891950,879001,12949,9800,2000,0,2.939929389773093,2.939929389773093
6,293,1,7000000,223.02611192414219,544606.1020295563,2000000000,891950,892350,876001,16349,12853,400,0,3.8559979261599073,3.8559979261599073
6,298,1,5000000,205.11207716758173,760134.8447136456,6000000000,897579,898779,891001,7778,6578,1200,0,1.9733340872764131,1.9733340872764131
6,281,0,7000000,104.90727191191277,0,10000000000,890001,900001,840001,60000,0,10000,0.9999999999999999,0,0.9999999999999999
6,297,1,6000000,217.57259225371195,601060.8496758066,9000000000,899579,901379,888001,13378,9982,1800,0,2.994705113418822,2.994705113418822
6,282,0,3000000,131.52839997506243,0,2000000000,900001,902001,843001,59000,0,2000,0.19999999999999998,0,0.19999999999999998
6,296,1,6000000,233.6851257568611,452126.31851841987,9000000000,901979,903779,885001,18778,13271,1800,0,3.9811882791925264,3.9811882791925264
6,285,0,7000000,209.89972010462517,0,2000000000,902001,904001,852001,52000,0,2000,0.19999999999999998,0,0.19999999999999998
6,301,1,2000000,194.28479919952562,943079.876067893,7000000000,903779,905179,900001,5178,2121,1400,0,0.6362133422904314,0.6362133422904314
6,299,1,8000000,196.82576482767698,895610.5046770052,7000000000,905179,906579,894001,12578,8932,1400,0,2.679736322281683,2.679736322281683
6,300,1,7000000,194.4185361533205,940504.4684324657,7000000000,906579,907979,897001,10978,7443,1400,0,2.2328442559130632,2.2328442559130632
6,287,0,5000000,196.19227940976677,0,5000000000,904001,909001,858001,51000,0,5000,0.49999999999999994,0,0.49999999999999994
6,295,1,8000000,252.68517427819148,331001.5098216577,10000000000,907979,909979,882001,27978,24169,2000,0,7.250722213602925,7.250722213602925
6,292,0,6000000,209.56238212045596,0,8000000000,909001,917001,873001,44000,0,8000,0.7999999999999999,0,0.7999999999999999
6,302,0,10000000,193.3046036699592,0,3000000000,917001,920001,903001,17000,0,3000,0.3,0,0.3
6,303,0,9000000,194.9927508908985,0,8000000000,920001,928001,906001,22000,0,8000,0.7999999999999999,0,0.7999999999999999
6,308,1,2000000,249.2392601497605,349644.77361467655,10000000000,926721,928721,921001,7720,5720,2000,0,1.7160273662812577,1.7160273662812577
6,304,0,9000000,201.52317236486726,0,7000000000,928001,935001,909001,26000,0,7000,0.7,0,0.7
6,311,1,5000000,206.03223946751635,746715.7391842426,5000000000,936697,937697,930001,7696,6696,1000,0,2.0087965490571964,2.0087965490571964
6,305,0,7000000,212.39360560054533,0,5000000000,935001,940001,912001,28000,0,5000,0.49999999999999994,0,0.49999999999999994
6,312,1,9000000,196.1540048023491,907865.0249682561,2000000000,942914,943314,933001,10313,9913,400,0,2.974010371304266,2.974010371304266
6,306,0,10000000,227.07861303962554,0,8000000000,940001,948001,915001,33000,0,8000,0.7999999999999999,0,0.7999999999999999
6,307,0,4000000,245.02855221381853,0,8000000000,948001,956001,918001,38000,0,8000,0.7999999999999999,0,0.7999999999999999
6,319,1,2000000,180.93142817100627,1251174.5890148962,10000000000,955599,957599,954001,3598,1598,2000,0,0.4795493812517451,0.4795493812517451
6,317,1,7000000,196.57795527474588,900107.0267581459,9000000000,957599,959399,948001,11398,7777,1800,0,2.3330558895461873,2.3330558895461873
6,309,0,7000000,237.07618290330223,0,5000000000,956001,961001,924001,37000,0,5000,0.49999999999999994,0,0.49999999999999994
6,320,1,4000000,154.91033019137234,2311256.494034091,10000000000,961399,963399,957001,6398,1731,2000,0,0.5191981085169425,0.5191981085169425
6,321,1,4000000,132.7855959808894,4224382.45634131,6000000000,965399,966599,960001,6598,947,1200,0,0.2840651887943182,0.2840651887943182
6,322,1,3000000,122.2924568401502,5806964.459819109,3000000000,967799,968399,963001,5398,517,600,0,0.15498631104555366,0.15498631104555366
6,310,0,9000000,219.88632449518093,0,10000000000,961001,971001,927001,44000,0,10000,0.9999999999999999,0,0.9999999999999999
6,323,1,2000000,122.28395029602208,5808517.097275301,6000000000,970399,971599,966001,5598,344,1200,0,0.10329658843243349,0.10329658843243349
6,313,0,4000000,190.84433578180938,0,2000000000,971001,973001,936001,37000,0,2000,0.19999999999999998,0,0.19999999999999998
6,324,1,3000000,119.61216033497598,6322277.16452895,6000000000,972999,974199,969001,5198,475,1200,0,0.14235377168363286,0.14235377168363286
6,326,1,2000000,81.65457243780044,25384579.8617672,4000000000,977599,978399,975001,3398,79,800,0,0.02363639671278096,0.02363639671278096
6,327,1,2000000,63.61385147906076,55047909.151552245,10000000000,978399,980399,978001,2398,36,2000,0,0.01089959653777479,0.01089959653777479
6,314,0,9000000,234.9562693353808,0,8000000000,973001,981001,939001,42000,0,8000,0.7999999999999999,0,0.7999999999999999
6,328,1,3000000,54.61549688504169,81784355.09538433,6000000000,981038,982238,981001,1237,37,1200,0,0.011004549695969828,0.011004549695969828
6,315,0,10000000,223.81677595747823,0,4000000000,981001,985001,942001,43000,0,4000,0.39999999999999997,0,0.39999999999999997
6,329,1,9000000,57.07062642025228,73428242.07316688,7000000000,984124,985524,984001,1523,123,1400,0,0.03677059294582608,0.03677059294582608
6,330,1,6000000,71.03073208126183,39812175.02089244,9000000000,987152,988952,987001,1951,151,1800,0,0.0452122999824904,0.0452122999824904
6,316,0,2000000,208.06227192838205,0,7000000000,985001,992001,945001,47000,0,7000,0.7,0,0.7
7,3,0,5000000,216.73473487191663,0,2000000000,6001,8001,6001,2000,0,2000,0.19999999999999998,0,0.19999999999999998
7,2,1,3000000,231.19806919608993,471832.5221747955,10000000000,9359,11359,3001,8358,6358,2000,0,1.907456475979384,1.907456475979384
7,5,0,3000000,193.33068509680504,0,2000000000,12001,14001,12001,2000,0,2000,0.19999999999999998,0,0.19999999999999998
7,1,1,5000000,236.89322531469742,428198.95858118497,4000000000,14759,15559,1,15558,11677,800,0,3.503044484204661,3.503044484204661
7,4,1,5000000,202.47535800684486,800287.0363004282,5000000000,17159,18159,9001,9158,6248,1000,0,1.8743274999607755,1.8743274999607755
7,7,0,7000000,189.7640513901408,0,3000000000,18001,21001,18001,3000,0,3000,0.3,0,0.3
7,6,1,4000000,190.16276107587416,1026948.8797870458,10000000000,21559,23559,15001,8558,3895,2000,0,1.1685099654121431,1.1685099654121431
7,8,0,7000000,179.01422569170307,0,8000000000,21001,29001,21001,8000,0,8000,0.7999999999999999,0,0.7999999999999999
7,10,1,8000000,131.8356450281941,4343827.603648477,5000000000,28843,29843,27001,2842,1842,1000,0,0.5525081147290898,0.5525081147290898
7,12,1,5000000,121.76289911134673,5904594.229978537,7000000000,33848,35248,33001,2247,847,1400,0,0.2540394719054983,0.2540394719054983
7,13,1,7000000,115.95921912465606,7117425.754929719,3000000000,37648,38248,36001,2247,984,600,0,0.29505049610745626,0.29505049610745626
7,9,0,8000000,153.6325811799047,0,10000000000,29001,39001,24001,15000,0,10000,0.9999999999999999,0,0.9999999999999999
7,11,0,8000000,122.28395029602208,0,4000000000,39001,43001,30001,13000,0,4000,0.39999999999999997,0,0.39999999999999997
7,15,1,5000000,114.38739135062045,7496705.201067521,10000000000,44774,46774,42001,4773,667,2000,0,0.20008789991987438,0.20008789991987438
7,14,0,2000000,110.3809050515532,0,9000000000,43001,52001,39001,13000,0,9000,0.8999999999999999,0,0.8999999999999999
7,16,0,10000000,127.69673645007532,0,6000000000,52001,58001,45001,13000,0,6000,0.6,0,0.6
7,17,0,3000000,148.05223841604015,0,10000000000,58001,68001,48001,20000,0,10000,0.9999999999999999,0,0.9999999999999999
7,19,1,10000000,167.9452791834293,1680375.5686587745,10000000000,68719,70719,54001,16718,5951,2000,0,1.7853151735564152,1.7853151735564152
7,18,0,2000000,171.51273917700692,0,8000000000,68001,76001,51001,25000,0,8000,0.7999999999999999,0,0.7999999999999999
7,20,0,10000000,161.5183983328215,0,9000000000,76001,85001,57001,28000,0,9000,0.8999999999999999,0,0.8999999999999999
7,22,1,6000000,169.28591731151175,1628363.6774153467,4000000000,84519,85319,63001,22318,3685,800,0,1.1054041704351245,1.1054041704351245
7,23,1,6000000,187.891990515828,1077125.334767098,2000000000,86119,86519,66001,20518,5570,400,0,1.6711147179443198,1.6711147179443198
7,21,0,3000000,162.18407936662587,0,5000000000,85001,90001,60001,30000,0,5000,0.49999999999999994,0,0.49999999999999994
7,25,1,5000000,190.1137188632109,1028001.4293000976,6000000000,97519,98719,72001,26718,4864,1200,0,1.4591419401247885,1.4591419401247885
7,24,0,2000000,190.1137188632109,0,9000000000,90001,99001,69001,30000,0,9000,0.8999999999999999,0,0.8999999999999999
7,31,1,5000000,163.63238951992358,1862303.9785822842,5000000000,98470,99470,90001,9469,2685,1000,0,0.8054538986389884,0.8054538986389884
7,26,1,3000000,190.1137188632109,1028001.4293000976,9000000000,98719,100519,75001,25518,2918,1800,0,0.8754851640748731,0.8754851640748731
7,32,1,6000000,139.94964272909021,3442349.2215839666,9000000000,102870,104670,93001,11669,1743,1800,0,0.5228987194889384,0.5228987194889384
7,27,0,4000000,193.19351567793368,0,9000000000,99001,108001,78001,30000,0,9000,0.8999999999999999,0,0.8999999999999999
7,34,1,7000000,98.74715236400492,12983100.847243857,6000000000,109870,111070,99001,12069,539,1200,0,0.161748724338516,0.161748724338516
7,28,0,10000000,206.94840758024688,0,4000000000,108001,112001,81001,31000,0,4000,0.39999999999999997,0,0.39999999999999997
7,29,0,5000000,211.33748957532356,0,9000000000,112001,121001,84001,37000,0,9000,0.8999999999999999,0,0.8999999999999999
7,38,1,4000000,88.88297587277334,18948808.93338366,3000000000,120470,121070,111001,10069,211,600,0,0.06332851865353195,0.06332851865353195
7,40,1,6000000,124.70284439418371,5386713.156956801,7000000000,123270,124670,117001,7669,1114,1400,0,0.3341555318711089,0.3341555318711089
7,30,0,5000000,185.9788420761889,0,9000000000,121001,130001,87001,43000,0,9000,0.8999999999999999,0,0.8999999999999999
7,44,1,2000000,200.67747880616795,829187.5570390134,4000000000,131413,132213,129001,3212,2412,800,0,0.7235998597742705,0.7235998597742705
7,33,0,8000000,117.9371103597167,0,5000000000,130001,135001,96001,39000,0,5000,0.49999999999999994,0,0.49999999999999994
7,35,0,5000000,85.40818754662813,0,6000000000,135001,141001,102001,39000,0,6000,0.6,0,0.6
7,48,1,6000000,144.85755106310475,3008115.1935582696,9000000000,144614,146414,141001,5413,1995,1800,0,0.598381339868437,0.598381339868437
7,46,1,8000000,193.6980005059422,954484.3508557953,8000000000,146414,148014,135001,13013,8381,1600,0,2.5144466725391026,2.5144466725391026
7,49,1,9000000,122.40594307467263,5786299.023040224,8000000000,149014,150614,144001,6613,1555,1600,0,0.46661950743454184,0.46661950743454184
7,36,0,8000000,77.58425097917745,0,10000000000,141001,151001,105001,46000,0,10000,0.9999999999999999,0,0.9999999999999999
7,37,0,4000000,79.11708033035596,0,4000000000,151001,155001,108001,47000,0,4000,0.39999999999999997,0,0.39999999999999997
7,53,1,2000000,78.04651497664713,29504665.849049766,2000000000,157628,158028,156001,2027,68,400,0,0.02033576665703278,0.02033576665703278
7,54,1,4000000,74.38472491042768,34462442.92099671,7000000000,159117,160517,159001,1516,116,1400,0,0.034820514690468554,0.034820514690468554
7,39,0,5000000,104.44491801902096,0,8000000000,155001,163001,114001,49000,0,8000,0.7999999999999999,0,0.7999999999999999
7,41,0,2000000,147.22572940895895,0,3000000000,163001,166001,120001,46000,0,3000,0.3,0,0.3
7,56,1,9000000,31.630365157550706,215123311.7144882,9000000000,166822,168622,165001,3621,42,1800,0,0.012550941032292408,0.012550941032292408
7,42,0,5000000,170.7585078407515,0,3000000000,166001,169001,123001,46000,0,3000,0.3,0,0.3
7,57,1,2000000,20.978007531698548,330599466.01474184,9000000000,168622,170422,168001,2421,6,1800,0,0.001814884964070829,0.001814884964070829
7,58,1,10000000,37.34560750610429,170566214.43481827,7000000000,171060,172460,171001,1459,59,1400,0,0.017588477354326507,0.017588477354326507
7,43,0,3000000,177.74756397768152,0,6000000000,169001,175001,126001,49000,0,6000,0.6,0,0.6
7,60,1,6000000,55.03901343592562,80280330.69476439,10000000000,177076,179076,177001,2075,75,2000,0,0.022421432303808258,0.022421432303808258
7,61,1,8000000,32.82879833317081,204976928.23767495,5000000000,180040,181040,180001,1039,39,1000,0,0.011708634823608786,0.011708634823608786
7,45,0,6000000,216.8492822215467,0,9000000000,175001,184001,132001,52000,0,9000,0.8999999999999999,0,0.8999999999999999
7,47,0,2000000,168.79472088901358,0,2000000000,184001,186001,138001,48000,0,2000,0.19999999999999998,0,0.19999999999999998
7,63,1,7000000,38.98570250745783,159425632.41081336,5000000000,186045,187045,186001,1044,44,1000,0,0.013172285837879877,0.013172285837879877
7,50,0,3000000,104.17370493555465,0,6000000000,186001,192001,147001,45000,0,6000,0.6,0,0.6
7,66,1,8000000,77.65716579942897,29992317.428143527,2000000000,195514,195914,195001,913,267,400,0,0.08002049210601983,0.08002049210601983
7,51,0,6000000,87.93436472733511,0,7000000000,192001,199001,150001,49000,0,7000,0.7,0,0.7
7,68,1,7000000,112.04417432423696,8108685.994689491,10000000000,201864,203864,201001,2863,863,2000,0,0.2589815416918751,0.2589815416918751
7,69,1,8000000,135.3800003693308,3918137.000044338,2000000000,206043,206443,204001,2442,2042,400,0,0.6125360088156289,0.6125360088156289
7,52,0,9000000,78.08983160437724,0,8000000000,199001,207001,153001,54000,0,8000,0.7999999999999999,0,0.7999999999999999
7,70,1,7000000,167.9360143030672,1680742.1315901123,6000000000,211166,212366,207001,5365,4165,1200,0,1.2494480625729523,1.2494480625729523
7,55,0,7000000,55.55111610039894,0,6000000000,207001,213001,162001,51000,0,6000,0.6,0,0.6
7,59,0,4000000,62.16375793016382,0,4000000000,213001,217001,174001,43000,0,4000,0.39999999999999997,0,0.39999999999999997
7,71,1,8000000,191.9685612281344,989109.6898185564,10000000000,218089,220089,210001,10088,8088,2000,0,2.426424515606817,2.426424515606817
7,62,0,7000000,21.008553020139235,0,6000000000,217001,223001,183001,40000,0,6000,0.6,0,0.6
7,64,0,5000000,62.993498870915275,0,7000000000,223001,230001,189001,41000,0,7000,0.7,0,0.7
7,65,0,7000000,68.73032081985362,0,9000000000,230001,239001,192001,47000,0,9000,0.8999999999999999,0,0.8999999999999999
7,67,0,2000000,97.76503464940828,0,2000000000,239001,241001,198001,43000,0,2000,0.19999999999999998,0,0.19999999999999998
7,73,0,5000000,190.72713283641636,0,9000000000,241001,250001,216001,34000,0,9000,0.8999999999999999,0,0.8999999999999999
7,74,0,8000000,167.24367133018814,0,6000000000,250001,256001,219001,37000,0,6000,0.6,0,0.6
7,76,1,5000000,116.38698294912537,7018265.735313657,7000000000,262829,264229,225001,39228,712,1400,0,0.21372801438003156,0.21372801438003156
7,75,0,3000000,141.0890902940408,0,10000000000,256001,266001,222001,44000,0,10000,0.9999999999999999,0,0.9999999999999999
7,89,1,3000000,207.5815418094778,724781.7423642993,8000000000,268140,269740,264001,5739,4139,1600,0,1.241753133935361,1.241753133935361
7,78,0,9000000,82.48669286618296,0,4000000000,266001,270001,231001,39000,0,4000,0.39999999999999997,0,0.39999999999999997
7,77,1,8000000,95.34326405153122,14751089.464310503,4000000000,269629,270429,228001,42428,542,800,0,0.1626998470727654,0.1626998470727654
7,72,1,10000000,218.30819613564674,593033.489290811,10000000000,270429,272429,213001,59428,16862,2000,0,5.05873623357696,5.05873623357696
7,81,0,9000000,76.68994197415984,0,3000000000,270001,273001,240001,33000,0,3000,0.3,0,0.3
7,90,1,5000000,203.4566600040411,785041.8652219287,3000000000,275540,276140,267001,9139,6369,600,0,1.910726123601007,1.910726123601007
7,82,0,7000000,88.12350991648023,0,5000000000,273001,278001,243001,35000,0,5000,0.49999999999999994,0,0.49999999999999994
7,92,1,5000000,167.1120641964547,1713742.2694062802,10000000000,278540,280540,273001,7539,2918,2000,0,0.8752774712849147,0.8752774712849147
7,79,1,10000000,71.0909790339112,39708515.79717483,8000000000,280429,282029,234001,48028,252,1600,0,0.07555054475779331,0.07555054475779331
7,84,0,8000000,118.70130327843921,0,7000000000,278001,285001,249001,36000,0,7000,0.7,0,0.7
7,80,1,9000000,69.0560496987773,43375334.306287386,5000000000,284829,285829,237001,48828,207,1000,0,0.0622473588545605,0.0622473588545605
7,91,1,10000000,192.0034353859326,988396.1653265164,10000000000,285940,287940,270001,17939,10117,2000,0,3.035220193320915,3.035220193320915
7,95,1,5000000,90.00845349188045,18126146.170528773,3000000000,288340,288940,282001,6939,276,600,0,0.08275338761412196,0.08275338761412196
7,87,0,8000000,182.02115151816832,0,6000000000,285001,291001,258001,33000,0,6000,0.6,0,0.6
7,96,1,6000000,72.65579123511075,37115542.62412451,8000000000,294540,296140,285001,11139,162,1600,0,0.048497202862663485,0.048497202862663485
7,88,0,4000000,211.18679054334814,0,10000000000,291001,301001,261001,40000,0,10000,0.9999999999999999,0,0.9999999999999999
7,97,1,5000000,70.32634854732615,41045900.989703,3000000000,301140,301740,288001,13739,122,600,0,0.036544453010698884,0.036544453010698884
7,83,1,2000000,96.84541083603284,13937889.93286936,10000000000,300029,302029,246001,56028,143,2000,0,0.04304812298632347,0.04304812298632347
7,93,0,9000000,139.91377701999184,0,6000000000,301001,307001,276001,31000,0,6000,0.6,0,0.6
7,99,1,6000000,110.8587051160169,8441275.35856722,3000000000,307940,308540,294001,14539,711,600,0,0.2132379200464233,0.2132379200464233
7,94,0,3000000,113.56235511823446,0,7000000000,307001,314001,279001,35000,0,7000,0.7,0,0.7
7,85,1,5000000,133.40703467208914,4148423.132228638,6000000000,312829,314029,252001,62028,1205,1200,0,0.36158317321747313,0.36158317321747313
7,100,1,5000000,134.66848666261905,3999328.659593066,4000000000,314140,314940,297001,17939,1250,800,0,0.37506294872815626,0.37506294872815626
7,86,1,4000000,154.52679055749527,2333919.835249524,3000000000,315229,315829,255001,60828,1714,600,0,0.5141564769604461,0.5141564769604461
7,98,0,2000000,87.0243213130674,0,6000000000,314001,320001,291001,29000,0,6000,0.6,0,0.6
7,101,0,2000000,158.69805827419566,0,4000000000,320001,324001,300001,24000,0,4000,0.39999999999999997,0,0.39999999999999997
7,102,1,4000000,184.59605656676416,1155508.2983973837,10000000000,322940,324940,303001,21939,3462,2000,0,1.038504008724406,1.038504008724406
7,107,1,6000000,218.60242359132252,589860.1530146258,5000000000,329073,330073,318001,12072,10172,1000,0,3.051570767750044,3.051570767750044
7,105,0,3000000,240.83766358275443,0,7000000000,324001,331001,312001,19000,0,7000,0.7,0,0.7
7,109,1,6000000,192.36349601730572,981066.6615584008,7000000000,330117,331517,324001,7516,6116,1400,0,1.834737710015284,1.834737710015284
7,103,1,5000000,206.02125327256894,746874.2062203682,5000000000,330540,331540,306001,25539,6695,1000,0,2.008370335335184,2.008370335335184
7,104,1,6000000,220.87490690433805,566050.5299475801,9000000000,336340,338140,309001,29139,10600,1800,0,3.179928124379093,3.179928124379093
7,106,0,2000000,239.1404817257003,0,9000000000,331001,340001,315001,25000,0,9000,0.8999999999999999,0,0.8999999999999999
7,115,1,5000000,118.78447036544802,6492560.630064644,4000000000,342771,343571,342001,1570,770,800,0,0.2310336530480833,0.2310336530480833
7,108,0,3000000,202.66154173892986,0,10000000000,340001,350001,321001,29000,0,10000,0.9999999999999999,0,0.9999999999999999
7,116,1,4000000,179.91390163075226,1279468.6545397504,8000000000,348652,350252,345001,5251,3126,1600,0,0.9378893306547343,0.9378893306547343
7,117,1,2000000,156.60692832694218,2214213.192096182,6000000000,350252,351452,348001,3451,903,1200,0,0.2709766169498718,0.2709766169498718
7,118,1,5000000,131.89931197697732,4335693.616199121,7000000000,352154,353554,351001,2553,1153,1400,0,0.3459654054879857,0.3459654054879857
7,110,0,3000000,188.76063599172366,0,4000000000,350001,354001,327001,27000,0,4000,0.39999999999999997,0,0.39999999999999997
7,111,0,4000000,192.1964874809111,0,4000000000,354001,358001,330001,28000,0,4000,0.39999999999999997,0,0.39999999999999997
7,119,1,7000000,110.62725025959922,8508120.632949926,10000000000,357413,359413,354001,5412,823,2000,0,0.24682301657397757,0.24682301657397757
7,120,1,2000000,89.36859627408272,18588643.076976947,9000000000,361013,362813,357001,5812,108,1800,0,0.032277772913028434,0.032277772913028434
7,121,1,5000000,72.45173979967629,37443038.55076482,6000000000,362813,364013,360001,4012,134,1200,0,0.04006085131061994,0.04006085131061994
7,112,0,9000000,195.9342902607913,0,7000000000,358001,365001,333001,32000,0,7000,0.7,0,0.7
7,124,1,4000000,33.24902554963083,201526195.03967685,3000000000,369813,370413,369001,1412,20,600,0,0.005954560893504399,0.005954560893504399
7,113,0,9000000,171.44077023858708,0,10000000000,365001,375001,336001,39000,0,10000,0.9999999999999999,0,0.9999999999999999
7,128,1,10000000,77.63459280501182,30020863.429736372,4000000000,381334,382134,381001,1133,333,800,0,0.0999305035653448,0.0999305035653448
7,114,0,7000000,144.52208135783263,0,8000000000,375001,383001,339001,44000,0,8000,0.7999999999999999,0,0.7999999999999999
7,122,0,8000000,63.55476378683186,0,4000000000,383001,387001,363001,24000,0,4000,0.39999999999999997,0,0.39999999999999997
7,129,1,3000000,104.98376112523309,10354171.929691564,9000000000,387534,389334,384001,5333,290,1800,0,0.08692148499284286,0.08692148499284286
7,123,0,8000000,56.47638798648511,0,8000000000,387001,395001,366001,29000,0,8000,0.7999999999999999,0,0.7999999999999999
7,125,0,6000000,8.829099614343473,0,9000000000,395001,404001,372001,32000,0,9000,0.8999999999999999,0,0.8999999999999999
7,132,1,5000000,146.09097576510334,2909801.9781460147,9000000000,405140,406940,393001,13939,1718,1800,0,0.5154989965866088,0.5154989965866088
7,126,0,6000000,23.569524814895992,0,10000000000,404001,414001,375001,39000,0,10000,0.9999999999999999,0,0.9999999999999999
7,135,1,5000000,67.5337611865354,46353100.70783285,4000000000,415940,416740,402001,14739,108,800,0,0.032360294718030085,0.032360294718030085
7,137,1,3000000,93.3773098777214,15901336.149764039,2000000000,419340,419740,408001,11739,189,400,0,0.056599017310463885,0.056599017310463885
7,138,1,10000000,120.69728248804938,6107193.259123938,10000000000,419740,421740,411001,10739,1637,2000,0,0.49122401612526384,0.49122401612526384
7,127,0,6000000,50.38993252624973,0,9000000000,414001,423001,378001,45000,0,9000,0.8999999999999999,0,0.8999999999999999
7,140,1,6000000,182.45251930296826,1210313.4420861069,4000000000,427140,427940,417001,10939,4957,800,0,1.4872180522902432,1.4872180522902432
7,143,1,2000000,165.59978291048577,1776430.4143444092,4000000000,428532,429332,426001,3331,1126,800,0,0.33775598253390055,0.33775598253390055
7,141,1,7000000,214.88129862787034,631609.4427778804,3000000000,431388,431988,420001,11987,11083,600,0,3.324839462127092,3.324839462127092
7,130,0,6000000,132.3700135982466,0,10000000000,423001,433001,387001,46000,0,10000,0.9999999999999999,0,0.9999999999999999
7,131,0,2000000,159.76863428095015,0,2000000000,433001,435001,390001,45000,0,2000,0.19999999999999998,0,0.19999999999999998
7,147,1,6000000,141.5984208951498,3288332.347306632,10000000000,441445,443445,438001,5444,1825,2000,0,0.5473899259222756,0.5473899259222756
7,133,0,8000000,118.68268660592412,0,9000000000,435001,444001,396001,48000,0,9000,0.8999999999999999,0,0.8999999999999999
7,134,0,2000000,91.27741998983105,0,5000000000,444001,449001,399001,50000,0,5000,0.49999999999999994,0,0.49999999999999994
7,150,1,5000000,86.06499869284843,21205222.56206049,7000000000,456445,457845,447001,10844,236,1400,0,0.07073729104280839,0.07073729104280839
7,136,0,7000000,72.1481427342381,0,10000000000,449001,459001,405001,54000,0,10000,0.9999999999999999,0,0.9999999999999999
7,152,1,7000000,64.30547799371372,53399206.922431484,3000000000,460045,460645,453001,7644,131,600,0,0.03932642675855641,0.03932642675855641
7,153,1,2000000,49.282204699059456,103151599.66418742,2000000000,463045,463445,456001,7444,19,400,0,0.00581668148582586,0.00581668148582586
7,139,0,10000000,150.83618796562052,0,6000000000,459001,465001,414001,51000,0,6000,0.6,0,0.6
7,154,1,5000000,47.19315628351217,112849660.9028887,8000000000,466445,468045,459001,9044,44,1600,0,0.013292020445598018,0.013292020445598018
7,142,0,4000000,188.57587146822365,0,5000000000,465001,470001,423001,47000,0,5000,0.49999999999999994,0,0.49999999999999994
7,155,1,3000000,59.41943453113634,66215656.6729059,9000000000,469445,471245,462001,9244,45,1800,0,0.013591951590027223,0.013591951590027223
7,144,0,2000000,165.12607062484105,0,7000000000,470001,477001,429001,48000,0,7000,0.7,0,0.7
7,157,1,4000000,82.06751488865733,24955851.387673832,2000000000,482445,482845,468001,14844,160,400,0,0.04808491529135739,0.04808491529135739
7,145,0,2000000,165.12607062484105,0,9000000000,477001,486001,432001,54000,0,9000,0.8999999999999999,0,0.8999999999999999
7,146,0,8000000,161.02578209715364,0,4000000000,486001,490001,435001,55000,0,4000,0.39999999999999997,0,0.39999999999999997
7,161,1,5000000,110.1895693793201,8636280.276861573,8000000000,492445,494045,480001,14044,579,1600,0,0.17368588696904827,0.17368588696904827
7,163,1,3000000,154.1393376137318,2357094.418770489,8000000000,496045,497645,486001,11644,1273,1600,0,0.38182602819511124,0.38182602819511124
7,148,0,9000000,117.47761403773913,0,9000000000,490001,499001,441001,58000,0,9000,0.8999999999999999,0,0.8999999999999999
7,165,1,5000000,120.83082429578965,6081344.234649811,9000000000,501245,503045,492001,11044,822,1800,0,0.2466559928401054,0.2466559928401054
7,166,1,4000000,140.01843092964586,3435748.0323406123,9000000000,504045,505845,495001,10844,1164,1800,0,0.3492689186472434,0.3492689186472434
7,149,0,10000000,95.87256750499593,0,7000000000,499001,506001,444001,62000,0,7000,0.7,0,0.7
7,151,0,2000000,81.29652514099239,0,4000000000,506001,510001,450001,60000,0,4000,0.39999999999999997,0,0.39999999999999997
7,167,1,8000000,160.44524455402222,2012638.082641112,9000000000,508245,510045,498001,12044,3975,1800,0,1.1924647658711531,1.1924647658711531
7,156,0,8000000,78.55592211921392,0,2000000000,510001,512001,465001,47000,0,2000,0.19999999999999998,0,0.19999999999999998
7,170,1,7000000,161.98474989948897,1938213.5622941481,2000000000,513645,514045,507001,7044,3612,400,0,1.0834719356283706,1.0834719356283706
7,171,1,6000000,156.0604100981412,2244912.683327003,2000000000,514045,514445,510001,4444,2673,400,0,0.801812922778077,0.801812922778077
7,173,1,3000000,154.9807746141437,2307123.600183423,10000000000,517301,519301,516001,3300,1300,2000,0,0.39009613526056747,0.39009613526056747
7,158,0,2000000,77.01502775432856,0,8000000000,512001,520001,471001,49000,0,8000,0.7999999999999999,0,0.7999999999999999
7,159,0,5000000,81.44257915857035,0,5000000000,520001,525001,474001,51000,0,5000,0.49999999999999994,0,0.49999999999999994
7,174,1,8000000,159.9048182513585,2039601.5609760322,10000000000,524464,526464,519001,7463,3922,2000,0,1.1767004134138348,1.1767004134138348
7,160,0,7000000,92.59342201258147,0,8000000000,525001,533001,477001,56000,0,8000,0.7999999999999999,0,0.7999999999999999
7,162,0,2000000,131.2053280168149,0,4000000000,533001,537001,483001,54000,0,4000,0.39999999999999997,0,0.39999999999999997
7,180,1,6000000,79.71597706859022,27511668.838156268,2000000000,538264,538664,537001,1663,218,400,0,0.06542678347100334,0.06542678347100334
7,164,0,10000000,105.77279139740993,0,6000000000,537001,543001,489001,54000,0,6000,0.6,0,0.6
7,168,0,4000000,174.7815004512777,0,2000000000,543001,545001,501001,44000,0,2000,0.19999999999999998,0,0.19999999999999998
7,169,0,7000000,167.37834746465865,0,4000000000,545001,549001,504001,45000,0,4000,0.39999999999999997,0,0.39999999999999997
7,183,1,8000000,74.66518934550425,34051923.94525542,4000000000,549864,550664,546001,4663,235,800,0,0.07048059909503002,0.07048059909503002
7,184,1,8000000,85.8230277955748,21413001.397916522,7000000000,554064,555464,549001,6463,374,1400,0,0.11208143853357798,0.11208143853357798
7,172,0,10000000,153.67187934036596,0,8000000000,549001,557001,513001,44000,0,8000,0.7999999999999999,0,0.7999999999999999
7,185,1,5000000,89.08431567902394,18798509.817874525,3000000000,559664,560264,552001,8263,266,600,0,0.07979355887953034,0.07979355887953034
7,186,1,9000000,105.19622474214559,10276443.226696376,2000000000,564064,564464,555001,9463,876,400,0,0.26273681860917397,0.26273681860917397
7,175,0,4000000,165.15471685664932,0,9000000000,557001,566001,522001,44000,0,9000,0.8999999999999999,0,0.8999999999999999
7,187,1,2000000,124.32837890039421,5449502.106547923,2000000000,567264,567664,558001,9663,367,400,0,0.11010180164515615,0.11010180164515615
7,176,0,3000000,145.93588249638947,0,4000000000,566001,570001,525001,45000,0,4000,0.39999999999999997,0,0.39999999999999997
7,188,1,8000000,136.7228561726239,3770352.86616931,6000000000,570664,571864,561001,10863,2122,1200,0,0.6365451948900495,0.6365451948900495
7,189,1,4000000,136.7228561726239,3770352.86616931,10000000000,573864,575864,564001,11863,1061,2000,0,0.31827259744502473,0.31827259744502473
7,190,1,10000000,136.7228561726239,3770352.86616931,2000000000,578264,578664,567001,11663,2652,400,0,0.7956814936125618,0.7956814936125618
7,177,0,5000000,125.34139340217979,0,10000000000,570001,580001,528001,52000,0,10000,0.9999999999999999,0,0.9999999999999999
7,193,1,10000000,136.7228561726239,3770352.86616931,10000000000,581664,583664,576001,7663,2652,2000,0,0.7956814936125618,0.7956814936125618
7,178,0,2000000,106.07430037478447,0,5000000000,580001,585001,531001,54000,0,5000,0.49999999999999994,0,0.49999999999999994
7,195,1,10000000,159.3613469446089,2067169.9634910196,5000000000,587664,588664,582001,6663,4838,1000,0,1.4512594769583556,1.4512594769583556
7,179,0,3000000,91.02793692048614,0,4000000000,585001,589001,534001,55000,0,4000,0.39999999999999997,0,0.39999999999999997
7,196,1,9000000,185.82807349805896,1125403.6262499802,7000000000,594123,595523,585001,10522,7997,1400,0,2.3991392394894087,2.3991392394894087
7,181,0,2000000,70.64911110551922,0,10000000000,589001,599001,540001,59000,0,10000,0.9999999999999999,0,0.9999999999999999
7,199,1,7000000,168.2307608613835,1669129.032291968,8000000000,598371,599971,594001,5970,4194,1600,0,1.2581411978176311,1.2581411978176311
7,200,1,6000000,141.35379619946536,3310638.635888685,7000000000,599971,601371,597001,4370,1812,1400,0,0.5437017439738845,0.5437017439738845
7,197,1,8000000,213.8820527767583,643442.9466624144,7000000000,601555,602955,588001,14954,12433,1400,0,3.7299344292279146,3.7299344292279146
7,182,0,9000000,68.63340294637882,0,6000000000,599001,605001,543001,62000,0,6000,0.6,0,0.6
7,203,1,10000000,75.43309220759811,32955130.644438956,9000000000,606991,608791,606001,2790,303,1800,0,0.09103286624373427,0.09103286624373427
7,191,0,6000000,136.7228561726239,0,5000000000,605001,610001,570001,40000,0,5000,0.49999999999999994,0,0.49999999999999994
7,204,1,2000000,68.28996558792512,44847761.92614174,6000000000,611191,612391,609001,3390,45,1200,0,0.013378594030804027,0.013378594030804027
7,205,1,2000000,80.54411027505358,26579372.86247403,10000000000,616791,618791,612001,6790,75,2000,0,0.022573896047303182,0.022573896047303182
7,192,0,6000000,136.7228561726239,0,9000000000,610001,619001,573001,46000,0,9000,0.8999999999999999,0,0.8999999999999999
7,206,1,6000000,101.25905638509577,11838221.3415669,9000000000,619391,621191,615001,6190,507,1800,0,0.15204986864705414,0.15204986864705414
7,207,1,3000000,124.75345325881769,5378295.248429865,3000000000,624991,625591,618001,7590,558,600,0,0.16733926986673803,0.16733926986673803
7,194,0,8000000,140.60193028546942,0,7000000000,619001,626001,579001,47000,0,7000,0.7,0,0.7
7,208,1,8000000,146.36081579439215,2888825.2877131356,6000000000,630791,631991,621001,10990,2769,1200,0,0.8307875212141674,0.8307875212141674
7,210,1,6000000,195.3733443947766,922369.6496485273,5000000000,633591,634591,627001,7590,6505,1000,0,1.9514952608055756,1.9514952608055756
7,198,0,10000000,195.9850938209332,0,10000000000,626001,636001,591001,45000,0,10000,0.9999999999999999,0,0.9999999999999999
7,211,1,4000000,213.96577763745304,642440.8889489161,2000000000,636227,636627,630001,6626,6226,400,0,1.8678761278151124,1.8678761278151124
7,201,0,8000000,115.96001595377606,0,9000000000,636001,645001,600001,45000,0,9000,0.8999999999999999,0,0.8999999999999999
7,202,0,9000000,93.16723941386262,0,8000000000,645001,653001,603001,50000,0,8000,0.7999999999999999,0,0.7999999999999999
7,213,1,7000000,244.03859735705745,380335.0143076058,5000000000,654921,655921,636001,19920,18405,1000,0,5.521447989276029,5.521447989276029
7,215,1,7000000,222.86207438682789,546205.2395759164,7000000000,655922,657322,642001,15321,12816,1400,0,3.844708633023143,3.844708633023143
7,209,0,9000000,170.00917916394985,0,5000000000,653001,658001,624001,34000,0,5000,0.49999999999999994,0,0.49999999999999994
7,214,1,8000000,240.07769492395582,405990.46934199304,8000000000,660722,662322,639001,23321,19705,1600,0,5.911468818196121,5.911468818196121
7,212,0,7000000,226.55091833846097,0,9000000000,658001,667001,633001,34000,0,9000,0.8999999999999999,0,0.8999999999999999
7,216,0,2000000,208.53520086546538,0,4000000000,667001,671001,645001,26000,0,4000,0.39999999999999997,0,0.39999999999999997
7,221,1,8000000,221.4404208811029,560312.6423128996,9000000000,675428,677228,660001,17227,14278,1800,0,4.283322950010737,4.283322950010737
7,217,0,7000000,201.75387232962842,0,8000000000,671001,679001,648001,31000,0,8000,0.7999999999999999,0,0.7999999999999999
7,224,1,4000000,233.64884014263797,452406.36532749474,4000000000,679702,680502,669001,11501,8842,800,0,2.6524825731205746,2.6524825731205746
7,218,0,9000000,218.39700593185796,0,3000000000,679001,682001,651001,31000,0,3000,0.3,0,0.3
7,219,0,9000000,208.33139225762397,0,5000000000,682001,687001,654001,33000,0,5000,0.49999999999999994,0,0.49999999999999994
7,220,0,4000000,208.38338369457387,0,10000000000,687001,697001,657001,40000,0,10000,0.9999999999999999,0,0.9999999999999999
7,233,1,8000000,153.5361328808304,2393743.4967471496,4000000000,701215,702015,696001,6014,3342,800,0,1.0026136899218117,1.0026136899218117
7,232,1,9000000,183.08601530428263,1193786.0895538772,7000000000,702015,703415,693001,10414,7539,1400,0,2.261711728446259,2.261711728446259
7,234,1,8000000,126.76691208671136,5056068.943425834,6000000000,703415,704615,699001,5614,1582,1200,0,0.4746770716251023,0.4746770716251023
7,235,1,4000000,98.8203723935505,12947916.617807379,9000000000,704615,706415,702001,4414,309,1800,0,0.09267900276324223,0.09267900276324223
7,222,0,5000000,237.7422776874151,0,10000000000,697001,707001,663001,44000,0,10000,0.9999999999999999,0,0.9999999999999999
7,223,0,8000000,251.6139600658119,0,3000000000,707001,710001,666001,44000,0,3000,0.3,0,0.3
7,236,1,6000000,74.3387227493182,34530292.65660592,7000000000,709015,710415,705001,5414,174,1400,0,0.05212814203170808,0.05212814203170808
7,225,0,4000000,218.32827576839424,0,2000000000,710001,712001,672001,40000,0,2000,0.19999999999999998,0,0.19999999999999998
7,239,1,8000000,107.80800016696347,9375878.74850708,9000000000,714854,716654,714001,2653,853,1800,0,0.25597600655641495,0.25597600655641495
7,226,0,4000000,209.60946209558386,0,6000000000,712001,718001,675001,43000,0,6000,0.6,0,0.6
7,227,0,2000000,221.2162121093298,0,4000000000,718001,722001,678001,44000,0,4000,0.39999999999999997,0,0.39999999999999997
7,241,1,4000000,168.31480564703747,1665835.9083167051,10000000000,723977,725977,720001,5976,2401,2000,0,0.7203590665857219,0.7203590665857219
7,228,0,3000000,240.84197661537328,0,4000000000,722001,726001,681001,45000,0,4000,0.39999999999999997,0,0.39999999999999997
7,242,1,6000000,174.0341161956471,1459510.6694019756,6000000000,731377,732577,723001,9576,4111,1200,0,1.233290059289212,1.233290059289212
7,229,0,7000000,244.81282584864707,0,7000000000,726001,733001,684001,49000,0,7000,0.7,0,0.7
7,230,0,9000000,224.816739812675,0,9000000000,733001,742001,687001,55000,0,9000,0.8999999999999999,0,0.8999999999999999
7,244,1,9000000,180.67931951388348,1258111.7894860858,3000000000,743177,743777,729001,14776,7154,600,0,2.146073204753051,2.146073204753051
7,231,0,6000000,210.148886506686,0,8000000000,742001,750001,690001,60000,0,8000,0.7999999999999999,0,0.7999999999999999
7,251,1,2000000,182.1661277515664,1217878.5192836884,2000000000,751643,752043,750001,2042,1642,400,0,0.4926599742911124,0.4926599742911124
7,237,0,3000000,65.5625655385754,0,7000000000,750001,757001,708001,49000,0,7000,0.7,0,0.7
7,249,1,8000000,212.14142099080982,664724.0098770746,10000000000,756036,758036,744001,14035,12035,2000,0,3.6105210047156633,3.6105210047156633
7,238,0,5000000,81.8480011973414,0,3000000000,757001,760001,711001,49000,0,3000,0.3,0,0.3
7,240,0,10000000,138.02357805824337,0,2000000000,760001,762001,717001,45000,0,2000,0.19999999999999998,0,0.19999999999999998
7,248,1,10000000,233.86323866738869,450754.8026171194,6000000000,764236,765436,741001,24435,22185,1200,0,6.655503130708212,6.655503130708212
7,254,1,6000000,180.13359847624207,1273292.8031421057,3000000000,765436,766036,759001,7035,4712,600,0,1.4136575621554905,1.4136575621554905
7,243,0,10000000,178.44274431873094,0,10000000000,762001,772001,726001,46000,0,10000,0.9999999999999999,0,0.9999999999999999
7,256,1,9000000,184.2816160120157,1163351.6847298779,8000000000,777436,779036,765001,14035,7736,1600,0,2.320880293930138,2.320880293930138
7,245,0,10000000,190.5149232999872,0,8000000000,772001,780001,732001,48000,0,8000,0.7999999999999999,0,0.7999999999999999
7,246,0,3000000,204.76822238814304,0,2000000000,780001,782001,735001,47000,0,2000,0.19999999999999998,0,0.19999999999999998
7,261,1,2000000,204.87761346716238,763602.0577210813,6000000000,784436,785636,780001,5635,2619,1200,0,0.7857495850530568,0.7857495850530568
7,247,0,8000000,225.55003214364652,0,7000000000,782001,789001,738001,51000,0,7000,0.7,0,0.7
7,250,0,7000000,194.50251669322947,0,8000000000,789001,797001,747001,50000,0,8000,0.7999999999999999,0,0.7999999999999999
7,264,1,4000000,197.7903104300107,878372.8793795066,9000000000,797289,799089,789001,10088,4554,1800,0,1.3661623988751734,1.3661623988751734
7,252,0,2000000,176.3364874324086,0,5000000000,797001,802001,753001,49000,0,5000,0.49999999999999994,0,0.49999999999999994
7,263,1,8000000,221.36090756951646,561115.0134301954,2000000000,802089,802489,786001,16488,14257,400,0,4.277197976451165,4.277197976451165
7,262,1,8000000,229.57983469808494,485231.9035282116,9000000000,803436,805236,783001,22235,16487,1800,0,4.946088628033633,4.946088628033633
7,253,0,8000000,177.52450450571607,0,4000000000,802001,806001,756001,50000,0,4000,0.39999999999999997,0,0.39999999999999997
7,266,1,8000000,187.01977756376462,1097206.9809994546,10000000000,805289,807289,795001,12288,7291,2000,0,2.1873721563581565,2.1873721563581565
7,270,1,4000000,171.60230563719128,1543120.3705564775,5000000000,809593,810593,807001,3592,2592,1000,0,0.7776451033222107,0.7776451033222107
7,271,1,3000000,165.12607062484105,1796650.272861033,6000000000,811671,812871,810001,2870,1670,1200,0,0.5009322145744126,0.5009322145744126
7,255,0,5000000,178.5225615993676,0,7000000000,806001,813001,762001,51000,0,7000,0.7,0,0.7
7,272,1,8000000,165.12607062484105,1796650.272861033,5000000000,817454,818454,813001,5453,4453,1000,0,1.3358192388651005,1.3358192388651005
7,257,0,10000000,178.58126945455396,0,9000000000,813001,822001,768001,54000,0,9000,0.8999999999999999,0,0.8999999999999999
7,258,0,9000000,173.25002655122452,0,5000000000,822001,827001,771001,56000,0,5000,0.49999999999999994,0,0.49999999999999994
7,275,1,7000000,165.12607062484105,1796650.272861033,6000000000,825897,827097,822001,5096,3896,1200,0,1.1688418340069628,1.1688418340069628
7,276,1,8000000,164.02476398397897,1844773.1699464065,3000000000,829432,830032,825001,5031,4337,600,0,1.3009729538020784,1.3009729538020784
7,259,0,3000000,174.9616223633057,0,10000000000,827001,837001,774001,63000,0,10000,0.9999999999999999,0,0.9999999999999999
7,281,1,5000000,74.91533888330216,33690296.49277239,2000000000,840149,840549,840001,548,148,400,0,0.044523205675016726,0.044523205675016726
7,260,0,2000000,186.0000779569729,0,7000000000,837001,844001,777001,67000,0,7000,0.7,0,0.7
7,265,0,7000000,187.08509427530566,0,6000000000,844001,850001,792001,58000,0,6000,0.6,0,0.6
7,284,1,2000000,80.24171982204763,26915618.236357663,3000000000,852696,853296,849001,4295,74,600,0,0.022291889962591273,0.022291889962591273
7,285,1,3000000,98.73600457786402,12988467.603894407,3000000000,853296,853896,852001,1895,231,600,0,0.06929223888814627,0.06929223888814627
7,267,0,4000000,186.54983516476236,0,10000000000,850001,860001,798001,62000,0,10000,0.9999999999999999,0,0.9999999999999999
7,268,0,6000000,195.62889612733596,0,2000000000,860001,862001,801001,61000,0,2000,0.19999999999999998,0,0.19999999999999998
7,288,1,7000000,177.8452732011734,1339485.4943562427,6000000000,866878,868078,861001,7077,5226,1200,0,1.5677661377059264,1.5677661377059264
7,269,0,8000000,206.69286296338345,0,9000000000,862001,871001,804001,67000,0,9000,0.8999999999999999,0,0.8999999999999999
7,291,1,2000000,184.49677097445363,1157977.746237099,7000000000,872413,873813,870001,3812,1727,1400,0,0.5181446724254651,0.5181446724254651
7,289,1,9000000,208.76807514560267,708524.4642378419,10000000000,876744,878744,864001,14743,12702,2000,0,3.810736447758912,3.810736447758912
7,273,0,5000000,165.12607062484105,0,8000000000,871001,879001,816001,63000,0,8000,0.7999999999999999,0,0.7999999999999999
7,274,0,8000000,165.12607062484105,0,6000000000,879001,885001,819001,66000,0,6000,0.6,0,0.6
7,294,1,8000000,193.15008568468198,965288.5314167205,6000000000,887289,888489,879001,9488,8288,1200,0,2.4863032366888307,2.4863032366888307
7,295,1,6000000,212.57483035392502,659344.0864099665,3000000000,891371,891971,882001,9970,9100,600,0,2.729985810293288,2.729985810293288
7,277,0,3000000,149.72827421699614,0,7000000000,885001,892001,828001,64000,0,7000,0.7,0,0.7
7,296,1,6000000,237.60225272501097,423125.5419688513,4000000000,899181,899981,885001,14980,14180,800,0,4.254056589503898,4.254056589503898
7,278,0,4000000,122.67557947692764,0,8000000000,892001,900001,831001,69000,0,8000,0.7999999999999999,0,0.7999999999999999
7,297,1,6000000,228.06932476771186,498170.26690296095,6000000000,900876,902076,888001,14075,12044,1200,0,3.613222465464049,3.613222465464049
7,279,0,4000000,96.42262027138653,0,3000000000,900001,903001,834001,69000,0,3000,0.3,0,0.3
7,280,0,9000000,79.11935540687887,0,2000000000,903001,905001,837001,68000,0,2000,0.19999999999999998,0,0.19999999999999998
7,282,0,8000000,66.00057272478774,0,3000000000,905001,908001,843001,65000,0,3000,0.3,0,0.3
7,298,1,8000000,210.82113200530924,681453.5479923512,7000000000,907476,908876,891001,17875,11740,1400,0,3.5218834901816933,3.5218834901816933
7,299,1,10000000,198.09166615483858,873072.1520503727,3000000000,913476,914076,894001,20075,11454,600,0,3.4361421252007958,3.4361421252007958
7,302,1,4000000,180.00869423447307,1276799.401829932,5000000000,914076,915076,903001,12075,3133,1000,0,0.9398500643720058,0.9398500643720058
7,303,1,2000000,178.6174129249441,1316682.303143645,4000000000,915076,915876,906001,9875,1519,800,0,0.45569079083653663,0.45569079083653663
7,283,0,7000000,68.90243682192956,0,8000000000,908001,916001,846001,70000,0,8000,0.7999999999999999,0,0.7999999999999999
7,304,1,6000000,160.4330595606778,2013241.1422087506,8000000000,919876,921476,909001,12475,2980,1600,0,0.8940806753160224,0.8940806753160224
7,286,0,9000000,125.25812867834165,0,8000000000,916001,924001,855001,69000,0,8000,0.7999999999999999,0,0.7999999999999999
7,287,0,8000000,153.0185207744474,0,3000000000,924001,927001,858001,69000,0,3000,0.3,0,0.3
7,306,1,8000000,121.31568777367589,5988606.032081188,9000000000,926476,928276,915001,13275,1336,1800,0,0.40076104307799004,0.40076104307799004
7,309,1,8000000,46.53549720374755,116070341.66747902,7000000000,934276,935676,924001,11675,69,1400,0,0.020677116699419865,0.020677116699419865
7,290,0,4000000,198.8248455299287,0,10000000000,927001,937001,867001,70000,0,10000,0.9999999999999999,0,0.9999999999999999
7,292,0,8000000,178.59890817135474,0,7000000000,937001,944001,873001,71000,0,7000,0.7,0,0.7
7,293,0,10000000,181.39528218782317,0,5000000000,944001,949001,876001,73000,0,5000,0.49999999999999994,0,0.49999999999999994
7,314,1,5000000,106.93809798196331,9664891.304864751,9000000000,949276,951076,939001,12075,517,1800,0,0.1552009177014734,0.1552009177014734
7,300,0,3000000,188.83708242821376,0,7000000000,949001,956001,897001,59000,0,7000,0.7,0,0.7
7,316,1,8000000,171.98618374741622,1529533.820218231,2000000000,958076,958476,945001,13475,5230,400,0,1.5691055459352787,1.5691055459352787
7,318,1,2000000,150.1825136292504,2610869.316808242,8000000000,958476,960076,951001,9075,766,1600,0,0.22980851478751652,0.22980851478751652
7,301,0,8000000,182.77339877564236,0,7000000000,956001,963001,900001,63000,0,7000,0.7,0,0.7
7,321,1,3000000,195.3117651346176,923526.0262922664,10000000000,967476,969476,960001,9475,3248,2000,0,0.9745258654087772,0.9745258654087772
7,305,0,10000000,140.8541930508283,0,8000000000,963001,971001,912001,59000,0,8000,0.7999999999999999,0,0.7999999999999999
7,307,0,4000000,101.81370094442103,0,10000000000,971001,981001,918001,63000,0,10000,0.9999999999999999,0,0.9999999999999999
7,326,1,9000000,181.09413160011562,1246722.7716338804,6000000000,983002,984202,975001,9201,7219,1200,0,2.165677936933438,2.165677936933438
7,323,1,9000000,221.99385441944102,554767.3860444675,4000000000,984202,985002,966001,19001,16223,800,0,4.866904702619958,4.866904702619958
7,329,1,8000000,124.49809155163791,5420935.0932093905,9000000000,985477,987277,984001,3276,1476,1800,0,0.44272804575845104,0.44272804575845104
7,324,1,10000000,221.6332777359935,558372.4541710311,5000000000,987277,988277,969001,19276,17909,1000,0,5.37275787440813,5.37275787440813
7,308,0,9000000,78.36397258944956,0,9000000000,981001,990001,921001,69000,0,9000,0.8999999999999999,0,0.8999999999999999
7,330,1,8000000,112.3311911269527,8030557.976624704,3000000000,989877,990477,987001,3476,996,600,0,0.29885843636094833,0.29885843636094833
7,310,0,8000000,18.036019516512003,0,5000000000,990001,995001,927001,68000,0,5000,0.49999999999999994,0,0.49999999999999994
8,3,1,2000000,178.89927808686096,1308478.515619378,10000000000,7529,9529,6001,3528,1528,2000,0,0.4585478422746479,0.4585478422746479
8,2,1,7000000,193.98554172927425,948874.6385451112,10000000000,10378,12378,3001,9377,7377,2000,0,2.213147990992661,2.213147990992661
8,1,1,10000000,200.5793072577528,830802.7802086861,4000000000,12378,13178,1,13177,12037,800,0,3.6109652873891944,3.6109652873891944
8,4,0,9000000,165.2128339445819,0,5000000000,9001,14001,9001,5000,0,5000,0.49999999999999994,0,0.49999999999999994
8,6,1,7000000,148.1947060457964,2751104.4960761094,4000000000,17545,18345,15001,3344,2544,800,0,0.763329783726944,0.763329783726944
8,5,0,6000000,157.1086506211545,0,5000000000,14001,19001,12001,7000,0,5000,0.49999999999999994,0,0.49999999999999994
8,7,1,6000000,131.52122756422247,4384272.902902393,10000000000,19370,21370,18001,3369,1369,2000,0,0.41055838444919757,0.41055838444919757
8,8,0,4000000,109.2256586155469,0,3000000000,21001,24001,21001,3000,0,3000,0.3,0,0.3
8,9,0,7000000,88.48070637150222,0,5000000000,24001,29001,24001,5000,0,5000,0.49999999999999994,0,0.49999999999999994
8,11,1,3000000,57.56291340785314,71855346.51033962,2000000000,30043,30443,30001,442,42,400,0,0.012525164009479721,0.012525164009479721
8,12,1,7000000,55.02929129109331,80314557.60623427,3000000000,33088,33688,33001,687,87,600,0,0.02614719003117551,0.02614719003117551
8,10,0,9000000,70.64988888880148,0,8000000000,29001,37001,27001,10000,0,8000,0.7999999999999999,0,0.7999999999999999
8,13,0,10000000,57.93314250064462,0,6000000000,37001,43001,36001,7000,0,6000,0.6,0,0.6
8,15,1,8000000,87.94003070274648,19671494.87880953,8000000000,42408,44008,42001,2007,407,1600,0,0.12200394605421273,0.12200394605421273
8,16,1,2000000,108.71809417019782,9084567.393095875,4000000000,45221,46021,45001,1020,220,800,0,0.0660460728659452,0.0660460728659452
8,14,0,8000000,70.08797329071515,0,5000000000,43001,48001,39001,9000,0,5000,0.49999999999999994,0,0.49999999999999994
8,17,1,10000000,125.89776844726042,5192182.05969182,2000000000,49927,50327,48001,2326,1926,400,0,0.5777917579758487,0.5777917579758487
8,18,0,2000000,144.79207160614834,0,8000000000,51001,59001,51001,8000,0,8000,0.7999999999999999,0,0.7999999999999999
8,20,1,5000000,150.385970090298,2597019.827648801,10000000000,58926,60926,57001,3925,1925,2000,0,0.5775851166134598,0.5775851166134598
8,19,1,9000000,169.09362672791664,1635699.8271835619,8000000000,59503,61103,54001,7102,5502,1600,0,1.650669612559053,1.650669612559053
8,21,0,6000000,126.3811156779366,0,8000000000,60001,68001,60001,8000,0,8000,0.7999999999999999,0,0.7999999999999999
8,22,0,7000000,102.93476477847513,0,4000000000,68001,72001,63001,9000,0,4000,0.39999999999999997,0,0.39999999999999997
8,27,1,10000000,99.38951302828686,12678251.965249931,10000000000,79670,81670,78001,3669,789,2000,0,0.23662568059246328,0.23662568059246328
8,23,0,2000000,84.67989194608128,0,10000000000,72001,82001,66001,16000,0,10000,0.9999999999999999,0,0.9999999999999999
8,28,1,4000000,116.93538044578291,6893584.09272946,2000000000,85070,85470,81001,4469,580,400,0,0.17407490557279465,0.17407490557279465
8,24,0,10000000,77.83439663799031,0,7000000000,82001,89001,69001,20000,0,7000,0.7,0,0.7
8,29,1,5000000,136.81337142253318,3760640.3229808905,2000000000,88870,89270,84001,5269,1330,400,0,0.3988682434833378,0.3988682434833378
8,25,0,3000000,78.24810796434632,0,5000000000,89001,94001,72001,22000,0,5000,0.49999999999999994,0,0.49999999999999994
8,26,0,2000000,86.32719907421998,0,2000000000,94001,96001,75001,21000,0,2000,0.19999999999999998,0,0.19999999999999998
8,30,1,2000000,158.13616822220024,2131032.7771417415,7000000000,94870,96270,87001,9269,939,1400,0,0.28155362340543305,0.28155362340543305
8,31,0,2000000,107.30048695136475,0,9000000000,96001,105001,90001,15000,0,9000,0.8999999999999999,0,0.8999999999999999
8,32,0,9000000,123.42427840583066,0,3000000000,105001,108001,93001,15000,0,3000,0.3,0,0.3
8,33,1,2000000,142.37688857395358,3218569.847020114,8000000000,106470,108070,96001,12069,621,1600,0,0.18641820079048618,0.18641820079048618
8,37,0,10000000,161.68839692445465,0,3000000000,108001,111001,108001,3000,0,3000,0.3,0,0.3
8,34,1,3000000,162.56569533576263,1911017.8964160194,5000000000,111070,112070,99001,13069,1570,1000,0,0.47095320336240026,0.47095320336240026
8,38,0,5000000,155.98648050392063,0,2000000000,111001,113001,111001,2000,0,2000,0.19999999999999998,0,0.19999999999999998
8,35,1,6000000,175.58644167474893,1409072.2732950747,6000000000,113670,114870,102001,12869,4258,1200,0,1.2774362494485483,1.2774362494485483
8,36,1,8000000,167.34673465592329,1704262.1691538747,8000000000,118870,120470,105001,15469,4694,1600,0,1.408234040183819,1.408234040183819
8,39,1,3000000,153.67352960090426,2385333.965823037,8000000000,121670,123270,114001,9269,1258,1600,0,0.3773056573608398,0.3773056573608398
8,40,1,9000000,154.91264667547324,2311120.4428720493,2000000000,124670,125070,117001,8069,3894,400,0,1.1682645135727703,1.1682645135727703
8,41,0,7000000,159.60081735379677,0,9000000000,120001,129001,120001,9000,0,9000,0.8999999999999999,0,0.8999999999999999
8,44,1,4000000,127.43162087959173,4954910.818590564,4000000000,130372,131172,129001,2171,807,800,0,0.24218397544062012,0.24218397544062012
8,42,0,8000000,165.33721329452723,0,3000000000,129001,132001,123001,9000,0,3000,0.3,0,0.3
8,45,1,7000000,108.39977721379327,9185201.418269143,10000000000,135413,137413,132001,5412,762,2000,0,0.22862862820004698,0.22862862820004698
8,43,0,10000000,147.67706829430222,0,10000000000,132001,142001,126001,16000,0,10000,0.9999999999999999,0,0.9999999999999999
8,47,1,2000000,81.34736934898393,25708932.937525257,6000000000,141013,142213,138001,4212,78,1200,0,0.023338191493907878,0.023338191493907878
8,50,1,10000000,72.63464806826009,37149332.07472386,8000000000,147270,148870,147001,1869,269,1600,0,0.08075515311999858,0.08075515311999858
8,46,0,2000000,91.58167720674261,0,7000000000,142001,149001,135001,14000,0,7000,0.7,0,0.7
8,48,0,6000000,71.89936995551491,0,3000000000,149001,152001,141001,11000,0,3000,0.3,0,0.3
8,49,0,5000000,68.36967237013793,0,6000000000,152001,158001,144001,14000,0,6000,0.6,0,0.6
8,54,1,9000000,118.19598047311085,6617035.507261186,5000000000,160533,161533,159001,2532,1360,1000,0,0.40803770767697445,0.40803770767697445
8,51,0,6000000,84.7740172458519,0,10000000000,158001,168001,150001,18000,0,10000,0.9999999999999999,0,0.9999999999999999
8,57,1,4000000,141.64341777858937,3284249.474909736,6000000000,173229,174429,168001,6428,1218,1200,0,0.3653802822128732,0.3653802822128732
8,52,0,4000000,87.24467032432413,0,8000000000,168001,176001,153001,23000,0,8000,0.7999999999999999,0,0.7999999999999999
8,53,0,5000000,100.02298385871126,0,7000000000,176001,183001,156001,27000,0,7000,0.7,0,0.7
8,60,1,8000000,150.16277867700768,2612217.5489315777,8000000000,189029,190629,177001,13628,3063,1600,0,0.9187596189994295,0.9187596189994295
8,55,0,6000000,135.79848784136,0,8000000000,183001,191001,162001,29000,0,8000,0.7999999999999999,0,0.7999999999999999
8,61,1,2000000,140.53879926909866,3386313.510968527,2000000000,192229,192629,180001,12628,591,400,0,0.17718383075180558,0.17718383075180558
8,56,0,3000000,137.77200368725133,0,8000000000,191001,199001,165001,34000,0,8000,0.7999999999999999,0,0.7999999999999999
8,63,1,9000000,142.80935543583968,3180602.7569860998,9000000000,202029,203829,186001,17828,2830,1800,0,0.8488956988009678,0.8488956988009678
8,58,0,4000000,138.76665918007825,0,5000000000,199001,204001,171001,33000,0,5000,0.49999999999999994,0,0.49999999999999994
8,64,1,2000000,153.00100130391309,2426848.6867373833,10000000000,204829,206829,189001,17828,824,2000,0,0.24723420264269977,0.24723420264269977
8,59,0,2000000,141.50184309753706,0,5000000000,204001,209001,174001,35000,0,5000,0.49999999999999994,0,0.49999999999999994
8,62,0,8000000,138.74690915476273,0,4000000000,209001,213001,183001,30000,0,4000,0.39999999999999997,0,0.39999999999999997
8,65,1,2000000,154.42676354829166,2339875.603525383,5000000000,213229,214229,192001,22228,855,1000,0,0.256423888131492,0.256423888131492
8,69,0,5000000,145.34274835711616,0,2000000000,213001,215001,204001,11000,0,2000,0.19999999999999998,0,0.19999999999999998
8,70,0,9000000,149.6127845473107,0,5000000000,215001,220001,207001,13000,0,5000,0.49999999999999994,0,0.49999999999999994
8,66,1,7000000,145.91711894085626,2923416.8671444813,7000000000,220829,222229,195001,27228,2394,1400,0,0.7183375123819499,0.7183375123819499
8,74,1,2000000,195.39467572070637,921969.49620686,10000000000,221170,223170,219001,4169,2169,2000,0,0.6507807497628745,0.6507807497628745
8,73,1,5000000,203.7675401039135,780287.7471118843,7000000000,223170,224570,216001,8569,6408,1400,0,1.9223677490156938,1.9223677490156938
8,72,0,2000000,203.30526456538206,0,8000000000,220001,228001,213001,15000,0,8000,0.7999999999999999,0,0.7999999999999999
8,67,1,8000000,141.9469654483674,3256869.2540713493,7000000000,227029,228429,198001,30428,2456,1400,0,0.7369040058945585,0.7369040058945585
8,68,1,6000000,144.91082292223723,3003785.0612171977,4000000000,232829,233629,201001,32628,1997,800,0,0.5992439416655869,0.5992439416655869
8,78,1,10000000,121.7970217205659,5898243.277579339,8000000000,233113,234713,231001,3712,1695,1600,0,0.5086260194461174,0.5086260194461174
8,75,0,2000000,180.6837139866236,0,7000000000,228001,235001,222001,13000,0,7000,0.7,0,0.7
8,80,1,3000000,161.82456488432155,1945796.5347650023,5000000000,238543,239543,237001,2542,1542,1000,0,0.46253551382169295,0.46253551382169295
8,76,0,10000000,152.22256600123387,0,7000000000,235001,242001,225001,17000,0,7000,0.7,0,0.7
8,82,1,5000000,120.75001656314585,6096969.813949739,7000000000,243821,245221,243001,2220,820,1400,0,0.2460238521384888,0.2460238521384888
8,77,0,10000000,123.36095006119238,0,4000000000,242001,246001,228001,18000,0,4000,0.39999999999999997,0,0.39999999999999997
8,71,1,10000000,172.2218363042271,1521266.967366045,4000000000,247029,247829,210001,37828,6573,800,0,1.972040453355972,1.972040453355972
8,84,1,10000000,145.85114192216662,2928604.174853006,8000000000,253508,255108,249001,6107,3415,1600,0,1.024378789650048,1.024378789650048
8,79,0,10000000,140.6642701612602,0,10000000000,246001,256001,234001,22000,0,10000,0.9999999999999999,0,0.9999999999999999
8,85,1,8000000,167.4116178764186,1701652.5427951193,3000000000,257188,257788,252001,5787,4701,600,0,1.410393684751754,1.410393684751754
8,81,0,6000000,184.44276212418853,0,4000000000,256001,260001,240001,20000,0,4000,0.39999999999999997,0,0.39999999999999997
8,86,1,5000000,189.2605318073475,1046529.355466785,8000000000,259779,261379,255001,6378,4778,1600,0,1.4333090535534503,1.4333090535534503
8,83,0,6000000,127.46542197788384,0,2000000000,260001,262001,246001,16000,0,2000,0.19999999999999998,0,0.19999999999999998
8,88,0,3000000,161.4069372734642,0,2000000000,262001,264001,261001,3000,0,2000,0.19999999999999998,0,0.19999999999999998
8,87,1,8000000,168.65937329422275,1652418.7516352714,7000000000,262842,264242,258001,6241,4841,1400,0,1.4524163427853292,1.4524163427853292
8,89,0,4000000,156.82140319484458,0,5000000000,264001,269001,264001,5000,0,5000,0.49999999999999994,0,0.49999999999999994
8,92,1,8000000,139.7881314704507,3457910.0202828976,2000000000,275315,275715,273001,2714,2314,400,0,0.694060859282756,0.694060859282756
8,90,0,3000000,146.64475305990328,0,8000000000,269001,277001,267001,10000,0,8000,0.7999999999999999,0,0.7999999999999999
8,91,0,7000000,139.24410113178945,0,3000000000,277001,280001,270001,10000,0,3000,0.3,0,0.3
8,93,0,9000000,162.8645388044924,0,9000000000,280001,289001,276001,13000,0,9000,0.8999999999999999,0,0.8999999999999999
8,96,1,7000000,90.3488749238196,17885540.82814377,9000000000,296140,297940,285001,12939,391,1800,0,0.11741327926162275,0.11741327926162275
8,94,0,2000000,143.72254276904516,0,9000000000,289001,298001,279001,19000,0,9000,0.8999999999999999,0,0.8999999999999999
8,95,0,10000000,117.0340292393627,0,4000000000,298001,302001,282001,20000,0,4000,0.39999999999999997,0,0.39999999999999997
8,97,1,7000000,71.74322267643127,38604692.9608227,4000000000,301740,302540,288001,14539,181,800,0,0.05439753146414474,0.05439753146414474
8,98,1,10000000,66.85910259643038,47740991.77134331,8000000000,303140,304740,291001,13739,209,1600,0,0.06283907997488984,0.06283907997488984
8,100,1,5000000,65.98655393335832,49600775.224213,8000000000,308940,310540,297001,13539,101,1600,0,0.030241462824310124,0.030241462824310124
8,99,0,3000000,82.83222199120338,0,10000000000,302001,312001,294001,18000,0,10000,0.9999999999999999,0,0.9999999999999999
8,101,1,8000000,69.84556177739573,41911466.047239944,5000000000,315340,316340,300001,16339,191,1000,0,0.057263565948632585,0.057263565948632585
8,103,0,9000000,105.22862965942305,0,6000000000,312001,318001,306001,12000,0,6000,0.6,0,0.6
8,102,1,5000000,85.52187673338327,21674869.901929986,7000000000,318740,320140,303001,17139,231,1400,0,0.06920456763002006,0.06920456763002006
8,104,0,5000000,100.0939803384799,0,7000000000,318001,325001,309001,16000,0,7000,0.7,0,0.7
8,105,1,8000000,80.92804334716118,26159250.588730045,3000000000,328340,328940,312001,16939,306,600,0,0.09174574752665011,0.09174574752665011
8,106,0,9000000,67.96636373972059,0,4000000000,325001,329001,315001,14000,0,4000,0.39999999999999997,0,0.39999999999999997
8,107,0,9000000,78.08344766978462,0,6000000000,329001,335001,318001,17000,0,6000,0.6,0,0.6
8,110,0,7000000,150.40101329445892,0,5000000000,335001,340001,327001,13000,0,5000,0.49999999999999994,0,0.49999999999999994
8,108,1,10000000,100.45206667859054,12192438.316095093,7000000000,338740,340140,321001,19139,820,1400,0,0.24605414620303928,0.24605414620303928
8,109,1,10000000,126.24031764852307,5138007.734231565,8000000000,342940,344540,324001,20539,1946,1600,0,0.583883901149611,0.583883901149611
8,111,0,9000000,177.08315786657974,0,7000000000,340001,347001,330001,17000,0,7000,0.7,0,0.7
8,113,0,9000000,218.6873258787532,0,5000000000,347001,352001,336001,16000,0,5000,0.49999999999999994,0,0.49999999999999994
8,114,0,2000000,235.968225191444,0,3000000000,352001,355001,339001,16000,0,3000,0.3,0,0.3
8,112,1,5000000,204.6234595543727,767382.7338721375,4000000000,354740,355540,333001,22539,6516,800,0,1.9546960516444618,1.9546960516444618
8,116,1,5000000,226.59517382327456,511214.7475233475,10000000000,355413,357413,345001,12412,9781,2000,0,2.9341876525803747,2.9341876525803747
8,117,0,7000000,210.12633652162688,0,5000000000,355001,360001,348001,12000,0,5000,0.49999999999999994,0,0.49999999999999994
8,118,1,4000000,197.83704253753896,877548.2595352827,8000000000,359413,361013,351001,10012,4558,1600,0,1.3674461626024714,1.3674461626024714
8,119,1,7000000,190.55558611596774,1018566.2436750283,8000000000,364013,365613,354001,11612,6872,1600,0,2.0617215748512487,2.0617215748512487
8,115,1,7000000,246.43233006243318,365808.18956504384,4000000000,365613,366413,342001,24412,19136,800,0,5.7407134665217825,5.7407134665217825
8,122,0,2000000,203.0560045898668,0,6000000000,363001,369001,363001,6000,0,6000,0.6,0,0.6
8,120,1,10000000,188.88716870131753,1054768.0129543531,9000000000,368013,369813,357001,12812,9481,1800,0,2.8442273212259708,2.8442273212259708
8,121,1,9000000,192.96972430928125,968878.3041615766,9000000000,370413,372213,360001,12212,9289,1800,0,2.786727691602567,2.786727691602567
8,123,0,7000000,209.21593940233137,0,4000000000,369001,373001,366001,7000,0,4000,0.39999999999999997,0,0.39999999999999997
8,124,0,2000000,197.70669690225466,0,8000000000,373001,381001,369001,12000,0,8000,0.7999999999999999,0,0.7999999999999999
8,127,1,3000000,198.77051894081274,861276.6009424826,4000000000,382134,382934,378001,4933,3483,800,0,1.044960468001967,1.044960468001967
8,126,1,9000000,192.8442506272873,971385.4414045367,6000000000,386334,387534,375001,12533,9265,1200,0,2.77953517204874,2.77953517204874
8,125,0,9000000,192.5206051309833,0,9000000000,381001,390001,372001,18000,0,9000,0.8999999999999999,0,0.8999999999999999
8,128,0,9000000,197.31895119323943,0,2000000000,390001,392001,381001,11000,0,2000,0.19999999999999998,0,0.19999999999999998
8,129,1,3000000,193.09678868381008,966347.5873637937,8000000000,391134,392734,384001,8733,3104,1600,0,0.9313419019911969,0.9313419019911969
8,131,1,4000000,198.81737650416775,860469.7621439272,3000000000,394698,395298,390001,5297,4649,600,0,1.3945870648726888,1.3945870648726888
8,130,0,6000000,192.56597466842368,0,9000000000,392001,401001,387001,14000,0,9000,0.8999999999999999,0,0.8999999999999999
8,132,0,9000000,211.27254364919258,0,4000000000,401001,405001,393001,12000,0,4000,0.39999999999999997,0,0.39999999999999997
8,134,0,3000000,250.57661223665713,0,10000000000,405001,415001,399001,16000,0,10000,0.9999999999999999,0,0.9999999999999999
8,133,1,8000000,228.86240844664727,491324.1223760902,8000000000,413539,415139,396001,19138,16283,1600,0,4.884759145130859,4.884759145130859
8,135,0,2000000,235.10814554157838,0,8000000000,415001,423001,402001,21000,0,8000,0.7999999999999999,0,0.7999999999999999
8,138,1,6000000,167.60318016075945,1693976.7245006138,2000000000,425140,425540,411001,14539,3542,400,0,1.0625883897729718,1.0625883897729718
8,136,0,7000000,218.6501280585035,0,3000000000,423001,426001,405001,21000,0,3000,0.3,0,0.3
8,140,1,2000000,111.41150972857339,8284171.869737362,3000000000,425540,426140,417001,9139,241,600,0,0.0724272757053533,0.0724272757053533
8,141,1,6000000,83.47131782834144,23558618.639022626,5000000000,426140,427140,420001,7139,255,1000,0,0.07640515887542193,0.07640515887542193
8,137,0,5000000,198.13609514674502,0,7000000000,426001,433001,408001,25000,0,7000,0.7,0,0.7
8,145,1,7000000,128.2332195649785,4836196.0158979455,5000000000,433448,434448,432001,2447,1447,1000,0,0.4342255758651439,0.4342255758651439
8,139,0,8000000,138.79476431047388,0,6000000000,433001,439001,414001,25000,0,6000,0.6,0,0.6
8,148,1,9000000,174.0341161956471,1459510.6694019756,5000000000,447167,448167,441001,7166,6166,1000,0,1.849935088933818,1.849935088933818
8,142,0,2000000,65.6769038551605,0,10000000000,439001,449001,423001,26000,0,10000,0.9999999999999999,0,0.9999999999999999
8,149,1,9000000,174.0341161956471,1459510.6694019756,2000000000,450779,451179,444001,7178,6166,400,0,1.849935088933818,1.849935088933818
8,143,0,8000000,74.39000268853337,0,8000000000,449001,457001,426001,31000,0,8000,0.7999999999999999,0,0.7999999999999999
8,151,1,8000000,198.4071856057638,867564.9147774788,7000000000,461066,462466,450001,12465,9221,1400,0,2.766363598988526,2.766363598988526
8,144,0,2000000,98.34806810507257,0,9000000000,457001,466001,429001,37000,0,9000,0.8999999999999999,0,0.8999999999999999
8,153,1,2000000,171.61155264142332,1542791.3346861461,4000000000,465645,466445,456001,10444,1296,800,0,0.3889054770469394,0.3889054770469394
8,152,1,7000000,203.90827374091518,778147.3819985266,7000000000,468045,469445,453001,16444,8996,1400,0,2.698717554772903,2.698717554772903
8,146,0,6000000,160.74192110336375,0,5000000000,466001,471001,435001,36000,0,5000,0.49999999999999994,0,0.49999999999999994
8,147,0,3000000,174.0341161956471,0,2000000000,471001,473001,438001,35000,0,2000,0.19999999999999998,0,0.19999999999999998
8,150,0,6000000,178.20142115033764,0,4000000000,473001,477001,447001,30000,0,4000,0.39999999999999997,0,0.39999999999999997
8,156,1,2000000,144.7800490399143,3014428.6125928313,2000000000,478045,478445,465001,13444,663,400,0,0.199042696680057,0.199042696680057
8,155,1,10000000,161.11621209549338,1979773.4748295178,5000000000,479445,480445,462001,18444,5051,1000,0,1.5153248783971793,1.5153248783971793
8,154,0,10000000,165.12607062484105,0,4000000000,477001,481001,459001,22000,0,4000,0.39999999999999997,0,0.39999999999999997
8,157,1,6000000,138.77093643843446,3557929.0536759933,5000000000,482845,483845,468001,15844,1686,1000,0,0.50591228010583,0.50591228010583
8,158,0,8000000,143.02340263047859,0,10000000000,481001,491001,471001,20000,0,10000,0.9999999999999999,0,0.9999999999999999
8,164,1,7000000,95.79320330795912,14501777.104035882,7000000000,491204,492604,489001,3603,483,1400,0,0.14480983847252518,0.14480983847252518
8,159,0,3000000,156.11757140053138,0,2000000000,491001,493001,474001,19000,0,2000,0.19999999999999998,0,0.19999999999999998
8,166,1,10000000,127.40533937005932,4958863.124944493,9000000000,497018,498818,495001,3817,2017,1800,0,0.6049773757434735,0.6049773757434735
8,160,0,9000000,161.22579694329318,0,8000000000,493001,501001,477001,24000,0,8000,0.7999999999999999,0,0.7999999999999999
8,161,0,10000000,133.3812179431572,0,9000000000,501001,510001,480001,30000,0,9000,0.8999999999999999,0,0.8999999999999999
8,173,1,5000000,123.28889041596567,5628546.499464057,10000000000,516889,518889,516001,2888,888,2000,0,0.2664986422592099,0.2664986422592099
8,162,0,6000000,110.76496287183961,0,9000000000,510001,519001,483001,36000,0,9000,0.8999999999999999,0,0.8999999999999999
8,175,1,7000000,68.95826708959557,43560386.859041154,10000000000,522162,524162,522001,2161,161,2000,0,0.04820893824463672,0.04820893824463672
8,163,0,5000000,96.99116506156628,0,10000000000,519001,529001,486001,43000,0,10000,0.9999999999999999,0,0.9999999999999999
8,178,1,2000000,11.558689372069784,501906818.7417174,8000000000,531005,532605,531001,1604,4,1600,0,0.0011954410213118893,0.0011954410213118893
8,165,0,3000000,107.53061936025473,0,10000000000,529001,539001,492001,47000,0,10000,0.9999999999999999,0,0.9999999999999999
8,180,1,3000000,69.73507653971568,42113115.09018506,10000000000,537072,539072,537001,2071,71,2000,0,0.02137101466069783,0.02137101466069783
8,181,1,6000000,98.87881117812856,12919916.30833984,6000000000,540465,541665,540001,1664,464,1200,0,0.1393197879182929,0.1393197879182929
8,182,1,9000000,122.11089427237854,5840214.02826218,8000000000,544542,546142,543001,3141,1541,1600,0,0.4623118240074867,0.4623118240074867
8,167,0,2000000,144.5660143325533,0,10000000000,539001,549001,498001,51000,0,10000,0.9999999999999999,0,0.9999999999999999
8,184,1,5000000,134.60036032641221,4007210.6938617085,4000000000,550249,551049,549001,2048,1248,800,0,0.37432521386951706,0.37432521386951706
8,185,1,6000000,148.71559434033813,2713474.7994675883,8000000000,554212,555812,552001,3811,2211,1600,0,0.6633560777322046,0.6633560777322046
8,168,0,9000000,165.53458248958128,0,9000000000,549001,558001,501001,57000,0,9000,0.8999999999999999,0,0.8999999999999999
8,169,0,9000000,184.9475914955369,0,3000000000,558001,561001,504001,57000,0,3000,0.3,0,0.3
8,170,0,4000000,206.8516927656141,0,5000000000,561001,566001,507001,59000,0,5000,0.49999999999999994,0,0.49999999999999994
8,171,0,2000000,181.49214252964234,0,4000000000,566001,570001,510001,60000,0,4000,0.39999999999999997,0,0.39999999999999997
8,191,1,5000000,195.48276906162346,920319.244915062,2000000000,575434,575834,570001,5833,5433,400,0,1.6298692092855647,1.6298692092855647
8,172,0,8000000,152.37925219661625,0,7000000000,570001,577001,513001,64000,0,7000,0.7,0,0.7
8,189,1,7000000,222.66141672952682,548169.3437884853,9000000000,578128,579928,564001,15927,12770,1800,0,3.8309329476299547,3.8309329476299547
8,193,1,2000000,217.46243560670422,602274.5825047782,2000000000,579928,580328,576001,4327,3321,400,0,0.9962233463425959,0.9962233463425959
8,174,0,10000000,96.01226848689709,0,6000000000,577001,583001,519001,64000,0,6000,0.6,0,0.6
8,176,0,7000000,40.1273684659236,0,4000000000,583001,587001,525001,62000,0,4000,0.39999999999999997,0,0.39999999999999997
8,194,1,5000000,207.75335978029332,722399.0051003048,8000000000,585922,587522,579001,8521,6921,1600,0,2.076414819801317,2.076414819801317
8,177,0,5000000,14.81492490699825,0,2000000000,587001,589001,528001,61000,0,2000,0.19999999999999998,0,0.19999999999999998
8,195,1,7000000,195.75211365397823,915296.3803028832,9000000000,589649,591449,582001,9448,7648,1800,0,2.2943388012799564,2.2943388012799564
8,179,0,5000000,40.60114530404289,0,7000000000,589001,596001,534001,62000,0,7000,0.7,0,0.7
8,199,1,3000000,132.44178872244206,4267140.77525037,6000000000,595408,596608,594001,2607,703,1200,0,0.21091406339815294,0.21091406339815294
8,198,1,10000000,157.19967970705295,2181502.234501917,4000000000,596608,597408,591001,6407,4584,800,0,1.3751991414691187,1.3751991414691187
8,200,1,10000000,105.27643658483136,10247280.134921346,7000000000,598208,599608,597001,2607,976,1400,0,0.2927606116452702,0.2927606116452702
8,183,0,2000000,125.9802226541928,0,6000000000,596001,602001,546001,56000,0,6000,0.6,0,0.6
8,201,1,7000000,78.12507471996429,29407345.563048992,10000000000,601057,603057,600001,3056,238,2000,0,0.07141072952326233,0.07141072952326233
8,186,0,10000000,166.86098675244614,0,3000000000,602001,605001,555001,50000,0,3000,0.3,0,0.3
8,203,1,6000000,26.432131960929674,265029055.59830156,8000000000,606024,607624,606001,1623,23,1600,0,0.0067917081617202705,0.0067917081617202705
8,187,0,5000000,184.9739581670891,0,6000000000,605001,611001,558001,53000,0,6000,0.6,0,0.6
8,205,1,2000000,18.67661907305498,363853666.1675397,9000000000,613305,615105,612001,3104,5,1800,0,0.00164901457863482,0.00164901457863482
8,206,1,8000000,45.816565781385194,119686094.91915083,4000000000,616505,617305,615001,2304,67,800,0,0.02005245472852318,0.02005245472852318
8,188,0,7000000,207.64693159302882,0,8000000000,611001,619001,561001,58000,0,8000,0.7999999999999999,0,0.7999999999999999
8,207,1,8000000,72.994205249458,36579228.68102393,5000000000,620905,621905,618001,3904,219,1000,0,0.06561100620596297,0.06561100620596297
8,190,0,8000000,208.6444727281315,0,6000000000,619001,625001,567001,58000,0,6000,0.6,0,0.6
8,208,1,9000000,100.18856471673796,12310820.608647563,4000000000,626505,627305,621001,6304,731,800,0,0.2193192546485019,0.2193192546485019
8,192,0,10000000,188.55322855894042,0,3000000000,625001,628001,573001,55000,0,3000,0.3,0,0.3
8,196,0,5000000,188.91279310835466,0,6000000000,628001,634001,585001,49000,0,6000,0.6,0,0.6
8,197,0,8000000,182.73989438543524,0,5000000000,634001,639001,588001,51000,0,5000,0.49999999999999994,0,0.49999999999999994
8,214,1,9000000,137.4121464791232,3697159.8312565614,2000000000,642710,643110,639001,4109,2434,400,0,0.7302903101926068,0.7302903101926068
8,202,0,8000000,52.18865777158868,0,7000000000,639001,646001,603001,43000,0,7000,0.7,0,0.7
8,216,1,7000000,125.44248801741772,5265270.977949967,4000000000,646330,647130,645001,2129,1329,800,0,0.39883987145095334,0.39883987145095334
8,217,1,4000000,128.69107389403516,4769951.985279374,8000000000,648840,650440,648001,2439,839,1600,0,0.2515748593913187,0.2515748593913187
8,204,0,6000000,3.9654760117796535,0,7000000000,646001,653001,609001,44000,0,7000,0.7,0,0.7
8,209,0,7000000,122.04121312081422,0,7000000000,653001,660001,624001,36000,0,7000,0.7,0,0.7
8,220,1,7000000,155.33565720722336,2286441.651908625,4000000000,663712,664512,657001,7511,3062,800,0,0.9184577258934242,0.9184577258934242
8,210,0,2000000,125.7362986571499,0,5000000000,660001,665001,627001,38000,0,5000,0.49999999999999994,0,0.49999999999999994
8,211,0,10000000,123.45522913185984,0,5000000000,665001,670001,630001,40000,0,5000,0.49999999999999994,0,0.49999999999999994
8,223,1,6000000,171.04507154548472,1563110.3091550216,8000000000,669840,671440,666001,5439,3839,1600,0,1.1515502069543864,1.1515502069543864
8,212,0,4000000,127.06612333741835,0,4000000000,670001,674001,633001,41000,0,4000,0.39999999999999997,0,0.39999999999999997
8,225,1,6000000,194.71154922089246,934892.380701662,3000000000,679494,680094,672001,8093,6418,600,0,1.9253552998785286,1.9253552998785286
8,213,0,2000000,130.55902305087915,0,8000000000,674001,682001,636001,46000,0,8000,0.7999999999999999,0,0.7999999999999999
8,215,0,4000000,127.81007667629342,0,5000000000,682001,687001,642001,45000,0,5000,0.49999999999999994,0,0.49999999999999994
8,228,1,5000000,212.21318455741624,663829.4366062335,3000000000,689422,690022,681001,9021,7532,600,0,2.2596165781207462,2.2596165781207462
8,226,1,10000000,209.83018872412046,694355.7473964358,4000000000,690022,690822,675001,15821,14402,800,0,4.320551837078953,4.320551837078953
8,218,0,2000000,137.32261066554184,0,4000000000,687001,691001,651001,40000,0,4000,0.39999999999999997,0,0.39999999999999997
8,219,0,3000000,148.7407866054231,0,3000000000,691001,694001,654001,40000,0,3000,0.3,0,0.3
8,230,1,8000000,212.21318455741624,663829.4366062335,8000000000,699052,700652,687001,13651,12051,1600,0,3.615386524993194,3.615386524993194
8,232,1,5000000,215.30618314391253,626660.04685067,4000000000,700980,701780,693001,8779,7979,800,0,2.393642306603667,2.393642306603667
8,221,0,3000000,156.1640538024036,0,9000000000,694001,703001,660001,43000,0,9000,0.8999999999999999,0,0.8999999999999999
8,234,1,7000000,182.29211310421528,1214543.3728430592,7000000000,704764,706164,699001,7163,5763,1400,0,1.7290448797099958,1.7290448797099958
8,236,1,6000000,127.58054436315906,4932587.904925335,8000000000,706764,708364,705001,3363,1216,1600,0,0.36492000440633743,0.36492000440633743
8,222,0,2000000,161.5525035398709,0,7000000000,703001,710001,663001,47000,0,7000,0.7,0,0.7
8,237,1,7000000,109.11722916203476,8960253.12439738,4000000000,710195,710995,708001,2994,781,800,0,0.23436837897827079,0.23436837897827079
8,238,1,6000000,95.06742133875302,14906430.844651503,2000000000,711404,711804,711001,803,403,400,0,0.12075325198626258,0.12075325198626258
8,239,1,6000000,91.75183594893346,16932401.32460439,8000000000,714355,715955,714001,1954,354,1600,0,0.10630506361696193,0.10630506361696193
8,224,0,2000000,183.23740365984239,0,10000000000,710001,720001,669001,51000,0,10000,0.9999999999999999,0,0.9999999999999999
8,241,1,4000000,117.90562030709135,6679520.368824958,10000000000,720600,722600,720001,2599,599,2000,0,0.17965361788560585,0.17965361788560585
8,227,0,9000000,212.21318455741624,0,8000000000,720001,728001,678001,50000,0,8000,0.7999999999999999,0,0.7999999999999999
8,242,1,9000000,141.6108488075684,3287204.05321037,10000000000,729203,731203,723001,8202,2738,2000,0,0.8213667166062019,0.8213667166062019
8,229,0,2000000,212.21318455741624,0,4000000000,728001,732001,684001,48000,0,4000,0.39999999999999997,0,0.39999999999999997
8,243,1,7000000,168.51038692021328,1658203.6230190077,10000000000,731803,733803,726001,7802,4221,2000,0,1.266430715050927,1.266430715050927
8,231,0,3000000,212.21318455741624,0,4000000000,732001,736001,690001,46000,0,4000,0.39999999999999997,0,0.39999999999999997
8,245,1,9000000,149.3555235001371,2668112.191566517,6000000000,737003,738203,732001,6202,3373,1200,0,1.0119514496183013,1.0119514496183013
8,246,1,8000000,149.8179702171939,2635913.338884201,4000000000,738203,739003,735001,4002,3035,800,0,0.9105003433139935,0.9105003433139935
8,233,0,5000000,211.39892738611513,0,4000000000,736001,740001,696001,44000,0,4000,0.39999999999999997,0,0.39999999999999997
8,248,1,5000000,180.47135174315068,1263870.4103519444,2000000000,745880,746280,741001,5279,3956,400,0,1.186830538727702,1.186830538727702
8,235,0,7000000,153.72926461802902,0,10000000000,740001,750001,702001,48000,0,10000,0.9999999999999999,0,0.9999999999999999
8,240,0,8000000,100.13218863082945,0,6000000000,750001,756001,717001,39000,0,6000,0.6,0,0.6
8,250,1,5000000,218.55345272953252,590386.847848366,6000000000,755470,756670,747001,9669,8469,1200,0,2.540707005019965,2.540707005019965
8,244,0,7000000,171.2176375260446,0,5000000000,756001,761001,729001,32000,0,5000,0.49999999999999994,0,0.49999999999999994
8,254,1,2000000,202.39888265501867,801490.5603763845,10000000000,762236,764236,759001,5235,2495,2000,0,0.7486051984420585,0.7486051984420585
8,247,0,3000000,163.55227482367835,0,10000000000,761001,771001,738001,33000,0,10000,0.9999999999999999,0,0.9999999999999999
8,252,1,7000000,234.32447097987867,447227.2428747679,7000000000,771436,772836,753001,19835,15652,1400,0,4.69559945968685,4.69559945968685
8,255,1,9000000,189.05841663358973,1050979.2603150355,5000000000,774036,775036,762001,13035,8563,1000,0,2.5690326174378204,2.5690326174378204
8,257,1,4000000,179.26843698766385,1297829.8918340874,8000000000,775036,776636,768001,8635,3082,1600,0,0.9246204048391622,0.9246204048391622
8,256,1,8000000,181.12682766503696,1245830.5349506927,4000000000,776636,777436,765001,12435,6421,800,0,1.9264257318070848,1.9264257318070848
8,249,0,6000000,197.92117269256465,0,7000000000,771001,778001,744001,34000,0,7000,0.7,0,0.7
8,251,0,2000000,240.36133403690374,0,2000000000,778001,780001,750001,30000,0,2000,0.19999999999999998,0,0.19999999999999998
8,253,1,10000000,218.31130525009462,592999.8453754975,9000000000,779036,780836,756001,24835,16863,1800,0,5.059023241566529,5.059023241566529
8,260,1,10000000,180.66887114276219,1258400.3251482625,5000000000,787236,788236,777001,11235,7947,1000,0,2.383979040728987,2.383979040728987
8,258,0,10000000,183.62309794794336,0,9000000000,780001,789001,771001,18000,0,9000,0.8999999999999999,0,0.8999999999999999
8,262,1,7000000,156.24308144682755,2234593.196330231,10000000000,788236,790236,783001,7235,3133,2000,0,0.9397683674365127,0.9397683674365127
8,261,1,8000000,182.76249177552813,1202191.2170901825,9000000000,792636,794436,780001,14435,6655,1800,0,1.9963546280175193,1.9963546280175193
8,259,0,7000000,177.28339798187537,0,8000000000,789001,797001,774001,23000,0,8000,0.7999999999999999,0,0.7999999999999999
8,264,1,9000000,109.66380077309013,8793326.966367776,10000000000,796036,798036,789001,9035,1024,2000,0,0.3070510183832364,0.3070510183832364
8,263,0,4000000,129.73699279696592,0,3000000000,797001,800001,786001,14000,0,3000,0.3,0,0.3
8,266,1,4000000,77.25851927133989,30500918.773979396,8000000000,800436,802036,795001,7035,131,1600,0,0.03934307713457244,0.03934307713457244
8,265,0,4000000,96.01633246484677,0,7000000000,800001,807001,792001,15000,0,7000,0.7,0,0.7
8,271,1,7000000,109.00676355162555,8994452.422395334,6000000000,812376,813576,810001,3575,778,1200,0,0.2334772481281016,0.2334772481281016
8,267,0,6000000,67.25910272966776,0,7000000000,807001,814001,798001,16000,0,7000,0.7,0,0.7
8,268,0,10000000,66.29443792657113,0,5000000000,814001,819001,801001,18000,0,5000,0.49999999999999994,0,0.49999999999999994
8,269,0,9000000,72.64172148290537,0,3000000000,819001,822001,804001,18000,0,3000,0.3,0,0.3
8,270,0,6000000,89.40415258812087,0,7000000000,822001,829001,807001,22000,0,7000,0.7,0,0.7
8,272,0,7000000,133.4637407687946,0,3000000000,829001,832001,813001,19000,0,3000,0.3,0,0.3
8,277,1,2000000,231.13249814770745,472366.4254604819,3000000000,833862,834462,828001,6461,4234,600,0,1.2702003522267606,1.2702003522267606
8,273,0,10000000,160.30577438133665,0,5000000000,832001,837001,816001,21000,0,5000,0.49999999999999994,0,0.49999999999999994
8,275,1,10000000,204.97705261809188,762129.165417975,7000000000,836862,838262,822001,16261,13121,1400,0,3.9363406311247884,3.9363406311247884
8,274,0,4000000,187.6731509832986,0,6000000000,837001,843001,819001,24000,0,6000,0.6,0,0.6
8,276,1,9000000,221.14543743880404,563296.5427144476,8000000000,842075,843675,825001,18674,15977,1600,0,4.7932124471935795,4.7932124471935795
8,280,1,4000000,222.7162510909341,547631.7332986147,4000000000,845075,845875,837001,8874,7304,800,0,2.191253587099306,2.191253587099306
8,278,0,8000000,219.76807070181965,0,9000000000,843001,852001,831001,21000,0,9000,0.8999999999999999,0,0.8999999999999999
8,286,1,2000000,206.8089555604399,735617.6458313533,7000000000,857720,859120,855001,4119,2719,1400,0,0.8156411192691199,0.8156411192691199
8,279,0,9000000,228.54879260236754,0,10000000000,852001,862001,834001,28000,0,10000,0.9999999999999999,0,0.9999999999999999
8,287,1,3000000,220.82801135725512,566529.6304951999,4000000000,863741,864541,858001,6540,5295,800,0,1.5886194676407583,1.5886194676407583
8,281,0,2000000,209.88466594775332,0,10000000000,862001,872001,840001,32000,0,10000,0.9999999999999999,0,0.9999999999999999
8,290,1,3000000,230.40027886267848,478379.92990664876,3000000000,874429,875029,867001,8028,6271,600,0,1.8813498304070289,1.8813498304070289
8,292,1,4000000,195.72321298200686,915833.6959787095,2000000000,877433,877833,873001,4832,4368,400,0,1.310281555777018,1.310281555777018
8,293,1,4000000,168.15035801329714,1672287.0213679117,2000000000,878393,878793,876001,2792,2392,400,0,0.7175801669610601,0.7175801669610601
8,282,0,9000000,198.95801893866957,0,8000000000,872001,880001,843001,37000,0,8000,0.7999999999999999,0,0.7999999999999999
8,295,1,6000000,118.5741219659669,6536722.74419222,2000000000,882919,883319,882001,1318,918,400,0,0.27536734697815857,0.27536734697815857
8,289,1,7000000,249.37698891437438,348874.85341764777,7000000000,885350,886750,864001,22749,20065,1400,0,6.01935043305065,6.01935043305065
8,283,0,8000000,193.00177667576017,0,8000000000,880001,888001,846001,42000,0,8000,0.7999999999999999,0,0.7999999999999999
8,284,0,8000000,192.3581516338728,0,8000000000,888001,896001,849001,47000,0,8000,0.7999999999999999,0,0.7999999999999999
8,298,1,6000000,65.86393929913389,49868112.63571162,8000000000,894550,896150,891001,5149,120,1600,0,0.03609521004231834,0.03609521004231834
8,285,0,3000000,197.0694611044542,0,3000000000,896001,899001,852001,47000,0,3000,0.3,0,0.3
8,288,0,2000000,238.4173336819284,0,4000000000,899001,903001,861001,42000,0,4000,0.39999999999999997,0,0.39999999999999997
8,302,1,6000000,159.33440808563606,2068548.4542222386,8000000000,905902,907502,903001,4501,2901,1600,0,0.8701754103588494,0.8701754103588494
8,291,0,7000000,216.65718266422647,0,9000000000,903001,912001,870001,42000,0,9000,0.8999999999999999,0,0.8999999999999999
8,303,1,7000000,189.32602171914985,1045092.5170798367,5000000000,912699,913699,906001,7698,6698,1000,0,2.009391480352143,2.009391480352143
8,305,1,2000000,185.47752020123625,1133869.1382160096,8000000000,913765,915365,912001,3364,1764,1600,0,0.5291615935010094,0.5291615935010094
8,294,0,5000000,142.39511929838045,0,8000000000,912001,920001,879001,41000,0,8000,0.7999999999999999,0,0.7999999999999999
8,307,1,8000000,165.12607062484105,1796650.272861033,2000000000,925158,925558,918001,7557,4453,400,0,1.3358192388651005,1.3358192388651005
8,296,0,9000000,92.85347597155426,0,6000000000,920001,926001,885001,41000,0,6000,0.6,0,0.6
8,308,1,5000000,165.12607062484105,1796650.272861033,3000000000,925558,926158,921001,5157,2783,600,0,0.8348870242906877,0.8348870242906877
8,297,0,5000000,71.96069830122553,0,3000000000,926001,929001,888001,41000,0,3000,0.3,0,0.3
8,304,1,10000000,215.97396532915724,618978.4991374682,5000000000,929558,930558,909001,21557,16156,1000,0,4.846695005045294,4.846695005045294
8,299,0,6000000,80.55873447367456,0,2000000000,929001,931001,894001,37000,0,2000,0.19999999999999998,0,0.19999999999999998
8,300,0,4000000,103.54635145672684,0,2000000000,931001,933001,897001,36000,0,2000,0.19999999999999998,0,0.19999999999999998
8,301,0,8000000,130.4449017784904,0,9000000000,933001,942001,900001,42000,0,9000,0.8999999999999999,0,0.8999999999999999
8,314,1,4000000,133.53790847545875,4132640.76834794,8000000000,940419,942019,939001,3018,968,1600,0,0.2903712341006864,0.2903712341006864
8,315,1,6000000,111.73411654458991,8194121.119597991,7000000000,942733,944133,942001,2132,732,1400,0,0.21966968436613848,0.21966968436613848
8,306,0,3000000,165.24546135976018,0,5000000000,942001,947001,915001,32000,0,5000,0.49999999999999994,0,0.49999999999999994
8,316,1,4000000,92.00260920213078,16768341.464765726,10000000000,945240,947240,945001,2239,239,2000,0,0.07156342817335187,0.07156342817335187
8,309,0,9000000,165.12607062484105,0,5000000000,947001,952001,924001,28000,0,5000,0.49999999999999994,0,0.49999999999999994
8,310,0,7000000,165.12607062484105,0,3000000000,952001,955001,927001,28000,0,3000,0.3,0,0.3
8,311,0,4000000,165.12607062484105,0,2000000000,955001,957001,930001,27000,0,2000,0.19999999999999998,0,0.19999999999999998
8,319,1,8000000,46.772287735367364,114901256.47825888,5000000000,956350,957350,954001,3349,70,1000,0,0.020887500046216794,0.020887500046216794
8,321,1,10000000,63.62546974286321,55019786.67680301,4000000000,961027,961827,960001,1826,182,800,0,0.05452583845194797,0.05452583845194797
8,312,0,3000000,165.12607062484105,0,6000000000,957001,963001,933001,30000,0,6000,0.6,0,0.6
8,313,0,3000000,156.2374935794862,0,9000000000,963001,972001,936001,36000,0,9000,0.8999999999999999,0,0.8999999999999999
8,325,1,6000000,81.64354842851944,25396138.967413884,3000000000,972237,972837,972001,836,236,600,0,0.0708769156724809,0.0708769156724809
8,317,0,6000000,74.05043821612405,0,7000000000,972001,979001,948001,31000,0,7000,0.7,0,0.7
8,326,1,8000000,92.52122188989944,16434913.810963705,9000000000,978837,980637,975001,5636,487,1800,0,0.14603058023942686,0.14603058023942686
8,318,0,9000000,57.07280438177195,0,9000000000,979001,988001,951001,37000,0,9000,0.8999999999999999,0,0.8999999999999999
8,320,0,3000000,49.50638342678648,0,10000000000,988001,998001,957001,41000,0,10000,0.9999999999999999,0,0.9999999999999999
9,1,1,10000000,65.96626789503864,49644901.81785029,2000000000,202,602,1,601,201,400,0,0.06042916573804809,0.06042916573804809
9,2,1,5000000,69.18880400758496,43125433.26085086,9000000000,3802,5602,3001,2601,116,1800,0,0.03478225925121767,0.03478225925121767
9,3,0,6000000,83.76943655057012,0,2000000000,6001,8001,6001,2000,0,2000,0.19999999999999998,0,0.19999999999999998
9,5,1,5000000,137.67942838347346,3669249.4454615912,10000000000,14716,16716,12001,4715,1363,2000,0,0.4088029506566567,0.4088029506566567
9,4,0,3000000,108.86482306052771,0,9000000000,9001,18001,9001,9000,0,9000,0.8999999999999999,0,0.8999999999999999
9,6,0,8000000,167.31902760893632,0,8000000000,18001,26001,15001,11000,0,8000,0.7999999999999999,0,0.7999999999999999
9,8,1,10000000,174.0341161956471,1459510.6694019756,3000000000,29719,30319,21001,9318,6852,600,0,2.055483432148687,2.055483432148687
9,7,0,4000000,174.0341161956471,0,5000000000,26001,31001,18001,13000,0,5000,0.49999999999999994,0,0.49999999999999994
9,9,1,8000000,174.0341161956471,1459510.6694019756,4000000000,32919,33719,24001,9718,5481,800,0,1.6443867457189494,1.6443867457189494
9,11,0,9000000,170.94592419826802,0,10000000000,31001,41001,30001,11000,0,10000,0.9999999999999999,0,0.9999999999999999
9,10,1,10000000,178.31161768095762,1325655.0313944134,8000000000,41119,42719,27001,15718,7543,1600,0,2.263032183300657,2.263032183300657
9,12,1,9000000,167.6156809490091,1693477.3185615928,2000000000,47519,47919,33001,14918,5315,400,0,1.594352620142163,1.594352620142163
9,14,0,8000000,172.41144103568067,0,7000000000,41001,48001,39001,9000,0,7000,0.7,0,0.7
9,13,1,8000000,169.51110789561844,1619824.2055935727,5000000000,53319,54319,36001,18318,4939,1000,0,1.481642261988879,1.481642261988879
9,15,0,7000000,182.12061113448968,0,9000000000,48001,57001,42001,15000,0,9000,0.8999999999999999,0,0.8999999999999999
9,18,0,8000000,230.3141597904914,0,3000000000,57001,60001,51001,9000,0,3000,0.3,0,0.3
9,16,1,4000000,198.10727598955066,872798.668039971,2000000000,61319,61719,45001,16718,4583,400,0,1.3748875243987475,1.3748875243987475
9,20,0,8000000,190.2463584408385,0,2000000000,60001,62001,57001,5000,0,2000,0.19999999999999998,0,0.19999999999999998
9,17,1,2000000,218.36322423888137,592438.3784070764,5000000000,61719,62719,48001,14718,3376,1000,0,1.0127635579809247,1.0127635579809247
9,21,1,2000000,179.34203773794923,1295719.7293301767,10000000000,61670,63670,60001,3669,1544,2000,0,0.4630631041715869,0.4630631041715869
9,19,1,7000000,208.50002398081398,712157.099422745,6000000000,63830,65030,54001,11029,9829,1200,0,2.9487875662577854,2.9487875662577854
9,22,1,5000000,179.00225948294622,1305497.0619254871,6000000000,66831,68031,63001,5030,3830,1200,0,1.1489876490320392,1.1489876490320392
9,24,1,3000000,171.17795097500144,1558314.3957906032,8000000000,70926,72526,69001,3525,1925,1600,0,0.577547125555103,0.577547125555103
9,23,0,5000000,177.4309806657225,0,9000000000,66001,75001,66001,9000,0,9000,0.8999999999999999,0,0.8999999999999999
9,26,1,2000000,168.5700581360759,1655883.6841034289,7000000000,76209,77609,75001,2608,1208,1400,0,0.36234429130501844,0.36234429130501844
9,25,1,9000000,166.45192609279113,1740763.4417704123,3000000000,77609,78209,72001,6208,5170,600,0,1.5510436026011745,1.5510436026011745
9,27,0,2000000,177.22480102965275,0,8000000000,78001,86001,78001,8000,0,8000,0.7999999999999999,0,0.7999999999999999
9,28,0,5000000,191.5608232389911,0,5000000000,86001,91001,81001,10000,0,5000,0.49999999999999994,0,0.49999999999999994
9,29,1,5000000,210.43555426780904,686438.0038607103,10000000000,91285,93285,84001,9284,7284,2000,0,2.185193697848313,2.185193697848313
9,31,1,10000000,177.9098423359427,1337559.893167605,6000000000,97477,98677,90001,8676,7476,1200,0,2.2428902177198284,2.2428902177198284
9,30,0,7000000,172.2571548586589,0,9000000000,91001,100001,87001,13000,0,9000,0.8999999999999999,0,0.8999999999999999
9,32,0,3000000,188.17005208055824,0,2000000000,100001,102001,93001,9000,0,2000,0.19999999999999998,0,0.19999999999999998
9,33,0,2000000,201.7312253965657,0,7000000000,102001,109001,96001,13000,0,7000,0.7,0,0.7
9,36,0,6000000,253.06671551193767,0,4000000000,109001,113001,105001,8000,0,4000,0.39999999999999997,0,0.39999999999999997
9,34,1,9000000,217.12045182340609,606062.1648239528,3000000000,113851,114451,99001,15450,14850,600,0,4.454988541949798,4.454988541949798
9,35,1,6000000,235.51325504098494,438292.7984953596,5000000000,115929,116929,102001,14928,13689,1000,0,4.106843658347395,4.106843658347395
9,38,1,5000000,219.16032943943117,583900.8863698327,7000000000,119564,120964,111001,9963,8563,1400,0,2.5689291368020393,2.5689291368020393
9,41,0,6000000,179.7816525677746,0,3000000000,120001,123001,120001,3000,0,3000,0.3,0,0.3
9,39,1,7000000,207.0742110935111,731874.6898445387,7000000000,123565,124965,114001,10964,9564,1400,0,2.8693436583331935,2.8693436583331935
9,40,1,7000000,193.7788907492248,952902.0787118163,3000000000,124965,125565,117001,8564,7346,600,0,2.2037941220979302,2.2037941220979302
9,42,1,7000000,167.46371577150674,1699560.7361147888,6000000000,127120,128320,123001,5319,4119,1200,0,1.2356133884338956,1.2356133884338956
9,43,1,3000000,157.10527043991868,2186671.9302905346,10000000000,128320,130320,126001,4319,1372,2000,0,0.41158437511036255,0.41158437511036255
9,37,1,9000000,236.46190221682647,431322.4294297856,5000000000,130320,131320,108001,23319,20866,1000,0,6.25981821434475,6.25981821434475
9,44,0,5000000,153.74737201006073,0,6000000000,129001,135001,129001,6000,0,6000,0.6,0,0.6
9,46,1,3000000,144.75543858522207,3016436.83457154,3000000000,135996,136596,135001,1595,995,600,0,0.2983652731212711,0.2983652731212711
9,45,0,7000000,148.18394312475291,0,5000000000,135001,140001,132001,8000,0,5000,0.49999999999999994,0,0.49999999999999994
9,47,1,2000000,144.7132602770043,3019882.442122167,7000000000,138663,140063,138001,2062,662,1400,0,0.19868323072151148,0.19868323072151148
9,48,1,7000000,147.75676803449647,2783241.8857114003,7000000000,143516,144916,141001,3915,2515,1400,0,0.7545158079076685,0.7545158079076685
9,49,1,8000000,152.25216188941292,2474131.4941453133,10000000000,147234,149234,144001,5233,3233,2000,0,0.9700373669221967,0.9700373669221967
9,51,1,8000000,151.8343126569222,2501010.753819155,4000000000,153200,154000,150001,3999,3199,800,0,0.9596120273913629,0.9596120273913629
9,50,0,8000000,157.3111903203329,0,8000000000,147001,155001,147001,8000,0,8000,0.7999999999999999,0,0.7999999999999999
9,52,1,10000000,131.59622676961524,4374583.488180652,5000000000,155287,156287,153001,3286,2286,1000,0,0.6857795737823881,0.6857795737823881
9,53,1,5000000,149.7863979138293,2638096.29507738,4000000000,157896,158696,156001,2695,1895,800,0,0.5685918299491044,0.5685918299491044
9,54,1,3000000,143.84819011722047,3091635.027208133,4000000000,159971,160771,159001,1770,970,800,0,0.29110810043213126,0.29110810043213126
9,55,1,3000000,144.79005836037226,3013612.3206045027,7000000000,162996,164396,162001,2395,995,1400,0,0.2986449165496736,0.2986449165496736
9,56,1,5000000,141.49213299685604,3298001.4501419677,4000000000,166517,167317,165001,2316,1516,800,0,0.4548209037128926,0.4548209037128926
9,57,0,8000000,141.99195787085972,0,5000000000,168001,173001,168001,5000,0,5000,0.49999999999999994,0,0.49999999999999994
9,59,1,10000000,154.39166072038998,2341970.1410458707,6000000000,178271,179471,174001,5470,4270,1200,0,1.280972779038194,1.280972779038194
9,58,0,9000000,147.22197254486167,0,7000000000,173001,180001,171001,9000,0,7000,0.7,0,0.7
9,60,1,6000000,158.11820546666976,2131987.1390146036,5000000000,179815,180815,177001,3814,2814,1000,0,0.844282766561131,0.844282766561131
9,61,0,8000000,171.42801696338904,0,3000000000,180001,183001,180001,3000,0,3000,0.3,0,0.3
9,62,1,4000000,187.48125292945957,1086524.581094918,4000000000,186682,187482,183001,4481,3681,800,0,1.1044388878811466,1.1044388878811466
9,63,0,8000000,203.61793756936055,0,6000000000,186001,192001,186001,6000,0,6000,0.6,0,0.6
9,65,1,3000000,237.89819524325947,421030.13599740434,8000000000,199126,200726,192001,8725,7125,1600,0,2.1376142063273793,2.1376142063273793
9,64,1,7000000,217.9319694308295,597122.2909618912,3000000000,200726,201326,189001,12325,11723,600,0,3.516867535822781,3.516867535822781
9,67,1,2000000,230.28668415694383,479321.38894243893,9000000000,202174,203974,198001,5973,4173,1800,0,1.2517697182757126,1.2517697182757126
9,69,0,10000000,221.92024558385836,0,3000000000,204001,207001,204001,3000,0,3000,0.3,0,0.3
9,68,1,6000000,230.27883315667552,479386.5424324428,2000000000,213517,213917,201001,12916,12516,400,0,3.7547987702505514,3.7547987702505514
9,66,1,7000000,244.64205791318878,376605.9177565965,4000000000,213917,214717,195001,19716,18587,800,0,5.576120557290996,5.576120557290996
9,71,0,8000000,188.57921439013364,0,7000000000,210001,217001,210001,7000,0,7000,0.7,0,0.7
9,70,1,9000000,203.8706109276175,778719.4639629148,9000000000,218558,220358,207001,13357,11557,1800,0,3.4672306587274195,3.4672306587274195
9,72,0,2000000,178.02164278536472,0,5000000000,217001,222001,213001,9000,0,5000,0.49999999999999994,0,0.49999999999999994
9,74,1,10000000,174.1591329790086,1455366.399826372,2000000000,225872,226272,219001,7271,6871,400,0,2.0613365818792473,2.0613365818792473
9,73,0,5000000,173.02792057930998,0,8000000000,222001,230001,216001,14000,0,8000,0.7999999999999999,0,0.7999999999999999
9,77,1,8000000,170.2542105206212,1592036.603602724,9000000000,233026,234826,228001,6825,5025,1800,0,1.5075030276118544,1.5075030276118544
9,75,0,3000000,179.51873439839085,0,6000000000,230001,236001,222001,14000,0,6000,0.6,0,0.6
9,76,0,7000000,180.15952181330854,0,2000000000,236001,238001,225001,13000,0,2000,0.19999999999999998,0,0.19999999999999998
9,79,1,8000000,122.31989085999052,5801960.578106286,2000000000,238359,238759,234001,4758,1379,400,0,0.41365327593855195,0.41365327593855195
9,81,1,10000000,125.5361354351806,5250134.887915361,8000000000,241959,243559,240001,3558,1905,1600,0,0.5714138901279148,0.5714138901279148
9,82,1,6000000,145.81200636435943,2931686.499100612,7000000000,246221,247621,243001,4620,2047,1400,0,0.6139810653534091,0.6139810653534091
9,78,0,10000000,145.91963027639565,0,10000000000,238001,248001,231001,17000,0,10000,0.9999999999999999,0,0.9999999999999999
9,80,0,4000000,108.07997871946498,0,10000000000,248001,258001,237001,21000,0,10000,0.9999999999999999,0,0.9999999999999999
9,85,1,9000000,168.82025263575454,1646200.2044987753,9000000000,257468,259268,252001,7267,5467,1800,0,1.6401407268820496,1.6401407268820496
9,83,0,3000000,160.18910949249954,0,10000000000,258001,268001,246001,22000,0,10000,0.9999999999999999,0,0.9999999999999999
9,91,1,4000000,68.96209466076273,43553127.48265335,10000000000,271340,273340,270001,3339,92,2000,0,0.02755255636872334,0.02755255636872334
9,92,1,9000000,43.02037889186935,134732805.77157348,8000000000,273940,275540,273001,2539,67,1600,0,0.020039662831468012,0.020039662831468012
9,84,0,7000000,168.26267619409836,0,9000000000,268001,277001,249001,28000,0,9000,0.8999999999999999,0,0.8999999999999999
9,94,1,5000000,11.323965736437053,507821119.6709799,6000000000,283740,284940,279001,5939,10,1200,0,0.0029537960157542445,0.0029537960157542445
9,86,0,6000000,170.64137013045809,0,9000000000,277001,286001,255001,31000,0,9000,0.8999999999999999,0,0.8999999999999999
9,87,0,4000000,163.82938472691643,0,2000000000,286001,288001,258001,30000,0,2000,0.19999999999999998,0,0.19999999999999998
9,96,1,7000000,59.75320660851605,65249187.21094103,10000000000,292540,294540,285001,9539,107,2000,0,0.032184308951022006,0.032184308951022006
9,88,0,5000000,142.40638749719056,0,9000000000,288001,297001,261001,36000,0,9000,0.8999999999999999,0,0.8999999999999999
9,89,0,3000000,121.05665863553313,0,7000000000,297001,304001,264001,40000,0,7000,0.7,0,0.7
9,99,1,2000000,66.16438090090472,49215706.385489486,5000000000,306940,307940,294001,13939,41,1000,0,0.012191230078065099,0.012191230078065099
9,90,0,6000000,94.98994525737976,0,6000000000,304001,310001,267001,43000,0,6000,0.6,0,0.6
9,100,1,5000000,71.44731485507344,39101320.3183383,10000000000,310540,312540,297001,15539,128,2000,0,0.038361875961935445,0.038361875961935445
9,93,0,5000000,17.557932680130662,0,8000000000,310001,318001,276001,42000,0,8000,0.7999999999999999,0,0.7999999999999999
9,95,0,8000000,36.20230103184054,0,4000000000,318001,322001,282001,40000,0,4000,0.39999999999999997,0,0.39999999999999997
9,102,1,10000000,116.13548381093526,7076361.055870688,6000000000,321740,322940,303001,19939,1413,1200,0,0.42394671163805886,0.42394671163805886
9,97,0,9000000,69.09587324869705,0,3000000000,322001,325001,288001,37000,0,3000,0.3,0,0.3
9,104,1,2000000,172.00076337039903,1529020.7402019566,7000000000,325340,326740,309001,17739,1308,1400,0,0.39240801921414786,0.39240801921414786
9,98,0,3000000,87.04252294137618,0,5000000000,325001,330001,291001,39000,0,5000,0.49999999999999994,0,0.49999999999999994
9,101,0,8000000,89.65187616553263,0,10000000000,330001,340001,300001,40000,0,10000,0.9999999999999999,0,0.9999999999999999
9,103,0,6000000,145.7204337078366,0,4000000000,340001,344001,306001,38000,0,4000,0.39999999999999997,0,0.39999999999999997
9,105,0,3000000,174.0341161956471,0,4000000000,344001,348001,312001,36000,0,4000,0.39999999999999997,0,0.39999999999999997
9,106,0,6000000,175.1478506862131,0,7000000000,348001,355001,315001,40000,0,7000,0.7,0,0.7
9,108,1,5000000,216.3553597672126,614643.941501901,4000000000,356029,356829,321001,35828,8135,800,0,2.4404372982750058,2.4404372982750058
9,110,1,10000000,153.4295737463935,2400290.852653903,8000000000,356829,358429,327001,31428,4166,1600,0,1.249848532598882,1.249848532598882
9,107,0,9000000,189.7768713515954,0,5000000000,355001,360001,318001,42000,0,5000,0.49999999999999994,0,0.49999999999999994
9,111,1,10000000,139.7505849719421,3461539.846332826,9000000000,360029,361829,330001,31828,2889,1800,0,0.8666663199553274,0.8666663199553274
9,122,1,3000000,115.13069312741932,7314368.838848217,10000000000,363411,365411,363001,2410,410,2000,0,0.12304547662675999,0.12304547662675999
9,109,0,6000000,184.19580885568487,0,6000000000,360001,366001,324001,42000,0,6000,0.6,0,0.6
9,114,1,10000000,162.41590716429226,1917984.377152923,6000000000,365629,366829,339001,27828,5214,1200,0,1.5641420418936012,1.5641420418936012
9,112,0,8000000,139.91404825820746,0,4000000000,366001,370001,333001,37000,0,4000,0.39999999999999997,0,0.39999999999999997
9,124,1,6000000,94.65355143891857,15143128.99438166,6000000000,369397,370597,369001,1596,396,1200,0,0.11886579059504997,0.11886579059504997
9,125,1,5000000,99.78195528250582,12496188.997332854,9000000000,373823,375623,372001,3622,400,1800,0,0.12003659678323968,0.12003659678323968
9,113,0,2000000,148.43141210673704,0,7000000000,370001,377001,336001,41000,0,7000,0.7,0,0.7
9,115,0,2000000,156.6334603461215,0,4000000000,377001,381001,342001,39000,0,4000,0.39999999999999997,0,0.39999999999999997
9,128,1,5000000,148.88047353498038,2701696.4326434843,3000000000,382852,383452,381001,2451,1851,600,0,0.5552067145205947,0.5552067145205947
9,116,0,5000000,136.47467897012987,0,9000000000,381001,390001,345001,45000,0,9000,0.8999999999999999,0,0.8999999999999999
9,117,0,7000000,143.32922974745935,0,6000000000,390001,396001,348001,48000,0,6000,0.6,0,0.6
9,130,1,10000000,185.5304980319948,1132584.7071045798,3000000000,395830,396430,387001,9429,8829,600,0,2.6488085007517133,2.6488085007517133
9,118,0,2000000,163.80014285708057,0,2000000000,396001,398001,351001,47000,0,2000,0.19999999999999998,0,0.19999999999999998
9,133,1,6000000,158.6513652635867,2103884.2606402435,8000000000,398853,400453,396001,4452,2852,1600,0,0.8555603716775908,0.8555603716775908
9,132,1,8000000,184.70807264437573,1152730.0758070233,3000000000,400453,401053,393001,8052,6940,600,0,2.0820138646246096,2.0820138646246096
9,134,1,5000000,132.60078921333763,4247300.587733377,5000000000,401053,402053,399001,3052,1177,1000,0,0.353165491590623,0.353165491590623
9,131,1,9000000,207.28070846077304,728977.2745842964,7000000000,402347,403747,390001,13746,12346,1400,0,3.703819164376134,3.703819164376134
9,135,1,9000000,106.5695120566853,9790571.652640063,10000000000,402920,404920,402001,2919,919,2000,0,0.27577552116396953,0.27577552116396953
9,119,0,9000000,163.17541481485497,0,7000000000,398001,405001,354001,51000,0,7000,0.7,0,0.7
9,120,0,5000000,161.51337313052437,0,4000000000,405001,409001,357001,52000,0,4000,0.39999999999999997,0,0.39999999999999997
9,137,1,7000000,56.435813097713044,75506096.82800396,5000000000,408094,409094,408001,1093,93,1000,0,0.027812323616510193,0.027812323616510193
9,138,1,2000000,30.801365229482876,222417104.4817135,10000000000,411010,413010,411001,2009,9,2000,0,0.0026976342552347643,0.0026976342552347643
9,121,0,9000000,136.36094638861968,0,8000000000,409001,417001,360001,57000,0,8000,0.7999999999999999,0,0.7999999999999999
9,140,1,3000000,16.48787433236921,399636418.7791588,7000000000,417529,418929,417001,1928,8,1400,0,0.002252047004998673,0.002252047004998673
9,142,1,2000000,68.59553921356698,44254194.13855957,7000000000,423046,424446,423001,1445,45,1400,0,0.013558036965296536,0.013558036965296536
9,123,0,4000000,100.22784044366112,0,10000000000,417001,427001,366001,61000,0,10000,0.9999999999999999,0,0.9999999999999999
9,143,1,3000000,94.67948299394115,15128169.162215693,7000000000,426271,427671,426001,1670,198,1400,0,0.05949166685998273,0.05949166685998273
9,126,0,7000000,114.34448040898171,0,2000000000,427001,429001,375001,54000,0,2000,0.19999999999999998,0,0.19999999999999998
9,127,0,4000000,131.93127794423881,0,2000000000,429001,431001,378001,53000,0,2000,0.19999999999999998,0,0.19999999999999998
9,129,0,9000000,168.99525585057114,0,5000000000,431001,436001,384001,52000,0,5000,0.49999999999999994,0,0.49999999999999994
9,136,0,2000000,82.3568898149997,0,2000000000,436001,438001,405001,33000,0,2000,0.19999999999999998,0,0.19999999999999998
9,147,1,8000000,126.2466985706953,5137005.167907292,6000000000,440435,441635,438001,3634,1557,1200,0,0.4671982841274247,0.4671982841274247
9,148,1,9000000,139.84749586603257,3452180.5037662825,4000000000,444771,445571,441001,4570,2607,800,0,0.7821143758428438,0.7821143758428438
9,139,0,3000000,9.071940255535159,0,9000000000,438001,447001,414001,33000,0,9000,0.8999999999999999,0,0.8999999999999999
9,150,1,4000000,125.58482113695112,5242286.92072276,2000000000,447764,448164,447001,1163,763,400,0,0.2289077301847787,0.2289077301847787
9,151,1,2000000,127.37945242463555,4962759.870493969,6000000000,450404,451604,450001,1603,403,1200,0,0.12090046983076756,0.12090046983076756
9,152,1,3000000,135.1806439546727,3940679.7377785295,4000000000,453762,454562,453001,1561,761,800,0,0.22838699409441351,0.22838699409441351
9,141,0,8000000,42.51936617589684,0,8000000000,447001,455001,420001,35000,0,8000,0.7999999999999999,0,0.7999999999999999
9,153,1,4000000,146.8664784761996,2850016.905431923,7000000000,457405,458805,456001,2804,1404,1400,0,0.42105013402302566,0.42105013402302566
9,144,0,5000000,119.17282114643417,0,4000000000,455001,459001,429001,30000,0,4000,0.39999999999999997,0,0.39999999999999997
9,145,0,3000000,124.16734031137173,0,2000000000,459001,461001,432001,29000,0,2000,0.19999999999999998,0,0.19999999999999998
9,154,1,5000000,155.20337141956674,2294124.0983029967,4000000000,461180,461980,459001,2979,2179,800,0,0.6538443151831133,0.6538443151831133
9,155,1,5000000,155.84895251492708,2256932.1746247713,3000000000,464216,464816,462001,2815,2215,600,0,0.6646189977992512,0.6646189977992512
9,156,1,5000000,161.00295059408072,1985274.1953164411,2000000000,467520,467920,465001,2919,2519,400,0,0.7555631375951616,0.7555631375951616
9,146,0,4000000,122.97967840257186,0,10000000000,461001,471001,435001,36000,0,10000,0.9999999999999999,0,0.9999999999999999
9,149,0,4000000,129.41813976409958,0,6000000000,471001,477001,444001,33000,0,6000,0.6,0,0.6
9,157,0,2000000,170.64911748966063,0,6000000000,477001,483001,468001,15000,0,6000,0.6,0,0.6
9,160,1,3000000,204.4401183721042,770124.5215954373,6000000000,482000,483200,477001,6199,3895,1200,0,1.1686421802743077,1.1686421802743077
9,159,1,7000000,190.86231712939048,1012079.9493340887,4000000000,483200,484000,474001,9999,6916,800,0,2.0749348916374863,2.0749348916374863
9,158,0,9000000,183.00919157244533,0,10000000000,483001,493001,471001,22000,0,10000,0.9999999999999999,0,0.9999999999999999
9,163,1,9000000,165.85284712660194,1765744.358636859,2000000000,493204,493604,486001,7603,5097,400,0,1.529100170584364,1.529100170584364
9,164,1,10000000,137.51151406336854,3686753.146041811,6000000000,493604,494804,489001,5803,2712,1200,0,0.8137241310069468,0.8137241310069468
9,166,1,4000000,98.49932487078274,13103032.904042237,6000000000,495638,496838,495001,1837,305,1200,0,0.0915818504607284,0.0915818504607284
9,167,1,3000000,91.48190258187685,17111094.765045058,2000000000,498818,499218,498001,1217,175,400,0,0.05259745284320094,0.05259745284320094
9,161,0,9000000,222.6723085612578,0,10000000000,493001,503001,480001,23000,0,10000,0.9999999999999999,0,0.9999999999999999
9,162,0,6000000,196.30578799413942,0,4000000000,503001,507001,483001,24000,0,4000,0.39999999999999997,0,0.39999999999999997
9,170,1,7000000,137.42982572935182,3695305.655848259,5000000000,508895,509895,507001,2894,1894,1000,0,0.5682885789640977,0.5682885789640977
9,165,0,10000000,116.08360521624061,0,9000000000,507001,516001,492001,24000,0,9000,0.8999999999999999,0,0.8999999999999999
9,174,1,5000000,142.03122191968916,3249319.2228057124,4000000000,520540,521340,519001,2339,1539,800,0,0.4616351602120473,0.4616351602120473
9,168,0,7000000,97.11430018282581,0,9000000000,516001,525001,501001,24000,0,9000,0.8999999999999999,0,0.8999999999999999
9,169,0,2000000,113.72869119092161,0,2000000000,525001,527001,504001,23000,0,2000,0.19999999999999998,0,0.19999999999999998
9,176,1,3000000,143.88833760941156,3088258.766898391,6000000000,530064,531264,525001,6263,971,1200,0,0.29142635638136327,0.29142635638136327
9,171,0,8000000,165.25530127653994,0,6000000000,527001,533001,510001,23000,0,6000,0.6,0,0.6
9,177,1,9000000,143.91774907911812,3085788.2551180543,5000000000,535664,536664,528001,8663,2917,1000,0,0.8749790253825128,0.8749790253825128
9,172,0,6000000,156.54054682413755,0,7000000000,533001,540001,513001,27000,0,7000,0.7,0,0.7
9,179,1,10000000,144.35167647104072,3049621.009854105,10000000000,538664,540664,534001,6663,3279,2000,0,0.9837287945965199,0.9837287945965199
9,180,1,2000000,148.55473402083152,2725027.300353276,4000000000,540664,541464,537001,4463,734,800,0,0.22018128035716017,0.22018128035716017
9,181,1,6000000,161.38973511348235,1966567.1213117645,7000000000,545464,546864,540001,6863,3051,1400,0,0.9153005663998599,0.9153005663998599
9,173,0,6000000,145.18789067962928,0,8000000000,540001,548001,516001,32000,0,8000,0.7999999999999999,0,0.7999999999999999
9,175,0,2000000,143.48749666782814,0,5000000000,548001,553001,522001,31000,0,5000,0.49999999999999994,0,0.49999999999999994
9,178,0,5000000,143.9202087964022,0,3000000000,553001,556001,531001,25000,0,3000,0.3,0,0.3
9,183,1,4000000,204.35851364697288,771348.8099304393,6000000000,556664,557864,546001,11863,5186,1200,0,1.555716408129568,1.555716408129568
9,182,0,10000000,180.91667944111734,0,2000000000,556001,558001,543001,15000,0,2000,0.19999999999999998,0,0.19999999999999998
9,184,1,9000000,188.78611442582314,1057011.7513746854,5000000000,557755,558755,549001,9754,8515,1000,0,2.554370844494911,2.554370844494911
9,185,1,8000000,185.66820837181578,1129254.4209699363,8000000000,560355,561955,552001,9954,7084,1600,0,2.1252960851272102,2.1252960851272102
9,186,0,9000000,185.66820837181578,0,7000000000,558001,565001,555001,10000,0,7000,0.7,0,0.7
9,187,1,3000000,185.66820837181578,1129254.4209699363,7000000000,564155,565555,558001,7554,2657,1400,0,0.7969860319227038,0.7969860319227038
9,191,0,2000000,177.6023856821749,0,2000000000,570001,572001,570001,2000,0,2000,0.19999999999999998,0,0.19999999999999998
9,188,1,9000000,185.66820837181578,1129254.4209699363,8000000000,571555,573155,561001,12154,7970,1600,0,2.390958095768111,2.390958095768111
9,190,1,3000000,184.99160656635212,1145734.9158542254,9000000000,573155,574955,567001,7954,2618,1800,0,0.7855220152115091,0.7855220152115091
9,189,1,8000000,185.66820837181578,1129254.4209699363,4000000000,581755,582555,564001,18554,7084,800,0,2.1252960851272102,2.1252960851272102
9,193,0,10000000,156.52971762575945,0,8000000000,576001,584001,576001,8000,0,8000,0.7999999999999999,0,0.7999999999999999
9,192,1,3000000,165.6603326086242,1773866.316243962,7000000000,584755,586155,573001,13154,1691,1400,0,0.5073663058813176,0.5073663058813176
9,196,1,2000000,172.09180398845263,1525821.7074680976,4000000000,588755,589555,585001,4554,1311,800,0,0.3932307405664204,0.3932307405664204
9,195,1,9000000,160.7821196526529,1996053.7864287621,5000000000,589555,590555,582001,8554,4509,1000,0,1.3526689603042725,1.3526689603042725
9,194,0,4000000,154.8217559001318,0,7000000000,584001,591001,579001,12000,0,7000,0.7,0,0.7
9,197,1,9000000,153.74405029138526,2381031.863182166,5000000000,591781,592781,588001,4780,3780,1000,0,1.1339621454672781,1.1339621454672781
9,198,0,10000000,132.68956289022884,0,7000000000,591001,598001,591001,7000,0,7000,0.7,0,0.7
9,199,0,3000000,118.51762569339633,0,4000000000,598001,602001,594001,8000,0,4000,0.39999999999999997,0,0.39999999999999997
9,200,0,4000000,113.50951413868357,0,7000000000,602001,609001,597001,12000,0,7000,0.7,0,0.7
9,201,0,7000000,118.08219213751073,0,2000000000,609001,611001,600001,11000,0,2000,0.19999999999999998,0,0.19999999999999998
9,205,1,4000000,103.8350889632209,10786812.987392096,4000000000,612372,613172,612001,1171,371,800,0,0.11124694582195786,0.11124694582195786
9,206,1,6000000,115.31990331248116,7268816.2768195355,8000000000,615826,617426,615001,2425,825,1600,0,0.24763316769200122,0.24763316769200122
9,202,0,2000000,111.17755618828829,0,8000000000,611001,619001,603001,16000,0,8000,0.7999999999999999,0,0.7999999999999999
9,203,0,2000000,102.3770565117009,0,2000000000,619001,621001,606001,15000,0,2000,0.19999999999999998,0,0.19999999999999998
9,208,1,3000000,151.683830713758,2510779.3112204843,7000000000,622196,623596,621001,2595,1195,1400,0,0.3584544431993555,0.3584544431993555
9,204,0,2000000,99.16858827269854,0,6000000000,621001,627001,609001,18000,0,6000,0.6,0,0.6
9,210,1,9000000,178.02828118026642,1334036.7089921138,5000000000,633747,634747,627001,7746,6746,1000,0,2.023932311457826,2.023932311457826
9,207,0,6000000,131.83081013177457,0,8000000000,627001,635001,618001,17000,0,8000,0.7999999999999999,0,0.7999999999999999
9,211,1,7000000,183.15583092001194,1191981.8810054837,5000000000,635874,636874,630001,6873,5873,1000,0,1.7617717462521891,1.7617717462521891
9,213,1,5000000,162.842746844924,1898215.0402636721,4000000000,638635,639435,636001,3434,2634,800,0,0.7902160546529239,0.7902160546529239
9,209,0,6000000,172.82537429440157,0,10000000000,635001,645001,624001,21000,0,10000,0.9999999999999999,0,0.9999999999999999
9,216,1,10000000,152.14688297825887,2480870.020968018,10000000000,649439,651439,645001,6438,4031,2000,0,1.2092531953082415,1.2092531953082415
9,218,1,2000000,149.05026836607843,2689632.8904858506,4000000000,652839,653639,651001,2638,744,800,0,0.22307877112984628,0.22307877112984628
9,212,0,6000000,175.52850765616395,0,10000000000,645001,655001,633001,22000,0,10000,0.9999999999999999,0,0.9999999999999999
9,219,1,9000000,156.78663846131786,2204232.10521667,5000000000,658084,659084,654001,5083,4083,1000,0,1.2249163750087912,1.2249163750087912
9,214,0,9000000,154.04282683721434,0,7000000000,655001,662001,639001,23000,0,7000,0.7,0,0.7
9,220,1,9000000,169.05821867037403,1637055.1636631072,3000000000,662499,663099,657001,6098,5498,600,0,1.6493030045233334,1.6493030045233334
9,215,0,3000000,151.2381436675285,0,3000000000,662001,665001,642001,23000,0,3000,0.3,0,0.3
9,217,0,9000000,144.05173098578163,0,2000000000,665001,667001,648001,19000,0,2000,0.19999999999999998,0,0.19999999999999998
9,222,1,7000000,183.79208824103392,1175694.7142909663,4000000000,669158,669958,663001,6957,5954,800,0,1.786177971605886,1.786177971605886
9,221,0,8000000,180.86217736165844,0,5000000000,667001,672001,660001,12000,0,5000,0.49999999999999994,0,0.49999999999999994
9,223,0,4000000,198.5843309528725,0,2000000000,672001,674001,666001,8000,0,2000,0.19999999999999998,0,0.19999999999999998
9,224,0,2000000,218.92829191312848,0,10000000000,674001,684001,669001,15000,0,10000,0.9999999999999999,0,0.9999999999999999
9,226,0,8000000,231.70807884059633,0,3000000000,684001,687001,675001,12000,0,3000,0.3,0,0.3
9,229,1,3000000,191.77539492854655,993073.5012586557,4000000000,687022,687822,684001,3821,3021,800,0,0.9062773287770833,0.9062773287770833
9,225,1,7000000,238.82406097376372,414557.67449380487,9000000000,688886,690686,672001,18685,16885,1800,0,5.06564014901956,5.06564014901956
9,230,1,4000000,190.35484890067812,1022839.1629595968,10000000000,690912,692912,687001,5911,3911,2000,0,1.1732049802705895,1.1732049802705895
9,227,1,9000000,213.54960501017086,647441.1156345048,10000000000,692912,694912,678001,16911,13901,2000,0,4.1702634182476155,4.1702634182476155
9,228,0,7000000,199.7786127191797,0,10000000000,687001,697001,681001,16000,0,10000,0.9999999999999999,0,0.9999999999999999
9,231,0,8000000,195.86458842782173,0,6000000000,697001,703001,690001,13000,0,6000,0.6,0,0.6
9,232,0,10000000,207.59198491271283,0,3000000000,703001,706001,693001,13000,0,3000,0.3,0,0.3
9,233,0,4000000,224.58993855469126,0,10000000000,706001,716001,696001,20000,0,10000,0.9999999999999999,0,0.9999999999999999
9,235,1,6000000,238.2943492825627,418245.41334859893,8000000000,716654,718254,702001,16253,14346,1600,0,4.303693340205831,4.303693340205831
9,237,1,8000000,203.7724645284539,780212.7296325275,4000000000,718255,719055,708001,11054,10254,800,0,3.0760841355797623,3.0760841355797623
9,234,1,8000000,245.8773143256612,369113.8617810162,7000000000,720675,722075,699001,23074,21674,1400,0,6.502058710067749,6.502058710067749
9,240,1,4000000,193.7618873772652,953234.4058191625,2000000000,721977,722377,717001,5376,4196,400,0,1.2588718920282564,1.2588718920282564
9,236,0,4000000,218.81483793381108,0,7000000000,716001,723001,705001,18000,0,7000,0.7,0,0.7
9,239,1,8000000,190.69267474132297,1015660.9201732257,4000000000,723177,723977,714001,9976,7877,800,0,2.362993349779244,2.362993349779244
9,238,0,6000000,194.07379550057755,0,8000000000,723001,731001,711001,20000,0,8000,0.7999999999999999,0,0.7999999999999999
9,241,0,3000000,203.17663054593658,0,3000000000,731001,734001,720001,14000,0,3000,0.3,0,0.3
9,242,0,10000000,213.45799821042075,0,2000000000,734001,736001,723001,13000,0,2000,0.19999999999999998,0,0.19999999999999998
9,243,0,7000000,231.642833042596,0,3000000000,736001,739001,726001,13000,0,3000,0.3,0,0.3
9,247,1,3000000,196.72523478191607,897431.2496277699,6000000000,741344,742544,738001,4543,3343,1200,0,1.0028623366673441,1.0028623366673441
9,244,0,10000000,249.4878259554963,0,5000000000,739001,744001,729001,15000,0,5000,0.49999999999999994,0,0.49999999999999994
9,248,1,8000000,189.76078651818452,1035615.8396174199,4000000000,748726,749526,741001,8525,7725,800,0,2.3174616572942868,2.3174616572942868
9,251,1,3000000,186.8456520767877,1101271.6386743982,3000000000,752725,753325,750001,3324,2724,600,0,0.8172370634036584,0.8172370634036584
9,245,0,9000000,227.6109648061798,0,10000000000,744001,754001,732001,22000,0,10000,0.9999999999999999,0,0.9999999999999999
9,246,0,7000000,209.70633657569817,0,5000000000,754001,759001,735001,24000,0,5000,0.49999999999999994,0,0.49999999999999994
9,250,1,10000000,195.76577152301167,915042.5924499547,6000000000,758036,759236,747001,12235,10928,1200,0,3.27853591161012,3.27853591161012
9,252,1,10000000,160.29059267467943,2020308.759196821,8000000000,759236,760836,753001,7835,4950,1600,0,1.4849215429787366,1.4849215429787366
9,253,1,9000000,134.27842306193497,4044717.384985157,7000000000,760836,762236,756001,6235,2225,1400,0,0.6675373686238175,0.6675373686238175
9,249,0,3000000,189.47760421749058,0,5000000000,759001,764001,744001,20000,0,5000,0.49999999999999994,0,0.49999999999999994
9,255,1,3000000,172.32892531435343,1517528.5555417356,3000000000,766036,766636,762001,4635,1977,600,0,0.5930695647955785,0.5930695647955785
9,256,1,4000000,146.91541273807863,2846295.5927203214,7000000000,768636,770036,765001,5035,1405,1400,0,0.4216006247099272,0.4216006247099272
9,257,1,3000000,122.83661424835836,5708687.585800696,7000000000,770036,771436,768001,3435,526,1400,0,0.15765444972651568,0.15765444972651568
9,254,0,2000000,187.429746038349,0,9000000000,764001,773001,759001,14000,0,9000,0.8999999999999999,0,0.8999999999999999
9,258,0,4000000,101.62313516124168,0,4000000000,773001,777001,771001,6000,0,4000,0.39999999999999997,0,0.39999999999999997
9,259,0,7000000,81.53651513279192,0,3000000000,777001,780001,774001,6000,0,3000,0.3,0,0.3
9,260,0,5000000,67.36738454177954,0,6000000000,780001,786001,777001,9000,0,6000,0.6,0,0.6
9,261,0,8000000,61.754378792114764,0,4000000000,786001,790001,780001,10000,0,4000,0.39999999999999997,0,0.39999999999999997
9,263,1,6000000,92.42048528329639,16499068.478032699,6000000000,790236,791436,786001,5435,364,1200,0,0.10909706826155477,0.10909706826155477
9,264,1,4000000,120.18256945164714,6208085.0364918,8000000000,794436,796036,789001,7035,644,1600,0,0.1932963213207083,0.1932963213207083
9,265,1,3000000,83.64688936236657,23390210.417756453,5000000000,798636,799636,792001,7635,128,1000,0,0.038477635896630225,0.038477635896630225
9,262,0,9000000,70.60804840809584,0,10000000000,790001,800001,783001,17000,0,10000,0.9999999999999999,0,0.9999999999999999
9,266,1,9000000,105.2202499521836,10267697.814609831,5000000000,802036,803036,795001,8035,877,1000,0,0.26296060214765865,0.26296060214765865
9,269,1,9000000,95.03754679072892,14923370.056491448,2000000000,806036,806436,804001,2435,603,400,0,0.1809242811629897,0.1809242811629897
9,267,0,6000000,127.59167566890878,0,10000000000,800001,810001,798001,12000,0,10000,0.9999999999999999,0,0.9999999999999999
9,268,0,3000000,119.3341744849312,0,2000000000,810001,812001,801001,11000,0,2000,0.19999999999999998,0,0.19999999999999998
9,271,1,10000000,57.840180670533876,70984006.38832712,8000000000,810776,812376,810001,2375,141,1600,0,0.04226304138974792,0.04226304138974792
9,272,1,7000000,37.28167914673367,171014239.54562554,10000000000,814376,816376,813001,3375,41,2000,0,0.012279679198525063,0.012279679198525063
9,273,1,10000000,13.563015888805896,455828211.17909276,6000000000,817976,819176,816001,3175,22,1200,0,0.006581426788482194,0.006581426788482194
9,270,0,9000000,69.97599159711851,0,9000000000,812001,821001,807001,14000,0,9000,0.8999999999999999,0,0.8999999999999999
9,275,1,4000000,38.98883558148406,159404988.7561909,6000000000,824176,825376,822001,3375,25,1200,0,0.007527995261399214,0.007527995261399214
9,276,1,4000000,64.29553794782339,53422539.17614722,10000000000,825376,827376,825001,2375,75,2000,0,0.022462429126464872,0.022462429126464872
9,274,0,2000000,14.24774017169036,0,9000000000,821001,830001,819001,11000,0,9000,0.8999999999999999,0,0.8999999999999999
9,277,1,8000000,89.29911813674309,18639682.462304097,7000000000,829062,830462,828001,2461,429,1400,0,0.12875755822845333,0.12875755822845333
9,278,1,9000000,114.3425174639775,7507888.4101083325,2000000000,833462,833862,831001,2861,1199,400,0,0.35962175414925235,0.35962175414925235
9,279,0,3000000,139.41886959805692,0,10000000000,834001,844001,834001,10000,0,10000,0.9999999999999999,0,0.9999999999999999
9,281,1,3000000,143.68258523565058,3105610.045827841,9000000000,842755,844555,840001,4554,966,1800,0,0.28979813521954695,0.28979813521954695
9,283,1,8000000,93.51376903964459,15818172.885883015,10000000000,846507,848507,846001,2506,506,2000,0,0.15172422360751214,0.15172422360751214
9,280,0,7000000,164.50268113316574,0,7000000000,844001,851001,837001,14000,0,7000,0.7,0,0.7
9,284,1,7000000,70.4559812932869,40815808.14027379,7000000000,850783,852183,849001,3182,172,1400,0,0.051450653452280594,0.051450653452280594
9,282,0,8000000,118.59281765773166,0,4000000000,851001,855001,843001,12000,0,4000,0.39999999999999997,0,0.39999999999999997
9,286,1,6000000,86.42448727068043,20900794.200444818,3000000000,855288,855888,855001,887,287,600,0,0.08612112930912892,0.08612112930912892
9,285,0,9000000,69.13383903704471,0,9000000000,855001,864001,852001,12000,0,9000,0.8999999999999999,0,0.8999999999999999
9,287,0,5000000,110.10503212841819,0,10000000000,864001,874001,858001,16000,0,10000,0.9999999999999999,0,0.9999999999999999
9,288,0,4000000,136.83333877385294,0,4000000000,874001,878001,861001,17000,0,4000,0.39999999999999997,0,0.39999999999999997
9,292,1,5000000,189.80505420035576,1034656.9362335555,2000000000,877834,878234,873001,5233,4833,400,0,1.4497559021451352,1.4497559021451352
9,293,1,3000000,217.6430591587979,600286.0273984956,3000000000,880999,881599,876001,5598,4998,600,0,1.4992852722233054,1.4992852722233054
9,289,0,3000000,165.07846376799125,0,5000000000,878001,883001,864001,19000,0,5000,0.49999999999999994,0,0.49999999999999994
9,297,1,9000000,113.28802452157068,7776597.4404416075,5000000000,889714,890714,888001,2713,1157,1000,0,0.34719554672572533,0.34719554672572533
9,290,0,7000000,174.0341161956471,0,9000000000,883001,892001,867001,25000,0,9000,0.8999999999999999,0,0.8999999999999999
9,298,1,8000000,93.86525928158939,15606300.411242254,5000000000,891514,892514,891001,1513,513,1000,0,0.15378404469717374,0.15378404469717374
9,299,1,8000000,75.95907450726348,32226313.538915426,5000000000,894249,895249,894001,1248,248,1000,0,0.0744733026041542,0.0744733026041542
9,291,0,8000000,175.1478506862131,0,10000000000,892001,902001,870001,32000,0,10000,0.9999999999999999,0,0.9999999999999999
9,304,1,4000000,77.64434622044287,30008525.47212074,4000000000,909134,909934,909001,933,133,800,0,0.03998863593330681,0.03998863593330681
9,294,0,2000000,187.95680487814212,0,10000000000,902001,912001,879001,33000,0,10000,0.9999999999999999,0,0.9999999999999999
9,295,0,3000000,159.54663424842283,0,4000000000,912001,916001,882001,34000,0,4000,0.39999999999999997,0,0.39999999999999997
9,307,1,6000000,79.20057828071711,28110405.607094534,9000000000,919758,921558,918001,3557,213,1800,0,0.0640332275940449,0.0640332275940449
9,308,1,2000000,88.30857829225879,19385302.936010566,9000000000,923358,925158,921001,4157,103,1800,0,0.030951283143758706,0.030951283143758706
9,296,0,5000000,134.57653918867138,0,10000000000,916001,926001,885001,41000,0,10000,0.9999999999999999,0,0.9999999999999999
9,309,1,8000000,102.34199235895308,11381953.847813005,8000000000,927958,929558,924001,5557,703,1600,0,0.2108601064536165,0.2108601064536165
9,300,0,10000000,59.456076224385995,0,6000000000,926001,932001,897001,35000,0,6000,0.6,0,0.6
9,301,0,8000000,47.75406370142751,0,2000000000,932001,934001,900001,34000,0,2000,0.19999999999999998,0,0.19999999999999998
9,302,0,7000000,47.822510389982654,0,4000000000,934001,938001,903001,35000,0,4000,0.39999999999999997,0,0.39999999999999997
9,314,1,2000000,128.5802628710954,4785882.001167045,5000000000,939419,940419,939001,1418,418,1000,0,0.12536874077833282,0.12536874077833282
9,303,0,3000000,59.628023613062986,0,7000000000,938001,945001,906001,39000,0,7000,0.7,0,0.7
9,316,1,9000000,173.08547050518135,1491440.54227615,3000000000,952550,953150,945001,8149,6034,600,0,1.8103302970961326,1.8103302970961326
9,317,1,6000000,169.04228612983198,1637665.4783691138,7000000000,953150,954550,948001,6549,3664,1400,0,1.099125568545628,1.099125568545628
9,305,0,2000000,83.29936374306828,0,10000000000,945001,955001,912001,43000,0,10000,0.9999999999999999,0,0.9999999999999999
9,306,0,8000000,77.29971086621215,0,2000000000,955001,957001,915001,42000,0,2000,0.19999999999999998,0,0.19999999999999998
9,310,0,7000000,120.36883359075965,0,2000000000,957001,959001,927001,32000,0,2000,0.19999999999999998,0,0.19999999999999998
9,320,1,10000000,153.64003254360497,2387380.8182420917,6000000000,962827,964027,957001,7026,4189,1200,0,1.2566072312707113,1.2566072312707113
9,321,1,6000000,155.8978207031773,2254147.3840575404,8000000000,964027,965627,960001,5626,2662,1600,0,0.7985280877064658,0.7985280877064658
9,311,0,7000000,140.52047893456665,0,7000000000,959001,966001,930001,36000,0,7000,0.7,0,0.7
9,312,0,10000000,102.55978402863376,0,2000000000,966001,968001,933001,35000,0,2000,0.19999999999999998,0,0.19999999999999998
9,323,1,4000000,157.46720198187305,2166935.170785123,7000000000,967847,969247,966001,3246,1846,1400,0,0.5537775269784451,0.5537775269784451
9,324,1,2000000,133.76215084993208,4105770.0280964123,3000000000,969488,970088,969001,1087,487,600,0,0.14613580300263002,0.14613580300263002
9,325,1,3000000,111.47343584908471,8266793.7503893785,9000000000,972837,974637,972001,2636,363,1800,0,0.1088692940909054,0.1088692940909054
9,313,0,2000000,109.49034660644743,0,8000000000,968001,976001,936001,40000,0,8000,0.7999999999999999,0,0.7999999999999999
9,326,1,8000000,91.78188546766727,16912643.902824957,9000000000,977037,978837,975001,3836,473,1800,0,0.14190566618617936,0.14190566618617936
9,328,1,10000000,70.24006620156335,41199817.90136912,2000000000,982637,983037,981001,2036,243,400,0,0.07281585581717599,0.07281585581717599
9,329,1,5000000,69.21256027629668,43080875.29376899,2000000000,984117,984517,984001,516,116,400,0,0.034818234071881844,0.034818234071881844
9,315,0,5000000,150.90048939615806,0,9000000000,976001,985001,942001,43000,0,9000,0.8999999999999999,0,0.8999999999999999
9,318,0,2000000,162.95624105875785,0,2000000000,985001,987001,951001,36000,0,2000,0.19999999999999998,0,0.19999999999999998
9,319,0,6000000,156.0604100981412,0,3000000000,987001,990001,954001,36000,0,3000,0.3,0,0.3
9,332,1,9000000,119.56643007132065,6331542.395849989,3000000000,994422,995022,993001,2021,1421,600,0,0.42643637698291587,0.42643637698291587
9,322,0,8000000,162.5627275853847,0,6000000000,990001,996001,963001,33000,0,6000,0.6,0,0.6
9,327,0,5000000,80.12506037439222,0,2000000000,996001,998001,978001,20000,0,2000,0.19999999999999998,0,0.19999999999999998
9,333,1,5000000,144.38772558635304,3046639.9644423476,3000000000,997642,998242,996001,2241,1641,600,0,0.49234567179143457,0.49234567179143457
10,1,1,4000000,137.7542522029719,3661482.631754719,4000000000,1093,1893,1,1892,1092,800,0,0.3277360896356117,0.3277360896356117
10,2,1,6000000,140.05544330728458,3432202.63249889,2000000000,4749,5149,3001,2148,1748,400,0,0.5244445601655724,0.5244445601655724
10,3,1,9000000,145.07158129695839,2990764.5980060506,2000000000,11517,11917,6001,5916,3009,400,0,0.9027791762013286,0.9027791762013286
10,4,1,5000000,167.394338016553,1702347.0601005561,7000000000,11938,13338,9001,4337,2937,1400,0,0.8811364234455201,0.8811364234455201
10,5,1,9000000,139.7862829465038,3458088.6174295675,4000000000,14604,15404,12001,3403,2603,800,0,0.7807781403840766,0.7807781403840766
10,6,1,8000000,112.04284225241699,8109050.731588036,8000000000,16604,18204,15001,3203,987,1600,0,0.29596559195899813,0.29596559195899813
10,7,0,10000000,84.58013301006328,0,5000000000,18001,23001,18001,5000,0,5000,0.49999999999999994,0,0.49999999999999994
10,9,1,9000000,34.3777907958031,192521124.72347847,2000000000,24048,24448,24001,447,47,400,0,0.014024435000980065,0.014024435000980065
10,8,0,4000000,60.237049230519226,0,5000000000,23001,28001,21001,7000,0,5000,0.49999999999999994,0,0.49999999999999994
10,10,1,4000000,17.538990848962783,381883730.7846809,6000000000,27011,28211,27001,1210,10,1200,0,0.003142317682751981,0.003142317682751981
10,11,0,10000000,31.7293870095216,0,9000000000,30001,39001,30001,9000,0,9000,0.8999999999999999,0,0.8999999999999999
10,14,1,7000000,100.73386769106013,12067330.256600427,4000000000,39581,40381,39001,1380,580,800,0,0.17402357898105675,0.17402357898105675
10,12,0,10000000,57.345357266303594,0,7000000000,39001,46001,33001,13000,0,7000,0.7,0,0.7
10,18,1,10000000,125.9625761883267,5181879.2705986155,2000000000,52931,53331,51001,2330,1930,400,0,0.5789405432545782,0.5789405432545782
10,13,0,2000000,79.12505860977294,0,10000000000,46001,56001,36001,20000,0,10000,0.9999999999999999,0,0.9999999999999999
10,19,1,3000000,98.72652581753294,12993032.929235434,10000000000,54232,56232,54001,2231,231,2000,0,0.06926789186956674,0.06926789186956674
10,21,1,8000000,44.37258838517311,127256691.84243016,10000000000,60064,62064,60001,2063,63,2000,0,0.018859519018235137,0.018859519018235137
10,15,0,9000000,128.46918541035433,0,8000000000,56001,64001,42001,22000,0,8000,0.7999999999999999,0,0.7999999999999999
10,22,1,5000000,20.960918395910046,330832211.77992964,10000000000,63016,65016,63001,2015,15,2000,0,0.0045340204085018284,0.0045340204085018284
10,16,0,3000000,156.30801674898188,0,8000000000,64001,72001,45001,27000,0,8000,0.7999999999999999,0,0.7999999999999999
10,25,1,10000000,69.94074206069024,41738576.45364486,7000000000,72241,73641,72001,1640,240,1400,0,0.07187595397106608,0.07187595397106608
10,17,0,2000000,151.40539257239152,0,3000000000,72001,75001,48001,27000,0,3000,0.3,0,0.3
10,20,0,3000000,71.2186639863456,0,8000000000,75001,83001,57001,26000,0,8000,0.7999999999999999,0,0.7999999999999999
10,28,1,6000000,145.540584717803,2953174.327578887,3000000000,83033,83633,81001,2632,2032,600,0,0.6095136285014713,0.6095136285014713
10,23,0,3000000,20.09195112476637,0,2000000000,83001,85001,66001,19000,0,2000,0.19999999999999998,0,0.19999999999999998
10,30,1,5000000,164.77218849065517,1811941.905527802,9000000000,89760,91560,87001,4559,2759,1800,0,0.8278411109229596,0.8278411109229596
10,24,0,5000000,43.12426810973147,0,10000000000,85001,95001,69001,26000,0,10000,0.9999999999999999,0,0.9999999999999999
10,32,1,8000000,151.6916770953502,2510268.797087642,8000000000,97198,98798,93001,5797,3187,1600,0,0.9560729125042015,0.9560729125042015
10,26,0,6000000,97.44492290519811,0,9000000000,95001,104001,75001,29000,0,9000,0.8999999999999999,0,0.8999999999999999
10,27,0,4000000,125.19743328039918,0,2000000000,104001,106001,78001,28000,0,2000,0.19999999999999998,0,0.19999999999999998
10,36,1,4000000,169.12726864701625,1634413.3847043193,7000000000,107834,109234,105001,4233,2447,1400,0,0.7342083778988945,0.7342083778988945
10,29,0,10000000,152.931234873717,0,4000000000,106001,110001,84001,26000,0,4000,0.39999999999999997,0,0.39999999999999997
10,35,1,7000000,184.48279377763117,1158325.916382575,7000000000,109234,110634,102001,8633,6043,1400,0,1.8129612489015625,1.8129612489015625
10,37,1,6000000,156.33544095949577,2229397.9758258974,8000000000,112034,113634,108001,5633,2691,1600,0,0.807392856510142,0.807392856510142
10,31,0,6000000,147.12677016777062,0,5000000000,110001,115001,90001,25000,0,5000,0.49999999999999994,0,0.49999999999999994
10,39,1,6000000,141.61847372429912,3286512.0454467633,8000000000,116234,117834,114001,3833,1826,1600,0,0.5476931090192645,0.5476931090192645
10,33,0,5000000,161.77091580379954,0,4000000000,115001,119001,96001,23000,0,4000,0.39999999999999997,0,0.39999999999999997
10,40,1,4000000,140.41983478127298,3397537.3175309477,5000000000,119634,120634,117001,3633,1177,1000,0,0.3531970035496363,0.3531970035496363
10,34,0,9000000,174.56348329476015,0,3000000000,119001,122001,99001,23000,0,3000,0.3,0,0.3
10,41,1,5000000,143.79670406514887,3095971.489226141,9000000000,122755,124555,120001,4554,1615,1800,0,0.48450058575149707,0.48450058575149707
10,38,0,2000000,146.87076802413745,0,4000000000,122001,126001,111001,15000,0,4000,0.39999999999999997,0,0.39999999999999997
10,42,0,2000000,151.44088285532413,0,2000000000,126001,128001,123001,5000,0,2000,0.19999999999999998,0,0.19999999999999998
10,44,1,7000000,176.09890317659563,1392898.3450452245,9000000000,134026,135826,129001,6825,5025,1800,0,1.5076477098777925,1.5076477098777925
10,43,0,4000000,161.99838178204126,0,9000000000,128001,137001,126001,11000,0,9000,0.8999999999999999,0,0.8999999999999999
10,46,0,2000000,210.64834440365297,0,3000000000,137001,140001,135001,5000,0,3000,0.3,0,0.3
10,45,1,10000000,192.5377105919772,977544.5886265638,5000000000,142231,143231,132001,11230,10230,1000,0,3.068913720053381,3.068913720053381
10,47,1,4000000,222.41272827785735,550615.8289007419,9000000000,146246,148046,138001,10045,7265,1800,0,2.1793779564886444,2.1793779564886444
10,48,1,4000000,207.89225719107478,720479.935821219,4000000000,149246,150046,141001,9045,5552,800,0,1.6655564441669197,1.6655564441669197
10,49,0,4000000,193.01438340185945,0,9000000000,144001,153001,144001,9000,0,9000,0.8999999999999999,0,0.8999999999999999
10,53,1,2000000,183.36536859505392,1186587.2354827572,2000000000,157687,158087,156001,2086,1686,400,0,0.5056518240362605,0.5056518240362605
10,50,0,3000000,182.523910214525,0,7000000000,153001,160001,147001,13000,0,7000,0.7,0,0.7
10,52,1,8000000,177.47457085453112,1350607.6298625278,2000000000,159755,160155,153001,7154,5923,400,0,1.776977966757292,1.776977966757292
10,51,0,8000000,177.13117625082265,0,2000000000,160001,162001,150001,12000,0,2000,0.19999999999999998,0,0.19999999999999998
10,54,1,3000000,194.3541676939293,941742.9341944988,9000000000,162187,163987,159001,4986,3186,1800,0,0.9556748103130683,0.9556748103130683
10,55,0,5000000,209.62393947257073,0,3000000000,162001,165001,162001,3000,0,3000,0.3,0,0.3
10,56,0,4000000,228.04603833436798,0,10000000000,165001,175001,165001,10000,0,10000,0.9999999999999999,0,0.9999999999999999
10,57,0,9000000,236.7977406986815,0,8000000000,175001,183001,168001,15000,0,8000,0.7999999999999999,0,0.7999999999999999
10,60,1,7000000,186.21333384051744,1116190.4759469468,9000000000,183580,185380,177001,8379,6271,1800,0,1.8813993178166253,1.8813993178166253
10,62,1,9000000,175.20332873550095,1421316.4693448055,8000000000,190093,191693,183001,8692,6332,1600,0,1.8996473046179776,1.8996473046179776
10,58,0,3000000,216.58596538095443,0,9000000000,183001,192001,171001,21000,0,9000,0.8999999999999999,0,0.8999999999999999
10,63,1,5000000,178.1757003634334,1329667.550886567,8000000000,191693,193293,186001,7292,3760,1600,0,1.1281015310931386,1.1281015310931386
10,65,1,2000000,206.69687273880078,737206.3871183032,4000000000,194714,195514,192001,3513,2713,800,0,0.8138833445887047,0.8138833445887047
10,59,0,9000000,199.41798640042472,0,4000000000,192001,196001,174001,22000,0,4000,0.39999999999999997,0,0.39999999999999997
10,61,0,8000000,177.97482293852687,0,4000000000,196001,200001,180001,20000,0,4000,0.39999999999999997,0,0.39999999999999997
10,64,0,5000000,185.69898707316636,0,2000000000,200001,202001,189001,13000,0,2000,0.19999999999999998,0,0.19999999999999998
10,66,0,7000000,207.30064061647278,0,9000000000,202001,211001,195001,16000,0,9000,0.8999999999999999,0,0.8999999999999999
10,67,0,6000000,183.48083850909333,0,9000000000,211001,220001,198001,22000,0,9000,0.8999999999999999,0,0.8999999999999999
10,70,0,6000000,117.46117017976616,0,9000000000,220001,229001,207001,22000,0,9000,0.8999999999999999,0,0.8999999999999999
10,68,1,2000000,161.50166562608567,1961194.3494095681,8000000000,230429,232029,201001,31028,1020,1600,0,0.3059360232098539,0.3059360232098539
10,74,0,5000000,68.40003801168535,0,4000000000,229001,233001,219001,14000,0,4000,0.39999999999999997,0,0.39999999999999997
10,69,1,3000000,138.90182324217344,3544861.201377604,7000000000,233629,235029,204001,31028,846,1400,0,0.253888642988403,0.253888642988403
10,75,0,5000000,72.16066587830244,0,4000000000,233001,237001,222001,15000,0,4000,0.39999999999999997,0,0.39999999999999997
10,71,1,5000000,97.81187760185368,13442646.8596851,3000000000,239229,239829,210001,29828,372,600,0,0.11158516738980512,0.11158516738980512
10,78,0,10000000,103.1948084934509,0,3000000000,237001,240001,231001,9000,0,3000,0.3,0,0.3
10,72,1,4000000,85.55289884042502,21647725.31453111,9000000000,240629,242429,213001,29428,185,1800,0,0.05543307588047119,0.05543307588047119
10,73,1,9000000,73.79827437006911,35338444.73433621,7000000000,245629,247029,216001,31028,255,1400,0,0.07640404155581229,0.07640404155581229
10,79,0,6000000,123.3960266783335,0,10000000000,240001,250001,234001,16000,0,10000,0.9999999999999999,0,0.9999999999999999
10,82,0,8000000,136.7228561726239,0,8000000000,250001,258001,243001,15000,0,8000,0.7999999999999999,0,0.7999999999999999
10,84,0,5000000,136.7228561726239,0,3000000000,258001,261001,249001,12000,0,3000,0.3,0,0.3
10,76,1,8000000,84.99094128199783,22145543.72371662,3000000000,262229,262829,225001,37828,361,600,0,0.10837394782182459,0.10837394782182459
10,88,0,9000000,209.95662242472847,0,8000000000,261001,269001,261001,8000,0,8000,0.7999999999999999,0,0.7999999999999999
10,77,1,2000000,87.54758477536654,19981626.45278701,5000000000,268229,269229,228001,41228,100,1000,0,0.030027585663143692,0.030027585663143692
10,89,0,9000000,196.51949343512973,0,6000000000,269001,275001,264001,11000,0,6000,0.6,0,0.6
10,90,1,7000000,195.39467572070637,921969.49620686,7000000000,276140,277540,267001,10539,7592,1400,0,2.2777326241700604,2.2777326241700604
10,92,1,6000000,152.96082406943287,2429356.9955846136,5000000000,277540,278540,273001,5539,2470,1000,0,0.740936800672574,0.740936800672574
10,91,0,5000000,180.65593485961094,0,8000000000,275001,283001,270001,13000,0,8000,0.7999999999999999,0,0.7999999999999999
10,93,1,9000000,125.20806563476651,5303394.986579912,7000000000,282340,283740,276001,7739,1697,1400,0,0.5091078463573375,0.5091078463573375
10,94,0,2000000,99.82249245535797,0,4000000000,283001,287001,279001,8000,0,4000,0.39999999999999997,0,0.39999999999999997
10,80,1,2000000,136.7228561726239,3770352.86616931,6000000000,285829,287029,237001,50028,530,1200,0,0.15913629872251236,0.15913629872251236
10,95,0,7000000,79.10924408689544,0,6000000000,287001,293001,282001,11000,0,6000,0.6,0,0.6
10,96,0,5000000,67.91626020328272,0,2000000000,293001,295001,285001,10000,0,2000,0.19999999999999998,0,0.19999999999999998
10,81,1,4000000,136.7228561726239,3770352.86616931,4000000000,294229,295029,240001,55028,1061,800,0,0.31827259744502473,0.31827259744502473
10,97,1,2000000,78.51123359112373,28934143.48411991,6000000000,299940,301140,288001,13139,69,1200,0,0.020736746547527884,0.020736746547527884
10,98,1,4000000,100.03661129806423,12379709.337747006,3000000000,304740,305340,291001,14339,323,600,0,0.09693280894253928,0.09693280894253928
10,100,0,10000000,148.0478182885516,0,10000000000,297001,307001,297001,10000,0,10000,0.9999999999999999,0,0.9999999999999999
10,83,1,9000000,136.7228561726239,3770352.86616931,9000000000,305229,307029,246001,61028,2387,1800,0,0.7161133442513056,0.7161133442513056
10,99,1,6000000,124.97713110805513,5341282.38461594,2000000000,308540,308940,294001,14939,1123,400,0,0.3369977227162513,0.3369977227162513
10,85,1,6000000,145.2197376392066,2978826.4737513866,2000000000,314829,315229,252001,63228,2014,400,0,0.604264805573978,0.604264805573978
10,104,0,9000000,200.79395210015664,0,9000000000,309001,318001,309001,9000,0,9000,0.8999999999999999,0,0.8999999999999999
10,101,1,2000000,173.43652268193108,1479524.4963452236,10000000000,316740,318740,300001,18739,1352,2000,0,0.40553569845051046,0.40553569845051046
10,86,1,10000000,168.44904095897962,1660592.8818462957,7000000000,317629,319029,255001,64028,6022,1400,0,1.8065836803205566,1.8065836803205566
10,87,1,4000000,197.86347843904898,877082.2070313966,8000000000,319029,320629,258001,62628,4561,1600,0,1.3681727783095297,1.3681727783095297
10,107,0,8000000,194.5500758159708,0,3000000000,318001,321001,318001,3000,0,3000,0.3,0,0.3
10,102,1,4000000,200.08183850614728,839048.1861657167,2000000000,324940,325340,303001,22339,4767,400,0,1.4301919958658884,1.4301919958658884
10,103,1,3000000,210.61582110563296,684102.0146347532,2000000000,326740,327140,306001,21139,4385,400,0,1.3155932605760796,1.3155932605760796
10,108,0,5000000,192.25964527170024,0,10000000000,321001,331001,321001,10000,0,10000,0.9999999999999999,0,0.9999999999999999
10,105,1,5000000,194.98365264811306,929718.06972987,4000000000,334340,335140,312001,23139,5378,800,0,1.6133923270264348,1.6133923270264348
10,109,0,3000000,199.69317289281577,0,5000000000,331001,336001,324001,12000,0,5000,0.49999999999999994,0,0.49999999999999994
10,106,1,8000000,199.59048799980425,847292.4843390612,5000000000,341940,342940,315001,27939,9442,1000,0,2.832551975097647,2.832551975097647
10,110,0,8000000,208.07008434659704,0,10000000000,336001,346001,327001,19000,0,10000,0.9999999999999999,0,0.9999999999999999
10,112,1,2000000,156.29707130973372,2231554.449421944,9000000000,348140,349940,333001,16939,896,1800,0,0.26887087615335686,0.26887087615335686
10,111,1,9000000,185.46616322121938,1134144.720532193,5000000000,351940,352940,330001,22939,7935,1000,0,2.380648563732709,2.380648563732709
10,113,0,8000000,129.74026052078057,0,10000000000,346001,356001,336001,20000,0,10000,0.9999999999999999,0,0.9999999999999999
10,115,1,4000000,77.60239687019987,30061630.97102716,4000000000,357940,358740,342001,16739,133,800,0,0.039917993842600814,0.039917993842600814
10,114,0,8000000,102.66994594329931,0,5000000000,356001,361001,339001,22000,0,5000,0.49999999999999994,0,0.49999999999999994
10,116,1,3000000,64.76032272927613,52342702.59983059,8000000000,360940,362540,345001,17539,57,1600,0,0.017194373910737137,0.017194373910737137
10,117,0,9000000,77.65073405963393,0,3000000000,361001,364001,348001,16000,0,3000,0.3,0,0.3
10,120,0,10000000,161.89016832408328,0,2000000000,364001,366001,357001,9000,0,2000,0.19999999999999998,0,0.19999999999999998
10,118,1,5000000,101.73272875530273,11636017.825188009,3000000000,370940,371540,351001,20539,430,600,0,0.12891008096885273,0.12891008096885273
10,121,0,9000000,174.0341161956471,0,6000000000,366001,372001,360001,12000,0,6000,0.6,0,0.6
10,119,1,5000000,130.67927647488722,4494876.304153388,3000000000,375340,375940,354001,21939,1112,600,0,0.3337132989875515,0.3337132989875515
10,122,0,2000000,175.1478506862131,0,7000000000,372001,379001,363001,16000,0,7000,0.7,0,0.7
10,126,1,4000000,165.12607062484105,1796650.272861033,9000000000,377227,379027,375001,4026,2226,1800,0,0.6679096194325502,0.6679096194325502
10,127,1,3000000,164.02476398397897,1844773.1699464065,3000000000,380427,381027,378001,3026,1626,600,0,0.4878648576757794,0.4878648576757794
10,124,1,8000000,215.8309597810286,620613.580651327,10000000000,381891,383891,369001,14890,12890,2000,0,3.8671406408497004,3.8671406408497004
10,128,1,6000000,149.7012879036116,2643992.07253915,7000000000,383891,385291,381001,4290,2269,1400,0,0.6807887280355479,0.6807887280355479
10,123,1,2000000,189.88021118589475,1033031.4543164785,8000000000,383940,385540,366001,19539,1936,1600,0,0.580814841109557,0.580814841109557
10,125,0,10000000,182.9282878616645,0,8000000000,379001,387001,372001,15000,0,8000,0.7999999999999999,0,0.7999999999999999
10,129,0,6000000,124.85704025003957,0,5000000000,387001,392001,384001,8000,0,5000,0.49999999999999994,0,0.49999999999999994
10,132,1,7000000,76.42269034782798,31598637.516966917,6000000000,393223,394423,393001,1422,222,1200,0,0.06645856166654031,0.06645856166654031
10,130,0,9000000,102.12221550671532,0,9000000000,392001,401001,387001,14000,0,9000,0.8999999999999999,0,0.8999999999999999
10,134,1,2000000,65.1662151732015,51418122.732403226,2000000000,401527,401927,399001,2926,39,400,0,0.011669037454412655,0.011669037454412655
10,135,1,5000000,70.53785508505341,40671197.45608636,4000000000,402124,402924,402001,923,123,800,0,0.03688113686890053,0.03688113686890053
10,137,1,8000000,96.44199552062368,14150970.46882496,2000000000,408566,408966,408001,965,565,400,0,0.16959967553372235,0.16959967553372235
10,131,0,5000000,81.75506100542026,0,9000000000,401001,410001,390001,20000,0,9000,0.8999999999999999,0,0.8999999999999999
10,133,0,10000000,70.9687255063806,0,5000000000,410001,415001,396001,19000,0,5000,0.49999999999999994,0,0.49999999999999994
10,139,1,3000000,142.58895399013204,3199882.771711256,9000000000,414939,416739,414001,2738,938,1800,0,0.28126030364502747,0.28126030364502747
10,136,0,7000000,80.56410180719449,0,6000000000,415001,421001,405001,16000,0,6000,0.6,0,0.6
10,140,1,8000000,165.2207662492824,1792585.5547223554,2000000000,422493,422893,417001,5892,4463,400,0,1.3388482316380843,1.3388482316380843
10,138,0,5000000,118.52315554354767,0,9000000000,421001,430001,411001,19000,0,9000,0.8999999999999999,0,0.8999999999999999
10,144,1,7000000,183.89362822022952,1173121.1288861407,4000000000,434968,435768,429001,6767,5967,800,0,1.7900964770738685,1.7900964770738685
10,142,1,7000000,217.56139823047658,601184.0488580483,10000000000,434645,436645,423001,13644,11644,2000,0,3.4931066517632314,3.4931066517632314
10,141,0,10000000,191.14805701340524,0,7000000000,430001,437001,420001,17000,0,7000,0.7,0,0.7
10,143,1,9000000,194.63923884972425,936273.4592825334,10000000000,435768,437768,426001,11767,9613,2000,0,2.883772869166889,2.883772869166889
10,145,0,8000000,178.69364678129998,0,8000000000,437001,445001,432001,13000,0,8000,0.7999999999999999,0,0.7999999999999999
10,146,0,8000000,180.10376814492253,0,2000000000,445001,447001,435001,12000,0,2000,0.19999999999999998,0,0.19999999999999998
10,147,0,9000000,188.07710254042095,0,2000000000,447001,449001,438001,11000,0,2000,0.19999999999999998,0,0.19999999999999998
10,149,1,3000000,220.7004542360527,567835.357410477,2000000000,451057,451457,444001,7456,5283,400,0,1.5849664665199912,1.5849664665199912
10,148,0,6000000,202.01437820115677,0,9000000000,449001,458001,441001,17000,0,9000,0.8999999999999999,0,0.8999999999999999
10,150,0,10000000,242.99108399280826,0,4000000000,458001,462001,447001,15000,0,4000,0.39999999999999997,0,0.39999999999999997
10,154,1,5000000,182.53414392929338,1208168.0248379286,3000000000,463139,463739,459001,4738,4138,600,0,1.2415491629992605,1.2415491629992605
10,151,1,7000000,225.28231377540496,523192.49473258364,4000000000,463739,464539,450001,14538,13379,800,0,4.013819045843463,4.013819045843463
10,153,1,10000000,191.65647836689473,995523.5290291955,3000000000,466046,466646,456001,10645,10045,600,0,3.013489799608764,3.013489799608764
10,152,0,6000000,206.33946229454023,0,8000000000,462001,470001,453001,17000,0,8000,0.7999999999999999,0,0.7999999999999999
10,155,0,8000000,179.7953951023218,0,3000000000,470001,473001,462001,11000,0,3000,0.3,0,0.3
10,156,0,10000000,183.81754241638635,0,3000000000,473001,476001,465001,11000,0,3000,0.3,0,0.3
10,157,1,10000000,194.0883306641592,946879.2682895391,6000000000,478562,479762,468001,11761,10561,1200,0,3.168302549721315,3.168302549721315
10,158,0,3000000,209.71731449739673,0,7000000000,476001,483001,471001,12000,0,7000,0.7,0,0.7
10,159,1,4000000,229.20247860788942,488424.5018809709,6000000000,482191,483391,474001,9390,8190,1200,0,2.4568792011430256,2.4568792011430256
10,161,1,2000000,212.3447237394892,662193.6195635626,7000000000,483391,484791,480001,4790,3020,1400,0,0.9060794037783798,0.9060794037783798
10,162,0,4000000,192.83475879622947,0,3000000000,483001,486001,483001,3000,0,3000,0.3,0,0.3
10,160,1,6000000,229.89848977320406,482556.1925955162,6000000000,489435,490635,477001,13634,12434,1200,0,3.7301355316121274,3.7301355316121274
10,164,1,3000000,162.3415144071288,1921456.0058000311,4000000000,490635,491435,489001,2434,1561,800,0,0.46839479919565974,0.46839479919565974
10,163,1,10000000,175.43851601059558,1413784.3469994324,8000000000,493074,494674,486001,8673,7073,1600,0,2.1219643620804667,2.1219643620804667
10,165,0,3000000,151.30876511293056,0,5000000000,492001,497001,492001,5000,0,5000,0.49999999999999994,0,0.49999999999999994
10,166,0,7000000,144.88790494723844,0,7000000000,497001,504001,495001,9000,0,7000,0.7,0,0.7
10,167,0,5000000,143.6440942050873,0,10000000000,504001,514001,498001,16000,0,10000,0.9999999999999999,0,0.9999999999999999
10,170,1,10000000,168.79101664484403,1647328.1144745233,8000000000,513393,514993,507001,7992,6070,1600,0,1.8211308200473235,1.8211308200473235
10,173,1,2000000,166.98393485602142,1718946.0011407188,10000000000,517793,519793,516001,3792,1164,2000,0,0.3490511043405848,0.3490511043405848
10,168,0,4000000,147.21852193253403,0,9000000000,514001,523001,501001,22000,0,9000,0.8999999999999999,0,0.8999999999999999
10,169,0,2000000,155.89279457370694,0,7000000000,523001,530001,504001,26000,0,7000,0.7,0,0.7
10,177,1,6000000,148.3697765719151,2738385.61581695,10000000000,533458,535458,528001,7457,2191,2000,0,0.6573215947393155,0.6573215947393155
10,171,0,10000000,147.79654258473028,0,6000000000,530001,536001,510001,26000,0,6000,0.6,0,0.6
10,172,0,8000000,154.39660779952385,0,3000000000,536001,539001,513001,26000,0,3000,0.3,0,0.3
10,178,1,8000000,142.12326058742107,3241096.49941349,8000000000,537658,539258,531001,8257,2468,1600,0,0.74049013981358,0.74049013981358
10,174,0,3000000,182.47986519065597,0,4000000000,539001,543001,519001,24000,0,4000,0.39999999999999997,0,0.39999999999999997
10,179,1,6000000,140.39266362598866,3400107.232732481,2000000000,542658,543058,534001,9057,1765,400,0,0.5293950680942019,0.5293950680942019
10,180,1,8000000,144.28847216600502,3054856.321557041,2000000000,545858,546258,537001,9257,2619,400,0,0.7856343301856944,0.7856343301856944
10,175,0,2000000,175.53148805841073,0,5000000000,543001,548001,522001,26000,0,5000,0.49999999999999994,0,0.49999999999999994
10,176,0,3000000,159.88567822040847,0,6000000000,548001,554001,525001,29000,0,6000,0.6,0,0.6
10,183,1,9000000,181.7998998899614,1227638.3746347774,5000000000,553332,554332,546001,8331,7331,1000,0,2.1993447384725573,2.1993447384725573
10,184,1,7000000,200.93658128872403,824943.2744705313,7000000000,557486,558886,549001,9885,8485,1400,0,2.5456295784068685,2.5456295784068685
10,181,0,2000000,153.42803524779947,0,5000000000,554001,559001,540001,19000,0,5000,0.49999999999999994,0,0.49999999999999994
10,182,0,8000000,165.22878835118294,0,6000000000,559001,565001,543001,22000,0,6000,0.6,0,0.6
10,185,1,6000000,220.13247375160262,573695.2050037542,10000000000,564653,566653,552001,14652,10459,2000,0,3.137554548653097,3.137554548653097
10,186,1,7000000,213.94732996698045,642661.5119707823,3000000000,567653,568253,555001,13252,10892,600,0,3.2676610640026524,3.2676610640026524
10,188,1,8000000,183.77360555857848,1176163.9230824143,5000000000,569853,570853,561001,9852,6802,1000,0,2.0405318960219723,2.0405318960219723
10,189,1,6000000,177.2291556149834,1358033.9860024515,6000000000,570853,572053,564001,8052,4418,1200,0,1.325445473790043,1.325445473790043
10,190,1,3000000,177.7297760646763,1342938.489247551,6000000000,572653,573853,567001,6852,2234,1200,0,0.6701721688714651,0.6701721688714651
10,187,0,9000000,196.5308245543177,0,9000000000,565001,574001,558001,16000,0,9000,0.8999999999999999,0,0.8999999999999999
10,191,1,2000000,185.10395025498505,1142977.85979807,2000000000,576053,576453,570001,6452,1750,400,0,0.5249445515121369,0.5249445515121369
10,192,0,9000000,198.61862777695345,0,10000000000,574001,584001,573001,11000,0,10000,0.9999999999999999,0,0.9999999999999999
10,193,0,3000000,217.01754330007515,0,2000000000,584001,586001,576001,10000,0,2000,0.19999999999999998,0,0.19999999999999998
10,194,1,5000000,239.0159678766253,413231.6785434828,6000000000,591101,592301,579001,13300,12100,1200,0,3.6299249982166137,3.6299249982166137
10,195,0,7000000,223.39216548482625,0,8000000000,586001,594001,582001,12000,0,8000,0.7999999999999999,0,0.7999999999999999
10,196,1,9000000,203.18440909676116,789234.9230905388,3000000000,596404,597004,585001,12003,11403,600,0,3.4210346260745275,3.4210346260745275
10,199,1,10000000,175.24449492066796,1419994.4847220348,10000000000,601043,603043,594001,9042,7042,2000,0,2.1126842620006743,2.1126842620006743
10,197,0,9000000,187.59016605355407,0,10000000000,594001,604001,588001,16000,0,10000,0.9999999999999999,0,0.9999999999999999
10,200,1,6000000,179.5587486033471,1289531.2658451132,10000000000,603043,605043,597001,8042,4653,2000,0,1.3958560351930231,1.3958560351930231
10,201,1,7000000,189.72489609958944,1036394.0911418875,7000000000,606755,608155,600001,8154,6754,1400,0,2.0262562455235957,2.0262562455235957
10,202,1,4000000,215.72792053881201,621795.0385605614,4000000000,610796,611596,603001,8595,6433,800,0,1.9298963896173367,1.9298963896173367
10,204,1,2000000,171.93432612483173,1531360.5059946068,6000000000,611605,612805,609001,3804,1306,1200,0,0.3918084589822334,0.3918084589822334
10,198,0,3000000,178.03211760803157,0,9000000000,604001,613001,591001,22000,0,9000,0.8999999999999999,0,0.8999999999999999
10,203,0,2000000,195.59682538323568,0,6000000000,613001,619001,606001,13000,0,6000,0.6,0,0.6
10,206,1,7000000,122.3845586665246,5790186.175110163,9000000000,618205,620005,615001,5004,1209,1800,0,0.3626826386044566,0.3626826386044566
10,207,1,9000000,100.06973818292924,12364652.14029732,5000000000,620805,621805,618001,3804,728,1000,0,0.21836441246903335,0.21836441246903335
10,209,1,10000000,73.01963092210204,36539275.66126426,4000000000,624275,625075,624001,1074,274,800,0,0.08210343379029643,0.08210343379029643
10,205,0,6000000,146.6952821327257,0,9000000000,619001,628001,612001,16000,0,9000,0.8999999999999999,0,0.8999999999999999
10,210,1,10000000,68.41329987655911,44607181.36772025,8000000000,627225,628825,627001,1824,224,1600,0,0.06725374498042,0.06725374498042
10,208,0,6000000,85.85900360474726,0,5000000000,628001,633001,621001,12000,0,5000,0.49999999999999994,0,0.49999999999999994
10,212,1,2000000,86.12245525993785,21156225.78602508,10000000000,633096,635096,633001,2095,95,2000,0,0.02836044604876239,0.02836044604876239
10,213,1,5000000,94.31622819006277,15339323.001748873,10000000000,638896,640896,636001,4895,326,2000,0,0.09778788802015456,0.09778788802015456
10,211,0,3000000,75.04406172376336,0,8000000000,633001,641001,630001,11000,0,8000,0.7999999999999999,0,0.7999999999999999
10,214,0,7000000,115.60561318551964,0,9000000000,641001,650001,639001,11000,0,9000,0.8999999999999999,0,0.8999999999999999
10,217,1,7000000,139.14401747829478,3520835.8719097865,10000000000,651496,653496,648001,5495,1988,2000,0,0.5964492740926629,0.5964492740926629
10,215,0,3000000,137.94672341161277,0,7000000000,650001,657001,642001,15000,0,7000,0.7,0,0.7
10,216,0,5000000,140.51977974648264,0,4000000000,657001,661001,645001,16000,0,4000,0.39999999999999997,0,0.39999999999999997
10,221,1,2000000,141.51710709310026,3295726.38724272,6000000000,660608,661808,660001,1807,607,1200,0,0.18205394790129217,0.18205394790129217
10,222,1,2000000,153.39908539492666,2402168.237445721,4000000000,663834,664634,663001,1633,833,800,0,0.24977434579602692,0.24977434579602692
10,218,0,5000000,146.53756378485352,0,4000000000,661001,665001,651001,14000,0,4000,0.39999999999999997,0,0.39999999999999997
10,224,1,2000000,136.99307172262402,3741449.0552603235,6000000000,669536,670736,669001,1735,535,1200,0,0.1603656741380521,0.1603656741380521
10,219,0,10000000,140.9649052069344,0,8000000000,665001,673001,654001,19000,0,8000,0.7999999999999999,0,0.7999999999999999
10,225,1,3000000,113.18075675661473,7804579.506013619,10000000000,672385,674385,672001,2384,384,2000,0,0.11531691096317592,0.11531691096317592
10,226,1,8000000,97.92879300798104,13384158.936749058,4000000000,675599,676399,675001,1398,598,800,0,0.17931645995403483,0.17931645995403483
10,220,0,3000000,138.93454933888836,0,9000000000,673001,682001,657001,25000,0,9000,0.8999999999999999,0,0.8999999999999999
10,228,1,9000000,106.19347672997621,9920820.39568441,8000000000,683254,684854,681001,3853,907,1600,0,0.2721549118230695,0.2721549118230695
10,223,0,3000000,165.8064570515877,0,3000000000,682001,685001,666001,19000,0,3000,0.3,0,0.3
10,229,1,3000000,126.32149025403396,5125271.778032616,8000000000,684854,686454,684001,2453,585,1600,0,0.17560044403059413,0.17560044403059413
10,227,0,3000000,95.33551961362565,0,9000000000,685001,694001,678001,16000,0,9000,0.8999999999999999,0,0.8999999999999999
10,231,1,8000000,165.04460003283964,1800156.4742917437,8000000000,695108,696708,690001,6707,4444,1600,0,1.3332174365254885,1.3332174365254885
10,233,1,6000000,170.15313955375606,1595781.083171079,2000000000,699761,700161,696001,4160,3760,400,0,1.1279742685150174,1.1279742685150174
10,230,0,6000000,143.39882879577502,0,10000000000,694001,704001,687001,17000,0,10000,0.9999999999999999,0,0.9999999999999999
10,235,1,5000000,205.239952494635,758252.1104606335,6000000000,708595,709795,702001,7794,6594,1200,0,1.978233860884026,1.978233860884026
10,232,0,3000000,158.6723725164529,0,9000000000,704001,713001,693001,20000,0,9000,0.8999999999999999,0,0.8999999999999999
10,234,0,3000000,186.7525978400301,0,3000000000,713001,716001,699001,17000,0,3000,0.3,0,0.3
10,238,0,4000000,214.00817764749087,0,2000000000,716001,718001,711001,7000,0,2000,0.19999999999999998,0,0.19999999999999998
10,237,1,4000000,246.46597919388395,365608.9657618106,6000000000,718942,720142,708001,12141,10941,1200,0,3.2821952205126834,3.2821952205126834
10,239,0,10000000,226.90220470502265,0,3000000000,718001,721001,714001,7000,0,3000,0.3,0,0.3
10,240,0,10000000,248.87005324064208,0,5000000000,721001,726001,717001,9000,0,5000,0.49999999999999994,0,0.49999999999999994
10,236,1,10000000,227.95372183844688,499178.0996999683,10000000000,725203,727203,705001,22202,20033,2000,0,6.009879042776825,6.009879042776825
10,243,1,3000000,227.57833156959387,502468.3603727788,3000000000,731972,732572,726001,6571,5971,600,0,1.7911575553380008,1.7911575553380008
10,245,0,8000000,192.52911364258648,0,3000000000,732001,735001,732001,3000,0,3000,0.3,0,0.3
10,247,0,8000000,178.46005743583072,0,2000000000,738001,740001,738001,2000,0,2000,0.19999999999999998,0,0.19999999999999998
10,241,1,9000000,230.0023725964582,481687.88048887113,5000000000,739443,740443,720001,20442,18684,1000,0,5.605289461008933,5.605289461008933
10,244,1,8000000,208.04606461070108,718362.2703991511,9000000000,740137,741937,729001,12936,11136,1800,0,3.3409327005251304,3.3409327005251304
10,246,1,10000000,182.46730255034734,1209924.5288537887,10000000000,743537,745537,735001,10536,8265,2000,0,2.4794934960464214,2.4794934960464214
10,248,1,4000000,180.80015542028718,1254780.8307145515,5000000000,745537,746537,741001,5536,3188,1000,0,0.9563423114430623,0.9563423114430623
10,242,1,10000000,239.99437701746263,406552.96087721013,8000000000,747598,749198,723001,26197,24597,1600,0,7.37911241262877,7.37911241262877
10,249,1,3000000,189.25354686240365,1046682.7491194229,4000000000,748537,749337,744001,5336,2866,800,0,0.8598593993807316,0.8598593993807316
10,250,0,2000000,203.2344326141611,0,10000000000,747001,757001,747001,10000,0,10000,0.9999999999999999,0,0.9999999999999999
10,253,0,5000000,225.65373938847102,0,4000000000,757001,761001,756001,5000,0,4000,0.39999999999999997,0,0.39999999999999997
10,251,1,7000000,221.58929396520944,558814.2034528581,3000000000,762528,763128,750001,13127,12527,600,0,3.7579574517331626,3.7579574517331626
10,255,0,7000000,186.1077110170344,0,7000000000,762001,769001,762001,7000,0,7000,0.7,0,0.7
10,256,1,7000000,165.82024001912436,1767116.7625373774,7000000000,770020,771420,765001,6419,3961,1400,0,1.1883764811243374,1.1883764811243374
10,254,1,8000000,207.73555593590615,722645.4514273359,3000000000,771420,772020,759001,13019,11070,600,0,3.3211307083710704,3.3211307083710704
10,258,1,9000000,133.86375349585862,4093665.785623763,5000000000,773200,774200,771001,3199,2199,1000,0,0.659555552747351,0.659555552747351
10,257,0,10000000,148.14333768347467,0,8000000000,769001,777001,768001,9000,0,8000,0.7999999999999999,0,0.7999999999999999
10,252,1,10000000,243.28827201490824,385036.17140006536,10000000000,778973,780973,753001,27972,25972,2000,0,7.791475769903448,7.791475769903448
10,261,1,7000000,116.51600448007135,6988687.094503454,9000000000,781522,783322,780001,3321,1002,1800,0,0.30048562363761183,0.30048562363761183
10,262,1,9000000,122.20305806320891,5823307.112916814,2000000000,784547,784947,783001,1946,1546,400,0,0.4636540624847119,0.4636540624847119
10,259,0,10000000,122.40228510938836,0,10000000000,777001,787001,774001,13000,0,10000,0.9999999999999999,0,0.9999999999999999
10,263,1,4000000,133.18676998861415,4175152.913822114,8000000000,788347,789947,786001,3946,958,1600,0,0.2874146228338901,0.2874146228338901
10,264,1,3000000,148.05927056418994,2760994.00398537,9000000000,791347,793147,789001,4146,1087,1800,0,0.32596955976756586,0.32596955976756586
10,260,0,8000000,116.47018931898411,0,9000000000,787001,796001,777001,19000,0,9000,0.8999999999999999,0,0.8999999999999999
10,265,0,9000000,166.95788331192983,0,2000000000,796001,798001,792001,6000,0,2000,0.19999999999999998,0,0.19999999999999998
10,266,0,3000000,188.6320039123796,0,5000000000,798001,803001,795001,8000,0,5000,0.49999999999999994,0,0.49999999999999994
10,267,1,7000000,185.3517480359977,1136925.7112547818,7000000000,804158,805558,798001,7557,6157,1400,0,1.8470863832275457,1.8470863832275457
10,268,1,8000000,164.08644063419743,1842036.1817057203,2000000000,805558,805958,801001,4957,4343,400,0,1.3029060036039068,1.3029060036039068
10,269,1,8000000,144.76120509307742,3015966.1373287477,7000000000,806654,808054,804001,4053,2653,1400,0,0.7957649027603768,0.7957649027603768
10,270,1,6000000,169.4545570352123,1621963.4369877004,10000000000,810700,812700,807001,5699,3699,2000,0,1.1097660766897113,1.1097660766897113
10,271,1,2000000,183.41441410096428,1185328.924697474,2000000000,812700,813100,810001,3099,1687,400,0,0.5061886093373914,0.5061886093373914
10,272,1,3000000,191.48674549430305,999033.5702073529,2000000000,816004,816404,813001,3403,3003,400,0,0.9008706282144272,0.9008706282144272
10,273,1,7000000,170.65790928052533,1577188.7485289015,6000000000,820439,821639,816001,5638,4438,1200,0,1.331482995905685,1.331482995905685
10,274,0,3000000,151.41277654147945,0,5000000000,819001,824001,819001,5000,0,5000,0.49999999999999994,0,0.49999999999999994
10,275,0,10000000,135.35586282093587,0,9000000000,824001,833001,822001,11000,0,9000,0.8999999999999999,0,0.8999999999999999
10,278,1,3000000,108.08803541558152,9285060.369156916,9000000000,831324,833124,831001,2123,323,1800,0,0.09692990289967496,0.09692990289967496
10,276,0,10000000,121.62117455443357,0,5000000000,833001,838001,825001,13000,0,5000,0.49999999999999994,0,0.49999999999999994
10,281,1,8000000,124.11732232045614,5485285.524398521,2000000000,843226,843626,840001,3625,1458,400,0,0.43753419750436195,0.43753419750436195
10,277,0,5000000,112.12483221838059,0,10000000000,838001,848001,828001,20000,0,10000,0.9999999999999999,0,0.9999999999999999
10,283,1,9000000,81.11740442099953,25954801.015025448,7000000000,847426,848826,846001,2825,347,1400,0,0.1040269967177536,0.1040269967177536
10,284,1,9000000,69.55095757787954,42451456.4636749,5000000000,849213,850213,849001,1212,212,1000,0,0.06360205808981727,0.06360205808981727
10,279,0,10000000,110.17472169241007,0,9000000000,848001,857001,834001,23000,0,9000,0.8999999999999999,0,0.8999999999999999
10,280,0,8000000,118.06198414392338,0,4000000000,857001,861001,837001,24000,0,4000,0.39999999999999997,0,0.39999999999999997
10,286,1,9000000,87.64540204711257,19903801.06355672,6000000000,862613,863813,855001,8812,452,1200,0,0.13565248122096746,0.13565248122096746
10,287,1,6000000,106.92541185331012,9669184.69234787,2000000000,863813,864213,858001,6212,621,400,0,0.18615840500228611,0.18615840500228611
10,282,0,6000000,102.10174631219587,0,8000000000,861001,869001,843001,26000,0,8000,0.7999999999999999,0,0.7999999999999999
10,288,1,2000000,118.34358495499444,6585543.99805699,7000000000,867613,869013,861001,8012,304,1400,0,0.09110864648038568,0.09110864648038568
10,290,1,8000000,173.18078068885126,1488193.597982392,4000000000,874813,875613,867001,8612,5376,800,0,1.6126934044426633,1.6126934044426633
10,285,0,2000000,72.08494225564732,0,10000000000,869001,879001,852001,27000,0,10000,0.9999999999999999,0,0.9999999999999999
10,291,1,9000000,190.64269432632346,1016718.9603663406,7000000000,879354,880754,870001,10753,8852,1400,0,2.65560111028828,2.65560111028828
10,289,0,5000000,144.13574886196696,0,7000000000,879001,886001,864001,22000,0,7000,0.7,0,0.7
10,292,0,10000000,203.6735517930593,0,9000000000,886001,895001,873001,22000,0,9000,0.8999999999999999,0,0.8999999999999999
10,296,1,8000000,206.67608763473342,737501.4797431111,2000000000,895848,896248,885001,11247,10847,400,0,3.2542307587450208,3.2542307587450208
10,298,1,8000000,183.76004598388633,1176508.3000197792,8000000000,897801,899401,891001,8400,6800,1600,0,2.0399346098617848,2.0399346098617848
10,293,0,9000000,222.23676586019698,0,6000000000,895001,901001,876001,25000,0,6000,0.6,0,0.6
10,295,1,10000000,221.3545161048222,561179.5720851722,10000000000,899821,901821,882001,19820,17820,2000,0,5.345882404188226,5.345882404188226
10,300,1,10000000,181.79863860876404,1227672.1551166927,4000000000,905146,905946,897001,8945,8145,800,0,2.4436491350696508,2.4436491350696508
10,294,0,6000000,241.41057246939292,0,6000000000,901001,907001,879001,28000,0,6000,0.6,0,0.6
10,297,0,8000000,192.73640159554705,0,2000000000,907001,909001,888001,21000,0,2000,0.19999999999999998,0,0.19999999999999998
10,303,1,9000000,184.28853301277323,1163178.436317156,8000000000,913738,915338,906001,9337,7737,1600,0,2.3212259750522137,2.3212259750522137
10,299,0,4000000,180.99469881739634,0,10000000000,909001,919001,894001,25000,0,10000,0.9999999999999999,0,0.9999999999999999
10,306,1,3000000,213.65309546084282,646193.1804866664,5000000000,919644,920644,915001,5643,4643,1000,0,1.3927723584488845,1.3927723584488845
10,301,0,4000000,184.80432489527948,0,2000000000,919001,921001,900001,21000,0,2000,0.19999999999999998,0,0.19999999999999998
10,302,0,10000000,185.51787002873874,0,10000000000,921001,931001,903001,28000,0,10000,0.9999999999999999,0,0.9999999999999999
10,304,0,7000000,189.68706360740575,0,8000000000,931001,939001,909001,30000,0,8000,0.7999999999999999,0,0.7999999999999999
10,310,1,8000000,205.92629409572743,748245.6641022189,10000000000,937693,939693,927001,12692,10692,2000,0,3.2075027162097025,3.2075027162097025
10,311,1,8000000,192.21943111974915,983991.1428532951,2000000000,940093,940493,930001,10492,8130,400,0,2.439046344503347,2.439046344503347
10,312,1,8000000,183.00799791265953,1195806.2728965213,9000000000,941893,943693,933001,10692,6690,1800,0,2.0070140577090645,2.0070140577090645
10,305,0,6000000,199.66348314100904,0,5000000000,939001,944001,912001,32000,0,5000,0.49999999999999994,0,0.49999999999999994
10,314,1,2000000,179.54184470479302,1290012.6556110838,3000000000,943693,944293,939001,5292,1550,600,0,0.46511171606745033,0.46511171606745033
10,307,0,7000000,227.5196151983384,0,6000000000,944001,950001,918001,32000,0,6000,0.6,0,0.6
10,317,1,2000000,210.77610538199053,682033.2861720482,8000000000,951871,953471,948001,5470,2932,1600,0,0.8797224595408462,0.8797224595408462
10,308,0,4000000,242.73602493243558,0,5000000000,950001,955001,921001,34000,0,5000,0.49999999999999994,0,0.49999999999999994
10,316,1,9000000,196.10431637268977,908779.7311613181,4000000000,956271,957071,945001,12070,9903,800,0,2.971016966399222,2.971016966399222
10,309,0,6000000,223.00711132158995,0,9000000000,955001,964001,924001,40000,0,9000,0.8999999999999999,0,0.8999999999999999
10,313,0,5000000,178.69787155979225,0,2000000000,964001,966001,936001,30000,0,2000,0.19999999999999998,0,0.19999999999999998
10,315,0,8000000,185.47004771660568,0,3000000000,966001,969001,942001,27000,0,3000,0.3,0,0.3
10,318,1,9000000,228.60827369104558,493505.0414650468,4000000000,969238,970038,951001,19037,18237,800,0,5.471068729074435,5.471068729074435
10,320,0,6000000,222.8084136651935,0,2000000000,969001,971001,957001,14000,0,2000,0.19999999999999998,0,0.19999999999999998
10,321,1,8000000,206.41750918950646,741184.9345842621,2000000000,970795,971195,960001,11194,10794,400,0,3.238058260515216,3.238058260515216
10,319,1,7000000,241.79581675455017,394604.7088342402,9000000000,971740,973540,954001,19539,17739,1800,0,5.321781400439743,5.321781400439743
10,322,0,3000000,193.26577581144568,0,9000000000,971001,980001,963001,17000,0,9000,0.8999999999999999,0,0.8999999999999999
10,326,1,5000000,186.92083885966275,1099514.2390329908,8000000000,979548,981148,975001,6147,4547,1600,0,1.3642388126953513,1.3642388126953513
10,323,0,4000000,184.28368186033188,0,8000000000,980001,988001,966001,22000,0,8000,0.7999999999999999,0,0.7999999999999999
10,327,1,8000000,197.44471884555435,884501.1322941257,8000000000,988277,989877,978001,11876,9045,1600,0,2.7133939261051405,2.7133939261051405
10,324,0,2000000,180.06620254784076,0,3000000000,988001,991001,969001,22000,0,3000,0.3,0,0.3
10,328,1,9000000,211.8754067842703,668053.1643615832,3000000000,994473,995073,981001,14072,13472,600,0,4.041594507796729,4.041594507796729
10,325,0,5000000,180.92698250951952,0,8000000000,991001,999001,972001,27000,0,8000,0.7999999999999999,0,0.7999999999999999
11,2,1,3000000,150.64018720115823,2579842.44344575,7000000000,4164,5564,3001,2563,1163,1400,0,0.34885851354469566,0.34885851354469566
11,1,0,3000000,154.96519996437908,0,6000000000,1,6001,1,6000,0,6000,0.6,0,0.6
11,3,1,2000000,141.85320370016316,3265296.4830214647,7000000000,6614,8014,6001,2013,613,1400,0,0.18375054244532313,0.18375054244532313
11,4,1,10000000,137.2170579774979,3717696.6900012977,8000000000,11691,13291,9001,4290,2690,1600,0,0.8069512523892725,0.8069512523892725
11,5,1,6000000,153.47744101332944,2397346.9864646425,2000000000,15091,15491,12001,3490,2503,400,0,0.7508299842128621,0.7508299842128621
11,7,0,4000000,123.61246903124301,0,3000000000,18001,21001,18001,3000,0,3000,0.3,0,0.3
11,6,1,9000000,151.69015327304535,2510367.932462427,8000000000,19916,21516,15001,6515,3585,1600,0,1.0755395514280501,1.0755395514280501
11,8,1,3000000,95.54679534134047,14637691.885718714,6000000000,23916,25116,21001,4115,205,1200,0,0.06148510345938394,0.06148510345938394
11,9,0,9000000,70.35455138084525,0,5000000000,24001,29001,24001,5000,0,5000,0.49999999999999994,0,0.49999999999999994
11,10,1,2000000,42.40860761685067,138242344.50467792,6000000000,28519,29719,27001,2718,14,1200,0,0.004340204169350563,0.004340204169350563
11,11,1,7000000,14.50882490072853,436417886.9396475,2000000000,33719,34119,30001,4118,16,400,0,0.004811901763986155,0.004811901763986155
11,12,1,5000000,14.126376039168694,444108502.988251,10000000000,39119,41119,33001,8118,11,2000,0,0.003377552985153457,0.003377552985153457
11,13,1,7000000,42.02810726168858,140466090.20483133,9000000000,42719,44519,36001,8518,50,1800,0,0.014950227467267901,0.014950227467267901
11,14,1,5000000,70.07086769835234,41503441.793691695,9000000000,49519,51319,39001,12318,120,1800,0,0.03614158091891049,0.03614158091891049
11,16,0,2000000,123.19761767177155,0,8000000000,45001,53001,45001,8000,0,8000,0.7999999999999999,0,0.7999999999999999
11,18,0,2000000,134.55644057420665,0,4000000000,53001,57001,51001,6000,0,4000,0.39999999999999997,0,0.39999999999999997
11,15,1,6000000,98.13495299840926,13281758.066900246,9000000000,55919,57719,42001,15718,452,1800,0,0.13552422736006753,0.13552422736006753
11,19,0,4000000,147.5809920010026,0,3000000000,57001,60001,54001,6000,0,3000,0.3,0,0.3
11,17,1,5000000,126.5706810442292,5086414.469964647,9000000000,59519,61319,48001,13318,983,1800,0,0.2949032189290752,0.2949032189290752
11,20,0,9000000,125.09249058196899,0,5000000000,60001,65001,57001,8000,0,5000,0.49999999999999994,0,0.49999999999999994
11,21,1,4000000,129.14247055093844,4705727.736685537,10000000000,72519,74519,60001,14518,850,2000,0,0.2550083785436375,0.2550083785436375
11,24,0,5000000,150.49532384761991,0,10000000000,69001,79001,69001,10000,0,10000,0.9999999999999999,0,0.9999999999999999
11,22,1,3000000,138.9897078923472,3536119.889915647,5000000000,78319,79319,63001,16318,848,1000,0,0.25451625737199457,0.25451625737199457
11,23,1,6000000,151.5758668126295,2517816.894685434,2000000000,85319,85719,66001,19718,2383,400,0,0.714905044842383,0.714905044842383
11,28,0,6000000,146.00854255830376,0,8000000000,81001,89001,81001,8000,0,8000,0.7999999999999999,0,0.7999999999999999
11,25,1,5000000,138.545713033641,3580554.7542512445,5000000000,90119,91119,72001,19118,1396,1000,0,0.4189294963913143,0.4189294963913143
11,29,0,7000000,166.85246237319967,0,5000000000,89001,94001,84001,10000,0,5000,0.49999999999999994,0,0.49999999999999994
11,26,1,5000000,130.3708326275475,4536250.458132335,2000000000,97119,97519,75001,22518,1102,400,0,0.33066957255653384,0.33066957255653384
11,30,0,2000000,169.33958928732525,0,7000000000,94001,101001,87001,14000,0,7000,0.7,0,0.7
11,27,1,2000000,127.69170568208415,4916005.610030729,5000000000,100519,101519,78001,23518,407,1000,0,0.12205030823718882,0.12205030823718882
11,32,1,2000000,173.16578097303173,1488704.0125519673,4000000000,103919,104719,93001,11718,1343,800,0,0.40303511976935397,0.40303511976935397
11,31,0,10000000,173.1944860554169,0,7000000000,101001,108001,90001,18000,0,7000,0.7,0,0.7
11,33,1,8000000,163.74023940375804,1857464.8601350635,8000000000,107119,108719,96001,12718,4307,1600,0,1.2920836627969838,1.2920836627969838
11,34,0,4000000,160.9459514868268,0,2000000000,108001,110001,99001,11000,0,2000,0.19999999999999998,0,0.19999999999999998
11,35,1,3000000,165.28507252622663,1789831.773704768,4000000000,109719,110519,102001,8518,1676,800,0,0.5028405536332012,0.5028405536332012
11,36,1,9000000,178.06387196733647,1332980.2494753932,5000000000,113519,114519,105001,9518,6752,1000,0,2.025536388151745,2.025536388151745
11,38,0,8000000,207.33818992168324,0,5000000000,111001,116001,111001,5000,0,5000,0.49999999999999994,0,0.49999999999999994
11,37,1,7000000,193.03771341372652,967523.1532568416,9000000000,116319,118119,108001,10118,7235,1800,0,2.170490693613952,2.170490693613952
11,42,1,9000000,140.08321562557023,3429545.294521654,3000000000,125625,126225,123001,3224,2624,600,0,0.7872763786829037,0.7872763786829037
11,40,1,10000000,185.85145170269723,1124841.8674981226,8000000000,126225,127825,117001,10824,8890,1600,0,2.6670415519584196,2.6670415519584196
11,41,0,4000000,163.58828931191863,0,10000000000,120001,130001,120001,10000,0,10000,0.9999999999999999,0,0.9999999999999999
11,39,1,10000000,211.01167029337503,679007.0697817538,3000000000,129772,130372,114001,16371,14727,600,0,4.418216147534751,4.418216147534751
11,45,1,6000000,85.70393281524483,21516125.158819973,7000000000,134013,135413,132001,3412,279,1400,0,0.08365818597509585,0.08365818597509585
11,43,0,6000000,118.23262028729631,0,8000000000,130001,138001,126001,12000,0,8000,0.7999999999999999,0,0.7999999999999999
11,46,1,8000000,77.69905340478735,29939425.947600197,2000000000,138613,139013,135001,4012,267,400,0,0.08016185761879555,0.08016185761879555
11,48,1,6000000,88.42647680417898,19294768.681375895,3000000000,142213,142813,141001,1812,311,600,0,0.0932895350923504,0.0932895350923504
11,44,0,3000000,99.12981085425314,0,7000000000,138001,145001,129001,16000,0,7000,0.7,0,0.7
11,49,1,3000000,103.49035365675391,10920854.060288452,5000000000,144276,145276,144001,1275,275,1000,0,0.08241113698906333,0.08241113698906333
11,50,1,6000000,123.41646000432844,5606190.672088479,2000000000,150670,151070,147001,4069,1070,400,0,0.32107363186230065,0.32107363186230065
11,47,0,7000000,78.86509050270594,0,7000000000,145001,152001,138001,14000,0,7000,0.7,0,0.7
11,51,1,6000000,145.6520737923082,2944324.535534661,10000000000,154139,156139,150001,6138,2038,2000,0,0.6113456510231938,0.6113456510231938
11,52,1,9000000,169.32470611225048,1626888.7862208325,10000000000,158533,160533,153001,7532,5532,2000,0,1.6596094477188832,1.6596094477188832
11,53,0,4000000,176.640905794779,0,8000000000,156001,164001,156001,8000,0,8000,0.7999999999999999,0,0.7999999999999999
11,54,0,4000000,198.40935965825798,0,8000000000,164001,172001,159001,13000,0,8000,0.7999999999999999,0,0.7999999999999999
11,58,1,5000000,176.04199754604014,1394682.9301842614,3000000000,174586,175186,171001,4185,3585,600,0,1.0755132708205042,1.0755132708205042
11,55,0,3000000,219.3666200678672,0,6000000000,172001,178001,162001,16000,0,6000,0.6,0,0.6
11,56,0,2000000,196.13648564201407,0,2000000000,178001,180001,165001,15000,0,2000,0.19999999999999998,0,0.19999999999999998
11,57,0,7000000,182.5658645530429,0,2000000000,180001,182001,168001,14000,0,2000,0.19999999999999998,0,0.19999999999999998
11,61,1,3000000,184.27749971171195,1163454.799924212,5000000000,182580,183580,180001,3579,2579,1000,0,0.773558199303167,0.773558199303167
11,59,0,8000000,176.01909953184057,0,7000000000,182001,189001,174001,15000,0,7000,0.7,0,0.7
11,64,1,6000000,179.10696943446956,1302474.2189632528,5000000000,193608,194608,189001,5607,4607,1000,0,1.381985127838284,1.381985127838284
11,60,0,5000000,182.50916607118663,0,7000000000,189001,196001,177001,19000,0,7000,0.7,0,0.7
11,62,0,9000000,178.46473489179868,0,7000000000,196001,203001,183001,20000,0,7000,0.7,0,0.7
11,69,1,3000000,215.3024328706018,626703.5211035664,2000000000,208788,209188,204001,5187,4787,400,0,1.4360857561725264,1.4360857561725264
11,63,0,5000000,175.21685107317737,0,10000000000,203001,213001,186001,27000,0,10000,0.9999999999999999,0,0.9999999999999999
11,70,1,5000000,194.02318753179992,948143.2396650875,9000000000,212558,214358,207001,7357,5273,1800,0,1.5820394400848596,1.5820394400848596
11,72,1,5000000,160.1436695595551,2027629.687058343,9000000000,216303,218103,213001,5102,2466,1800,0,0.7397800543037911,0.7397800543037911
11,71,1,8000000,174.62502140300518,1440050.5262305513,9000000000,218103,219903,210001,9902,5555,1800,0,1.6666081892849927,1.6666081892849927
11,65,0,2000000,188.94911748933893,0,9000000000,213001,222001,192001,30000,0,9000,0.8999999999999999,0,0.8999999999999999
11,66,0,4000000,205.86856000856463,0,6000000000,222001,228001,195001,33000,0,6000,0.6,0,0.6
11,76,1,4000000,144.38940854508684,3046500.881759246,9000000000,226314,228114,225001,3113,1313,1800,0,0.39389451917934215,0.39389451917934215
11,77,1,9000000,138.17631092195217,3618049.5021638023,10000000000,231731,233731,228001,5730,2488,2000,0,0.7462584462664882,0.7462584462664882
11,78,1,7000000,135.29968551330788,3927199.6817091135,8000000000,233731,235331,231001,4330,1782,1600,0,0.5347321680078365,0.5347321680078365
11,67,0,5000000,227.44916706816048,0,10000000000,228001,238001,198001,40000,0,10000,0.9999999999999999,0,0.9999999999999999
11,68,0,4000000,233.33438687857384,0,4000000000,238001,242001,201001,41000,0,4000,0.39999999999999997,0,0.39999999999999997
11,73,0,10000000,147.24383111016908,0,2000000000,242001,244001,216001,28000,0,2000,0.19999999999999998,0,0.19999999999999998
11,74,0,6000000,139.3677903964901,0,5000000000,244001,249001,219001,30000,0,5000,0.49999999999999994,0,0.49999999999999994
11,82,1,6000000,189.75917632620562,1035650.7395980621,7000000000,249861,251261,243001,8260,5793,1400,0,1.7380376715596062,1.7380376715596062
11,83,1,7000000,212.40520144290255,661443.2071307766,3000000000,256584,257184,246001,11183,10583,600,0,3.1748757525372855,3.1748757525372855
11,75,0,9000000,151.80049077654522,0,9000000000,249001,258001,222001,36000,0,9000,0.8999999999999999,0,0.8999999999999999
11,79,0,8000000,141.67065080672148,0,6000000000,258001,264001,234001,30000,0,6000,0.6,0,0.6
11,88,1,2000000,180.87260931384833,1252788.8275051145,4000000000,263547,264347,261001,3346,1596,800,0,0.4789314741853814,0.4789314741853814
11,87,1,5000000,191.34060938546213,1002067.9847517724,2000000000,264347,264747,258001,6746,4990,400,0,1.4969044244753245,1.4969044244753245
11,84,1,8000000,232.84234752295384,458686.9892372627,4000000000,266442,267242,249001,18241,17441,800,0,5.23232630598677,5.23232630598677
11,80,0,4000000,152.73228375166792,0,6000000000,264001,270001,237001,33000,0,6000,0.6,0,0.6
11,85,1,7000000,232.42961988524607,461943.2204635824,8000000000,269474,271074,252001,19073,15153,1600,0,4.546013247889099,4.546013247889099
11,81,0,10000000,169.02545725422547,0,2000000000,270001,272001,240001,32000,0,2000,0.19999999999999998,0,0.19999999999999998
11,90,1,7000000,184.9232256910959,1147417.120052442,5000000000,274274,275274,267001,8273,6101,1000,0,1.8301975483022432,1.8301975483022432
11,86,0,7000000,209.22668209384767,0,5000000000,272001,277001,255001,22000,0,5000,0.49999999999999994,0,0.49999999999999994
11,89,0,4000000,178.65282337539472,0,3000000000,277001,280001,264001,16000,0,3000,0.3,0,0.3
11,95,1,4000000,201.2909188214908,819182.690446143,10000000000,286884,288884,282001,6883,4883,2000,0,1.464874702548288,1.464874702548288
11,96,1,4000000,186.97389122548637,1098276.3039934547,2000000000,288884,289284,285001,4283,3642,400,0,1.0926212244010607,1.0926212244010607
11,91,0,10000000,198.98735864370877,0,10000000000,280001,290001,270001,20000,0,10000,0.9999999999999999,0,0.9999999999999999
11,92,0,7000000,219.38470616704348,0,3000000000,290001,293001,273001,20000,0,3000,0.3,0,0.3
11,93,0,4000000,244.4182423633719,0,4000000000,293001,297001,276001,21000,0,4000,0.39999999999999997,0,0.39999999999999997
11,99,1,2000000,191.61658096313062,996347.2172386881,8000000000,296008,297608,294001,3607,2007,1600,0,0.602199704700196,0.602199704700196
11,100,1,3000000,208.43114570524241,713094.2855584028,9000000000,301608,303408,297001,6407,4207,1800,0,1.2621051917352513,1.2621051917352513
11,94,0,3000000,221.54387488712032,0,7000000000,297001,304001,279001,25000,0,7000,0.7,0,0.7
11,97,0,10000000,180.20412897600326,0,10000000000,304001,314001,288001,26000,0,10000,0.9999999999999999,0,0.9999999999999999
11,105,1,4000000,190.77557836368888,1013908.9456856784,5000000000,315946,316946,312001,4945,3945,1000,0,1.1835382310277116,1.1835382310277116
11,98,0,7000000,181.79047857354902,0,7000000000,314001,321001,291001,30000,0,7000,0.7,0,0.7
11,108,1,3000000,143.99040002722404,3079696.1489364393,9000000000,321975,323775,321001,2774,974,1800,0,0.29223662221054225,0.29223662221054225
11,107,1,10000000,157.02517791742827,2191069.5676354333,2000000000,323775,324175,318001,6174,4564,400,0,1.3691943169278515,1.3691943169278515
11,109,1,10000000,144.49195479333792,3038041.0463651605,6000000000,327293,328493,324001,4492,3292,1200,0,0.9874784290980286,0.9874784290980286
11,101,0,2000000,227.71174783045336,0,8000000000,321001,329001,300001,29000,0,8000,0.7999999999999999,0,0.7999999999999999
11,110,1,9000000,141.11683953377073,3332423.863105659,7000000000,329702,331102,327001,4101,2701,1400,0,0.8102210615800025,0.8102210615800025
11,102,0,6000000,250.84442389656584,0,6000000000,329001,335001,303001,32000,0,6000,0.6,0,0.6
11,112,1,8000000,150.01446463591432,2622377.510310258,9000000000,336052,337852,333001,4851,3051,1800,0,0.9152000391110935,0.9152000391110935
11,103,0,2000000,226.1277853338682,0,7000000000,335001,342001,306001,36000,0,7000,0.7,0,0.7
11,104,0,7000000,202.86075643159765,0,9000000000,342001,351001,309001,42000,0,9000,0.8999999999999999,0,0.8999999999999999
11,117,1,2000000,217.2950160496094,604125.1098133341,6000000000,351312,352512,348001,4511,3311,1200,0,0.9931717623612621,0.9931717623612621
11,106,0,10000000,173.19643645294786,0,6000000000,351001,357001,315001,42000,0,6000,0.6,0,0.6
11,111,0,10000000,144.18158308189015,0,2000000000,357001,359001,330001,29000,0,2000,0.19999999999999998,0,0.19999999999999998
11,121,1,3000000,171.4816926088613,1547420.1334551193,3000000000,361940,362540,360001,2539,1939,600,0,0.5816132157919239,0.5816132157919239
11,120,1,7000000,184.16785197205292,1166205.7155774322,10000000000,363003,365003,357001,8002,6002,2000,0,1.800711462780142,1.800711462780142
11,113,0,2000000,156.9714687451194,0,8000000000,359001,367001,336001,31000,0,8000,0.7999999999999999,0,0.7999999999999999
11,122,1,5000000,161.76638216885482,1948559.941713169,9000000000,365567,367367,363001,4366,2566,1800,0,0.7697992593859873,0.7697992593859873
11,114,0,2000000,172.30506492845763,0,2000000000,367001,369001,339001,30000,0,2000,0.19999999999999998,0,0.19999999999999998
11,124,1,4000000,144.6426621021613,3025660.589452825,10000000000,370323,372323,369001,3322,1322,2000,0,0.3966076050245324,0.3966076050245324
11,125,1,2000000,119.99505073126973,6245345.6915949555,10000000000,372323,374323,372001,2322,320,2000,0,0.09607154345474993,0.09607154345474993
11,115,0,2000000,192.01234986323146,0,9000000000,369001,378001,342001,36000,0,9000,0.8999999999999999,0,0.8999999999999999
11,128,1,6000000,53.195813745068335,87024477.47329202,2000000000,381070,381470,381001,469,69,400,0,0.020683835769682427,0.020683835769682427
11,116,0,5000000,208.225710228108,0,9000000000,378001,387001,345001,42000,0,9000,0.8999999999999999,0,0.8999999999999999
11,130,1,8000000,15.091030448581046,425094739.5232181,2000000000,387020,387420,387001,419,19,400,0,0.005645800281348613,0.005645800281348613
11,131,1,10000000,25.0009799807928,280724412.7598825,4000000000,390037,390837,390001,836,36,800,0,0.01068663736974685,0.01068663736974685
11,132,1,5000000,45.85005343508338,119515441.00700586,5000000000,393043,394043,393001,1042,42,1000,0,0.012550679538655359,0.012550679538655359
11,118,0,8000000,208.76765386428997,0,9000000000,387001,396001,351001,45000,0,9000,0.8999999999999999,0,0.8999999999999999
11,133,1,9000000,62.24029884247026,58478219.542474516,8000000000,396155,397755,396001,1754,154,1600,0,0.04617103634694123,0.04617103634694123
11,119,0,8000000,199.06895413398846,0,7000000000,396001,403001,354001,49000,0,7000,0.7,0,0.7
11,123,0,6000000,155.55982836195207,0,8000000000,403001,411001,366001,45000,0,8000,0.7999999999999999,0,0.7999999999999999
11,138,1,6000000,185.83874300048413,1125147.203719604,5000000000,416334,417334,411001,6333,5333,1000,0,1.5997906709890155,1.5997906709890155
11,126,0,9000000,95.01773518664818,0,7000000000,411001,418001,375001,43000,0,7000,0.7,0,0.7
11,141,1,3000000,176.64087862100325,1376043.1816749957,9000000000,422181,423981,420001,3980,2180,1800,0,0.6540492420481095,0.6540492420481095
11,127,0,3000000,70.14925373801204,0,7000000000,418001,425001,378001,47000,0,7000,0.7,0,0.7
11,129,0,5000000,33.137840907337356,0,5000000000,425001,430001,384001,46000,0,5000,0.49999999999999994,0,0.49999999999999994
11,143,1,6000000,188.98661645735663,1052565.7285821063,5000000000,431701,432701,426001,6700,5700,1000,0,1.710106980610845,1.710106980610845
11,134,0,3000000,87.0033125806138,0,3000000000,430001,433001,399001,34000,0,3000,0.3,0,0.3
11,135,0,10000000,111.94136054202664,0,2000000000,433001,435001,402001,33000,0,2000,0.19999999999999998,0,0.19999999999999998
11,146,1,3000000,239.08340155686255,412766.9970974824,7000000000,442269,443669,435001,8668,7268,1400,0,2.180406879253112,2.180406879253112
11,136,0,2000000,135.61243342702767,0,10000000000,435001,445001,405001,40000,0,10000,0.9999999999999999,0,0.9999999999999999
11,148,1,6000000,207.2476820135753,729439.7152127753,4000000000,450257,451057,441001,10056,8225,800,0,2.4676473771035976,2.4676473771035976
11,137,0,5000000,160.7037662906504,0,8000000000,445001,453001,408001,45000,0,8000,0.7999999999999999,0,0.7999999999999999
11,139,0,5000000,206.00900223048507,0,3000000000,453001,456001,414001,42000,0,3000,0.3,0,0.3
11,140,0,6000000,184.62842738863378,0,3000000000,456001,459001,417001,42000,0,3000,0.3,0,0.3
11,151,1,8000000,175.89932489921614,1399169.7147529463,9000000000,458857,460657,450001,10656,5718,1800,0,1.7153029934068948,1.7153029934068948
11,153,1,9000000,181.52743291304492,1234962.695434761,6000000000,463289,464489,456001,8488,7288,1200,0,2.1863008574922835,2.1863008574922835
11,142,0,4000000,180.18770712787264,0,8000000000,459001,467001,423001,44000,0,8000,0.7999999999999999,0,0.7999999999999999
11,144,0,5000000,202.3674346331445,0,10000000000,467001,477001,429001,48000,0,10000,0.9999999999999999,0,0.9999999999999999
11,156,1,9000000,226.50581118373094,512019.1188581202,6000000000,482659,483859,465001,18858,17577,1200,0,5.273240589182309,5.273240589182309
11,145,0,7000000,219.33248277444,0,7000000000,477001,484001,432001,52000,0,7000,0.7,0,0.7
11,160,1,10000000,184.93685003265307,1147081.7093549892,4000000000,485719,486519,477001,9518,8718,800,0,2.6153324349378018,2.6153324349378018
11,159,1,10000000,202.7040544735107,796701.3551704534,4000000000,486553,487353,474001,13352,12552,800,0,3.765526417810791,3.765526417810791
11,147,0,4000000,225.79300432032872,0,7000000000,484001,491001,438001,53000,0,7000,0.7,0,0.7
11,164,1,9000000,139.41296711568833,3494391.054666128,5000000000,491577,492577,489001,3576,2576,1000,0,0.7726668131188803,0.7726668131188803
11,166,1,4000000,145.1321718296808,2985875.215118921,6000000000,496341,497541,495001,2540,1340,1200,0,0.40189221368790745,0.40189221368790745
11,149,0,2000000,192.12689999060515,0,9000000000,491001,500001,444001,56000,0,9000,0.8999999999999999,0,0.8999999999999999
11,150,0,10000000,181.4344854210467,0,2000000000,500001,502001,447001,55000,0,2000,0.19999999999999998,0,0.19999999999999998
11,152,0,4000000,175.92794547768693,0,5000000000,502001,507001,453001,54000,0,5000,0.49999999999999994,0,0.49999999999999994
11,170,1,5000000,144.76538605619788,3015624.918538664,7000000000,508659,510059,507001,3058,1658,1400,0,0.4974093398614315,0.4974093398614315
11,154,0,5000000,192.36710425641903,0,4000000000,507001,511001,459001,52000,0,4000,0.39999999999999997,0,0.39999999999999997
11,172,1,3000000,169.04979739709833,1637377.715251515,6000000000,514833,516033,513001,3032,1832,1200,0,0.5496593679130123,0.5496593679130123
11,155,0,4000000,207.749541756414,0,6000000000,511001,517001,462001,55000,0,6000,0.6,0,0.6
11,157,0,9000000,237.5010808396459,0,7000000000,517001,524001,468001,56000,0,7000,0.7,0,0.7
11,173,1,10000000,185.14349488977462,1142009.3488599458,4000000000,525562,526362,516001,10361,8756,800,0,2.626948722438099,2.626948722438099
11,174,1,6000000,202.9833640966668,792349.2287957438,5000000000,526762,527762,519001,8761,7572,1000,0,2.271725565677321,2.271725565677321
11,158,0,8000000,220.56590897053877,0,6000000000,524001,530001,471001,59000,0,6000,0.6,0,0.6
11,161,0,3000000,169.08039507879087,0,7000000000,530001,537001,480001,57000,0,7000,0.7,0,0.7
11,177,1,3000000,230.2563417150546,479573.25445967005,8000000000,535988,537588,528001,9587,6256,1600,0,1.876668458114955,1.876668458114955
11,162,0,5000000,156.31730966211,0,5000000000,537001,542001,483001,59000,0,5000,0.49999999999999994,0,0.49999999999999994
11,179,1,8000000,196.65448482045863,898715.3982510491,7000000000,542903,544303,534001,10302,8902,1400,0,2.670478334599068,2.670478334599068
11,178,1,9000000,211.87798965442354,668020.7400760782,6000000000,545903,547103,531001,16102,13473,1200,0,4.041790678074618,4.041790678074618
11,163,0,8000000,145.94261372196948,0,9000000000,542001,551001,486001,65000,0,9000,0.8999999999999999,0,0.8999999999999999
11,183,1,4000000,171.01798881988992,1564090.0325353576,3000000000,553464,554064,546001,8063,2557,600,0,0.7672192617037683,0.7672192617037683
11,165,0,4000000,152.14376424947557,0,6000000000,551001,557001,492001,65000,0,6000,0.6,0,0.6
11,184,1,8000000,148.72274641089703,2712962.566385251,6000000000,557864,559064,549001,10063,2949,1200,0,0.8846417675411415,0.8846417675411415
11,167,0,3000000,139.08724240562105,0,5000000000,557001,562001,498001,64000,0,5000,0.49999999999999994,0,0.49999999999999994
11,185,1,9000000,127.32213672413765,4971400.91858733,9000000000,560264,562064,552001,10063,1810,1800,0,0.5431064692258275,0.5431064692258275
11,186,1,2000000,107.28218118588009,9549311.649479032,10000000000,562064,564064,555001,9063,209,2000,0,0.06283175395503333,0.06283175395503333
11,168,0,9000000,134.66708023863882,0,8000000000,562001,570001,501001,69000,0,8000,0.7999999999999999,0,0.7999999999999999
11,188,1,3000000,79.72111953554091,27505767.35156149,5000000000,569664,570664,561001,9663,109,1000,0,0.03272041054142441,0.03272041054142441
11,169,0,3000000,137.36365931351716,0,2000000000,570001,572001,504001,68000,0,2000,0.19999999999999998,0,0.19999999999999998
11,171,0,10000000,155.21675328391584,0,2000000000,572001,574001,510001,64000,0,2000,0.19999999999999998,0,0.19999999999999998
11,190,1,7000000,68.78449316524767,43891322.6078715,4000000000,575864,576664,567001,9663,159,800,0,0.047845448148408826,0.047845448148408826
11,191,1,9000000,75.62384015639515,32688746.843590505,3000000000,578664,579264,570001,9263,275,600,0,0.08259723179108062,0.08259723179108062
11,175,0,3000000,221.17929604734704,0,8000000000,574001,582001,522001,60000,0,8000,0.7999999999999999,0,0.7999999999999999
11,194,1,4000000,108.67733940431187,9097377.391296355,6000000000,583664,584864,579001,5863,440,1200,0,0.1319061470559707,0.1319061470559707
11,176,0,4000000,239.01099577216112,0,3000000000,582001,585001,525001,60000,0,3000,0.3,0,0.3
11,180,0,5000000,199.0843853746446,0,3000000000,585001,588001,537001,51000,0,3000,0.3,0,0.3
11,196,1,8000000,142.63096332844424,3196196.8313273517,9000000000,590064,591864,585001,6863,2503,1800,0,0.7508924282999497,0.7508924282999497
11,181,0,10000000,216.09767606339497,0,7000000000,588001,595001,540001,55000,0,7000,0.7,0,0.7
11,200,1,5000000,140.86121183633196,3356124.1942965295,2000000000,598491,598891,597001,1890,1490,400,0,0.44694412755914475,0.44694412755914475
11,182,0,9000000,192.8279847428791,0,6000000000,595001,601001,543001,58000,0,6000,0.6,0,0.6
11,201,1,2000000,138.84574066207432,3550453.283510849,10000000000,602955,604955,600001,4954,563,2000,0,0.1689925066150125,0.1689925066150125
11,187,0,5000000,91.13675219141838,0,7000000000,601001,608001,558001,50000,0,7000,0.7,0,0.7
11,203,1,3000000,151.10406116316,2548859.1931381854,6000000000,607913,609113,606001,3112,1177,1200,0,0.35309914428498085,0.35309914428498085
11,189,0,3000000,70.47115225395426,0,8000000000,608001,616001,564001,52000,0,8000,0.7999999999999999,0,0.7999999999999999
11,192,0,9000000,84.74827018883626,0,6000000000,616001,622001,573001,49000,0,6000,0.6,0,0.6
11,208,1,7000000,174.62896094290895,1439921.8717622983,10000000000,625862,627862,621001,6861,4861,2000,0,1.4584124605523507,1.4584124605523507
11,193,0,4000000,91.07118808931834,0,10000000000,622001,632001,576001,56000,0,10000,0.9999999999999999,0,0.9999999999999999
11,210,1,5000000,210.25730546166525,688757.6265517774,10000000000,634260,636260,627001,9259,7259,2000,0,2.17783432396917,2.17783432396917
11,195,0,9000000,128.80635426872388,0,6000000000,632001,638001,582001,56000,0,6000,0.6,0,0.6
11,197,0,9000000,139.22500960675129,0,6000000000,638001,644001,588001,56000,0,6000,0.6,0,0.6
11,198,0,4000000,140.20791703751965,0,4000000000,644001,648001,591001,57000,0,4000,0.39999999999999997,0,0.39999999999999997
11,217,1,4000000,179.83363256076436,1281734.368109394,3000000000,651122,651722,648001,3721,3121,600,0,0.936231429738476,0.936231429738476
11,211,1,10000000,230.70685512138556,475850.5530659161,6000000000,651016,652216,630001,22215,21015,1200,0,6.3045003954937755,6.3045003954937755
11,213,1,8000000,225.92688396912837,517268.5825034106,6000000000,651722,652922,636001,16921,15466,1200,0,4.639755982056335,4.639755982056335
11,212,1,7000000,244.96947769058906,374601.7129611391,7000000000,652922,654322,633001,21321,18687,1400,0,5.605954076931443,5.605954076931443
11,216,1,8000000,185.4399665660022,1134780.71222077,5000000000,654322,655322,645001,10321,7050,1000,0,2.114946063282298,2.114946063282298
11,214,1,10000000,211.47318813504467,673126.4811531357,3000000000,655322,655922,639001,16921,14856,600,0,4.456814705700908,4.456814705700908
11,199,0,7000000,148.02222974945354,0,9000000000,648001,657001,594001,63000,0,9000,0.8999999999999999,0,0.8999999999999999
11,218,1,5000000,179.88042806264392,1280412.8898293998,7000000000,657322,658722,651001,7721,3905,1400,0,1.1714971099672837,1.1714971099672837
11,220,1,3000000,177.65012412041824,1345326.275715732,5000000000,662322,663322,657001,6321,2230,1000,0,0.6689826967968701,0.6689826967968701
11,219,1,7000000,185.5539783998177,1132016.011819446,8000000000,663322,664922,654001,10921,6184,1600,0,1.8550974350837586,1.8550974350837586
11,202,0,6000000,141.41056431540036,0,8000000000,657001,665001,603001,62000,0,8000,0.7999999999999999,0,0.7999999999999999
11,204,0,2000000,167.39862842926757,0,3000000000,665001,668001,609001,59000,0,3000,0.3,0,0.3
11,205,0,8000000,153.63632936255675,0,5000000000,668001,673001,612001,61000,0,5000,0.49999999999999994,0,0.49999999999999994
11,223,1,10000000,178.81055701495927,1311053.9038995113,9000000000,673628,675428,666001,9427,7627,1800,0,2.2882354349252916,2.2882354349252916
11,224,1,9000000,173.5244559132804,1476558.2508533215,6000000000,677228,678428,669001,9427,6095,1200,0,1.8285766907195407,1.8285766907195407
11,206,0,9000000,147.0673862554169,0,6000000000,673001,679001,615001,64000,0,6000,0.6,0,0.6
11,226,1,8000000,180.56640662094372,1261234.2859544607,7000000000,681344,682744,675001,7743,6343,1400,0,1.9028978412077964,1.9028978412077964
11,207,0,8000000,159.29945699844677,0,10000000000,679001,689001,618001,71000,0,10000,0.9999999999999999,0,0.9999999999999999
11,209,0,4000000,191.328952853456,0,5000000000,689001,694001,624001,70000,0,5000,0.49999999999999994,0,0.49999999999999994
11,215,0,3000000,196.27668735741392,0,2000000000,694001,696001,642001,54000,0,2000,0.19999999999999998,0,0.19999999999999998
11,235,1,2000000,153.8199028084467,2376415.208407538,6000000000,703535,704735,702001,2734,842,1200,0,0.2524811311917443,0.2524811311917443
11,221,0,7000000,182.1949395565091,0,10000000000,696001,706001,660001,46000,0,10000,0.9999999999999999,0,0.9999999999999999
11,236,1,2000000,151.33180928013778,2533815.830079764,3000000000,706164,706764,705001,1763,789,600,0,0.23679700508505866,0.23679700508505866
11,222,0,3000000,184.54139183391888,0,2000000000,706001,708001,663001,45000,0,2000,0.19999999999999998,0,0.19999999999999998
11,225,0,7000000,173.6780101221798,0,7000000000,708001,715001,672001,43000,0,7000,0.7,0,0.7
11,227,0,6000000,193.53104815506995,0,8000000000,715001,723001,678001,45000,0,8000,0.7999999999999999,0,0.7999999999999999
11,242,1,6000000,95.01578184701745,14935725.294789145,9000000000,723403,725203,723001,2202,402,1800,0,0.12051641045031763,0.12051641045031763
11,228,0,6000000,211.27228805501207,0,5000000000,723001,728001,681001,47000,0,5000,0.49999999999999994,0,0.49999999999999994
11,229,0,9000000,230.86651576181416,0,7000000000,728001,735001,684001,51000,0,7000,0.7,0,0.7
11,245,1,5000000,130.79721709577768,4479178.396234988,10000000000,735003,737003,732001,5002,1116,2000,0,0.3348828439744302,0.3348828439744302
11,247,1,2000000,165.49366181216735,1780935.4278203342,3000000000,739124,739724,738001,1723,1123,600,0,0.3369016027348801,0.3369016027348801
11,230,0,6000000,246.87485615185682,0,6000000000,735001,741001,687001,54000,0,6000,0.6,0,0.6
11,231,0,4000000,224.50377324223305,0,3000000000,741001,744001,690001,54000,0,3000,0.3,0,0.3
11,249,1,3000000,170.7367716691398,1574308.3331269254,8000000000,746280,747880,744001,3879,1906,1600,0,0.5716796265775971,0.5716796265775971
11,232,0,8000000,205.03398791419926,0,6000000000,744001,750001,693001,57000,0,6000,0.6,0,0.6
11,233,0,6000000,185.54510098625622,0,8000000000,750001,758001,696001,62000,0,8000,0.7999999999999999,0,0.7999999999999999
11,234,0,2000000,168.05536290163423,0,10000000000,758001,768001,699001,69000,0,10000,0.9999999999999999,0,0.9999999999999999
11,254,1,5000000,230.30792648104833,479145.1595725296,10000000000,769436,771436,759001,12435,10435,2000,0,3.1305752965097846,3.1305752965097846
11,257,1,7000000,171.12160003927036,1560345.9912114323,7000000000,772487,773887,768001,5886,4486,1400,0,1.3458553499211976,1.3458553499211976
11,258,1,10000000,157.4637586875151,2167121.8974475297,3000000000,775615,776215,771001,5214,4614,600,0,1.3843245290140103,1.3843245290140103
11,255,1,10000000,208.92671466330003,706385.4538900421,6000000000,776215,777415,762001,15414,14157,1200,0,4.246973070409499,4.246973070409499
11,237,0,10000000,172.76562302726782,0,10000000000,768001,778001,708001,70000,0,10000,0.9999999999999999,0,0.9999999999999999
11,262,1,7000000,138.78083909531608,3556938.2911203597,8000000000,784969,786569,783001,3568,1968,1600,0,0.5903953985489427,0.5903953985489427
11,238,0,9000000,167.64324501750735,0,9000000000,778001,787001,711001,76000,0,9000,0.8999999999999999,0,0.8999999999999999
11,263,1,8000000,141.86698171174294,3264056.4425779567,2000000000,788452,788852,786001,2851,2451,400,0,0.7352814028253986,0.7352814028253986
11,239,0,2000000,146.51143470732922,0,10000000000,787001,797001,714001,83000,0,10000,0.9999999999999999,0,0.9999999999999999
11,240,0,3000000,122.15304662594377,0,7000000000,797001,804001,717001,87000,0,7000,0.7,0,0.7
11,241,0,9000000,103.81762567117391,0,2000000000,804001,806001,720001,86000,0,2000,0.19999999999999998,0,0.19999999999999998
11,269,1,4000000,167.2949443348483,1706348.7601342103,6000000000,806345,807545,804001,3544,2344,1200,0,0.70325599785686,0.70325599785686
11,243,0,7000000,98.11504726595207,0,4000000000,806001,810001,726001,84000,0,4000,0.39999999999999997,0,0.39999999999999997
11,270,1,5000000,144.11940743702777,3068914.839746647,9000000000,808630,810430,807001,3429,1629,1800,0,0.4887721159847602,0.4887721159847602
11,244,0,4000000,112.24437001471382,0,4000000000,810001,814001,729001,85000,0,4000,0.39999999999999997,0,0.39999999999999997
11,272,1,5000000,97.13065942327378,13789509.94477384,8000000000,813364,814964,813001,1963,363,1600,0,0.10877833991254295,0.10877833991254295
11,246,0,4000000,148.50185520726663,0,6000000000,814001,820001,735001,85000,0,6000,0.6,0,0.6
11,248,0,2000000,158.9421076996276,0,10000000000,820001,830001,741001,89000,0,10000,0.9999999999999999,0,0.9999999999999999
11,250,0,3000000,186.29176256614252,0,7000000000,830001,837001,747001,90000,0,7000,0.7,0,0.7
11,280,1,4000000,106.17463209260495,9927402.245751267,10000000000,837404,839404,837001,2403,403,2000,0,0.12087754382205843,0.12087754382205843
11,251,0,5000000,203.829005296106,0,4000000000,837001,841001,750001,91000,0,4000,0.39999999999999997,0,0.39999999999999997
11,281,1,5000000,112.46645455423588,7994054.07610201,8000000000,840626,842226,840001,2225,625,1600,0,0.18763946124460254,0.18763946124460254
11,252,0,10000000,225.17179952205387,0,3000000000,841001,844001,753001,91000,0,3000,0.3,0,0.3
11,253,0,3000000,247.63760336427103,0,2000000000,844001,846001,756001,90000,0,2000,0.19999999999999998,0,0.19999999999999998
11,282,1,2000000,122.69717233905602,5733676.5668702945,6000000000,845626,846826,843001,3825,349,1200,0,0.10464489808630899,0.10464489808630899
11,256,0,7000000,188.9450639736323,0,10000000000,846001,856001,765001,91000,0,10000,0.9999999999999999,0,0.9999999999999999
11,259,0,3000000,145.90868548513484,0,6000000000,856001,862001,774001,88000,0,6000,0.6,0,0.6
11,288,1,3000000,164.0321828178849,1844443.6819543105,8000000000,862628,864228,861001,3227,1627,1600,0,0.48795200894742974,0.48795200894742974
11,287,1,7000000,182.64066168298888,1205375.4266915044,7000000000,864228,865628,858001,7627,5807,1400,0,1.742195795183951,1.742195795183951
11,290,1,5000000,130.71560656631638,4490033.581079657,2000000000,868115,868515,867001,1514,1114,400,0,0.3340732252695793,0.3340732252695793
11,260,0,3000000,138.9902618890978,0,7000000000,862001,869001,777001,92000,0,7000,0.7,0,0.7
11,261,0,7000000,137.61524988169006,0,3000000000,869001,872001,780001,92000,0,3000,0.3,0,0.3
11,291,1,4000000,117.72367391480783,6719040.686153212,6000000000,870831,872031,870001,2030,595,1200,0,0.17859692418189904,0.17859692418189904
11,292,1,2000000,108.45338630029032,9168159.581898423,2000000000,874810,875210,873001,2209,218,400,0,0.06544388703536941,0.06544388703536941
11,264,0,3000000,160.13943455626418,0,7000000000,872001,879001,789001,90000,0,7000,0.7,0,0.7
11,294,1,10000000,104.60313809824244,10495189.89400918,6000000000,880441,881641,879001,2640,953,1200,0,0.2858452329397534,0.2858452329397534
11,295,1,9000000,110.47360680271109,8552846.64096414,6000000000,883053,884253,882001,2252,1052,1200,0,0.3156843695838367,0.3156843695838367
11,265,0,3000000,148.13716650456092,0,9000000000,879001,888001,792001,96000,0,9000,0.8999999999999999,0,0.8999999999999999
11,296,1,2000000,120.81242030519877,6084898.668754299,7000000000,886853,888253,885001,3252,329,1400,0,0.09860476446074196,0.09860476446074196
11,297,1,10000000,134.6025475241832,4006957.344358755,6000000000,890497,891697,888001,3696,2496,1200,0,0.7486977629606134,0.7486977629606134
11,266,0,5000000,121.47317810940822,0,4000000000,888001,892001,795001,97000,0,4000,0.39999999999999997,0,0.39999999999999997
11,299,1,7000000,168.42337515915057,1661593.7631229465,7000000000,899076,900476,894001,6475,4213,1400,0,1.263846823818762,1.263846823818762
11,267,0,5000000,94.94396241994538,0,10000000000,892001,902001,798001,104000,0,10000,0.9999999999999999,0,0.9999999999999999
11,300,1,4000000,185.89579070005865,1123777.3963676963,7000000000,902076,903476,897001,6475,3559,1400,0,1.0678271371880876,1.0678271371880876
11,268,0,3000000,152.11571943753876,0,8000000000,902001,910001,801001,109000,0,8000,0.7999999999999999,0,0.7999999999999999
11,301,1,3000000,201.8462347927253,810255.1701337897,9000000000,908876,910676,900001,10675,3703,1800,0,1.1107611937254183,1.1107611937254183
11,271,0,6000000,120.57376870613274,0,10000000000,910001,920001,810001,110000,0,10000,0.9999999999999999,0,0.9999999999999999
11,303,1,3000000,236.56384508204118,430581.6409338945,10000000000,922076,924076,906001,18075,6967,2000,0,2.0901959452984977,2.0901959452984977
11,273,0,6000000,75.02749162806923,0,5000000000,920001,925001,816001,109000,0,5000,0.49999999999999994,0,0.49999999999999994
11,305,1,3000000,227.0350380447916,507278.33467956807,8000000000,930076,931676,912001,19675,5914,1600,0,1.7741739366190397,1.7741739366190397
11,274,0,9000000,75.51606782665533,0,8000000000,925001,933001,819001,114000,0,8000,0.7999999999999999,0,0.7999999999999999
11,308,1,3000000,183.11558371695187,1193021.554114794,7000000000,932876,934276,921001,13275,2515,1400,0,0.7543870409514839,0.7543870409514839
11,275,0,5000000,93.8678358118478,0,3000000000,933001,936001,822001,114000,0,3000,0.3,0,0.3
11,309,1,5000000,168.1006915512248,1674241.4812455901,7000000000,938276,939676,924001,15675,2986,1400,0,0.8959281064306451,0.8959281064306451
11,276,0,5000000,116.64195514479347,0,5000000000,936001,941001,825001,116000,0,5000,0.49999999999999994,0,0.49999999999999994
11,304,1,9000000,238.86578197808075,414268.94875327795,3000000000,942876,943476,909001,34475,21725,600,0,6.5175051331399985,6.5175051331399985
11,277,0,6000000,118.03541883688983,0,4000000000,941001,945001,828001,117000,0,4000,0.39999999999999997,0,0.39999999999999997
11,278,0,8000000,109.16500629780586,0,7000000000,945001,952001,831001,121000,0,7000,0.7,0,0.7
11,314,1,10000000,145.5372955637145,2953435.912868947,10000000000,953876,955876,939001,16875,3386,2000,0,1.01576607331419,1.01576607331419
11,279,0,2000000,105.02641429659484,0,5000000000,952001,957001,834001,123000,0,5000,0.49999999999999994,0,0.49999999999999994
11,283,0,5000000,136.47095258698826,0,3000000000,957001,960001,846001,114000,0,3000,0.3,0,0.3
11,317,1,9000000,182.3720197837377,1212433.9298401272,9000000000,962076,963876,948001,15875,7423,1800,0,2.226925470780931,2.226925470780931
11,284,0,3000000,152.88392884799885,0,5000000000,960001,965001,849001,116000,0,5000,0.49999999999999994,0,0.49999999999999994
11,285,0,5000000,171.03187831512582,0,2000000000,965001,967001,852001,115000,0,2000,0.19999999999999998,0,0.19999999999999998
11,286,0,7000000,190.41858995381733,0,4000000000,967001,971001,855001,116000,0,4000,0.39999999999999997,0,0.39999999999999997
11,324,1,6000000,190.62742850912088,1017042.3973981262,9000000000,974900,976700,969001,7699,5899,1800,0,1.7698377222079378,1.7698377222079378
11,289,0,9000000,146.44904950186606,0,10000000000,971001,981001,864001,117000,0,10000,0.9999999999999999,0,0.9999999999999999
11,320,1,10000000,239.51357059674092,409818.0245604043,8000000000,981402,983002,957001,26001,24401,1600,0,7.3203222411166085,7.3203222411166085
11,328,1,4000000,142.99312046388803,3164637.035894737,5000000000,982650,983650,981001,2649,1264,1000,0,0.3791904052152143,0.3791904052152143
11,293,0,2000000,103.91564704124201,0,5000000000,981001,986001,876001,110000,0,5000,0.49999999999999994,0,0.49999999999999994
11,321,1,10000000,240.7926327776662,401203.51722740853,4000000000,985650,986450,960001,26449,24925,800,0,7.4775017445810485,7.4775017445810485
11,329,1,3000000,142.84990479520803,3177071.252320686,7000000000,986450,987850,984001,3849,944,1400,0,0.2832797657095656,0.2832797657095656
11,331,1,5000000,144.51378100375064,3036244.1774164517,2000000000,992955,993355,990001,3354,1647,400,0,0.4940314126106794,0.4940314126106794
11,298,0,6000000,150.90073724140643,0,9000000000,986001,995001,891001,104000,0,9000,0.8999999999999999,0,0.8999999999999999
12,1,0,9000000,132.78421743565764,0,9000000000,1,9001,1,9000,0,9000,0.8999999999999999,0,0.8999999999999999
12,4,1,9000000,169.86847147131215,1606386.408470623,8000000000,14604,16204,9001,7203,5603,1600,0,1.6807911133726308,1.6807911133726308
12,5,1,7000000,188.09489227514925,1072519.5070882235,2000000000,18528,18928,12001,6927,6527,400,0,1.9580063449860012,1.9580063449860012
12,2,0,2000000,137.76533744015586,0,10000000000,9001,19001,3001,16000,0,10000,0.9999999999999999,0,0.9999999999999999
12,8,1,2000000,223.98403737766668,535383.372795953,7000000000,24737,26137,21001,5136,3736,1400,0,1.1206922562174413,1.1206922562174413
12,3,0,9000000,152.23711636785558,0,8000000000,19001,27001,6001,21000,0,8000,0.7999999999999999,0,0.7999999999999999
12,6,0,7000000,208.5456125167825,0,4000000000,27001,31001,15001,16000,0,4000,0.39999999999999997,0,0.39999999999999997
12,7,1,9000000,229.93741235388387,482230.6268162032,5000000000,36664,37664,18001,19663,18663,1000,0,5.598980757041536,5.598980757041536
12,9,0,7000000,217.19726149286504,0,9000000000,31001,40001,24001,16000,0,9000,0.8999999999999999,0,0.8999999999999999
12,14,1,2000000,182.96439435037627,1196937.196548799,2000000000,40672,41072,39001,2071,1671,400,0,0.5012794336494981,0.5012794336494981
12,15,1,4000000,176.4916592930102,1380658.419396175,2000000000,44898,45298,42001,3297,2897,400,0,0.8691505321966709,0.8691505321966709
12,10,0,9000000,235.57304875558245,0,6000000000,40001,46001,27001,19000,0,6000,0.6,0,0.6
12,17,1,2000000,180.09633672010105,1274337.6460420224,3000000000,49570,50170,48001,2169,1569,600,0,0.47083282979479246,0.47083282979479246
12,11,0,6000000,229.24244284163439,0,6000000000,46001,52001,30001,22000,0,6000,0.6,0,0.6
12,12,0,2000000,210.23327424553895,0,3000000000,52001,55001,33001,22000,0,3000,0.3,0,0.3
12,13,0,3000000,194.4787456253253,0,2000000000,55001,57001,36001,21000,0,2000,0.19999999999999998,0,0.19999999999999998
12,19,1,8000000,204.6098739064173,767585.483666734,3000000000,64622,65222,54001,11221,10422,600,0,3.1266875821247537,3.1266875821247537
12,16,0,5000000,175.49893589420986,0,10000000000,57001,67001,45001,22000,0,10000,0.9999999999999999,0,0.9999999999999999
12,18,0,2000000,189.97961601182374,0,5000000000,67001,72001,51001,21000,0,5000,0.49999999999999994,0,0.49999999999999994
12,22,1,7000000,221.91041660994645,555599.0149991746,9000000000,75600,77400,63001,14399,12599,1800,0,3.779704325075378,3.779704325075378
12,20,0,2000000,222.7587969082254,0,8000000000,72001,80001,57001,23000,0,8000,0.7999999999999999,0,0.7999999999999999
12,24,1,9000000,193.80507759086186,952390.5448480737,10000000000,78451,80451,69001,11450,9450,2000,0,2.834971445911096,2.834971445911096
12,26,1,8000000,180.81135611459806,1254472.628404587,5000000000,83051,84051,75001,9050,6377,1000,0,1.9131545365419982,1.9131545365419982
12,28,1,6000000,184.09292680600194,1168090.142594212,3000000000,86666,87266,81001,6265,5137,600,0,1.54097696261898,1.54097696261898
12,21,0,8000000,241.48568694645232,0,9000000000,80001,89001,60001,29000,0,9000,0.8999999999999999,0,0.8999999999999999
12,33,1,3000000,156.34465325043894,2228880.6055119797,4000000000,97347,98147,96001,2146,1346,800,0,0.40379013473145087,0.40379013473145087
12,23,0,2000000,207.69813672731874,0,10000000000,89001,99001,66001,33000,0,10000,0.9999999999999999,0,0.9999999999999999
12,31,1,5000000,212.422417366906,661229.7843536885,8000000000,98147,99747,90001,9746,7562,1600,0,2.26850035417893,2.26850035417893
12,25,0,5000000,184.56911388420332,0,3000000000,99001,102001,72001,30000,0,3000,0.3,0,0.3
12,35,1,2000000,112.00285710641487,8120008.374525815,4000000000,102247,103047,102001,1046,246,800,0,0.07389154940804335,0.07389154940804335
12,36,1,10000000,96.89810008457333,13910340.63132446,7000000000,106057,107457,105001,2456,719,1400,0,0.2156668969877237,0.2156668969877237
12,27,0,7000000,181.67775097683256,0,9000000000,102001,111001,78001,33000,0,9000,0.8999999999999999,0,0.8999999999999999
12,29,0,3000000,195.72959714871942,0,3000000000,111001,114001,84001,30000,0,3000,0.3,0,0.3
12,39,1,4000000,112.40946801760073,8009408.664303194,2000000000,115931,116331,114001,2330,499,400,0,0.1498237947762899,0.1498237947762899
12,30,0,7000000,213.23541661740902,0,6000000000,114001,120001,87001,33000,0,6000,0.6,0,0.6
12,40,1,6000000,134.07824730358016,4068256.168580073,4000000000,123531,124331,117001,7330,1475,800,0,0.44245001430877123,0.44245001430877123
12,32,0,2000000,184.2188204283156,0,7000000000,120001,127001,93001,34000,0,7000,0.7,0,0.7
12,43,1,6000000,148.02994629466025,2763141.0470175566,8000000000,128172,129772,126001,3771,2171,1600,0,0.6514325433885688,0.6514325433885688
12,44,1,10000000,142.16604693104463,3237282.7116932757,9000000000,132213,134013,129001,5012,3089,1800,0,0.9267031233212363,0.9267031233212363
12,34,0,2000000,130.63182843396172,0,10000000000,127001,137001,99001,38000,0,10000,0.9999999999999999,0,0.9999999999999999
12,45,1,8000000,143.93993504236408,3083926.286914809,6000000000,137413,138613,132001,6612,2594,1200,0,0.7782287177820272,0.7782287177820272
12,46,1,2000000,145.34274835711616,2968959.2086826353,10000000000,139013,141013,135001,6012,674,2000,0,0.2020910217443599,0.2020910217443599
12,37,0,7000000,91.45726105673624,0,9000000000,137001,146001,108001,38000,0,9000,0.8999999999999999,0,0.8999999999999999
12,49,1,4000000,145.34274835711616,2968959.2086826353,8000000000,145348,146948,144001,2947,1347,1600,0,0.4041820434887198,0.4041820434887198
12,38,0,2000000,97.1190429318576,0,2000000000,146001,148001,111001,37000,0,2000,0.19999999999999998,0,0.19999999999999998
12,50,1,3000000,145.59754187485444,2948649.078405443,9000000000,148870,150670,147001,3669,1017,1800,0,0.30522452013404655,0.30522452013404655
12,51,1,5000000,149.90465369694164,2629931.3871924924,6000000000,152939,154139,150001,4138,1901,1200,0,0.5703570850953955,0.5703570850953955
12,41,0,7000000,159.6242099432289,0,9000000000,148001,157001,120001,37000,0,9000,0.8999999999999999,0,0.8999999999999999
12,52,1,3000000,162.53948351093035,1912234.7112070809,5000000000,156139,157139,153001,4138,1569,1000,0,0.47065352110039,0.47065352110039
12,42,0,4000000,160.5617849925691,0,9000000000,157001,166001,123001,43000,0,9000,0.8999999999999999,0,0.8999999999999999
12,47,0,9000000,145.34274835711616,0,2000000000,166001,168001,138001,30000,0,2000,0.19999999999999998,0,0.19999999999999998
12,56,1,5000000,174.13055561847844,1456312.4404850616,7000000000,168434,169834,165001,4833,3433,1400,0,1.029998754594438,1.029998754594438
12,54,1,6000000,202.77701694225607,795561.6060660911,9000000000,169029,170829,159001,11828,7542,1800,0,2.262552624806363,2.262552624806363
12,57,1,9000000,162.6346878743892,1907819.6868491715,10000000000,172718,174718,168001,6717,4717,2000,0,1.4152280839805889,1.4152280839805889
12,48,0,3000000,145.34274835711616,0,8000000000,168001,176001,141001,35000,0,8000,0.7999999999999999,0,0.7999999999999999
12,59,1,2000000,155.19674738859703,2294509.625998451,9000000000,178518,180318,174001,6317,872,1800,0,0.26149378202713414,0.26149378202713414
12,53,0,7000000,180.96193909217487,0,9000000000,176001,185001,156001,29000,0,9000,0.8999999999999999,0,0.8999999999999999
12,60,1,7000000,161.4589532977345,1963242.4321332646,10000000000,183518,185518,177001,8517,3566,2000,0,1.0696590322358377,1.0696590322358377
12,61,1,2000000,173.35734308070136,1482201.79296339,7000000000,185518,186918,180001,6917,1349,1400,0,0.4048031805442701,0.4048031805442701
12,55,0,8000000,189.99266091088887,0,8000000000,185001,193001,162001,31000,0,8000,0.7999999999999999,0,0.7999999999999999
12,65,1,3000000,113.59939128358036,7696059.091552404,8000000000,192391,193991,192001,1990,390,1600,0,0.11694296903045963,0.11694296903045963
12,58,0,2000000,155.56335204668227,0,8000000000,193001,201001,171001,30000,0,8000,0.7999999999999999,0,0.7999999999999999
12,62,0,4000000,152.78258670411367,0,7000000000,201001,208001,183001,25000,0,7000,0.7,0,0.7
12,63,0,9000000,133.1340414770017,0,10000000000,208001,218001,186001,32000,0,10000,0.9999999999999999,0,0.9999999999999999
12,71,1,8000000,200.9813548566135,824212.5963153858,5000000000,220358,221358,210001,11357,9706,1000,0,2.911870081492467,2.911870081492467
12,64,0,8000000,119.4330013019852,0,5000000000,218001,223001,189001,34000,0,5000,0.49999999999999994,0,0.49999999999999994
12,74,1,4000000,204.67714112719085,766582.2520956851,7000000000,224219,225619,219001,6618,5218,1400,0,1.5653897500489165,1.5653897500489165
12,66,0,8000000,116.9373584445963,0,3000000000,223001,226001,195001,31000,0,3000,0.3,0,0.3
12,67,0,7000000,128.95568230985404,0,10000000000,226001,236001,198001,38000,0,10000,0.9999999999999999,0,0.9999999999999999
12,75,1,8000000,216.94801082286975,607983.2687289206,7000000000,235159,236559,222001,14558,13158,1400,0,3.947477049849672,3.947477049849672
12,77,1,4000000,249.90821074946697,345925.00878298114,9000000000,240159,241959,228001,13958,11563,1800,0,3.468959946613255,3.468959946613255
12,76,1,9000000,232.2399640458119,463449.187372028,7000000000,244421,245821,225001,20820,19420,1400,0,5.825881398800703,5.825881398800703
12,68,0,4000000,147.59342973181427,0,10000000000,236001,246001,201001,45000,0,10000,0.9999999999999999,0,0.9999999999999999
12,69,0,8000000,170.4916209084775,0,2000000000,246001,248001,204001,44000,0,2000,0.19999999999999998,0,0.19999999999999998
12,78,1,8000000,238.98859658987917,413420.4786856748,2000000000,250352,250752,231001,19751,19351,400,0,5.805227664652601,5.805227664652601
12,70,0,5000000,197.4833101808859,0,5000000000,248001,253001,207001,46000,0,5000,0.49999999999999994,0,0.49999999999999994
12,72,0,8000000,191.20536237250252,0,8000000000,253001,261001,213001,48000,0,8000,0.7999999999999999,0,0.7999999999999999
12,85,1,8000000,197.98200650564183,874996.3985965408,6000000000,263576,264776,252001,12775,9143,1200,0,2.7428684322009826,2.7428684322009826
12,73,0,4000000,195.84026399083515,0,6000000000,261001,267001,216001,51000,0,6000,0.6,0,0.6
12,86,1,9000000,206.79771468756613,735776.7892980091,2000000000,267233,267633,255001,12632,12232,400,0,3.66959115763358,3.66959115763358
12,79,0,6000000,223.1033168735956,0,5000000000,267001,272001,234001,38000,0,5000,0.49999999999999994,0,0.49999999999999994
12,80,0,4000000,209.84444715074068,0,5000000000,272001,277001,237001,40000,0,5000,0.49999999999999994,0,0.49999999999999994
12,90,1,5000000,233.67389670222045,452212.95952568203,7000000000,278058,279458,267001,12457,11057,1400,0,3.3170212582437326,3.3170212582437326
12,89,1,5000000,251.59575532985448,336758.4002379211,6000000000,279458,280658,264001,16657,14847,1200,0,4.454231873474408,4.454231873474408
12,93,1,3000000,195.8548536544346,913389.433600631,2000000000,280658,281058,276001,5057,3284,400,0,0.985340936616872,0.985340936616872
12,94,1,2000000,190.24333523148715,1025222.498766596,7000000000,281058,282458,279001,3457,1951,1400,0,0.5852388147176207,0.5852388147176207
12,91,1,7000000,218.09928839865572,595299.5556151636,2000000000,282458,282858,270001,12857,11759,400,0,3.5276357594957832,3.5276357594957832
12,81,0,9000000,199.71652034821756,0,7000000000,277001,284001,240001,44000,0,7000,0.7,0,0.7
12,82,0,7000000,193.18292367598124,0,4000000000,284001,288001,243001,45000,0,4000,0.39999999999999997,0,0.39999999999999997
12,96,1,2000000,191.67596458606909,995121.5410647485,7000000000,287011,288411,285001,3410,2010,1400,0,0.6029414249821373,0.6029414249821373
12,83,0,7000000,190.72383831078903,0,3000000000,288001,291001,246001,45000,0,3000,0.3,0,0.3
12,100,1,3000000,141.84161448601745,3266339.978508362,10000000000,298090,300090,297001,3089,918,2000,0,0.2755377596703827,0.2755377596703827
12,84,0,3000000,192.29771839520092,0,10000000000,291001,301001,249001,52000,0,10000,0.9999999999999999,0,0.9999999999999999
12,87,0,10000000,218.7273867168901,0,3000000000,301001,304001,258001,46000,0,3000,0.3,0,0.3
12,102,1,3000000,103.28835849213596,11000319.880237702,5000000000,303274,304274,303001,1273,273,1000,0,0.08181580261287386,0.08181580261287386
12,103,1,8000000,86.26768572298664,21032957.665569995,6000000000,306381,307581,306001,1580,380,1200,0,0.11410663389147081,0.11410663389147081
12,104,1,5000000,72.55744276089116,37272999.455909654,3000000000,309135,309735,309001,734,134,600,0,0.040243608561053815,0.040243608561053815
12,88,0,8000000,234.0744892123018,0,7000000000,304001,311001,261001,50000,0,7000,0.7,0,0.7
12,105,1,5000000,64.37436213276213,53237803.179690845,6000000000,312095,313295,312001,1294,94,1200,0,0.02817546762658719,0.02817546762658719
12,92,0,8000000,205.33306626064882,0,6000000000,311001,317001,273001,44000,0,6000,0.6,0,0.6
12,108,1,5000000,89.77823455604374,18290995.093437288,6000000000,321274,322474,321001,1473,273,1200,0,0.08200756669265043,0.08200756669265043
12,95,0,6000000,188.81925352039713,0,6000000000,317001,323001,282001,41000,0,6000,0.6,0,0.6
12,97,0,6000000,197.63939688230178,0,6000000000,323001,329001,288001,41000,0,6000,0.6,0,0.6
12,110,1,2000000,79.50217607084726,27758288.193058666,10000000000,327073,329073,327001,2072,72,2000,0,0.02161516574174189,0.02161516574174189
12,98,0,9000000,183.94409639887874,0,2000000000,329001,331001,291001,40000,0,2000,0.19999999999999998,0,0.19999999999999998
12,111,1,2000000,95.31315963706166,14767949.855562925,9000000000,331517,333317,330001,3316,135,1800,0,0.04062852365211591,0.04062852365211591
12,112,1,8000000,122.27936048246244,5809355.052909261,3000000000,334378,334978,333001,1977,1377,600,0,0.4131267547157591,0.4131267547157591
12,99,0,7000000,162.66544224265954,0,5000000000,331001,336001,294001,42000,0,5000,0.49999999999999994,0,0.49999999999999994
12,113,1,2000000,123.7223718653987,5553021.745355673,2000000000,336361,336761,336001,760,360,400,0,0.1080492797460799,0.1080492797460799
12,101,0,9000000,121.95976795648635,0,7000000000,336001,343001,300001,43000,0,7000,0.7,0,0.7
12,106,0,3000000,61.76849763431199,0,5000000000,343001,348001,315001,33000,0,5000,0.49999999999999994,0,0.49999999999999994
12,117,1,9000000,36.350544700182986,177660929.01014215,3000000000,348052,348652,348001,651,51,600,0,0.015197488919163903,0.015197488919163903
12,107,0,9000000,71.20191359788019,0,3000000000,348001,351001,318001,33000,0,3000,0.3,0,0.3
12,119,1,4000000,20.541930289045407,336601188.5921458,7000000000,354013,355413,354001,1412,12,1400,0,0.0035650497997914694,0.0035650497997914694
12,109,0,3000000,112.53552550194982,0,6000000000,351001,357001,324001,33000,0,6000,0.6,0,0.6
12,114,0,10000000,100.02399712069095,0,6000000000,357001,363001,339001,24000,0,6000,0.6,0,0.6
12,115,0,7000000,72.64618916364435,0,2000000000,363001,365001,342001,23000,0,2000,0.19999999999999998,0,0.19999999999999998
12,122,1,8000000,101.70164698764721,11649159.311107283,8000000000,366413,368013,363001,5012,687,1600,0,0.2060234507834088,0.2060234507834088
12,116,0,5000000,58.188618302894966,0,4000000000,365001,369001,345001,24000,0,4000,0.39999999999999997,0,0.39999999999999997
12,118,0,8000000,10.95869061521498,0,2000000000,369001,371001,351001,20000,0,2000,0.19999999999999998,0,0.19999999999999998
12,124,1,4000000,156.44312225214628,2223359.7790144137,4000000000,372213,373013,369001,4012,1799,800,0,0.5397237151298763,0.5397237151298763
12,120,0,5000000,47.185647182167585,0,7000000000,371001,378001,357001,21000,0,7000,0.7,0,0.7
12,121,0,4000000,74.3892572889392,0,5000000000,378001,383001,360001,23000,0,5000,0.49999999999999994,0,0.49999999999999994
12,123,0,3000000,129.05545164773167,0,7000000000,383001,390001,366001,24000,0,7000,0.7,0,0.7
12,127,1,4000000,94.6819032339338,15126773.82028933,6000000000,395140,396340,378001,18339,264,1200,0,0.07932953941510362,0.07932953941510362
12,125,0,7000000,149.44891735974534,0,10000000000,390001,400001,372001,28000,0,10000,0.9999999999999999,0,0.9999999999999999
12,126,0,8000000,122.05948140148719,0,7000000000,400001,407001,375001,32000,0,7000,0.7,0,0.7
12,133,1,3000000,165.36349808830244,1786480.4642905304,9000000000,411340,413140,396001,17139,1679,1800,0,0.5037838465014614,0.5037838465014614
12,128,0,5000000,70.22866223985764,0,7000000000,407001,414001,381001,33000,0,7000,0.7,0,0.7
12,139,1,10000000,139.58500671633755,3477603.323939625,5000000000,417339,418339,414001,4338,2876,1000,0,0.8626630815965033,0.8626630815965033
12,134,1,6000000,184.59392866505658,1155561.1551864753,8000000000,416740,418340,399001,19339,5192,1600,0,1.5576847594098386,1.5576847594098386
12,129,0,5000000,70.22082312248983,0,5000000000,414001,419001,384001,35000,0,5000,0.49999999999999994,0,0.49999999999999994
12,141,1,4000000,148.31342656684865,2742471.4995346237,5000000000,421493,422493,420001,2492,1459,1000,0,0.43756152076826715,0.43756152076826715
12,130,0,4000000,90.2592322147712,0,4000000000,419001,423001,387001,36000,0,4000,0.39999999999999997,0,0.39999999999999997
12,135,1,7000000,213.44284293458986,648731.6515364852,9000000000,423340,425140,402001,23139,10790,1800,0,3.2370857734877982,3.2370857734877982
12,142,1,3000000,140.75315271779883,3366205.2793624443,8000000000,426932,428532,423001,5531,891,1600,0,0.26736337368303903,0.26736337368303903
12,131,0,7000000,117.03912892703876,0,7000000000,423001,430001,390001,40000,0,7000,0.7,0,0.7
12,145,1,2000000,151.89080946522077,2497355.3983600507,7000000000,432802,434202,432001,2201,801,1400,0,0.2402541506082813,0.2402541506082813
12,132,0,3000000,146.72856606673426,0,6000000000,430001,436001,393001,43000,0,6000,0.6,0,0.6
12,136,0,7000000,195.56294945617896,0,4000000000,436001,440001,405001,35000,0,4000,0.39999999999999997,0,0.39999999999999997
12,137,0,10000000,176.2100783156287,0,10000000000,440001,450001,408001,42000,0,10000,0.9999999999999999,0,0.9999999999999999
12,149,1,8000000,86.59785216736036,20755780.387042977,10000000000,451245,453245,444001,9244,385,2000,0,0.11563043909918348,0.11563043909918348
12,138,0,2000000,152.26477498095218,0,5000000000,450001,455001,411001,44000,0,5000,0.49999999999999994,0,0.49999999999999994
12,140,0,7000000,140.14355283066004,0,7000000000,455001,462001,417001,45000,0,7000,0.7,0,0.7
12,153,1,3000000,65.7745125409531,50064035.251436315,9000000000,463445,465245,456001,9244,60,1800,0,0.017976976795416814,0.017976976795416814
12,143,0,4000000,138.79485941489335,0,4000000000,462001,466001,426001,40000,0,4000,0.39999999999999997,0,0.39999999999999997
12,155,1,6000000,77.97542240988503,29593045.083328772,7000000000,471245,472645,462001,10644,203,1400,0,0.06082510248375991,0.06082510248375991
12,144,0,3000000,141.847108183424,0,8000000000,466001,474001,429001,45000,0,8000,0.7999999999999999,0,0.7999999999999999
12,156,1,4000000,88.60544283507647,19158274.084678,7000000000,475045,476445,465001,11444,209,1400,0,0.06263612237178037,0.06263612237178037
12,146,0,2000000,147.7856518745984,0,7000000000,474001,481001,435001,46000,0,7000,0.7,0,0.7
12,147,0,5000000,124.98769259411107,0,6000000000,481001,487001,438001,49000,0,6000,0.6,0,0.6
12,158,1,10000000,127.37029834305956,4964138.726085894,9000000000,486245,488045,471001,17044,2014,1800,0,0.604334440581887,0.604334440581887
12,148,0,5000000,101.42656160986624,0,2000000000,487001,489001,441001,48000,0,2000,0.19999999999999998,0,0.19999999999999998
12,150,0,5000000,83.64600289314481,0,3000000000,489001,492001,447001,45000,0,3000,0.3,0,0.3
12,163,1,9000000,192.83196545178913,971631.3500518753,7000000000,495264,496664,486001,10663,9263,1400,0,2.7788317038718926,2.7788317038718926
12,161,1,9000000,196.55080895279983,900601.305591012,6000000000,498645,499845,480001,19844,9993,1200,0,2.9979969862781264,2.9979969862781264
12,151,0,5000000,77.33570714747495,0,8000000000,492001,500001,450001,50000,0,8000,0.7999999999999999,0,0.7999999999999999
12,152,0,7000000,73.08059728819954,0,2000000000,500001,502001,453001,49000,0,2000,0.19999999999999998,0,0.19999999999999998
12,154,0,9000000,67.34070462951806,0,5000000000,502001,507001,459001,48000,0,5000,0.49999999999999994,0,0.49999999999999994
12,157,0,8000000,105.90137156807738,0,6000000000,507001,513001,468001,45000,0,6000,0.6,0,0.6
12,169,1,7000000,214.52505331545777,635796.8851449968,5000000000,515011,516011,504001,12010,11010,1000,0,3.3029416297330303,3.3029416297330303
12,159,0,2000000,150.19535279095686,0,5000000000,513001,518001,474001,44000,0,5000,0.49999999999999994,0,0.49999999999999994
12,160,0,6000000,172.31764738412605,0,7000000000,518001,525001,477001,48000,0,7000,0.7,0,0.7
12,172,1,7000000,215.72341412095255,621846.7735572681,9000000000,524258,526058,513001,13057,11257,1800,0,3.3770377033348127,3.3770377033348127
12,162,0,8000000,214.94042081469928,0,2000000000,525001,527001,483001,44000,0,2000,0.19999999999999998,0,0.19999999999999998
12,175,1,3000000,181.14612554509688,1245304.2914153019,6000000000,526058,527258,522001,5257,2409,1200,0,0.7227149269494126,0.7227149269494126
12,170,1,10000000,234.2099299773603,448100.04194348044,3000000000,529317,529917,507001,22916,22316,600,0,6.694933539815189,6.694933539815189
12,164,0,5000000,183.62461381851833,0,3000000000,527001,530001,489001,41000,0,3000,0.3,0,0.3
12,174,1,7000000,187.8614281857774,1077821.2246495062,8000000000,528658,530258,519001,11257,6495,1600,0,1.9483750662665726,1.9483750662665726
12,176,1,4000000,179.62085207458517,1287764.5977120479,6000000000,530258,531458,525001,6457,3106,1200,0,0.9318473284108152,0.9318473284108152
12,165,0,10000000,178.7526587214859,0,5000000000,530001,535001,492001,43000,0,5000,0.49999999999999994,0,0.49999999999999994
12,178,1,10000000,133.7980197910268,4101491.8314939877,7000000000,536258,537658,531001,6657,2438,1400,0,0.7314411739075037,0.7314411739075037
12,166,0,2000000,179.67105637803772,0,4000000000,535001,539001,495001,44000,0,4000,0.39999999999999997,0,0.39999999999999997
12,167,0,9000000,186.30813857692846,0,6000000000,539001,545001,498001,47000,0,6000,0.6,0,0.6
12,181,1,3000000,58.71325574348603,68307491.23824179,6000000000,546258,547458,540001,7457,44,1200,0,0.013175714459501876,0.013175714459501876
12,168,0,5000000,198.22048456201492,0,3000000000,545001,548001,501001,47000,0,3000,0.3,0,0.3
12,171,0,3000000,234.88303237994867,0,4000000000,548001,552001,510001,42000,0,4000,0.39999999999999997,0,0.39999999999999997
12,173,0,3000000,199.69213730139703,0,7000000000,552001,559001,516001,43000,0,7000,0.7,0,0.7
12,187,1,6000000,96.653099277778,14038991.142150955,8000000000,558886,560486,558001,2485,427,1600,0,0.12821434117125718,0.12821434117125718
12,188,1,7000000,121.93187770226461,5873225.088252275,5000000000,563653,564653,561001,3652,1192,1000,0,0.3575548303436311,0.3575548303436311
12,177,0,8000000,159.58738421316397,0,7000000000,559001,566001,528001,38000,0,7000,0.7,0,0.7
12,179,0,9000000,108.06939668564829,0,2000000000,566001,568001,534001,34000,0,2000,0.19999999999999998,0,0.19999999999999998
12,190,1,3000000,173.57127210457378,1474982.0174039388,3000000000,572053,572653,567001,5652,2034,600,0,0.610176930552724,0.610176930552724
12,180,0,6000000,84.14338476671831,0,7000000000,568001,575001,537001,38000,0,7000,0.7,0,0.7
12,191,1,10000000,126.16649317469363,5149624.416857437,2000000000,576453,576853,570001,6852,1942,400,0,0.5825667577191489,0.5825667577191489
12,182,0,7000000,34.04274078272783,0,5000000000,575001,580001,543001,37000,0,5000,0.49999999999999994,0,0.49999999999999994
12,183,0,3000000,14.811144452742305,0,2000000000,580001,582001,546001,36000,0,2000,0.19999999999999998,0,0.19999999999999998
12,184,0,6000000,23.60072032799006,0,10000000000,582001,592001,549001,43000,0,10000,0.9999999999999999,0,0.9999999999999999
12,197,1,4000000,200.0282072608761,839943.1843609116,5000000000,592763,593763,588001,5762,4762,1000,0,1.428668060343921,1.428668060343921
12,185,0,10000000,47.12243839191678,0,4000000000,592001,596001,552001,44000,0,4000,0.39999999999999997,0,0.39999999999999997
12,196,1,10000000,191.66733263652412,995299.5876073022,6000000000,595363,596563,585001,11562,10047,1200,0,3.0141678318304064,3.0141678318304064
12,186,0,6000000,72.31232605856347,0,4000000000,596001,600001,555001,45000,0,4000,0.39999999999999997,0,0.39999999999999997
12,198,1,6000000,211.99848725875387,666510.2410329353,8000000000,600003,601603,591001,10602,9002,1600,0,2.7006336725005458,2.7006336725005458
12,189,0,9000000,147.73179650975607,0,3000000000,600001,603001,564001,39000,0,3000,0.3,0,0.3
12,192,0,3000000,150.78007627004314,0,6000000000,603001,609001,573001,36000,0,6000,0.6,0,0.6
12,200,1,5000000,234.98313854402403,442249.17552156677,8000000000,608511,610111,597001,13110,11306,1600,0,3.3917530727580765,3.3917530727580765
12,193,0,7000000,179.1321506597852,0,7000000000,609001,616001,576001,40000,0,7000,0.7,0,0.7
12,205,1,3000000,192.8085239298305,972100.7869849502,5000000000,615429,616429,612001,4428,3086,1000,0,0.9258299263303997,0.9258299263303997
12,204,1,6000000,202.82282810374184,794847.0264778744,10000000000,616550,618550,609001,9549,7549,2000,0,2.2645866940915145,2.2645866940915145
12,194,0,9000000,189.46560743311696,0,3000000000,616001,619001,579001,40000,0,3000,0.3,0,0.3
12,195,0,3000000,187.3850180777534,0,2000000000,619001,621001,582001,39000,0,2000,0.19999999999999998,0,0.19999999999999998
12,208,1,6000000,199.5119094189618,848620.2858576692,5000000000,628071,629071,621001,8070,7070,1000,0,2.1210899974902278,2.1210899974902278
12,199,0,8000000,225.94405900576356,0,10000000000,621001,631001,594001,37000,0,10000,0.9999999999999999,0,0.9999999999999999
12,209,1,8000000,178.91846550873396,1307922.3720746343,4000000000,631641,632441,624001,8440,6117,800,0,1.8349712882371647,1.8349712882371647
12,212,1,10000000,89.50802645573185,18486704.630500644,6000000000,634241,635441,633001,2440,541,1200,0,0.16227878683420907,0.16227878683420907
12,201,0,10000000,248.58741018000086,0,7000000000,631001,638001,600001,38000,0,7000,0.7,0,0.7
12,213,1,2000000,71.97397098951814,38222146.72301417,3000000000,637641,638241,636001,2240,52,600,0,0.015697705425810903,0.015697705425810903
12,214,1,9000000,70.26070381087858,41162946.888799414,4000000000,640288,641088,639001,2087,219,800,0,0.06559297144818073,0.06559297144818073
12,215,1,8000000,85.4473621594019,21740230.35279163,8000000000,642369,643969,642001,1968,368,1600,0,0.1103944144589903,0.1103944144589903
12,202,0,8000000,230.32643378474825,0,9000000000,638001,647001,603001,44000,0,9000,0.8999999999999999,0,0.8999999999999999
12,203,0,3000000,218.03641530716837,0,3000000000,647001,650001,606001,44000,0,3000,0.3,0,0.3
12,217,1,10000000,119.0770175138763,6431743.175542848,5000000000,649556,650556,648001,2555,1555,1000,0,0.4664365348740461,0.4664365348740461
12,206,0,4000000,189.31521333479776,0,4000000000,650001,654001,615001,39000,0,4000,0.39999999999999997,0,0.39999999999999997
12,218,1,7000000,147.34589407241728,2813816.0187990516,4000000000,653489,654289,651001,3288,2488,800,0,0.7463174514502511,0.7463174514502511
12,207,0,4000000,192.61789584563536,0,4000000000,654001,658001,618001,40000,0,4000,0.39999999999999997,0,0.39999999999999997
12,219,1,6000000,177.51052081496468,1349524.013769784,9000000000,659508,661308,654001,7307,4446,1800,0,1.333803609001257,1.333803609001257
12,210,0,2000000,146.39415425487454,0,8000000000,658001,666001,627001,39000,0,8000,0.7999999999999999,0,0.7999999999999999
12,222,1,7000000,181.93324599973477,1224073.5214806758,5000000000,668720,669720,663001,6719,5719,1000,0,1.7155832253113175,1.7155832253113175
12,211,0,6000000,115.88951031046767,0,5000000000,666001,671001,630001,41000,0,5000,0.49999999999999994,0,0.49999999999999994
12,223,1,7000000,158.7823809495247,2097048.7980837026,6000000000,670120,671320,666001,5319,3338,1200,0,1.0014073119895894,1.0014073119895894
12,224,1,8000000,133.42761670658737,4145936.1971031697,3000000000,671320,671920,669001,2919,1930,600,0,0.578880109558106,0.578880109558106
12,216,0,8000000,106.01704485600413,0,3000000000,671001,674001,645001,29000,0,3000,0.3,0,0.3
12,226,1,6000000,91.06032780525226,17394594.376602765,6000000000,676257,677457,675001,2456,345,1200,0,0.1034804239195802,0.1034804239195802
12,220,0,5000000,202.0252350574056,0,7000000000,674001,681001,657001,24000,0,7000,0.7,0,0.7
12,229,1,5000000,71.21440303758786,39497060.91312718,3000000000,684128,684728,684001,727,127,600,0,0.03797750934681478,0.03797750934681478
12,221,0,2000000,208.8393365723996,0,8000000000,681001,689001,660001,29000,0,8000,0.7999999999999999,0,0.7999999999999999
12,225,0,2000000,109.71990202328838,0,2000000000,689001,691001,672001,19000,0,2000,0.19999999999999998,0,0.19999999999999998
12,231,1,8000000,88.67668521093916,19104249.9195276,2000000000,691992,692392,690001,2391,419,400,0,0.12562649725110725,0.12562649725110725
12,227,0,3000000,77.83028330926211,0,10000000000,691001,701001,678001,23000,0,10000,0.9999999999999999,0,0.9999999999999999
12,228,0,2000000,68.9352812426264,0,3000000000,701001,704001,681001,23000,0,3000,0.3,0,0.3
12,235,1,3000000,181.5209629767317,1235137.2766204013,5000000000,707780,708780,702001,6779,2429,1000,0,0.7286639445152135,0.7286639445152135
12,230,0,10000000,84.97751820334597,0,9000000000,704001,713001,687001,26000,0,9000,0.8999999999999999,0,0.8999999999999999
12,236,1,4000000,211.17732927565876,676888.9286769222,9000000000,713780,715580,705001,10579,5909,1800,0,1.772816704722257,1.772816704722257
12,232,0,5000000,107.7492835243001,0,3000000000,713001,716001,693001,23000,0,3000,0.3,0,0.3
12,239,1,8000000,176.35123163732086,1385019.3220930973,7000000000,719777,721177,714001,7176,5776,1400,0,1.7328278109312027,1.7328278109312027
12,241,1,9000000,122.13697761120507,5835423.119717769,4000000000,722377,723177,720001,3176,1542,800,0,0.46269138408777216,0.46269138408777216
12,233,0,7000000,129.2551654673808,0,10000000000,716001,726001,696001,30000,0,10000,0.9999999999999999,0,0.9999999999999999
12,242,1,4000000,97.27441852820303,13715437.590621445,9000000000,725977,727777,723001,4776,292,1800,0,0.08749265140621941,0.08749265140621941
12,243,1,6000000,77.30673709321842,30438895.16125597,5000000000,730377,731377,726001,5376,197,1000,0,0.059134866441904334,0.059134866441904334
12,234,0,2000000,153.03211460343874,0,10000000000,726001,736001,699001,37000,0,10000,0.9999999999999999,0,0.9999999999999999
12,246,1,6000000,102.93321427022472,11141717.552815126,2000000000,740777,741177,735001,6176,539,400,0,0.16155498391226067,0.16155498391226067
12,237,0,10000000,207.5815418094778,0,10000000000,736001,746001,708001,38000,0,10000,0.9999999999999999,0,0.9999999999999999
12,247,1,6000000,127.69200014096423,4915961.77540055,7000000000,746977,748377,738001,10376,1221,1400,0,0.36615418960480767,0.36615418960480767
12,238,0,9000000,198.1085543332241,0,10000000000,746001,756001,711001,45000,0,10000,0.9999999999999999,0,0.9999999999999999
12,240,0,3000000,149.0960016231153,0,6000000000,756001,762001,717001,45000,0,6000,0.6,0,0.6
12,244,0,7000000,68.02405236385144,0,3000000000,762001,765001,729001,36000,0,3000,0.3,0,0.3
12,255,1,2000000,213.22245660342628,651405.8313053065,10000000000,766636,768636,762001,6635,3070,2000,0,0.9210847848839517,0.9210847848839517
12,245,0,4000000,80.63098969999066,0,6000000000,765001,771001,732001,39000,0,6000,0.6,0,0.6
12,257,1,2000000,192.70673314650944,974142.5144236841,6000000000,772836,774036,768001,6035,2053,1200,0,0.6159263055621468,0.6159263055621468
12,248,0,7000000,151.09244355691652,0,5000000000,771001,776001,741001,35000,0,5000,0.49999999999999994,0,0.49999999999999994
12,249,0,6000000,176.86904675493673,0,3000000000,776001,779001,744001,35000,0,3000,0.3,0,0.3
12,250,0,3000000,199.4084383871455,0,3000000000,779001,782001,747001,35000,0,3000,0.3,0,0.3
12,251,0,7000000,216.08317310702378,0,7000000000,782001,789001,750001,39000,0,7000,0.7,0,0.7
12,260,1,8000000,199.5008513766295,848807.3499122098,6000000000,791436,792636,777001,15635,9425,1200,0,2.8274967226052254,2.8274967226052254
12,252,0,2000000,232.56066262375504,0,6000000000,789001,795001,753001,42000,0,6000,0.6,0,0.6
12,253,0,6000000,250.0185273134773,0,3000000000,795001,798001,756001,42000,0,3000,0.3,0,0.3
12,262,1,7000000,198.18912381863944,871366.4407406861,3000000000,798036,798636,783001,15635,8033,600,0,2.4100078931372897,2.4100078931372897
12,263,1,7000000,192.49860700794693,978333.7687079244,4000000000,799636,800436,786001,14435,7155,800,0,2.146506710867651,2.146506710867651
12,254,0,3000000,229.94667077389929,0,8000000000,798001,806001,759001,47000,0,8000,0.7999999999999999,0,0.7999999999999999
12,268,1,6000000,193.35415718313376,961246.7952025068,6000000000,807243,808443,801001,7442,6242,1200,0,1.8725680116528163,1.8725680116528163
12,256,0,9000000,202.38985399470994,0,9000000000,806001,815001,765001,50000,0,9000,0.8999999999999999,0,0.8999999999999999
12,258,0,7000000,188.78181718587203,0,4000000000,815001,819001,771001,48000,0,4000,0.39999999999999997,0,0.39999999999999997
12,269,1,10000000,201.44591557040812,816678.6144689837,9000000000,819176,820976,804001,16975,12245,1800,0,3.6734156458237166,3.6734156458237166
12,259,0,9000000,191.65000104356903,0,3000000000,819001,822001,774001,48000,0,3000,0.3,0,0.3
12,261,0,5000000,210.72596233022642,0,6000000000,822001,828001,780001,48000,0,6000,0.6,0,0.6
12,277,1,3000000,124.79110384959343,5372043.156182032,4000000000,829046,829846,828001,1845,558,800,0,0.16753402268637757,0.16753402268637757
12,275,1,9000000,184.66292129174175,1153848.9188039808,9000000000,829846,831646,822001,9645,7800,1800,0,2.339994392678964,2.339994392678964
12,264,0,2000000,193.16037533614391,0,7000000000,828001,835001,789001,46000,0,7000,0.7,0,0.7
12,272,1,8000000,248.8367418610041,351907.0874563,7000000000,835734,837134,813001,24133,22733,1400,0,6.819981993963203,6.819981993963203
12,265,0,3000000,199.08986237375322,0,3000000000,835001,838001,792001,46000,0,3000,0.3,0,0.3
12,281,1,2000000,89.79805120379838,18276737.007273253,10000000000,840755,842755,840001,2754,109,2000,0,0.03282861704259514,0.03282861704259514
12,266,0,3000000,196.61391430923703,0,8000000000,838001,846001,795001,51000,0,8000,0.7999999999999999,0,0.7999999999999999
12,282,1,5000000,119.49614763664978,6345814.3069961555,9000000000,844555,846355,843001,3354,788,1800,0,0.23637628323701101,0.23637628323701101
12,267,0,6000000,192.5221176904098,0,5000000000,846001,851001,798001,53000,0,5000,0.49999999999999994,0,0.49999999999999994
12,284,1,5000000,173.91353052594846,1463521.9498123887,9000000000,852417,854217,849001,5216,3416,1800,0,1.0249248398305795,1.0249248398305795
12,270,0,7000000,215.9405631186508,0,5000000000,851001,856001,807001,49000,0,5000,0.49999999999999994,0,0.49999999999999994
12,271,0,6000000,235.65959602782996,0,4000000000,856001,860001,810001,50000,0,4000,0.39999999999999997,0,0.39999999999999997
12,286,1,10000000,178.4613532392938,1321251.9835416405,7000000000,862570,863970,855001,8969,7569,1400,0,2.270573696289518,2.270573696289518
12,273,0,7000000,226.97422100317908,0,5000000000,860001,865001,816001,49000,0,5000,0.49999999999999994,0,0.49999999999999994
12,274,0,7000000,212.65857377495973,0,8000000000,865001,873001,819001,54000,0,8000,0.7999999999999999,0,0.7999999999999999
12,289,1,3000000,236.4370954397808,431502.9334187014,5000000000,873429,874429,864001,10428,6952,1000,0,2.0857332136064546,2.0857332136064546
12,293,1,2000000,180.43464994285324,1264890.0819592183,9000000000,878209,880009,876001,4008,1581,1800,0,0.47434951744632686,0.47434951744632686
12,290,1,6000000,224.4716400795432,530763.6342176767,5000000000,880009,881009,867001,14008,11304,1000,0,3.3913401068879265,3.3913401068879265
12,276,0,10000000,153.16801787579547,0,9000000000,873001,882001,825001,57000,0,9000,0.8999999999999999,0,0.8999999999999999
12,278,0,9000000,94.9386733633876,0,2000000000,882001,884001,831001,53000,0,2000,0.19999999999999998,0,0.19999999999999998
12,279,0,6000000,70.60632053860334,0,3000000000,884001,887001,834001,53000,0,3000,0.3,0,0.3
12,296,1,5000000,174.04258817887074,1459229.3628817028,2000000000,888427,888827,885001,3826,3426,400,0,1.027939841504959,1.027939841504959
12,294,1,10000000,183.8105342465442,1175226.668718857,7000000000,887510,888910,879001,9909,8509,1400,0,2.552699049342007,2.552699049342007
12,298,1,9000000,147.43450647660475,2807187.1935233586,5000000000,894207,895207,891001,4206,3206,1000,0,0.9618168700075802,0.9618168700075802
12,280,0,7000000,68.52631903144948,0,9000000000,887001,896001,837001,59000,0,9000,0.8999999999999999,0,0.8999999999999999
12,283,0,10000000,152.76593926657867,0,5000000000,896001,901001,846001,55000,0,5000,0.49999999999999994,0,0.49999999999999994
12,300,1,6000000,198.24753844625664,870346.0528111891,5000000000,903895,904895,897001,7894,6894,1000,0,2.0681428888958124,2.0681428888958124
12,285,0,2000000,174.0341161956471,0,8000000000,901001,909001,852001,57000,0,8000,0.7999999999999999,0,0.7999999999999999
12,305,1,4000000,181.95087908553782,1223603.0857246148,6000000000,915270,916470,912001,4469,3269,1200,0,0.9807101779980907,0.9807101779980907
12,304,1,5000000,204.65493739463014,766913.220544097,4000000000,916470,917270,909001,8269,6520,800,0,1.955892739645047,1.955892739645047
12,287,0,6000000,193.81614896597242,0,9000000000,909001,918001,858001,60000,0,9000,0.8999999999999999,0,0.8999999999999999
12,288,0,8000000,212.64044112068615,0,5000000000,918001,923001,861001,62000,0,5000,0.49999999999999994,0,0.49999999999999994
12,309,1,2000000,199.29186084735122,852352.428933116,3000000000,926763,927363,924001,3362,2346,600,0,0.7039341704592971,0.7039341704592971
12,291,0,8000000,203.89500655974874,0,7000000000,923001,930001,870001,60000,0,7000,0.7,0,0.7
12,292,0,5000000,188.74213228635517,0,3000000000,930001,933001,873001,60000,0,3000,0.3,0,0.3
12,310,1,4000000,214.88426582697952,631574.7098142738,5000000000,933334,934334,927001,7333,6333,1000,0,1.9000127480609257,1.9000127480609257
12,295,0,2000000,204.3177997630162,0,5000000000,933001,938001,882001,56000,0,5000,0.49999999999999994,0,0.49999999999999994
12,297,0,5000000,148.24045938946628,0,5000000000,938001,943001,888001,55000,0,5000,0.49999999999999994,0,0.49999999999999994
12,299,0,2000000,167.98716171184032,0,5000000000,943001,948001,894001,54000,0,5000,0.49999999999999994,0,0.49999999999999994
12,315,1,9000000,192.80283426339977,972214.7701022528,8000000000,951258,952858,942001,10857,9257,1600,0,2.777164144210674,2.777164144210674
12,316,1,9000000,176.96205977553493,1366174.1757921495,8000000000,952858,954458,945001,9457,6588,1600,0,1.9763219418449756,1.9763219418449756
12,301,0,3000000,187.73773222237455,0,7000000000,948001,955001,900001,55000,0,7000,0.7,0,0.7
12,317,1,7000000,163.04942594195168,1888733.3947640774,5000000000,954458,955458,948001,7457,3706,1000,0,1.1118562343534526,1.1118562343534526
12,318,1,3000000,151.6963061514683,2509967.6740807043,7000000000,955458,956858,951001,5857,1195,1400,0,0.35857035502643764,0.35857035502643764
12,302,0,7000000,165.7391595248389,0,2000000000,955001,957001,903001,54000,0,2000,0.19999999999999998,0,0.19999999999999998
12,314,1,10000000,209.59030941338867,697524.6657614834,2000000000,956858,957258,939001,18257,14336,400,0,4.300923174845607,4.300923174845607
12,319,1,9000000,152.02367841885686,2488784.7649759115,2000000000,957617,958017,954001,4016,3616,400,0,1.0848668145178608,1.0848668145178608
12,321,1,2000000,165.20061894557176,1793449.4019580465,5000000000,961827,962827,960001,2826,1115,1000,0,0.3345508378128393,0.3345508378128393
12,303,0,8000000,188.04333144251623,0,7000000000,957001,964001,906001,58000,0,7000,0.7,0,0.7
12,322,1,8000000,154.9446675429652,2309240.8167698625,3000000000,966465,967065,963001,4064,3464,600,0,1.0393026065410926,1.0393026065410926
12,306,0,5000000,173.0874903047589,0,7000000000,964001,971001,915001,56000,0,7000,0.7,0,0.7
12,325,1,5000000,100.65736982456873,12101140.49382407,2000000000,972414,972814,972001,813,413,400,0,0.12395525866058153,0.12395525866058153
12,307,0,9000000,177.38445704176002,0,4000000000,971001,975001,918001,57000,0,4000,0.39999999999999997,0,0.39999999999999997
12,328,1,6000000,108.66817381367929,9100261.306574956,5000000000,981660,982660,981001,1659,659,1000,0,0.19779651807355209,0.19779651807355209
12,308,0,10000000,186.33467095524654,0,9000000000,975001,984001,921001,63000,0,9000,0.8999999999999999,0,0.8999999999999999
12,311,0,3000000,234.04332761264527,0,5000000000,984001,989001,930001,59000,0,5000,0.49999999999999994,0,0.49999999999999994
12,312,0,5000000,246.99878967314802,0,3000000000,989001,992001,933001,59000,0,3000,0.3,0,0.3
12,331,1,4000000,157.49106133365157,2165641.847650991,10000000000,991848,993848,990001,3847,1847,2000,0,0.5541082433836442,0.5541082433836442
12,313,0,9000000,227.88675959783183,0,4000000000,992001,996001,936001,60000,0,4000,0.39999999999999997,0,0.39999999999999997
13,1,1,2000000,120.75001656314585,6096969.813949739,6000000000,602,1802,1,1801,328,1200,0,0.09840954085539552,0.09840954085539552
13,2,1,4000000,127.24996856581144,4982307.379901997,8000000000,5602,7202,3001,4201,803,1600,0,0.24085226151253725,0.24085226151253725
13,3,0,8000000,146.36605617423737,0,3000000000,6001,9001,6001,3000,0,3000,0.3,0,0.3
13,4,1,5000000,169.90728824862106,1604935.14492198,3000000000,12116,12716,9001,3715,3115,600,0,0.9346172054029752,0.9346172054029752
13,5,0,2000000,184.60826769134692,0,3000000000,12001,15001,12001,3000,0,3000,0.3,0,0.3
13,6,1,2000000,171.16096342332267,1558926.4944178583,6000000000,16691,17891,15001,2890,1283,1200,0,0.38488023787423975,0.38488023787423975
13,7,1,3000000,189.54850619300592,1040229.5452181884,4000000000,20885,21685,18001,3684,2884,800,0,0.8651936528213345,0.8651936528213345
13,8,0,2000000,209.98510637661897,0,9000000000,21001,30001,21001,9000,0,9000,0.8999999999999999,0,0.8999999999999999
13,9,0,5000000,230.29183767558936,0,8000000000,30001,38001,24001,14000,0,8000,0.7999999999999999,0,0.7999999999999999
13,11,1,4000000,222.88674904533917,545964.3221817887,7000000000,37327,38727,30001,8726,7326,1400,0,2.19794582035058,2.19794582035058
13,13,1,6000000,182.9835621032665,1196439.8883967304,9000000000,41016,42816,36001,6815,5015,1800,0,1.5044633812836685,1.5044633812836685
13,10,0,8000000,246.32989302965242,0,5000000000,38001,43001,27001,16000,0,5000,0.49999999999999994,0,0.49999999999999994
13,15,1,8000000,150.98788461330264,2556575.5083195004,5000000000,45130,46130,42001,4129,3129,1000,0,0.938755766137171,0.938755766137171
13,12,0,10000000,203.25237440187504,0,7000000000,43001,50001,33001,17000,0,7000,0.7,0,0.7
13,16,1,10000000,157.39635605693033,2170781.0970057547,9000000000,49608,51408,45001,6407,4607,1800,0,1.3819910280857062,1.3819910280857062
13,17,1,7000000,165.87394068991065,1764857.2539825845,9000000000,52086,53886,48001,5885,3966,1800,0,1.1898979338193676,1.1898979338193676
13,14,0,9000000,165.1147058865442,0,4000000000,50001,54001,39001,15000,0,4000,0.39999999999999997,0,0.39999999999999997
13,19,1,8000000,136.36094638861968,3809496.6306073368,9000000000,56101,57901,54001,3900,2100,1800,0,0.6300044947453793,0.6300044947453793
13,21,1,6000000,98.05623131652578,13320749.708629057,3000000000,60451,61051,60001,1050,450,600,0,0.13512752955893892,0.13512752955893892
13,18,0,9000000,164.20975001503413,0,8000000000,54001,62001,51001,11000,0,8000,0.7999999999999999,0,0.7999999999999999
13,20,0,8000000,113.08018615124398,0,6000000000,62001,68001,57001,11000,0,6000,0.6,0,0.6
13,23,1,7000000,105.36076878990588,10216725.903140495,10000000000,66686,68686,66001,2685,685,2000,0,0.2055453009025608,0.2055453009025608
13,24,1,5000000,125.59642232165692,5240418.967434671,3000000000,71086,71686,69001,2685,954,600,0,0.2862366557562269,0.2862366557562269
13,22,0,8000000,95.20716622187636,0,6000000000,68001,74001,63001,11000,0,6000,0.6,0,0.6
13,25,1,7000000,152.02736727313274,2488547.337205049,8000000000,74814,76414,72001,4413,2813,1600,0,0.8438658041998764,0.8438658041998764
13,26,0,6000000,181.81956027886542,0,3000000000,75001,78001,75001,3000,0,3000,0.3,0,0.3
13,27,1,6000000,213.64483471406467,646292.6821589533,7000000000,87285,88685,78001,10684,9284,1400,0,2.7851158611096523,2.7851158611096523
13,28,0,7000000,211.88263850537635,0,9000000000,81001,90001,81001,9000,0,9000,0.8999999999999999,0,0.8999999999999999
13,29,0,5000000,212.30544905866176,0,10000000000,90001,100001,84001,16000,0,10000,0.9999999999999999,0,0.9999999999999999
13,33,1,2000000,221.64078347632685,558297.1140666986,4000000000,99583,100383,96001,4382,3582,800,0,1.0746965815917136,1.0746965815917136
13,30,0,6000000,220.61269523760416,0,2000000000,100001,102001,87001,15000,0,2000,0.19999999999999998,0,0.19999999999999998
13,34,1,2000000,221.64078347632685,558297.1140666986,7000000000,102583,103983,99001,4982,3582,1400,0,1.0746965815917136,1.0746965815917136
13,31,1,8000000,221.64078347632685,558297.1140666986,2000000000,104330,104730,90001,14729,14329,400,0,4.298786326366854,4.298786326366854
13,32,0,6000000,221.64078347632685,0,6000000000,102001,108001,93001,15000,0,6000,0.6,0,0.6
13,35,0,5000000,223.22003427111997,0,9000000000,108001,117001,102001,15000,0,9000,0.8999999999999999,0,0.8999999999999999
13,39,1,10000000,134.00117312919318,4077364.2458240883,3000000000,118331,118931,114001,4930,2453,600,0,0.7357694380806199,0.7357694380806199
13,36,1,8000000,209.7801175040189,695015.7274838551,10000000000,118931,120931,105001,15930,11511,2000,0,3.4531592668969506,3.4531592668969506
13,37,0,10000000,183.15362950266638,0,5000000000,117001,122001,108001,14000,0,5000,0.49999999999999994,0,0.49999999999999994
13,38,0,9000000,157.70340040722007,0,4000000000,122001,126001,111001,15000,0,4000,0.39999999999999997,0,0.39999999999999997
13,43,1,3000000,92.98804277970375,16141401.028635914,4000000000,129331,130131,126001,4130,186,800,0,0.055757241791052736,0.055757241791052736
13,40,0,4000000,116.40936775019442,0,7000000000,126001,133001,117001,16000,0,7000,0.7,0,0.7
13,41,0,6000000,100.73682147060234,0,9000000000,133001,142001,120001,22000,0,9000,0.8999999999999999,0,0.8999999999999999
13,42,0,5000000,92.33013863305959,0,6000000000,142001,148001,123001,25000,0,6000,0.6,0,0.6
13,50,1,3000000,145.18573104819907,2981561.4427350992,8000000000,148007,149607,147001,2606,1006,1600,0,0.30185525848979183,0.30185525848979183
13,44,0,10000000,102.6083529738198,0,6000000000,148001,154001,129001,25000,0,6000,0.6,0,0.6
13,51,1,6000000,155.76107504765105,2261950.665890239,6000000000,154807,156007,150001,6006,2653,1200,0,0.7957733239471744,0.7957733239471744
13,52,1,10000000,169.17000679789547,1632780.9199548098,8000000000,159126,160726,153001,7725,6125,1600,0,1.837356110263115,1.837356110263115
13,45,0,5000000,119.13689646788687,0,10000000000,154001,164001,132001,32000,0,10000,0.9999999999999999,0,0.9999999999999999
13,54,1,8000000,202.33267704451498,802534.2868245495,6000000000,168969,170169,159001,11168,9968,1200,0,2.990526435320625,2.990526435320625
13,46,0,7000000,140.14973778070365,0,7000000000,164001,171001,135001,36000,0,7000,0.7,0,0.7
13,55,1,5000000,219.35553172874396,581833.5774463816,10000000000,172132,174132,162001,12131,8594,2000,0,2.578056781431167,2.578056781431167
13,47,0,4000000,163.98866820606847,0,7000000000,171001,178001,138001,40000,0,7000,0.7,0,0.7
13,56,1,4000000,205.69750314478782,751562.9129501383,9000000000,176229,178029,165001,13028,5322,1800,0,1.5966727193730124,1.5966727193730124
13,48,0,9000000,169.5314203916195,0,2000000000,178001,180001,141001,39000,0,2000,0.19999999999999998,0,0.19999999999999998
13,49,0,4000000,156.35581984691197,0,6000000000,180001,186001,144001,42000,0,6000,0.6,0,0.6
13,57,1,10000000,189.4460155294906,1042466.2365133583,7000000000,184629,186029,168001,18028,9593,1400,0,2.877791044853238,2.877791044853238
13,60,1,8000000,216.10116635501998,617528.6327728346,10000000000,189956,191956,177001,14955,12955,2000,0,3.886459465407281,3.886459465407281
13,53,0,9000000,184.80251432272232,0,7000000000,186001,193001,156001,37000,0,7000,0.7,0,0.7
13,58,0,2000000,174.94799798797354,0,8000000000,193001,201001,171001,30000,0,8000,0.7999999999999999,0,0.7999999999999999
13,67,1,3000000,201.44814345136066,816642.6911329031,4000000000,202317,203117,198001,5116,3674,800,0,1.1020731707663456,1.1020731707663456
13,59,0,8000000,208.8154833818604,0,6000000000,201001,207001,174001,33000,0,6000,0.6,0,0.6
13,61,0,10000000,208.47692462236674,0,9000000000,207001,216001,180001,36000,0,9000,0.8999999999999999,0,0.8999999999999999
13,62,0,2000000,190.79458509087726,0,5000000000,216001,221001,183001,38000,0,5000,0.49999999999999994,0,0.49999999999999994
13,63,0,9000000,175.101414328954,0,2000000000,221001,223001,186001,37000,0,2000,0.19999999999999998,0,0.19999999999999998
13,65,1,10000000,177.94693872050738,1336455.1493586125,3000000000,226429,227029,192001,35028,7482,600,0,2.2447442410916305,2.2447442410916305
13,64,0,7000000,162.5941776325339,0,6000000000,223001,229001,189001,40000,0,6000,0.6,0,0.6
13,66,0,7000000,207.60173433764948,0,8000000000,229001,237001,195001,42000,0,8000,0.7999999999999999,0,0.7999999999999999
13,68,0,5000000,196.51949343512973,0,8000000000,237001,245001,201001,44000,0,8000,0.7999999999999999,0,0.7999999999999999
13,69,0,4000000,193.88904868506626,0,3000000000,245001,248001,204001,44000,0,3000,0.3,0,0.3
13,72,1,6000000,168.63311418579684,1653436.5243817924,9000000000,247829,249629,213001,36628,3629,1800,0,1.0886417309990213,1.0886417309990213
13,71,1,8000000,196.12868020766365,908331.0779665459,5000000000,251029,252029,210001,42028,8807,1000,0,2.6422083953934608,2.6422083953934608
13,70,0,9000000,210.23303498736823,0,5000000000,248001,253001,207001,46000,0,5000,0.49999999999999994,0,0.49999999999999994
13,74,1,2000000,122.37966048326815,5791076.991267117,9000000000,252029,253829,219001,34828,345,1800,0,0.10360767106097772,0.10360767106097772
13,80,0,5000000,67.59417504489566,0,2000000000,253001,255001,237001,18000,0,2000,0.19999999999999998,0,0.19999999999999998
13,73,1,10000000,145.70692536732767,2939982.541204819,7000000000,253829,255229,216001,39228,3401,1400,0,1.020414222858135,1.020414222858135
13,75,1,6000000,101.5854659880044,11698437.992982842,3000000000,259629,260229,222001,38228,513,600,0,0.15386669579987575,0.15386669579987575
13,76,1,6000000,82.86060885607823,24155251.225786593,5000000000,261229,262229,225001,37228,248,1000,0,0.07451795815223962,0.07451795815223962
13,81,0,9000000,78.29342820441572,0,9000000000,255001,264001,240001,24000,0,9000,0.8999999999999999,0,0.8999999999999999
13,89,1,3000000,193.6315927218489,955785.7812728167,7000000000,268074,269474,264001,5473,3139,1400,0,0.9416335936714533,0.9416335936714533
13,77,1,5000000,76.96273448884202,30884475.40120213,2000000000,269229,269629,228001,41628,162,400,0,0.04856809061881021,0.04856809061881021
13,83,0,6000000,106.10602857519457,0,7000000000,264001,271001,246001,25000,0,7000,0.7,0,0.7
13,86,0,9000000,171.93845323254484,0,4000000000,271001,275001,255001,20000,0,4000,0.39999999999999997,0,0.39999999999999997
13,78,1,9000000,72.62003304873933,37172708.219255246,9000000000,274229,276029,231001,45028,242,1800,0,0.07263393304772493,0.07263393304772493
13,91,1,9000000,178.882322212118,1308970.222937989,4000000000,277653,278453,270001,8452,6876,800,0,2.0626901610793245,2.0626901610793245
13,79,1,8000000,65.61572982143836,50413881.74766192,9000000000,278629,280429,234001,46428,159,1800,0,0.04760593544478067,0.04760593544478067
13,92,1,10000000,179.41015913264224,1293770.4619913902,7000000000,280730,282130,273001,9129,7729,1400,0,2.318803905433392,2.318803905433392
13,88,0,2000000,215.83595738430608,0,8000000000,275001,283001,261001,22000,0,8000,0.7999999999999999,0,0.7999999999999999
13,95,1,2000000,212.6934312572911,657881.3574910185,2000000000,285041,285441,282001,3440,3040,400,0,0.9120185473688412,0.9120185473688412
13,94,1,9000000,196.9287487900129,893750.0834200443,4000000000,289071,289871,279001,10870,10070,800,0,3.0209787390095886,3.0209787390095886
13,90,0,8000000,183.99953478202053,0,10000000000,283001,293001,267001,26000,0,10000,0.9999999999999999,0,0.9999999999999999
13,93,0,9000000,185.56506702501952,0,5000000000,293001,298001,276001,22000,0,5000,0.49999999999999994,0,0.49999999999999994
13,82,1,5000000,88.84440894057435,18977757.621323466,4000000000,299229,300029,243001,57028,263,800,0,0.07903989659529614,0.07903989659529614
13,97,1,4000000,237.42609165801466,424379.0212261632,4000000000,299608,300408,288001,12407,9426,800,0,2.827660982234292,2.827660982234292
13,98,1,4000000,218.1101568015575,595181.3977907363,6000000000,300408,301608,291001,10607,6721,1200,0,2.016192045743197,2.016192045743197
13,96,1,8000000,231.86353572737568,466456.4128299558,7000000000,302152,303552,285001,18551,17151,1400,0,5.145175270373884,5.145175270373884
13,100,0,3000000,189.360801117866,0,7000000000,298001,305001,297001,8000,0,7000,0.7,0,0.7
13,101,1,6000000,181.86615655475867,1225865.4682272035,2000000000,305155,305555,300001,5554,4895,400,0,1.4683503587086815,1.4683503587086815
13,99,1,10000000,201.74382592783354,811892.3938053648,7000000000,306318,307718,294001,13717,12317,1400,0,3.6950709513842184,3.6950709513842184
13,84,1,7000000,127.36172109389857,4965431.1206927635,9000000000,309829,311629,249001,62628,1410,1800,0,0.42292400175455735,0.42292400175455735
13,102,1,10000000,179.8319977089728,1281780.5660409501,7000000000,310803,312203,303001,9202,7802,1400,0,2.3404942152197963,2.3404942152197963
13,85,1,2000000,149.95239144475156,2626644.213812244,3000000000,312229,312829,252001,60828,761,600,0,0.22842834855398073,0.22842834855398073
13,103,0,2000000,183.52826321850264,0,9000000000,306001,315001,306001,9000,0,9000,0.8999999999999999,0,0.8999999999999999
13,104,1,5000000,192.5600109056914,977094.8833653124,9000000000,314118,315918,309001,6917,5117,1800,0,1.5351630896210373,1.5351630896210373
13,87,1,7000000,195.91918538009492,912197.8974882714,9000000000,322029,323829,258001,65828,7674,1800,0,2.302132032733611,2.302132032733611
13,105,0,4000000,206.22745937435198,0,9000000000,315001,324001,312001,12000,0,9000,0.8999999999999999,0,0.8999999999999999
13,108,1,3000000,219.97145019297386,575370.1874533586,8000000000,326215,327815,321001,6814,5214,1600,0,1.5642103460095542,1.5642103460095542
13,106,0,10000000,223.69852793436078,0,9000000000,324001,333001,315001,18000,0,9000,0.8999999999999999,0,0.8999999999999999
13,110,1,7000000,184.55451904518623,1156540.6287147747,10000000000,333054,335054,327001,8053,6053,2000,0,1.815759816698926,1.815759816698926
13,107,1,7000000,233.11138796721195,456579.7935731484,9000000000,335054,336854,318001,18853,15331,1800,0,4.5994151067562745,4.5994151067562745
13,109,0,3000000,201.61695960409676,0,6000000000,333001,339001,324001,15000,0,6000,0.6,0,0.6
13,111,0,4000000,169.94905854402376,0,4000000000,339001,343001,330001,13000,0,4000,0.39999999999999997,0,0.39999999999999997
13,115,1,4000000,143.791617280007,3096400.335907821,9000000000,343293,345093,342001,3092,1292,1800,0,0.3875467865327488,0.3875467865327488
13,112,0,7000000,158.0739175196212,0,5000000000,343001,348001,333001,15000,0,5000,0.49999999999999994,0,0.49999999999999994
13,113,0,8000000,149.1284895652068,0,7000000000,348001,355001,336001,19000,0,7000,0.7,0,0.7
13,114,0,2000000,144.26475661089233,0,2000000000,355001,357001,339001,18000,0,2000,0.19999999999999998,0,0.19999999999999998
13,119,1,10000000,174.19643279929707,1454132.7545072648,6000000000,360878,362078,354001,8077,6877,1200,0,2.0630853618427394,2.0630853618427394
13,121,1,6000000,137.882489461135,3648218.4474343155,10000000000,362078,364078,360001,4077,1645,2000,0,0.49339150764557066,0.49339150764557066
13,122,1,2000000,123.26092365384909,5633462.0546995215,9000000000,364078,365878,363001,2877,355,1800,0,0.10650644207312458,0.10650644207312458
13,116,0,7000000,147.6768363691476,0,10000000000,357001,367001,345001,22000,0,10000,0.9999999999999999,0,0.9999999999999999
13,117,0,2000000,155.7989942201168,0,5000000000,367001,372001,348001,24000,0,5000,0.49999999999999994,0,0.49999999999999994
13,124,1,5000000,167.00117514556595,1718244.6785226855,3000000000,372222,372822,369001,3821,2910,600,0,0.8729839345637734,0.8729839345637734
13,118,0,9000000,167.50812666852914,0,2000000000,372001,374001,351001,23000,0,2000,0.19999999999999998,0,0.19999999999999998
13,126,1,2000000,137.02842953197708,3737687.187535453,6000000000,375536,376736,375001,1735,535,1200,0,0.16052707727947307,0.16052707727947307
13,127,1,9000000,122.2208697399917,5820046.55423168,7000000000,379547,380947,378001,2946,1546,1400,0,0.46391381492247086,0.46391381492247086
13,120,0,8000000,155.39565405763443,0,8000000000,374001,382001,357001,25000,0,8000,0.7999999999999999,0,0.7999999999999999
13,129,1,7000000,102.87385382107543,11165562.70553724,6000000000,384628,385828,384001,1827,627,1200,0,0.1880782953248353,0.1880782953248353
13,123,0,10000000,112.65615162963795,0,6000000000,382001,388001,366001,22000,0,6000,0.6,0,0.6
13,132,1,8000000,27.651692534092692,252375043.2436617,9000000000,393033,394833,393001,1832,32,1800,0,0.009509656617207039,0.009509656617207039
13,125,0,7000000,154.91055612836718,0,7000000000,388001,395001,372001,23000,0,7000,0.7,0,0.7
13,133,1,5000000,10.716254009680792,523724325.4256296,9000000000,396011,397811,396001,1810,10,1800,0,0.00286410221404353,0.00286410221404353
13,128,0,9000000,111.78645714038878,0,6000000000,395001,401001,381001,20000,0,6000,0.6,0,0.6
13,135,1,3000000,54.5634832099271,81970918.3201939,6000000000,402038,403238,402001,1237,37,1200,0,0.010979503687935151,0.010979503687935151
13,130,0,6000000,77.39062087876029,0,7000000000,401001,408001,387001,21000,0,7000,0.7,0,0.7
13,138,1,2000000,131.18929986854877,4427473.460714664,6000000000,411453,412653,411001,1652,452,1200,0,0.1355174695735275,0.1355174695735275
13,131,0,4000000,51.35078675151918,0,6000000000,408001,414001,390001,24000,0,6000,0.6,0,0.6
13,134,0,8000000,29.10222671892995,0,5000000000,414001,419001,399001,20000,0,5000,0.49999999999999994,0,0.49999999999999994
13,142,1,5000000,184.5894151894956,1155673.2792622442,3000000000,427327,427927,423001,4926,4326,600,0,1.2979446932939094,1.2979446932939094
13,136,0,7000000,78.70294340112065,0,10000000000,419001,429001,405001,24000,0,10000,0.9999999999999999,0,0.9999999999999999
13,137,0,8000000,104.91122008631866,0,7000000000,429001,436001,408001,28000,0,7000,0.7,0,0.7
13,139,0,4000000,157.5165492892731,0,3000000000,436001,439001,414001,25000,0,3000,0.3,0,0.3
13,145,1,5000000,233.144634293822,456320.23875884817,6000000000,443669,444869,432001,12868,10957,1200,0,3.2871651804878765,3.2871651804878765
13,140,0,10000000,176.48798259371657,0,9000000000,439001,448001,417001,31000,0,9000,0.8999999999999999,0,0.8999999999999999
13,141,0,6000000,177.81514558664563,0,5000000000,448001,453001,420001,33000,0,5000,0.49999999999999994,0,0.49999999999999994
13,143,0,8000000,196.7582336269565,0,4000000000,453001,457001,426001,31000,0,4000,0.39999999999999997,0,0.39999999999999997
13,146,1,9000000,230.65791987269805,476253.1674855788,5000000000,456057,457057,435001,22056,18898,1000,0,5.669253633009711,5.669253633009711
13,152,1,3000000,181.90891402017664,1224723.0474489252,9000000000,457057,458857,453001,5856,2450,1800,0,0.7348600174338866,0.7348600174338866
13,144,0,5000000,213.3316856446787,0,9000000000,457001,466001,429001,37000,0,9000,0.8999999999999999,0,0.8999999999999999
13,147,0,3000000,210.56797596025848,0,7000000000,466001,473001,438001,35000,0,7000,0.7,0,0.7
13,148,0,5000000,194.0628787274887,0,7000000000,473001,480001,441001,39000,0,7000,0.7,0,0.7
13,160,1,6000000,222.26401980527578,552085.2632061355,3000000000,488439,489039,477001,12038,10868,600,0,3.260365961494471,3.260365961494471
13,149,0,8000000,182.25454342759198,0,10000000000,480001,490001,444001,46000,0,10000,0.9999999999999999,0,0.9999999999999999
13,157,1,7000000,178.52842490763203,1319285.604413203,10000000000,488045,490045,468001,22044,5306,2000,0,1.5917705711145436,1.5917705711145436
13,150,0,3000000,176.04010366959002,0,2000000000,490001,492001,447001,45000,0,2000,0.19999999999999998,0,0.19999999999999998
13,159,1,3000000,210.06473216606355,691274.6495769665,7000000000,491045,492445,474001,18444,4340,1400,0,1.3019427235625745,1.3019427235625745
13,151,0,3000000,175.92421663886978,0,3000000000,492001,495001,450001,45000,0,3000,0.3,0,0.3
13,153,0,10000000,195.83800678111487,0,4000000000,495001,499001,456001,43000,0,4000,0.39999999999999997,0,0.39999999999999997
13,162,1,9000000,223.82785193089802,536873.7311240333,7000000000,499765,501165,483001,18164,16764,1400,0,5.029115494898785,5.029115494898785
13,163,1,6000000,245.19748163470194,373213.9116352876,10000000000,502134,504134,486001,18133,16077,2000,0,4.822971341322876,4.822971341322876
13,165,1,7000000,220.14410053417282,573574.4976252222,2000000000,504534,504934,492001,12933,12204,400,0,3.6612506460706618,3.6612506460706618
13,154,0,6000000,217.55842709488414,0,6000000000,499001,505001,459001,46000,0,6000,0.6,0,0.6
13,155,0,4000000,192.66913608567407,0,6000000000,505001,511001,462001,49000,0,6000,0.6,0,0.6
13,156,0,3000000,170.52768836760794,0,3000000000,511001,514001,465001,49000,0,3000,0.3,0,0.3
13,169,1,6000000,212.6887145572139,657939.452221721,5000000000,513120,514120,504001,10119,9119,1000,0,2.7358140538947535,2.7358140538947535
13,158,0,10000000,193.13000932014688,0,9000000000,514001,523001,471001,52000,0,9000,0.8999999999999999,0,0.8999999999999999
13,161,0,3000000,206.89702027820508,0,2000000000,523001,525001,480001,45000,0,2000,0.19999999999999998,0,0.19999999999999998
13,173,1,9000000,181.0769808672544,1247191.1124494607,7000000000,524162,525562,516001,9561,7216,1400,0,2.1648646891792303,2.1648646891792303
13,174,1,7000000,186.39916308824988,1111780.0914609,2000000000,526362,526762,519001,7761,6296,400,0,1.8888627491436374,1.8888627491436374
13,164,0,10000000,231.698460288367,0,3000000000,525001,528001,489001,39000,0,3000,0.3,0,0.3
13,166,0,9000000,237.62432640619946,0,5000000000,528001,533001,495001,38000,0,5000,0.49999999999999994,0,0.49999999999999994
13,176,1,5000000,214.4611883301965,636551.2330366931,10000000000,532856,534856,525001,9855,7855,2000,0,2.3564481885365143,2.3564481885365143
13,179,1,10000000,165.2850943067765,1789830.8418880862,9000000000,539588,541388,534001,7387,5587,1800,0,1.6761360514021038,1.6761360514021038
13,167,0,2000000,242.51554527493695,0,10000000000,533001,543001,498001,45000,0,10000,0.9999999999999999,0,0.9999999999999999
13,182,1,4000000,107.72335911955216,9403538.809088439,3000000000,543426,544026,543001,1025,425,600,0,0.12761153267535946,0.12761153267535946
13,177,1,10000000,213.85140869304558,643810.1962244301,4000000000,544026,544826,528001,16825,15533,800,0,4.659758446811256,4.659758446811256
13,183,1,6000000,95.95582994273983,14412889.48770039,3000000000,546417,547017,546001,1016,416,600,0,0.12488821214761109,0.12488821214761109
13,168,0,4000000,224.78644643305338,0,5000000000,543001,548001,501001,47000,0,5000,0.49999999999999994,0,0.49999999999999994
13,184,1,8000000,91.47595312430477,17115057.97303445,10000000000,549468,551468,549001,2467,467,2000,0,0.14022739530192121,0.14022739530192121
13,170,0,4000000,199.67802908682768,0,9000000000,548001,557001,507001,50000,0,9000,0.8999999999999999,0,0.8999999999999999
13,186,1,9000000,106.27909389903543,9890982.845236331,8000000000,555911,557511,555001,2510,910,1600,0,0.2729759056553583,0.2729759056553583
13,187,1,10000000,122.88333532257339,5700344.590745756,4000000000,559755,560555,558001,2554,1754,800,0,0.5262839732303833,0.5262839732303833
13,171,0,5000000,189.31388036802795,0,9000000000,557001,566001,510001,56000,0,9000,0.8999999999999999,0,0.8999999999999999
13,189,1,8000000,165.63200475753473,1775065.3437001302,8000000000,568508,570108,564001,6107,4507,1600,0,1.3520629020885457,1.3520629020885457
13,172,0,6000000,182.6990150493428,0,10000000000,566001,576001,513001,63000,0,10000,0.9999999999999999,0,0.9999999999999999
13,175,0,3000000,199.40686547859883,0,2000000000,576001,578001,522001,56000,0,2000,0.19999999999999998,0,0.19999999999999998
13,178,0,7000000,189.48403257266827,0,3000000000,578001,581001,531001,50000,0,3000,0.3,0,0.3
13,180,0,6000000,142.45653126480377,0,3000000000,581001,584001,537001,47000,0,3000,0.3,0,0.3
13,195,1,6000000,166.30933377294255,1746669.3990309131,2000000000,587264,587664,582001,5663,3435,400,0,1.0305327390510624,1.0305327390510624
13,181,0,2000000,123.19025326705028,0,4000000000,584001,588001,540001,48000,0,4000,0.39999999999999997,0,0.39999999999999997
13,196,1,6000000,149.68752286012355,2644947.1404600274,7000000000,588664,590064,585001,5063,2268,1400,0,0.6805429010150016,0.6805429010150016
13,185,0,3000000,95.14231498129524,0,7000000000,588001,595001,552001,43000,0,7000,0.7,0,0.7
13,199,1,7000000,153.30592584763318,2407916.005025884,2000000000,596908,597308,594001,3307,2907,400,0,0.872123444346401,0.872123444346401
13,188,0,8000000,143.10353070417236,0,3000000000,595001,598001,561001,37000,0,3000,0.3,0,0.3
13,190,0,5000000,169.74884182226396,0,6000000000,598001,604001,567001,37000,0,6000,0.6,0,0.6
13,191,0,4000000,157.15056506420842,0,2000000000,604001,606001,570001,36000,0,2000,0.19999999999999998,0,0.19999999999999998
13,192,0,8000000,137.60866615151826,0,5000000000,606001,611001,573001,38000,0,5000,0.49999999999999994,0,0.49999999999999994
13,202,1,5000000,201.59039287624793,814353.0684265735,3000000000,612391,612991,603001,9990,6140,600,0,1.841952904896862,1.841952904896862
13,193,0,5000000,140.58765308518383,0,3000000000,611001,614001,576001,38000,0,3000,0.3,0,0.3
13,205,1,6000000,188.30285207611703,1067824.2680941862,4000000000,621191,621991,612001,9990,5619,800,0,1.6856706236996977,1.6856706236996977
13,194,0,8000000,157.27266005253423,0,9000000000,614001,623001,579001,44000,0,9000,0.8999999999999999,0,0.8999999999999999
13,204,1,10000000,188.30285207611703,1067824.2680941862,5000000000,623991,624991,609001,15990,9365,1000,0,2.8094510394994963,2.8094510394994963
13,197,0,6000000,142.43429362341075,0,3000000000,623001,626001,588001,38000,0,3000,0.3,0,0.3
13,206,1,5000000,188.30285207611703,1067824.2680941862,10000000000,625591,627591,615001,12590,4682,2000,0,1.4047255197497481,1.4047255197497481
13,207,1,4000000,188.30285207611703,1067824.2680941862,9000000000,627591,629391,618001,11390,3746,1800,0,1.1237804157997984,1.1237804157997984
13,198,0,9000000,143.84068200616957,0,5000000000,626001,631001,591001,40000,0,5000,0.49999999999999994,0,0.49999999999999994
13,208,1,10000000,187.645882715289,1082745.0139981455,8000000000,631991,633591,621001,12590,9236,1600,0,2.7707354559151436,2.7707354559151436
13,210,1,8000000,186.22897304125374,1115818.4645144956,6000000000,634591,635791,627001,8790,7170,1200,0,2.150887511118814,2.150887511118814
13,211,1,7000000,202.8744185450694,794043.2566020731,10000000000,638817,640817,630001,10816,8816,2000,0,2.644692190934875,2.644692190934875
13,200,0,6000000,169.69161028171078,0,10000000000,631001,641001,597001,44000,0,10000,0.9999999999999999,0,0.9999999999999999
13,201,0,6000000,191.00746058727654,0,4000000000,641001,645001,600001,45000,0,4000,0.39999999999999997,0,0.39999999999999997
13,213,1,4000000,228.96092985485535,490481.87178027834,6000000000,644156,645356,636001,9355,8155,1200,0,2.446573602495069,2.446573602495069
13,203,0,8000000,188.36822051503276,0,3000000000,645001,648001,606001,42000,0,3000,0.3,0,0.3
13,215,1,5000000,189.8624270359989,1033415.799512802,7000000000,646839,648239,642001,6238,4838,1400,0,1.4514970650798704,1.4514970650798704
13,216,1,4000000,177.28984178457603,1356192.886011395,6000000000,648239,649439,645001,4438,2949,1200,0,0.8848298884159738,0.8848298884159738
13,209,0,2000000,182.46319628900505,0,2000000000,648001,650001,624001,26000,0,2000,0.19999999999999998,0,0.19999999999999998
13,217,1,2000000,170.33118475487686,1589192.177106228,7000000000,651439,652839,648001,4838,1259,1400,0,0.3775503105562378,0.3775503105562378
13,212,0,5000000,223.82464319194168,0,4000000000,650001,654001,633001,21000,0,4000,0.39999999999999997,0,0.39999999999999997
13,219,1,7000000,177.50486753889314,1349694.345136775,2000000000,659187,659587,654001,5586,5186,400,0,1.5559078302185454,1.5559078302185454
13,214,0,3000000,207.43376991223005,0,8000000000,654001,662001,639001,23000,0,8000,0.7999999999999999,0,0.7999999999999999
13,221,1,3000000,208.76417748263233,708577.1197722255,7000000000,664235,665635,660001,5634,4234,1400,0,1.2701510885495542,1.2701510885495542
13,222,1,2000000,230.07396832323295,481090.5768166606,10000000000,667158,669158,663001,6157,4157,2000,0,1.247166394258133,1.247166394258133
13,218,0,5000000,170.45972779515984,0,10000000000,662001,672001,651001,21000,0,10000,0.9999999999999999,0,0.9999999999999999
13,220,0,10000000,190.67738329440127,0,4000000000,672001,676001,657001,19000,0,4000,0.39999999999999997,0,0.39999999999999997
13,223,0,10000000,236.4762537761456,0,5000000000,676001,681001,666001,15000,0,5000,0.49999999999999994,0,0.49999999999999994
13,224,0,9000000,235.7351518123676,0,7000000000,681001,688001,669001,19000,0,7000,0.7,0,0.7
13,225,0,9000000,231.72034222312035,0,7000000000,688001,695001,672001,23000,0,7000,0.7,0,0.7
13,226,1,8000000,231.72034222312035,467606.75192203204,8000000000,694912,696512,675001,21511,17108,1600,0,5.132517847817929,5.132517847817929
13,228,0,7000000,228.84570566213384,0,3000000000,695001,698001,681001,17000,0,3000,0.3,0,0.3
13,231,1,3000000,184.87072375040887,1148710.7800442812,9000000000,696512,698312,690001,8311,2612,1800,0,0.7834870322757015,0.7834870322757015
13,227,1,7000000,231.72034222312035,467606.75192203204,5000000000,698312,699312,678001,21311,14970,1000,0,4.4909531168406875,4.4909531168406875
13,229,1,6000000,215.78498047825292,621140.4376597207,10000000000,699312,701312,684001,17311,9660,2000,0,2.897895372553564,2.897895372553564
13,230,0,9000000,198.1106097613149,0,6000000000,698001,704001,687001,17000,0,6000,0.6,0,0.6
13,232,0,3000000,177.43715986230166,0,2000000000,704001,706001,693001,13000,0,2000,0.19999999999999998,0,0.19999999999999998
13,234,1,6000000,199.42918166607413,850021.0010235494,2000000000,706060,706460,699001,7459,7059,400,0,2.1175947392270746,2.1175947392270746
13,237,1,10000000,120.01489990830308,6241388.717101401,9000000000,709603,711403,708001,3402,1602,1800,0,0.48066225899053555,0.48066225899053555
13,238,1,9000000,92.83009102656311,16240020.690227957,6000000000,711555,712755,711001,1754,554,1200,0,0.16625594582060232,0.16625594582060232
13,233,0,9000000,190.30208643102154,0,9000000000,706001,715001,696001,19000,0,9000,0.8999999999999999,0,0.8999999999999999
13,235,0,6000000,172.0488921789385,0,6000000000,715001,721001,702001,19000,0,6000,0.6,0,0.6
13,242,1,7000000,15.500012903220453,417401580.2180957,10000000000,723018,725018,723001,2017,17,2000,0,0.005031126137334537,0.005031126137334537
13,236,0,10000000,147.27750676868482,0,7000000000,721001,728001,705001,23000,0,7000,0.7,0,0.7
13,244,1,2000000,53.610302181577055,85462501.79720494,8000000000,729024,730624,729001,1623,23,1600,0,0.007020622932660544,0.007020622932660544
13,245,1,8000000,78.79148304226798,28596045.321383346,4000000000,732281,733081,732001,1080,280,800,0,0.08392768905724685,0.08392768905724685
13,239,0,2000000,66.0450126807468,0,8000000000,728001,736001,714001,22000,0,8000,0.7999999999999999,0,0.7999999999999999
13,247,1,9000000,131.31751787175995,4410724.1573302895,4000000000,741410,742210,738001,4209,2040,800,0,0.6121443789480248,0.6121443789480248
13,248,1,3000000,157.8943545539232,2143924.8825695394,2000000000,744341,744741,741001,3740,1399,400,0,0.41979082724266487,0.41979082724266487
13,240,0,7000000,48.93442551006396,0,9000000000,736001,745001,717001,28000,0,9000,0.8999999999999999,0,0.8999999999999999
13,250,1,2000000,204.3730065346204,771131.2009906466,3000000000,749595,750195,747001,3194,2594,600,0,0.7780777113274627,0.7780777113274627
13,241,0,4000000,25.83520466340457,0,9000000000,745001,754001,720001,34000,0,9000,0.8999999999999999,0,0.8999999999999999
13,243,0,7000000,36.416446833813936,0,9000000000,754001,763001,726001,37000,0,9000,0.8999999999999999,0,0.8999999999999999
13,255,1,3000000,73.2359836419229,36201219.345445074,10000000000,762084,764084,762001,2083,83,2000,0,0.024861041044277426,0.024861041044277426
13,257,1,6000000,21.93021659719757,317934134.2098509,10000000000,768020,770020,768001,2019,19,2000,0,0.005661550007750721,0.005661550007750721
13,246,0,7000000,105.89638567958774,0,8000000000,763001,771001,735001,36000,0,8000,0.7999999999999999,0,0.7999999999999999
13,249,0,10000000,185.2405527955474,0,3000000000,771001,774001,744001,30000,0,3000,0.3,0,0.3
13,259,1,5000000,37.993727113827674,166083125.39224353,9000000000,774200,776000,774001,1999,30,1800,0,0.009031621945079638,0.009031621945079638
13,251,0,8000000,179.5587327311039,0,3000000000,774001,777001,750001,27000,0,3000,0.3,0,0.3
13,252,0,7000000,152.2226382638272,0,3000000000,777001,780001,753001,27000,0,3000,0.3,0,0.3
13,261,1,9000000,91.25163067036118,17265273.925826013,5000000000,780522,781522,780001,1521,521,1000,0,0.15638327034946395,0.15638327034946395
13,253,0,2000000,124.94887594532415,0,7000000000,780001,787001,756001,31000,0,7000,0.7,0,0.7
13,263,1,10000000,143.28119625407945,3139807.1604114454,7000000000,789947,791347,786001,5346,3185,1400,0,0.9554726920257341,0.9554726920257341
13,254,0,5000000,97.74951099621929,0,8000000000,787001,795001,759001,36000,0,8000,0.7999999999999999,0,0.7999999999999999
13,266,1,10000000,148.20978274054644,2750006.3046286604,6000000000,798637,799837,795001,4836,3636,1200,0,1.0909065899051082,1.0909065899051082
13,256,0,4000000,46.554536835844516,0,10000000000,795001,805001,765001,40000,0,10000,0.9999999999999999,0,0.9999999999999999
13,268,1,6000000,188.45299599634913,1064450.2680515943,2000000000,806638,807038,801001,6037,5637,400,0,1.6910137129231795,1.6910137129231795
13,258,0,7000000,16.374006840110948,0,9000000000,805001,814001,771001,43000,0,9000,0.8999999999999999,0,0.8999999999999999
13,260,0,3000000,64.34239659819964,0,4000000000,814001,818001,777001,41000,0,4000,0.39999999999999997,0,0.39999999999999997
13,262,0,5000000,115.98948271287362,0,3000000000,818001,821001,783001,38000,0,3000,0.3,0,0.3
13,264,0,3000000,170.62966242714063,0,6000000000,821001,827001,789001,38000,0,6000,0.6,0,0.6
13,277,1,3000000,207.6013220092781,724506.9361374063,7000000000,833124,834524,828001,6523,4141,1400,0,1.242224132177681,1.242224132177681
13,265,0,8000000,124.55594245157468,0,9000000000,827001,836001,792001,44000,0,9000,0.8999999999999999,0,0.8999999999999999
13,267,0,4000000,178.53843423756132,0,4000000000,836001,840001,798001,42000,0,4000,0.39999999999999997,0,0.39999999999999997
13,280,1,2000000,192.12808748332463,985851.0188141314,3000000000,839404,840004,837001,3003,2029,600,0,0.6086112288261698,0.6086112288261698
13,276,1,9000000,221.75347979231344,557167.4289355783,5000000000,842226,843226,825001,18225,16153,1000,0,4.8459401246015466,4.8459401246015466
13,279,1,9000000,189.41887577535667,1043059.5194223459,10000000000,843626,845626,834001,11625,8628,2000,0,2.5885387647823586,2.5885387647823586
13,269,0,5000000,187.69072459767415,0,6000000000,840001,846001,804001,42000,0,6000,0.6,0,0.6
13,270,0,4000000,193.11818479884278,0,4000000000,846001,850001,807001,43000,0,4000,0.39999999999999997,0,0.39999999999999997
13,281,1,9000000,198.85095725190772,859892.1154266989,6000000000,852013,853213,840001,13212,10466,1200,0,3.1399287789261745,3.1399287789261745
13,284,1,6000000,144.3328597374833,3051178.470883667,2000000000,853213,853613,849001,4612,1966,400,0,0.5899359926588277,0.5899359926588277
13,271,0,5000000,203.25987552884118,0,9000000000,850001,859001,810001,49000,0,9000,0.8999999999999999,0,0.8999999999999999
13,283,1,9000000,178.51235615497322,1319756.3698044925,8000000000,860213,861813,846001,15812,6819,1600,0,2.0458321412761777,2.0458321412761777
13,272,0,10000000,217.10902790994214,0,3000000000,859001,862001,813001,49000,0,3000,0.3,0,0.3
13,285,1,10000000,111.57645629791251,8237980.9631389,4000000000,861813,862613,852001,10612,1214,800,0,0.364166901261801,0.364166901261801
13,288,1,5000000,74.6858654632857,34021872.81558493,10000000000,865613,867613,861001,6612,147,2000,0,0.044089283624412105,0.044089283624412105
13,273,0,4000000,228.19667394596277,0,9000000000,862001,871001,816001,55000,0,9000,0.8999999999999999,0,0.8999999999999999
13,291,1,2000000,133.97831018489524,4080070.84475158,4000000000,871613,872413,870001,2412,490,800,0,0.1470562700576175,0.1470562700576175
13,292,1,4000000,168.40154393591524,1662445.6980786794,4000000000,875613,876413,873001,3412,2406,800,0,0.7218280882117613,0.7218280882117613
13,274,0,8000000,243.88903583392178,0,6000000000,871001,877001,819001,58000,0,6000,0.6,0,0.6
13,293,1,2000000,192.36083723045087,981120.5361831011,3000000000,878754,879354,876001,3353,2038,600,0,0.6115456540479806,0.6115456540479806
13,275,0,4000000,238.31158196780962,0,5000000000,877001,882001,822001,60000,0,5000,0.49999999999999994,0,0.49999999999999994
13,278,0,3000000,194.6882071415728,0,2000000000,882001,884001,831001,53000,0,2000,0.19999999999999998,0,0.19999999999999998
13,297,1,2000000,135.57720641759806,3895993.2711983626,6000000000,888514,889714,888001,1713,513,1200,0,0.15400437275792495,0.15400437275792495
13,282,0,2000000,199.24665768840399,0,6000000000,884001,890001,843001,47000,0,6000,0.6,0,0.6
13,298,1,10000000,109.75112254551202,8767006.960348386,3000000000,892514,893114,891001,2113,1141,600,0,0.34219204040426415,0.34219204040426415
13,286,0,8000000,84.32764967672225,0,5000000000,890001,895001,855001,40000,0,5000,0.49999999999999994,0,0.49999999999999994
13,299,1,8000000,90.52809066803522,17760367.203355573,9000000000,895249,897049,894001,3048,450,1800,0,0.13513234115714418,0.13513234115714418
13,300,1,8000000,76.1493125379343,31967105.158576716,2000000000,897251,897651,897001,650,250,400,0,0.0750771766193563,0.0750771766193563
13,301,1,7000000,68.40424840607491,44624791.02531384,3000000000,900559,901159,900001,1158,157,600,0,0.047059043902497044,0.047059043902497044
13,302,1,4000000,74.02849248769017,34991691.969892316,6000000000,903115,904315,903001,1314,114,1200,0,0.03429385469649506,0.03429385469649506
13,287,0,9000000,69.42521515991147,0,10000000000,895001,905001,858001,47000,0,10000,0.9999999999999999,0,0.9999999999999999
13,303,1,10000000,86.07409889159459,21197453.577032495,6000000000,906638,907838,906001,1837,472,1200,0,0.14152643330944756,0.14152643330944756
13,289,0,4000000,94.77666590464133,0,8000000000,905001,913001,864001,49000,0,8000,0.7999999999999999,0,0.7999999999999999
13,290,0,8000000,110.81225789595658,0,2000000000,913001,915001,867001,48000,0,2000,0.19999999999999998,0,0.19999999999999998
13,294,0,8000000,216.23990866627736,0,3000000000,915001,918001,879001,39000,0,3000,0.3,0,0.3
13,295,0,6000000,186.88923992568436,0,4000000000,918001,922001,882001,40000,0,4000,0.39999999999999997,0,0.39999999999999997
13,307,1,7000000,146.01357539626235,2915853.5804418684,9000000000,921558,923358,918001,5357,2401,1800,0,0.7202007721120778,0.7202007721120778
13,296,0,2000000,163.2597010900118,0,6000000000,922001,928001,885001,43000,0,6000,0.6,0,0.6
13,310,1,5000000,199.5173157898833,848528.8473411741,4000000000,932894,933694,927001,6693,5893,800,0,1.7677654739731956,1.7677654739731956
13,309,1,8000000,207.59229272783708,724632.363792412,3000000000,935041,935641,924001,11640,11040,600,0,3.312024303523292,3.312024303523292
13,304,0,9000000,95.882553678967,0,9000000000,928001,937001,909001,28000,0,9000,0.8999999999999999,0,0.8999999999999999
13,305,0,8000000,119.77254485064594,0,5000000000,937001,942001,912001,30000,0,5000,0.49999999999999994,0,0.49999999999999994
13,312,1,7000000,196.51949343512973,901171.9168702166,8000000000,940769,942369,933001,9368,7768,1600,0,2.330298981456647,2.330298981456647
13,306,0,5000000,136.70555877505495,0,9000000000,942001,951001,915001,36000,0,9000,0.8999999999999999,0,0.8999999999999999
13,317,1,3000000,212.41809362669647,661283.3769260308,9000000000,952538,954338,948001,6337,4537,1800,0,1.3609899044848837,1.3609899044848837
13,308,0,8000000,171.38219860884033,0,4000000000,951001,955001,921001,34000,0,4000,0.39999999999999997,0,0.39999999999999997
13,318,1,2000000,194.21881474254755,944353.7910284093,9000000000,954338,956138,951001,5137,2118,1800,0,0.6353551028228467,0.6353551028228467
13,319,1,4000000,182.70131307683587,1203788.903357305,6000000000,957324,958524,954001,4523,3323,1200,0,0.996852518455073,0.996852518455073
13,315,1,10000000,226.44058668887075,512607.21464846557,7000000000,961509,962909,942001,20908,19508,1400,0,5.852434211362655,5.852434211362655
13,311,0,4000000,196.51949343512973,0,8000000000,955001,963001,930001,33000,0,8000,0.7999999999999999,0,0.7999999999999999
13,313,0,3000000,192.39591809599287,0,3000000000,963001,966001,936001,30000,0,3000,0.3,0,0.3
13,314,0,9000000,204.55625436539455,0,2000000000,966001,968001,939001,29000,0,2000,0.19999999999999998,0,0.19999999999999998
13,323,1,5000000,181.3575123892032,1239557.9364344885,10000000000,970035,972035,966001,6034,4034,2000,0,1.2101088266310946,1.2101088266310946
13,316,0,7000000,235.66746444938047,0,9000000000,968001,977001,945001,32000,0,9000,0.8999999999999999,0,0.8999999999999999
13,324,1,9000000,184.32271916397065,1162322.6553657383,7000000000,976744,978144,969001,9143,7743,1400,0,2.3229350194076823,2.3229350194076823
13,326,1,3000000,184.54139183391888,1156867.1173303758,10000000000,978144,980144,975001,5143,2593,2000,0,0.7779631614708431,0.7779631614708431
13,320,0,10000000,179.1625432393724,0,7000000000,977001,984001,957001,27000,0,7000,0.7,0,0.7
13,328,1,6000000,173.26583535134674,1485303.441848591,9000000000,985041,986841,981001,5840,4040,1800,0,1.2118735803639837,1.2118735803639837
13,321,0,5000000,183.97342661373682,0,6000000000,984001,990001,960001,30000,0,6000,0.6,0,0.6
13,329,1,10000000,174.5087608115994,1443853.7140256078,3000000000,990927,991527,984001,7526,6926,600,0,2.077772817881738,2.077772817881738
13,322,0,10000000,177.42552944827307,0,2000000000,990001,992001,963001,29000,0,2000,0.19999999999999998,0,0.19999999999999998
13,331,1,4000000,200.34132998460404,834734.5330303035,3000000000,994793,995393,990001,5392,4792,600,0,1.4375827913141292,1.4375827913141292
13,325,0,8000000,184.32271916397065,0,5000000000,992001,997001,972001,25000,0,5000,0.49999999999999994,0,0.49999999999999994
14,2,1,2000000,196.7388637254978,897184.1397570916,3000000000,5564,6164,3001,3163,2229,600,0,0.6687590355336054,0.6687590355336054
14,1,1,8000000,199.09251116001323,855751.1734218107,4000000000,9350,10150,1,10149,9349,800,0,2.8045535601234977,2.8045535601234977
14,3,1,9000000,192.60199635517802,976248.9088888824,4000000000,15491,16291,6001,10290,9219,800,0,2.7656881102924915,2.7656881102924915
14,4,1,6000000,193.20777054766714,964143.9128397126,2000000000,16291,16691,9001,7690,6223,400,0,1.8669412066279851,1.8669412066279851
14,6,0,4000000,215.19817331938486,0,2000000000,15001,17001,15001,2000,0,2000,0.19999999999999998,0,0.19999999999999998
14,5,1,6000000,201.01072458951037,823733.7374855722,3000000000,19657,20257,12001,8256,7284,600,0,2.1851721230873187,2.1851721230873187
14,7,0,5000000,234.59019523415725,0,3000000000,18001,21001,18001,3000,0,3000,0.3,0,0.3
14,8,0,4000000,250.12917342845077,0,6000000000,21001,27001,21001,6000,0,6000,0.6,0,0.6
14,9,0,7000000,228.16453054758537,0,4000000000,27001,31001,24001,7000,0,4000,0.39999999999999997,0,0.39999999999999997
14,10,1,3000000,214.0234410058861,641751.8783819331,7000000000,36119,37519,27001,10518,4675,1400,0,1.402411165930975,1.402411165930975
14,12,0,3000000,155.26957783158937,0,5000000000,33001,38001,33001,5000,0,5000,0.49999999999999994,0,0.49999999999999994
14,13,1,10000000,126.84310347827352,5044346.325697881,6000000000,45319,46519,36001,10518,1982,1200,0,0.594725224300485,0.594725224300485
14,11,1,10000000,186.767198940285,1103109.1131463766,5000000000,48519,49519,30001,19518,9065,1000,0,2.7195859088165437,2.7195859088165437
14,14,1,5000000,97.27600834738234,13714621.064895501,10000000000,51319,53319,39001,14318,365,2000,0,0.10937232555695328,0.10937232555695328
14,16,0,9000000,67.31858584373263,0,10000000000,45001,55001,45001,10000,0,10000,0.9999999999999999,0,0.9999999999999999
14,15,1,5000000,72.17717090604205,37888661.61868028,8000000000,54319,55919,42001,13918,132,1600,0,0.03958968028737266,0.03958968028737266
14,17,1,4000000,87.251455575251,20219382.044551123,6000000000,58319,59519,48001,11518,198,1200,0,0.059348994808839144,0.059348994808839144
14,18,0,2000000,116.2517311699056,0,6000000000,55001,61001,51001,10000,0,6000,0.6,0,0.6
14,22,1,2000000,191.44625355435923,999873.2102055883,3000000000,66381,66981,63001,3980,2000,600,0,0.6000760835232614,0.6000760835232614
14,19,1,6000000,149.07828178510775,2687649.0038583763,5000000000,66719,67719,54001,13718,2232,1000,0,0.6697303098045647,0.6697303098045647
14,20,0,4000000,176.37795128643486,0,8000000000,61001,69001,57001,12000,0,8000,0.7999999999999999,0,0.7999999999999999
14,23,1,8000000,157.51920676539734,2164117.421846386,9000000000,70060,71860,66001,5859,3697,1800,0,1.108997125466678,1.108997125466678
14,26,1,9000000,81.85536573737852,25175078.130826313,10000000000,75860,77860,75001,2859,357,2000,0,0.10724892236556403,0.10724892236556403
14,24,0,9000000,128.5562931170621,0,10000000000,69001,79001,69001,10000,0,10000,0.9999999999999999,0,0.9999999999999999
14,27,1,4000000,62.38667966801887,58102521.30915105,8000000000,78070,79670,78001,1669,69,1600,0,0.020653148485847237,0.020653148485847237
14,25,0,7000000,103.75044385447221,0,5000000000,79001,84001,72001,12000,0,5000,0.49999999999999994,0,0.49999999999999994
14,28,1,5000000,47.62449894749548,110781591.73477562,8000000000,83470,85070,81001,4069,45,1600,0,0.013540155692934793,0.013540155692934793
14,29,1,5000000,49.575006807866394,101855108.00829852,2000000000,87270,87670,84001,3669,49,400,0,0.014726801918248315,0.014726801918248315
14,31,0,2000000,85.69518189490003,0,3000000000,90001,93001,90001,3000,0,3000,0.3,0,0.3
14,21,1,10000000,208.7757265584292,708421.1115480915,7000000000,92719,94119,60001,34118,14116,1400,0,4.234769335775708,4.234769335775708
14,30,1,2000000,66.79511434229305,47874870.23725773,8000000000,93270,94870,87001,7869,42,1600,0,0.012532671044882773,0.012532671044882773
14,32,0,5000000,78.23246640621781,0,2000000000,93001,95001,93001,2000,0,2000,0.19999999999999998,0,0.19999999999999998
14,33,1,2000000,78.72712366141671,28673297.507036865,3000000000,105870,106470,96001,10469,70,600,0,0.020925392339431866,0.020925392339431866
14,34,1,7000000,88.90298645152481,18933808.9739652,3000000000,109270,109870,99001,10869,370,600,0,0.11091270662377496,0.11091270662377496
14,35,0,2000000,105.44413592040105,0,9000000000,102001,111001,102001,9000,0,9000,0.8999999999999999,0,0.8999999999999999
14,38,0,9000000,173.96286097900318,0,4000000000,111001,115001,111001,4000,0,4000,0.39999999999999997,0,0.39999999999999997
14,36,1,10000000,127.92223653454472,4881833.682502438,2000000000,114870,115270,105001,10269,2048,400,0,0.6145231884389379,0.6145231884389379
14,39,0,7000000,185.7547334524749,0,2000000000,115001,117001,114001,3000,0,2000,0.19999999999999998,0,0.19999999999999998
14,37,1,4000000,152.87575510851943,2434678.540573126,3000000000,118270,118870,108001,10869,1643,600,0,0.49287820958799705,0.49287820958799705
14,40,0,10000000,213.25083821640658,0,5000000000,117001,122001,117001,5000,0,5000,0.49999999999999994,0,0.49999999999999994
14,41,0,5000000,203.3900088499924,0,6000000000,122001,128001,120001,8000,0,6000,0.6,0,0.6
14,43,1,9000000,151.78970749033022,2503901.3942941516,8000000000,129595,131195,126001,5194,3594,1600,0,1.078317223734415,1.078317223734415
14,45,1,5000000,117.01711755123695,6875231.872869766,3000000000,135117,135717,132001,3716,727,600,0,0.21817445981991154,0.21817445981991154
14,42,0,10000000,178.37692956209335,0,10000000000,128001,138001,123001,15000,0,10000,0.9999999999999999,0,0.9999999999999999
14,44,0,6000000,126.74562596003067,0,2000000000,138001,140001,129001,11000,0,2000,0.19999999999999998,0,0.19999999999999998
14,47,1,7000000,164.72230025105887,1814110.596813285,4000000000,142214,143014,138001,5013,3859,800,0,1.1575920474137111,1.1575920474137111
14,46,0,8000000,139.29438646262813,0,5000000000,140001,145001,135001,10000,0,5000,0.49999999999999994,0,0.49999999999999994
14,49,0,5000000,153.9381934413939,0,3000000000,145001,148001,144001,4000,0,3000,0.3,0,0.3
14,48,1,6000000,180.14949153411453,1272847.475950642,6000000000,148046,149246,141001,8245,4714,1200,0,1.4141521541342945,1.4141521541342945
14,50,0,5000000,124.0891880866339,0,5000000000,148001,153001,147001,6000,0,5000,0.49999999999999994,0,0.49999999999999994
14,51,1,2000000,142.46025164936364,3211207.9276728877,10000000000,151014,153014,150001,3013,623,2000,0,0.18684557758762468,0.18684557758762468
14,52,0,6000000,165.69315737229462,0,4000000000,153001,157001,153001,4000,0,4000,0.39999999999999997,0,0.39999999999999997
14,53,1,5000000,181.63154819579114,1232157.5219210468,5000000000,160155,161155,156001,5154,4058,1000,0,1.2173768153128361,1.2173768153128361
14,54,1,5000000,157.70226028817723,2154235.164897824,2000000000,161555,161955,159001,2954,2321,400,0,0.6963028105945644,0.6963028105945644
14,55,1,6000000,149.41512272859126,2663935.274864839,4000000000,164787,165587,162001,3586,2252,800,0,0.6756920924406946,0.6756920924406946
14,57,1,4000000,186.9467841392304,1098908.6096269963,2000000000,172668,173068,168001,5067,3640,400,0,1.0919925364924725,1.0919925364924725
14,56,0,10000000,166.81013698213906,0,9000000000,165001,174001,165001,9000,0,9000,0.8999999999999999,0,0.8999999999999999
14,58,0,9000000,207.23482936031775,0,8000000000,174001,182001,171001,11000,0,8000,0.7999999999999999,0,0.7999999999999999
14,60,1,7000000,191.75609925110592,993470.537879214,6000000000,184047,185247,177001,8246,7046,1200,0,2.1138019900247085,2.1138019900247085
14,61,0,6000000,182.7086380005061,0,4000000000,182001,186001,180001,6000,0,4000,0.39999999999999997,0,0.39999999999999997
14,62,1,4000000,179.7760206479162,1283363.6255581842,7000000000,186118,187518,183001,4517,3117,1400,0,0.9350428640036247,0.9350428640036247
14,59,1,10000000,205.9797274005381,747473.5622578373,8000000000,187518,189118,174001,15117,13378,1600,0,4.013519877463124,4.013519877463124
14,63,1,5000000,183.34034607799776,1187229.8529079505,2000000000,190212,190612,186001,4611,4211,400,0,1.2634453188032322,1.2634453188032322
14,64,0,10000000,192.97686493463405,0,3000000000,189001,192001,189001,3000,0,3000,0.3,0,0.3
14,66,0,3000000,225.05848684286488,0,6000000000,195001,201001,195001,6000,0,6000,0.6,0,0.6
14,65,1,10000000,207.84272154684658,721163.6129006164,10000000000,205867,207867,192001,15866,13866,2000,0,4.15994366095871,4.15994366095871
14,70,0,10000000,194.97769769899327,0,4000000000,207001,211001,207001,4000,0,4000,0.39999999999999997,0,0.39999999999999997
14,68,1,6000000,235.48079008700475,438533.81900160713,9000000000,214683,216483,201001,15482,13682,1800,0,4.10458651535243,4.10458651535243
14,71,0,10000000,186.10171761700641,0,7000000000,211001,218001,210001,8000,0,7000,0.7,0,0.7
14,69,1,8000000,214.21643844485882,639452.4736429862,9000000000,216512,218312,204001,14311,12511,1800,0,3.753210909212853,3.753210909212853
14,67,1,9000000,244.35361855311245,378382.61417013506,10000000000,221786,223786,198001,25785,23785,2000,0,7.135634405194892,7.135634405194892
14,75,1,2000000,147.277519330005,2818944.1487670145,8000000000,222841,224441,222001,2440,709,1600,0,0.2128456501213178,0.2128456501213178
14,72,0,9000000,169.9351808778865,0,7000000000,218001,225001,213001,12000,0,7000,0.7,0,0.7
14,76,1,3000000,155.84542758772233,2257133.209954815,7000000000,226330,227730,225001,2729,1329,1400,0,0.39873588144051847,0.39873588144051847
14,73,0,3000000,156.19254015477176,0,7000000000,225001,232001,216001,16000,0,7000,0.7,0,0.7
14,74,0,2000000,144.17241795849858,0,3000000000,232001,235001,219001,16000,0,3000,0.3,0,0.3
14,78,1,9000000,133.61926956842711,4122866.4389651567,10000000000,233184,235184,231001,4183,2183,2000,0,0.6548841782703255,0.6548841782703255
14,77,0,2000000,152.86932360679822,0,5000000000,235001,240001,228001,12000,0,5000,0.49999999999999994,0,0.49999999999999994
14,79,0,7000000,148.81040823813365,0,5000000000,240001,245001,234001,11000,0,5000,0.49999999999999994,0,0.49999999999999994
14,82,1,3000000,141.34102199998412,3311808.5788554964,8000000000,243907,245507,243001,2506,906,1600,0,0.2717548368423589,0.2717548368423589
14,80,0,4000000,143.8330101193742,0,4000000000,245001,249001,237001,12000,0,4000,0.39999999999999997,0,0.39999999999999997
14,81,0,2000000,144.73060008166897,0,4000000000,249001,253001,240001,13000,0,4000,0.39999999999999997,0,0.39999999999999997
14,84,1,9000000,148.59825705572726,2721895.6187541173,4000000000,252308,253108,249001,4107,3307,800,0,0.9919557463543957,0.9919557463543957
14,85,1,10000000,149.9628463986997,2625924.974453654,6000000000,255809,257009,252001,5008,3808,1200,0,1.1424545747443433,1.1424545747443433
14,83,0,7000000,142.41434337874819,0,6000000000,253001,259001,246001,13000,0,6000,0.6,0,0.6
14,86,1,7000000,161.14137891925836,1978553.77581637,4000000000,258539,259339,255001,4338,3538,800,0,1.0613813107675176,1.0613813107675176
14,87,0,5000000,176.03782690092493,0,4000000000,259001,263001,258001,5000,0,4000,0.39999999999999997,0,0.39999999999999997
14,88,0,10000000,193.54948953691402,0,6000000000,263001,269001,261001,8000,0,6000,0.6,0,0.6
14,89,0,2000000,207.62084023527117,0,4000000000,269001,273001,264001,9000,0,4000,0.39999999999999997,0,0.39999999999999997
14,90,0,6000000,225.94074975532854,0,6000000000,273001,279001,267001,12000,0,6000,0.6,0,0.6
14,91,1,6000000,248.02577950688917,356520.778292104,5000000000,286830,287830,270001,17829,16829,1000,0,5.0487940944783505,5.0487940944783505
14,94,1,4000000,230.27883315667552,479386.5424324428,7000000000,287345,288745,279001,9744,8344,1400,0,2.5031991801670346,2.5031991801670346
14,92,0,9000000,234.35857761131763,0,10000000000,279001,289001,273001,16000,0,10000,0.9999999999999999,0,0.9999999999999999
14,93,1,6000000,230.27883315667552,479386.5424324428,10000000000,289345,291345,276001,15344,12516,2000,0,3.7547987702505514,3.7547987702505514
14,96,0,7000000,214.99727463388922,0,5000000000,289001,294001,285001,9000,0,5000,0.49999999999999994,0,0.49999999999999994
14,98,1,3000000,183.6903203764423,1178281.12606535,6000000000,293547,294747,291001,3746,2546,1200,0,0.7638245068096627,0.7638245068096627
14,97,1,5000000,197.89481473752667,876530.1620413538,5000000000,294747,295747,288001,7746,5704,1000,0,1.7112930791869676,1.7112930791869676
14,95,1,7000000,229.3379275218122,487275.5382145057,8000000000,296367,297967,282001,15966,14366,1600,0,4.309676631203165,4.309676631203165
14,99,0,2000000,175.06157002609112,0,5000000000,294001,299001,294001,5000,0,5000,0.49999999999999994,0,0.49999999999999994
14,100,0,8000000,172.8164659400255,0,3000000000,299001,302001,297001,5000,0,3000,0.3,0,0.3
14,101,1,2000000,177.2567860478126,1357195.3475924716,6000000000,301475,302675,300001,2674,1474,1200,0,0.44208816443730065,0.44208816443730065
14,102,1,3000000,179.8636755990492,1280885.7750851163,9000000000,305343,307143,303001,4142,2342,1800,0,0.7026387656933687,0.7026387656933687
14,103,1,6000000,180.49316690667268,1263264.8125955535,3000000000,310751,311351,306001,5350,4750,600,0,1.4248793934991741,1.4248793934991741
14,104,0,2000000,161.64334598120644,0,5000000000,309001,314001,309001,5000,0,5000,0.49999999999999994,0,0.49999999999999994
14,106,1,2000000,112.5752024204265,7964851.487101246,8000000000,316714,318314,315001,3313,251,1600,0,0.07533097145272272,0.07533097145272272
14,105,0,3000000,136.4719370420161,0,10000000000,314001,324001,312001,12000,0,10000,0.9999999999999999,0,0.9999999999999999
14,107,0,3000000,116.08585271255063,0,4000000000,324001,328001,318001,10000,0,4000,0.39999999999999997,0,0.39999999999999997
14,110,1,4000000,165.53206728607,1779303.4178716354,7000000000,329249,330649,327001,3648,2248,1400,0,0.6744212302112106,0.6744212302112106
14,111,1,4000000,168.82025263575454,1646200.2044987753,10000000000,332431,334431,330001,4430,2430,2000,0,0.7289514341697998,0.7289514341697998
14,108,0,4000000,136.0588791663374,0,8000000000,328001,336001,321001,15000,0,8000,0.7999999999999999,0,0.7999999999999999
14,109,0,2000000,156.91646758705727,0,3000000000,336001,339001,324001,15000,0,3000,0.3,0,0.3
14,112,1,10000000,168.82025263575454,1646200.2044987753,10000000000,339076,341076,333001,8075,6075,2000,0,1.8223785854244996,1.8223785854244996
14,113,0,10000000,172.85710659385688,0,4000000000,339001,343001,336001,7000,0,4000,0.39999999999999997,0,0.39999999999999997
14,114,0,6000000,156.07046261224448,0,9000000000,343001,352001,339001,13000,0,9000,0.8999999999999999,0,0.8999999999999999
14,115,0,3000000,134.2946882791721,0,5000000000,352001,357001,342001,15000,0,5000,0.49999999999999994,0,0.49999999999999994
14,119,0,9000000,28.147870256912878,0,5000000000,357001,362001,354001,8000,0,5000,0.49999999999999994,0,0.49999999999999994
14,116,1,9000000,109.46459016503924,8853729.317924498,10000000000,362540,364540,345001,19539,1017,2000,0,0.3049562396869094,0.3049562396869094
14,117,1,9000000,82.24949847871412,24769518.45707844,3000000000,366740,367340,348001,19339,363,600,0,0.10900494511747019,0.10900494511747019
14,118,1,9000000,55.08766286565441,80109269.93665649,7000000000,369540,370940,351001,19939,112,1400,0,0.03370396462400578,0.03370396462400578
14,122,0,4000000,53.80666129764977,0,8000000000,363001,371001,363001,8000,0,8000,0.7999999999999999,0,0.7999999999999999
14,124,0,3000000,82.1352256951912,0,3000000000,371001,374001,369001,5000,0,3000,0.3,0,0.3
14,120,1,7000000,6.014025274306711,690358209.3651603,2000000000,377940,378340,357001,21339,10,400,0,0.003041899077192286,0.003041899077192286
14,121,1,8000000,27.698810443771727,251898700.56224316,2000000000,378740,379140,360001,19139,32,400,0,0.009527639462383688,0.009527639462383688
14,127,0,2000000,85.21204433646692,0,5000000000,378001,383001,378001,5000,0,5000,0.49999999999999994,0,0.49999999999999994
14,123,1,3000000,66.62554615160767,48231550.150028884,6000000000,381940,383140,366001,17139,62,1200,0,0.01865998495176836,0.01865998495176836
14,128,0,2000000,109.8705146979844,0,3000000000,383001,386001,381001,5000,0,3000,0.3,0,0.3
14,125,1,3000000,65.98147391503169,49611821.547725,3000000000,387340,387940,372001,15939,60,600,0,0.018140837645604858,0.018140837645604858
14,126,1,8000000,69.72445195195158,42132560.7268882,8000000000,390740,392340,375001,17339,190,1600,0,0.05696306985842343,0.05696306985842343
14,131,0,8000000,174.0341161956471,0,8000000000,390001,398001,390001,8000,0,8000,0.7999999999999999,0,0.7999999999999999
14,129,1,5000000,137.92648549136604,3643681.366199604,8000000000,397940,399540,384001,15539,1372,1600,0,0.41167156214993494,0.41167156214993494
14,132,0,5000000,174.0341161956471,0,2000000000,398001,400001,393001,7000,0,2000,0.19999999999999998,0,0.19999999999999998
14,130,1,9000000,167.00575858334946,1718058.287319995,2000000000,403340,403740,387001,16739,5238,400,0,1.5715415594029345,1.5715415594029345
14,134,0,6000000,198.4166323673497,0,4000000000,400001,404001,399001,5000,0,4000,0.39999999999999997,0,0.39999999999999997
14,136,1,8000000,180.18860563309767,1271752.3142986859,7000000000,411292,412692,405001,7691,6291,1400,0,1.8871599233719436,1.8871599233719436
14,137,1,9000000,162.66840873384112,1906258.9419092445,4000000000,412722,413522,408001,5521,4721,800,0,1.4163867985824483,1.4163867985824483
14,133,1,6000000,178.20142115033764,1328907.0707724213,7000000000,413140,414540,396001,18539,4515,1400,0,1.354496517919615,1.354496517919615
14,135,1,8000000,206.3987134165327,741453.5735554579,7000000000,413522,414922,402001,12921,10790,1400,0,3.2368850668442954,3.2368850668442954
14,138,0,8000000,137.4784092139562,0,5000000000,411001,416001,411001,5000,0,5000,0.49999999999999994,0,0.49999999999999994
14,139,1,9000000,114.94879294712055,7358488.388467236,3000000000,416739,417339,414001,3338,1223,600,0,0.3669231855052783,0.3669231855052783
14,140,1,5000000,94.43395258062641,15270514.61271738,6000000000,418339,419539,417001,2538,327,1200,0,0.09822851672272986,0.09822851672272986
14,141,1,3000000,75.75845827364762,32502177.113291565,2000000000,420093,420493,420001,492,92,400,0,0.027690452761453647,0.027690452761453647
14,142,1,9000000,58.592508053504595,68671650.52772418,10000000000,423132,425132,423001,2131,131,2000,0,0.03931753466315702,0.03931753466315702
14,145,1,9000000,62.957608753827344,56660465.68447227,3000000000,432160,432760,432001,759,159,600,0,0.04765227336880028,0.04765227336880028
14,143,0,7000000,47.146573576454124,0,9000000000,426001,435001,426001,9000,0,9000,0.8999999999999999,0,0.8999999999999999
14,146,1,10000000,81.64326365353116,25396437.644004665,9000000000,436645,438445,435001,3444,394,1800,0,0.11812680353255016,0.11812680353255016
14,147,1,7000000,80.87795373276944,26213634.758960508,10000000000,439445,441445,438001,3444,267,2000,0,0.08011098114816623,0.08011098114816623
14,144,0,8000000,48.985696892052026,0,8000000000,435001,443001,429001,14000,0,8000,0.7999999999999999,0,0.7999999999999999
14,149,1,6000000,81.93033931334594,25097355.164362818,3000000000,450645,451245,444001,7244,239,600,0,0.07172070475999494,0.07172070475999494
14,148,0,9000000,77.02854146353803,0,10000000000,443001,453001,441001,12000,0,10000,0.9999999999999999,0,0.9999999999999999
14,150,0,9000000,93.13047728858689,0,3000000000,453001,456001,447001,9000,0,3000,0.3,0,0.3
14,153,0,4000000,152.1582524873363,0,2000000000,456001,458001,456001,2000,0,2000,0.19999999999999998,0,0.19999999999999998
14,151,1,9000000,110.11802395611717,8657450.781990595,2000000000,459645,460045,450001,10044,1040,400,0,0.3118700952498159,0.3118700952498159
14,152,1,2000000,130.23284723908944,4554910.802375813,2000000000,462645,463045,453001,10044,439,400,0,0.13172596040454707,0.13172596040454707
14,154,0,3000000,104.9329466850141,0,5000000000,459001,464001,459001,5000,0,5000,0.49999999999999994,0,0.49999999999999994
14,155,0,9000000,119.49322030977318,0,10000000000,464001,474001,462001,12000,0,10000,0.9999999999999999,0,0.9999999999999999
14,156,1,3000000,141.46561490341034,3300419.28661158,5000000000,478445,479445,465001,14444,909,1000,0,0.2726926253433688,0.2726926253433688
14,159,0,3000000,194.22610792578837,0,8000000000,474001,482001,474001,8000,0,8000,0.7999999999999999,0,0.7999999999999999
14,157,1,8000000,165.1702869768046,1794750.907054332,9000000000,484445,486245,468001,18244,4457,1800,0,1.3372329221658086,1.3372329221658086
14,162,1,2000000,199.86325325081646,842703.4006270793,5000000000,485374,486374,483001,3373,2373,1000,0,0.7119942788334818,0.7119942788334818
14,160,0,3000000,212.8067557668224,0,6000000000,482001,488001,477001,11000,0,6000,0.6,0,0.6
14,163,1,3000000,176.5774209801468,1378003.5302138813,8000000000,488178,489778,486001,3777,2177,1600,0,0.6531187912561517,0.6531187912561517
14,161,0,9000000,218.195963528201,0,2000000000,488001,490001,480001,10000,0,2000,0.19999999999999998,0,0.19999999999999998
14,158,1,7000000,178.00703047913584,1334668.000702913,2000000000,490645,491045,471001,20044,5245,400,0,1.573425000744769,1.573425000744769
14,165,1,3000000,147.6223079348105,2793201.99851197,8000000000,493075,494675,492001,2674,1074,1600,0,0.3222108535220365,0.3222108535220365
14,164,1,10000000,159.43632239863035,2063339.377211376,10000000000,494675,496675,489001,7674,4847,2000,0,1.4539537378744403,1.4539537378744403
14,166,0,8000000,140.23241743619766,0,7000000000,495001,502001,495001,7000,0,7000,0.7,0,0.7
14,168,1,3000000,140.59786769364604,3380757.6304706787,3000000000,501888,502488,501001,1487,887,600,0,0.2662125175399514,0.2662125175399514
14,169,1,5000000,148.34018504774764,2740530.329507703,6000000000,505825,507025,504001,3024,1824,1200,0,0.5473393174486244,0.5473393174486244
14,167,0,9000000,137.9739196370097,0,9000000000,502001,511001,498001,13000,0,9000,0.8999999999999999,0,0.8999999999999999
14,170,0,2000000,160.44579053375006,0,4000000000,511001,515001,507001,8000,0,4000,0.39999999999999997,0,0.39999999999999997
14,171,0,2000000,176.02443125884548,0,6000000000,515001,521001,510001,11000,0,6000,0.6,0,0.6
14,174,1,4000000,168.88123637633637,1643850.5662803724,7000000000,521434,522834,519001,3833,2433,1400,0,0.7299933610847021,0.7299933610847021
14,173,1,7000000,184.98033679286021,1146011.946729959,9000000000,522834,524634,516001,8633,6108,1800,0,1.8324416302920394,1.8324416302920394
14,175,1,8000000,155.31989183617145,2287355.546081187,8000000000,525498,527098,522001,5097,3497,1600,0,1.0492465870082162,1.0492465870082162
14,176,1,9000000,143.85922632907494,3090706.467513144,4000000000,527913,528713,525001,3712,2912,800,0,0.8735866794145885,0.8735866794145885
14,172,0,4000000,192.98509372487814,0,10000000000,521001,531001,513001,18000,0,10000,0.9999999999999999,0,0.9999999999999999
14,177,0,8000000,149.04283981459827,0,3000000000,531001,534001,528001,6000,0,3000,0.3,0,0.3
14,178,1,10000000,156.67505385350918,2210422.93047539,8000000000,535525,537125,531001,6124,4524,1600,0,1.357206333068033,1.357206333068033
14,179,1,5000000,151.93982098186115,2494189.695407266,10000000000,537125,539125,534001,5124,2005,2000,0,0.6013977215774966,0.6013977215774966
14,180,1,4000000,131.90524364103194,4334936.749009418,3000000000,539125,539725,537001,2724,923,600,0,0.2768206480231144,0.2768206480231144
14,181,1,10000000,149.02590647266666,2691359.651022818,2000000000,543717,544117,540001,4116,3716,400,0,1.1146782255057912,1.1146782255057912
14,182,0,3000000,154.47588808613463,0,3000000000,543001,546001,543001,3000,0,3000,0.3,0,0.3
14,183,1,2000000,165.56888143609595,1777740.7715503527,3000000000,547126,547726,546001,1725,1125,600,0,0.33750702554723155,0.33750702554723155
14,185,1,3000000,195.83094188610744,913832.8154285258,7000000000,555284,556684,552001,4683,3283,1400,0,0.9848628598196716,0.9848628598196716
14,184,0,3000000,179.43847190611052,0,8000000000,549001,557001,549001,8000,0,8000,0.7999999999999999,0,0.7999999999999999
14,187,0,2000000,216.22948480722974,0,5000000000,558001,563001,558001,5000,0,5000,0.49999999999999994,0,0.49999999999999994
14,186,1,10000000,207.79006809758738,721891.2077363771,2000000000,568854,569254,555001,14253,13853,400,0,4.155750849781164,4.155750849781164
14,188,1,5000000,235.96179033902922,434979.71783621627,6000000000,572496,573696,561001,12695,11495,1200,0,3.448436647716981,3.448436647716981
14,190,0,8000000,229.53204656430873,0,10000000000,567001,577001,567001,10000,0,10000,0.9999999999999999,0,0.9999999999999999
14,191,0,6000000,211.84015861021254,0,6000000000,577001,583001,570001,13000,0,6000,0.6,0,0.6
14,189,1,5000000,249.09738918744208,350440.0679171738,10000000000,582653,584653,564001,20652,14268,2000,0,4.280332465734266,4.280332465734266
14,192,0,6000000,195.95939502866403,0,4000000000,583001,587001,573001,14000,0,4000,0.39999999999999997,0,0.39999999999999997
14,195,1,2000000,176.95896134414892,1366268.9609643514,9000000000,586053,587853,582001,5852,1464,1800,0,0.4391521853621727,0.4391521853621727
14,196,1,10000000,181.84675333917843,1226384.332670225,8000000000,593763,595363,585001,10362,8154,1600,0,2.446215203571669,2.446215203571669
14,193,0,7000000,184.34902359383406,0,9000000000,587001,596001,576001,20000,0,9000,0.8999999999999999,0,0.8999999999999999
14,194,0,7000000,177.7700551274033,0,8000000000,596001,604001,579001,25000,0,8000,0.7999999999999999,0,0.7999999999999999
14,197,0,8000000,192.03655094799012,0,4000000000,604001,608001,588001,20000,0,4000,0.39999999999999997,0,0.39999999999999997
14,200,1,6000000,240.15243200933858,405486.7342620001,3000000000,612796,613396,597001,16395,14797,600,0,4.439109465013849,4.439109465013849
14,198,0,3000000,206.7492558632316,0,7000000000,608001,615001,591001,24000,0,7000,0.7,0,0.7
14,201,1,10000000,219.37407435702156,581637.674948925,8000000000,618550,620150,600001,20149,17193,1600,0,5.157850203330513,5.157850203330513
14,199,0,6000000,224.848301083197,0,8000000000,615001,623001,594001,29000,0,8000,0.7999999999999999,0,0.7999999999999999
14,202,0,4000000,201.58126599463554,0,6000000000,623001,629001,603001,26000,0,6000,0.6,0,0.6
14,209,1,4000000,216.19396036892425,616473.6158391049,4000000000,633441,634241,624001,10240,6489,800,0,1.9465553255943255,1.9465553255943255
14,203,0,7000000,187.65986305014718,0,8000000000,629001,637001,606001,31000,0,8000,0.7999999999999999,0,0.7999999999999999
14,213,1,2000000,192.98085008621968,968656.3848396941,2000000000,639905,640305,636001,4304,2065,400,0,0.6194146958514043,0.6194146958514043
14,211,1,5000000,228.19991783521746,497034.8005959861,2000000000,640305,640705,630001,10704,10060,400,0,3.017897334756792,3.017897334756792
14,204,0,4000000,178.69179080192797,0,4000000000,637001,641001,609001,32000,0,4000,0.39999999999999997,0,0.39999999999999997
14,205,0,5000000,175.22812131618605,0,3000000000,641001,644001,612001,32000,0,3000,0.3,0,0.3
14,212,1,7000000,211.80409840227364,668949.1155912564,5000000000,643910,644910,633001,11909,10464,1000,0,3.1392522257001523,3.1392522257001523
14,206,0,8000000,177.5989845128626,0,6000000000,644001,650001,615001,35000,0,6000,0.6,0,0.6
14,217,1,8000000,141.53417714460346,3294172.4717247137,9000000000,650440,652240,648001,4239,2429,1800,0,0.7285593030116737,0.7285593030116737
14,207,0,6000000,185.56056396767065,0,10000000000,650001,660001,618001,42000,0,10000,0.9999999999999999,0,0.9999999999999999
14,220,1,6000000,140.87148540425062,3355167.68803574,6000000000,661312,662512,657001,5511,1788,1200,0,0.5364858532760244,0.5364858532760244
14,222,1,6000000,135.8163797190899,3869343.3286951124,2000000000,666512,666912,663001,3911,1551,400,0,0.46519521456035473,0.46519521456035473
14,208,0,9000000,198.86008146433008,0,10000000000,660001,670001,621001,49000,0,10000,0.9999999999999999,0,0.9999999999999999
14,210,0,3000000,236.6357380025257,0,6000000000,670001,676001,627001,49000,0,6000,0.6,0,0.6
14,224,1,4000000,151.6066400260886,2515808.471451946,10000000000,674040,676040,669001,7039,1590,2000,0,0.47698384579627606,0.47698384579627606
14,214,0,10000000,175.89382280228037,0,8000000000,676001,684001,639001,45000,0,8000,0.7999999999999999,0,0.7999999999999999
14,215,0,5000000,161.91255695590746,0,6000000000,684001,690001,642001,48000,0,6000,0.6,0,0.6
14,216,0,2000000,149.8701951690195,0,10000000000,690001,700001,645001,55000,0,10000,0.9999999999999999,0,0.9999999999999999
14,229,1,8000000,234.9606069110309,442418.319279256,3000000000,702083,702683,684001,18682,18082,600,0,5.424730160156663,5.424730160156663
14,218,0,8000000,153.22956960064855,0,8000000000,700001,708001,651001,57000,0,8000,0.7999999999999999,0,0.7999999999999999
14,219,0,10000000,148.35933169167348,0,3000000000,708001,711001,654001,57000,0,3000,0.3,0,0.3
14,236,1,7000000,172.71394269137625,1504181.7513323552,7000000000,711580,712980,705001,7979,4654,1400,0,1.3961078826676951,1.3961078826676951
14,221,0,10000000,137.2307698732321,0,3000000000,711001,714001,660001,54000,0,3000,0.3,0,0.3
14,223,0,9000000,141.9147835850797,0,5000000000,714001,719001,666001,53000,0,5000,0.49999999999999994,0,0.49999999999999994
14,241,1,3000000,79.3989533936059,27878242.04674666,9000000000,721453,723253,720001,3252,108,1800,0,0.0322832407614105,0.0322832407614105
14,225,0,5000000,164.7415533494813,0,9000000000,719001,728001,672001,56000,0,9000,0.8999999999999999,0,0.8999999999999999
14,226,0,8000000,180.59078741729874,0,3000000000,728001,731001,675001,56000,0,3000,0.3,0,0.3
14,227,0,7000000,198.40386815785618,0,7000000000,731001,738001,678001,60000,0,7000,0.7,0,0.7
14,245,1,4000000,86.64136714064485,20719563.566356782,2000000000,738853,739253,732001,7252,193,400,0,0.05791627782877097,0.05791627782877097
14,246,1,5000000,93.07498321246155,16087417.752659079,9000000000,739253,741053,735001,6052,311,1800,0,0.09324056993249062,0.09324056993249062
14,228,0,4000000,216.7181342204662,0,9000000000,738001,747001,681001,66000,0,9000,0.8999999999999999,0,0.8999999999999999
14,247,1,9000000,111.69597888912563,8204704.784939519,7000000000,746253,747653,738001,9652,1097,1400,0,0.3290794819279903,0.3290794819279903
14,249,1,7000000,136.7228561726239,3770352.86616931,4000000000,749853,750653,744001,6652,1857,800,0,0.5569770455287932,0.5569770455287932
14,230,0,7000000,234.1103231384725,0,7000000000,747001,754001,687001,67000,0,7000,0.7,0,0.7
14,250,1,5000000,136.7228561726239,3770352.86616931,5000000000,755053,756053,747001,9052,1326,1000,0,0.3978407468062809,0.3978407468062809
14,231,0,5000000,214.81899008234814,0,5000000000,754001,759001,690001,69000,0,5000,0.49999999999999994,0,0.49999999999999994
14,251,1,8000000,136.7228561726239,3770352.86616931,2000000000,758853,759253,750001,9252,2122,400,0,0.6365451948900495,0.6365451948900495
14,252,1,8000000,137.76203903833596,3660675.5110869124,8000000000,761253,762853,753001,9852,2185,1600,0,0.6556167004508416,0.6556167004508416
14,253,1,3000000,151.54110003560092,2520088.345867527,7000000000,764053,765453,756001,9452,1190,1400,0,0.35713033690895457,0.35713033690895457
14,232,0,3000000,198.7044601915116,0,9000000000,759001,768001,693001,75000,0,9000,0.8999999999999999,0,0.8999999999999999
14,233,0,4000000,196.6928010883978,0,6000000000,768001,774001,696001,78000,0,6000,0.6,0,0.6
14,256,1,4000000,201.8339143949797,810451.9201300472,9000000000,772919,774719,765001,9718,4936,1800,0,1.4806553852169846,1.4806553852169846
14,255,1,8000000,207.3751501506388,727656.9043903073,10000000000,775253,777253,762001,15252,10994,2000,0,3.2982577166788842,3.2982577166788842
14,234,0,4000000,218.68793405215567,0,10000000000,774001,784001,699001,85000,0,10000,0.9999999999999999,0,0.9999999999999999
14,235,0,3000000,194.87601186395412,0,2000000000,784001,786001,702001,84000,0,2000,0.19999999999999998,0,0.19999999999999998
14,262,1,3000000,232.1382323099752,464259.5148400335,5000000000,791289,792289,783001,9288,6462,1000,0,1.938570931195899,1.938570931195899
14,237,0,4000000,149.92151880233868,0,9000000000,786001,795001,708001,87000,0,9000,0.8999999999999999,0,0.8999999999999999
14,261,1,8000000,215.1937306242912,627965.2646311353,5000000000,794289,795289,780001,15288,12740,1000,0,3.8218674426359427,3.8218674426359427
14,238,0,3000000,128.00493271745424,0,4000000000,795001,799001,711001,88000,0,4000,0.39999999999999997,0,0.39999999999999997
14,239,0,9000000,107.48994976275691,0,7000000000,799001,806001,714001,92000,0,7000,0.7,0,0.7
14,263,1,7000000,229.87138012375533,482783.11177122983,4000000000,805236,806036,786001,20035,14499,800,0,4.349779329056356,4.349779329056356
14,240,0,5000000,91.11695341702332,0,2000000000,806001,808001,717001,91000,0,2000,0.19999999999999998,0,0.19999999999999998
14,242,0,6000000,70.1741619116324,0,2000000000,808001,810001,723001,87000,0,2000,0.19999999999999998,0,0.19999999999999998
14,269,1,6000000,180.73158052758794,1256669.8163158356,10000000000,808776,810776,804001,6775,4775,2000,0,1.4323571527141785,1.4323571527141785
14,270,1,7000000,184.32271916397065,1162322.6553657383,4000000000,813576,814376,807001,7375,6022,800,0,1.8067272373170862,1.8067272373170862
14,271,1,7000000,184.32271916397065,1162322.6553657383,8000000000,816376,817976,810001,7975,6022,1600,0,1.8067272373170862,1.8067272373170862
14,243,0,7000000,69.00871828979294,0,10000000000,810001,820001,726001,94000,0,10000,0.9999999999999999,0,0.9999999999999999
14,274,1,7000000,137.1661550820755,3723078.293464191,6000000000,822976,824176,819001,5175,1880,1200,0,0.5640493791620013,0.5640493791620013
14,244,0,5000000,76.65823960932057,0,7000000000,820001,827001,729001,98000,0,7000,0.7,0,0.7
14,278,1,10000000,75.00344325429329,33563933.96660877,6000000000,832262,833462,831001,2461,298,1200,0,0.08938165600565665,0.08938165600565665
14,248,0,3000000,132.29394128228247,0,9000000000,827001,836001,741001,95000,0,9000,0.8999999999999999,0,0.8999999999999999
14,279,1,2000000,67.28751221437746,46854704.72279512,8000000000,834462,836062,834001,2061,43,1600,0,0.012805544364216132,0.012805544364216132
14,254,0,8000000,177.9192516283721,0,2000000000,836001,838001,759001,79000,0,2000,0.19999999999999998,0,0.19999999999999998
14,257,0,10000000,196.51949343512973,0,3000000000,838001,841001,768001,73000,0,3000,0.3,0,0.3
14,283,1,7000000,5.699438568841673,705859460.05053,9000000000,846011,847811,846001,1810,10,1800,0,0.002975096487124602,0.002975096487124602
14,258,0,7000000,196.51949343512973,0,9000000000,841001,850001,771001,79000,0,9000,0.8999999999999999,0,0.8999999999999999
14,284,1,4000000,29.52768362062964,234086938.65472037,5000000000,849018,850018,849001,1017,17,1000,0,0.005126300539860565,0.005126300539860565
14,259,0,2000000,192.7811155170547,0,10000000000,850001,860001,774001,86000,0,10000,0.9999999999999999,0,0.9999999999999999
14,287,1,5000000,105.0642784204032,10324632.45880654,9000000000,859120,860920,858001,2919,484,1800,0,0.1452836220548029,0.1452836220548029
14,288,1,7000000,130.29808018539643,4546077.364001302,6000000000,862541,863741,861001,2740,1540,1200,0,0.46193670539553944,0.46193670539553944
14,289,1,5000000,44.16166889962383,128397800.07039882,9000000000,864541,866341,864001,2340,39,1800,0,0.011682443150720416,0.011682443150720416
14,260,0,4000000,199.07335934273073,0,9000000000,860001,869001,777001,92000,0,9000,0.8999999999999999,0,0.8999999999999999
14,264,0,6000000,210.94713105420513,0,2000000000,869001,871001,789001,82000,0,2000,0.19999999999999998,0,0.19999999999999998
14,292,1,6000000,38.083825963261624,165468338.32093883,6000000000,873037,874237,873001,1236,36,1200,0,0.010878214033362435,0.010878214033362435
14,293,1,10000000,66.72061225738267,48031241.34806457,10000000000,876209,878209,876001,2208,208,2000,0,0.06245934762043966,0.06245934762043966
14,265,0,9000000,195.29800920644325,0,10000000000,871001,881001,792001,89000,0,10000,0.9999999999999999,0,0.9999999999999999
14,266,0,7000000,183.77646476086105,0,3000000000,881001,884001,795001,89000,0,3000,0.3,0,0.3
14,295,1,7000000,124.13159549445908,5482856.554487536,5000000000,883278,884278,882001,2277,1277,1000,0,0.3830120265103817,0.3830120265103817
14,267,0,8000000,177.25891797029564,0,10000000000,884001,894001,798001,96000,0,10000,0.9999999999999999,0,0.9999999999999999
14,297,1,6000000,151.51020097669996,2522109.2316507106,2000000000,894150,894550,888001,6549,2379,400,0,0.7136883594934178,0.7136883594934178
14,299,1,7000000,94.06721426724614,15486072.222700682,3000000000,896150,896750,894001,2749,452,600,0,0.13560572169627735,0.13560572169627735
14,268,0,3000000,176.22202387896925,0,3000000000,894001,897001,801001,96000,0,3000,0.3,0,0.3
14,300,1,3000000,70.9548546612563,39943141.506231524,7000000000,897076,898476,897001,1475,75,1400,0,0.02253202842995189,0.02253202842995189
14,301,1,9000000,83.75037731258288,23291587.387996115,8000000000,900387,901987,900001,1986,386,1600,0,0.11592168258104686,0.11592168258104686
14,272,0,9000000,181.9165800580035,0,7000000000,897001,904001,813001,91000,0,7000,0.7,0,0.7
14,273,0,10000000,159.68843571154423,0,6000000000,904001,910001,816001,94000,0,6000,0.6,0,0.6
14,303,1,10000000,137.01263080460862,3739367.5057041026,8000000000,908998,910598,906001,4597,2674,1600,0,0.8022747150216561,0.8022747150216561
14,304,1,7000000,164.5758524206999,1820495.4575629244,2000000000,913699,914099,909001,5098,3845,400,0,1.1535321284521332,1.1535321284521332
14,275,0,4000000,116.01131065547017,0,6000000000,910001,916001,822001,94000,0,6000,0.6,0,0.6
14,276,0,3000000,104.88223157427574,0,6000000000,916001,922001,825001,97000,0,6000,0.6,0,0.6
14,307,1,3000000,201.23727214410354,820051.6159777403,6000000000,922841,924041,918001,6040,3658,1200,0,1.0974918925401276,1.0974918925401276
14,277,0,8000000,89.75068411995534,0,5000000000,922001,927001,828001,99000,0,5000,0.49999999999999994,0,0.49999999999999994
14,280,0,4000000,61.402166899874196,0,4000000000,927001,931001,837001,94000,0,4000,0.39999999999999997,0,0.39999999999999997
14,281,0,7000000,46.62151541938555,0,9000000000,931001,940001,840001,100000,0,9000,0.8999999999999999,0,0.8999999999999999
14,282,0,8000000,21.638135317073882,0,4000000000,940001,944001,843001,101000,0,4000,0.39999999999999997,0,0.39999999999999997
14,314,1,3000000,220.06618140913884,574384.046941056,9000000000,944224,946024,939001,7023,5223,1800,0,1.566895885763274,1.566895885763274
14,311,1,10000000,212.94605067950897,654779.2113336803,7000000000,946024,947424,930001,17423,15272,1400,0,4.5816970790649885,4.5816970790649885
14,313,1,5000000,236.04614739495327,434360.1144478757,7000000000,947512,948912,936001,12911,11511,1400,0,3.453355752764458,3.453355752764458
14,285,0,2000000,54.63808653311352,0,8000000000,944001,952001,852001,100000,0,8000,0.7999999999999999,0,0.7999999999999999
14,319,1,2000000,211.54561163021086,672209.4435999123,10000000000,956976,958976,954001,4975,2975,2000,0,0.8925789509692009,0.8925789509692009
14,286,0,5000000,79.83976264994782,0,7000000000,952001,959001,855001,104000,0,7000,0.7,0,0.7
14,315,1,9000000,222.6343910989495,548434.552319229,6000000000,958976,960176,942001,18175,16410,1200,0,4.923103383224481,4.923103383224481
14,317,1,9000000,206.20780610830423,744189.0069510271,4000000000,960176,960976,948001,12975,12094,800,0,3.6281105670480285,3.6281105670480285
14,290,0,6000000,20.020149849589064,0,5000000000,959001,964001,867001,97000,0,5000,0.49999999999999994,0,0.49999999999999994
14,318,1,8000000,214.78174154243186,632776.2037945947,4000000000,963644,964444,951001,13443,12643,800,0,3.7928101366767946,3.7928101366767946
14,291,0,8000000,9.997104580827383,0,2000000000,964001,966001,870001,96000,0,2000,0.19999999999999998,0,0.19999999999999998
14,322,1,2000000,201.77487777223405,811395.5289637905,9000000000,965466,967266,963001,4265,2465,1800,0,0.7394667318000168,0.7394667318000168
14,294,0,9000000,95.42262048382452,0,4000000000,966001,970001,879001,91000,0,4000,0.39999999999999997,0,0.39999999999999997
14,320,1,6000000,225.1323435226489,524582.9097728496,8000000000,968466,970066,957001,13065,11438,1600,0,3.4312974488235244,3.4312974488235244
14,323,1,3000000,182.00526393486535,1222153.5596499941,5000000000,970066,971066,966001,5065,2455,1000,0,0.7364050064688648,0.7364050064688648
14,296,0,9000000,152.84600910720562,0,2000000000,970001,972001,885001,87000,0,2000,0.19999999999999998,0,0.19999999999999998
14,321,1,6000000,222.91501721508132,545688.4814744968,2000000000,973066,973466,960001,13465,10995,400,0,3.2985852938223044,3.2985852938223044
14,324,1,9000000,164.98168292268085,1802870.0116195122,7000000000,974266,975666,969001,6665,4992,1400,0,1.4976121309902974,1.4976121309902974
14,298,0,3000000,122.78249264451347,0,5000000000,972001,977001,891001,86000,0,5000,0.49999999999999994,0,0.49999999999999994
14,302,0,8000000,110.1269022537182,0,10000000000,977001,987001,903001,84000,0,10000,0.9999999999999999,0,0.9999999999999999
14,329,1,3000000,145.1836664366898,2981727.5882505067,9000000000,985642,987442,984001,3441,1006,1800,0,0.3018384387448568,0.3018384387448568
14,330,1,5000000,165.93247331369471,1762398.5181965628,3000000000,989838,990438,987001,3437,2837,600,0,0.8511128354414009,0.8511128354414009
14,331,1,5000000,169.33958928732525,1626323.314131859,4000000000,993075,993875,990001,3874,3074,800,0,0.9223258296587287,0.9223258296587287
14,305,0,3000000,194.7486713690237,0,8000000000,987001,995001,912001,83000,0,8000,0.7999999999999999,0,0.7999999999999999
14,332,1,3000000,170.36239755298115,1588040.5700455871,9000000000,994890,996690,993001,3689,1889,1800,0,0.5667361508114142,0.5667361508114142
14,306,0,9000000,211.70480981782157,0,4000000000,995001,999001,915001,84000,0,4000,0.39999999999999997,0,0.39999999999999997
15,1,1,10000000,154.75170596797955,2320596.4057487817,2000000000,4310,4710,1,4709,4309,400,0,1.292771113739615,1.292771113739615
15,2,1,5000000,151.07910279055807,2550514.4679216426,4000000000,4961,5761,3001,2760,1960,800,0,0.5881166403350445,0.5881166403350445
15,3,1,5000000,143.96651867708684,3081697.067648401,8000000000,7623,9223,6001,3222,1622,1600,0,0.48674479258424597,0.48674479258424597
15,4,0,5000000,142.59409875587414,0,2000000000,9001,11001,9001,2000,0,2000,0.19999999999999998,0,0.19999999999999998
15,5,1,4000000,145.34274835711616,2968959.2086826353,3000000000,13348,13948,12001,1947,1347,600,0,0.4041820434887198,0.4041820434887198
15,7,1,8000000,145.34274835711616,2968959.2086826353,9000000000,20696,22496,18001,4495,2695,1800,0,0.8083640869774396,0.8083640869774396
15,8,1,10000000,145.34274835711616,2968959.2086826353,3000000000,24369,24969,21001,3968,3368,600,0,1.0104551087217994,1.0104551087217994
15,6,0,5000000,145.34274835711616,0,10000000000,15001,25001,15001,10000,0,10000,0.9999999999999999,0,0.9999999999999999
15,9,0,8000000,145.34274835711616,0,4000000000,25001,29001,24001,5000,0,4000,0.39999999999999997,0,0.39999999999999997
15,10,1,8000000,145.34274835711616,2968959.2086826353,8000000000,29696,31296,27001,4295,2695,1600,0,0.8083640869774396,0.8083640869774396
15,11,1,2000000,147.72697519410596,2785444.9965076107,2000000000,31296,31696,30001,1695,718,400,0,0.21540543818035526,0.21540543818035526
15,12,0,8000000,157.57253060099018,0,3000000000,33001,36001,33001,3000,0,3000,0.3,0,0.3
15,13,0,10000000,176.80933148451186,0,7000000000,36001,43001,36001,7000,0,7000,0.7,0,0.7
15,14,0,10000000,200.7338299838869,0,4000000000,43001,47001,39001,8000,0,4000,0.39999999999999997,0,0.39999999999999997
15,17,0,2000000,180.86299151567744,0,5000000000,48001,53001,48001,5000,0,5000,0.49999999999999994,0,0.49999999999999994
15,15,1,3000000,190.32896390197683,1023391.7772629475,3000000000,57719,58319,42001,16318,2931,600,0,0.8794286020228169,0.8794286020228169
15,19,0,3000000,158.44899778793172,0,9000000000,54001,63001,54001,9000,0,9000,0.8999999999999999,0,0.8999999999999999
15,18,1,3000000,169.8104204694164,1608559.8342542418,10000000000,62719,64719,51001,13718,1865,2000,0,0.5595066971302667,0.5595066971302667
15,16,1,10000000,185.66820837181578,1129254.4209699363,7000000000,64719,66119,45001,21118,8855,1400,0,2.6566201064090125,2.6566201064090125
15,20,1,7000000,154.51580534042463,2334572.9946043584,9000000000,70719,72519,57001,15518,2998,1800,0,0.8995220988392734,0.8995220988392734
15,23,0,7000000,174.20781411865542,0,9000000000,66001,75001,66001,9000,0,9000,0.8999999999999999,0,0.8999999999999999
15,21,1,6000000,159.05436083301836,2082946.47636404,6000000000,75519,76719,60001,16718,2881,1200,0,0.8641604671196607,0.8641604671196607
15,24,0,7000000,155.62495076304444,0,3000000000,75001,78001,69001,9000,0,3000,0.3,0,0.3
15,27,1,8000000,113.54329790877136,7710493.3782223,3000000000,79039,79639,78001,1638,1038,600,0,0.31126412828245426,0.31126412828245426
15,22,1,2000000,169.6659411903285,1613985.0026451512,10000000000,79319,81319,63001,18318,1239,2000,0,0.3717506662184985,0.3717506662184985
15,25,0,8000000,133.34782075459648,0,10000000000,78001,88001,72001,16000,0,10000,0.9999999999999999,0,0.9999999999999999
15,30,1,6000000,155.1906972083056,2294861.8248947454,2000000000,89616,90016,87001,3015,2615,400,0,0.7843609495236419,0.7843609495236419
15,26,0,9000000,118.41844324259628,0,6000000000,88001,94001,75001,19000,0,6000,0.6,0,0.6
15,28,0,10000000,118.3479197113325,0,2000000000,94001,96001,81001,15000,0,2000,0.19999999999999998,0,0.19999999999999998
15,29,0,6000000,132.7757391242843,0,6000000000,96001,102001,84001,18000,0,6000,0.6,0,0.6
15,32,1,10000000,184.23121342487002,1164615.075548521,7000000000,101588,102988,93001,9987,8587,1400,0,2.5759584114837537,2.5759584114837537
15,31,0,3000000,179.91960982616652,0,10000000000,102001,112001,90001,22000,0,10000,0.9999999999999999,0,0.9999999999999999
15,38,1,9000000,150.79813559855438,2569240.6583551117,3000000000,114504,115104,111001,4103,3503,600,0,1.0508941586377523,1.0508941586377523
15,36,1,10000000,193.00301033921724,968214.5558407315,3000000000,115329,115929,105001,10928,10328,600,0,3.0984867784754635,3.0984867784754635
15,33,0,8000000,184.23121342487002,0,6000000000,112001,118001,96001,22000,0,6000,0.6,0,0.6
15,41,1,5000000,110.61881259532667,8510569.520887036,4000000000,120589,121389,120001,1388,588,800,0,0.17625142433989055,0.17625142433989055
15,34,0,2000000,192.79892764224599,0,5000000000,118001,123001,99001,24000,0,5000,0.49999999999999994,0,0.49999999999999994
15,35,0,6000000,203.4160903173591,0,4000000000,123001,127001,102001,25000,0,4000,0.39999999999999997,0,0.39999999999999997
15,43,1,9000000,122.75363823528815,5723541.418536776,6000000000,127573,128773,126001,2772,1572,1200,0,0.4717359065936934,0.4717359065936934
15,37,0,2000000,173.7056878746347,0,4000000000,127001,131001,108001,23000,0,4000,0.39999999999999997,0,0.39999999999999997
15,39,0,6000000,131.33335448392384,0,10000000000,131001,141001,114001,27000,0,10000,0.9999999999999999,0,0.9999999999999999
15,40,0,9000000,117.19503402448417,0,5000000000,141001,146001,117001,29000,0,5000,0.49999999999999994,0,0.49999999999999994
15,48,1,7000000,161.03035397092063,1983941.571990808,9000000000,144529,146329,141001,5328,3528,1800,0,1.0584989143066001,1.0584989143066001
15,42,0,4000000,112.6713277635442,0,9000000000,146001,155001,123001,32000,0,9000,0.8999999999999999,0,0.8999999999999999
15,50,1,7000000,170.39911061974473,1586687.3546430569,5000000000,154173,155173,147001,8172,4412,1000,0,1.3235121549654112,1.3235121549654112
15,51,1,7000000,173.91563155737322,1463451.9418703753,7000000000,156373,157773,150001,7772,4783,1400,0,1.4349634176002253,1.4349634176002253
15,53,1,3000000,173.91563155737322,1463451.9418703753,4000000000,159573,160373,156001,4372,2050,800,0,0.614984321828668,0.614984321828668
15,44,0,4000000,139.27711944178054,0,6000000000,155001,161001,129001,32000,0,6000,0.6,0,0.6
15,45,0,7000000,160.2630500146556,0,7000000000,161001,168001,132001,36000,0,7000,0.7,0,0.7
15,56,1,7000000,173.91563155737322,1463451.9418703753,7000000000,169834,171234,165001,6233,4783,1400,0,1.4349634176002253,1.4349634176002253
15,46,0,8000000,174.70233083734172,0,5000000000,168001,173001,135001,38000,0,5000,0.49999999999999994,0,0.49999999999999994
15,58,1,8000000,175.36583988907304,1416106.5699534935,3000000000,180718,181318,171001,10317,5649,600,0,1.6947877023682043,1.6947877023682043
15,47,0,8000000,165.13610689367724,0,10000000000,173001,183001,138001,45000,0,10000,0.9999999999999999,0,0.9999999999999999
15,49,0,6000000,162.85240495614428,0,4000000000,183001,187001,144001,43000,0,4000,0.39999999999999997,0,0.39999999999999997
15,52,0,8000000,173.91563155737322,0,5000000000,187001,192001,153001,39000,0,5000,0.49999999999999994,0,0.49999999999999994
15,61,1,4000000,196.08297427364772,909172.9667007726,7000000000,195829,197229,180001,17228,4400,1400,0,1.3198808631041758,1.3198808631041758
15,54,0,4000000,173.91563155737322,0,8000000000,192001,200001,159001,41000,0,8000,0.7999999999999999,0,0.7999999999999999
15,63,1,4000000,158.10075078885615,2132915.014048373,7000000000,200629,202029,186001,16028,1875,1400,0,0.5626103206626801,0.5626103206626801
15,62,1,9000000,175.45307435322985,1413319.7327826535,5000000000,203829,204829,183001,21828,6368,1000,0,1.9103957422882865,1.9103957422882865
15,55,0,2000000,173.91563155737322,0,5000000000,200001,205001,162001,43000,0,5000,0.49999999999999994,0,0.49999999999999994
15,64,1,4000000,149.80448925182446,2636845.1596287237,3000000000,209029,209629,189001,20628,1517,600,0,0.4550892932101344,0.4550892932101344
15,57,0,8000000,173.91563155737322,0,6000000000,205001,211001,168001,43000,0,6000,0.6,0,0.6
15,65,1,8000000,149.80448925182446,2636845.1596287237,10000000000,215429,217429,192001,25428,3034,2000,0,0.9101785864202688,0.9101785864202688
15,59,0,7000000,183.34664354713453,0,8000000000,211001,219001,174001,45000,0,8000,0.7999999999999999,0,0.7999999999999999
15,66,1,5000000,149.80448925182446,2636845.1596287237,8000000000,219229,220829,195001,25828,1896,1600,0,0.5688616165126681,0.5688616165126681
15,60,0,10000000,199.5140809567084,0,4000000000,219001,223001,177001,46000,0,4000,0.39999999999999997,0,0.39999999999999997
15,67,0,3000000,149.80448925182446,0,5000000000,223001,228001,198001,30000,0,5000,0.49999999999999994,0,0.49999999999999994
15,76,1,8000000,142.16674751853893,3237220.310455716,10000000000,227472,229472,225001,4471,2471,2000,0,0.7413767892930779,0.7413767892930779
15,77,1,10000000,139.11471705035376,3523731.7447137344,5000000000,230839,231839,228001,3838,2838,1000,0,0.8513701431729498,0.8513701431729498
15,68,0,4000000,149.80448925182446,0,5000000000,228001,233001,201001,32000,0,5000,0.49999999999999994,0,0.49999999999999994
15,78,1,8000000,152.06159936025924,2486345.3745041937,10000000000,234219,236219,231001,5218,3218,2000,0,0.9652721720040958,0.9652721720040958
15,70,1,5000000,146.41149305980048,2884906.620631025,2000000000,237429,237829,207001,30828,1733,400,0,0.5199475051542223,0.5199475051542223
15,71,1,10000000,140.1886799994921,3419477.218078147,4000000000,239829,240629,210001,30628,2924,800,0,0.877327090860425,0.877327090860425
15,69,0,5000000,149.80448925182446,0,10000000000,233001,243001,204001,39000,0,10000,0.9999999999999999,0,0.9999999999999999
15,72,1,2000000,139.21859538150784,3513478.2715934375,10000000000,243629,245629,213001,32628,569,2000,0,0.17077094366884676,0.17077094366884676
15,73,0,2000000,145.4665081728437,0,8000000000,243001,251001,216001,35000,0,8000,0.7999999999999999,0,0.7999999999999999
15,74,1,7000000,156.5971653638724,2214757.0278492076,3000000000,259029,259629,219001,40628,3161,600,0,0.948185274318488,0.948185274318488
15,75,0,8000000,165.98417876412202,0,10000000000,251001,261001,222001,39000,0,10000,0.9999999999999999,0,0.9999999999999999
15,86,0,8000000,66.1950239821695,0,7000000000,261001,268001,255001,13000,0,7000,0.7,0,0.7
15,88,0,3000000,78.89882445258614,0,5000000000,268001,273001,261001,12000,0,5000,0.49999999999999994,0,0.49999999999999994
15,89,0,7000000,92.32696518352591,0,9000000000,273001,282001,264001,18000,0,9000,0.8999999999999999,0,0.8999999999999999
15,80,1,2000000,143.72463950207006,3102053.809962832,4000000000,287029,287829,237001,50828,645,800,0,0.19342024244485592,0.19342024244485592
15,79,1,9000000,171.19883907316665,1557562.161043519,9000000000,287829,289629,234001,55628,5778,1800,0,1.733478167055036,1.733478167055036
15,97,1,3000000,178.51847327377635,1319577.1322865998,4000000000,290274,291074,288001,3073,2273,800,0,0.6820366752191704,0.6820366752191704
15,90,0,2000000,114.15341431599845,0,10000000000,282001,292001,267001,25000,0,10000,0.9999999999999999,0,0.9999999999999999
15,81,1,4000000,116.36150566231085,7024124.456532436,7000000000,291229,292629,240001,52628,569,1400,0,0.17083979753291528,0.17083979753291528
15,92,0,5000000,162.35164458668112,0,4000000000,292001,296001,273001,23000,0,4000,0.39999999999999997,0,0.39999999999999997
15,98,1,6000000,180.94739152582446,1250736.9332775327,9000000000,295798,297598,291001,6597,4797,1800,0,1.4391515530633079,1.4391515530633079
15,94,0,9000000,217.2181069800582,0,2000000000,296001,298001,279001,19000,0,2000,0.19999999999999998,0,0.19999999999999998
15,99,1,2000000,190.5681529007405,1018299.4851021527,3000000000,297598,298198,294001,4197,1964,600,0,0.5892176209239759,0.5892176209239759
15,82,1,2000000,91.78809617809925,16908563.746843055,4000000000,298429,299229,243001,56228,118,800,0,0.035484977256688886,0.035484977256688886
15,83,1,3000000,88.72527542927095,19067504.40891656,6000000000,302029,303229,246001,57228,157,1200,0,0.047200723319572535,0.047200723319572535
15,95,0,4000000,194.27395733859962,0,10000000000,298001,308001,282001,26000,0,10000,0.9999999999999999,0,0.9999999999999999
15,84,1,4000000,78.81975894406173,28562178.61520537,6000000000,307029,308229,249001,59228,140,1200,0,0.04201360183922272,0.04201360183922272
15,96,0,9000000,183.44171417646533,0,4000000000,308001,312001,285001,27000,0,4000,0.39999999999999997,0,0.39999999999999997
15,85,1,7000000,74.57924644296155,34177147.42111764,3000000000,311629,312229,252001,60228,205,600,0,0.06144456628063803,0.06144456628063803
15,102,1,4000000,238.84620679424657,414404.3854583818,4000000000,313203,314003,303001,11002,9652,800,0,2.8957222512803615,2.8957222512803615
15,101,1,7000000,227.51966464461927,502985.01201422676,6000000000,313918,315118,300001,15117,13917,1200,0,4.175074703698333,4.175074703698333
15,87,1,8000000,67.53874295543258,46343011.396929525,4000000000,316829,317629,258001,59628,173,800,0,0.051787743775300134,0.051787743775300134
15,100,0,10000000,206.60258783471232,0,7000000000,312001,319001,297001,22000,0,7000,0.7,0,0.7
15,107,1,6000000,174.74575817455488,1436114.0775842415,7000000000,322179,323579,318001,5578,4178,1400,0,1.2533823239361799,1.2533823239361799
15,103,0,3000000,216.7466098927501,0,6000000000,319001,325001,306001,19000,0,6000,0.6,0,0.6
15,91,1,4000000,139.2594305603753,3509457.638048135,7000000000,323829,325229,270001,55228,1140,1400,0,0.3419331770784409,0.3419331770784409
15,93,1,10000000,189.40159582221057,1043437.4831871641,9000000000,327029,328829,276001,52828,9584,1800,0,2.875112355401059,2.875112355401059
15,104,0,7000000,198.628857168338,0,4000000000,325001,329001,309001,20000,0,4000,0.39999999999999997,0,0.39999999999999997
15,111,1,6000000,62.97036287016294,56628670.5361179,10000000000,330425,332425,330001,2424,106,2000,0,0.03178601904227923,0.03178601904227923
15,105,0,8000000,186.0109709130083,0,7000000000,329001,336001,312001,24000,0,7000,0.7,0,0.7
15,113,1,9000000,14.134645379350692,443940004.8624094,10000000000,336854,338854,336001,2853,20,2000,0,0.006081902893245254,0.006081902893245254
15,114,1,2000000,26.741774436263626,261755803.7787268,2000000000,340054,340454,339001,1453,8,400,0,0.002292212785116334,0.002292212785116334
15,106,0,8000000,180.13300225111448,0,10000000000,336001,346001,315001,31000,0,10000,0.9999999999999999,0,0.9999999999999999
15,108,0,8000000,146.20384741859567,0,5000000000,346001,351001,321001,30000,0,5000,0.49999999999999994,0,0.49999999999999994
15,118,1,4000000,137.1987674871753,3719629.311443371,8000000000,353844,355444,351001,4443,1075,1600,0,0.3226127927071179,0.3226127927071179
15,109,0,9000000,117.00941671506617,0,6000000000,351001,357001,324001,33000,0,6000,0.6,0,0.6
15,119,1,3000000,166.4632142546816,1740296.9626083141,8000000000,355725,357325,354001,3324,1724,1600,0,0.5171531177363559,0.5171531177363559
15,120,1,5000000,122.79655084732627,5715853.594636937,4000000000,359125,359925,357001,2924,875,800,0,0.2624279952529606,0.2624279952529606
15,110,0,8000000,90.30622680635042,0,8000000000,357001,365001,327001,38000,0,8000,0.7999999999999999,0,0.7999999999999999
15,112,0,5000000,34.8772131914234,0,2000000000,365001,367001,333001,34000,0,2000,0.19999999999999998,0,0.19999999999999998
15,122,1,2000000,172.27528116360745,1519399.8118366122,7000000000,366678,368078,363001,5077,1316,1400,0,0.39489276971459875,0.39489276971459875
15,123,1,3000000,190.811777676327,1013145.1376754823,3000000000,368962,369562,366001,3561,2961,600,0,0.8883228735272048,0.8883228735272048
15,115,0,10000000,54.06667180435646,0,5000000000,367001,372001,342001,30000,0,5000,0.49999999999999994,0,0.49999999999999994
15,124,1,2000000,186.9716320728895,1098328.9841696646,7000000000,370822,372222,369001,3221,1821,1400,0,0.5462844089957248,0.5462844089957248
15,125,1,9000000,189.9835584991501,1030801.463824369,5000000000,380947,381947,372001,9946,8731,1000,0,2.6193210766142587,2.6193210766142587
15,116,0,8000000,82.82092972190065,0,10000000000,372001,382001,345001,37000,0,10000,0.9999999999999999,0,0.9999999999999999
15,127,1,3000000,207.793320633749,721846.2358674882,2000000000,382157,382557,378001,4556,4156,400,0,1.2468029273830226,1.2468029273830226
15,117,0,8000000,107.9896754324228,0,2000000000,382001,384001,348001,36000,0,2000,0.19999999999999998,0,0.19999999999999998
15,121,0,9000000,144.13737058792213,0,4000000000,384001,388001,360001,28000,0,4000,0.39999999999999997,0,0.39999999999999997
15,126,0,8000000,197.06458256114922,0,6000000000,388001,394001,375001,19000,0,6000,0.6,0,0.6
15,128,0,10000000,223.62031146566272,0,7000000000,394001,401001,381001,20000,0,7000,0.7,0,0.7
15,133,1,4000000,208.64660193734292,710167.8033943787,4000000000,401633,402433,396001,6432,5632,800,0,1.6897414868209701,1.6897414868209701
15,131,0,8000000,237.7473499326544,0,2000000000,401001,403001,390001,13000,0,2000,0.19999999999999998,0,0.19999999999999998
15,129,1,9000000,230.29132376188207,479282.89121305104,8000000000,403238,404838,384001,20837,18778,1600,0,5.633416192191586,5.633416192191586
15,132,1,6000000,221.807151597959,556630.4166859257,8000000000,404399,405999,393001,12998,10779,1600,0,3.2337435146229816,3.2337435146229816
15,134,0,6000000,196.1467623999947,0,5000000000,403001,408001,399001,9000,0,5000,0.49999999999999994,0,0.49999999999999994
15,135,1,6000000,189.98381746875188,1030795.8834029206,7000000000,407822,409222,402001,7221,5821,1400,0,1.7462235045581869,1.7462235045581869
15,130,1,10000000,246.5035030177057,365386.9610481868,3000000000,414369,414969,387001,27968,27368,600,0,8.210473606923165,8.210473606923165
15,137,1,5000000,196.8197208106951,895719.8405415398,10000000000,413583,415583,408001,7582,5582,2000,0,1.674630762999646,1.674630762999646
15,136,0,8000000,190.3183304361406,0,9000000000,408001,417001,405001,12000,0,9000,0.8999999999999999,0,0.8999999999999999
15,139,1,2000000,161.72891207202244,1950342.172440277,10000000000,416183,418183,414001,4182,1025,2000,0,0.3076383254581822,0.3076383254581822
15,140,1,10000000,130.56392189268826,4510295.361709685,6000000000,419783,420983,417001,3982,2217,1200,0,0.6651449094595019,0.6651449094595019
15,141,0,5000000,102.18305975062592,0,2000000000,420001,422001,420001,2000,0,2000,0.19999999999999998,0,0.19999999999999998
15,138,1,9000000,192.21335281400198,984114.7693763551,9000000000,420983,422783,411001,11782,9145,1800,0,2.7435824397910635,2.7435824397910635
15,144,1,3000000,75.22609254773243,33246915.762180384,7000000000,429091,430491,429001,1490,90,1400,0,0.027070180176646155,0.027070180176646155
15,142,0,7000000,79.63754453773674,0,9000000000,423001,432001,423001,9000,0,9000,0.8999999999999999,0,0.8999999999999999
15,145,1,7000000,95.46639722960117,14682362.61430007,2000000000,432770,433170,432001,1169,477,400,0,0.14302875192271022,0.14302875192271022
15,143,0,3000000,68.89325438676853,0,3000000000,432001,435001,426001,9000,0,3000,0.3,0,0.3
15,146,0,3000000,68.73000654735894,0,6000000000,435001,441001,435001,6000,0,6000,0.6,0,0.6
15,147,0,7000000,73.23473834185528,0,3000000000,441001,444001,438001,6000,0,3000,0.3,0,0.3
15,148,0,3000000,90.56858450919947,0,2000000000,444001,446001,441001,5000,0,2000,0.19999999999999998,0,0.19999999999999998
15,149,0,8000000,108.94417698986945,0,3000000000,446001,449001,444001,5000,0,3000,0.3,0,0.3
15,150,0,10000000,98.70044478116596,0,2000000000,449001,451001,447001,4000,0,2000,0.19999999999999998,0,0.19999999999999998
15,151,1,5000000,85.65576746489401,21557993.05981534,9000000000,451457,453257,450001,3256,232,1800,0,0.06957976078005328,0.06957976078005328
15,152,0,3000000,69.18882930068985,0,6000000000,453001,459001,453001,6000,0,6000,0.6,0,0.6
15,153,0,9000000,66.50700414242093,0,4000000000,459001,463001,456001,7000,0,4000,0.39999999999999997,0,0.39999999999999997
15,157,1,8000000,112.11689658566199,8088803.8549899645,7000000000,468990,470390,468001,2389,989,1400,0,0.2967064158094828,0.2967064158094828
15,154,0,7000000,79.46971058208287,0,8000000000,463001,471001,459001,12000,0,8000,0.7999999999999999,0,0.7999999999999999
15,158,1,8000000,105.60548328567043,10128680.302051874,5000000000,471791,472791,471001,1790,790,1000,0,0.23695090855161127,0.23695090855161127
15,155,0,7000000,102.29389082442805,0,5000000000,471001,476001,462001,14000,0,5000,0.49999999999999994,0,0.49999999999999994
15,159,1,4000000,105.72536923558134,10085878.864613306,10000000000,474398,476398,474001,2397,397,2000,0,0.1189782284824227,0.1189782284824227
15,156,0,5000000,122.0901511179341,0,4000000000,476001,480001,465001,15000,0,4000,0.39999999999999997,0,0.39999999999999997
15,161,1,7000000,123.66430851300638,5563065.906885013,7000000000,481259,482659,480001,2658,1258,1400,0,0.37748968557086093,0.37748968557086093
15,162,1,6000000,139.56646946885203,3479407.416059671,5000000000,484725,485725,483001,2724,1724,1000,0,0.5173294715910126,0.5173294715910126
15,163,1,2000000,158.6700743681681,2102906.465186763,6000000000,486952,488152,486001,2151,951,1200,0,0.2853193948151721,0.2853193948151721
15,160,0,5000000,112.45534802756161,0,10000000000,480001,490001,477001,13000,0,10000,0.9999999999999999,0,0.9999999999999999
15,164,0,6000000,179.76801328378755,0,4000000000,490001,494001,489001,5000,0,4000,0.39999999999999997,0,0.39999999999999997
15,166,1,6000000,168.82159222090053,1646148.5469459961,2000000000,498646,499046,495001,4045,3645,400,0,1.0934614639361895,1.0934614639361895
15,167,1,7000000,150.06800125276547,2618704.463620241,4000000000,500674,501474,498001,3473,2673,800,0,0.8019232521935082,0.8019232521935082
15,168,1,2000000,131.9356396126536,4331060.835019518,3000000000,501474,502074,501001,1073,462,600,0,0.13853418893325153,0.13853418893325153
15,165,1,10000000,190.8308761704981,1012742.4467418732,9000000000,504074,505874,492001,13873,9874,1800,0,2.962253640746863,2.962253640746863
15,169,1,8000000,117.20300081482559,6833716.551118694,4000000000,505874,506674,504001,2673,1171,800,0,0.35119981668059014,0.35119981668059014
15,170,1,10000000,107.2870113294242,9547701.036283279,3000000000,508074,508674,507001,1673,1047,600,0,0.31421176559669883,0.31421176559669883
15,171,1,3000000,103.58189899784608,10885065.802883478,6000000000,510277,511477,510001,1476,276,1200,0,0.08268209088470443,0.08268209088470443
15,172,1,2000000,106.23341517620537,9906888.43626196,4000000000,514993,515793,513001,2792,202,800,0,0.060563920130949855,0.060563920130949855
15,174,1,2000000,129.23143967316932,4693194.637320748,3000000000,520393,520993,519001,1992,426,600,0,0.1278446871196734,0.1278446871196734
15,173,0,10000000,115.19831682798153,0,5000000000,516001,521001,516001,5000,0,5000,0.49999999999999994,0,0.49999999999999994
15,175,0,7000000,146.88731224990124,0,4000000000,522001,526001,522001,4000,0,4000,0.39999999999999997,0,0.39999999999999997
15,176,0,7000000,166.41724820462565,0,8000000000,526001,534001,525001,9000,0,8000,0.7999999999999999,0,0.7999999999999999
15,177,0,10000000,168.9506839287725,0,7000000000,534001,541001,528001,13000,0,7000,0.7,0,0.7
15,179,1,7000000,133.74801531237765,4107457.522672699,9000000000,539858,541658,534001,7657,1704,1800,0,0.5112651776453533,0.5112651776453533
15,180,1,6000000,119.51336159609944,6342315.13253787,5000000000,544858,545858,537001,8857,946,1000,0,0.2838080357700126,0.2838080357700126
15,178,0,8000000,151.44109646988164,0,10000000000,541001,551001,531001,20000,0,10000,0.9999999999999999,0,0.9999999999999999
15,185,1,6000000,118.68029533161778,6514386.378349443,2000000000,552922,553322,552001,1321,921,400,0,0.2763115196823907,0.2763115196823907
15,181,0,6000000,110.10398448739255,0,6000000000,551001,557001,540001,17000,0,6000,0.6,0,0.6
15,182,0,3000000,164.0205334706603,0,2000000000,557001,559001,543001,16000,0,2000,0.19999999999999998,0,0.19999999999999998
15,188,1,2000000,72.0262521585012,38136042.499245584,6000000000,561053,562253,561001,1252,52,1200,0,0.015733147979680097,0.015733147979680097
15,183,0,3000000,148.26992142710537,0,6000000000,559001,565001,546001,19000,0,6000,0.6,0,0.6
15,189,1,2000000,46.917725861341594,114188498.42712566,3000000000,566653,567253,564001,3252,18,600,0,0.005254469655566195,0.005254469655566195
15,190,1,9000000,24.14640760030364,290568152.4370284,8000000000,568253,569853,567001,2852,31,1600,0,0.009292140165241065,0.009292140165241065
15,184,0,7000000,131.84351519889026,0,6000000000,565001,571001,549001,22000,0,6000,0.6,0,0.6
15,191,1,10000000,11.387010143141147,506220598.3955834,5000000000,573853,574853,570001,4852,20,1000,0,0.005926270107356766,0.005926270107356766
15,192,1,3000000,31.329838812224995,217740786.9167404,8000000000,576853,578453,573001,5452,14,1600,0,0.004133355136372046,0.004133355136372046
15,186,0,2000000,109.97231106055735,0,10000000000,571001,581001,555001,26000,0,10000,0.9999999999999999,0,0.9999999999999999
15,193,1,6000000,56.05619769481333,76775782.44268863,10000000000,579653,581653,576001,5652,78,2000,0,0.02344489294320978,0.02344489294320978
15,187,0,7000000,97.2800174753274,0,2000000000,581001,583001,558001,25000,0,2000,0.19999999999999998,0,0.19999999999999998
15,194,1,8000000,79.78156428649419,27436507.433979925,7000000000,584653,586053,579001,7052,292,1400,0,0.08747469063892646,0.08747469063892646
15,196,1,8000000,130.54173623787906,4513268.280210331,4000000000,587853,588653,585001,3652,1773,800,0,0.5317654194242034,0.5317654194242034
15,197,1,2000000,155.99115519797914,2248840.4621792543,8000000000,588890,590490,588001,2489,889,1600,0,0.2668041642307369,0.2668041642307369
15,195,0,4000000,105.11997907153521,0,10000000000,583001,593001,582001,11000,0,10000,0.9999999999999999,0,0.9999999999999999
15,198,0,2000000,176.20090834045095,0,6000000000,593001,599001,591001,8000,0,6000,0.6,0,0.6
15,200,1,2000000,183.33618437177094,1187336.7740234516,5000000000,598685,599685,597001,2684,1684,1000,0,0.5053326176084134,0.5053326176084134
15,201,1,2000000,194.35831085909342,941663.1575067315,7000000000,602125,603525,600001,3524,2124,1400,0,0.6371705160353063,0.6371705160353063
15,199,0,8000000,177.44194881707085,0,5000000000,599001,604001,594001,10000,0,5000,0.49999999999999994,0,0.49999999999999994
15,202,1,3000000,209.69900047448965,696086.577231807,6000000000,607311,608511,603001,5510,4310,1200,0,1.2929426158152835,1.2929426158152835
15,204,0,10000000,236.54432819241302,0,3000000000,609001,612001,609001,3000,0,3000,0.3,0,0.3
15,205,0,7000000,216.28105834769718,0,7000000000,612001,619001,612001,7000,0,7000,0.7,0,0.7
15,203,1,7000000,228.21048705088032,496943.0458173851,10000000000,620087,622087,606001,16086,14086,2000,0,4.225836376371591,4.225836376371591
15,207,1,5000000,185.95938293078947,1122252.8889484373,3000000000,622456,623056,618001,5055,4455,600,0,1.3365971384627182,1.3365971384627182
15,208,1,2000000,177.8150828810649,1340387.021907547,7000000000,623056,624456,621001,3455,1492,1400,0,0.44763190794411084,0.44763190794411084
15,206,0,3000000,199.12059511763215,0,8000000000,619001,627001,615001,12000,0,8000,0.7999999999999999,0,0.7999999999999999
15,211,0,7000000,186.07233539674834,0,3000000000,630001,633001,630001,3000,0,3000,0.3,0,0.3
15,209,1,9000000,175.21246559534518,1421022.9220444506,5000000000,632441,633441,624001,9440,6333,1000,0,1.9000397235784645,1.9000397235784645
15,210,1,9000000,178.38596637628197,1323466.4951587755,8000000000,635441,637041,627001,10040,6800,1600,0,2.0400969800720814,2.0400969800720814
15,213,0,9000000,206.21590166619066,0,4000000000,636001,640001,636001,4000,0,4000,0.39999999999999997,0,0.39999999999999997
15,214,1,5000000,182.32225755513227,1213747.0587779407,9000000000,643696,645496,639001,6495,4119,1800,0,1.2358423356430397,1.2358423356430397
15,215,1,7000000,160.32594924091356,2018551.8954477857,5000000000,645496,646496,642001,4495,3468,1000,0,1.0403497699196613,1.0403497699196613
15,212,1,9000000,207.6875434396584,723310.5777429526,10000000000,646429,648429,633001,15428,12443,2000,0,3.732836326582128,3.732836326582128
15,216,1,9000000,137.67794957799163,3669403.1517740916,10000000000,647696,649696,645001,4695,2453,2000,0,0.7358144876216716,0.7358144876216716
15,217,0,2000000,116.23579354054408,0,5000000000,648001,653001,648001,5000,0,5000,0.49999999999999994,0,0.49999999999999994
15,218,1,7000000,96.66868210542648,14030766.827201424,2000000000,653496,653896,651001,2895,499,400,0,0.1496710782712698,0.1496710782712698
15,219,0,3000000,84.3259704954529,0,2000000000,654001,656001,654001,2000,0,2000,0.19999999999999998,0,0.19999999999999998
15,220,0,10000000,73.1468174290584,0,5000000000,657001,662001,657001,5000,0,5000,0.49999999999999994,0,0.49999999999999994
15,221,0,3000000,68.36148111327023,0,3000000000,662001,665001,660001,5000,0,3000,0.3,0,0.3
15,224,1,5000000,88.30432888596123,19388575.218909286,2000000000,669720,670120,669001,1119,258,400,0,0.07736514844768379,0.07736514844768379
15,222,0,5000000,72.81893778406825,0,9000000000,665001,674001,663001,11000,0,9000,0.8999999999999999,0,0.8999999999999999
15,226,1,7000000,125.35584110842221,5279323.152401586,6000000000,679457,680657,675001,5656,1326,1200,0,0.3977782642543299,0.3977782642543299
15,223,0,4000000,85.56167658478886,0,7000000000,674001,681001,666001,15000,0,7000,0.7,0,0.7
15,227,1,2000000,136.7228561726239,3770352.86616931,3000000000,682057,682657,678001,4656,530,600,0,0.15913629872251236,0.15913629872251236
15,225,0,6000000,104.89326813480456,0,8000000000,681001,689001,672001,17000,0,8000,0.7999999999999999,0,0.7999999999999999
15,230,1,6000000,136.7228561726239,3770352.86616931,9000000000,688592,690392,687001,3391,1591,1800,0,0.47740889616753707,0.47740889616753707
15,228,0,5000000,136.7228561726239,0,8000000000,689001,697001,681001,16000,0,8000,0.7999999999999999,0,0.7999999999999999
15,233,1,5000000,145.2021108661992,2980243.7143652504,6000000000,697679,698879,696001,2878,1678,1200,0,0.5033145419516399,0.5033145419516399
15,229,0,4000000,136.7228561726239,0,9000000000,697001,706001,684001,22000,0,9000,0.8999999999999999,0,0.8999999999999999
15,231,0,6000000,136.7228561726239,0,4000000000,706001,710001,690001,20000,0,4000,0.39999999999999997,0,0.39999999999999997
15,236,1,10000000,209.66351804737042,696555.6376539941,2000000000,719357,719757,705001,14756,14356,400,0,4.306906495084912,4.306906495084912
15,232,0,3000000,136.7228561726239,0,10000000000,710001,720001,693001,27000,0,10000,0.9999999999999999,0,0.9999999999999999
15,241,1,2000000,107.8771486460409,9353354.162498774,4000000000,721177,721977,720001,1976,214,800,0,0.06414811088899347,0.06414811088899347
15,234,0,10000000,168.51298495961666,0,4000000000,720001,724001,699001,25000,0,4000,0.39999999999999997,0,0.39999999999999997
15,243,1,4000000,69.97316628536966,41679853.6811888,3000000000,729777,730377,726001,4376,96,600,0,0.028790888019397994,0.028790888019397994
15,235,0,3000000,198.02892162509997,0,9000000000,724001,733001,702001,31000,0,9000,0.8999999999999999,0,0.8999999999999999
15,244,1,8000000,73.3327348460427,36051145.40427722,10000000000,734177,736177,729001,7176,222,2000,0,0.06657208732445034,0.06657208732445034
15,245,1,9000000,92.60458142014355,16382046.429538175,4000000000,736177,736977,732001,4976,549,800,0,0.1648145737843642,0.1648145737843642
15,237,0,9000000,196.51949343512973,0,7000000000,733001,740001,708001,32000,0,7000,0.7,0,0.7
15,246,1,10000000,117.44936696295986,6779161.414006438,2000000000,743777,744177,735001,9176,1475,400,0,0.4425326108627085,0.4425326108627085
15,238,0,4000000,187.4429886658874,0,8000000000,740001,748001,711001,37000,0,8000,0.7999999999999999,0,0.7999999999999999
15,239,0,6000000,162.70981838844267,0,3000000000,748001,751001,714001,37000,0,3000,0.3,0,0.3
15,240,0,7000000,134.30458257259878,0,3000000000,751001,754001,717001,37000,0,3000,0.3,0,0.3
15,249,1,9000000,192.33875870453156,981568.0525612764,8000000000,753777,755377,744001,11376,9169,1600,0,2.7507007720500836,2.7507007720500836
15,242,0,7000000,85.15037580656943,0,2000000000,754001,756001,723001,33000,0,2000,0.19999999999999998,0,0.19999999999999998
15,251,1,6000000,226.34748706358553,513448.10656866163,4000000000,761687,762487,750001,12486,11686,800,0,3.5057096851116585,3.5057096851116585
15,247,0,4000000,140.75507273274383,0,10000000000,756001,766001,738001,28000,0,10000,0.9999999999999999,0,0.9999999999999999
15,248,0,7000000,165.47755678641136,0,10000000000,766001,776001,741001,35000,0,10000,0.9999999999999999,0,0.9999999999999999
15,250,0,8000000,213.3867317805866,0,5000000000,776001,781001,747001,34000,0,5000,0.49999999999999994,0,0.49999999999999994
15,254,1,9000000,219.86998999408718,576428.7185649727,10000000000,780836,782836,759001,23835,15613,2000,0,4.684013674269539,4.684013674269539
15,260,1,2000000,229.46929402427682,486164.42316733836,5000000000,782836,783836,777001,6835,4114,1000,0,1.2341503643788416,1.2341503643788416
15,259,1,5000000,213.6731452475954,645951.7578478387,3000000000,783836,784436,774001,10435,7741,600,0,2.32215483861775,2.32215483861775
15,258,1,9000000,204.2100105283774,773582.9809213999,8000000000,785636,787236,771001,16235,11634,1600,0,3.4902525864569585,3.4902525864569585
15,252,0,5000000,245.09218673797008,0,9000000000,781001,790001,753001,37000,0,9000,0.8999999999999999,0,0.8999999999999999
15,253,0,10000000,237.80074369101538,0,9000000000,790001,799001,756001,43000,0,9000,0.8999999999999999,0,0.8999999999999999
15,255,0,2000000,205.36063546843636,0,4000000000,799001,803001,762001,41000,0,4000,0.39999999999999997,0,0.39999999999999997
15,265,1,3000000,217.1352573858055,605897.574367447,2000000000,803036,803436,792001,11435,4951,400,0,1.4853995758929945,1.4853995758929945
15,256,0,7000000,206.794439480369,0,5000000000,803001,808001,765001,43000,0,5000,0.49999999999999994,0,0.49999999999999994
15,262,1,10000000,239.67697031629888,408704.75031504553,8000000000,813689,815289,783001,32288,24468,1600,0,7.34026212733638,7.34026212733638
15,257,0,6000000,217.96197283012467,0,8000000000,808001,816001,768001,48000,0,8000,0.7999999999999999,0,0.7999999999999999
15,261,0,3000000,248.3862967234706,0,2000000000,816001,818001,780001,38000,0,2000,0.19999999999999998,0,0.19999999999999998
15,269,1,8000000,214.98233346021718,630428.1041659522,2000000000,820889,821289,804001,17288,12690,400,0,3.8069368800985917,3.8069368800985917
15,273,1,2000000,217.94266447852746,597005.5734957064,10000000000,820976,822976,816001,6975,3350,2000,0,1.0050157429632691,1.0050157429632691
15,270,1,8000000,221.65569178345046,558147.5070735234,7000000000,821889,823289,807001,16288,14333,1400,0,4.299938581798331,4.299938581798331
15,263,0,10000000,222.35628212398225,0,10000000000,818001,828001,786001,42000,0,10000,0.9999999999999999,0,0.9999999999999999
15,272,1,6000000,238.77218012155436,414917.0607329453,8000000000,827462,829062,813001,16061,14461,1600,0,4.338216405997683,4.338216405997683
15,276,1,5000000,188.78447817551103,1057048.1303753965,9000000000,830462,832262,825001,7261,4730,1800,0,1.4190460745314362,1.4190460745314362
15,271,1,8000000,240.74463586962847,401522.6732879179,5000000000,831646,832646,810001,22645,19924,1000,0,5.977246515987015,5.977246515987015
15,278,1,3000000,193.3705055069154,960923.9209883021,4000000000,836062,836862,831001,5861,3122,800,0,0.9365986009322753,0.9365986009322753
15,264,0,8000000,208.10032892813985,0,10000000000,828001,838001,789001,49000,0,10000,0.9999999999999999,0,0.9999999999999999
15,279,1,5000000,167.3033236370396,1706010.9497694636,4000000000,838262,839062,834001,5061,2931,800,0,0.8792440635874569,0.8792440635874569
15,277,1,10000000,193.04474325917295,967383.1698450659,3000000000,839062,839662,828001,11661,10337,600,0,3.1011496721412612,3.1011496721412612
15,281,1,6000000,117.0632790417217,6864893.58620911,6000000000,840875,842075,840001,2074,874,1200,0,0.2622036273972289,0.2622036273972289
15,266,0,3000000,235.9502812034773,0,6000000000,838001,844001,795001,49000,0,6000,0.6,0,0.6
15,282,1,2000000,93.75568302775035,15671991.937642379,7000000000,843675,845075,843001,2074,128,1400,0,0.03828485889906993,0.03828485889906993
15,283,1,7000000,74.28906581725201,34603697.00147163,3000000000,847811,848411,846001,2410,202,600,0,0.060687157210707596,0.060687157210707596
15,267,0,9000000,248.84310317949337,0,5000000000,844001,849001,798001,51000,0,5000,0.49999999999999994,0,0.49999999999999994
15,268,0,6000000,227.25055467479064,0,3000000000,849001,852001,801001,51000,0,3000,0.3,0,0.3
15,285,1,6000000,67.35215289803293,46722483.35462652,6000000000,852129,853329,852001,1328,128,1200,0,0.03852534948405652,0.03852534948405652
15,274,0,10000000,201.92111157578347,0,3000000000,852001,855001,819001,36000,0,3000,0.3,0,0.3
15,275,0,3000000,191.84300508488704,0,5000000000,855001,860001,822001,38000,0,5000,0.49999999999999994,0,0.49999999999999994
15,287,1,6000000,111.83725005560531,8165582.857416582,5000000000,860920,861920,858001,3919,735,1000,0,0.22043741780969228,0.22043741780969228
15,280,0,9000000,139.99128580022398,0,3000000000,860001,863001,837001,26000,0,3000,0.3,0,0.3
15,289,1,10000000,98.7246620657675,12993930.805607434,5000000000,866341,867341,864001,3340,770,1000,0,0.23087701826958879,0.23087701826958879
15,284,0,6000000,63.750847053196054,0,5000000000,863001,868001,849001,19000,0,5000,0.49999999999999994,0,0.49999999999999994
15,290,1,7000000,124.78542102345126,5372986.251802053,2000000000,868304,868704,867001,1703,1303,400,0,0.3908441044857835,0.3908441044857835
15,286,0,10000000,82.65108650223537,0,10000000000,868001,878001,855001,23000,0,10000,0.9999999999999999,0,0.9999999999999999
15,288,0,6000000,80.58821874194766,0,5000000000,878001,883001,861001,22000,0,5000,0.49999999999999994,0,0.49999999999999994
15,294,1,6000000,57.23134193778789,72911084.19491144,10000000000,881009,883009,879001,4008,82,2000,0,0.02468760435914111,0.02468760435914111
15,291,0,8000000,121.94293788489765,0,3000000000,883001,886001,870001,16000,0,3000,0.3,0,0.3
15,296,1,5000000,10.267200202586883,536067918.4703228,7000000000,885010,886410,885001,1409,9,1400,0,0.0027981528987600503,0.0027981528987600503
15,298,1,4000000,46.802962513071755,114750591.8069379,8000000000,891036,892636,891001,1635,35,1600,0,0.01045746240698209,0.01045746240698209
15,292,0,3000000,97.39587106238125,0,7000000000,886001,893001,873001,20000,0,7000,0.7,0,0.7
15,293,0,6000000,70.48359312634395,0,2000000000,893001,895001,876001,19000,0,2000,0.19999999999999998,0,0.19999999999999998
15,300,1,9000000,100.7846540897968,12044945.967238205,7000000000,897748,899148,897001,2147,747,1400,0,0.22416040780455948,0.22416040780455948
15,295,0,9000000,34.95854974108628,0,7000000000,895001,902001,882001,20000,0,7000,0.7,0,0.7
15,303,1,5000000,151.78750179115536,2504044.4419763517,5000000000,907998,908998,906001,2997,1997,1000,0,0.5990309017103963,0.5990309017103963
15,297,0,4000000,20.988272916083446,0,9000000000,902001,911001,888001,23000,0,9000,0.8999999999999999,0,0.8999999999999999
15,304,1,8000000,124.86669892329184,5359516.979204985,3000000000,910598,911198,909001,2197,1493,600,0,0.44780154803353356,0.44780154803353356
15,299,0,2000000,73.93143039330435,0,9000000000,911001,920001,894001,26000,0,9000,0.8999999999999999,0,0.8999999999999999
15,308,1,5000000,86.45786546058146,20872784.12216401,8000000000,921241,922841,921001,1840,240,1600,0,0.07186391576805547,0.07186391576805547
15,301,0,4000000,127.6675796747162,0,8000000000,920001,928001,900001,28000,0,8000,0.7999999999999999,0,0.7999999999999999
15,310,1,9000000,140.9231411089038,3350363.4451996055,5000000000,929687,930687,927001,3686,2686,1000,0,0.805882718147655,0.805882718147655
15,302,0,2000000,154.57587133831717,0,10000000000,928001,938001,903001,35000,0,10000,0.9999999999999999,0,0.9999999999999999
15,305,0,3000000,97.9570400736976,0,10000000000,938001,948001,912001,36000,0,10000,0.9999999999999999,0,0.9999999999999999
15,316,1,5000000,167.68794649586476,1690593.8922921065,6000000000,947959,949159,945001,4158,2958,1200,0,0.8872621667680939,0.8872621667680939
15,314,1,8000000,208.88024152609555,707011.2382758816,4000000000,950316,951116,939001,12115,11315,800,0,3.394571217640957,3.394571217640957
15,306,0,10000000,73.18965227407497,0,5000000000,948001,953001,915001,38000,0,5000,0.49999999999999994,0,0.49999999999999994
15,315,1,10000000,195.0633909784201,928208.5279265309,4000000000,954550,955350,942001,13349,10773,800,0,3.2320323609841415,3.2320323609841415
15,318,1,4000000,165.12607062484105,1796650.272861033,5000000000,955350,956350,951001,5349,2226,1000,0,0.6679096194325502,0.6679096194325502
15,307,0,7000000,68.36186071194957,0,5000000000,953001,958001,918001,40000,0,5000,0.49999999999999994,0,0.49999999999999994
15,319,1,3000000,165.12607062484105,1796650.272861033,9000000000,957350,959150,954001,5149,1670,1800,0,0.5009322145744126,0.5009322145744126
15,320,1,4000000,165.12607062484105,1796650.272861033,9000000000,959227,961027,957001,4026,2226,1800,0,0.6679096194325502,0.6679096194325502
15,309,0,2000000,112.00208256992372,0,4000000000,958001,962001,924001,38000,0,4000,0.39999999999999997,0,0.39999999999999997
15,311,0,3000000,169.4539772327578,0,3000000000,962001,965001,930001,35000,0,3000,0.3,0,0.3
15,321,1,9000000,165.12607062484105,1796650.272861033,5000000000,965627,966627,960001,6626,5009,1000,0,1.5027966437232378,1.5027966437232378
15,312,0,3000000,174.0341161956471,0,10000000000,965001,975001,933001,42000,0,10000,0.9999999999999999,0,0.9999999999999999
15,325,1,6000000,144.76627300583516,3015552.5385022038,3000000000,974637,975237,972001,3236,1990,600,0,0.5969055345638391,0.5969055345638391
15,313,0,8000000,183.144109924398,0,4000000000,975001,979001,936001,43000,0,4000,0.39999999999999997,0,0.39999999999999997
15,317,0,8000000,165.12607062484105,0,2000000000,979001,981001,948001,33000,0,2000,0.19999999999999998,0,0.19999999999999998
15,326,1,4000000,157.8742822628182,2144999.3588455655,10000000000,980637,982637,975001,7636,1865,2000,0,0.559440726661027,0.559440726661027
15,329,1,10000000,113.1652707326766,7808629.281020439,10000000000,985282,987282,984001,3281,1281,2000,0,0.38419034788753054,0.38419034788753054
15,322,0,8000000,156.48366687932642,0,7000000000,981001,988001,963001,25000,0,7000,0.7,0,0.7
15,330,1,10000000,98.81672176307009,12949668.165082429,10000000000,987773,989773,987001,2772,772,2000,0,0.23166616794777953,0.23166616794777953
15,323,0,7000000,141.4154563688142,0,5000000000,988001,993001,966001,27000,0,5000,0.49999999999999994,0,0.49999999999999994
15,332,1,8000000,102.09493866005309,11484170.02271133,6000000000,993848,995048,993001,2047,697,1200,0,0.2089833218468301,0.2089833218468301
15,333,1,2000000,118.87634668006916,6473385.409924384,4000000000,996310,997110,996001,1109,309,800,0,0.0926872049175593,0.0926872049175593
16,1,0,6000000,236.89871337767963,0,6000000000,1,6001,1,6000,0,6000,0.6,0,0.6
16,3,1,3000000,214.616972767766,634713.1242910848,8000000000,13159,14759,6001,8758,4727,1600,0,1.4179634319129855,1.4179634319129855
16,2,0,2000000,230.51820774073354,0,9000000000,6001,15001,3001,12000,0,9000,0.8999999999999999,0,0.8999999999999999
16,6,1,4000000,179.29873870164286,1296960.612719898,7000000000,20159,21559,15001,6558,3084,1400,0,0.9252401254371488,0.9252401254371488
16,4,0,8000000,199.21633718146714,0,8000000000,15001,23001,9001,14000,0,8000,0.7999999999999999,0,0.7999999999999999
16,5,0,9000000,187.2162519654744,0,3000000000,23001,26001,12001,14000,0,3000,0.3,0,0.3
16,9,1,3000000,182.66256567780928,1204802.1606479073,4000000000,26491,27291,24001,3290,2490,800,0,0.7470106125274596,0.7470106125274596
16,7,0,4000000,175.99312827494143,0,10000000000,26001,36001,18001,18000,0,10000,0.9999999999999999,0,0.9999999999999999
16,11,1,5000000,182.94408681343054,1197464.3569715659,9000000000,35248,37048,30001,7047,4175,1800,0,1.2526468877900956,1.2526468877900956
16,10,1,10000000,182.94408681343054,1197464.3569715659,3000000000,37048,37648,27001,10647,8351,600,0,2.505293775580191,2.505293775580191
16,8,0,9000000,177.6140473048233,0,3000000000,36001,39001,21001,18000,0,3000,0.3,0,0.3
16,13,1,7000000,188.14926654122252,1071289.3887316552,4000000000,42574,43374,36001,7373,6534,800,0,1.9602546446262095,1.9602546446262095
16,14,1,3000000,199.67073946875638,845939.0847496254,7000000000,43374,44774,39001,5773,3546,1400,0,1.0639063925818903,1.0639063925818903
16,12,0,6000000,183.26896191117578,0,10000000000,39001,49001,33001,16000,0,10000,0.9999999999999999,0,0.9999999999999999
16,15,0,5000000,214.89800859942835,0,5000000000,49001,54001,42001,12000,0,5000,0.49999999999999994,0,0.49999999999999994
16,16,1,7000000,232.8727571013836,458448.20606190054,4000000000,60270,61070,45001,16069,15269,800,0,4.580670122016911,4.580670122016911
16,20,0,2000000,189.73295970916595,0,10000000000,57001,67001,57001,10000,0,10000,0.9999999999999999,0,0.9999999999999999
16,17,1,6000000,232.9911350244897,457520.15034968423,5000000000,74519,75519,48001,27518,13114,1000,0,3.9342529473822165,3.9342529473822165
16,21,1,4000000,189.4850519170312,1041613.6260519349,8000000000,76719,78319,60001,18318,3840,1600,0,1.1520586616636368,1.1520586616636368
16,24,0,7000000,190.14858874049,0,10000000000,69001,79001,69001,10000,0,10000,0.9999999999999999,0,0.9999999999999999
16,18,1,9000000,214.78554630142136,632731.5644951814,8000000000,81319,82919,51001,31918,14224,1600,0,4.267212434951254,4.267212434951254
16,19,1,10000000,199.41388366911667,850280.3363705027,8000000000,82919,84519,54001,30518,11761,1600,0,3.5282481220320427,3.5282481220320427
16,25,0,8000000,207.64926896090918,0,7000000000,79001,86001,72001,14000,0,7000,0.7,0,0.7
16,22,1,9000000,189.4850519170312,1041613.6260519349,4000000000,86519,87319,63001,24318,8640,800,0,2.592131988743183,2.592131988743183
16,26,0,10000000,188.35826342372135,0,3000000000,86001,89001,75001,14000,0,3000,0.3,0,0.3
16,28,1,9000000,159.34109137319226,2068206.3568920011,10000000000,89270,91270,81001,10269,4352,2000,0,1.3054790161545715,1.3054790161545715
16,29,1,5000000,154.77591543906308,2319167.916534913,10000000000,91270,93270,84001,9269,2156,2000,0,0.6467836974224626,0.6467836974224626
16,23,1,9000000,187.4192404743974,1087952.5175507148,7000000000,94119,95519,66001,29518,8272,1400,0,2.481725954436371,2.481725954436371
16,27,0,4000000,169.78141830011907,0,8000000000,89001,97001,78001,19000,0,8000,0.7999999999999999,0,0.7999999999999999
16,30,1,4000000,154.55820812884707,2332053.056694709,3000000000,96870,97470,87001,10469,1715,600,0,0.5145680526243245,0.5145680526243245
16,31,0,9000000,168.51796640121196,0,10000000000,97001,107001,90001,17000,0,10000,0.9999999999999999,0,0.9999999999999999
16,35,1,5000000,205.86966289378336,749065.0601386619,2000000000,108676,109076,102001,7075,6675,400,0,2.0024962847984527,2.0024962847984527
16,32,0,7000000,182.44283515665944,0,6000000000,107001,113001,93001,20000,0,6000,0.6,0,0.6
16,37,1,9000000,175.185371535411,1421893.6144767182,8000000000,114331,115931,108001,7930,6330,1600,0,1.898876239762598,1.898876239762598
16,33,0,4000000,198.1988385435192,0,3000000000,113001,116001,96001,20000,0,3000,0.3,0,0.3
16,34,0,10000000,215.3829939897763,0,6000000000,116001,122001,99001,23000,0,6000,0.6,0,0.6
16,39,1,8000000,152.85953094262717,2435695.0913066757,6000000000,120931,122131,114001,8130,3284,1200,0,0.9853450083164857,0.9853450083164857
16,40,1,8000000,146.42826537250247,2883611.132094059,7000000000,124331,125731,117001,8730,2774,1400,0,0.832289754082457,0.832289754082457
16,36,0,9000000,189.85452325399044,0,4000000000,122001,126001,105001,21000,0,4000,0.39999999999999997,0,0.39999999999999997
16,42,1,7000000,153.82889520502968,2375868.6339583937,5000000000,126731,127731,123001,4730,2946,1000,0,0.8838872528491721,0.8838872528491721
16,38,0,3000000,162.61114998670902,0,10000000000,126001,136001,111001,25000,0,10000,0.9999999999999999,0,0.9999999999999999
16,45,1,3000000,191.84440700734538,991655.0929958594,9000000000,135026,136826,132001,4825,3025,1800,0,0.9075736174369226,0.9075736174369226
16,47,1,2000000,185.0554857333335,1144166.226951225,10000000000,139749,141749,138001,3748,1748,2000,0,0.524399327533706,0.524399327533706
16,41,0,2000000,143.6238716230697,0,7000000000,136001,143001,120001,23000,0,7000,0.7,0,0.7
16,43,0,2000000,177.32060229990196,0,4000000000,143001,147001,126001,21000,0,4000,0.39999999999999997,0,0.39999999999999997
16,44,0,9000000,200.86622911778875,0,4000000000,147001,151001,129001,22000,0,4000,0.39999999999999997,0,0.39999999999999997
16,50,1,7000000,175.30933175390294,1417915.4529198608,2000000000,151938,152338,147001,5337,4937,400,0,1.4810474035497305,1.4810474035497305
16,46,0,7000000,162.71150543216052,0,6000000000,151001,157001,135001,22000,0,6000,0.6,0,0.6
16,48,0,4000000,199.78834100117055,0,3000000000,157001,160001,141001,19000,0,3000,0.3,0,0.3
16,49,0,5000000,174.88371479357357,0,10000000000,160001,170001,144001,26000,0,10000,0.9999999999999999,0,0.9999999999999999
16,57,1,2000000,207.26564428288637,729188.1598394832,2000000000,171234,171634,168001,3633,2743,400,0,0.8228328887458601,0.8228328887458601
16,51,0,9000000,186.09997850617822,0,5000000000,170001,175001,150001,25000,0,5000,0.49999999999999994,0,0.49999999999999994
16,55,1,9000000,201.3923099326288,817543.5692841839,10000000000,174718,176718,162001,14717,11009,2000,0,3.302576280263616,3.302576280263616
16,52,0,2000000,204.04721634954984,0,3000000000,175001,178001,153001,25000,0,3000,0.3,0,0.3
16,53,0,2000000,227.3899597607599,0,2000000000,178001,180001,156001,24000,0,2000,0.19999999999999998,0,0.19999999999999998
16,54,0,9000000,224.69118919085363,0,4000000000,180001,184001,159001,25000,0,4000,0.39999999999999997,0,0.39999999999999997
16,59,1,5000000,175.35037867082013,1416601.2141868146,5000000000,183629,184629,174001,10628,3530,1000,0,1.058872451172548,1.058872451172548
16,56,0,10000000,186.4043553675718,0,2000000000,184001,186001,165001,21000,0,2000,0.19999999999999998,0,0.19999999999999998
16,60,1,4000000,172.25905201178833,1519966.494174873,5000000000,188029,189029,177001,12028,2632,1000,0,0.7894910872041495,0.7894910872041495
16,58,0,2000000,192.63728870600312,0,5000000000,186001,191001,171001,20000,0,5000,0.49999999999999994,0,0.49999999999999994
16,63,0,4000000,160.76993282327388,0,3000000000,191001,194001,186001,8000,0,3000,0.3,0,0.3
16,61,1,8000000,172.03700590279988,1527746.2340263908,3000000000,197229,197829,180001,17828,5236,600,0,1.5709415258545756,1.5709415258545756
16,66,0,2000000,95.2088362495835,0,5000000000,195001,200001,195001,5000,0,5000,0.49999999999999994,0,0.49999999999999994
16,62,1,6000000,171.61155264142332,1542791.3346861461,5000000000,199629,200629,183001,17628,3889,1000,0,1.1667164311408182,1.1667164311408182
16,64,1,4000000,138.5214293891021,3583004.833194294,3000000000,208429,209029,189001,20028,1116,600,0,0.3349144240283329,0.3349144240283329
16,68,0,10000000,58.01224439719601,0,10000000000,201001,211001,201001,10000,0,10000,0.9999999999999999,0,0.9999999999999999
16,65,1,5000000,116.13564224646971,7076324.274456504,6000000000,212029,213229,192001,21228,707,1200,0,0.21197445761701011,0.21197445761701011
16,69,0,9000000,46.26368121972143,0,8000000000,211001,219001,204001,15000,0,8000,0.7999999999999999,0,0.7999999999999999
16,67,1,5000000,77.96409494119713,29607154.1205933,5000000000,223829,224829,198001,26828,169,1000,0,0.05066343066578874,0.05066343066578874
16,73,0,7000000,77.02148401582508,0,6000000000,219001,225001,216001,9000,0,6000,0.6,0,0.6
16,74,0,9000000,82.66480569141865,0,9000000000,225001,234001,219001,15000,0,9000,0.8999999999999999,0,0.8999999999999999
16,70,1,5000000,53.76121464401636,84900425.68769975,4000000000,235029,235829,207001,28828,59,800,0,0.017667755937027272,0.017667755937027272
16,71,1,10000000,74.6323361553154,34099733.36256856,5000000000,238229,239229,210001,29228,293,1000,0,0.08797722750797561,0.08797722750797561
16,75,0,9000000,95.16838655772203,0,8000000000,234001,242001,222001,20000,0,8000,0.7999999999999999,0,0.7999999999999999
16,72,1,8000000,83.6926018235782,23346588.320530172,6000000000,242429,243629,213001,30628,343,1200,0,0.10279874588312006,0.10279874588312006
16,76,0,6000000,116.33425634781871,0,5000000000,242001,247001,225001,22000,0,5000,0.49999999999999994,0,0.49999999999999994
16,77,0,8000000,141.35348916811355,0,3000000000,247001,250001,228001,22000,0,3000,0.3,0,0.3
16,83,1,10000000,178.2563292003961,1327285.4264275732,7000000000,253865,255265,246001,9264,7534,1400,0,2.2602523468328783,2.2602523468328783
16,81,1,10000000,210.20801245433057,689400.8199311169,10000000000,255265,257265,240001,17264,14505,2000,0,4.351604920196864,4.351604920196864
16,84,1,9000000,175.31860511651348,1417618.4062829742,7000000000,257865,259265,249001,10264,6349,1400,0,1.90460280991939,1.90460280991939
16,78,0,7000000,168.04671552874817,0,10000000000,250001,260001,231001,29000,0,10000,0.9999999999999999,0,0.9999999999999999
16,80,0,6000000,203.65045470118648,0,8000000000,260001,268001,237001,31000,0,8000,0.7999999999999999,0,0.7999999999999999
16,88,1,7000000,176.51644824208307,1379890.3854224794,10000000000,266074,268074,261001,7073,5073,2000,0,1.5218600130741875,1.5218600130741875
16,89,1,7000000,175.42193847976935,1414313.6326289498,2000000000,272874,273274,264001,9273,4949,400,0,1.4848191741576335,1.4848191741576335
16,82,0,8000000,188.21902188673704,0,8000000000,268001,276001,243001,33000,0,8000,0.7999999999999999,0,0.7999999999999999
16,79,1,4000000,177.666039805023,1344848.7375836328,5000000000,282029,283029,234001,49028,2974,1000,0,0.8922936583605001,0.8922936583605001
16,93,1,4000000,218.57653350714477,590138.5348260738,7000000000,282779,284179,276001,8178,6778,1400,0,2.033420848129609,2.033420848129609
16,85,0,2000000,181.0909144601131,0,10000000000,276001,286001,252001,34000,0,10000,0.9999999999999999,0,0.9999999999999999
16,92,1,10000000,201.78288852130154,811267.4093372831,8000000000,285441,287041,273001,14040,12326,1600,0,3.6979175614248727,3.6979175614248727
16,94,1,3000000,238.01731722712944,420190.35468068725,6000000000,287041,288241,279001,9240,7140,1200,0,2.141886385478628,2.141886385478628
16,86,0,3000000,186.02261206638295,0,3000000000,286001,289001,255001,34000,0,3000,0.3,0,0.3
16,96,1,6000000,212.55009056690614,659649.7180846427,7000000000,294097,295497,285001,10496,9096,1400,0,2.728720941815113,2.728720941815113
16,87,0,3000000,182.08648329845906,0,10000000000,289001,299001,258001,41000,0,10000,0.9999999999999999,0,0.9999999999999999
16,95,1,8000000,227.26271361576232,505255.6797546528,9000000000,297835,299635,282001,17634,15834,1800,0,4.7500703033470435,4.7500703033470435
16,101,1,2000000,190.9429783993116,1010382.7885837465,5000000000,301980,302980,300001,2979,1979,1000,0,0.593834343557079,0.593834343557079
16,90,0,7000000,179.4595154902632,0,5000000000,299001,304001,267001,37000,0,5000,0.49999999999999994,0,0.49999999999999994
16,91,0,5000000,188.37368844931612,0,4000000000,304001,308001,270001,38000,0,4000,0.39999999999999997,0,0.39999999999999997
16,97,0,7000000,198.5815009007637,0,4000000000,308001,312001,288001,24000,0,4000,0.39999999999999997,0,0.39999999999999997
16,102,1,9000000,206.8828542919881,734572.4864812057,10000000000,315253,317253,303001,14252,12252,2000,0,3.6756073085907506,3.6756073085907506
16,98,0,6000000,187.92524950096515,0,6000000000,312001,318001,291001,27000,0,6000,0.6,0,0.6
16,99,0,2000000,181.69105206366103,0,6000000000,318001,324001,294001,30000,0,6000,0.6,0,0.6
16,105,1,10000000,218.56933087695543,590216.0098663808,10000000000,329014,331014,312001,19013,16943,2000,0,5.0828848249629335,5.0828848249629335
16,100,0,8000000,181.82474776553377,0,8000000000,324001,332001,297001,35000,0,8000,0.7999999999999999,0,0.7999999999999999
16,111,1,5000000,155.22733006787178,2292730.3415929223,7000000000,332182,333582,330001,3581,2181,1400,0,0.6542417888349851,0.6542417888349851
16,112,1,9000000,130.54826425502563,4512393.264342052,7000000000,334996,336396,333001,3395,1995,1400,0,0.5983521031590948,0.5983521031590948
16,103,0,2000000,214.53742330884842,0,5000000000,332001,337001,306001,31000,0,5000,0.49999999999999994,0,0.49999999999999994
16,113,1,3000000,112.67513878402814,7938128.8247596435,8000000000,336396,337996,336001,1995,378,1600,0,0.11337684482932926,0.11337684482932926
16,104,0,3000000,209.84816701605953,0,2000000000,337001,339001,309001,30000,0,2000,0.19999999999999998,0,0.19999999999999998
16,115,1,3000000,91.52097573780563,17085092.93068537,4000000000,342177,342977,342001,976,176,800,0,0.052677501003437405,0.052677501003437405
16,106,0,7000000,221.64078347632685,0,6000000000,339001,345001,315001,30000,0,6000,0.6,0,0.6
16,117,1,3000000,108.93420032294725,9017003.038004149,10000000000,348334,350334,348001,2333,333,2000,0,0.0998114336001387,0.0998114336001387
16,107,0,2000000,221.64078347632685,0,8000000000,345001,353001,318001,35000,0,8000,0.7999999999999999,0,0.7999999999999999
16,108,0,3000000,223.20971865042074,0,6000000000,353001,359001,321001,38000,0,6000,0.6,0,0.6
16,109,0,5000000,209.93473104753292,0,9000000000,359001,368001,324001,44000,0,9000,0.8999999999999999,0,0.8999999999999999
16,122,1,10000000,144.5967942244917,3029421.9865723494,9000000000,366302,368102,363001,5101,3301,1800,0,0.9902879206981531,0.9902879206981531
16,123,1,5000000,152.34060686501152,2468487.943535697,6000000000,368102,369302,366001,3301,2026,1200,0,0.6076594394265099,0.6076594394265099
16,124,1,5000000,165.70295742683655,1772064.0370097756,10000000000,371823,373823,369001,4822,2822,2000,0,0.8464705386895255,0.8464705386895255
16,110,0,10000000,181.931587416809,0,7000000000,368001,375001,327001,48000,0,7000,0.7,0,0.7
16,125,1,7000000,181.77258346626428,1228370.240146171,2000000000,377700,378100,372001,6099,5699,400,0,1.7095822833921055,1.7095822833921055
16,114,0,2000000,97.7210934240914,0,10000000000,375001,385001,339001,46000,0,10000,0.9999999999999999,0,0.9999999999999999
16,116,0,5000000,95.5848549719044,0,2000000000,385001,387001,345001,42000,0,2000,0.19999999999999998,0,0.19999999999999998
16,126,1,10000000,198.69508398548763,862577.493506064,9000000000,386594,388394,375001,13393,11593,1800,0,3.4779483844472803,3.4779483844472803
16,118,0,2000000,128.74174342457852,0,5000000000,387001,392001,351001,41000,0,5000,0.49999999999999994,0,0.49999999999999994
16,128,1,5000000,238.2792030371094,418351.4589559371,2000000000,392953,393353,381001,12352,11952,400,0,3.585502017235674,3.585502017235674
16,133,1,4000000,165.6009145506148,1776382.4506222259,2000000000,398253,398653,396001,2652,2252,400,0,0.6755302044217266,0.6755302044217266
16,131,1,8000000,199.39787686933886,850551.7930313591,5000000000,399407,400407,390001,10406,9406,1000,0,2.8216976551732627,2.8216976551732627
16,119,0,10000000,152.57104115788155,0,9000000000,392001,401001,354001,47000,0,9000,0.8999999999999999,0,0.8999999999999999
16,132,1,9000000,181.7165512549696,1229873.161934425,5000000000,400407,401407,393001,8406,7318,1000,0,2.195348336370934,2.195348336370934
16,136,1,5000000,146.30408777611106,2893219.6369068823,8000000000,406729,408329,405001,3328,1728,1600,0,0.5184535528742774,0.5184535528742774
16,120,0,5000000,167.8128400927653,0,9000000000,401001,410001,357001,53000,0,9000,0.8999999999999999,0,0.8999999999999999
16,121,0,8000000,164.99067185753256,0,7000000000,410001,417001,360001,57000,0,7000,0.7,0,0.7
16,138,1,10000000,154.6174715224641,2328536.756152504,9000000000,418339,420139,411001,9138,4295,1800,0,1.2883627419980994,1.2883627419980994
16,140,1,10000000,140.29160844469635,3409686.333473043,7000000000,421539,422939,417001,5938,2933,1400,0,0.8798463279595152,0.8798463279595152
16,127,0,7000000,217.95991489262425,0,9000000000,417001,426001,378001,48000,0,9000,0.8999999999999999,0,0.8999999999999999
16,144,1,7000000,121.79283804887707,5899021.500556363,6000000000,430188,431388,429001,2387,1187,1200,0,0.35599124359894935,0.35599124359894935
16,129,0,3000000,237.76091562744284,0,10000000000,426001,436001,384001,52000,0,10000,0.9999999999999999,0,0.9999999999999999
16,148,1,4000000,104.64140862966248,10480907.360115856,10000000000,441383,443383,441001,2382,382,2000,0,0.11449390389294836,0.11449390389294836
16,130,0,2000000,218.552447023592,0,9000000000,436001,445001,387001,58000,0,9000,0.8999999999999999,0,0.8999999999999999
16,134,0,3000000,160.7864683361134,0,4000000000,445001,449001,399001,50000,0,4000,0.39999999999999997,0,0.39999999999999997
16,150,1,5000000,155.18144863352705,2295400.3411772246,8000000000,449179,450779,447001,3778,2178,1600,0,0.6534807776628221,0.6534807776628221
16,135,0,6000000,156.15973392651514,0,9000000000,449001,458001,402001,56000,0,9000,0.8999999999999999,0,0.8999999999999999
16,137,0,5000000,139.36367998872595,0,5000000000,458001,463001,408001,55000,0,5000,0.49999999999999994,0,0.49999999999999994
16,152,1,9000000,206.96287686442705,733442.8029197494,2000000000,465272,465672,453001,12671,12271,400,0,3.681268654149469,3.681268654149469
16,139,0,7000000,148.43151451090162,0,5000000000,463001,468001,414001,54000,0,5000,0.49999999999999994,0,0.49999999999999994
16,155,1,10000000,193.95472280921646,949473.9248157965,9000000000,473770,475570,462001,13569,10532,1800,0,3.1596444321333177,3.1596444321333177
16,157,1,5000000,203.3786026109925,786241.2179615974,9000000000,475570,477370,468001,9369,6359,1800,0,1.9078114524304486,1.9078114524304486
16,141,0,6000000,137.20351671877802,0,10000000000,468001,478001,420001,58000,0,10000,0.9999999999999999,0,0.9999999999999999
16,142,0,10000000,157.76362857135356,0,7000000000,478001,485001,423001,62000,0,7000,0.7,0,0.7
16,143,0,8000000,148.56053076103356,0,2000000000,485001,487001,426001,61000,0,2000,0.19999999999999998,0,0.19999999999999998
16,145,0,2000000,95.03673237227804,0,6000000000,487001,493001,432001,61000,0,6000,0.6,0,0.6
16,161,1,6000000,238.77025547584438,414930.40051213437,10000000000,494461,496461,480001,16460,14460,2000,0,4.338076934778271,4.338076934778271
16,163,1,8000000,206.48906605435553,740163.3158267619,9000000000,496809,498609,486001,12608,10808,1800,0,3.242527626918664,3.242527626918664
16,160,1,7000000,251.836653408514,335474.7102770543,8000000000,497867,499467,477001,22466,20866,1600,0,6.259786313745377,6.259786313745377
16,165,1,9000000,193.3106691313234,962106.3282076481,3000000000,501355,501955,492001,9954,9354,600,0,2.8063426264225426,2.8063426264225426
16,146,0,10000000,71.27506857239773,0,9000000000,493001,502001,435001,67000,0,9000,0.8999999999999999,0,0.8999999999999999
16,147,0,9000000,81.07660821716708,0,5000000000,502001,507001,438001,69000,0,5000,0.49999999999999994,0,0.49999999999999994
16,149,0,3000000,130.31039290862418,0,5000000000,507001,512001,444001,68000,0,5000,0.49999999999999994,0,0.49999999999999994
16,151,0,8000000,182.59910980067787,0,2000000000,512001,514001,450001,64000,0,2000,0.19999999999999998,0,0.19999999999999998
16,153,0,8000000,206.4706189751946,0,8000000000,514001,522001,456001,66000,0,8000,0.7999999999999999,0,0.7999999999999999
16,172,1,4000000,228.80361382635547,491827.6119410014,6000000000,521134,522334,513001,9333,8133,1200,0,2.4398792805962866,2.4398792805962866
16,171,1,6000000,245.1678486262014,373393.9169131969,3000000000,526070,526670,510001,16669,16069,600,0,4.8206462892603765,4.8206462892603765
16,154,0,4000000,197.49425156191256,0,8000000000,522001,530001,459001,71000,0,8000,0.7999999999999999,0,0.7999999999999999
16,175,1,7000000,191.9506290690395,989476.8310237486,7000000000,529075,530475,522001,8474,7074,1400,0,2.1223336758954363,2.1223336758954363
16,156,0,6000000,195.91309552962508,0,2000000000,530001,532001,465001,67000,0,2000,0.19999999999999998,0,0.19999999999999998
16,158,0,3000000,215.6942282491583,0,9000000000,532001,541001,471001,70000,0,9000,0.8999999999999999,0,0.8999999999999999
16,178,1,9000000,211.30979911021637,675201.0727029626,9000000000,544330,546130,531001,15129,13329,1800,0,3.998808812893868,3.998808812893868
16,159,0,5000000,232.14940297144855,0,9000000000,541001,550001,474001,76000,0,9000,0.8999999999999999,0,0.8999999999999999
16,162,0,4000000,220.58079018808507,0,3000000000,550001,553001,483001,70000,0,3000,0.3,0,0.3
16,183,1,4000000,213.42334314690135,648967.7104690372,5000000000,552165,553165,546001,7164,6164,1000,0,1.8490904564923698,1.8490904564923698
16,164,0,10000000,197.13737748078114,0,4000000000,553001,557001,489001,68000,0,4000,0.39999999999999997,0,0.39999999999999997
16,166,0,4000000,195.43160670679654,0,5000000000,557001,562001,495001,67000,0,5000,0.49999999999999994,0,0.49999999999999994
16,184,1,6000000,233.18307743058887,456020.3417902619,2000000000,562158,562558,549001,13557,13157,400,0,3.9471923400028426,3.9471923400028426
16,167,0,4000000,203.12219967300473,0,7000000000,562001,569001,498001,71000,0,7000,0.7,0,0.7
16,188,1,4000000,197.11125995234264,890464.798353283,4000000000,569355,570155,561001,9154,4492,800,0,1.3476108232679536,1.3476108232679536
16,168,0,9000000,215.7518057861857,0,9000000000,569001,578001,501001,77000,0,9000,0.8999999999999999,0,0.8999999999999999
16,187,1,9000000,209.68758570788114,696237.4319268594,10000000000,579755,581755,558001,23754,12927,2000,0,3.877987416631225,3.877987416631225
16,185,1,7000000,249.97386463388528,345562.6015620006,2000000000,582555,582955,552001,30954,20257,400,0,6.077046504765417,6.077046504765417
16,169,0,9000000,232.68104735882554,0,5000000000,578001,583001,504001,79000,0,5000,0.49999999999999994,0,0.49999999999999994
16,186,1,9000000,227.7183791440647,501237.7018552198,9000000000,582955,584755,555001,29754,17956,1800,0,5.386665827423897,5.386665827423897
16,170,0,3000000,250.67443527412203,0,7000000000,583001,590001,507001,83000,0,7000,0.7,0,0.7
16,197,1,4000000,196.99239579232494,892602.6965598683,4000000000,592482,593282,588001,5281,4481,800,0,1.3443831221044424,1.3443831221044424
16,194,1,4000000,249.85400937347396,346224.5560996461,9000000000,593955,595755,579001,16754,11553,1800,0,3.4659586642798117,3.4659586642798117
16,173,0,8000000,211.93814994002378,0,7000000000,590001,597001,516001,81000,0,7000,0.7,0,0.7
16,198,1,10000000,189.68494563354255,1037261.2374390562,10000000000,600642,602642,591001,11641,9641,2000,0,2.8922318618662,2.8922318618662
16,174,0,5000000,199.4234514795088,0,7000000000,597001,604001,519001,85000,0,7000,0.7,0,0.7
16,200,1,5000000,197.03358419315222,891861.1563961665,3000000000,603442,604042,597001,7041,5606,600,0,1.681876140969298,1.681876140969298
16,202,1,3000000,227.61370806697914,502157.13634950714,9000000000,608975,610775,603001,7774,5974,1800,0,1.7922676685283423,1.7922676685283423
16,176,0,2000000,236.2651751739981,0,8000000000,604001,612001,525001,87000,0,8000,0.7999999999999999,0,0.7999999999999999
16,203,1,4000000,227.0118173135487,507485.1932786443,3000000000,613883,614483,606001,8482,7882,600,0,2.364601008843853,2.364601008843853
16,201,1,10000000,211.05834288177283,678409.4719983158,9000000000,614741,616541,600001,16540,14740,1800,0,4.4221080686907746,4.4221080686907746
16,177,0,10000000,227.41843834658613,0,7000000000,612001,619001,528001,91000,0,7000,0.7,0,0.7
16,204,1,7000000,212.7243373476575,657500.8510216686,9000000000,619647,621447,609001,12446,10646,1800,0,3.1939122158349758,3.1939122158349758
16,206,1,4000000,205.58155291757086,753251.0770080425,8000000000,621447,623047,615001,8046,5310,1600,0,1.5930943036503453,1.5930943036503453
16,179,0,5000000,197.8116844374973,0,6000000000,619001,625001,534001,91000,0,6000,0.6,0,0.6
16,180,0,10000000,190.8269435902593,0,7000000000,625001,632001,537001,95000,0,7000,0.7,0,0.7
16,210,1,3000000,194.61059426454668,936821.2536745806,3000000000,633847,634447,627001,7446,3202,600,0,0.9606955398053223,0.9606955398053223
16,211,1,6000000,191.98205567187784,988833.5177684077,7000000000,638647,640047,630001,10046,6068,1400,0,1.8203266451386346,1.8203266451386346
16,181,0,3000000,191.20065376457268,0,9000000000,632001,641001,540001,101000,0,9000,0.8999999999999999,0,0.8999999999999999
16,212,1,6000000,193.72036392697592,954046.579072755,6000000000,642647,643847,633001,10846,6289,1200,0,1.886700334641348,1.886700334641348
16,182,0,9000000,199.08847606026822,0,5000000000,641001,646001,543001,103000,0,5000,0.49999999999999994,0,0.49999999999999994
16,213,1,6000000,199.71152320284372,845252.3200954619,3000000000,645447,646047,636001,10046,7098,600,0,2.129541625862334,2.129541625862334
16,189,0,9000000,191.1061328162966,0,7000000000,646001,653001,564001,89000,0,7000,0.7,0,0.7
16,190,0,6000000,192.19869770630604,0,7000000000,653001,660001,567001,93000,0,7000,0.7,0,0.7
16,215,1,8000000,222.82543055046477,546563.2658350394,8000000000,658722,660322,642001,18321,14637,1600,0,4.391074464789139,4.391074464789139
16,191,0,5000000,200.3664295734193,0,3000000000,660001,663001,570001,93000,0,3000,0.3,0,0.3
16,221,1,4000000,179.56804225696732,1289266.6960325951,9000000000,663104,664904,660001,4903,3103,1800,0,0.9307616521024767,0.9307616521024767
16,223,1,10000000,133.26051965980017,4166179.6674517514,2000000000,670102,670502,666001,4501,2400,400,0,0.7200841633013282,0.7200841633013282
16,192,0,5000000,210.34317911451276,0,9000000000,663001,672001,573001,99000,0,9000,0.8999999999999999,0,0.8999999999999999
16,224,1,9000000,111.38533341513148,8291530.911967214,8000000000,672502,674102,669001,5101,1085,1600,0,0.32563347211346394,0.32563347211346394
16,193,0,3000000,227.3189147431423,0,4000000000,672001,676001,576001,100000,0,4000,0.39999999999999997,0,0.39999999999999997
16,218,1,9000000,233.56931412323837,453020.89228377934,7000000000,675502,676902,651001,25901,19867,1400,0,5.959990026925023,5.959990026925023
16,227,1,10000000,65.66766708205793,50299169.550629586,8000000000,682502,684102,678001,6101,199,1600,0,0.059643131821098816,0.059643131821098816
16,195,0,9000000,230.07250552814867,0,10000000000,676001,686001,582001,104000,0,10000,0.9999999999999999,0,0.9999999999999999
16,229,1,7000000,97.91121947968983,13392930.975746091,5000000000,685502,686502,684001,2501,523,1000,0,0.15679913558899033,0.15679913558899033
16,196,0,4000000,210.8658706381855,0,8000000000,686001,694001,585001,109000,0,8000,0.7999999999999999,0,0.7999999999999999
16,232,1,3000000,173.39049166548898,1481080.2093904074,9000000000,695027,696827,693001,3826,2026,1800,0,0.607664591217803,0.607664591217803
16,199,0,3000000,189.7048470651185,0,6000000000,694001,700001,594001,106000,0,6000,0.6,0,0.6
16,205,0,2000000,205.58155291757086,0,3000000000,700001,703001,612001,91000,0,3000,0.3,0,0.3
16,235,1,2000000,180.37502487872314,1266548.803335986,4000000000,703580,704380,702001,2379,1579,800,0,0.4737282909427959,0.4737282909427959
16,234,1,4000000,207.67688484759205,723458.3367331253,7000000000,708780,710180,699001,11179,5529,1400,0,1.6586995256959283,1.6586995256959283
16,236,1,2000000,165.12607062484105,1796650.272861033,4000000000,710180,710980,705001,5979,1113,800,0,0.3339548097162751,0.3339548097162751
16,207,0,2000000,224.09208932936482,0,8000000000,703001,711001,618001,93000,0,8000,0.7999999999999999,0,0.7999999999999999
16,238,1,2000000,165.12607062484105,1796650.272861033,9000000000,715580,717380,711001,6379,1113,1800,0,0.3339548097162751,0.3339548097162751
16,208,0,3000000,212.1909074395036,0,10000000000,711001,721001,621001,100000,0,10000,0.9999999999999999,0,0.9999999999999999
16,241,1,3000000,144.76359107178848,3015771.4058384355,7000000000,724253,725653,720001,5652,995,1400,0,0.29843110729733335,0.29843110729733335
16,209,0,6000000,201.4667220659531,0,5000000000,721001,726001,624001,102000,0,5000,0.49999999999999994,0,0.49999999999999994
16,214,0,3000000,209.6054448243175,0,4000000000,726001,730001,639001,91000,0,4000,0.39999999999999997,0,0.39999999999999997
16,242,1,5000000,139.0492294117447,3530214.752520916,10000000000,731253,733253,723001,10252,1416,2000,0,0.4249033288778974,0.4249033288778974
16,216,0,10000000,238.8574189762587,0,5000000000,730001,735001,645001,90000,0,5000,0.49999999999999994,0,0.49999999999999994
16,244,1,5000000,147.5431696148622,2799084.749977762,5000000000,737853,738853,729001,9852,1786,1000,0,0.535889454584009,0.535889454584009
16,217,0,4000000,250.96978005329643,0,7000000000,735001,742001,648001,94000,0,7000,0.7,0,0.7
16,249,1,3000000,103.89311815515016,10764443.843441378,8000000000,744280,745880,744001,1879,279,1600,0,0.08360859261190323,0.08360859261190323
16,219,0,5000000,219.20747272846336,0,6000000000,742001,748001,654001,94000,0,6000,0.6,0,0.6
16,250,1,8000000,95.66613716462057,14571678.195825612,2000000000,747880,748280,747001,1279,549,400,0,0.16470306081063021,0.16470306081063021
16,251,1,2000000,95.77729376005571,14510507.517835699,2000000000,750139,750539,750001,538,138,400,0,0.04134934627631084,0.04134934627631084
16,252,1,4000000,104.18183046961688,10653972.307080105,4000000000,753376,754176,753001,1175,375,800,0,0.11263404535062843,0.11263404535062843
16,220,0,8000000,203.670158835309,0,10000000000,748001,758001,657001,101000,0,10000,0.9999999999999999,0,0.9999999999999999
16,253,1,3000000,119.24852409988144,6396411.179642402,7000000000,756670,758070,756001,2069,469,1400,0,0.14070390015957596,0.14070390015957596
16,254,1,5000000,134.34685147036382,4036709.2666036603,9000000000,760240,762040,759001,3039,1239,1800,0,0.37158980271622216,0.37158980271622216
16,255,1,2000000,150.4107034090327,2595342.4050850784,4000000000,762772,763572,762001,1571,771,800,0,0.23118336864700953,0.23118336864700953
16,222,0,5000000,155.47918510205793,0,8000000000,758001,766001,663001,103000,0,8000,0.7999999999999999,0,0.7999999999999999
16,225,0,5000000,88.62699419477119,0,3000000000,766001,769001,672001,97000,0,3000,0.3,0,0.3
16,256,1,8000000,169.00506264606395,1639092.4690354909,10000000000,769882,771882,765001,6881,4881,2000,0,1.4642248959951956,1.4642248959951956
16,226,0,3000000,70.76180396230725,0,5000000000,769001,774001,675001,99000,0,5000,0.49999999999999994,0,0.49999999999999994
16,228,0,6000000,78.15198334015592,0,4000000000,774001,778001,681001,97000,0,4000,0.39999999999999997,0,0.39999999999999997
16,258,1,7000000,201.59807340349266,814229.6716551303,2000000000,779598,779998,771001,8997,8597,400,0,2.579124874841778,2.579124874841778
16,230,0,2000000,121.3899666364564,0,10000000000,778001,788001,687001,101000,0,10000,0.9999999999999999,0,0.9999999999999999
16,263,1,2000000,203.40080874962123,785899.7881766383,4000000000,788852,789652,786001,3651,2545,800,0,0.7634561161952425,0.7634561161952425
16,231,0,9000000,146.818262147459,0,8000000000,788001,796001,690001,106000,0,8000,0.7999999999999999,0,0.7999999999999999
16,264,1,4000000,219.86149571946433,576517.4491927156,6000000000,795939,797139,789001,8138,6938,1200,0,2.081463452112912,2.081463452112912
16,267,1,8000000,143.55560943411436,3116378.0738989804,7000000000,800568,801968,798001,3967,2567,1400,0,0.7701247868803346,0.7701247868803346
16,268,1,3000000,121.61250758042937,5932684.944066694,7000000000,801968,803368,801001,2367,506,1400,0,0.15170197111176353,0.15170197111176353
16,269,1,3000000,102.44390513837318,11340104.902117386,3000000000,804266,804866,804001,865,265,600,0,0.07936434519507443,0.07936434519507443
16,233,0,5000000,200.63189302800288,0,9000000000,796001,805001,696001,109000,0,9000,0.8999999999999999,0,0.8999999999999999
16,237,0,3000000,165.12607062484105,0,4000000000,805001,809001,708001,101000,0,4000,0.39999999999999997,0,0.39999999999999997
16,272,1,3000000,106.84446733453264,9696632.904408146,3000000000,813310,813910,813001,909,309,600,0,0.09281572365092369,0.09281572365092369
16,239,0,6000000,165.12607062484105,0,10000000000,809001,819001,714001,105000,0,10000,0.9999999999999999,0,0.9999999999999999
16,240,0,6000000,161.11621209549338,0,2000000000,819001,821001,717001,104000,0,2000,0.19999999999999998,0,0.19999999999999998
16,276,1,7000000,149.45955071523528,2660826.868702181,9000000000,827632,829432,825001,4431,2631,1800,0,0.7892283502925823,0.7892283502925823
16,243,0,2000000,140.27845771892416,0,9000000000,821001,830001,726001,104000,0,9000,0.8999999999999999,0,0.8999999999999999
16,278,1,8000000,143.65784106689054,3107704.8386146137,2000000000,833609,834009,831001,3008,2574,400,0,0.7722741137378728,0.7722741137378728
16,245,0,5000000,159.8799555916876,0,5000000000,830001,835001,732001,103000,0,5000,0.49999999999999994,0,0.49999999999999994
16,246,0,10000000,160.80607762146303,0,3000000000,835001,838001,735001,103000,0,3000,0.3,0,0.3
16,279,1,10000000,145.34274835711616,2968959.2086826353,7000000000,837369,838769,834001,4768,3368,1400,0,1.0104551087217994,1.0104551087217994
16,247,0,2000000,138.3368457787006,0,4000000000,838001,842001,738001,104000,0,4000,0.39999999999999997,0,0.39999999999999997
16,281,1,8000000,145.34274835711616,2968959.2086826353,7000000000,842696,844096,840001,4095,2695,1400,0,0.8083640869774396,0.8083640869774396
16,283,1,4000000,147.7303100247204,2785198.2865136624,9000000000,849096,850896,846001,4895,1436,1800,0,0.4308490371441687,0.4308490371441687
16,248,0,4000000,118.83217914353,0,10000000000,842001,852001,741001,111000,0,10000,0.9999999999999999,0,0.9999999999999999
16,257,0,9000000,183.76254705461614,0,3000000000,852001,855001,768001,87000,0,3000,0.3,0,0.3
16,259,0,9000000,192.06923569379867,0,3000000000,855001,858001,774001,84000,0,3000,0.3,0,0.3
16,260,0,2000000,181.667397735532,0,5000000000,858001,863001,777001,86000,0,5000,0.49999999999999994,0,0.49999999999999994
16,289,1,5000000,185.66820837181578,1129254.4209699363,7000000000,868429,869829,864001,5828,4428,1400,0,1.3283100532045062,1.3283100532045062
16,261,0,9000000,182.12606897421355,0,9000000000,863001,872001,780001,92000,0,9000,0.8999999999999999,0,0.8999999999999999
16,262,0,6000000,187.16124946152715,0,5000000000,872001,877001,783001,94000,0,5000,0.49999999999999994,0,0.49999999999999994
16,265,0,4000000,201.58683612775914,0,7000000000,877001,884001,792001,92000,0,7000,0.7,0,0.7
16,295,1,3000000,167.08235484335262,1714947.1157084089,8000000000,883750,885350,882001,3349,1749,1600,0,0.5247975239331091,0.5247975239331091
16,296,1,2000000,171.53141111761423,1545645.9059319743,6000000000,888750,889950,885001,4949,1294,1200,0,0.3881872281984401,0.3881872281984401
16,266,0,7000000,171.6473879789611,0,6000000000,884001,890001,795001,95000,0,6000,0.6,0,0.6
16,270,0,5000000,92.28809728236898,0,4000000000,890001,894001,807001,87000,0,4000,0.39999999999999997,0,0.39999999999999997
16,297,1,2000000,171.53141111761423,1545645.9059319743,9000000000,892350,894150,888001,6149,1294,1800,0,0.3881872281984401,0.3881872281984401
16,298,1,5000000,172.68560246876402,1505159.1938610973,8000000000,894323,895923,891001,4922,3322,1600,0,0.9965723267796924,0.9965723267796924
16,271,0,2000000,93.89037224337754,0,2000000000,894001,896001,810001,86000,0,2000,0.19999999999999998,0,0.19999999999999998
16,273,0,7000000,127.80026799658908,0,2000000000,896001,898001,816001,82000,0,2000,0.19999999999999998,0,0.19999999999999998
16,299,1,9000000,153.10664681848402,2420268.398358024,4000000000,898779,899579,894001,5578,3719,800,0,1.115578752270514,1.115578752270514
16,274,0,2000000,153.5892798993472,0,3000000000,898001,901001,819001,82000,0,3000,0.3,0,0.3
16,275,0,7000000,163.4623993461493,0,8000000000,901001,909001,822001,87000,0,8000,0.7999999999999999,0,0.7999999999999999
16,303,1,4000000,117.73989680647762,6715505.409366355,10000000000,909979,911979,906001,5978,596,2000,0,0.17869094384561393,0.17869094384561393
16,277,0,4000000,142.4217163918481,0,8000000000,909001,917001,828001,89000,0,8000,0.7999999999999999,0,0.7999999999999999
16,280,0,6000000,145.34274835711616,0,5000000000,917001,922001,837001,85000,0,5000,0.49999999999999994,0,0.49999999999999994
16,308,1,10000000,112.77136161277828,7912501.5954111265,6000000000,922265,923465,921001,2464,1264,1200,0,0.37914684298324275,0.37914684298324275
16,282,0,8000000,145.34274835711616,0,4000000000,922001,926001,843001,83000,0,4000,0.39999999999999997,0,0.39999999999999997
16,309,1,3000000,128.0203362751403,4867380.507982129,7000000000,924617,926017,924001,2016,616,1400,0,0.18490438512544258,0.18490438512544258
16,311,1,3000000,167.7581953288721,1687796.7728031354,3000000000,931778,932378,930001,2377,1777,600,0,0.5332395549644625,0.5332395549644625
16,284,0,10000000,157.5350348335252,0,9000000000,926001,935001,849001,86000,0,9000,0.8999999999999999,0,0.8999999999999999
16,285,0,5000000,175.2497067044621,0,7000000000,935001,942001,852001,90000,0,7000,0.7,0,0.7
16,312,1,9000000,181.12108491282842,1245987.1903206112,9000000000,940224,942024,933001,9023,7223,1800,0,2.1669564671088226,2.1669564671088226
16,315,1,3000000,166.94917669758064,1720361.0186060346,7000000000,943745,945145,942001,3144,1744,1400,0,0.5231460084635302,0.5231460084635302
16,316,1,3000000,156.79902072398284,2203546.4495050246,9000000000,947745,949545,945001,4544,1361,1800,0,0.40843250669944536,0.40843250669944536
16,286,0,2000000,197.14497660351378,0,9000000000,942001,951001,855001,96000,0,9000,0.8999999999999999,0,0.8999999999999999
16,317,1,10000000,151.04880601977626,2552525.5798559273,6000000000,951919,953119,948001,5118,3918,1200,0,1.175306537053129,1.175306537053129
16,318,1,6000000,151.22299296072669,2540989.694395109,4000000000,953362,954162,951001,3161,2361,800,0,0.7083853995828566,0.7083853995828566
16,287,0,10000000,194.57211002607747,0,6000000000,951001,957001,858001,99000,0,6000,0.6,0,0.6
16,319,1,5000000,152.1466953305263,2480882.051887152,5000000000,959399,960399,954001,6398,2015,1000,0,0.6046236655462855,0.6046236655462855
16,288,0,10000000,185.66820837181578,0,5000000000,957001,962001,861001,101000,0,5000,0.49999999999999994,0,0.49999999999999994
16,320,1,10000000,149.73039838322742,2641973.687384162,10000000000,963399,965399,957001,8398,3785,2000,0,1.135514715504348,1.135514715504348
16,322,1,7000000,158.56896449179453,2108197.489676538,5000000000,969399,970399,963001,7398,3320,1000,0,0.9961116120682812,0.9961116120682812
16,290,0,5000000,180.85524847236255,0,9000000000,962001,971001,867001,104000,0,9000,0.8999999999999999,0,0.8999999999999999
16,324,1,4000000,180.13389964135013,1273284.3626248862,10000000000,974199,976199,969001,7198,3141,2000,0,0.9424446221315325,0.9424446221315325
16,291,0,7000000,169.83092886750634,0,6000000000,971001,977001,870001,107000,0,6000,0.6,0,0.6
16,325,1,2000000,181.28123399844785,1241627.683457464,5000000000,976199,977199,972001,5198,1611,1000,0,0.4832366481465899,0.4832366481465899
16,326,1,9000000,194.61117799345442,936810.0865550454,3000000000,985524,986124,975001,11123,9607,600,0,2.8821209749446397,2.8821209749446397
16,292,0,7000000,159.0445236403945,0,10000000000,977001,987001,873001,114000,0,10000,0.9999999999999999,0,0.9999999999999999
16,327,1,7000000,210.87474054518714,680764.1145219628,4000000000,990752,991552,978001,13551,10283,800,0,3.0847689459580785,3.0847689459580785
16,293,0,3000000,154.55586206935018,0,6000000000,987001,993001,876001,117000,0,6000,0.6,0,0.6
16,329,1,5000000,203.58690061003435,783045.7869915324,10000000000,991552,993552,984001,9551,6385,2000,0,1.915596795128687,1.915596795128687
17,1,0,8000000,103.66855887876517,0,3000000000,1,3001,1,3000,0,3000,0.3,0,0.3
17,2,0,8000000,98.94601053099615,0,3000000000,3001,6001,3001,3000,0,3000,0.3,0,0.3
17,3,1,3000000,90.80204678309843,17570987.38888988,5000000000,8202,9202,6001,3201,171,1000,0,0.05122079824433027,0.05122079824433027
17,4,1,6000000,88.5374186431929,19210022.984974988,2000000000,11002,11402,9001,2401,312,400,0,0.09370108517870385,0.09370108517870385
17,5,1,7000000,93.11356775465113,16063527.520025136,10000000000,12716,14716,12001,2715,436,2000,0,0.13073093673740685,0.13073093673740685
17,6,1,9000000,103.61639349060552,10871617.093602996,7000000000,17116,18516,15001,3515,828,1400,0,0.24835311773339735,0.24835311773339735
17,7,0,4000000,118.49459607931495,0,10000000000,18001,28001,18001,10000,0,10000,0.9999999999999999,0,0.9999999999999999
17,8,0,6000000,136.30680577285932,0,3000000000,28001,31001,21001,10000,0,3000,0.3,0,0.3
17,10,1,3000000,161.09168072870804,1980963.2740068203,7000000000,30319,31719,27001,4718,1514,1400,0,0.45432442479340046,0.45432442479340046
17,9,0,3000000,154.34239987767458,0,4000000000,31001,35001,24001,11000,0,4000,0.39999999999999997,0,0.39999999999999997
17,11,1,3000000,162.54001968746033,1912209.81100208,7000000000,34719,36119,30001,6118,1569,1400,0,0.4706596498050396,0.4706596498050396
17,14,0,3000000,173.91563155737322,0,3000000000,39001,42001,39001,3000,0,3000,0.3,0,0.3
17,12,1,8000000,169.71833872625547,1612014.8636700346,4000000000,44519,45319,33001,12318,4963,800,0,1.4888200190263625,1.4888200190263625
17,15,0,4000000,173.91563155737322,0,4000000000,42001,46001,42001,4000,0,4000,0.39999999999999997,0,0.39999999999999997
17,13,1,3000000,173.91563155737322,1463451.9418703753,5000000000,46519,47519,36001,11518,2050,1000,0,0.614984321828668,0.614984321828668
17,16,0,6000000,173.91563155737322,0,7000000000,46001,53001,45001,8000,0,7000,0.7,0,0.7
17,17,0,10000000,173.91563155737322,0,7000000000,53001,60001,48001,12000,0,7000,0.7,0,0.7
17,18,0,7000000,173.91563155737322,0,2000000000,60001,62001,51001,11000,0,2000,0.19999999999999998,0,0.19999999999999998
17,19,1,3000000,173.91563155737322,1463451.9418703753,3000000000,66119,66719,54001,12718,2050,600,0,0.614984321828668,0.614984321828668
17,20,1,3000000,177.097679544369,1362033.3815201754,5000000000,67719,68719,57001,11718,2203,1000,0,0.6607767564371319,0.6607767564371319
17,23,1,3000000,189.12936789404228,1049414.471704838,6000000000,68860,70060,66001,4059,2859,1200,0,0.8576211061182479,0.8576211061182479
17,24,0,7000000,169.5022701912868,0,4000000000,69001,73001,69001,4000,0,4000,0.39999999999999997,0,0.39999999999999997
17,25,1,3000000,153.67592003954294,2385187.980066693,7000000000,74060,75460,72001,3459,1258,1400,0,0.37732875040517133,0.37732875040517133
17,26,0,10000000,149.80448925182446,0,7000000000,75001,82001,75001,7000,0,7000,0.7,0,0.7
17,21,1,10000000,187.94336593772073,1075956.8000074083,2000000000,85719,86119,60001,26118,9294,400,0,2.7882160324460465,2.7882160324460465
17,28,1,3000000,149.80448925182446,2636845.1596287237,9000000000,85470,87270,81001,6269,1138,1800,0,0.34131696990760085,0.34131696990760085
17,22,1,7000000,205.87051173006785,749052.770086832,7000000000,87319,88719,63001,25718,9345,1400,0,2.8035407969408657,2.8035407969408657
17,27,0,2000000,149.80448925182446,0,10000000000,82001,92001,78001,14000,0,10000,0.9999999999999999,0,0.9999999999999999
17,29,0,8000000,146.42542163162787,0,8000000000,92001,100001,84001,16000,0,8000,0.7999999999999999,0,0.7999999999999999
17,30,0,7000000,140.2081374243307,0,4000000000,100001,104001,87001,17000,0,4000,0.39999999999999997,0,0.39999999999999997
17,32,1,7000000,145.33363822597983,2969688.5898411404,6000000000,104670,105870,93001,12869,2357,1200,0,0.7071448525558489,0.7071448525558489
17,35,1,8000000,138.88401239883584,3546635.972109003,9000000000,104257,106057,102001,4056,2256,1800,0,0.6766975857893989,0.6766975857893989
17,31,0,8000000,139.1922734924608,0,4000000000,104001,108001,90001,18000,0,4000,0.39999999999999997,0,0.39999999999999997
17,33,0,8000000,157.54494787202793,0,3000000000,108001,111001,96001,15000,0,3000,0.3,0,0.3
17,34,0,10000000,163.0723183130724,0,3000000000,111001,114001,99001,15000,0,3000,0.3,0,0.3
17,39,1,9000000,97.17458515476154,13766826.999666857,5000000000,117331,118331,114001,4330,654,1000,0,0.19612362384341267,0.19612362384341267
17,36,0,4000000,118.04946802082587,0,9000000000,114001,123001,105001,18000,0,9000,0.8999999999999999,0,0.8999999999999999
17,41,1,7000000,126.18959148836325,5145986.319657766,5000000000,125731,126731,120001,6730,1360,1000,0,0.40808503356838705,0.40808503356838705
17,37,0,2000000,102.55606320447363,0,10000000000,123001,133001,108001,25000,0,10000,0.9999999999999999,0,0.9999999999999999
17,45,1,6000000,162.13326031385418,1931215.9611156448,8000000000,135108,136708,132001,4707,3107,1600,0,0.9320552627165309,0.9320552627165309
17,38,0,5000000,95.05248707950787,0,8000000000,133001,141001,111001,30000,0,8000,0.7999999999999999,0,0.7999999999999999
17,46,1,8000000,174.03324395068893,1459539.6355361878,4000000000,141749,142549,135001,7548,5481,800,0,1.6443541110949806,1.6443541110949806
17,47,1,7000000,188.47223933513393,1064018.7958577892,2000000000,144580,144980,138001,6979,6579,400,0,1.973649345458249,1.973649345458249
17,40,0,10000000,108.47103576531384,0,6000000000,141001,147001,117001,30000,0,6000,0.6,0,0.6
17,50,1,3000000,160.11538464494907,2029042.8485319738,9000000000,151007,152807,147001,5806,1479,1800,0,0.4435588931259663,0.4435588931259663
17,42,0,6000000,140.4415640043929,0,8000000000,147001,155001,123001,32000,0,8000,0.7999999999999999,0,0.7999999999999999
17,51,1,5000000,172.37909531030732,1515781.077279862,3000000000,156007,156607,150001,6606,3299,600,0,0.9895888149572484,0.9895888149572484
17,43,0,10000000,160.05514362244034,0,6000000000,155001,161001,126001,35000,0,6000,0.6,0,0.6
17,44,0,8000000,161.21908478837116,0,7000000000,161001,168001,129001,39000,0,7000,0.7,0,0.7
17,48,0,7000000,196.42123332267317,0,2000000000,168001,170001,141001,29000,0,2000,0.19999999999999998,0,0.19999999999999998
17,55,1,3000000,247.40474247677636,360105.08893098775,9000000000,170332,172132,162001,10131,8331,1800,0,2.4992704287288765,2.4992704287288765
17,56,1,3000000,230.87062914108418,474506.18827687274,7000000000,171323,172723,165001,7722,6322,1400,0,1.8967086673163747,1.8967086673163747
17,58,1,4000000,199.43854441907663,849862.329969244,10000000000,177123,179123,171001,8122,4707,2000,0,1.4119933990290254,1.4119933990290254
17,49,0,6000000,160.9453748947139,0,10000000000,170001,180001,144001,36000,0,10000,0.9999999999999999,0,0.9999999999999999
17,59,1,7000000,187.57409202765717,1084391.168137009,9000000000,180723,182523,174001,8522,6455,1800,0,1.9365705491753622,1.9365705491753622
17,52,0,3000000,187.65303221637532,0,3000000000,180001,183001,153001,30000,0,3000,0.3,0,0.3
17,53,0,10000000,205.29722964521466,0,6000000000,183001,189001,156001,33000,0,6000,0.6,0,0.6
17,54,0,2000000,225.72658527519525,0,7000000000,189001,196001,159001,37000,0,7000,0.7,0,0.7
17,65,1,3000000,213.15401239479408,652239.1325711231,10000000000,200105,202105,192001,10104,4600,2000,0,1.3798620092790277,1.3798620092790277
17,63,1,9000000,214.6300034943857,634559.6741451033,7000000000,202705,204105,186001,18104,14183,1400,0,4.254918977695071,4.254918977695071
17,57,0,6000000,214.58242845116652,0,9000000000,196001,205001,168001,37000,0,9000,0.8999999999999999,0,0.8999999999999999
17,66,1,5000000,218.5219615965407,590725.8533053545,2000000000,206305,206705,195001,11704,8464,400,0,2.539248945355755,2.539248945355755
17,60,0,6000000,181.1813881169917,0,4000000000,205001,209001,177001,32000,0,4000,0.39999999999999997,0,0.39999999999999997
17,70,1,5000000,192.93165551562552,969638.1189602885,2000000000,212158,212558,207001,5557,5157,400,0,1.5469688852665997,1.5469688852665997
17,61,0,8000000,183.3121496246226,0,7000000000,209001,216001,180001,36000,0,7000,0.7,0,0.7
17,62,0,2000000,196.3326557147333,0,3000000000,216001,219001,183001,36000,0,3000,0.3,0,0.3
17,71,1,9000000,184.66730111202688,1153740.3284366007,5000000000,219903,220903,210001,10902,7801,1000,0,2.340214633615772,2.340214633615772
17,72,1,10000000,185.2630697143929,1139086.976141415,9000000000,222103,223903,213001,10902,8779,1800,0,2.633688263351329,2.633688263351329
17,64,0,7000000,209.25773008421933,0,6000000000,219001,225001,189001,36000,0,6000,0.6,0,0.6
17,67,0,7000000,218.63697217076532,0,3000000000,225001,228001,198001,30000,0,3000,0.3,0,0.3
17,76,1,2000000,231.71368647535695,467660.30662408285,3000000000,229278,229878,225001,4877,4277,600,0,1.2829825227871972,1.2829825227871972
17,68,0,9000000,219.70079858753354,0,5000000000,228001,233001,201001,32000,0,5000,0.49999999999999994,0,0.49999999999999994
17,69,0,6000000,208.51879363740815,0,8000000000,233001,241001,204001,37000,0,8000,0.7999999999999999,0,0.7999999999999999
17,81,1,4000000,181.87628240097715,1225594.7997927836,8000000000,243265,244865,240001,4864,3264,1600,0,0.9791164259206134,0.9791164259206134
17,79,1,8000000,202.9120405495938,793457.7509024226,4000000000,244865,245665,234001,11664,10082,800,0,3.0247357181531216,3.0247357181531216
17,78,1,9000000,219.19826755702243,583498.3828187388,6000000000,247665,248865,231001,17864,15424,1200,0,4.627262181870936,4.627262181870936
17,73,0,9000000,191.85473098154242,0,9000000000,241001,250001,216001,34000,0,9000,0.8999999999999999,0,0.8999999999999999
17,82,1,9000000,178.4807222083102,1320683.7582579618,2000000000,250465,250865,243001,7864,6815,400,0,2.044395551257036,2.044395551257036
17,83,1,9000000,180.15507347837863,1272691.114524291,2000000000,253465,253865,246001,7864,7072,400,0,2.1214888429618775,2.1214888429618775
17,74,0,4000000,202.81236895219192,0,7000000000,250001,257001,219001,38000,0,7000,0.7,0,0.7
17,85,1,6000000,188.44345703685227,1064664.230355767,10000000000,259265,261265,252001,9264,5636,2000,0,1.6906738750850245,1.6906738750850245
17,87,1,6000000,176.49283413215392,1380622.0074598782,6000000000,262347,263547,258001,5546,4346,1200,0,1.3037601822034617,1.3037601822034617
17,75,0,9000000,216.5588114115887,0,10000000000,257001,267001,222001,45000,0,10000,0.9999999999999999,0,0.9999999999999999
17,77,0,10000000,238.2226162647031,0,4000000000,267001,271001,228001,43000,0,4000,0.39999999999999997,0,0.39999999999999997
17,89,1,5000000,179.52555166326604,1290476.8608563251,6000000000,271074,272274,264001,8273,3875,1200,0,1.162361019789724,1.162361019789724
17,90,1,2000000,185.7283535166346,1127803.7377100657,3000000000,272274,272874,267001,5873,1773,600,0,0.5320074583351374,0.5320074583351374
17,92,1,4000000,175.79171368412108,1402565.7559362513,9000000000,275853,277653,273001,4652,2852,1800,0,0.8555748598032518,0.8555748598032518
17,80,0,6000000,190.10773419300963,0,7000000000,271001,278001,237001,41000,0,7000,0.7,0,0.7
17,84,0,9000000,186.76302899664057,0,9000000000,278001,287001,249001,38000,0,9000,0.8999999999999999,0,0.8999999999999999
17,95,1,8000000,200.07968537560222,839084.0947120572,8000000000,291535,293135,282001,11134,9534,1600,0,2.8602615817948402,2.8602615817948402
17,86,0,5000000,182.47427928341025,0,7000000000,287001,294001,255001,39000,0,7000,0.7,0,0.7
17,88,0,9000000,175.43524161353665,0,3000000000,294001,297001,261001,36000,0,3000,0.3,0,0.3
17,91,0,8000000,181.11725483785364,0,10000000000,297001,307001,270001,37000,0,10000,0.9999999999999999,0,0.9999999999999999
17,93,0,10000000,176.34032777558284,0,4000000000,307001,311001,276001,35000,0,4000,0.39999999999999997,0,0.39999999999999997
17,94,0,10000000,183.28372568234198,0,2000000000,311001,313001,279001,34000,0,2000,0.19999999999999998,0,0.19999999999999998
17,98,0,5000000,163.42302652931127,0,4000000000,313001,317001,291001,26000,0,4000,0.39999999999999997,0,0.39999999999999997
17,102,0,10000000,82.03048457738136,0,10000000000,317001,327001,303001,24000,0,10000,0.9999999999999999,0,0.9999999999999999
17,96,1,6000000,212.04381622674123,665943.1214657249,4000000000,328829,329629,285001,44628,9010,800,0,2.7029335418890477,2.7029335418890477
17,97,1,7000000,186.2848477466699,1114490.6260979702,6000000000,329629,330829,288001,42828,6281,1200,0,1.8842688765830837,1.8842688765830837
17,103,0,10000000,71.29446682597467,0,4000000000,327001,331001,306001,25000,0,4000,0.39999999999999997,0,0.39999999999999997
17,99,1,5000000,138.99745105576577,3535351.0015524128,10000000000,330829,332829,294001,38828,1414,2000,0,0.4242860183730931,0.4242860183730931
17,100,1,6000000,115.92133367072685,7126289.736543006,10000000000,333429,335429,297001,38428,842,2000,0,0.25258585695298824,0.25258585695298824
17,101,1,9000000,95.0513292910731,14915552.407142686,5000000000,336829,337829,300001,37828,603,1000,0,0.18101910853177905,0.18101910853177905
17,105,0,8000000,76.6537148480098,0,9000000000,331001,340001,312001,28000,0,9000,0.8999999999999999,0,0.8999999999999999
17,104,1,9000000,68.74232466246687,43972029.7801374,2000000000,343229,343629,309001,34628,205,400,0,0.06140266923087587,0.06140266923087587
17,106,0,3000000,88.09086331737245,0,7000000000,340001,347001,315001,32000,0,7000,0.7,0,0.7
17,108,0,3000000,116.60578802100689,0,2000000000,347001,349001,321001,28000,0,2000,0.19999999999999998,0,0.19999999999999998
17,107,1,3000000,95.72886137419582,14537123.102984855,4000000000,352229,353029,318001,35028,206,800,0,0.06191046148706041,0.06191046148706041
17,110,0,4000000,136.7228561726239,0,5000000000,349001,354001,327001,27000,0,5000,0.49999999999999994,0,0.49999999999999994
17,109,1,4000000,135.92794341120592,3856989.0313492636,6000000000,353829,355029,324001,31028,1037,1200,0,0.31112351895390594,0.31112351895390594
17,117,0,6000000,192.75453820857243,0,6000000000,354001,360001,348001,12000,0,6000,0.6,0,0.6
17,111,1,10000000,136.7228561726239,3770352.86616931,8000000000,358429,360029,330001,30028,2652,1600,0,0.7956814936125618,0.7956814936125618
17,112,1,3000000,137.76203903833596,3660675.5110869124,8000000000,361829,363429,333001,30428,820,1600,0,0.24585626266906563,0.24585626266906563
17,113,1,9000000,151.5678518024189,2518340.322327621,6000000000,363829,365029,336001,29028,3574,1200,0,1.0721346817432829,1.0721346817432829
17,114,1,8000000,179.67966523788942,1286094.3030921926,8000000000,366829,368429,339001,29428,6220,1600,0,1.86611510075864,1.86611510075864
17,115,1,3000000,211.78295021082315,669215.119111278,5000000000,368429,369429,342001,27428,4483,1000,0,1.3448590360528703,1.3448590360528703
17,116,1,4000000,198.65311701556558,863302.2827699375,9000000000,367740,369540,345001,24539,4633,1800,0,1.3900113829767198,1.3900113829767198
17,118,0,5000000,199.2805911271843,0,10000000000,360001,370001,351001,19000,0,10000,0.9999999999999999,0,0.9999999999999999
17,120,0,7000000,235.8797341867249,0,4000000000,370001,374001,357001,17000,0,4000,0.39999999999999997,0,0.39999999999999997
17,119,1,6000000,214.21220996945993,639502.7422714,8000000000,380340,381940,354001,27939,9382,1600,0,2.8146869137835435,2.8146869137835435
17,121,0,3000000,224.60143120648186,0,8000000000,374001,382001,360001,22000,0,8000,0.7999999999999999,0,0.7999999999999999
17,126,1,9000000,178.80427120178086,1311236.6069434204,8000000000,382934,384534,375001,9533,6864,1600,0,2.059124940306448,2.059124940306448
17,128,1,3000000,163.02090694141043,1890038.2382828824,9000000000,384534,386334,381001,5333,1587,1800,0,0.47618084214934114,0.47618084214934114
17,122,0,8000000,205.03320145771514,0,7000000000,382001,389001,363001,26000,0,7000,0.7,0,0.7
17,129,1,8000000,138.44069921811288,3591164.8959188247,9000000000,389334,391134,384001,7133,2228,1800,0,0.6683068223148085,0.6683068223148085
17,132,1,2000000,86.87099631062138,20529647.418180466,8000000000,393098,394698,393001,1697,97,1600,0,0.02922602555115765,0.02922602555115765
17,123,0,3000000,189.6862211653762,0,9000000000,389001,398001,366001,32000,0,9000,0.8999999999999999,0,0.8999999999999999
17,124,0,9000000,179.688711387221,0,7000000000,398001,405001,369001,36000,0,7000,0.7,0,0.7
17,137,1,8000000,7.873531609131957,612631968.4574121,2000000000,408329,408729,408001,728,13,400,0,0.0039175232824416985,0.0039175232824416985
17,125,0,3000000,175.95873749262924,0,4000000000,405001,409001,372001,37000,0,4000,0.39999999999999997,0,0.39999999999999997
17,127,0,6000000,184.95747619385384,0,10000000000,409001,419001,378001,41000,0,10000,0.9999999999999999,0,0.9999999999999999
17,130,0,6000000,115.58505785783908,0,6000000000,419001,425001,387001,38000,0,6000,0.6,0,0.6
17,141,1,10000000,103.14566108179253,11056874.46095208,6000000000,424739,425939,420001,5938,904,1200,0,0.2713244154661115,0.2713244154661115
17,131,0,8000000,104.04015042280555,0,2000000000,425001,427001,390001,37000,0,2000,0.19999999999999998,0,0.19999999999999998
17,142,1,9000000,130.57795564336269,4508416.053936919,6000000000,427139,428339,423001,5338,1996,1200,0,0.5988799542230043,0.5988799542230043
17,143,1,3000000,43.77337661181741,130522528.2293015,2000000000,428339,428739,426001,2738,23,400,0,0.0068953613771477315,0.0068953613771477315
17,144,1,7000000,18.837157428869133,361400270.44238436,10000000000,429020,431020,429001,2019,19,2000,0,0.00581073167828409,0.00581073167828409
17,133,0,8000000,72.14051011740908,0,7000000000,427001,434001,396001,38000,0,7000,0.7,0,0.7
17,146,1,2000000,43.779456369397685,130489018.72607319,7000000000,435016,436416,435001,1415,15,1400,0,0.004598088067928073,0.004598088067928073
17,134,0,6000000,68.37237015052207,0,5000000000,434001,439001,399001,40000,0,5000,0.49999999999999994,0,0.49999999999999994
17,135,0,2000000,57.32454448139991,0,2000000000,439001,441001,402001,39000,0,2000,0.19999999999999998,0,0.19999999999999998
17,136,0,7000000,34.43376540548541,0,5000000000,441001,446001,405001,41000,0,5000,0.49999999999999994,0,0.49999999999999994
17,149,1,5000000,135.71428001503745,3880692.294013411,5000000000,445289,446289,444001,2288,1288,1000,0,0.38652897121320084,0.38652897121320084
17,151,1,6000000,136.0477658765479,3843774.1806914364,9000000000,451562,453362,450001,3361,1561,1800,0,0.46828973695749404,0.46828973695749404
17,138,0,8000000,21.110187114282077,0,9000000000,446001,455001,411001,44000,0,9000,0.8999999999999999,0,0.8999999999999999
17,153,1,10000000,77.07545653448966,30737676.594863977,10000000000,456326,458326,456001,2325,325,2000,0,0.09760008993331905,0.09760008993331905
17,154,1,3000000,67.60103697429498,46217045.50411039,10000000000,459066,461066,459001,2065,65,2000,0,0.01947333478770202,0.01947333478770202
17,139,0,7000000,48.337452353221884,0,8000000000,455001,463001,414001,49000,0,8000,0.7999999999999999,0,0.7999999999999999
17,155,1,5000000,87.68524676363747,19872200.142514277,2000000000,463666,464066,462001,2065,252,400,0,0.07548233156080807,0.07548233156080807
17,156,1,8000000,117.47262532181698,6774038.497240755,6000000000,466182,467382,465001,2381,1181,1200,0,0.3542938235407997,0.3542938235407997
17,140,0,3000000,75.72571822043024,0,7000000000,463001,470001,417001,53000,0,7000,0.7,0,0.7
17,145,0,6000000,13.03512945850557,0,6000000000,470001,476001,432001,44000,0,6000,0.6,0,0.6
17,160,1,3000000,174.0341161956471,1459510.6694019756,6000000000,482641,483841,477001,6840,2055,1200,0,0.616645029644606,0.616645029644606
17,159,1,9000000,174.0341161956471,1459510.6694019756,10000000000,483841,485841,474001,11840,6166,2000,0,1.849935088933818,1.849935088933818
17,147,0,2000000,74.30963329205713,0,10000000000,476001,486001,438001,48000,0,10000,0.9999999999999999,0,0.9999999999999999
17,148,0,6000000,104.99373790850576,0,6000000000,486001,492001,441001,51000,0,6000,0.6,0,0.6
17,150,0,8000000,166.46017932226317,0,5000000000,492001,497001,447001,50000,0,5000,0.49999999999999994,0,0.49999999999999994
17,152,0,5000000,105.29743824044346,0,2000000000,497001,499001,453001,46000,0,2000,0.19999999999999998,0,0.19999999999999998
17,164,1,7000000,156.50092811226392,2220126.687458052,7000000000,499845,501245,489001,12244,3153,1400,0,0.9458919672752587,0.9458919672752587
17,157,0,9000000,151.1565023411166,0,3000000000,499001,502001,468001,34000,0,3000,0.3,0,0.3
17,163,1,8000000,190.4218992132995,1021409.4437417471,5000000000,503045,504045,486001,18044,7832,1000,0,2.3496943509823427,2.3496943509823427
17,167,1,9000000,80.20234223512425,26959755.532923795,3000000000,505845,506445,498001,8444,334,600,0,0.10014927608311232,0.10014927608311232
17,168,1,3000000,77.92080915904305,29661138.184286144,9000000000,506445,508245,501001,7244,101,1800,0,0.030342733121306902,0.030342733121306902
17,158,0,2000000,173.74658816794073,0,9000000000,502001,511001,471001,40000,0,9000,0.8999999999999999,0,0.8999999999999999
17,169,1,2000000,68.77052929853016,43918030.93862678,9000000000,510045,511845,504001,7844,46,1800,0,0.013661814684689974,0.013661814684689974
17,171,1,6000000,75.87640278769148,32339679.859912608,9000000000,511845,513645,510001,3644,186,1800,0,0.05565917806846416,0.05565917806846416
17,161,0,10000000,183.13476158283,0,7000000000,511001,518001,480001,38000,0,7000,0.7,0,0.7
17,174,1,6000000,135.5931727632332,3894207.198068234,2000000000,521340,521740,519001,2739,1541,400,0,0.46222501999711535,0.46222501999711535
17,162,0,3000000,209.14630501158751,0,4000000000,518001,522001,483001,39000,0,4000,0.39999999999999997,0,0.39999999999999997
17,165,0,4000000,127.13876277516623,0,5000000000,522001,527001,492001,35000,0,5000,0.49999999999999994,0,0.49999999999999994
17,177,1,2000000,190.83804442510933,1012591.3558228257,7000000000,532264,533664,528001,5663,1975,1400,0,0.5925391289879653,0.5925391289879653
17,166,0,8000000,101.95330941171062,0,8000000000,527001,535001,495001,40000,0,8000,0.7999999999999999,0,0.7999999999999999
17,170,0,6000000,65.73498992165432,0,5000000000,535001,540001,507001,33000,0,5000,0.49999999999999994,0,0.49999999999999994
17,172,0,8000000,88.85854151402668,0,10000000000,540001,550001,513001,37000,0,10000,0.9999999999999999,0,0.9999999999999999
17,173,0,7000000,109.62088304698152,0,2000000000,550001,552001,516001,36000,0,2000,0.19999999999999998,0,0.19999999999999998
17,175,0,5000000,158.69028073577786,0,4000000000,552001,556001,522001,34000,0,4000,0.39999999999999997,0,0.39999999999999997
17,185,1,7000000,176.1815486933862,1390311.5966774558,3000000000,557036,557636,552001,5635,5035,600,0,1.5104527682992404,1.5104527682992404
17,186,1,5000000,161.1089510238335,1980125.5527285843,3000000000,557636,558236,555001,3235,2525,600,0,0.7575277223876141,0.7575277223876141
17,176,0,10000000,167.62957376310428,0,4000000000,556001,560001,525001,35000,0,4000,0.39999999999999997,0,0.39999999999999997
17,187,1,5000000,147.47292259937075,2804319.3961087144,2000000000,559784,560184,558001,2183,1783,400,0,0.5348891435409984,0.5348891435409984
17,188,1,4000000,139.20174208680004,3515139.30200251,7000000000,562139,563539,561001,2538,1138,1400,0,0.34138049644757523,0.34138049644757523
17,189,1,3000000,137.75369505025986,3661540.3901186944,2000000000,564820,565220,564001,1219,819,400,0,0.2457981898626073,0.2457981898626073
17,178,0,9000000,216.11231616916243,0,7000000000,560001,567001,531001,36000,0,7000,0.7,0,0.7
17,190,1,2000000,139.07305166710046,3527854.747881115,10000000000,567568,569568,567001,2567,567,2000,0,0.17007502940997485,0.17007502940997485
17,179,0,10000000,191.63345428186594,0,5000000000,567001,572001,534001,38000,0,5000,0.49999999999999994,0,0.49999999999999994
17,191,1,6000000,141.80367061539692,3269759.331924042,10000000000,571836,573836,570001,3835,1835,2000,0,0.5504992316791757,0.5504992316791757
17,192,1,5000000,135.0351006220235,3957238.214257519,2000000000,574265,574665,573001,1664,1264,400,0,0.3790522376428226,0.3790522376428226
17,193,1,3000000,133.59009581552073,4126367.9626084697,7000000000,576728,578128,576001,2127,727,1400,0,0.21810948712171274,0.21810948712171274
17,194,1,7000000,114.1814560250481,7548194.092120388,6000000000,580328,581528,579001,2527,927,1200,0,0.2782122418118798,0.2782122418118798
17,180,0,3000000,199.45639247715278,0,10000000000,572001,582001,537001,45000,0,10000,0.9999999999999999,0,0.9999999999999999
17,181,0,7000000,220.82139230608973,0,5000000000,582001,587001,540001,47000,0,5000,0.49999999999999994,0,0.49999999999999994
17,182,0,4000000,238.88272269044492,0,6000000000,587001,593001,543001,50000,0,6000,0.6,0,0.6
17,199,1,5000000,5.137256076934495,735822444.6231385,7000000000,594008,595408,594001,1407,7,1400,0,0.002038535262087915,0.002038535262087915
17,200,1,10000000,28.846656652028113,240568853.5063654,4000000000,597408,598208,597001,1207,42,800,0,0.0124704422716161,0.0124704422716161
17,201,1,5000000,52.79217555661064,88571481.45299114,5000000000,600057,601057,600001,1056,56,1000,0,0.016935473759644826,0.016935473759644826
17,183,0,4000000,218.73761496368203,0,10000000000,593001,603001,546001,57000,0,10000,0.9999999999999999,0,0.9999999999999999
17,184,0,7000000,196.946994899643,0,5000000000,603001,608001,549001,59000,0,5000,0.49999999999999994,0,0.49999999999999994
17,203,1,7000000,100.72851880177731,12069690.679671079,10000000000,607624,609624,606001,3623,580,2000,0,0.17398954585779233,0.17398954585779233
17,204,1,9000000,121.34462987705722,5983125.110408036,10000000000,610505,612505,609001,3504,1504,2000,0,0.451269186282462,0.451269186282462
17,195,0,2000000,90.21436969795882,0,8000000000,608001,616001,582001,34000,0,8000,0.7999999999999999,0,0.7999999999999999
17,205,1,9000000,124.56871075836017,5409102.010271159,7000000000,615105,616505,612001,4504,1664,1400,0,0.4991586394327676,0.4991586394327676
17,206,1,2000000,123.03380429784326,5673576.299323009,10000000000,617305,619305,615001,4304,353,2000,0,0.10575340285308123,0.10575340285308123
17,196,0,8000000,66.23959616422798,0,9000000000,616001,625001,585001,40000,0,9000,0.8999999999999999,0,0.8999999999999999
17,197,0,9000000,42.281686342907385,0,5000000000,625001,630001,588001,42000,0,5000,0.49999999999999994,0,0.49999999999999994
17,208,1,8000000,139.83374449681298,3453506.6666176976,10000000000,628705,630705,621001,9704,2316,2000,0,0.694945813540449,0.694945813540449
17,209,1,5000000,128.8039913977823,4753785.946736493,9000000000,630705,632505,624001,8504,1052,1800,0,0.31553797684764506,0.31553797684764506
17,198,0,2000000,18.547573965346572,0,3000000000,630001,633001,591001,42000,0,3000,0.3,0,0.3
17,210,1,9000000,125.47642208797639,5259780.106706049,3000000000,633105,633705,627001,6704,1711,600,0,0.5133294444301174,0.5133294444301174
17,202,0,9000000,76.76313503238387,0,6000000000,633001,639001,603001,36000,0,6000,0.6,0,0.6
17,212,1,9000000,137.66185818882437,3671076.1953846994,5000000000,638105,639105,633001,6104,2452,1000,0,0.735479150063531,0.735479150063531
17,207,0,6000000,126.44838472673344,0,10000000000,639001,649001,618001,31000,0,10000,0.9999999999999999,0,0.9999999999999999
17,211,0,4000000,128.30866689355017,0,7000000000,649001,656001,630001,26000,0,7000,0.7,0,0.7
17,213,0,4000000,149.27762725874226,0,3000000000,656001,659001,636001,23000,0,3000,0.3,0,0.3
17,220,1,3000000,188.83403189044074,1055947.0857549745,6000000000,662512,663712,657001,6711,2841,1200,0,0.8523154352535796,0.8523154352535796
17,214,0,5000000,151.95771418391368,0,5000000000,659001,664001,639001,25000,0,5000,0.49999999999999994,0,0.49999999999999994
17,221,1,7000000,200.80733851132032,827056.9713807998,2000000000,668712,669112,660001,9111,8464,400,0,2.53912375164915,2.53912375164915
17,215,0,8000000,153.92392828926896,0,8000000000,664001,672001,642001,30000,0,8000,0.7999999999999999,0,0.7999999999999999
17,216,0,5000000,161.33376398014147,0,4000000000,672001,676001,645001,31000,0,4000,0.39999999999999997,0,0.39999999999999997
17,217,0,8000000,173.49721179315816,0,8000000000,676001,684001,648001,36000,0,8000,0.7999999999999999,0,0.7999999999999999
17,226,1,10000000,190.73475115982404,1014771.2628002324,3000000000,684855,685455,675001,10454,9854,600,0,2.9563312541208404,2.9563312541208404
17,225,1,10000000,207.11000458693445,731371.4357025541,10000000000,685674,687674,672001,15673,13673,2000,0,4.101882919611436,4.101882919611436
17,218,0,7000000,186.27015434577805,0,5000000000,684001,689001,651001,38000,0,5000,0.49999999999999994,0,0.49999999999999994
17,219,0,7000000,184.03575549332797,0,4000000000,689001,693001,654001,39000,0,4000,0.39999999999999997,0,0.39999999999999997
17,230,1,5000000,195.62474511165507,917667.3429212539,3000000000,692450,693050,687001,6049,5449,600,0,1.6345792531147278,1.6345792531147278
17,232,1,2000000,236.0154083952995,434585.7650878945,10000000000,697603,699603,693001,6602,4602,2000,0,1.3806250646029574,1.3806250646029574
17,222,0,7000000,217.35932117118875,0,7000000000,693001,700001,663001,37000,0,7000,0.7,0,0.7
17,223,0,5000000,237.10650644805173,0,4000000000,700001,704001,666001,38000,0,4000,0.39999999999999997,0,0.39999999999999997
17,224,0,10000000,228.36040155858896,0,4000000000,704001,708001,669001,39000,0,4000,0.39999999999999997,0,0.39999999999999997
17,236,1,4000000,182.99389716599836,1196171.851404583,7000000000,708345,709745,705001,4744,3344,1400,0,1.0032003332890018,1.0032003332890018
17,233,1,6000000,230.39846570669692,478394.9389957862,9000000000,709745,711545,696001,15544,12542,1800,0,3.7625816104544008,3.7625816104544008
17,237,1,4000000,179.78291381552364,1283168.5521063653,9000000000,713545,715345,708001,7344,3117,1800,0,0.9351850137148068,0.9351850137148068
17,227,0,5000000,180.98126007960047,0,8000000000,708001,716001,678001,38000,0,8000,0.7999999999999999,0,0.7999999999999999
17,228,0,3000000,178.51620654719275,0,10000000000,716001,726001,681001,45000,0,10000,0.9999999999999999,0,0.9999999999999999
17,240,1,7000000,212.48462814989702,660459.2834421451,4000000000,727600,728400,717001,11399,10599,800,0,3.179605545182644,3.179605545182644
17,229,0,8000000,183.56538589832232,0,4000000000,726001,730001,684001,46000,0,4000,0.39999999999999997,0,0.39999999999999997
17,245,1,3000000,191.5787404698131,997129.2242444276,9000000000,735010,736810,732001,4809,3009,1800,0,0.9025911367525838,0.9025911367525838
17,231,0,9000000,213.6048318741877,0,7000000000,730001,737001,690001,47000,0,7000,0.7,0,0.7
17,244,1,5000000,203.07574572065465,790916.285203506,6000000000,736810,738010,729001,9009,6322,1200,0,1.8965344728159743,1.8965344728159743
17,241,1,9000000,230.95678145488603,473800.8952522776,9000000000,738996,740796,720001,20795,18995,1800,0,5.698596239592101,5.698596239592101
17,234,0,6000000,209.60224354715282,0,4000000000,737001,741001,699001,42000,0,4000,0.39999999999999997,0,0.39999999999999997
17,246,1,6000000,175.05078948693722,1426228.3701033543,9000000000,739610,741410,735001,6409,4207,1800,0,1.2620699726156475,1.2620699726156475
17,235,0,9000000,193.2694104094075,0,2000000000,741001,743001,702001,41000,0,2000,0.19999999999999998,0,0.19999999999999998
17,238,0,7000000,184.1102954752938,0,4000000000,743001,747001,711001,36000,0,4000,0.39999999999999997,0,0.39999999999999997
17,249,1,8000000,144.55704756254536,3032686.0823160536,3000000000,746639,747239,744001,3238,2638,600,0,0.7913776549424881,0.7913776549424881
17,239,0,10000000,195.36566842718298,0,3000000000,747001,750001,714001,36000,0,3000,0.3,0,0.3
17,251,1,3000000,153.09286364817925,2421125.650153182,3000000000,751240,751840,750001,1839,1239,600,0,0.3717279191780311,0.3717279191780311
17,252,1,6000000,134.17232985977398,4057172.032250283,7000000000,754480,755880,753001,2879,1479,1400,0,0.4436587814595681,0.4436587814595681
17,242,0,4000000,248.80327007497309,0,9000000000,750001,759001,723001,36000,0,9000,0.8999999999999999,0,0.8999999999999999
17,254,1,8000000,143.80142210701533,3095573.795346926,10000000000,761585,763585,759001,4584,2584,2000,0,0.7753005286475583,0.7753005286475583
17,256,1,3000000,141.28602797162924,3316851.1091877907,4000000000,766343,767143,765001,2142,904,800,0,0.2713416943880807,0.2713416943880807
17,243,0,9000000,225.2369803118484,0,10000000000,759001,769001,726001,43000,0,10000,0.9999999999999999,0,0.9999999999999999
17,247,0,3000000,159.38221293481902,0,2000000000,769001,771001,738001,33000,0,2000,0.19999999999999998,0,0.19999999999999998
17,248,0,8000000,146.33048896248516,0,8000000000,771001,779001,741001,38000,0,8000,0.7999999999999999,0,0.7999999999999999
17,261,1,2000000,177.77641294614986,1341542.8653362473,3000000000,781492,782092,780001,2091,1491,600,0,0.4472462382703028,0.4472462382703028
17,250,0,9000000,155.25345728839665,0,7000000000,779001,786001,747001,39000,0,7000,0.7,0,0.7
17,253,0,9000000,148.64249896984376,0,5000000000,786001,791001,756001,35000,0,5000,0.49999999999999994,0,0.49999999999999994
17,263,1,6000000,210.10856241476688,690700.7613004477,10000000000,794688,796688,786001,10687,8687,2000,0,2.606048959046997,2.606048959046997
17,255,0,9000000,144.70274116270224,0,9000000000,791001,800001,762001,38000,0,9000,0.8999999999999999,0,0.8999999999999999
17,257,0,4000000,142.61355650848907,0,10000000000,800001,810001,768001,42000,0,10000,0.9999999999999999,0,0.9999999999999999
17,265,1,6000000,251.71698432962364,336111.63409673993,2000000000,809852,810252,792001,18251,17851,400,0,5.355363567932678,5.355363567932678
17,267,1,8000000,230.27883315667552,479386.5424324428,4000000000,814689,815489,798001,17488,16688,800,0,5.006398360334069,5.006398360334069
17,258,0,8000000,149.0150468912452,0,7000000000,810001,817001,771001,46000,0,7000,0.7,0,0.7
17,272,1,4000000,179.8821419707915,1280364.5222074732,7000000000,816125,817525,813001,4524,3124,1400,0,0.9372330919721855,0.9372330919721855
17,271,1,8000000,192.4209188212134,979904.0095337478,3000000000,818165,818765,810001,8764,8164,600,0,2.449219491551988,2.449219491551988
17,273,1,4000000,173.42179130662905,1480022.152541681,8000000000,818765,820365,816001,4364,2703,1600,0,0.8107986748301087,0.8107986748301087
17,274,1,4000000,173.7618427618676,1468587.312787051,3000000000,821725,822325,819001,3324,2724,600,0,0.817111784605212,0.817111784605212
17,259,0,3000000,148.91591889385097,0,7000000000,817001,824001,774001,50000,0,7000,0.7,0,0.7
17,275,1,5000000,180.0301219240825,1276196.9820412667,6000000000,825919,827119,822001,5118,3918,1200,0,1.17536714246163,1.17536714246163
17,260,0,6000000,162.3644927316315,0,4000000000,824001,828001,777001,51000,0,4000,0.39999999999999997,0,0.39999999999999997
17,276,1,5000000,180.53076552211257,1262221.9064508276,4000000000,828962,829762,825001,4761,3961,800,0,1.1883805789884978,1.1883805789884978
17,262,0,5000000,195.8053198970855,0,3000000000,828001,831001,783001,48000,0,3000,0.3,0,0.3
17,264,0,9000000,229.13721522266954,0,4000000000,831001,835001,789001,46000,0,4000,0.39999999999999997,0,0.39999999999999997
17,266,0,10000000,232.0547023871742,0,2000000000,835001,837001,795001,42000,0,2000,0.19999999999999998,0,0.19999999999999998
17,278,1,10000000,147.5068032329357,2801793.1804776955,4000000000,837390,838190,831001,7189,3569,800,0,1.0707428445837357,1.0707428445837357
17,268,0,9000000,230.27883315667552,0,5000000000,837001,842001,801001,41000,0,5000,0.49999999999999994,0,0.49999999999999994
17,269,0,7000000,226.39793506125446,0,2000000000,842001,844001,804001,40000,0,2000,0.19999999999999998,0,0.19999999999999998
17,270,0,9000000,209.6806300066842,0,8000000000,844001,852001,807001,45000,0,8000,0.7999999999999999,0,0.7999999999999999
17,277,0,6000000,172.1401129893901,0,4000000000,852001,856001,828001,28000,0,4000,0.39999999999999997,0,0.39999999999999997
17,287,1,4000000,124.50147067404467,5420368.160888264,7000000000,858739,860139,858001,2138,738,1400,0,0.2213871759964271,0.2213871759964271
17,279,0,9000000,122.44362172036567,0,5000000000,856001,861001,834001,27000,0,5000,0.49999999999999994,0,0.49999999999999994
17,280,0,3000000,108.94906929386778,0,6000000000,861001,867001,837001,30000,0,6000,0.6,0,0.6
17,290,1,7000000,149.89464633535115,2630621.1288652592,10000000000,869829,871829,867001,4828,2661,2000,0,0.7982905546363694,0.7982905546363694
17,281,0,2000000,127.78028212521679,0,6000000000,867001,873001,840001,33000,0,6000,0.6,0,0.6
17,282,0,10000000,149.57673248202747,0,6000000000,873001,879001,843001,36000,0,6000,0.6,0,0.6
17,283,0,10000000,162.07476361235265,0,2000000000,879001,881001,846001,35000,0,2000,0.19999999999999998,0,0.19999999999999998
17,284,0,10000000,170.12675568528306,0,4000000000,881001,885001,849001,36000,0,4000,0.39999999999999997,0,0.39999999999999997
17,285,0,9000000,160.99761892649224,0,9000000000,885001,894001,852001,42000,0,9000,0.8999999999999999,0,0.8999999999999999
17,294,1,10000000,227.61036729463794,502186.5164433429,4000000000,898914,899714,879001,20713,19913,800,0,5.9738760436003515,5.9738760436003515
17,299,1,3000000,207.8348673827373,721272.0881210627,3000000000,901379,901979,894001,7978,4159,600,0,1.2477954087264478,1.2477954087264478
17,286,0,7000000,138.53743356941473,0,10000000000,894001,904001,855001,49000,0,10000,0.9999999999999999,0,0.9999999999999999
17,288,0,10000000,127.83948255527321,0,5000000000,904001,909001,861001,48000,0,5000,0.49999999999999994,0,0.49999999999999994
17,302,1,5000000,193.97933317753208,948995.328435767,4000000000,911979,912779,903001,9778,5269,800,0,1.5806189504351473,1.5806189504351473
17,301,1,9000000,195.6266428685009,917631.960129671,8000000000,912779,914379,900001,14378,9808,1600,0,2.9423561049665943,2.9423561049665943
17,303,1,4000000,193.52246613765544,957929.1978209502,2000000000,914379,914779,906001,8778,4176,400,0,1.2527021858501657,1.2527021858501657
17,289,0,10000000,136.8669083452973,0,9000000000,909001,918001,864001,54000,0,9000,0.8999999999999999,0,0.8999999999999999
17,304,1,7000000,197.37916050079855,885669.6573330555,10000000000,916905,918905,909001,9904,7904,2000,0,2.3710872136272094,2.3710872136272094
17,291,0,8000000,165.9947782311239,0,8000000000,918001,926001,870001,56000,0,8000,0.7999999999999999,0,0.7999999999999999
17,305,1,10000000,205.7672532255801,750549.6654458843,2000000000,926017,926417,912001,14416,13324,400,0,3.9970705978767826,3.9970705978767826
17,292,0,9000000,185.60926835694386,0,8000000000,926001,934001,873001,61000,0,8000,0.7999999999999999,0,0.7999999999999999
17,308,1,4000000,246.45167518197155,365693.63786433113,10000000000,932378,934378,921001,13377,10938,2000,0,3.281435266437937,3.281435266437937
17,311,1,2000000,208.64103838890372,710243.1830568196,4000000000,934378,935178,930001,5177,2816,800,0,0.8447810754306104,0.8447810754306104
17,293,0,5000000,207.092511936091,0,2000000000,934001,936001,876001,60000,0,2000,0.19999999999999998,0,0.19999999999999998
17,295,0,8000000,237.6527470912129,0,3000000000,936001,939001,882001,57000,0,3000,0.3,0,0.3
17,296,0,9000000,242.8883877421891,0,2000000000,939001,941001,885001,56000,0,2000,0.19999999999999998,0,0.19999999999999998
17,297,0,9000000,246.1766638006129,0,2000000000,941001,943001,888001,55000,0,2000,0.19999999999999998,0,0.19999999999999998
17,298,0,6000000,224.53747304180652,0,2000000000,943001,945001,891001,54000,0,2000,0.19999999999999998,0,0.19999999999999998
17,313,1,9000000,186.43609763133318,1110906.088928829,9000000000,945145,946945,936001,10944,8101,1800,0,2.43044846626363,2.43044846626363
17,315,1,5000000,176.66182638023417,1375396.8195594305,4000000000,946945,947745,942001,5744,3635,800,0,1.0905943496950086,1.0905943496950086
17,317,1,3000000,154.18017155263513,2354638.6451031207,10000000000,949545,951545,948001,3544,1274,2000,0,0.38222425418511924,0.38222425418511924
17,300,0,6000000,197.95590847458934,0,9000000000,945001,954001,897001,57000,0,9000,0.8999999999999999,0,0.8999999999999999
17,319,1,9000000,151.030589285747,2553735.7583080824,5000000000,960399,961399,954001,7398,3524,1000,0,1.057274618650765,1.057274618650765
17,306,0,2000000,218.26589380844638,0,8000000000,954001,962001,915001,47000,0,8000,0.7999999999999999,0,0.7999999999999999
17,321,1,3000000,149.82986951873113,2635091.182945052,6000000000,966599,967799,960001,7798,1138,1200,0,0.3415441582534289,0.3415441582534289
17,322,1,4000000,152.82005136761342,2438170.9413404446,5000000000,968399,969399,963001,6398,1641,1000,0,0.49217221797429445,0.49217221797429445
17,307,0,10000000,234.40549758911374,0,10000000000,962001,972001,918001,54000,0,10000,0.9999999999999999,0,0.9999999999999999
17,323,1,4000000,159.44501309228832,2062895.928373423,7000000000,971599,972999,966001,6998,1939,1400,0,0.5817065143689485,0.5817065143689485
17,324,1,8000000,169.21983867147492,1630880.0524818613,2000000000,977199,977599,969001,8598,4905,400,0,1.4715981082408223,1.4715981082408223
17,309,0,10000000,248.74710711885675,0,10000000000,972001,982001,924001,58000,0,10000,0.9999999999999999,0,0.9999999999999999
17,310,0,8000000,230.58663296036914,0,5000000000,982001,987001,927001,60000,0,5000,0.49999999999999994,0,0.49999999999999994
17,327,1,9000000,195.57625443800686,918572.0054992186,9000000000,988952,990752,978001,12751,9798,1800,0,2.939344965703178,2.939344965703178
17,330,1,5000000,202.7015157812097,796741.0487763576,6000000000,993552,994752,987001,7751,6276,1200,0,1.8826694097206542,1.8826694097206542
17,312,0,3000000,189.70168686651155,0,8000000000,987001,995001,933001,62000,0,8000,0.7999999999999999,0,0.7999999999999999
18,1,1,9000000,138.59922438455416,3575163.048597572,6000000000,2518,3718,1,3717,2517,1200,0,0.7552103116133762,0.7552103116133762
18,2,0,10000000,147.76784663789346,0,2000000000,3001,5001,3001,2000,0,2000,0.19999999999999998,0,0.19999999999999998
18,4,1,3000000,150.41589842832445,2594990.2472927524,3000000000,10157,10757,9001,1756,1156,600,0,0.3468221126992417,0.3468221126992417
18,3,0,6000000,170.7481051139368,0,9000000000,6001,15001,6001,9000,0,9000,0.8999999999999999,0,0.8999999999999999
18,6,1,2000000,98.05543432161217,13321145.160922246,3000000000,15151,15751,15001,750,150,600,0,0.04504117271840171,0.04504117271840171
18,5,0,2000000,123.73877848112127,0,9000000000,15001,24001,12001,12000,0,9000,0.8999999999999999,0,0.8999999999999999
18,7,0,6000000,84.86401357465951,0,6000000000,24001,30001,18001,12000,0,6000,0.6,0,0.6
18,12,1,7000000,73.36769657008456,35997081.79840567,8000000000,33195,34795,33001,1794,194,1600,0,0.05833806228406577,0.05833806228406577
18,8,0,9000000,79.73028784596228,0,5000000000,30001,35001,21001,14000,0,5000,0.49999999999999994,0,0.49999999999999994
18,9,0,10000000,78.16636424959263,0,3000000000,35001,38001,24001,14000,0,3000,0.3,0,0.3
18,13,1,7000000,84.2650449474751,22808102.87022455,9000000000,36795,38595,36001,2594,307,1800,0,0.09207254158527588,0.09207254158527588
18,10,0,3000000,69.11010418166069,0,8000000000,38001,46001,27001,19000,0,8000,0.7999999999999999,0,0.7999999999999999
18,11,0,10000000,65.38678230345943,0,10000000000,46001,56001,30001,26000,0,10000,0.9999999999999999,0,0.9999999999999999
18,14,0,10000000,102.18115873290925,0,4000000000,56001,60001,39001,21000,0,4000,0.39999999999999997,0,0.39999999999999997
18,15,0,6000000,125.43719743361618,0,3000000000,60001,63001,42001,21000,0,3000,0.3,0,0.3
18,21,1,5000000,181.21366449580998,1243464.713311447,3000000000,64022,64622,60001,4621,4021,600,0,1.2063068488734021,1.2063068488734021
18,16,0,4000000,150.39338948238384,0,3000000000,63001,66001,45001,21000,0,3000,0.3,0,0.3
18,17,0,9000000,173.42828950318346,0,3000000000,66001,69001,48001,21000,0,3000,0.3,0,0.3
18,24,1,6000000,193.51848619705555,958007.4831233309,5000000000,75264,76264,69001,7263,6263,1000,0,1.8788997285611742,1.8788997285611742
18,18,0,3000000,200.04337654618809,0,10000000000,69001,79001,51001,28000,0,10000,0.9999999999999999,0,0.9999999999999999
18,25,1,6000000,210.07411477857042,691151.7490195336,3000000000,80682,81282,72001,9281,8681,600,0,2.6043484698598767,2.6043484698598767
18,19,0,5000000,209.05296745083527,0,3000000000,79001,82001,54001,28000,0,3000,0.3,0,0.3
18,20,0,6000000,188.44803554295814,0,10000000000,82001,92001,57001,35000,0,10000,0.9999999999999999,0,0.9999999999999999
18,29,1,10000000,197.8425035223726,877451.9596710526,2000000000,95398,95798,84001,11797,11397,400,0,3.41899059764442,3.41899059764442
18,32,1,3000000,181.36531228435052,1239346.5350240914,7000000000,95798,97198,93001,4197,2421,1400,0,0.7261891444933963,0.7261891444933963
18,22,0,7000000,178.43941745029315,0,7000000000,92001,99001,63001,36000,0,7000,0.7,0,0.7
18,35,1,3000000,222.25543795372025,552170.2123026238,2000000000,107434,107834,102001,5833,5433,400,0,1.6299321838584508,1.6299321838584508
18,23,0,9000000,182.68567130456617,0,9000000000,99001,108001,66001,42000,0,9000,0.8999999999999999,0,0.8999999999999999
18,26,0,5000000,230.96391493044965,0,4000000000,108001,112001,75001,37000,0,4000,0.39999999999999997,0,0.39999999999999997
18,34,1,8000000,203.40416342838213,785848.2244818511,7000000000,110634,112034,99001,13033,10180,1400,0,3.0540248424973404,3.0540248424973404
18,37,1,2000000,218.79098358936096,587837.6025484009,7000000000,113634,115034,108001,7033,3402,1400,0,1.0206900637163607,1.0206900637163607
18,38,1,2000000,198.61209681185076,864011.454145825,6000000000,115034,116234,111001,5233,2315,1200,0,0.6944352382378648,0.6944352382378648
18,27,0,6000000,236.10102964620881,0,6000000000,112001,118001,78001,40000,0,6000,0.6,0,0.6
18,39,1,3000000,180.17315810075596,1272184.692080805,9000000000,117834,119634,114001,5633,2358,1800,0,0.7074444501670162,0.7074444501670162
18,40,1,8000000,166.0693942302434,1756663.5648919703,6000000000,121555,122755,117001,5754,4554,1200,0,1.3662263212862806,1.3662263212862806
18,42,1,2000000,145.98824404725198,2917837.505086365,4000000000,124555,125355,123001,2354,685,800,0,0.20563173890049802,0.20563173890049802
18,28,0,5000000,215.0685407027257,0,9000000000,118001,127001,81001,46000,0,9000,0.8999999999999999,0,0.8999999999999999
18,36,1,10000000,233.19814235966808,455902.8865367681,4000000000,126935,127735,105001,22734,21934,800,0,6.580348772935555,6.580348772935555
18,43,1,7000000,143.49192625370947,3121795.9958834257,3000000000,128243,128843,126001,2842,2242,600,0,0.6726896961778339,0.6726896961778339
18,30,0,9000000,185.8452326534098,0,2000000000,127001,129001,87001,42000,0,2000,0.19999999999999998,0,0.19999999999999998
18,31,0,10000000,180.16459613364668,0,3000000000,129001,132001,90001,42000,0,3000,0.3,0,0.3
18,33,0,4000000,189.42087794116048,0,3000000000,132001,135001,96001,39000,0,3000,0.3,0,0.3
18,45,1,8000000,153.8084607555774,2377110.902511083,2000000000,135826,136226,132001,4225,3365,400,0,1.0096289565054528,1.0096289565054528
18,46,1,2000000,166.20270154242385,1751102.2008362953,4000000000,136226,137026,135001,2025,1142,800,0,0.3426413373893601,0.3426413373893601
18,41,0,8000000,153.78753037876643,0,9000000000,135001,144001,120001,24000,0,9000,0.8999999999999999,0,0.8999999999999999
18,48,1,10000000,154.16031266185212,2355832.5729993572,5000000000,145246,146246,141001,5245,4245,1000,0,1.2734351474648782,1.2734351474648782
18,50,1,2000000,119.814448627868,6281489.871183932,8000000000,150046,151646,147001,4645,318,1600,0,0.09551874034732978,0.09551874034732978
18,44,0,10000000,145.97197847532243,0,9000000000,144001,153001,129001,24000,0,9000,0.8999999999999999,0,0.8999999999999999
18,47,0,2000000,174.78948852834372,0,2000000000,153001,155001,138001,17000,0,2000,0.19999999999999998,0,0.19999999999999998
18,52,1,10000000,163.51349332700343,1867656.8698800716,7000000000,158355,159755,153001,6754,5354,1400,0,1.6062907744893418,1.6062907744893418
18,54,1,10000000,126.98387692931735,5022774.682009099,2000000000,161155,161555,159001,2554,1991,400,0,0.5972794301814085,0.5972794301814085
18,49,0,7000000,135.09863988952668,0,8000000000,155001,163001,144001,19000,0,8000,0.7999999999999999,0,0.7999999999999999
18,55,1,8000000,113.04802740428502,7839372.452435943,4000000000,163987,164787,162001,2786,1020,800,0,0.3061469543080892,0.3061469543080892
18,58,1,9000000,43.08890924588364,134344668.17807063,8000000000,171068,172668,171001,1667,67,1600,0,0.020097559781242787,0.020097559781242787
18,51,0,7000000,109.8828831074248,0,10000000000,163001,173001,150001,23000,0,10000,0.9999999999999999,0,0.9999999999999999
18,59,1,2000000,19.17603712970958,356291165.72032535,5000000000,174007,175007,174001,1006,6,1000,0,0.0016840159333924563,0.0016840159333924563
18,60,1,2000000,18.93509176106623,359914126.97056544,9000000000,177007,178807,177001,1806,6,1800,0,0.001667064321843275,0.001667064321843275
18,53,0,10000000,146.54356655957298,0,9000000000,173001,182001,156001,26000,0,9000,0.8999999999999999,0,0.8999999999999999
18,62,1,8000000,75.01132981090255,33552648.175060008,3000000000,183239,183839,183001,838,238,600,0,0.07152937638418484,0.07152937638418484
18,56,0,5000000,104.41072023504103,0,10000000000,182001,192001,165001,27000,0,10000,0.9999999999999999,0,0.9999999999999999
18,57,0,10000000,74.16282694180427,0,4000000000,192001,196001,168001,28000,0,4000,0.39999999999999997,0,0.39999999999999997
18,61,0,5000000,48.473317402463856,0,3000000000,196001,199001,180001,19000,0,3000,0.3,0,0.3
18,63,0,8000000,105.16968432014994,0,3000000000,199001,202001,186001,16000,0,3000,0.3,0,0.3
18,64,0,4000000,136.65716300289574,0,5000000000,202001,207001,189001,18000,0,5000,0.49999999999999994,0,0.49999999999999994
18,70,1,10000000,102.46724061864847,11330548.395133974,9000000000,207884,209684,207001,2683,883,1800,0,0.2647709444750602,0.2647709444750602
18,65,0,7000000,166.41194668652844,0,3000000000,207001,210001,192001,18000,0,3000,0.3,0,0.3
18,71,1,3000000,71.08671465189543,39715843.425271824,3000000000,210077,210677,210001,676,76,600,0,0.02266098167330662,0.02266098167330662
18,66,0,3000000,193.83807778658968,0,5000000000,210001,215001,195001,20000,0,5000,0.49999999999999994,0,0.49999999999999994
18,67,0,3000000,191.16778415831473,0,3000000000,215001,218001,198001,20000,0,3000,0.3,0,0.3
18,75,1,9000000,30.78774106685976,222538917.8782167,4000000000,222041,222841,222001,840,40,800,0,0.012132709306502341,0.012132709306502341
18,76,1,8000000,57.30198076855632,72684904.80145517,4000000000,225111,225911,225001,910,110,800,0,0.033019235652241664,0.033019235652241664
18,68,0,5000000,159.59068143221901,0,9000000000,218001,227001,201001,26000,0,9000,0.8999999999999999,0,0.8999999999999999
18,69,0,3000000,133.94572034969988,0,4000000000,227001,231001,204001,27000,0,4000,0.39999999999999997,0,0.39999999999999997
18,72,0,9000000,41.92585121377982,0,3000000000,231001,234001,213001,21000,0,3000,0.3,0,0.3
18,79,1,3000000,143.28943157120833,3139100.8813320543,9000000000,235184,236984,234001,2983,956,1800,0,0.28670630031427713,0.28670630031427713
18,73,0,7000000,33.6095016327228,0,10000000000,234001,244001,216001,28000,0,10000,0.9999999999999999,0,0.9999999999999999
18,74,0,5000000,11.50208676719144,0,2000000000,244001,246001,219001,27000,0,2000,0.19999999999999998,0,0.19999999999999998
18,77,0,4000000,82.21168408444139,0,7000000000,246001,253001,228001,25000,0,7000,0.7,0,0.7
18,78,0,10000000,113.6583802453651,0,2000000000,253001,255001,231001,24000,0,2000,0.19999999999999998,0,0.19999999999999998
18,84,1,6000000,178.79463778312817,1311516.672706531,6000000000,254857,256057,249001,7056,4575,1200,0,1.372456818475211,1.372456818475211
18,86,1,2000000,212.8897472871815,655469.0305789355,5000000000,259268,260268,255001,5267,3051,1000,0,0.9153750551266425,0.9153750551266425
18,80,0,5000000,170.78889015389734,0,6000000000,255001,261001,237001,24000,0,6000,0.6,0,0.6
18,85,1,10000000,196.76552873915696,896700.9145833931,9000000000,264081,265881,252001,13880,11152,1800,0,3.345597122975835,3.345597122975835
18,81,0,5000000,202.383286365253,0,10000000000,261001,271001,240001,31000,0,10000,0.9999999999999999,0,0.9999999999999999
18,91,1,7000000,163.76804144887367,1856219.939078977,10000000000,273772,275772,270001,5771,3771,2000,0,1.1313314525874463,1.1313314525874463
18,92,1,4000000,152.34336907131862,2468311.9476245614,5000000000,275772,276772,273001,3771,1621,1000,0,0.4861622134734017,0.4861622134734017
18,82,0,10000000,185.29801752852083,0,6000000000,271001,277001,243001,34000,0,6000,0.6,0,0.6
18,93,1,2000000,146.8128485521618,2854102.215723802,4000000000,276772,277572,276001,1571,701,800,0,0.21022372523817956,0.21022372523817956
18,83,0,3000000,168.4627258475892,0,3000000000,277001,280001,246001,34000,0,3000,0.3,0,0.3
18,94,1,10000000,146.39066636913708,2886516.2688439563,10000000000,282465,284465,279001,5464,3464,2000,0,1.0393151191908903,1.0393151191908903
18,95,1,5000000,150.54489629343138,2586264.7146038204,9000000000,284465,286265,282001,4264,1933,1800,0,0.5799870336280635,0.5799870336280635
18,87,0,5000000,214.1941775585882,0,8000000000,280001,288001,258001,30000,0,8000,0.7999999999999999,0,0.7999999999999999
18,96,1,7000000,160.70795531024592,1999690.2966527925,3000000000,288745,289345,285001,4344,3501,600,0,1.0501626194391762,1.0501626194391762
18,88,0,9000000,209.39871370187547,0,10000000000,288001,298001,261001,37000,0,10000,0.9999999999999999,0,0.9999999999999999
18,89,0,3000000,188.9008218616319,0,3000000000,298001,301001,264001,37000,0,3000,0.3,0,0.3
18,90,0,2000000,170.87286092296807,0,6000000000,301001,307001,267001,40000,0,6000,0.6,0,0.6
18,97,0,5000000,174.52361731295852,0,7000000000,307001,314001,288001,26000,0,7000,0.7,0,0.7
18,101,1,6000000,234.74921810306418,444009.1412467643,10000000000,313514,315514,300001,15513,13513,2000,0,4.053970589311865,4.053970589311865
18,102,1,5000000,234.70442049522632,444347.18495867716,6000000000,315514,316714,303001,13713,11252,1200,0,3.3757387258782683,3.3757387258782683
18,98,0,4000000,178.13700710408267,0,3000000000,314001,317001,291001,26000,0,3000,0.3,0,0.3
18,105,1,5000000,191.34515097070005,1001973.5093002502,9000000000,318314,320114,312001,8113,4990,1800,0,1.4970455666513154,1.4970455666513154
18,99,0,10000000,190.96147517234988,0,5000000000,317001,322001,294001,28000,0,5000,0.49999999999999994,0,0.49999999999999994
18,100,0,6000000,212.03324739295013,0,9000000000,322001,331001,297001,34000,0,9000,0.8999999999999999,0,0.8999999999999999
18,109,1,6000000,198.69741467870185,862537.2635591751,3000000000,330957,331557,324001,7556,6956,600,0,2.086866360500736,2.086866360500736
18,108,1,8000000,209.66687506613914,696511.2426295888,6000000000,334431,335631,321001,14630,11486,1200,0,3.4457448108649444,3.4457448108649444
18,103,0,4000000,215.35240792709982,0,5000000000,331001,336001,306001,30000,0,5000,0.49999999999999994,0,0.49999999999999994
18,111,1,5000000,190.11203670467577,1028037.5557891357,3000000000,335631,336231,330001,6230,4864,600,0,1.459090664103783,1.459090664103783
18,110,1,10000000,191.99729294966636,988521.7929337316,9000000000,337117,338917,327001,11916,10116,1800,0,3.0348344583244953,3.0348344583244953
18,104,0,7000000,199.85088366079344,0,4000000000,336001,340001,309001,31000,0,4000,0.39999999999999997,0,0.39999999999999997
18,112,1,9000000,190.10744146403104,1028136.2524677092,7000000000,341755,343155,333001,10154,8754,1400,0,2.626111075764055,2.626111075764055
18,106,0,7000000,235.12482897388782,0,8000000000,340001,348001,315001,33000,0,8000,0.7999999999999999,0,0.7999999999999999
18,114,1,9000000,190.10744146403104,1028136.2524677092,4000000000,347755,348555,339001,9554,8754,800,0,2.626111075764055,2.626111075764055
18,115,1,6000000,190.10744146403104,1028136.2524677092,4000000000,348555,349355,342001,7354,5836,800,0,1.7507407171760367,1.7507407171760367
18,107,0,5000000,224.26981294859993,0,3000000000,348001,351001,318001,33000,0,3000,0.3,0,0.3
18,113,0,6000000,190.10744146403104,0,3000000000,351001,354001,336001,18000,0,3000,0.3,0,0.3
18,118,1,3000000,163.34435190725145,1875304.807444481,7000000000,352601,354001,351001,3000,1600,1400,0,0.47992198197713243,0.47992198197713243
18,117,1,7000000,185.90951374257315,1123448.193608569,3000000000,354601,355201,348001,7200,6231,600,0,1.8692450724004461,1.8692450724004461
18,119,1,5000000,142.12550228583186,3240896.546696528,4000000000,355544,356344,354001,2343,1543,800,0,0.4628348910208079,0.4628348910208079
18,121,1,3000000,113.69611295026758,7671246.877534994,2000000000,360392,360792,360001,791,391,400,0,0.11732121444763065,0.11732121444763065
18,116,0,6000000,190.06084131140744,0,10000000000,354001,364001,345001,19000,0,10000,0.9999999999999999,0,0.9999999999999999
18,122,1,7000000,110.34803351215645,8589612.240810215,5000000000,363816,364816,363001,1815,815,1000,0,0.24448135039468527,0.24448135039468527
18,120,0,8000000,124.8652601807244,0,2000000000,364001,366001,357001,9000,0,2000,0.19999999999999998,0,0.19999999999999998
18,124,1,9000000,127.585176646819,4931895.525389245,5000000000,370826,371826,369001,2825,1825,1000,0,0.5474568522590318,0.5474568522590318
18,123,0,7000000,115.35058083945653,0,6000000000,366001,372001,366001,6000,0,6000,0.6,0,0.6
18,125,1,4000000,145.43213193789055,2961814.64185957,5000000000,373352,374352,372001,2351,1351,1000,0,0.4051570219960092,0.4051570219960092
18,126,0,9000000,163.3877571912902,0,5000000000,375001,380001,375001,5000,0,5000,0.49999999999999994,0,0.49999999999999994
18,127,0,8000000,167.43424799006922,0,2000000000,380001,382001,378001,4000,0,2000,0.19999999999999998,0,0.19999999999999998
18,129,0,4000000,165.15849962990097,0,2000000000,384001,386001,384001,2000,0,2000,0.19999999999999998,0,0.19999999999999998
18,131,0,10000000,162.66884458924514,0,3000000000,390001,393001,390001,3000,0,3000,0.3,0,0.3
18,128,1,7000000,174.51959488836778,1443498.7761527302,10000000000,399540,401540,381001,20539,4849,2000,0,1.4547986009361247,1.4547986009361247
18,130,1,6000000,161.04937690037795,1983017.1410326203,9000000000,401540,403340,387001,16339,3026,1800,0,0.907707736234031,0.907707736234031
18,132,1,3000000,169.8679634304244,1606405.4136668802,9000000000,406940,408740,393001,15739,1868,1800,0,0.560257076042594,0.560257076042594
18,136,0,9000000,173.91563155737322,0,4000000000,405001,409001,405001,4000,0,4000,0.39999999999999997,0,0.39999999999999997
18,133,1,2000000,173.91563155737322,1463451.9418703753,4000000000,410540,411340,396001,15339,1367,800,0,0.4099895478857787,0.4099895478857787
18,134,1,3000000,173.91563155737322,1463451.9418703753,7000000000,414540,415940,399001,16939,2050,1400,0,0.614984321828668,0.614984321828668
18,135,1,8000000,173.91563155737322,1463451.9418703753,5000000000,418340,419340,402001,17339,5467,1000,0,1.6399581915431147,1.6399581915431147
18,138,0,10000000,173.91563155737322,0,10000000000,411001,421001,411001,10000,0,10000,0.9999999999999999,0,0.9999999999999999
18,137,1,7000000,173.91563155737322,1463451.9418703753,8000000000,421740,423340,408001,15339,4783,1600,0,1.4349634176002253,1.4349634176002253
18,139,0,9000000,175.36583988907304,0,7000000000,421001,428001,414001,14000,0,7000,0.7,0,0.7
18,141,1,4000000,199.18304395705977,854205.5770319839,3000000000,427940,428540,420001,8539,4683,600,0,1.4048140544451966,1.4048140544451966
18,140,0,7000000,183.33951810779914,0,5000000000,428001,433001,417001,16000,0,5000,0.49999999999999994,0,0.49999999999999994
18,142,0,7000000,196.86888149222568,0,2000000000,433001,435001,423001,12000,0,2000,0.19999999999999998,0,0.19999999999999998
18,145,1,9000000,149.85363125396728,2633450.3669000254,3000000000,438445,439045,432001,7044,3418,600,0,1.0252708894522715,1.0252708894522715
18,143,0,10000000,176.4868904479877,0,6000000000,435001,441001,426001,15000,0,6000,0.6,0,0.6
18,147,1,9000000,149.80448925182446,2636845.1596287237,3000000000,445445,446045,438001,8044,3413,600,0,1.0239509097228026,1.0239509097228026
18,148,1,7000000,149.80448925182446,2636845.1596287237,5000000000,449645,450645,441001,9644,2655,1000,0,0.7964062631177352,0.7964062631177352
18,144,0,7000000,159.2002242460732,0,10000000000,441001,451001,429001,22000,0,10000,0.9999999999999999,0,0.9999999999999999
18,149,1,8000000,149.80448925182446,2636845.1596287237,2000000000,454045,454445,444001,10444,3034,400,0,0.9101785864202688,0.9101785864202688
18,146,0,3000000,149.80448925182446,0,8000000000,451001,459001,435001,24000,0,8000,0.7999999999999999,0,0.7999999999999999
18,150,0,4000000,149.80448925182446,0,3000000000,459001,462001,447001,15000,0,3000,0.3,0,0.3
18,151,0,5000000,149.80448925182446,0,3000000000,462001,465001,450001,15000,0,3000,0.3,0,0.3
18,153,1,3000000,142.05147588110444,3247507.5304202116,2000000000,465245,465645,456001,9644,924,400,0,0.277135616028439,0.277135616028439
18,155,1,5000000,142.38742992272878,3217637.775575436,9000000000,472645,474445,462001,12444,1554,1800,0,0.46618050402884237,0.46618050402884237
18,152,0,4000000,148.16341822460765,0,10000000000,465001,475001,453001,22000,0,10000,0.9999999999999999,0,0.9999999999999999
18,154,0,6000000,138.74586300138827,0,2000000000,475001,477001,459001,18000,0,2000,0.19999999999999998,0,0.19999999999999998
18,160,1,9000000,108.30057432904037,9216837.799533961,5000000000,477977,478977,477001,1976,976,1000,0,0.2929421194909736,0.2929421194909736
18,156,1,6000000,152.42999999999998,2462800.0679973024,4000000000,481645,482445,465001,17444,2436,800,0,0.7308754061647085,0.7308754061647085
18,162,1,6000000,95.01892864056084,14933938.22002774,7000000000,483403,484803,483001,1802,402,1400,0,0.12053083208728156,0.12053083208728156
18,157,0,9000000,167.37393644172917,0,9000000000,477001,486001,468001,18000,0,9000,0.8999999999999999,0,0.8999999999999999
18,163,1,5000000,102.23089797121027,11427783.227762254,10000000000,486439,488439,486001,2438,438,2000,0,0.13125905261800494,0.13125905261800494
18,158,0,8000000,148.177169968926,0,7000000000,486001,493001,471001,22000,0,7000,0.7,0,0.7
18,159,0,8000000,126.08174649805582,0,9000000000,493001,502001,474001,28000,0,9000,0.8999999999999999,0,0.8999999999999999
18,168,1,4000000,158.66260208379288,2103296.9222384123,2000000000,504134,504534,501001,3533,1902,400,0,0.5705328559711447,0.5705328559711447
18,161,0,6000000,97.18166750987551,0,4000000000,502001,506001,480001,26000,0,4000,0.39999999999999997,0,0.39999999999999997
18,164,0,3000000,117.27966788834281,0,3000000000,506001,509001,489001,20000,0,3000,0.3,0,0.3
18,170,1,3000000,180.2808190019116,1269175.0515584666,6000000000,509895,511095,507001,4094,2364,1200,0,0.7091220386776883,0.7091220386776883
18,165,0,7000000,133.5551159634104,0,7000000000,509001,516001,492001,24000,0,7000,0.7,0,0.7
18,173,1,4000000,164.84201193870447,1808912.0093371994,3000000000,518212,518812,516001,2811,2211,600,0,0.6633821843217736,0.6633821843217736
18,166,0,7000000,150.06334962275105,0,9000000000,516001,525001,495001,30000,0,9000,0.8999999999999999,0,0.8999999999999999
18,174,1,6000000,178.67933568266932,1314874.550341653,8000000000,523564,525164,519001,6163,4563,1600,0,1.3689518893892147,1.3689518893892147
18,167,0,9000000,165.5777913851976,0,4000000000,525001,529001,498001,31000,0,4000,0.39999999999999997,0,0.39999999999999997
18,177,1,2000000,170.66946768534788,1576766.1736050788,3000000000,529269,529869,528001,1868,1268,600,0,0.380525667054472,0.380525667054472
18,176,1,5000000,188.5553799285505,1062157.12562526,4000000000,529869,530669,525001,5668,4707,800,0,1.4122204368934541,1.4122204368934541
18,169,0,4000000,167.3209281590322,0,3000000000,529001,532001,504001,28000,0,3000,0.3,0,0.3
18,175,1,10000000,195.1944274307031,925734.4739562018,10000000000,532803,534803,522001,12802,10802,2000,0,3.2406700672810156,3.2406700672810156
18,171,0,6000000,195.47387856181706,0,5000000000,532001,537001,510001,27000,0,5000,0.49999999999999994,0,0.49999999999999994
18,172,0,9000000,159.2530922776697,0,7000000000,537001,544001,513001,31000,0,7000,0.7,0,0.7
18,181,1,9000000,149.98161554003877,2624634.3787912284,5000000000,546864,547864,540001,7863,3429,1000,0,1.0287147123491849,1.0287147123491849
18,182,1,8000000,124.87716564688677,5357785.448846121,10000000000,547864,549864,543001,6863,1493,2000,0,0.4479462686429289,0.4479462686429289
18,178,0,3000000,155.45729317082552,0,10000000000,544001,554001,531001,23000,0,10000,0.9999999999999999,0,0.9999999999999999
18,179,0,6000000,147.51563510353742,0,10000000000,554001,564001,534001,30000,0,10000,0.9999999999999999,0,0.9999999999999999
18,187,1,7000000,77.87596548358168,29717180.786326602,8000000000,565664,567264,558001,9263,236,1600,0,0.07066619189416,0.07066619189416
18,180,0,4000000,171.93146454328826,0,7000000000,564001,571001,537001,34000,0,7000,0.7,0,0.7
18,183,0,10000000,100.80122320686392,0,2000000000,571001,573001,546001,27000,0,2000,0.19999999999999998,0,0.19999999999999998
18,189,1,2000000,97.00091752143375,13856766.172260894,10000000000,571864,573864,564001,9863,144,2000,0,0.04330014611930938,0.04330014611930938
18,190,1,7000000,117.62677331288143,6740204.363020599,8000000000,576664,578264,567001,11263,1039,1600,0,0.31156325341133906,0.31156325341133906
18,192,1,2000000,130.1886085646513,4560913.310771292,5000000000,579264,580264,573001,7263,439,1000,0,0.13155259903384012,0.13155259903384012
18,193,1,5000000,130.28209585357462,4548239.917156308,7000000000,580264,581664,576001,5663,1099,1400,0,0.3297979058540614,0.3297979058540614
18,184,0,2000000,80.53452986142028,0,9000000000,573001,582001,549001,33000,0,9000,0.8999999999999999,0,0.8999999999999999
18,194,1,8000000,132.43075360353424,4268521.964535546,2000000000,584864,585264,579001,6263,1874,400,0,0.5622555113784314,0.5622555113784314
18,185,0,8000000,70.45905051872329,0,5000000000,582001,587001,552001,35000,0,5000,0.49999999999999994,0,0.49999999999999994
18,195,1,4000000,147.4320521460649,2807370.5345790912,10000000000,585264,587264,582001,5263,1425,2000,0,0.42744624737607567,0.42744624737607567
18,186,0,7000000,69.09480515928821,0,5000000000,587001,592001,555001,37000,0,5000,0.49999999999999994,0,0.49999999999999994
18,188,0,2000000,89.42795647894451,0,2000000000,592001,594001,561001,33000,0,2000,0.19999999999999998,0,0.19999999999999998
18,191,0,5000000,128.62869431040644,0,6000000000,594001,600001,570001,30000,0,6000,0.6,0,0.6
18,201,1,3000000,130.54503054501922,4512826.685035773,4000000000,601371,602171,600001,2170,665,800,0,0.19943154541793928,0.19943154541793928
18,202,1,2000000,117.84851505216345,6691893.608413925,10000000000,603300,605300,603001,2299,299,2000,0,0.08966072013541898,0.08966072013541898
18,196,0,2000000,171.29054848414725,0,7000000000,600001,607001,585001,22000,0,7000,0.7,0,0.7
18,197,0,4000000,198.04768971134203,0,2000000000,607001,609001,588001,21000,0,2000,0.19999999999999998,0,0.19999999999999998
18,203,1,4000000,135.39678725878244,3916246.0283736982,2000000000,608791,609191,606001,3190,1021,400,0,0.3064158868737684,0.3064158868737684
18,198,0,5000000,212.16439027320303,0,7000000000,609001,616001,591001,25000,0,7000,0.7,0,0.7
18,204,1,5000000,156.32618718564078,2229917.825606774,9000000000,614991,616791,609001,7790,2242,1800,0,0.6726705274853978,0.6726705274853978
18,199,0,3000000,184.23960621972682,0,6000000000,616001,622001,594001,28000,0,6000,0.6,0,0.6
18,206,1,10000000,177.10325575776412,1361863.46057854,4000000000,623047,623847,615001,8846,7343,800,0,2.202864007178484,2.202864007178484
18,205,1,8000000,178.9138932559459,1308054.8712228509,10000000000,621991,623991,612001,11990,6116,2000,0,1.8347854151992349,1.8347854151992349
18,207,1,10000000,160.96026745753122,1987352.0829313688,9000000000,625047,626847,618001,8846,5032,1800,0,1.5095463082590594,1.5095463082590594
18,200,0,2000000,156.87208323981676,0,7000000000,622001,629001,597001,32000,0,7000,0.7,0,0.7
18,208,1,6000000,160.72133181379496,1999033.7980390002,4000000000,628447,629247,621001,8246,3001,800,0,0.9004350010318749,0.9004350010318749
18,210,1,10000000,141.84760061418024,3265800.9348206604,10000000000,631847,633847,627001,6846,3062,2000,0,0.9186107971289265,0.9186107971289265
18,209,0,5000000,151.30438724637168,0,5000000000,629001,634001,624001,10000,0,5000,0.49999999999999994,0,0.49999999999999994
18,211,1,10000000,137.16456867573348,3723246.16702632,3000000000,634447,635047,630001,5046,2686,600,0,0.8057484961828453,0.8057484961828453
18,212,1,3000000,151.28673173811376,2536784.5851333975,9000000000,635047,636847,633001,3846,1183,1800,0,0.35477982847829126,0.35477982847829126
18,213,1,2000000,142.66024113255943,3193631.0650234874,8000000000,640047,641647,636001,5646,626,1600,0,0.18787392400179678,0.18787392400179678
18,214,1,8000000,137.49676359827527,3688295.6687475494,6000000000,644247,645447,639001,6446,2169,1200,0,0.6507070515892177,0.6507070515892177
18,215,0,8000000,148.6544321572687,0,8000000000,642001,650001,642001,8000,0,8000,0.7999999999999999,0,0.7999999999999999
18,217,1,9000000,131.86129227335826,4340548.70099995,6000000000,650074,651274,648001,3273,2073,1200,0,0.6220411717481686,0.6220411717481686
18,218,1,10000000,105.29743824044346,10239660.835203456,3000000000,652152,652752,651001,1751,977,600,0,0.2929784539040733,0.2929784539040733
18,219,1,9000000,79.21061797511747,28098604.005767602,3000000000,654321,654921,654001,920,320,600,0,0.09609018296587937,0.09609018296587937
18,216,0,8000000,158.4338555991111,0,10000000000,650001,660001,645001,15000,0,10000,0.9999999999999999,0,0.9999999999999999
18,221,1,8000000,79.86203415891686,27344605.53275094,10000000000,660294,662294,660001,2293,293,2000,0,0.087768682460074,0.087768682460074
18,220,0,5000000,65.75388201467646,0,5000000000,660001,665001,657001,8000,0,5000,0.49999999999999994,0,0.49999999999999994
18,222,1,8000000,103.39172355657873,10959569.551041799,4000000000,664904,665704,663001,2703,730,800,0,0.21898670279179533,0.21898670279179533
18,223,0,7000000,131.10497320849427,0,8000000000,666001,674001,666001,8000,0,8000,0.7999999999999999,0,0.7999999999999999
18,225,1,5000000,178.55904485631635,1318389.1111872597,2000000000,679302,679702,672001,7701,3793,400,0,1.137752115268301,1.137752115268301
18,224,0,4000000,160.89744466584918,0,8000000000,674001,682001,669001,13000,0,8000,0.7999999999999999,0,0.7999999999999999
18,227,1,9000000,167.63401355333588,1692745.26230438,2000000000,685102,685502,678001,7501,5317,400,0,1.595042124840696,1.595042124840696
18,226,0,5000000,171.32899812933007,0,6000000000,682001,688001,675001,13000,0,6000,0.6,0,0.6
18,230,1,8000000,169.60361434827973,1616332.3767405779,8000000000,691950,693550,687001,6549,4949,1600,0,1.4848431142855225,1.4848431142855225
18,228,0,9000000,169.40093417688107,0,8000000000,688001,696001,681001,15000,0,8000,0.7999999999999999,0,0.7999999999999999
18,229,0,10000000,169.60361434827973,0,5000000000,696001,701001,684001,17000,0,5000,0.49999999999999994,0,0.49999999999999994
18,232,1,10000000,169.78807054678487,1609397.5873518335,10000000000,699215,701215,693001,8214,6214,2000,0,1.864051508202096,1.864051508202096
18,231,0,4000000,169.60361434827973,0,2000000000,701001,703001,690001,13000,0,2000,0.19999999999999998,0,0.19999999999999998
18,233,0,3000000,172.8143772954091,0,4000000000,703001,707001,696001,11000,0,4000,0.39999999999999997,0,0.39999999999999997
18,234,1,7000000,182.6415812458926,1205351.3532925504,3000000000,708415,709015,699001,10014,5807,600,0,1.7422305904943134,1.7422305904943134
18,237,1,2000000,230.69367329859745,475958.9646238734,3000000000,712203,712803,708001,4802,4202,600,0,1.2606128775705485,1.2606128775705485
18,235,0,5000000,198.49279911372096,0,6000000000,707001,713001,702001,11000,0,6000,0.6,0,0.6
18,239,1,4000000,193.93195095187383,949917.0354923245,6000000000,718212,719412,714001,5411,4211,1200,0,1.2632682172902205,1.2632682172902205
18,236,0,6000000,218.40849800316835,0,10000000000,713001,723001,705001,18000,0,10000,0.9999999999999999,0,0.9999999999999999
18,240,1,9000000,182.5444671853957,1207897.0259807003,5000000000,724452,725452,717001,8451,7451,1000,0,2.2352898814432054,2.2352898814432054
18,238,0,4000000,211.76866293198339,0,10000000000,723001,733001,711001,22000,0,10000,0.9999999999999999,0,0.9999999999999999
18,245,1,6000000,171.56193313203252,1544557.965570325,4000000000,735886,736686,732001,4685,3885,800,0,1.1653819669599472,1.1653819669599472
18,241,0,5000000,181.99081570233153,0,10000000000,733001,743001,720001,23000,0,10000,0.9999999999999999,0,0.9999999999999999
18,247,1,4000000,193.23708236257343,963562.9372373834,7000000000,742152,743552,738001,5551,4151,1400,0,1.2453779131859322,1.2453779131859322
18,242,0,5000000,180.44215832227238,0,5000000000,743001,748001,723001,25000,0,5000,0.49999999999999994,0,0.49999999999999994
18,248,1,6000000,210.8517887047677,681059.1805440908,2000000000,749811,750211,741001,9210,8810,400,0,2.6429421281157968,2.6429421281157968
18,243,0,10000000,174.26676217798968,0,8000000000,748001,756001,726001,30000,0,8000,0.7999999999999999,0,0.7999999999999999
18,244,0,8000000,169.6593369078165,0,4000000000,756001,760001,729001,31000,0,4000,0.39999999999999997,0,0.39999999999999997
18,246,0,3000000,179.67072605185297,0,2000000000,760001,762001,735001,27000,0,2000,0.19999999999999998,0,0.19999999999999998
18,249,0,9000000,216.7924855708795,0,4000000000,762001,766001,744001,22000,0,4000,0.39999999999999997,0,0.39999999999999997
18,254,1,4000000,214.96132163717266,630673.5555636352,5000000000,765343,766343,759001,7342,6342,1000,0,1.902727630505382,1.902727630505382
18,250,1,10000000,232.350769312262,462568.5928009335,3000000000,768619,769219,747001,22218,21618,600,0,6.485524626379142,6.485524626379142
18,252,0,8000000,232.64780871523374,0,6000000000,766001,772001,753001,19000,0,6000,0.6,0,0.6
18,255,1,7000000,205.30942306674575,757231.716963693,4000000000,771245,772045,762001,10044,9244,800,0,2.7732594303108,2.7732594303108
18,253,0,10000000,215.6788761098314,0,3000000000,772001,775001,756001,19000,0,3000,0.3,0,0.3
18,256,1,6000000,221.09665035906806,563791.9557182619,2000000000,775643,776043,765001,11042,10642,400,0,3.1926670498638616,3.1926670498638616
18,251,1,10000000,253.3532494364341,327531.8648469138,8000000000,780532,782132,750001,32131,30531,1600,0,9.159414157771122,9.159414157771122
18,257,0,3000000,241.5636073583933,0,8000000000,775001,783001,768001,15000,0,8000,0.7999999999999999,0,0.7999999999999999
18,260,1,6000000,208.1264396947202,717258.7287292182,3000000000,785366,785966,777001,8965,8365,600,0,2.509554680762263,2.509554680762263
18,258,1,7000000,241.34442317981993,397557.02154079534,10000000000,788609,790609,771001,19608,17608,2000,0,5.282261125362889,5.282261125362889
18,264,1,2000000,176.78332613682775,1371655.2670019926,2000000000,790609,791009,789001,2008,1458,400,0,0.4374276937028146,0.4374276937028146
18,263,1,8000000,176.52698943787607,1379563.9493340757,5000000000,791800,792800,786001,6799,5799,1000,0,1.73968013672617,1.73968013672617
18,261,0,5000000,192.86509274619917,0,10000000000,783001,793001,780001,13000,0,10000,0.9999999999999999,0,0.9999999999999999
18,259,1,10000000,222.98693167986326,544987.5235021347,7000000000,792800,794200,774001,20199,18349,1400,0,5.504713173471849,5.504713173471849
18,265,1,2000000,182.08125136872277,1220131.8318863437,9000000000,794200,796000,792001,3999,1639,1800,0,0.49175014069782136,0.49175014069782136
18,262,0,7000000,182.06183400152815,0,6000000000,793001,799001,783001,16000,0,6000,0.6,0,0.6
18,266,1,10000000,182.94408681343054,1197464.3569715659,2000000000,803352,803752,795001,8751,8351,400,0,2.505293775580191,2.505293775580191
18,267,0,5000000,182.94408681343054,0,6000000000,799001,805001,798001,7000,0,6000,0.6,0,0.6
18,269,1,2000000,185.76227092711804,1126986.6821178955,7000000000,805776,807176,804001,3175,1775,1400,0,0.5323931591387104,0.5323931591387104
18,268,0,5000000,182.94408681343054,0,5000000000,805001,810001,801001,9000,0,5000,0.49999999999999994,0,0.49999999999999994
18,270,0,5000000,195.66407258359925,0,6000000000,810001,816001,807001,9000,0,6000,0.6,0,0.6
18,271,0,8000000,211.40174313377835,0,5000000000,816001,821001,810001,11000,0,5000,0.49999999999999994,0,0.49999999999999994
18,272,0,9000000,230.57845736321514,0,10000000000,821001,831001,813001,18000,0,10000,0.9999999999999999,0,0.9999999999999999
18,274,1,10000000,213.7116679079549,645488.2159185458,5000000000,834493,835493,819001,16492,15492,1000,0,4.64764487718947,4.64764487718947
18,273,0,9000000,233.53499031194445,0,6000000000,831001,837001,816001,21000,0,6000,0.6,0,0.6
18,277,1,9000000,189.1017191883776,1050023.902727398,5000000000,837134,838134,828001,10133,8571,1000,0,2.5713700354695264,2.5713700354695264
18,279,1,5000000,196.56898280247572,900270.3596858792,6000000000,839555,840755,834001,6754,5554,1200,0,1.6661661509364558,1.6661661509364558
18,275,0,9000000,197.28965761032683,0,5000000000,837001,842001,822001,20000,0,5000,0.49999999999999994,0,0.49999999999999994
18,280,1,5000000,198.88824123109944,859251.3324693695,9000000000,844096,845896,837001,8895,5819,1800,0,1.7457057595583907,1.7457057595583907
18,276,0,7000000,189.4850519170312,0,10000000000,842001,852001,825001,27000,0,10000,0.9999999999999999,0,0.9999999999999999
18,283,1,5000000,146.01677985765883,2915602.7291090544,9000000000,850896,852696,846001,6695,1715,1800,0,0.5144733831616243,0.5144733831616243
18,278,0,4000000,187.15923087040085,0,2000000000,852001,854001,831001,23000,0,2000,0.19999999999999998,0,0.19999999999999998
18,281,0,5000000,177.31628971981115,0,2000000000,854001,856001,840001,16000,0,2000,0.19999999999999998,0,0.19999999999999998
18,285,1,3000000,140.13645136080763,3424458.625863189,10000000000,855096,857096,852001,5095,876,2000,0,0.2628152646385502,0.2628152646385502
18,282,0,7000000,159.10886336090766,0,5000000000,856001,861001,843001,18000,0,5000,0.49999999999999994,0,0.49999999999999994
18,287,1,7000000,156.80328599873152,2203310.325253817,10000000000,862278,864278,858001,6277,3177,2000,0,0.9531113143392927,0.9531113143392927
18,288,1,6000000,150.18354437154554,2610798.923265966,10000000000,864278,866278,861001,5277,2298,2000,0,0.6894441329661263,0.6894441329661263
18,284,0,7000000,139.3840683148544,0,10000000000,861001,871001,849001,22000,0,10000,0.9999999999999999,0,0.9999999999999999
18,290,1,10000000,142.83597200985474,3178284.133774084,8000000000,870147,871747,867001,4746,3146,1600,0,0.9439055395080808,0.9439055395080808
18,291,1,5000000,153.72898360426376,2381950.1966023208,10000000000,872100,874100,870001,4099,2099,2000,0,0.629736088579703,0.629736088579703
18,292,1,6000000,147.53705737881586,2799539.7399449265,8000000000,875144,876744,873001,3743,2143,1600,0,0.6429628321816251,0.6429628321816251
18,293,1,3000000,142.04224723651768,3248332.8669892084,7000000000,878744,880144,876001,4143,924,1400,0,0.2770652013979668,0.2770652013979668
18,286,0,2000000,148.3086824835283,0,10000000000,871001,881001,855001,26000,0,10000,0.9999999999999999,0,0.9999999999999999
18,296,1,5000000,145.34274835711616,2968959.2086826353,5000000000,886685,887685,885001,2684,1684,1000,0,0.5052275543608997,0.5052275543608997
18,289,0,10000000,142.9653122264279,0,7000000000,881001,888001,864001,24000,0,7000,0.7,0,0.7
18,294,0,2000000,144.47451159287579,0,10000000000,888001,898001,879001,19000,0,10000,0.9999999999999999,0,0.9999999999999999
18,300,1,7000000,145.34274835711616,2968959.2086826353,6000000000,899359,900559,897001,3558,2358,1200,0,0.7073185761052596,0.7073185761052596
18,295,0,10000000,145.34274835711616,0,3000000000,898001,901001,882001,19000,0,3000,0.3,0,0.3
18,302,1,8000000,122.43882145790197,5780328.764368609,8000000000,904385,905985,903001,2984,1384,1600,0,0.4152012969909601,0.4152012969909601
18,303,1,3000000,99.444660490144,12652478.474698491,2000000000,906238,906638,906001,637,237,400,0,0.0711323083299256,0.0711323083299256
18,297,0,8000000,145.34274835711616,0,6000000000,901001,907001,888001,19000,0,6000,0.6,0,0.6
18,304,1,9000000,79.83634072275608,27373911.522579007,8000000000,909934,911534,909001,2533,329,1600,0,0.09863405884734233,0.09863405884734233
18,298,0,3000000,145.34274835711616,0,5000000000,907001,912001,891001,21000,0,5000,0.49999999999999994,0,0.49999999999999994
18,306,1,7000000,69.31576444070998,42887869.89290265,8000000000,915365,916965,915001,1964,163,1600,0,0.048964893925578734,0.048964893925578734
18,299,0,10000000,145.34274835711616,0,6000000000,912001,918001,894001,24000,0,6000,0.6,0,0.6
18,307,1,8000000,65.34433257750815,51017740.41097075,8000000000,918158,919758,918001,1757,157,1600,0,0.047042459753547004,0.047042459753547004
18,301,0,8000000,145.19882781896004,0,6000000000,918001,924001,900001,24000,0,6000,0.6,0,0.6
18,309,1,4000000,84.03683954076335,23021054.586418,9000000000,926158,927958,924001,3957,174,1800,0,0.052126195848038084,0.052126195848038084
18,305,0,3000000,77.85218943613597,0,4000000000,924001,928001,912001,16000,0,4000,0.39999999999999997,0,0.39999999999999997
18,308,0,2000000,73.18027739767042,0,3000000000,928001,931001,921001,10000,0,3000,0.3,0,0.3
18,310,0,7000000,101.99675485033832,0,5000000000,931001,936001,927001,9000,0,5000,0.49999999999999994,0,0.49999999999999994
18,311,0,7000000,125.33486067331788,0,8000000000,936001,944001,930001,14000,0,8000,0.7999999999999999,0,0.7999999999999999
18,312,0,8000000,150.39338948238384,0,7000000000,944001,951001,933001,18000,0,7000,0.7,0,0.7
18,314,1,10000000,200.21347532071866,836856.4620872935,8000000000,950950,952550,939001,13549,11949,1600,0,3.58484415895813,3.58484415895813
18,313,0,8000000,173.48385285092095,0,7000000000,951001,958001,936001,22000,0,7000,0.7,0,0.7
18,315,0,10000000,208.76807514560267,0,9000000000,958001,967001,942001,25000,0,9000,0.8999999999999999,0,0.8999999999999999
18,322,1,6000000,179.62572226716307,1287626.1817921114,4000000000,967661,968461,963001,5460,4660,800,0,1.3979212487701744,1.3979212487701744
18,324,1,8000000,150.61398773022378,2581606.227624363,7000000000,972100,973500,969001,4499,3099,1400,0,0.9296537846550363,0.9296537846550363
18,316,0,5000000,189.23283568133732,0,7000000000,967001,974001,945001,29000,0,7000,0.7,0,0.7
18,325,1,2000000,141.27968466839098,3317433.3501585536,8000000000,973500,975100,972001,3099,603,1600,0,0.1808627142339796,0.1808627142339796
18,319,1,9000000,238.36499344492682,417751.2449572914,8000000000,975545,977145,954001,23144,21544,1600,0,6.463176429973376,6.463176429973376
18,326,1,9000000,137.42631662094422,3695673.5952280406,6000000000,977436,978636,975001,3635,2435,1200,0,0.730584000569292,0.730584000569292
18,317,0,3000000,202.64013916300001,0,5000000000,974001,979001,948001,31000,0,5000,0.49999999999999994,0,0.49999999999999994
18,327,1,6000000,137.94284214847832,3641996.3612347553,3000000000,979648,980248,978001,2247,1647,600,0,0.49423443119249616,0.49423443119249616
18,328,1,2000000,139.35809484920492,3499766.516816261,9000000000,981572,983372,981001,2371,571,1800,0,0.17144000810254628,0.17144000810254628
18,318,0,2000000,223.03677387372693,0,5000000000,979001,984001,951001,33000,0,5000,0.49999999999999994,0,0.49999999999999994
18,320,0,9000000,219.45418701861215,0,4000000000,984001,988001,957001,31000,0,4000,0.39999999999999997,0,0.39999999999999997
18,329,1,6000000,150.14050819149375,2613740.035093268,9000000000,986297,988097,984001,4096,2296,1800,0,0.6886683357305537,0.6886683357305537
18,321,0,2000000,199.24517685504958,0,10000000000,988001,998001,960001,38000,0,10000,0.9999999999999999,0,0.9999999999999999
19,1,1,7000000,134.86838102387085,3976311.190578214,10000000000,1802,3802,1,3801,1760,2000,0,0.5281276789844582,0.5281276789844582
19,2,1,6000000,142.22032379375318,3232452.6701945188,5000000000,7202,8202,3001,5201,1856,1000,0,0.5568527009218921,0.5568527009218921
19,3,1,8000000,163.19988756123578,1881867.718754749,3000000000,11402,12002,6001,6001,4251,600,0,1.2753287471173076,1.2753287471173076
19,4,0,8000000,170.350688874451,0,6000000000,9001,15001,9001,6000,0,6000,0.6,0,0.6
19,6,0,5000000,165.65498845492098,0,2000000000,15001,17001,15001,2000,0,2000,0.19999999999999998,0,0.19999999999999998
19,5,1,9000000,174.0563371440408,1458772.981072835,7000000000,18516,19916,12001,7915,6170,1400,0,1.8508705844101399,1.8508705844101399
19,7,0,3000000,160.91089956867435,0,7000000000,18001,25001,18001,7000,0,7000,0.7,0,0.7
19,8,1,8000000,165.3338446900694,1787746.7078522092,5000000000,26519,27519,21001,6518,4475,1000,0,1.342472056840395,1.342472056840395
19,10,0,10000000,173.91563155737322,0,4000000000,27001,31001,27001,4000,0,4000,0.39999999999999997,0,0.39999999999999997
19,9,1,7000000,173.58083995648826,1474660.1389810236,6000000000,31719,32919,24001,8918,4747,1200,0,1.4240569365705378,1.4240569365705378
19,11,1,2000000,177.097679544369,1362033.3815201754,3000000000,34119,34719,30001,4718,1468,600,0,0.44051783762475455,0.44051783762475455
19,13,1,5000000,205.21116953031574,758675.3806399786,10000000000,42591,44591,36001,8590,6590,2000,0,1.9771301906945749,1.9771301906945749
19,12,1,6000000,188.2969253599219,1067957.7247620467,3000000000,47919,48519,33001,15518,5618,600,0,1.685459974926499,1.685459974926499
19,14,0,5000000,178.63714423377908,0,10000000000,39001,49001,39001,10000,0,10000,0.9999999999999999,0,0.9999999999999999
19,15,0,9000000,156.92357694113397,0,6000000000,49001,55001,42001,13000,0,6000,0.6,0,0.6
19,16,0,4000000,149.80448925182446,0,6000000000,55001,61001,45001,16000,0,6000,0.6,0,0.6
19,21,1,4000000,77.09209168261035,30716078.103496015,2000000000,60926,61326,60001,1325,130,400,0,0.03906748758603461,0.03906748758603461
19,23,1,9000000,66.68634417929951,48103345.34418662,7000000000,66981,68381,66001,2380,187,1400,0,0.056129152363127696,0.056129152363127696
19,17,0,3000000,145.09770501286366,0,10000000000,61001,71001,48001,23000,0,10000,0.9999999999999999,0,0.9999999999999999
19,25,1,2000000,91.91036611830029,16828471.546691786,9000000000,72260,74060,72001,2059,119,1800,0,0.03565386186946672,0.03565386186946672
19,18,0,2000000,123.46325323755244,0,10000000000,71001,81001,51001,30000,0,10000,0.9999999999999999,0,0.9999999999999999
19,19,0,7000000,98.46870822753793,0,2000000000,81001,83001,54001,29000,0,2000,0.19999999999999998,0,0.19999999999999998
19,27,1,5000000,141.3024037304391,3315348.5886431555,9000000000,81670,83470,78001,5469,1508,1800,0,0.45244111136255877,0.45244111136255877
19,20,0,10000000,79.48035480544864,0,10000000000,83001,93001,57001,36000,0,10000,0.9999999999999999,0,0.9999999999999999
19,22,0,3000000,67.3209625599634,0,4000000000,93001,97001,63001,34000,0,4000,0.39999999999999997,0,0.39999999999999997
19,31,1,9000000,188.81992400167945,1056260.4065683428,10000000000,98522,100522,90001,10521,8521,2000,0,2.556187833237033,2.556187833237033
19,24,0,3000000,78.71095603535758,0,5000000000,97001,102001,69001,33000,0,5000,0.49999999999999994,0,0.49999999999999994
19,34,1,4000000,99.08699864260701,12820747.60045071,10000000000,100522,102522,99001,3521,312,2000,0,0.09359828595001858,0.09359828595001858
19,35,1,6000000,86.22376528544781,21070148.996574674,5000000000,102522,103522,102001,1521,285,1000,0,0.08542891653460172,0.08542891653460172
19,26,0,10000000,114.6840289665479,0,6000000000,102001,108001,75001,33000,0,6000,0.6,0,0.6
19,37,1,6000000,68.26203190647047,44902440.69451537,9000000000,108135,109935,108001,1934,134,1800,0,0.0400869077974165,0.0400869077974165
19,39,1,4000000,116.89011805965465,6903772.347233478,8000000000,114619,116219,114001,2218,579,1600,0,0.17381801421665813,0.17381801421665813
19,28,0,3000000,164.68839060480252,0,10000000000,108001,118001,81001,37000,0,10000,0.9999999999999999,0,0.9999999999999999
19,40,1,2000000,77.18512356665634,30595598.689419646,8000000000,117066,118666,117001,1665,65,1600,0,0.01961066381118039,0.01961066381118039
19,29,0,10000000,193.35763548409466,0,3000000000,118001,121001,84001,37000,0,3000,0.3,0,0.3
19,42,1,5000000,117.30426121842294,6811229.164743611,3000000000,123917,124517,123001,1516,734,600,0,0.22022456794792974,0.22022456794792974
19,30,0,7000000,213.2837351979752,0,9000000000,121001,130001,87001,43000,0,9000,0.8999999999999999,0,0.8999999999999999
19,45,1,10000000,76.38170723412772,31653575.597543854,5000000000,132317,133317,132001,1316,316,1000,0,0.09477602271993511,0.09477602271993511
19,32,0,4000000,155.84786331547826,0,9000000000,130001,139001,93001,46000,0,9000,0.8999999999999999,0,0.8999999999999999
19,47,1,10000000,76.7420126136916,31174178.926575147,4000000000,138717,139517,138001,1516,321,800,0,0.09623348884555805,0.09623348884555805
19,33,0,7000000,121.98736000094439,0,2000000000,139001,141001,96001,45000,0,2000,0.19999999999999998,0,0.19999999999999998
19,48,1,6000000,95.72977906586854,14536618.259169346,4000000000,141414,142214,141001,1213,413,800,0,0.12382522316458326,0.12382522316458326
19,36,0,9000000,68.42726064953936,0,4000000000,141001,145001,105001,40000,0,4000,0.39999999999999997,0,0.39999999999999997
19,49,1,2000000,109.83728419803543,8741129.696400205,5000000000,148014,149014,144001,5013,229,1000,0,0.06864101332887139,0.06864101332887139
19,38,0,9000000,87.47564518195917,0,9000000000,145001,154001,111001,43000,0,9000,0.8999999999999999,0,0.8999999999999999
19,41,0,3000000,93.59637279296673,0,7000000000,154001,161001,120001,41000,0,7000,0.7,0,0.7
19,43,0,3000000,116.2599681747763,0,4000000000,161001,165001,126001,39000,0,4000,0.39999999999999997,0,0.39999999999999997
19,55,1,5000000,178.05087475213367,1333365.931861222,3000000000,167229,167829,162001,5828,3750,600,0,1.1249724956645446,1.1249724956645446
19,54,1,6000000,202.7025258846076,796725.2550563186,6000000000,167829,169029,159001,10028,7531,1200,0,2.259248076518878,2.259248076518878
19,56,1,5000000,155.1046163078327,2299880.1075601974,8000000000,170829,172429,165001,7428,2174,1600,0,0.6522079107816009,0.6522079107816009
19,44,0,5000000,96.00544255405522,0,8000000000,165001,173001,129001,44000,0,8000,0.7999999999999999,0,0.7999999999999999
19,57,1,5000000,131.48321870109507,4389193.462446852,4000000000,172429,173229,168001,5228,1139,800,0,0.3417484357510622,0.3417484357510622
19,46,0,10000000,68.73153933966562,0,7000000000,173001,180001,135001,45000,0,7000,0.7,0,0.7
19,58,1,8000000,109.35348919901915,8887633.349496972,2000000000,179629,180029,171001,9028,900,400,0,0.27003814239657364,0.27003814239657364
19,50,0,5000000,129.112571037835,0,10000000000,180001,190001,147001,43000,0,10000,0.9999999999999999,0,0.9999999999999999
19,61,1,10000000,69.66309281104307,42245050.66318163,8000000000,190629,192229,180001,12228,237,1600,0,0.07101423605616902,0.07101423605616902
19,51,0,7000000,158.5970321285995,0,3000000000,190001,193001,150001,43000,0,3000,0.3,0,0.3
19,62,1,6000000,69.69971018591113,42177881.426482566,7000000000,192629,194029,183001,11028,142,1400,0,0.04267639670658801,0.04267639670658801
19,63,1,2000000,80.53704302990025,26587177.181789894,9000000000,197829,199629,186001,13628,75,1800,0,0.022567269774353946,0.022567269774353946
19,52,0,8000000,184.0875033781489,0,7000000000,193001,200001,153001,47000,0,7000,0.7,0,0.7
19,53,0,10000000,209.8690496476315,0,3000000000,200001,203001,156001,47000,0,3000,0.3,0,0.3
19,59,0,6000000,91.17679364838405,0,8000000000,203001,211001,174001,37000,0,8000,0.7999999999999999,0,0.7999999999999999
19,60,0,9000000,79.02527317257436,0,2000000000,211001,213001,177001,36000,0,2000,0.19999999999999998,0,0.19999999999999998
19,65,1,8000000,122.19620493288649,5824562.222764712,6000000000,214229,215429,192001,23428,1373,1200,0,0.41204813481429436,0.41204813481429436
19,64,0,7000000,97.57926419070803,0,9000000000,213001,222001,189001,33000,0,9000,0.8999999999999999,0,0.8999999999999999
19,66,1,7000000,146.36183792232183,2888746.185770531,8000000000,222229,223829,195001,28828,2423,1600,0,0.7269589866857256,0.7269589866857256
19,67,0,10000000,156.90981486191362,0,5000000000,222001,227001,198001,29000,0,5000,0.49999999999999994,0,0.49999999999999994
19,68,0,7000000,146.53573284356276,0,6000000000,227001,233001,201001,32000,0,6000,0.6,0,0.6
19,69,0,4000000,141.95172594935224,0,4000000000,233001,237001,204001,33000,0,4000,0.39999999999999997,0,0.39999999999999997
19,70,1,5000000,144.0171882102966,3077453.5865049227,2000000000,237029,237429,207001,30428,1625,400,0,0.48741596187761077,0.48741596187761077
19,71,0,7000000,152.69254238501637,0,10000000000,237001,247001,210001,37000,0,10000,0.9999999999999999,0,0.9999999999999999
19,73,1,8000000,141.9939787455792,3252653.834306696,7000000000,249629,251029,216001,35028,2460,1400,0,0.7378590290446818,0.7378590290446818
19,72,0,8000000,145.88083081748604,0,6000000000,247001,253001,213001,40000,0,6000,0.6,0,0.6
19,82,1,8000000,213.30400652589722,650414.7012649181,3000000000,255301,255901,243001,12900,12300,600,0,3.6899534947972596,3.6899534947972596
19,83,1,9000000,196.51949343512973,901171.9168702166,6000000000,255988,257188,246001,11187,9987,1200,0,2.9960986904442604,2.9960986904442604
19,74,0,4000000,144.0594891008572,0,8000000000,253001,261001,219001,42000,0,8000,0.7999999999999999,0,0.7999999999999999
19,87,1,8000000,146.4377304522301,2882880.3692663824,6000000000,260776,261976,258001,3975,2775,1200,0,0.8325007258663103,0.8325007258663103
19,88,1,2000000,121.72461254816139,5911730.118951805,4000000000,264776,265576,261001,4575,338,800,0,0.10149313110159106,0.10149313110159106
19,89,1,2000000,99.07617776236629,12825879.753100868,8000000000,265576,267176,264001,3175,156,1600,0,0.04678041674723639,0.04678041674723639
19,76,1,8000000,145.34274835711616,2968959.2086826353,7000000000,266829,268229,225001,43228,2695,1400,0,0.8083640869774396,0.8083640869774396
19,75,0,3000000,145.34274835711616,0,10000000000,261001,271001,222001,49000,0,10000,0.9999999999999999,0,0.9999999999999999
19,79,0,9000000,149.6127845473107,0,2000000000,271001,273001,234001,39000,0,2000,0.19999999999999998,0,0.19999999999999998
19,77,1,8000000,145.34274835711616,2968959.2086826353,9000000000,272429,274229,228001,46228,2695,1800,0,0.8083640869774396,0.8083640869774396
19,84,0,9000000,196.51949343512973,0,3000000000,273001,276001,249001,27000,0,3000,0.3,0,0.3
19,78,1,7000000,145.34274835711616,2968959.2086826353,8000000000,276029,277629,231001,46628,2358,1600,0,0.7073185761052596,0.7073185761052596
19,93,1,2000000,91.50956725938549,17092680.10966526,9000000000,280540,282340,276001,6339,117,1800,0,0.035102745511555136,0.035102745511555136
19,94,1,5000000,113.60903177124605,7693581.63971711,5000000000,284940,285940,279001,6939,650,1000,0,0.194967710780691,0.194967710780691
19,85,0,8000000,192.321261435131,0,10000000000,276001,286001,252001,34000,0,10000,0.9999999999999999,0,0.9999999999999999
19,95,1,5000000,134.831195203484,3980580.7124416637,9000000000,288940,290740,282001,8739,1256,1800,0,0.37682943981304406,0.37682943981304406
19,86,0,5000000,172.3767234866703,0,6000000000,286001,292001,255001,37000,0,6000,0.6,0,0.6
19,81,1,2000000,197.50697835772792,883393.1833750905,8000000000,295029,296629,240001,56628,2264,1600,0,0.6791992640328524,0.6791992640328524
19,90,0,9000000,80.27773041136625,0,6000000000,292001,298001,267001,31000,0,6000,0.6,0,0.6
19,80,1,9000000,170.94236338602553,1566829.8396169827,9000000000,296629,298429,237001,61428,5744,1800,0,1.723224776380328,1.723224776380328
19,91,0,9000000,68.64444988489602,0,8000000000,298001,306001,270001,36000,0,8000,0.7999999999999999,0,0.7999999999999999
19,92,0,6000000,74.12466863332342,0,2000000000,306001,308001,273001,35000,0,2000,0.19999999999999998,0,0.19999999999999998
19,98,1,7000000,203.27275788949188,787871.1722993833,2000000000,314940,315340,291001,24339,8885,400,0,2.6654103790486454,2.6654103790486454
19,100,1,3000000,200.78849070601632,827365.7806296771,2000000000,316340,316740,297001,19739,3626,400,0,1.087789731060721,1.087789731060721
19,96,0,3000000,156.38066280713863,0,9000000000,308001,317001,285001,32000,0,9000,0.8999999999999999,0,0.8999999999999999
19,97,0,3000000,179.828392919472,0,7000000000,317001,324001,288001,36000,0,7000,0.7,0,0.7
19,102,1,9000000,193.94650241754815,949633.8532390394,8000000000,328940,330540,303001,27539,9477,1600,0,2.8432010830182177,2.8432010830182177
19,99,0,6000000,209.77515772845936,0,8000000000,324001,332001,294001,38000,0,8000,0.7999999999999999,0,0.7999999999999999
19,103,1,10000000,196.58170845732317,900038.7155881989,9000000000,332540,334340,306001,28339,11111,1800,0,3.333189948433964,3.333189948433964
19,105,1,8000000,194.76213723411436,933927.6921388176,3000000000,338140,338740,312001,26739,8566,600,0,2.56979209440046,2.56979209440046
19,101,0,9000000,195.32835790022912,0,8000000000,332001,340001,300001,40000,0,8000,0.7999999999999999,0,0.7999999999999999
19,110,1,3000000,193.48949377162575,958578.0036155608,5000000000,344540,345540,327001,18539,3130,1000,0,0.9388907283553174,0.9388907283553174
19,104,0,7000000,203.2574586577329,0,6000000000,340001,346001,309001,37000,0,6000,0.6,0,0.6
19,106,0,3000000,198.53650067430925,0,4000000000,346001,350001,315001,35000,0,4000,0.39999999999999997,0,0.39999999999999997
19,107,0,9000000,206.13899194475556,0,6000000000,350001,356001,318001,38000,0,6000,0.6,0,0.6
19,112,1,10000000,192.33623527562352,981619.2168920676,4000000000,358740,359540,333001,26539,10187,800,0,3.056174887751673,3.056174887751673
19,108,0,10000000,213.46383042567186,0,4000000000,356001,360001,321001,39000,0,4000,0.39999999999999997,0,0.39999999999999997
19,115,1,2000000,196.45279153017907,902388.8177789657,4000000000,359540,360340,342001,18339,2216,800,0,0.6649018562494711,0.6649018562494711
19,114,1,4000000,207.83697649840843,721242.9567623489,3000000000,360340,360940,339001,21939,5546,600,0,1.6637944103978302,1.6637944103978302
19,116,1,2000000,171.35100174787422,1552095.9739415064,8000000000,364540,366140,345001,21139,1289,1600,0,0.3865740328391652,0.3865740328391652
19,113,1,9000000,198.34194563934275,868700.0901792294,3000000000,366140,366740,336001,30739,10360,600,0,3.1080922294401265,3.1080922294401265
19,109,0,9000000,200.3426993928154,0,8000000000,360001,368001,324001,44000,0,8000,0.7999999999999999,0,0.7999999999999999
19,111,0,7000000,190.73069705739556,0,4000000000,368001,372001,330001,42000,0,4000,0.39999999999999997,0,0.39999999999999997
19,119,1,3000000,102.11556198738761,11475595.530496715,10000000000,371540,373540,354001,19539,261,2000,0,0.07842730232241324,0.07842730232241324
19,122,1,6000000,70.04778725984143,41545044.27565828,6000000000,379140,380340,363001,17339,144,1200,0,0.04332646724496671,0.04332646724496671
19,117,0,8000000,147.40617761817174,0,9000000000,372001,381001,348001,33000,0,9000,0.8999999999999999,0,0.8999999999999999
19,123,1,9000000,86.73288764938016,20643629.590441577,2000000000,383540,383940,366001,17939,436,400,0,0.13079095360489104,0.13079095360489104
19,124,1,7000000,108.99355256160803,8998552.963759521,2000000000,386940,387340,369001,18339,778,400,0,0.23337085512053676,0.23337085512053676
19,118,0,3000000,125.46079547013879,0,8000000000,381001,389001,351001,38000,0,8000,0.7999999999999999,0,0.7999999999999999
19,120,0,3000000,80.48966703869513,0,6000000000,389001,395001,357001,38000,0,6000,0.6,0,0.6
19,126,1,6000000,160.6138649058667,2004315.6717172768,5000000000,394140,395140,375001,20139,2994,1000,0,0.8980621293340378,0.8980621293340378
19,128,1,4000000,183.06932512029422,1194217.9082499098,3000000000,397340,397940,381001,16939,3349,600,0,1.0048417392756768,1.0048417392756768
19,130,1,9000000,200.0784118789431,839105.3341830126,2000000000,397727,398127,387001,11126,10726,400,0,3.2177128305695146,3.2177128305695146
19,132,1,9000000,165.12607062484105,1796650.272861033,8000000000,398127,399727,393001,6726,5009,1600,0,1.5027966437232378,1.5027966437232378
19,121,0,9000000,66.22471215490486,0,7000000000,395001,402001,360001,42000,0,7000,0.7,0,0.7
19,125,0,7000000,134.0319551450325,0,8000000000,402001,410001,372001,38000,0,8000,0.7999999999999999,0,0.7999999999999999
19,127,0,5000000,174.0341161956471,0,8000000000,410001,418001,378001,40000,0,8000,0.7999999999999999,0,0.7999999999999999
19,140,1,10000000,144.9169914123254,3003284.1609441834,5000000000,420493,421493,417001,4492,3330,1000,0,0.9989064767873478,0.9989064767873478
19,129,0,10000000,207.73088841094383,0,6000000000,418001,424001,384001,40000,0,6000,0.6,0,0.6
19,141,1,8000000,156.1985060748022,2237105.9242825243,9000000000,425132,426932,420001,6931,3576,1800,0,1.072814645900023,1.072814645900023
19,131,0,4000000,172.59221129587513,0,5000000000,424001,429001,390001,39000,0,5000,0.49999999999999994,0,0.49999999999999994
19,144,1,6000000,122.59987153337477,5751192.69398596,4000000000,430044,430844,429001,1843,1043,800,0,0.3129785586704938,0.3129785586704938
19,133,0,5000000,165.12607062484105,0,6000000000,429001,435001,396001,39000,0,6000,0.6,0,0.6
19,146,1,7000000,96.51263181573692,14113384.668163607,10000000000,435497,437497,435001,2496,496,2000,0,0.14879492406503267,0.14879492406503267
19,134,0,8000000,165.12607062484105,0,8000000000,435001,443001,399001,44000,0,8000,0.7999999999999999,0,0.7999999999999999
19,135,0,2000000,165.12607062484105,0,2000000000,443001,445001,402001,43000,0,2000,0.19999999999999998,0,0.19999999999999998
19,149,1,5000000,117.24584640830564,6824190.627073279,5000000000,445393,446393,444001,2392,733,1000,0,0.2198062864846013,0.2198062864846013
19,136,0,4000000,164.0287490045571,0,8000000000,445001,453001,405001,48000,0,8000,0.7999999999999999,0,0.7999999999999999
19,151,1,8000000,148.86932927906943,2702490.5436728583,5000000000,452961,453961,450001,3960,2960,1000,0,0.8880697124431917,0.8880697124431917
19,137,0,5000000,150.75137743980983,0,2000000000,453001,455001,408001,47000,0,2000,0.19999999999999998,0,0.19999999999999998
19,152,1,4000000,167.54794925632487,1696185.385985553,3000000000,455359,455959,453001,2958,2358,600,0,0.7074698378578183,0.7074698378578183
19,138,0,3000000,139.99006036144135,0,4000000000,455001,459001,411001,48000,0,4000,0.39999999999999997,0,0.39999999999999997
19,139,0,6000000,139.20470717615837,0,4000000000,459001,463001,414001,49000,0,4000,0.39999999999999997,0,0.39999999999999997
19,142,0,8000000,166.68724036350233,0,2000000000,463001,465001,423001,42000,0,2000,0.19999999999999998,0,0.19999999999999998
19,154,1,6000000,200.85045232709837,826351.1187445322,5000000000,466262,467262,459001,8261,7261,1000,0,2.178250817563754,2.178250817563754
19,156,1,5000000,181.6670385623104,1231203.1178272618,9000000000,469062,470862,465001,5861,4061,1800,0,1.218320501532754,1.218320501532754
19,155,1,7000000,192.44894102072888,979337.2607393068,6000000000,470862,472062,462001,10061,7148,1200,0,2.144307261846342,2.144307261846342
19,143,0,6000000,143.26172133546353,0,9000000000,465001,474001,426001,48000,0,9000,0.8999999999999999,0,0.8999999999999999
19,158,1,5000000,187.2310564516474,1092300.076315159,5000000000,475578,476578,471001,5577,4577,1000,0,1.373249011444002,1.373249011444002
19,160,1,2000000,221.9066499679538,555636.5939787795,7000000000,480600,482000,477001,4999,3599,1400,0,1.0798424842819383,1.0798424842819383
19,145,0,8000000,106.2873322649506,0,8000000000,474001,482001,432001,50000,0,8000,0.7999999999999999,0,0.7999999999999999
19,147,0,10000000,95.21685197484739,0,6000000000,482001,488001,438001,50000,0,6000,0.6,0,0.6
19,161,1,8000000,198.31041853619286,869249.3247703293,10000000000,489204,491204,480001,11203,9203,2000,0,2.7610030075480605,2.7610030075480605
19,164,1,9000000,119.14416141800653,6417882.657235687,3000000000,492604,493204,489001,4203,1402,600,0,0.42069949611122137,0.42069949611122137
19,166,1,4000000,91.8589571027235,16862092.610837214,2000000000,495238,495638,495001,637,237,400,0,0.07116554437785283,0.07116554437785283
19,148,0,10000000,102.62084437384047,0,9000000000,488001,497001,441001,56000,0,9000,0.8999999999999999,0,0.8999999999999999
19,168,1,3000000,108.96490811265797,9007451.61444702,4000000000,501334,502134,501001,1133,333,800,0,0.09991727277851742,0.09991727277851742
19,150,0,8000000,133.14625417186926,0,10000000000,497001,507001,447001,60000,0,10000,0.9999999999999999,0,0.9999999999999999
19,153,0,9000000,183.02059173765122,0,4000000000,507001,511001,456001,55000,0,4000,0.39999999999999997,0,0.39999999999999997
19,157,0,8000000,182.1391196311215,0,3000000000,511001,514001,468001,46000,0,3000,0.3,0,0.3
19,173,1,8000000,142.12744597719325,3240723.187621695,2000000000,519301,519701,516001,3700,2469,400,0,0.7405754398175903,0.7405754398175903
19,174,1,10000000,144.1668633910026,3064960.609576031,6000000000,522264,523464,519001,4463,3263,1200,0,0.9788054014876828,0.9788054014876828
19,159,0,2000000,203.55687288814397,0,10000000000,514001,524001,474001,50000,0,10000,0.9999999999999999,0,0.9999999999999999
19,175,1,2000000,145.34274835711616,2968959.2086826353,5000000000,523464,524464,522001,2463,674,1000,0,0.2020910217443599,0.2020910217443599
19,162,0,3000000,168.49713172632934,0,4000000000,524001,528001,483001,45000,0,4000,0.39999999999999997,0,0.39999999999999997
19,163,0,6000000,140.61629493056623,0,6000000000,528001,534001,486001,48000,0,6000,0.6,0,0.6
19,177,1,8000000,145.34274835711616,2968959.2086826353,10000000000,533664,535664,528001,7663,2695,2000,0,0.8083640869774396,0.8083640869774396
19,178,1,2000000,145.34274835711616,2968959.2086826353,8000000000,536664,538264,531001,7263,674,1600,0,0.2020910217443599,0.2020910217443599
19,165,0,8000000,100.76705910167269,0,8000000000,534001,542001,492001,50000,0,8000,0.7999999999999999,0,0.7999999999999999
19,167,0,8000000,94.86430993793185,0,8000000000,542001,550001,498001,52000,0,8000,0.7999999999999999,0,0.7999999999999999
19,181,1,7000000,193.2956166083442,962404.0613488497,4000000000,550664,551464,540001,11463,7273,800,0,2.1820356795427087,2.1820356795427087
19,184,1,10000000,149.35405250611717,2668215.3861775934,4000000000,552749,553549,549001,4548,3748,800,0,1.1243470131913569,1.1243470131913569
19,169,0,9000000,130.66588384119243,0,5000000000,550001,555001,504001,51000,0,5000,0.49999999999999994,0,0.49999999999999994
19,170,0,5000000,156.90822954835735,0,2000000000,555001,557001,507001,50000,0,2000,0.19999999999999998,0,0.19999999999999998
19,187,1,6000000,73.85974884874716,35245486.70032161,8000000000,558755,560355,558001,2354,170,1600,0,0.051070368677405026,0.051070368677405026
19,171,0,9000000,161.46257306261407,0,9000000000,557001,566001,510001,56000,0,9000,0.8999999999999999,0,0.8999999999999999
19,188,1,7000000,70.12855053400143,41399663.0410072,10000000000,565555,567555,561001,6554,169,2000,0,0.050725050537727995,0.050725050537727995
19,172,0,2000000,148.18364619619808,0,4000000000,566001,570001,513001,57000,0,4000,0.39999999999999997,0,0.39999999999999997
19,190,1,4000000,114.10777361775142,7566720.54501695,2000000000,570155,570555,567001,3554,529,400,0,0.15858917913788395,0.15858917913788395
19,176,0,7000000,145.34274835711616,0,5000000000,570001,575001,525001,50000,0,5000,0.49999999999999994,0,0.49999999999999994
19,191,1,2000000,139.26056620594358,3509345.9033695143,10000000000,577755,579755,570001,9754,570,2000,0,0.17097203197436517,0.17097203197436517
19,179,0,3000000,146.8609716704884,0,8000000000,575001,583001,534001,49000,0,8000,0.7999999999999999,0,0.7999999999999999
19,192,1,7000000,165.55943283304637,1778141.6729080498,3000000000,586155,586755,573001,13754,3937,600,0,1.1810082582258865,1.1810082582258865
19,194,1,4000000,214.6423539285758,634414.277828853,2000000000,588355,588755,579001,9754,6305,400,0,1.8915085015216604,1.8915085015216604
19,180,0,6000000,162.38141180566205,0,9000000000,583001,592001,537001,55000,0,9000,0.8999999999999999,0,0.8999999999999999
19,182,0,9000000,212.4200221259757,0,10000000000,592001,602001,543001,59000,0,10000,0.9999999999999999,0,0.9999999999999999
19,201,1,2000000,188.76526613760277,1057475.3911003151,4000000000,602642,603442,600001,3441,1891,800,0,0.567389090138252,0.567389090138252
19,183,0,3000000,180.42446979276394,0,3000000000,602001,605001,546001,59000,0,3000,0.3,0,0.3
19,198,1,10000000,214.00011308408227,642030.5090575453,8000000000,606577,608177,591001,17176,15576,1600,0,4.672675141877267,4.672675141877267
19,185,0,5000000,119.95526874631226,0,7000000000,605001,612001,552001,60000,0,7000,0.7,0,0.7
19,186,0,7000000,93.63647846859683,0,2000000000,612001,614001,555001,59000,0,2000,0.19999999999999998,0,0.19999999999999998
19,189,0,8000000,88.15911807635105,0,3000000000,614001,617001,564001,53000,0,3000,0.3,0,0.3
19,204,1,5000000,215.5711253855674,623598.2523145622,3000000000,617019,617619,609001,8618,8018,600,0,2.4053948105732563,2.4053948105732563
19,193,0,4000000,194.29055046501873,0,6000000000,617001,623001,576001,47000,0,6000,0.6,0,0.6
19,206,1,4000000,225.40633753290967,522046.1077632045,6000000000,623847,625047,615001,10046,7662,1200,0,2.298647537363327,2.298647537363327
19,207,1,4000000,211.05853808837017,678406.9739418671,8000000000,626847,628447,618001,10446,5896,1600,0,1.768849740779387,1.768849740779387
19,195,0,10000000,229.35924703399246,0,7000000000,623001,630001,582001,48000,0,7000,0.7,0,0.7
19,205,1,6000000,229.51063787981596,485815.3854655409,9000000000,629247,631047,612001,19046,12350,1800,0,3.705111146850813,3.705111146850813
19,208,1,4000000,226.6985666033202,510286.0538700407,4000000000,631047,631847,621001,10846,7839,800,0,2.351622175246857,2.351622175246857
19,209,1,7000000,216.663690774435,611167.3872527567,9000000000,636847,638647,624001,14646,11453,1800,0,3.436047216851111,3.436047216851111
19,196,0,9000000,249.97855047983614,0,10000000000,630001,640001,585001,55000,0,10000,0.9999999999999999,0,0.9999999999999999
19,197,0,2000000,231.98037783398837,0,2000000000,640001,642001,588001,54000,0,2000,0.19999999999999998,0,0.19999999999999998
19,212,1,6000000,191.961465143398,989254.9540578022,5000000000,641647,642647,633001,9646,6065,1000,0,1.8195511608171597,1.8195511608171597
19,211,1,10000000,194.80269736325522,933155.1255472912,2000000000,643847,644247,630001,14246,10716,400,0,3.2148995572847694,3.2148995572847694
19,199,0,7000000,200.2313102389334,0,3000000000,642001,645001,594001,51000,0,3000,0.3,0,0.3
19,213,1,8000000,194.98873454638348,929621.7721668078,4000000000,646047,646847,636001,10846,8606,800,0,2.5816951279077327,2.5816951279077327
19,214,1,8000000,202.84662974769878,794476.0752189382,2000000000,649071,649471,639001,10470,10070,400,0,3.020858745606177,3.020858745606177
19,200,0,3000000,191.55990864478926,0,8000000000,645001,653001,597001,56000,0,8000,0.7999999999999999,0,0.7999999999999999
19,202,0,2000000,192.0790537773445,0,3000000000,653001,656001,603001,53000,0,3000,0.3,0,0.3
19,203,0,5000000,201.26719181227725,0,2000000000,656001,658001,606001,52000,0,2000,0.19999999999999998,0,0.19999999999999998
19,215,1,10000000,214.3722579999567,637603.5024436911,2000000000,660322,660722,642001,18721,15684,400,0,4.70511844508718,4.70511844508718
19,216,1,9000000,228.9387446458113,490671.3739015364,3000000000,664922,665522,645001,20521,18342,600,0,5.502664601220067,5.502664601220067
19,221,1,5000000,194.86197012244335,932027.5618660215,3000000000,665704,666304,660001,6303,5365,600,0,1.609394465756823,1.609394465756823
19,210,0,2000000,203.3723806223451,0,9000000000,658001,667001,627001,40000,0,9000,0.8999999999999999,0,0.8999999999999999
19,217,0,6000000,246.0350229134055,0,3000000000,667001,670001,648001,22000,0,3000,0.3,0,0.3
19,222,1,8000000,169.692737027841,1612977.1101484017,4000000000,669302,670102,663001,7101,4960,800,0,1.487931840383766,1.487931840383766
19,223,1,7000000,146.2127302939111,2900313.873070278,10000000000,670502,672502,666001,6501,2414,2000,0,0.7240595645522102,0.7240595645522102
19,224,1,6000000,124.7165221612598,5384436.509711137,7000000000,674102,675502,669001,6501,1114,1400,0,0.3342968195007217,0.3342968195007217
19,225,1,6000000,101.72097374681393,11640985.806893762,8000000000,676902,678502,672001,6501,515,1600,0,0.15462607977187331,0.15462607977187331
19,218,0,5000000,243.618038946216,0,9000000000,670001,679001,651001,28000,0,9000,0.8999999999999999,0,0.8999999999999999
19,219,1,10000000,227.56734827298925,502565.0346473698,4000000000,678502,679302,654001,25301,19898,800,0,5.969376683964857,5.969376683964857
19,227,1,3000000,66.37393464305097,48765932.14951158,10000000000,680502,682502,678001,4501,62,2000,0,0.018455506955976725,0.018455506955976725
19,220,0,4000000,216.69359589060312,0,6000000000,679001,685001,657001,28000,0,6000,0.6,0,0.6
19,228,1,8000000,69.58190569393746,42394383.54854411,5000000000,684102,685102,681001,4101,189,1000,0,0.05661127251094136,0.05661127251094136
19,226,0,6000000,80.51341875737239,0,5000000000,685001,690001,675001,15000,0,5000,0.49999999999999994,0,0.49999999999999994
19,229,0,3000000,85.59436955781615,0,4000000000,690001,694001,684001,10000,0,4000,0.39999999999999997,0,0.39999999999999997
19,231,1,10000000,131.59203167365416,4375124.773049917,4000000000,693550,694350,690001,4349,2286,800,0,0.6856947300062228,0.6856947300062228
19,230,0,7000000,107.17896155496189,0,4000000000,694001,698001,687001,11000,0,4000,0.39999999999999997,0,0.39999999999999997
19,232,1,9000000,157.56071369475322,2161871.7294539725,5000000000,697164,698164,693001,5163,4163,1000,0,1.2489177610375355,1.2489177610375355
19,233,0,6000000,184.44419454133003,0,2000000000,698001,700001,696001,4000,0,2000,0.19999999999999998,0,0.19999999999999998
19,236,0,5000000,176.5909425763394,0,3000000000,705001,708001,705001,3000,0,3000,0.3,0,0.3
19,234,1,3000000,211.89763212457092,667774.2207912625,10000000000,706415,708415,699001,9414,4493,2000,0,1.3477609227465646,1.3477609227465646
19,235,1,8000000,196.4682162590173,902107.2292198177,4000000000,712980,713780,702001,11779,8868,800,0,2.660437609036374,2.660437609036374
19,237,0,8000000,172.37009311362573,0,10000000000,708001,718001,708001,10000,0,10000,0.9999999999999999,0,0.9999999999999999
19,238,0,2000000,172.0462568613453,0,2000000000,718001,720001,711001,9000,0,2000,0.19999999999999998,0,0.19999999999999998
19,239,0,3000000,172.0277550280768,0,2000000000,720001,722001,714001,8000,0,2000,0.19999999999999998,0,0.19999999999999998
19,240,1,7000000,169.7123227700334,1612240.9108656081,10000000000,725653,727653,717001,10652,4342,2000,0,1.3025348667479943,1.3025348667479943
19,241,1,6000000,153.66696359335015,2385735.0133992922,9000000000,727653,729453,720001,9452,2515,1800,0,0.7544844628135322,0.7544844628135322
19,242,1,9000000,128.32395333685753,4822979.189060487,4000000000,733253,734053,723001,11052,1866,800,0,0.5598199565372701,0.5598199565372701
19,244,1,4000000,86.21493664093249,21077634.114148222,5000000000,734853,735853,729001,6852,190,1000,0,0.056932385935787165,0.056932385935787165
19,243,0,4000000,105.92945246719633,0,10000000000,726001,736001,726001,10000,0,10000,0.9999999999999999,0,0.9999999999999999
19,245,0,7000000,77.64355027946618,0,4000000000,736001,740001,732001,8000,0,4000,0.39999999999999997,0,0.39999999999999997
19,246,0,3000000,73.22604522982238,0,5000000000,740001,745001,735001,10000,0,5000,0.49999999999999994,0,0.49999999999999994
19,247,1,3000000,65.71985392558321,50184179.17348942,6000000000,744453,745653,738001,7652,60,1200,0,0.0179339388393432,0.0179339388393432
19,248,1,7000000,67.74495479369659,45927402.464215025,9000000000,747653,749453,741001,8452,152,1800,0,0.04572433639451402,0.04572433639451402
19,249,0,6000000,78.83261824904717,0,7000000000,745001,752001,744001,8000,0,7000,0.7,0,0.7
19,250,1,9000000,90.47730378387725,17795735.601833336,7000000000,751653,753053,747001,6052,506,1400,0,0.15172174168073407,0.15172174168073407
19,251,1,3000000,109.66100719945989,8794170.560355589,9000000000,756053,757853,750001,7852,341,1800,0,0.10234052135140859,0.10234052135140859
19,252,1,5000000,132.3911847518558,4273479.039592653,4000000000,759253,760053,753001,7052,1170,800,0,0.3510020725743351,0.3510020725743351
19,253,0,8000000,155.41793075446608,0,6000000000,756001,762001,756001,6000,0,6000,0.6,0,0.6
19,254,0,8000000,179.24081901174188,0,9000000000,762001,771001,759001,12000,0,9000,0.8999999999999999,0,0.8999999999999999
19,255,0,7000000,204.67041310360418,0,7000000000,771001,778001,762001,16000,0,7000,0.7,0,0.7
19,256,0,7000000,205.71293590827,0,2000000000,778001,780001,765001,15000,0,2000,0.19999999999999998,0,0.19999999999999998
19,257,0,6000000,189.72776549572288,0,7000000000,780001,787001,768001,19000,0,7000,0.7,0,0.7
19,260,1,4000000,239.84112824951436,407590.1077969114,7000000000,786815,788215,777001,11214,9814,1400,0,2.9441342590137642,2.9441342590137642
19,259,1,9000000,222.8139979893544,546675.0268403033,5000000000,790464,791464,774001,17463,16463,1000,0,4.9389488588962625,4.9389488588962625
19,258,0,6000000,203.4167458691639,0,7000000000,787001,794001,771001,23000,0,7000,0.7,0,0.7
19,261,1,7000000,221.34307488602394,561295.1602312953,9000000000,792472,794272,780001,14271,12471,1800,0,3.741347064411965,3.741347064411965
19,262,0,6000000,202.41068869997946,0,2000000000,794001,796001,783001,13000,0,2000,0.19999999999999998,0,0.19999999999999998
19,268,1,5000000,150.2255431010319,2607932.6558789085,2000000000,802918,803318,801001,2317,1917,400,0,0.5751682263031749,0.5751682263031749
19,263,0,9000000,183.45116407371202,0,10000000000,796001,806001,786001,20000,0,10000,0.9999999999999999,0,0.9999999999999999
19,264,0,5000000,166.92974240679823,0,6000000000,806001,812001,789001,23000,0,6000,0.6,0,0.6
19,271,1,7000000,135.37471144936933,3918733.007009671,4000000000,811787,812587,810001,2586,1786,800,0,0.5358874912487288,0.5358874912487288
19,272,1,6000000,136.15736263603233,3831735.836790337,8000000000,814567,816167,813001,3166,1566,1600,0,0.4697609847519589,0.4697609847519589
19,265,0,5000000,154.0015876541537,0,7000000000,812001,819001,792001,27000,0,7000,0.7,0,0.7
19,273,1,7000000,140.92572973023772,3350122.913488307,7000000000,818090,819490,816001,3489,2089,1400,0,0.6268426724120938,0.6268426724120938
19,276,1,2000000,168.776314985249,1647895.6597151845,2000000000,826215,826615,825001,1614,1214,400,0,0.36410072231375473,0.36410072231375473
19,266,0,5000000,143.77279088895781,0,9000000000,819001,828001,795001,33000,0,9000,0.8999999999999999,0,0.8999999999999999
19,267,0,6000000,138.16264075356983,0,9000000000,828001,837001,798001,39000,0,9000,0.8999999999999999,0,0.8999999999999999
19,269,0,9000000,143.46989684250838,0,8000000000,837001,845001,804001,41000,0,8000,0.7999999999999999,0,0.7999999999999999
19,270,0,4000000,139.02969251206736,0,5000000000,845001,850001,807001,43000,0,5000,0.49999999999999994,0,0.49999999999999994
19,279,1,10000000,209.94223610317204,692881.6977501933,9000000000,848433,850233,834001,16232,14432,1800,0,4.329743460883851,4.329743460883851
19,282,1,3000000,233.64694134526994,452421.02591255994,9000000000,850213,852013,843001,9012,6631,1800,0,1.9892974650871869,1.9892974650871869
19,274,0,3000000,148.17683658386022,0,8000000000,850001,858001,819001,39000,0,8000,0.7999999999999999,0,0.7999999999999999
19,281,1,7000000,239.68391539692433,408657.5157847494,8000000000,857130,858730,840001,18729,17129,1600,0,5.138777384204833,5.138777384204833
19,283,1,4000000,218.41709090636655,591856.5491486642,7000000000,858813,860213,846001,14212,6758,1400,0,2.027518326402063,2.027518326402063
19,275,0,9000000,157.57656075698569,0,4000000000,858001,862001,822001,40000,0,4000,0.39999999999999997,0,0.39999999999999997
19,285,1,8000000,193.8298000824435,951907.9293193723,7000000000,864213,865613,852001,13612,8404,1400,0,2.521252240976745,2.521252240976745
19,286,1,10000000,185.50862540593633,1133114.7826381447,3000000000,869013,869613,855001,14612,8825,600,0,2.6475693777600613,2.6475693777600613
19,277,0,2000000,181.40373645545452,0,8000000000,862001,870001,828001,42000,0,8000,0.7999999999999999,0,0.7999999999999999
19,278,0,10000000,195.199911116783,0,4000000000,870001,874001,831001,43000,0,4000,0.39999999999999997,0,0.39999999999999997
19,289,1,10000000,179.87771540688416,1280489.447413224,5000000000,873813,874813,864001,10812,7810,1000,0,2.3428541375803125,2.3428541375803125
19,280,0,9000000,225.65365341602603,0,4000000000,874001,878001,837001,41000,0,4000,0.39999999999999997,0,0.39999999999999997
19,291,1,7000000,192.4863062661861,978582.183601645,8000000000,877154,878754,870001,8753,7153,1600,0,2.145961816176754,2.145961816176754
19,284,0,7000000,205.02507773440783,0,4000000000,878001,882001,849001,33000,0,4000,0.39999999999999997,0,0.39999999999999997
19,287,0,9000000,180.3251269235655,0,2000000000,882001,884001,858001,26000,0,2000,0.19999999999999998,0,0.19999999999999998
19,288,0,6000000,178.41295496684089,0,7000000000,884001,891001,861001,30000,0,7000,0.7,0,0.7
19,293,1,10000000,216.1200187395883,617314.1094163256,4000000000,893890,894690,876001,18689,16199,800,0,4.859762565343791,4.859762565343791
19,290,0,2000000,184.6379570944176,0,5000000000,891001,896001,867001,29000,0,5000,0.49999999999999994,0,0.49999999999999994
19,297,1,6000000,213.5928540471333,646919.2338749974,7000000000,897276,898676,888001,10675,9275,1400,0,2.7824184314603477,2.7824184314603477
19,294,1,9000000,230.98280736886022,473588.08921749267,4000000000,898154,898954,879001,19953,19004,800,0,5.701156894509736,5.701156894509736
19,295,1,6000000,243.22471605492734,385437.70376207156,2000000000,898676,899076,882001,17075,15567,400,0,4.67001536806355,4.67001536806355
19,292,0,6000000,203.14907088145884,0,7000000000,896001,903001,873001,30000,0,7000,0.7,0,0.7
19,301,1,3000000,180.59799472862375,1260359.7775809993,7000000000,906076,907476,900001,7475,2380,1400,0,0.7140818169613159,0.7140818169613159
19,296,0,3000000,227.58660769034722,0,6000000000,903001,909001,885001,24000,0,6000,0.6,0,0.6
19,300,1,9000000,184.54167713554577,1156860.0203369246,6000000000,910676,911876,897001,14875,7780,1200,0,2.333903802132993,2.333903802132993
19,298,0,4000000,201.4071220190587,0,5000000000,909001,914001,891001,23000,0,5000,0.49999999999999994,0,0.49999999999999994
19,303,1,8000000,166.0087783823494,1759199.6077373722,10000000000,917876,919876,906001,13875,4548,2000,0,1.364256784417321,1.364256784417321
19,304,1,10000000,146.4327261919275,2883266.7006802727,3000000000,921476,922076,909001,13075,3468,600,0,1.0404864729621388,1.0404864729621388
19,299,0,9000000,191.58799988517023,0,10000000000,914001,924001,894001,30000,0,10000,0.9999999999999999,0,0.9999999999999999
19,302,0,9000000,179.6583783184074,0,2000000000,924001,926001,903001,23000,0,2000,0.19999999999999998,0,0.19999999999999998
19,306,1,5000000,107.37584691167748,9518136.935283419,7000000000,925076,926476,915001,11475,525,1400,0,0.15759386634158934,0.15759386634158934
19,308,1,5000000,156.4920870203986,2220620.7938579647,6000000000,931676,932876,921001,11875,2252,1200,0,0.6754867846634885,0.6754867846634885
19,305,0,10000000,126.8846854431219,0,9000000000,926001,935001,912001,23000,0,9000,0.8999999999999999,0,0.8999999999999999
19,309,1,5000000,133.03367130166708,4193856.6231222516,2000000000,936476,936876,924001,12875,1192,400,0,0.35766601836838113,0.35766601836838113
19,307,0,9000000,166.41725391316845,0,2000000000,935001,937001,918001,19000,0,2000,0.19999999999999998,0,0.19999999999999998
19,310,0,5000000,108.70357169844975,0,2000000000,937001,939001,927001,12000,0,2000,0.19999999999999998,0,0.19999999999999998
19,311,0,7000000,87.83511199970089,0,9000000000,939001,948001,930001,18000,0,9000,0.8999999999999999,0,0.8999999999999999
19,313,1,3000000,119.69932372407119,6304663.018087249,3000000000,948676,949276,936001,13275,476,600,0,0.14275148369040794,0.14275148369040794
19,312,0,3000000,95.94327751333074,0,7000000000,948001,955001,933001,22000,0,7000,0.7,0,0.7
19,320,1,2000000,127.82896580978823,4895624.179659774,6000000000,957410,958610,957001,1609,409,1200,0,0.12255842727733599,0.12255842727733599
19,314,0,8000000,144.11897862530105,0,4000000000,955001,959001,939001,20000,0,4000,0.39999999999999997,0,0.39999999999999997
19,319,1,10000000,151.6112977320622,2515504.6575484197,9000000000,958610,960410,954001,6409,3975,1800,0,1.1926036356155125,1.1926036356155125
19,322,1,2000000,79.09413631869302,28235869.374211192,6000000000,963072,964272,963001,1271,71,1200,0,0.02124956706833334,0.02124956706833334
19,315,0,10000000,167.888005825312,0,9000000000,959001,968001,942001,26000,0,9000,0.8999999999999999,0,0.8999999999999999
19,324,1,2000000,38.39958463317015,163329810.55925354,2000000000,969013,969413,969001,412,12,400,0,0.0036735486188685025,0.0036735486188685025
19,316,0,8000000,191.97059826963084,0,3000000000,968001,971001,945001,26000,0,3000,0.3,0,0.3
19,325,1,5000000,30.91424590702477,221410287.84736854,3000000000,972024,972624,972001,623,23,600,0,0.006774752946593161,0.006774752946593161
19,317,0,9000000,200.1419441296602,0,8000000000,971001,979001,948001,31000,0,8000,0.7999999999999999,0,0.7999999999999999
19,327,1,5000000,22.38590851406301,312075301.8058277,6000000000,978017,979217,978001,1216,16,1200,0,0.004806532241802639,0.004806532241802639
19,328,1,6000000,45.31569264614628,122264910.14733897,8000000000,981050,982650,981001,1649,49,1600,0,0.014722130804585358,0.014722130804585358
19,318,0,6000000,175.6661279245375,0,6000000000,979001,985001,951001,34000,0,6000,0.6,0,0.6
19,321,0,4000000,103.43036691417086,0,7000000000,985001,992001,960001,32000,0,7000,0.7,0,0.7
19,332,1,4000000,133.80736339977707,4100378.2907418394,2000000000,993977,994377,993001,1376,976,400,0,0.29265592462760215,0.29265592462760215
19,323,0,5000000,54.891661479681936,0,5000000000,992001,997001,966001,31000,0,5000,0.49999999999999994,0,0.49999999999999994
20,1,1,10000000,151.29657663014058,2536135.844803398,6000000000,3944,5144,1,5143,3943,1200,0,1.182901935693654,1.182901935693654
20,2,1,3000000,151.2600310723226,2538545.0893753823,6000000000,5144,6344,3001,3343,1182,1200,0,0.3545337854217307,0.3545337854217307
20,3,1,9000000,149.19297369514425,2679545.4594820854,9000000000,11359,13159,6001,7158,3359,1800,0,1.007633585929857,1.007633585929857
20,4,0,3000000,151.48836324945887,0,7000000000,9001,16001,9001,7000,0,7000,0.7,0,0.7
20,5,1,8000000,157.45115369536038,2167805.6245623445,10000000000,18159,20159,12001,8158,3690,2000,0,1.1071103298223672,1.1071103298223672
20,6,0,6000000,167.0474139279025,0,9000000000,16001,25001,15001,10000,0,9000,0.8999999999999999,0,0.8999999999999999
20,7,0,8000000,180.09201675810067,0,3000000000,25001,28001,18001,10000,0,3000,0.3,0,0.3
20,8,0,2000000,181.26610962890993,0,4000000000,28001,32001,21001,11000,0,4000,0.39999999999999997,0,0.39999999999999997
20,9,0,2000000,195.27389917753987,0,5000000000,32001,37001,24001,13000,0,5000,0.49999999999999994,0,0.49999999999999994
20,12,0,7000000,201.05520261858433,0,2000000000,37001,39001,33001,6000,0,2000,0.19999999999999998,0,0.19999999999999998
20,13,0,10000000,186.88847690534587,0,3000000000,39001,42001,36001,6000,0,3000,0.3,0,0.3
20,10,1,9000000,212.27460328546138,663065.0091173142,10000000000,40574,42574,27001,15573,13573,2000,0,4.071998918468485,4.071998918468485
20,11,1,8000000,218.3605580227345,592467.1954892967,10000000000,46774,48774,30001,18773,13503,2000,0,4.0508571922162355,4.0508571922162355
20,14,0,7000000,180.38061370335782,0,8000000000,42001,50001,39001,11000,0,8000,0.7999999999999999,0,0.7999999999999999
20,15,0,9000000,176.10912781568138,0,3000000000,50001,53001,42001,11000,0,3000,0.3,0,0.3
20,16,0,3000000,177.44748659814823,0,2000000000,53001,55001,45001,10000,0,2000,0.19999999999999998,0,0.19999999999999998
20,18,1,7000000,182.53637993561722,1208109.3203576081,2000000000,57985,58385,51001,7384,5794,400,0,1.738253289345029,1.738253289345029
20,17,0,9000000,180.36372279369263,0,5000000000,55001,60001,48001,12000,0,5000,0.49999999999999994,0,0.49999999999999994
20,20,1,3000000,203.39838372022527,785937.0651532675,3000000000,61070,61670,57001,4669,3817,600,0,1.1451298582342453,1.1451298582342453
20,19,0,5000000,189.87298412359775,0,10000000000,60001,70001,54001,16000,0,10000,0.9999999999999999,0,0.9999999999999999
20,21,0,9000000,220.67809429120962,0,8000000000,70001,78001,60001,18000,0,8000,0.7999999999999999,0,0.7999999999999999
20,22,1,6000000,240.86630731590498,400714.2331114621,2000000000,78209,78609,63001,15608,14973,400,0,4.491979199299653,4.491979199299653
20,23,0,6000000,223.9406700445455,0,8000000000,78001,86001,66001,20000,0,8000,0.7999999999999999,0,0.7999999999999999
20,24,0,4000000,206.51846624454677,0,2000000000,86001,88001,69001,19000,0,2000,0.19999999999999998,0,0.19999999999999998
20,26,0,2000000,193.38268407486746,0,8000000000,88001,96001,75001,21000,0,8000,0.7999999999999999,0,0.7999999999999999
20,31,1,5000000,165.7988133250657,1768019.3135682994,10000000000,99470,101470,90001,11469,2828,2000,0,0.8484070216250238,0.8484070216250238
20,29,1,7000000,207.24411740746706,729489.6491492075,5000000000,101470,102470,84001,18469,9596,1000,0,2.878724876287412,2.878724876287412
20,32,1,2000000,150.70897020416538,2575218.964946852,2000000000,102470,102870,93001,9869,777,400,0,0.23298989645813786,0.23298989645813786
20,25,1,8000000,197.97458650038897,875126.791425916,3000000000,102319,102919,72001,30918,9142,600,0,2.742459748134876,2.742459748134876
20,28,1,9000000,190.36598882153297,1022601.4530617306,5000000000,102919,103919,81001,22918,8801,1000,0,2.6403248224575044,2.6403248224575044
20,27,0,7000000,188.1332517127156,0,9000000000,96001,105001,78001,27000,0,9000,0.8999999999999999,0,0.8999999999999999
20,33,1,6000000,141.40401444089204,3306044.264466809,3000000000,108070,108670,96001,12669,1815,600,0,0.5444573199900273,0.5444573199900273
20,35,1,4000000,143.61488258533655,3111345.7623984395,5000000000,112670,113670,102001,11669,1286,1000,0,0.38568519593751527,0.38568519593751527
20,30,0,2000000,185.10520954311363,0,9000000000,105001,114001,87001,27000,0,9000,0.8999999999999999,0,0.8999999999999999
20,36,1,7000000,141.35846384281348,3310211.2703553685,7000000000,115270,116670,105001,11669,2115,1400,0,0.634400595154325,0.634400595154325
20,37,1,4000000,139.65834203512514,3470477.4337764513,8000000000,116670,118270,108001,10269,1153,1600,0,0.3457737509891261,0.3457737509891261
20,39,1,2000000,148.66600485652398,2717029.7005658494,3000000000,121070,121670,114001,7669,736,600,0,0.22082938580871744,0.22082938580871744
20,34,0,9000000,138.81638123795042,0,8000000000,114001,122001,99001,23000,0,8000,0.7999999999999999,0,0.7999999999999999
20,43,1,2000000,98.36007980883298,13170994.429372082,8000000000,127731,129331,126001,3330,152,1600,0,0.0455546468580964,0.0455546468580964
20,38,0,5000000,139.36634313922428,0,10000000000,122001,132001,111001,21000,0,10000,0.9999999999999999,0,0.9999999999999999
20,46,1,10000000,128.59730362647576,4783428.011496131,2000000000,137092,137492,135001,2491,2091,400,0,0.6271652866500814,0.6271652866500814
20,40,0,6000000,167.03684204390362,0,6000000000,132001,138001,117001,21000,0,6000,0.6,0,0.6
20,41,0,8000000,141.93065666021562,0,5000000000,138001,143001,120001,23000,0,5000,0.49999999999999994,0,0.49999999999999994
20,47,1,10000000,147.93621091538066,2770017.948565027,5000000000,142549,143549,138001,5548,3610,1000,0,1.0830254733743194,1.0830254733743194
20,48,1,7000000,164.62151165628381,1818501.8106513869,4000000000,144980,145780,141001,4779,3849,800,0,1.1547967605530074,1.1547967605530074
20,50,1,2000000,176.26550995586175,1387689.7771219565,7000000000,149607,151007,147001,4006,1441,1400,0,0.4323732940112805,0.4323732940112805
20,42,0,5000000,115.51806655237961,0,10000000000,143001,153001,123001,30000,0,10000,0.9999999999999999,0,0.9999999999999999
20,49,1,9000000,161.05736648784497,1982629.041363483,10000000000,152807,154807,144001,10806,4539,2000,0,1.361828130058647,1.361828130058647
20,44,0,10000000,95.44583594898208,0,4000000000,153001,157001,129001,28000,0,4000,0.39999999999999997,0,0.39999999999999997
20,45,0,8000000,107.79099823269098,0,2000000000,157001,159001,132001,27000,0,2000,0.19999999999999998,0,0.19999999999999998
20,51,0,4000000,193.90588232438955,0,7000000000,159001,166001,150001,16000,0,7000,0.7,0,0.7
20,54,1,4000000,233.8372532339533,450954.5735086916,5000000000,167871,168871,159001,9870,8870,1000,0,2.6610219088439324,2.6610219088439324
20,56,1,4000000,188.4513995702871,1064486.0727356174,6000000000,168871,170071,165001,5070,3758,1200,0,1.12730455638196,1.12730455638196
20,58,1,3000000,154.87676165261203,2313229.1464554872,9000000000,172723,174523,171001,3522,1297,1800,0,0.38906651395909103,0.38906651395909103
20,57,1,9000000,168.5686305336791,1655939.14035448,5000000000,174523,175523,168001,7522,5435,1000,0,1.6304947049092773,1.6304947049092773
20,52,0,3000000,215.87599449684066,0,10000000000,166001,176001,153001,23000,0,10000,0.9999999999999999,0,0.9999999999999999
20,59,1,2000000,143.0100171316681,3163174.002428605,8000000000,175523,177123,174001,3122,632,1600,0,0.1896828943141715,0.1896828943141715
20,60,1,5000000,153.23845796666058,2412089.2749865735,8000000000,179123,180723,177001,3722,2073,1600,0,0.6218675301760336,0.6218675301760336
20,53,0,7000000,241.07893748728858,0,7000000000,176001,183001,156001,27000,0,7000,0.7,0,0.7
20,63,1,9000000,136.25307702947484,3821260.288709859,4000000000,188356,189156,186001,3155,2355,800,0,0.706573171154373,0.706573171154373
20,64,1,2000000,136.53175821031533,3790959.8087016097,6000000000,189529,190729,189001,1728,528,1200,0,0.1582712638162993,0.1582712638162993
20,55,0,3000000,211.37063277570041,0,8000000000,183001,191001,162001,29000,0,8000,0.7999999999999999,0,0.7999999999999999
20,61,0,3000000,148.45815740470442,0,3000000000,191001,194001,180001,14000,0,3000,0.3,0,0.3
20,65,1,10000000,144.32439087001202,3051879.7594105187,4000000000,195505,196305,192001,4304,3277,800,0,0.9830007197201834,0.9830007197201834
20,66,1,2000000,155.35797275968818,2285148.8266313216,10000000000,198105,200105,195001,5104,875,2000,0,0.26256495551079573,0.26256495551079573
20,62,0,10000000,140.57648807677617,0,9000000000,194001,203001,183001,20000,0,9000,0.8999999999999999,0,0.8999999999999999
20,68,1,2000000,189.70261200099483,1036877.6681299425,7000000000,204905,206305,201001,5304,1929,1400,0,0.5786603554516977,0.5786603554516977
20,67,0,7000000,171.1402290520846,0,10000000000,203001,213001,198001,15000,0,10000,0.9999999999999999,0,0.9999999999999999
20,69,0,7000000,210.31928965266127,0,3000000000,213001,216001,204001,12000,0,3000,0.3,0,0.3
20,70,1,4000000,229.98978694715987,481792.97472541215,5000000000,215303,216303,207001,9302,8302,1000,0,2.490696342519139,2.490696342519139
20,71,0,2000000,238.89661466835403,0,2000000000,216001,218001,210001,8000,0,2000,0.19999999999999998,0,0.19999999999999998
20,72,0,6000000,217.09954629155723,0,5000000000,218001,223001,213001,10000,0,5000,0.49999999999999994,0,0.49999999999999994
20,73,1,5000000,199.04857799039914,856502.4657441189,9000000000,221839,223639,216001,7638,5838,1800,0,1.7513084433409287,1.7513084433409287
20,74,1,9000000,186.0425244399785,1120263.602534946,9000000000,227035,228835,219001,9834,8034,1800,0,2.4101470349392833,2.4101470349392833
20,75,1,7000000,179.30382985312949,1296814.6315688135,5000000000,228835,229835,222001,7834,5398,1000,0,1.6193524879184453,1.6193524879184453
20,76,0,8000000,179.19562327244495,0,7000000000,225001,232001,225001,7000,0,7000,0.7,0,0.7
20,78,1,3000000,189.63653260909402,1038313.2786713423,2000000000,233890,234290,231001,3289,2889,400,0,0.8667904171963088,0.8667904171963088
20,77,1,10000000,185.73899213681543,1127547.378694721,3000000000,236870,237470,228001,9469,8869,600,0,2.6606420773847037,2.6606420773847037
20,79,1,6000000,165.5660116086632,1777862.5255964852,2000000000,237470,237870,234001,3869,3375,400,0,1.0124517357696639,1.0124517357696639
20,80,0,8000000,141.52407463043164,0,4000000000,237001,241001,237001,4000,0,4000,0.39999999999999997,0,0.39999999999999997
20,81,1,2000000,119.11091175874694,6424741.835499187,8000000000,240312,241912,240001,1911,311,1600,0,0.09338896649274958,0.09338896649274958
20,83,1,6000000,154.5139621522922,2334682.6091063153,8000000000,248865,250465,246001,4464,2570,1600,0,0.7709827421419888,0.7709827421419888
20,84,1,5000000,131.85045013195824,4341934.456578936,7000000000,250865,252265,249001,3264,1152,1400,0,0.3454681352288004,0.3454681352288004
20,82,0,5000000,175.23748600114075,0,10000000000,243001,253001,243001,10000,0,10000,0.9999999999999999,0,0.9999999999999999
20,85,1,2000000,112.50077910841324,7984822.769232606,6000000000,252265,253465,252001,1464,250,1200,0,0.07514255699098804,0.07514255699098804
20,87,1,3000000,81.87175947785659,25158059.961669173,2000000000,261265,261665,258001,3664,119,400,0,0.035773823632316654,0.035773823632316654
20,86,0,9000000,93.95103458717206,0,9000000000,255001,264001,255001,9000,0,9000,0.8999999999999999,0,0.8999999999999999
20,89,1,4000000,82.44807881327496,24567989.114523463,2000000000,264747,265147,264001,1146,163,400,0,0.04884404638923481,0.04884404638923481
20,88,0,6000000,77.63022607206551,0,8000000000,264001,272001,261001,11000,0,8000,0.7999999999999999,0,0.7999999999999999
20,91,1,7000000,107.16757905262206,9587621.756658252,5000000000,273274,274274,270001,4273,730,1000,0,0.2190324204792108,0.2190324204792108
20,90,0,6000000,94.95933076849272,0,9000000000,272001,281001,267001,14000,0,9000,0.8999999999999999,0,0.8999999999999999
20,92,0,10000000,119.3465139834423,0,4000000000,281001,285001,273001,12000,0,4000,0.39999999999999997,0,0.39999999999999997
20,93,0,7000000,146.33835484930128,0,7000000000,285001,292001,276001,16000,0,7000,0.7,0,0.7
20,94,0,5000000,175.80601383342952,0,5000000000,292001,297001,279001,18000,0,5000,0.49999999999999994,0,0.49999999999999994
20,95,0,8000000,185.37789781956212,0,8000000000,297001,305001,282001,23000,0,8000,0.7999999999999999,0,0.7999999999999999
20,96,0,7000000,203.464828655962,0,6000000000,305001,311001,285001,26000,0,6000,0.6,0,0.6
20,98,0,10000000,183.95388335123556,0,9000000000,311001,320001,291001,29000,0,9000,0.8999999999999999,0,0.8999999999999999
20,99,0,7000000,161.32971115079826,0,8000000000,320001,328001,294001,34000,0,8000,0.7999999999999999,0,0.7999999999999999
20,101,0,9000000,114.93465491312872,0,2000000000,328001,330001,300001,30000,0,2000,0.19999999999999998,0,0.19999999999999998
20,97,1,6000000,209.15102007879372,703374.7560454089,3000000000,332829,333429,288001,45428,8530,600,0,2.559090988877904,2.559090988877904
20,102,0,4000000,94.57348095528677,0,4000000000,330001,334001,303001,31000,0,4000,0.39999999999999997,0,0.39999999999999997
20,100,1,9000000,137.4699858150862,3691097.9733509026,7000000000,335429,336829,297001,39828,2438,1400,0,0.7314896595792199,0.7314896595792199
20,108,0,3000000,94.1031455372242,0,8000000000,334001,342001,321001,21000,0,8000,0.7999999999999999,0,0.7999999999999999
20,103,1,3000000,81.95334099351899,25073564.4584882,10000000000,341229,343229,306001,37228,120,2000,0,0.03589437798084274,0.03589437798084274
20,104,1,9000000,71.38296225290739,39210233.297310054,5000000000,343629,344629,309001,35628,230,1000,0,0.06885957498715593,0.06885957498715593
20,105,1,10000000,68.65707538192987,44135670.90674812,9000000000,344629,346429,312001,34428,227,1800,0,0.0679722305873301,0.0679722305873301
20,110,0,3000000,127.82621992376997,0,7000000000,342001,349001,327001,22000,0,7000,0.7,0,0.7
20,106,1,3000000,76.03495051619353,32122651.797408063,5000000000,349429,350429,315001,35428,93,1000,0,0.028017612172125214,0.028017612172125214
20,107,1,4000000,86.75684929733218,20623801.713314682,9000000000,350429,352229,318001,34228,194,1800,0,0.058185198669035036,0.058185198669035036
20,111,0,10000000,130.12913009776094,0,4000000000,349001,353001,330001,23000,0,4000,0.39999999999999997,0,0.39999999999999997
20,109,1,2000000,114.23604203577787,7534504.611662348,4000000000,353029,353829,324001,29828,265,800,0,0.07963363630719461,0.07963363630719461
20,112,0,2000000,130.6648116364923,0,6000000000,353001,359001,333001,26000,0,6000,0.6,0,0.6
20,113,1,10000000,140.8900525232353,3353439.8745941385,2000000000,363429,363829,336001,27828,2982,400,0,0.8946037836336891,0.8946037836336891
20,116,0,10000000,214.51692520638085,0,6000000000,359001,365001,345001,20000,0,6000,0.6,0,0.6
20,114,1,9000000,165.0439047647625,1800186.4326465516,3000000000,365029,365629,339001,26628,4999,600,0,1.4998446555508052,1.4998446555508052
20,115,1,6000000,195.10174909518366,927483.4501854987,3000000000,369429,370029,342001,28028,6469,600,0,1.9407354380716941,1.9407354380716941
20,119,0,8000000,154.95174894140436,0,8000000000,365001,373001,354001,19000,0,8000,0.7999999999999999,0,0.7999999999999999
20,117,1,5000000,202.74092359462108,796125.1673488521,9000000000,373540,375340,348001,27339,6280,1800,0,1.8841258404065986,1.8841258404065986
20,118,1,9000000,184.82495989449043,1149839.8925063352,2000000000,378340,378740,351001,27739,7827,400,0,2.348153005993505,2.348153005993505
20,120,0,8000000,125.54414243603723,0,9000000000,373001,382001,357001,25000,0,9000,0.8999999999999999,0,0.8999999999999999
20,123,1,3000000,68.23275606334546,44959822.28441079,2000000000,383140,383540,366001,17539,67,400,0,0.02001787271992983,0.02001787271992983
20,124,1,5000000,82.61373311986327,24401296.896299712,7000000000,385540,386940,369001,17939,205,1400,0,0.06147214250024,0.06147214250024
20,125,1,8000000,106.84358005982388,9696934.29679624,4000000000,389940,390740,372001,18739,825,800,0,0.24750090353741322,0.24750090353741322
20,121,0,8000000,98.77006125339804,0,9000000000,382001,391001,360001,31000,0,9000,0.8999999999999999,0,0.8999999999999999
20,126,1,6000000,132.3885380235011,4273810.866525823,9000000000,392340,394140,375001,19139,1404,1800,0,0.4211697841142929,0.4211697841142929
20,122,0,2000000,77.41898087678494,0,9000000000,391001,400001,363001,37000,0,9000,0.8999999999999999,0,0.8999999999999999
20,127,0,7000000,157.63948394992926,0,4000000000,400001,404001,378001,26000,0,4000,0.39999999999999997,0,0.39999999999999997
20,133,1,4000000,220.09100027034268,574126.0340999466,6000000000,402968,404168,396001,8167,6967,1200,0,2.0901334005541687,2.0901334005541687
20,130,1,3000000,223.4407004106459,540590.3931610772,7000000000,403740,405140,387001,18139,5549,1400,0,1.6648464556265825,1.6648464556265825
20,128,0,9000000,185.39817690581532,0,3000000000,404001,407001,381001,26000,0,3000,0.3,0,0.3
20,129,0,5000000,210.35257307672754,0,2000000000,407001,409001,384001,25000,0,2000,0.19999999999999998,0,0.19999999999999998
20,131,1,2000000,242.699411824586,388776.5489635375,9000000000,408740,410540,390001,20539,5144,1800,0,1.5433029631020072,1.5433029631020072
20,135,1,9000000,194.26000102954802,943558.3855771016,4000000000,411539,412339,402001,10338,9538,800,0,2.86150813905238,2.86150813905238
20,134,1,10000000,204.86892028807102,763730.9895788354,6000000000,412339,413539,399001,14538,13094,1200,0,3.9280846802541953,3.9280846802541953
20,137,1,6000000,189.9690211587142,1031114.7828558154,8000000000,415139,416739,408001,8738,5819,1600,0,1.7456834388647309,1.7456834388647309
20,138,0,6000000,196.3762116448935,0,7000000000,411001,418001,411001,7000,0,7000,0.7,0,0.7
20,136,1,10000000,189.16227557311737,1048689.6963903008,8000000000,416739,418339,405001,13338,9536,1600,0,2.8607127640581504,2.8607127640581504
20,132,1,10000000,239.10360934122258,412627.87345936755,7000000000,420139,421539,393001,28538,24235,1400,0,7.270473453111056,7.270473453111056
20,139,1,4000000,211.53114427903992,672392.5069171307,9000000000,422939,424739,414001,10738,5949,1800,0,1.7846718808659991,1.7846718808659991
20,140,1,6000000,201.67182376326147,813045.9696301136,6000000000,425939,427139,417001,10138,7380,1200,0,2.213896959379665,2.213896959379665
20,141,0,10000000,194.59747634540383,0,8000000000,420001,428001,420001,8000,0,8000,0.7999999999999999,0,0.7999999999999999
20,142,0,6000000,191.9682525835978,0,7000000000,428001,435001,423001,12000,0,7000,0.7,0,0.7
20,143,0,7000000,195.192436841185,0,3000000000,435001,438001,426001,12000,0,3000,0.3,0,0.3
20,144,0,2000000,198.705581199925,0,7000000000,438001,445001,429001,16000,0,7000,0.7,0,0.7
20,145,0,7000000,195.113032112158,0,7000000000,445001,452001,432001,20000,0,7000,0.7,0,0.7
20,146,0,3000000,191.99760831843716,0,3000000000,452001,455001,435001,20000,0,3000,0.3,0,0.3
20,153,1,3000000,220.89101475614618,565886.0833507259,6000000000,462466,463666,456001,7665,5301,1200,0,1.5904261060298885,1.5904261060298885
20,147,0,10000000,194.11786986261723,0,10000000000,455001,465001,438001,27000,0,10000,0.9999999999999999,0,0.9999999999999999
20,155,1,8000000,178.7654040915076,1312367.0191244679,8000000000,468097,469697,462001,7696,6096,1600,0,1.828756715938454,1.828756715938454
20,157,1,5000000,127.2302656603373,4985290.085123062,10000000000,469697,471697,468001,3696,1003,2000,0,0.30088519913339656,0.30088519913339656
20,148,0,9000000,201.61041168550793,0,8000000000,465001,473001,441001,32000,0,8000,0.7999999999999999,0,0.7999999999999999
20,151,1,8000000,249.70264556067485,347062.7940052567,2000000000,473052,473452,450001,23451,23051,400,0,6.915175125235835,6.915175125235835
20,158,1,9000000,101.58224697258865,11699806.886439102,10000000000,471770,473770,471001,2769,769,2000,0,0.23077303977807442,0.23077303977807442
20,149,0,3000000,213.88012834295756,0,8000000000,473001,481001,444001,37000,0,8000,0.7999999999999999,0,0.7999999999999999
20,150,0,6000000,230.1544025214378,0,3000000000,481001,484001,447001,37000,0,3000,0.3,0,0.3
20,152,0,5000000,238.0204556335442,0,2000000000,484001,486001,453001,33000,0,2000,0.19999999999999998,0,0.19999999999999998
20,154,0,10000000,205.09724961588344,0,4000000000,486001,490001,459001,31000,0,4000,0.39999999999999997,0,0.39999999999999997
20,165,1,3000000,173.56665491965904,1475137.378394184,2000000000,494035,494435,492001,2434,2034,400,0,0.6101126669163036,0.6101126669163036
20,156,0,2000000,151.80019104072304,0,7000000000,490001,497001,465001,32000,0,7000,0.7,0,0.7
20,166,1,9000000,175.1478506862131,1423100.4763447372,7000000000,501934,503334,495001,8333,6324,1400,0,1.8972658957539001,1.8972658957539001
20,159,0,9000000,78.09303426042558,0,10000000000,497001,507001,474001,33000,0,10000,0.9999999999999999,0,0.9999999999999999
20,160,0,3000000,64.86439470156185,0,7000000000,507001,514001,477001,37000,0,7000,0.7,0,0.7
20,171,1,5000000,165.12607062484105,1796650.272861033,2000000000,514445,514845,510001,4844,2783,400,0,0.8348870242906877,0.8348870242906877
20,161,0,9000000,74.84381403963859,0,5000000000,514001,519001,480001,39000,0,5000,0.49999999999999994,0,0.49999999999999994
20,172,1,10000000,165.12607062484105,1796650.272861033,3000000000,519701,520301,513001,7300,5566,600,0,1.6697740485813755,1.6697740485813755
20,175,1,10000000,118.59288764508598,6532768.116454165,9000000000,526464,528264,522001,6263,1531,1800,0,0.45922340216605306,0.45922340216605306
20,162,0,7000000,96.18849203517017,0,10000000000,519001,529001,483001,46000,0,10000,0.9999999999999999,0,0.9999999999999999
20,177,1,5000000,79.81730702047022,27395644.141601805,5000000000,531264,532264,528001,4263,183,1000,0,0.054753229829050336,0.054753229829050336
20,163,0,9000000,122.59000367077242,0,10000000000,529001,539001,486001,53000,0,10000,0.9999999999999999,0,0.9999999999999999
20,164,0,7000000,151.42748825758153,0,3000000000,539001,542001,489001,53000,0,3000,0.3,0,0.3
20,181,1,5000000,69.87251891838449,41862422.47464631,10000000000,543464,545464,540001,5463,119,2000,0,0.03583165787666647,0.03583165787666647
20,167,0,9000000,189.7768713515954,0,5000000000,542001,547001,498001,49000,0,5000,0.49999999999999994,0,0.49999999999999994
20,168,0,9000000,216.95619189135854,0,7000000000,547001,554001,501001,53000,0,7000,0.7,0,0.7
20,184,1,10000000,113.08506046335214,7829645.95627301,6000000000,555464,556664,549001,7663,1277,1200,0,0.3831590874931502,0.3831590874931502
20,169,0,5000000,186.039249890984,0,7000000000,554001,561001,504001,57000,0,7000,0.7,0,0.7
20,186,1,4000000,157.3523425310218,2173174.664417608,6000000000,564464,565664,555001,10663,1841,1200,0,0.5521875529142475,0.5521875529142475
20,170,0,4000000,165.29138513546314,0,8000000000,561001,569001,507001,62000,0,8000,0.7999999999999999,0,0.7999999999999999
20,187,1,2000000,181.15076511017003,1245177.8140169447,10000000000,567664,569664,558001,11663,1606,2000,0,0.4818588905502576,0.4818588905502576
20,190,1,7000000,181.66731268998288,1231195.7495865568,10000000000,572687,574687,567001,7686,5686,2000,0,1.7056589098079595,1.7056589098079595
20,192,1,2000000,123.2124689307052,5641991.077476502,4000000000,574687,575487,573001,2486,354,800,0,0.10634543581525167,0.10634543581525167
20,173,0,10000000,161.03492105751474,0,7000000000,569001,576001,516001,60000,0,7000,0.7,0,0.7
20,193,1,6000000,100.80115078708178,12037685.624471197,4000000000,576499,577299,576001,1298,498,800,0,0.1495304044442573,0.1495304044442573
20,174,0,7000000,141.6871158574413,0,8000000000,576001,584001,519001,65000,0,8000,0.7999999999999999,0,0.7999999999999999
20,195,1,3000000,73.24464758601817,36187752.74732683,10000000000,585561,587561,582001,5560,83,2000,0,0.024870292617617227,0.024870292617617227
20,176,0,6000000,97.79002914407994,0,9000000000,584001,593001,525001,68000,0,9000,0.8999999999999999,0,0.8999999999999999
20,198,1,5000000,38.16058830783402,164946160.57994312,2000000000,592761,593161,591001,2160,30,400,0,0.00909387641837839,0.00909387641837839
20,178,0,6000000,77.0409358717818,0,4000000000,593001,597001,531001,66000,0,4000,0.39999999999999997,0,0.39999999999999997
20,200,1,7000000,25.385210261094986,276416261.455508,3000000000,597026,597626,597001,625,25,600,0,0.007597237546525519,0.007597237546525519
20,179,0,2000000,70.49804039829756,0,7000000000,597001,604001,534001,70000,0,7000,0.7,0,0.7
20,180,0,4000000,65.16721952024649,0,5000000000,604001,609001,537001,72000,0,5000,0.49999999999999994,0,0.49999999999999994
20,204,1,10000000,65.24926129850056,51231043.54481138,8000000000,609196,610796,609001,1795,195,1600,0,0.058558245009706356,0.058558245009706356
20,182,0,9000000,79.64727365076594,0,8000000000,609001,617001,543001,74000,0,8000,0.7999999999999999,0,0.7999999999999999
20,208,1,4000000,46.393165444923035,116778236.0288949,2000000000,621035,621435,621001,434,34,400,0,0.010275887364004019,0.010275887364004019
20,183,0,4000000,93.20848942022398,0,8000000000,617001,625001,546001,79000,0,8000,0.7999999999999999,0,0.7999999999999999
20,185,0,3000000,135.2867805811048,0,4000000000,625001,629001,552001,77000,0,4000,0.39999999999999997,0,0.39999999999999997
20,211,1,10000000,28.185877669499725,247027390.4722236,8000000000,630041,631641,630001,1640,40,1600,0,0.012144402263510644,0.012144402263510644
20,188,0,8000000,205.76981800059994,0,5000000000,629001,634001,561001,73000,0,5000,0.49999999999999994,0,0.49999999999999994
20,213,1,3000000,36.67468063937294,175321229.89549252,3000000000,637041,637641,636001,1640,17,600,0,0.0051334342140793915,0.0051334342140793915
20,214,1,6000000,58.582179030828144,68702890.27005567,6000000000,639088,640288,639001,1287,87,1200,0,0.026199771114790125,0.026199771114790125
20,189,0,7000000,205.4569884428369,0,8000000000,634001,642001,564001,78000,0,8000,0.7999999999999999,0,0.7999999999999999
20,191,0,7000000,151.88450118428804,0,3000000000,642001,645001,570001,75000,0,3000,0.3,0,0.3
20,216,1,9000000,71.27629409558276,39391482.93851954,6000000000,645229,646429,645001,1428,228,1200,0,0.06854273560134913,0.06854273560134913
20,194,0,8000000,90.71310434551339,0,6000000000,645001,651001,579001,72000,0,6000,0.6,0,0.6
20,218,1,9000000,104.82912000012207,10411189.833771588,2000000000,651865,652265,651001,1264,864,400,0,0.259336352819329,0.259336352819329
20,196,0,8000000,65.53001907522992,0,4000000000,651001,655001,585001,70000,0,4000,0.39999999999999997,0,0.39999999999999997
20,219,1,4000000,120.7914078070125,6088959.991169037,5000000000,654658,655658,654001,1657,657,1000,0,0.1970779906158668,0.1970779906158668
20,197,0,8000000,61.549654751265635,0,4000000000,655001,659001,588001,71000,0,4000,0.39999999999999997,0,0.39999999999999997
20,199,0,2000000,19.112990346881816,0,2000000000,659001,661001,594001,67000,0,2000,0.19999999999999998,0,0.19999999999999998
20,201,0,7000000,47.95086756253737,0,9000000000,661001,670001,600001,70000,0,9000,0.8999999999999999,0,0.8999999999999999
20,202,0,8000000,71.60357882117346,0,5000000000,670001,675001,603001,72000,0,5000,0.49999999999999994,0,0.49999999999999994
20,225,1,5000000,157.3014818747745,2175944.669552348,8000000000,676040,677640,672001,5639,2298,1600,0,0.6893557639535896,0.6893557639535896
20,228,1,2000000,104.55057436475417,10514844.653368926,10000000000,681191,683191,681001,2190,190,2000,0,0.05706218396747895,0.05706218396747895
20,203,0,4000000,80.91089234460335,0,10000000000,675001,685001,606001,79000,0,10000,0.9999999999999999,0,0.9999999999999999
20,229,1,6000000,91.78004412725016,16913853.801204156,5000000000,684356,685356,684001,1355,355,1000,0,0.10642163643816359,0.10642163643816359
20,230,1,5000000,84.48810389634738,22602124.67416782,8000000000,687222,688822,687001,1821,221,1600,0,0.06636544225925646,0.06636544225925646
20,205,0,5000000,42.405689476767144,0,7000000000,685001,692001,612001,80000,0,7000,0.7,0,0.7
20,231,1,5000000,140.44013279686118,3395619.04312294,4000000000,691779,692579,690001,2578,1472,800,0,0.4417456672702762,0.4417456672702762
20,206,0,10000000,23.325784016834245,0,6000000000,692001,698001,615001,83000,0,6000,0.6,0,0.6
20,236,1,2000000,47.50802037551136,111336621.87526916,4000000000,705019,705819,705001,818,18,800,0,0.005389062375829781,0.005389062375829781
20,207,0,3000000,25.75258627788678,0,9000000000,698001,707001,618001,89000,0,9000,0.8999999999999999,0,0.8999999999999999
20,238,1,7000000,11.71134492703555,498124726.90075076,2000000000,711015,711415,711001,414,14,400,0,0.004215811596155547,0.004215811596155547
20,209,0,5000000,62.38384486387486,0,8000000000,707001,715001,624001,91000,0,8000,0.7999999999999999,0,0.7999999999999999
20,241,1,6000000,74.74377365372989,33937862.395839244,7000000000,720178,721578,720001,1577,177,1400,0,0.05303810767470961,0.05303810767470961
20,210,0,6000000,48.54748809155836,0,7000000000,715001,722001,627001,95000,0,7000,0.7,0,0.7
20,242,1,7000000,101.44738981363695,11757327.106618116,7000000000,723596,724996,723001,1995,595,1400,0,0.17861202473629614,0.17861202473629614
20,212,0,2000000,21.408769231322005,0,7000000000,722001,729001,633001,96000,0,7000,0.7,0,0.7
20,243,1,8000000,128.73978600261844,4762969.776980406,10000000000,728713,730713,726001,4712,1680,2000,0,0.503887304009209,0.503887304009209
20,244,1,6000000,147.35357817168875,2813240.4293358717,8000000000,731134,732734,729001,3733,2133,1600,0,0.6398315555364495,0.6398315555364495
20,215,0,3000000,69.53580157012645,0,9000000000,729001,738001,642001,96000,0,9000,0.8999999999999999,0,0.8999999999999999
20,217,0,10000000,85.00484809703497,0,3000000000,738001,741001,648001,93000,0,3000,0.3,0,0.3
20,247,1,3000000,192.53070222694348,977685.9716273007,8000000000,741937,743537,738001,5536,3068,1600,0,0.9205409774899429,0.9205409774899429
20,220,0,2000000,140.63767098469742,0,3000000000,741001,744001,657001,87000,0,3000,0.3,0,0.3
20,221,0,10000000,161.83081041631107,0,2000000000,744001,746001,660001,86000,0,2000,0.19999999999999998,0,0.19999999999999998
20,248,1,6000000,168.23376979667302,1669010.9938720912,3000000000,746537,747137,741001,6136,3595,600,0,1.0784830097637736,1.0784830097637736
20,249,1,8000000,146.06131589164866,2912119.1214086176,7000000000,747137,748537,744001,4536,2747,1400,0,0.824142110930922,0.824142110930922
20,222,0,7000000,182.84433433934998,0,4000000000,746001,750001,663001,87000,0,4000,0.39999999999999997,0,0.39999999999999997
20,251,1,6000000,114.65531823687907,7430352.63049762,7000000000,750808,752208,750001,2207,807,1400,0,0.24224960637964388,0.24224960637964388
20,252,1,9000000,106.10054712394282,9953328.698699577,6000000000,753905,755105,753001,2104,904,1200,0,0.27126603387997833,0.27126603387997833
20,223,0,9000000,163.92760902300748,0,6000000000,750001,756001,666001,90000,0,6000,0.6,0,0.6
20,253,1,7000000,105.66755273024927,10106493.254113613,8000000000,756694,758294,756001,2293,693,1600,0,0.2077872064224892,0.2077872064224892
20,254,1,8000000,113.44943278835736,7734720.728676722,3000000000,760035,760635,759001,1634,1034,600,0,0.31028916029274645,0.31028916029274645
20,224,0,10000000,163.11698930522232,0,9000000000,756001,765001,669001,96000,0,9000,0.8999999999999999,0,0.8999999999999999
20,226,0,3000000,140.05857703118363,0,5000000000,765001,770001,675001,95000,0,5000,0.49999999999999994,0,0.49999999999999994
20,258,1,2000000,190.52766544520514,1019159.2347658688,6000000000,772963,774163,771001,3162,1962,1200,0,0.5887205644933766,0.5887205644933766
20,227,0,7000000,121.08684486764032,0,5000000000,770001,775001,678001,97000,0,5000,0.49999999999999994,0,0.49999999999999994
20,257,1,9000000,166.25169172071602,1749063.9017000566,5000000000,774163,775163,768001,7162,5146,1000,0,1.5436828793823094,1.5436828793823094
20,232,0,8000000,120.44706721211602,0,3000000000,775001,778001,693001,85000,0,3000,0.3,0,0.3
20,233,0,7000000,100.9576941099588,0,2000000000,778001,780001,696001,84000,0,2000,0.19999999999999998,0,0.19999999999999998
20,234,0,5000000,87.62428031088187,0,2000000000,780001,782001,699001,83000,0,2000,0.19999999999999998,0,0.19999999999999998
20,263,1,9000000,107.39543053594039,9511634.402512422,7000000000,786947,788347,786001,2346,946,1400,0,0.2838628868332888,0.2838628868332888
20,235,0,5000000,76.02738980130779,0,7000000000,782001,789001,702001,87000,0,7000,0.7,0,0.7
20,265,1,7000000,111.53223973363039,8250332.574105122,5000000000,793147,794147,792001,2146,848,1000,0,0.254535193719482,0.254535193719482
20,266,1,4000000,133.37802292731743,4151931.7462411975,8000000000,795964,797564,795001,2563,963,1600,0,0.28902209220717007,0.28902209220717007
20,237,0,3000000,19.083443085564983,0,10000000000,789001,799001,708001,91000,0,10000,0.9999999999999999,0,0.9999999999999999
20,267,1,3000000,162.088198213195,1933335.9082170953,2000000000,799837,800237,798001,2236,1552,400,0,0.46551662138731587,0.46551662138731587
20,239,0,7000000,37.73022395904908,0,10000000000,799001,809001,714001,95000,0,10000,0.9999999999999999,0,0.9999999999999999
20,270,1,3000000,169.2042233515465,1631475.4127361344,3000000000,808840,809440,807001,2439,1839,600,0,0.5516479089872505,0.5516479089872505
20,240,0,6000000,51.75936340412238,0,3000000000,809001,812001,717001,95000,0,3000,0.3,0,0.3
20,245,0,4000000,160.7959116395688,0,4000000000,812001,816001,732001,84000,0,4000,0.39999999999999997,0,0.39999999999999997
20,272,1,4000000,176.37394195288593,1384312.90668585,9000000000,815891,817691,813001,4690,2890,1800,0,0.8668560368138812,0.8668560368138812
20,271,1,7000000,190.69996670162269,1015506.6705507194,4000000000,817691,818491,810001,8490,6893,800,0,2.0679332405183994,2.0679332405183994
20,273,1,3000000,149.59777137377415,2651184.8880191194,4000000000,818491,819291,816001,3290,1132,800,0,0.3394708547363708,0.3394708547363708
20,274,1,4000000,119.72560628370188,6299363.520200679,8000000000,819636,821236,819001,2235,635,1600,0,0.19049543595188034,0.19049543595188034
20,246,0,6000000,178.0440105704204,0,6000000000,816001,822001,735001,87000,0,6000,0.6,0,0.6
20,276,1,2000000,63.287044487793935,55845013.01644361,7000000000,825037,826437,825001,1436,36,1400,0,0.010744021132618046,0.010744021132618046
20,277,1,5000000,34.00161466754182,195480195.32283568,2000000000,828027,828427,828001,426,26,400,0,0.007673411608386972,0.007673411608386972
20,250,0,6000000,129.0151812772434,0,8000000000,822001,830001,747001,83000,0,8000,0.7999999999999999,0,0.7999999999999999
20,255,0,3000000,125.67276634179728,0,5000000000,830001,835001,762001,73000,0,5000,0.49999999999999994,0,0.49999999999999994
20,256,0,10000000,144.14360374293412,0,2000000000,835001,837001,765001,72000,0,2000,0.19999999999999998,0,0.19999999999999998
20,259,0,7000000,177.43628997473994,0,2000000000,837001,839001,774001,65000,0,2000,0.19999999999999998,0,0.19999999999999998
20,260,0,8000000,157.23219295042608,0,7000000000,839001,846001,777001,69000,0,7000,0.7,0,0.7
20,282,1,7000000,111.8205795012707,8170187.64645923,8000000000,845468,847068,843001,4067,857,1600,0,0.25703204025064114,0.25703204025064114
20,283,1,5000000,142.27547715611433,3227553.731557671,6000000000,847550,848750,846001,2749,1549,1200,0,0.4647482659494177,0.4647482659494177
20,261,0,7000000,136.1694268182106,0,7000000000,846001,853001,780001,73000,0,7000,0.7,0,0.7
20,285,1,4000000,174.60255038228965,1440784.6407179756,4000000000,854777,855577,852001,3576,2776,800,0,0.8328795061293913,0.8328795061293913
20,286,1,3000000,194.04773356058556,947666.7268672981,10000000000,858167,860167,855001,5166,3166,2000,0,0.9497009597193836,0.9497009597193836
20,262,0,7000000,118.90188097755227,0,10000000000,853001,863001,783001,80000,0,10000,0.9999999999999999,0,0.9999999999999999
20,290,1,4000000,105.62759724617423,10120768.85803955,8000000000,868349,869949,867001,2948,395,1600,0,0.11856806699490682,0.11856806699490682
20,264,0,6000000,103.57000048276521,0,7000000000,863001,870001,789001,81000,0,7000,0.7,0,0.7
20,291,1,8000000,75.26201233025856,33196080.462954126,2000000000,871549,871949,870001,1948,241,400,0,0.0722976919723499,0.0722976919723499
20,292,1,7000000,45.840424299956055,119564488.8148622,7000000000,873060,874460,873001,1459,59,1400,0,0.017563743389157234,0.017563743389157234
20,268,0,5000000,120.86853395321702,0,6000000000,870001,876001,801001,75000,0,6000,0.6,0,0.6
20,293,1,4000000,44.07713806498788,128857694.19183013,3000000000,876032,876632,876001,631,31,600,0,0.00931259873557541,0.00931259873557541
20,269,0,9000000,139.39816533943338,0,4000000000,876001,880001,804001,76000,0,4000,0.39999999999999997,0,0.39999999999999997
20,275,0,8000000,93.58409373392466,0,3000000000,880001,883001,822001,61000,0,3000,0.3,0,0.3
20,295,1,3000000,82.03660463476047,24987657.90148616,9000000000,882121,883921,882001,1920,120,1800,0,0.03601778140025168,0.03601778140025168
20,297,1,8000000,132.90497244271936,4209659.15365348,8000000000,889901,891501,888001,3500,1900,1600,0,0.5701174162561563,0.5701174162561563
20,278,0,10000000,12.318222274338162,0,9000000000,883001,892001,831001,61000,0,9000,0.8999999999999999,0,0.8999999999999999
20,279,0,9000000,26.712742277796906,0,5000000000,892001,897001,834001,63000,0,5000,0.49999999999999994,0,0.49999999999999994
20,301,1,7000000,147.09860128498846,2832417.80763107,4000000000,902472,903272,900001,3271,2471,800,0,0.7414160419208644,0.7414160419208644
20,280,0,10000000,56.124793095387,0,8000000000,897001,905001,837001,68000,0,8000,0.7999999999999999,0,0.7999999999999999
20,302,1,7000000,166.8653019653877,1723781.5479340956,7000000000,907062,908462,903001,5461,4061,1400,0,1.2182518153282194,1.2182518153282194
20,281,0,3000000,81.49552748464181,0,8000000000,905001,913001,840001,73000,0,8000,0.7999999999999999,0,0.7999999999999999
20,304,1,5000000,209.52991600246497,698325.3298803575,5000000000,916161,917161,909001,8160,7160,1000,0,2.147995978116663,2.147995978116663
20,305,1,2000000,234.2294825593055,447950.9015161754,3000000000,917161,917761,912001,5760,4465,600,0,1.3394325091638064,1.3394325091638064
20,284,0,6000000,169.02552381223373,0,5000000000,913001,918001,849001,69000,0,5000,0.49999999999999994,0,0.49999999999999994
20,287,0,2000000,192.15609540162916,0,4000000000,918001,922001,858001,64000,0,4000,0.39999999999999997,0,0.39999999999999997
20,288,0,6000000,161.61646512654585,0,8000000000,922001,930001,861001,69000,0,8000,0.7999999999999999,0,0.7999999999999999
20,309,1,4000000,215.51423247665105,624254.1576937074,4000000000,930409,931209,924001,7208,6408,800,0,1.9222939650628397,1.9222939650628397
20,308,1,4000000,238.52242179719707,416652.6240578871,4000000000,931209,932009,921001,11008,9600,800,0,2.8800970657832208,2.8800970657832208
20,289,0,7000000,136.07839652200494,0,3000000000,930001,933001,864001,69000,0,3000,0.3,0,0.3
20,310,1,8000000,196.5149157188838,901255.366793253,2000000000,935878,936278,927001,9277,8877,400,0,2.6629522424253786,2.6629522424253786
20,312,1,7000000,175.96439440977824,1397121.1802648494,2000000000,939693,940093,933001,7092,5010,400,0,1.503090805338666,1.503090805338666
20,306,1,8000000,218.8591227250991,587108.8495986699,6000000000,939676,940876,915001,25875,13626,1200,0,4.08782800947485,4.08782800947485
20,294,0,2000000,58.29886619823749,0,8000000000,933001,941001,879001,62000,0,8000,0.7999999999999999,0,0.7999999999999999
20,311,1,10000000,182.91312145387494,1198268.7382832724,7000000000,940493,941893,930001,11892,8345,1400,0,2.5036120063501115,2.5036120063501115
20,307,1,6000000,223.9032748755587,536153.3824572533,6000000000,940876,942076,918001,24075,11191,1200,0,3.35724824070006,3.35724824070006
20,314,1,2000000,183.67601095407096,1178645.364758681,4000000000,944293,945093,939001,6092,1697,800,0,0.5090589739203238,0.5090589739203238
20,296,0,7000000,109.51162541027323,0,9000000000,941001,950001,885001,65000,0,9000,0.8999999999999999,0,0.8999999999999999
20,317,1,3000000,112.58141409664387,7963187.335630176,10000000000,949071,951071,948001,3070,377,2000,0,0.11302007124371859,0.11302007124371859
20,320,1,3000000,66.4304184843058,48645433.72554033,5000000000,957871,958871,957001,1870,62,1000,0,0.018501222644613253,0.018501222644613253
20,298,0,5000000,150.39523296966564,0,10000000000,950001,960001,891001,69000,0,10000,0.9999999999999999,0,0.9999999999999999
20,321,1,6000000,70.2220706046183,41231997.54494628,6000000000,960147,961347,960001,1346,146,1200,0,0.04365541587059543,0.04365541587059543
20,299,0,5000000,171.8315017684476,0,9000000000,960001,969001,894001,75000,0,9000,0.8999999999999999,0,0.8999999999999999
20,300,0,10000000,134.96690631410354,0,2000000000,969001,971001,897001,74000,0,2000,0.19999999999999998,0,0.19999999999999998
20,324,1,2000000,148.9353017252794,2697793.7144557913,7000000000,970038,971438,969001,2437,741,1400,0,0.22240395801390403,0.22240395801390403
20,303,0,8000000,186.055220297631,0,8000000000,971001,979001,906001,73000,0,8000,0.7999999999999999,0,0.7999999999999999
20,313,0,6000000,176.3282308650546,0,4000000000,979001,983001,936001,47000,0,4000,0.39999999999999997,0,0.39999999999999997
20,315,0,7000000,172.41774966632642,0,2000000000,983001,985001,942001,43000,0,2000,0.19999999999999998,0,0.19999999999999998
20,316,0,7000000,141.27663996570695,0,4000000000,985001,989001,945001,44000,0,4000,0.39999999999999997,0,0.39999999999999997
20,330,1,2000000,223.93095453733045,535889.3222395461,2000000000,990733,991133,987001,4132,3732,400,0,1.1196341764984747,1.1196341764984747
20,318,0,8000000,97.1397308005329,0,6000000000,989001,995001,951001,44000,0,6000,0.6,0,0.6
20,332,1,2000000,196.02057851154308,910323.8460978654,2000000000,995198,995598,993001,2597,2197,400,0,0.6591061000674878,0.6591061000674878
20,331,1,4000000,207.3052852678871,728633.3840049191,5000000000,995598,996598,990001,6597,5490,1000,0,1.6469187747124947,1.6469187747124947
20,328,1,7000000,236.95236166790994,427772.91951476474,3000000000,997365,997965,981001,16964,16364,600,0,4.9091466621638675,4.9091466621638675
