vehicle_id,task_id,execution_location,size,distance,transfer_rate,execution_cycles,start_time,end_time,release_time,response_time,transmission_time,execution_time,execution_energy,transfer_energy,total_energy
1,1,0,6000000,180.12362227092814,0,6000000000,1,6001,1,6000,0,6000,0.6,0,0.6
1,2,1,4000000,178.2195253051696,1328372.1139348727,2000000000,6012,6412,3001,3411,3011,400,0,0.9033613303168404,0.9033613303168404
1,4,0,8000000,174.2800496327678,0,4000000000,9001,13001,9001,4000,0,4000,0.39999999999999997,0,0.39999999999999997
1,3,1,9000000,183.89026211303306,1173206.3323137874,9000000000,15553,17353,6001,11352,7671,1800,0,2.3013854644605294,2.3013854644605294
1,6,1,2000000,134.19435792908735,4054582.2074223715,3000000000,17353,17953,15001,2952,493,600,0,0.14798072139260912,0.14798072139260912
1,5,0,9000000,153.93124861443826,0,6000000000,13001,19001,12001,7000,0,6000,0.6,0,0.6
1,7,1,7000000,115.7584813307431,7164544.909383026,9000000000,18978,20778,18001,2777,977,1800,0,0.29311003372311073,0.29311003372311073
1,10,1,6000000,78.80699524788392,28577460.437299713,8000000000,27211,28811,27001,1810,210,1600,0,0.06298670254305082,0.06298670254305082
1,8,0,4000000,105.52037954821806,0,8000000000,21001,29001,21001,8000,0,8000,0.7999999999999999,0,0.7999999999999999
1,11,1,5000000,69.22982666452369,43048520.651141025,7000000000,30117,31517,30001,1516,116,1400,0,0.034844402950702597,0.034844402950702597
1,9,0,5000000,92.84315914487185,0,6000000000,29001,35001,24001,11000,0,6000,0.6,0,0.6
1,12,1,3000000,67.05641281786552,47330635.66949557,10000000000,33064,35064,33001,2063,63,2000,0,0.019015168236585653,0.019015168236585653
1,13,0,6000000,66.61727403609366,0,3000000000,36001,39001,36001,3000,0,3000,0.3,0,0.3
1,14,1,8000000,72.3964867932139,37532255.61956763,10000000000,39214,41214,39001,2213,213,2000,0,0.06394499771947487,0.06394499771947487
1,15,1,2000000,83.9798862823712,23074554.17041278,3000000000,42088,42688,42001,687,87,600,0,0.026002669242006275,0.026002669242006275
1,16,1,8000000,99.35792670944781,12693042.093320874,10000000000,45631,47631,45001,2630,630,2000,0,0.18907996856505258,0.18907996856505258
1,17,1,3000000,116.67081211682725,6953396.473790331,2000000000,48432,48832,48001,831,431,400,0,0.12943314873420494,0.12943314873420494
1,18,0,5000000,135.67610290688629,0,8000000000,51001,59001,51001,8000,0,8000,0.7999999999999999,0,0.7999999999999999
1,20,1,3000000,176.06610690306067,1393926.5036305662,7000000000,59153,60553,57001,3552,2152,1400,0,0.6456581445692404,0.6456581445692404
1,19,0,9000000,155.56204324963076,0,4000000000,59001,63001,54001,9000,0,4000,0.39999999999999997,0,0.39999999999999997
1,21,1,2000000,196.22274893599877,906601.4149585579,4000000000,62207,63007,60001,3006,2206,800,0,0.6618123357191394,0.6618123357191394
1,22,0,6000000,198.36412679716057,0,2000000000,63001,65001,63001,2000,0,2000,0.19999999999999998,0,0.19999999999999998
1,23,1,3000000,193.24822638254668,963342.1712538899,9000000000,70850,72650,66001,6649,3114,1800,0,0.934247484285419,0.934247484285419
1,26,0,10000000,201.5371402496324,0,2000000000,75001,77001,75001,2000,0,2000,0.19999999999999998,0,0.19999999999999998
1,25,1,3000000,194.85996253720256,932065.7250025843,10000000000,75220,77220,72001,5219,3219,2000,0,0.96559714176541,0.96559714176541
1,24,1,10000000,192.04401578804794,987566.6976269817,10000000000,79127,81127,69001,12126,10126,2000,0,3.0377695068178006,3.0377695068178006
1,27,0,2000000,211.68817161098065,0,6000000000,78001,84001,78001,6000,0,6000,0.6,0,0.6
1,28,1,3000000,224.82935239865807,527406.1130428048,8000000000,86689,88289,81001,7288,5688,1600,0,1.7064648621677148,1.7064648621677148
1,29,0,4000000,240.4917597340915,0,10000000000,84001,94001,84001,10000,0,10000,0.9999999999999999,0,0.9999999999999999
1,33,1,3000000,209.20176528891915,702695.8575383634,4000000000,100270,101070,96001,5069,4269,800,0,1.280781707114112,1.280781707114112
1,31,0,10000000,233.35631660617204,0,10000000000,94001,104001,90001,14000,0,10000,0.9999999999999999,0,0.9999999999999999
1,32,0,5000000,219.02614113388384,0,2000000000,104001,106001,93001,13000,0,2000,0.19999999999999998,0,0.19999999999999998
1,34,0,2000000,220.17305579929618,0,8000000000,106001,114001,99001,15000,0,8000,0.7999999999999999,0,0.7999999999999999
1,35,0,9000000,240.65468123433624,0,10000000000,114001,124001,102001,22000,0,10000,0.9999999999999999,0,0.9999999999999999
1,30,1,10000000,249.97665971046177,345547.18335376406,7000000000,129586,130986,87001,43985,28940,1400,0,8.681882372424555,8.681882372424555
1,36,0,5000000,243.55827988389146,0,7000000000,124001,131001,105001,26000,0,7000,0.7,0,0.7
1,37,1,8000000,222.8499192281657,546323.9683476437,9000000000,132986,134786,108001,26785,14643,1800,0,4.392997816403328,4.392997816403328
1,42,1,2000000,88.23129433483335,19444915.924015187,5000000000,134786,135786,123001,12785,103,1000,0,0.030856394666071964,0.030856394666071964
1,38,1,10000000,206.75429209571445,736391.9508995486,2000000000,136986,137386,111001,26385,13580,400,0,4.073917424457605,4.073917424457605
1,39,0,2000000,177.13851077617196,0,7000000000,131001,138001,114001,24000,0,7000,0.7,0,0.7
1,43,1,5000000,66.34530880175329,48827119.30823293,8000000000,137386,138986,126001,12985,102,1600,0,0.03072063273958247,0.03072063273958247
1,44,1,8000000,38.68715161394029,161403756.89455852,9000000000,140986,142786,129001,13785,50,1800,0,0.014869542358718865,0.014869542358718865
1,45,1,9000000,8.699522975428026,583854136.1872844,7000000000,143186,144586,132001,12585,15,1400,0,0.0046244427035007155,0.0046244427035007155
1,40,0,6000000,146.23604001750044,0,7000000000,138001,145001,117001,28000,0,7000,0.7,0,0.7
1,46,1,4000000,22.301569451498256,313150139.59597087,9000000000,145786,147586,135001,12585,13,1800,0,0.003832027670651052,0.003832027670651052
1,47,1,8000000,52.5495290178704,89513905.10922478,9000000000,149386,151186,138001,13185,89,1800,0,0.02681147691044785,0.02681147691044785
1,41,0,4000000,118.07586925362858,0,10000000000,145001,155001,120001,35000,0,10000,0.9999999999999999,0,0.9999999999999999
1,48,0,7000000,82.88216032416142,0,2000000000,155001,157001,141001,16000,0,2000,0.19999999999999998,0,0.19999999999999998
1,52,1,5000000,144.1366969234414,3067473.4781364095,6000000000,161386,162586,153001,9585,1630,1200,0,0.48900178296286334,0.48900178296286334
1,53,1,9000000,124.8780048687518,5357646.644370048,6000000000,162586,163786,156001,7785,1680,1200,0,0.5039526081544083,0.5039526081544083
1,54,1,10000000,127.83488921260896,4894746.959842024,7000000000,165186,166586,159001,7585,2043,1400,0,0.6129019588985707,0.6129019588985707
1,49,0,10000000,113.2194881634783,0,10000000000,157001,167001,144001,23000,0,10000,0.9999999999999999,0,0.9999999999999999
1,50,0,5000000,125.02979844820993,0,10000000000,167001,177001,147001,30000,0,10000,0.9999999999999999,0,0.9999999999999999
1,51,0,10000000,131.4272422293034,0,2000000000,177001,179001,150001,29000,0,2000,0.19999999999999998,0,0.19999999999999998
1,55,0,2000000,137.6231404960663,0,9000000000,179001,188001,162001,26000,0,9000,0.8999999999999999,0,0.8999999999999999
1,59,1,8000000,213.49964871165477,648044.5866694743,8000000000,187053,188653,174001,14652,12345,1600,0,3.703448882019726,3.703448882019726
1,61,1,5000000,234.13914345961035,448640.4957724106,5000000000,191146,192146,180001,12145,11145,1000,0,3.3434342511089996,3.3434342511089996
1,64,1,7000000,172.2073198211969,1521774.6089535905,7000000000,194414,195814,189001,6813,4600,1400,0,1.3799678268019016,1.3799678268019016
1,56,0,6000000,151.1376197377741,0,9000000000,188001,197001,165001,32000,0,9000,0.8999999999999999,0,0.8999999999999999
1,57,0,8000000,168.80238149978808,0,2000000000,197001,199001,168001,31000,0,2000,0.19999999999999998,0,0.19999999999999998
1,67,1,10000000,132.1549155347617,4303225.779931267,7000000000,200325,201725,198001,3724,2324,1400,0,0.6971514285843299,0.6971514285843299
1,69,1,7000000,141.0629735260107,3337400.8073260235,3000000000,206098,206698,204001,2697,2097,600,0,0.6292321843364543,0.6292321843364543
1,58,0,6000000,190.16259700582552,0,8000000000,199001,207001,171001,36000,0,8000,0.7999999999999999,0,0.7999999999999999
1,70,1,6000000,163.5409578668292,1866418.6803755658,7000000000,210216,211616,207001,4615,3215,1400,0,0.9644138364698531,0.9644138364698531
1,60,0,5000000,234.7241855881068,0,8000000000,207001,215001,177001,38000,0,8000,0.7999999999999999,0,0.7999999999999999
1,72,1,7000000,166.15556836892344,1753066.019871476,7000000000,218143,219543,213001,6542,3993,1400,0,1.1979012633842272,1.1979012633842272
1,62,0,4000000,214.07004577941302,0,6000000000,215001,221001,183001,38000,0,6000,0.6,0,0.6
1,74,1,5000000,163.366319968346,1874309.3024219077,2000000000,221669,222069,219001,3068,2668,400,0,0.8002948062316929,0.8002948062316929
1,63,0,2000000,192.23506573983843,0,5000000000,221001,226001,186001,40000,0,5000,0.49999999999999994,0,0.49999999999999994
1,65,0,8000000,156.38601120304847,0,5000000000,226001,231001,192001,39000,0,5000,0.49999999999999994,0,0.49999999999999994
1,66,0,8000000,142.03217945240436,0,5000000000,231001,236001,195001,41000,0,5000,0.49999999999999994,0,0.49999999999999994
1,68,0,10000000,127.80933807824839,0,6000000000,236001,242001,201001,41000,0,6000,0.6,0,0.6
1,71,0,2000000,174.43828392872936,0,2000000000,242001,244001,210001,34000,0,2000,0.19999999999999998,0,0.19999999999999998
1,73,0,10000000,161.04644299083418,0,4000000000,244001,248001,216001,32000,0,4000,0.39999999999999997,0,0.39999999999999997
1,75,0,2000000,171.9222815693184,0,9000000000,248001,257001,222001,35000,0,9000,0.8999999999999999,0,0.8999999999999999
1,76,0,9000000,176.60684075086107,0,6000000000,257001,263001,225001,38000,0,6000,0.6,0,0.6
1,77,0,5000000,187.8779736956943,0,10000000000,263001,273001,228001,45000,0,10000,0.9999999999999999,0,0.9999999999999999
1,93,1,3000000,150.05387965660867,2619672.7017757474,6000000000,277953,279153,276001,3152,1145,1200,0,0.343554368219333,0.343554368219333
1,94,1,2000000,124.8297312341896,5365638.09414659,3000000000,279374,279974,279001,973,373,600,0,0.11182267411112651,0.11182267411112651
1,78,0,5000000,208.29083441188672,0,10000000000,273001,283001,231001,52000,0,10000,0.9999999999999999,0,0.9999999999999999
1,96,1,2000000,95.3646921035244,14739102.19888192,8000000000,285374,286974,285001,1973,136,1600,0,0.04070804258657728,0.04070804258657728
1,97,1,7000000,97.37861828964304,13662042.321799204,5000000000,288974,289974,288001,1973,512,1000,0,0.1537105471155826,0.1537105471155826
1,79,0,3000000,184.02722624655303,0,10000000000,283001,293001,234001,59000,0,10000,0.9999999999999999,0,0.9999999999999999
1,80,0,8000000,163.05261635435352,0,10000000000,293001,303001,237001,66000,0,10000,0.9999999999999999,0,0.9999999999999999
1,101,1,8000000,168.15393245476,1672146.4702880406,4000000000,304785,305585,300001,5584,4784,800,0,1.435280965301192,1.435280965301192
1,83,1,9000000,149.80448925182446,2636845.1596287237,5000000000,308304,309304,246001,63303,3413,1000,0,1.0239509097228026,1.0239509097228026
1,84,1,6000000,149.80448925182446,2636845.1596287237,5000000000,310904,311904,249001,62903,2275,1000,0,0.6826339398152017,0.6826339398152017
1,103,1,4000000,206.1724853126624,744696.482101492,7000000000,311372,312772,306001,6771,5371,1400,0,1.611394747849039,1.611394747849039
1,81,0,5000000,150.31483293407868,0,10000000000,303001,313001,240001,73000,0,10000,0.9999999999999999,0,0.9999999999999999
1,85,1,7000000,149.80448925182446,2636845.1596287237,5000000000,312304,313304,252001,61303,2655,1000,0,0.7964062631177352,0.7964062631177352
1,82,0,5000000,149.80448925182446,0,3000000000,313001,316001,243001,73000,0,3000,0.3,0,0.3
1,105,1,7000000,153.19818569421767,2414584.6092949742,8000000000,314900,316500,312001,4499,2899,1600,0,0.8697148121942065,0.8697148121942065
1,104,1,9000000,181.14287951779946,1245392.789615287,5000000000,316500,317500,309001,8499,7227,1000,0,2.1679907114558246,2.1679907114558246
1,106,1,8000000,125.25435122182382,5295840.900646817,7000000000,317500,318900,315001,3899,1511,1400,0,0.45318581978300587,0.45318581978300587
1,87,1,10000000,149.80448925182446,2636845.1596287237,2000000000,319904,320304,258001,62303,3792,400,0,1.1377232330253362,1.1377232330253362
1,86,0,4000000,149.80448925182446,0,6000000000,316001,322001,255001,67000,0,6000,0.6,0,0.6
1,88,1,7000000,146.43006692616103,2883472.0233555757,8000000000,320704,322304,261001,61303,2428,1600,0,0.7282886683104254,0.7282886683104254
1,89,1,4000000,140.11161158162443,3426830.906144504,2000000000,322304,322704,264001,58703,1167,400,0,0.35017776857572147,0.35017776857572147
1,108,1,4000000,72.39684661641006,37531673.868531056,9000000000,321108,322908,321001,1907,107,1800,0,0.03197299444206661,0.03197299444206661
1,109,1,6000000,44.67966539713566,125611617.75335224,9000000000,324049,325849,324001,1848,48,1800,0,0.014329884704887998,0.014329884704887998
1,90,0,9000000,139.6827011479947,0,4000000000,322001,326001,267001,59000,0,4000,0.39999999999999997,0,0.39999999999999997
1,91,1,10000000,148.11088413752714,2757220.0044884044,5000000000,325304,326304,270001,56303,3627,1000,0,1.088052456864661,1.088052456864661
1,92,1,2000000,163.75523808416025,1856793.120034616,4000000000,326304,327104,273001,54103,1077,800,0,0.3231377763769473,0.3231377763769473
1,95,0,4000000,105.42162207061703,0,3000000000,326001,329001,282001,47000,0,3000,0.3,0,0.3
1,98,0,2000000,110.89331269287611,0,5000000000,329001,334001,291001,43000,0,5000,0.49999999999999994,0,0.49999999999999994
1,113,1,10000000,62.63594894307891,57468380.70912834,8000000000,336175,337775,336001,1774,174,1600,0,0.052202619300938065,0.052202619300938065
1,99,0,2000000,129.6935314501074,0,5000000000,334001,339001,294001,45000,0,5000,0.49999999999999994,0,0.49999999999999994
1,115,1,7000000,117.66398471919955,6732067.593801108,2000000000,343041,343441,342001,1440,1040,400,0,0.3119398269164263,0.3119398269164263
1,100,0,6000000,147.30427726308562,0,6000000000,339001,345001,297001,48000,0,6000,0.6,0,0.6
1,116,1,6000000,131.725290662044,4357970.731226517,6000000000,346378,347578,345001,2577,1377,1200,0,0.4130362756000897,0.4130362756000897
1,102,0,7000000,186.11618951611925,0,4000000000,345001,349001,303001,46000,0,4000,0.39999999999999997,0,0.39999999999999997
1,107,0,5000000,97.97578884602049,0,2000000000,349001,351001,318001,33000,0,2000,0.19999999999999998,0,0.19999999999999998
1,118,1,2000000,145.40675121877936,2963841.2014637645,6000000000,351676,352876,351001,1875,675,1200,0,0.202439995673073,0.202439995673073
1,110,0,4000000,18.256048312819484,0,2000000000,351001,353001,327001,26000,0,2000,0.19999999999999998,0,0.19999999999999998
1,119,1,4000000,159.33459793779875,2068538.7352949756,10000000000,355935,357935,354001,3934,1934,2000,0,0.5801196658900752,0.5801196658900752
1,111,0,9000000,11.973641885408119,0,10000000000,353001,363001,330001,33000,0,10000,0.9999999999999999,0,0.9999999999999999
1,120,1,6000000,175.16604693832656,1422515.0331726247,10000000000,361219,363219,357001,6218,4218,2000,0,1.2653644833443154,1.2653644833443154
1,122,1,6000000,151.33535740202944,2533582.3373451387,9000000000,365369,367169,363001,4168,2368,1800,0,0.710456484270475,0.710456484270475
1,112,0,2000000,35.42965565737266,0,5000000000,363001,368001,333001,35000,0,5000,0.49999999999999994,0,0.49999999999999994
1,121,1,9000000,168.43198864823742,1661257.782076116,6000000000,367169,368369,360001,8368,5418,1200,0,1.6252745534926805,1.6252745534926805
1,114,0,7000000,90.45699364891576,0,2000000000,368001,370001,339001,31000,0,2000,0.19999999999999998,0,0.19999999999999998
1,117,0,5000000,135.88169928286888,0,3000000000,370001,373001,348001,25000,0,3000,0.3,0,0.3
1,124,1,6000000,168.86714097183028,1644393.2769703178,2000000000,372650,373050,369001,4049,3649,400,0,1.0946286543547399,1.0946286543547399
1,125,1,6000000,155.56466597527853,2273217.212694792,10000000000,374640,376640,372001,4639,2639,2000,0,0.7918293025179871,0.7918293025179871
1,126,1,4000000,142.16461620248558,3237410.1511096973,5000000000,376640,377640,375001,2639,1236,1000,0,0.3706666576024271,0.3706666576024271
1,123,0,2000000,137.97281181450205,0,7000000000,373001,380001,366001,14000,0,7000,0.7,0,0.7
1,127,1,6000000,132.8414491038094,4217485.946976986,6000000000,379424,380624,378001,2623,1423,1200,0,0.42679454599966266,0.42679454599966266
1,128,0,8000000,126.75888686794309,0,8000000000,381001,389001,381001,8000,0,8000,0.7999999999999999,0,0.7999999999999999
1,130,1,4000000,129.71933471923145,4625187.782643488,9000000000,387866,389666,387001,2665,865,1800,0,0.2594489254043108,0.2594489254043108
1,129,0,9000000,125.61346424647317,0,7000000000,389001,396001,384001,12000,0,7000,0.7,0,0.7
1,132,1,10000000,149.69770205317118,2644240.8305844464,9000000000,396783,398583,393001,5582,3782,1800,0,1.13454113759257,1.13454113759257
1,133,1,7000000,155.28318518113932,2289485.127228442,3000000000,399983,400583,396001,4582,3057,600,0,0.9172367948693229,0.9172367948693229
1,131,0,4000000,138.54936809671852,0,5000000000,396001,401001,390001,11000,0,5000,0.49999999999999994,0,0.49999999999999994
1,134,1,8000000,156.12633986614816,2241181.379547167,10000000000,403520,405520,399001,6519,3570,2000,0,1.0708637961666996,1.0708637961666996
1,135,1,8000000,161.08991340242255,1981049.0255701027,6000000000,408520,409720,402001,7719,4038,1200,0,1.2114793571599431,1.2114793571599431
1,136,1,9000000,169.80751279021786,1608668.793572612,7000000000,410596,411996,405001,6995,5595,1400,0,1.6784064008624826,1.6784064008624826
1,137,1,6000000,181.62310563361697,1232384.6940811772,2000000000,412870,413270,408001,5269,4869,400,0,1.4605828915637555,1.4605828915637555
1,138,0,7000000,192.66557813994697,0,9000000000,411001,420001,411001,9000,0,9000,0.8999999999999999,0,0.8999999999999999
1,139,0,4000000,207.07638421606651,0,7000000000,420001,427001,414001,13000,0,7000,0.7,0,0.7
1,144,1,2000000,203.05069243910498,791304.5706757203,7000000000,431528,432928,429001,3927,2527,1400,0,0.758241544703376,0.758241544703376
1,143,1,3000000,220.0081400766799,574987.9998841301,6000000000,432025,433225,426001,7224,5218,1200,0,1.5652500577079267,1.5652500577079267
1,140,0,10000000,212.21318455741624,0,9000000000,427001,436001,417001,19000,0,9000,0.8999999999999999,0,0.8999999999999999
1,145,1,5000000,174.77939037541006,1435019.9298289192,4000000000,435485,436285,432001,4284,3484,800,0,1.0452816499759885,1.0452816499759885
1,146,1,10000000,148.05021107718824,2761657.094761435,5000000000,439806,440806,435001,5805,3621,1000,0,1.086304308268639,1.086304308268639
1,148,1,2000000,107.14790945230803,9594215.627887558,10000000000,441209,443209,441001,2208,208,2000,0,0.06253768137709734,0.06253768137709734
1,141,0,10000000,212.21318455741624,0,9000000000,436001,445001,420001,25000,0,9000,0.8999999999999999,0,0.8999999999999999
1,150,1,5000000,91.78397463609865,16911271.28529221,9000000000,447297,449097,447001,2096,296,1800,0,0.08869824004920052,0.08869824004920052
1,151,1,6000000,99.6331711830955,12564845.51559222,10000000000,450479,452479,450001,2478,478,2000,0,0.14325683493412697,0.14325683493412697
1,142,0,10000000,212.21318455741624,0,9000000000,445001,454001,423001,31000,0,9000,0.8999999999999999,0,0.8999999999999999
1,147,0,8000000,123.84001009366887,0,2000000000,454001,456001,438001,18000,0,2000,0.19999999999999998,0,0.19999999999999998
1,153,1,8000000,138.1692429594951,3618771.6109180376,3000000000,458212,458812,456001,2811,2211,600,0,0.6632084745992438,0.6632084745992438
1,149,0,3000000,94.53093091681689,0,3000000000,456001,459001,444001,15000,0,3000,0.3,0,0.3
1,154,1,3000000,163.62535164209729,1862620.304464506,3000000000,460612,461212,459001,2211,1611,600,0,0.48319026580070784,0.48319026580070784
1,152,0,10000000,116.10790886068013,0,3000000000,459001,462001,453001,9000,0,3000,0.3,0,0.3
1,160,0,9000000,145.34274835711616,0,10000000000,477001,487001,477001,10000,0,10000,0.9999999999999999,0,0.9999999999999999
1,155,1,2000000,158.6592969226827,2103469.6589178564,7000000000,488594,489994,462001,27993,951,1400,0,0.2852430019402675,0.2852430019402675
1,163,0,10000000,167.82899034433828,0,6000000000,487001,493001,486001,7000,0,6000,0.6,0,0.6
1,165,0,8000000,207.2652339395105,0,4000000000,493001,497001,492001,5000,0,4000,0.39999999999999997,0,0.39999999999999997
1,156,1,7000000,147.0670554543063,2834801.6520387023,4000000000,498194,498994,465001,33993,2469,800,0,0.7407925695576424,0.7407925695576424
1,166,0,3000000,189.87309024714375,0,5000000000,497001,502001,495001,7000,0,5000,0.49999999999999994,0,0.49999999999999994
1,157,1,2000000,142.03952196483905,3248576.643087532,4000000000,502194,502994,468001,34993,616,800,0,0.18469627345154596,0.18469627345154596
1,167,1,3000000,188.30285207611703,1067824.2680941862,10000000000,502451,504451,498001,6450,2809,2000,0,0.8428353118498488,0.8428353118498488
1,168,1,8000000,188.30285207611703,1067824.2680941862,8000000000,508493,510093,501001,9092,7492,1600,0,2.2475608315995967,2.2475608315995967
1,158,1,6000000,144.2243672199674,3060177.571032889,5000000000,511194,512194,471001,41193,1961,1000,0,0.588201160951733,0.588201160951733
1,169,1,8000000,188.30285207611703,1067824.2680941862,7000000000,511493,512893,504001,8892,7492,1400,0,2.2475608315995967,2.2475608315995967
1,170,1,7000000,188.30285207611703,1067824.2680941862,9000000000,513556,515356,507001,8355,6555,1800,0,1.9666157276496472,1.9666157276496472
1,159,1,2000000,145.34274835711616,2968959.2086826353,9000000000,515194,516994,474001,42993,674,1800,0,0.2020910217443599,0.2020910217443599
1,173,0,6000000,182.45644329537942,0,4000000000,516001,520001,516001,4000,0,4000,0.39999999999999997,0,0.39999999999999997
1,171,1,10000000,188.30285207611703,1067824.2680941862,8000000000,519366,520966,510001,10965,9365,1600,0,2.8094510394994963,2.8094510394994963
1,172,1,9000000,187.645882715289,1082745.0139981455,4000000000,521313,522113,513001,9112,8312,800,0,2.4936619103236293,2.4936619103236293
1,174,1,3000000,185.77896813148683,1126584.7242806484,8000000000,522113,523713,519001,4712,2663,1600,0,0.7988746701449123,0.7988746701449123
1,175,0,5000000,200.80453381335792,0,5000000000,522001,527001,522001,5000,0,5000,0.49999999999999994,0,0.49999999999999994
1,161,1,10000000,146.36535997291165,2888473.6366199083,10000000000,528394,530394,480001,50393,3462,2000,0,1.0386108295973924,1.0386108295973924
1,176,0,4000000,219.62123075877707,0,5000000000,527001,532001,525001,7000,0,5000,0.49999999999999994,0,0.49999999999999994
1,162,1,8000000,153.05033453083334,2423773.141343042,10000000000,531994,533994,483001,50993,3301,2000,0,0.9901916805093942,0.9901916805093942
1,179,1,3000000,196.64671723677466,898856.5233070301,3000000000,537339,537939,534001,3938,3338,600,0,1.0012721459580256,1.0012721459580256
1,177,0,3000000,235.16935216987778,0,8000000000,532001,540001,528001,12000,0,8000,0.7999999999999999,0,0.7999999999999999
1,178,0,8000000,211.86315630614018,0,4000000000,540001,544001,531001,13000,0,4000,0.39999999999999997,0,0.39999999999999997
1,164,1,7000000,187.02922552371328,1096986.9691154517,10000000000,542194,544194,489001,55193,6381,2000,0,1.9143344990627567,1.9143344990627567
1,180,0,9000000,183.5973989467171,0,6000000000,544001,550001,537001,13000,0,6000,0.6,0,0.6
1,181,0,4000000,181.99081570233153,0,7000000000,550001,557001,540001,17000,0,7000,0.7,0,0.7
1,182,0,9000000,181.99081570233153,0,4000000000,557001,561001,543001,18000,0,4000,0.39999999999999997,0,0.39999999999999997
1,187,1,3000000,178.51519067014996,1319673.3119960683,10000000000,560274,562274,558001,4273,2273,2000,0,0.6819869673947618,0.6819869673947618
1,183,0,8000000,180.44215832227238,0,9000000000,561001,570001,546001,24000,0,9000,0.8999999999999999,0,0.8999999999999999
1,184,0,5000000,174.28416910322065,0,10000000000,570001,580001,549001,31000,0,10000,0.9999999999999999,0,0.9999999999999999
1,195,1,3000000,190.48346411171758,1020098.8803949174,2000000000,584942,585342,582001,3341,2941,400,0,0.8822674127939217,0.8822674127939217
1,196,1,4000000,174.84247567453397,1432970.384259001,7000000000,587792,589192,585001,4191,2791,1400,0,0.83742135439912,0.83742135439912
1,185,0,4000000,169.7064527353041,0,10000000000,580001,590001,552001,38000,0,10000,0.9999999999999999,0,0.9999999999999999
1,186,0,7000000,171.21411448826294,0,10000000000,590001,600001,555001,45000,0,10000,0.9999999999999999,0,0.9999999999999999
1,200,1,6000000,166.4312020025091,1741620.2612473615,6000000000,600446,601646,597001,4645,3445,1200,0,1.0335203603515881,1.0335203603515881
1,198,1,10000000,196.92071500987396,893895.0417200942,7000000000,602188,603588,591001,12587,11187,1400,0,3.3560987140360394,3.3560987140360394
1,201,1,9000000,157.1767123336024,2182758.495184028,2000000000,604124,604524,600001,4523,4123,400,0,1.2369668957684499,1.2369668957684499
1,202,1,7000000,150.32233100906865,2601342.01979254,3000000000,605692,606292,603001,3291,2691,600,0,0.8072756231291253,0.8072756231291253
1,188,0,2000000,190.97425192941583,0,9000000000,600001,609001,561001,48000,0,9000,0.8999999999999999,0,0.8999999999999999
1,203,1,6000000,145.01832884156403,2995069.995168497,10000000000,608004,610004,606001,4003,2003,2000,0,0.6009876239632709,0.6009876239632709
1,204,1,3000000,145.0117957271063,2995598.7164575164,8000000000,610004,611604,609001,2603,1001,1600,0,0.3004407750128517,0.3004407750128517
1,189,0,8000000,207.6812273654025,0,8000000000,609001,617001,564001,53000,0,8000,0.7999999999999999,0,0.7999999999999999
1,206,1,6000000,150.5079114199649,2588762.690023484,10000000000,617319,619319,615001,4318,2318,2000,0,0.6953128639163411,0.6953128639163411
1,208,1,3000000,165.29731576767966,1789308.077588302,10000000000,622678,624678,621001,3677,1677,2000,0,0.5029877254078317,0.5029877254078317
1,190,0,8000000,226.15037165567514,0,9000000000,617001,626001,567001,59000,0,9000,0.8999999999999999,0,0.8999999999999999
1,191,0,8000000,246.42671324351184,0,7000000000,626001,633001,570001,63000,0,7000,0.7,0,0.7
1,192,0,10000000,240.3128970737942,0,2000000000,633001,635001,573001,62000,0,2000,0.19999999999999998,0,0.19999999999999998
1,193,0,7000000,220.17412041382158,0,9000000000,635001,644001,576001,68000,0,9000,0.8999999999999999,0,0.8999999999999999
1,216,1,3000000,196.15992302200777,907756.1538538601,6000000000,648306,649506,645001,4505,3305,1200,0,0.9914556857357215,0.9914556857357215
1,214,1,5000000,237.13792273695918,426439.5016445312,9000000000,650726,652526,639001,13525,11725,1800,0,3.5174977792051747,3.5174977792051747
1,194,0,5000000,205.97813597564186,0,9000000000,644001,653001,579001,74000,0,9000,0.8999999999999999,0,0.8999999999999999
1,218,1,9000000,164.28919197561353,1833074.2309797977,9000000000,655911,657711,651001,6710,4910,1800,0,1.4729354405668675,1.4729354405668675
1,219,1,6000000,152.42709798457756,2462984.4616029477,5000000000,657711,658711,654001,4710,2436,1000,0,0.730820688502652,0.730820688502652
1,197,0,4000000,161.6912876440781,0,7000000000,653001,660001,588001,72000,0,7000,0.7,0,0.7
1,220,1,10000000,145.29894424943356,2972468.3076991476,10000000000,660365,662365,657001,5364,3364,2000,0,1.0092622324112055,1.0092622324112055
1,222,1,5000000,146.80887745637182,2854405.005281221,3000000000,664753,665353,663001,2352,1752,600,0,0.5255035628177149,0.5255035628177149
1,199,0,8000000,182.41513780385665,0,6000000000,660001,666001,594001,72000,0,6000,0.6,0,0.6
1,205,0,8000000,150.17325727305777,0,10000000000,666001,676001,612001,64000,0,10000,0.9999999999999999,0,0.9999999999999999
1,225,1,6000000,183.01132560582138,1195720.0187905836,3000000000,677019,677619,672001,5618,5018,600,0,1.5053691263115407,1.5053691263115407
1,207,0,8000000,153.53101641036577,0,5000000000,676001,681001,618001,63000,0,5000,0.49999999999999994,0,0.49999999999999994
1,227,1,2000000,222.90527539742087,545783.5224666867,3000000000,681665,682265,678001,4264,3664,600,0,1.0993369629194376,1.0993369629194376
1,228,1,3000000,238.34586381978602,417884.9880975915,5000000000,688180,689180,681001,8179,7179,1000,0,2.1537026350174058,2.1537026350174058
1,209,0,4000000,180.82440349687315,0,10000000000,681001,691001,624001,67000,0,10000,0.9999999999999999,0,0.9999999999999999
1,229,1,3000000,237.73214549151734,422204.2442434977,4000000000,691107,691907,684001,7906,7106,800,0,2.13166971263544,2.13166971263544
1,230,1,4000000,226.92814215076982,508231.474889258,8000000000,694871,696471,687001,9470,7870,1600,0,2.361128854251847,2.361128854251847
1,210,0,6000000,200.33062297112744,0,8000000000,691001,699001,627001,72000,0,8000,0.7999999999999999,0,0.7999999999999999
1,232,1,6000000,185.3511168026781,1136941.0776135002,4000000000,698278,699078,693001,6077,5277,800,0,1.583195501897333,1.583195501897333
1,234,1,10000000,154.29633048131765,2347670.0875208266,7000000000,703261,704661,699001,5660,4260,1400,0,1.2778626843467786,1.2778626843467786
1,235,1,6000000,144.26035491430068,3057188.8826022632,5000000000,704661,705661,702001,3660,1963,1000,0,0.5887761826700905,0.5887761826700905
1,236,1,7000000,140.49281583056126,3390646.4313420733,2000000000,707066,707466,705001,2465,2065,400,0,0.6193509239383552,0.6193509239383552
1,211,0,10000000,206.0116744264752,0,10000000000,699001,709001,630001,79000,0,10000,0.9999999999999999,0,0.9999999999999999
1,212,0,10000000,224.08631640508526,0,3000000000,709001,712001,633001,79000,0,3000,0.3,0,0.3
1,238,1,5000000,150.48118287679694,2590569.8056665864,5000000000,714605,715605,711001,4604,1930,1000,0,0.5790231927813391,0.5790231927813391
1,239,1,5000000,161.60648811232798,1956179.2631002453,4000000000,716557,717357,714001,3356,2556,800,0,0.7668008900282121,0.7668008900282121
1,213,0,10000000,246.55298862516352,0,10000000000,712001,722001,636001,86000,0,10000,0.9999999999999999,0,0.9999999999999999
1,240,1,10000000,178.90382500103237,1308346.6976553951,5000000000,726571,727571,717001,10570,7643,1000,0,2.2929702084134953,2.2929702084134953
1,215,0,3000000,216.49064668017414,0,10000000000,722001,732001,642001,90000,0,10000,0.9999999999999999,0,0.9999999999999999
1,217,0,6000000,177.9412816071639,0,9000000000,732001,741001,648001,93000,0,9000,0.8999999999999999,0,0.8999999999999999
1,221,0,7000000,143.57461927513512,0,2000000000,741001,743001,660001,83000,0,2000,0.19999999999999998,0,0.19999999999999998
1,246,1,8000000,194.32149778138293,942372.2885848959,7000000000,743818,745218,735001,10217,8489,1400,0,2.546764191892714,2.546764191892714
1,248,1,6000000,162.44300692858403,1916721.6667545906,3000000000,745218,745818,741001,4817,3130,600,0,0.9391034865525234,0.9391034865525234
1,247,1,8000000,179.62488942237374,1287649.8507928525,8000000000,745818,747418,738001,9417,6213,1600,0,1.863860737080219,1.863860737080219
1,223,0,9000000,155.42308354938783,0,6000000000,743001,749001,666001,83000,0,6000,0.6,0,0.6
1,249,1,5000000,149.34694171626012,2668714.2988446644,4000000000,750618,751418,744001,7417,1874,800,0,0.5620684089898187,0.5620684089898187
1,224,0,3000000,168.5071669098974,0,5000000000,749001,754001,669001,85000,0,5000,0.49999999999999994,0,0.49999999999999994
1,250,1,3000000,141.0312447651229,3340336.6718151174,8000000000,753218,754818,747001,7817,898,1600,0,0.26943391892019847,0.26943391892019847
1,252,1,3000000,142.09148954107,3243932.0172507307,9000000000,756818,758618,753001,5617,925,1800,0,0.27744107928709316,0.27744107928709316
1,226,0,9000000,201.97290635132234,0,5000000000,754001,759001,675001,84000,0,5000,0.49999999999999994,0,0.49999999999999994
1,253,1,6000000,148.7761529950281,2709141.349569331,9000000000,759618,761418,756001,5417,2215,1800,0,0.6644171594391499,0.6644171594391499
1,254,1,4000000,150.10936846179854,2615870.6931739408,5000000000,761818,762818,759001,3817,1529,1000,0,0.45873827140285434,0.45873827140285434
1,231,0,9000000,206.66518236026113,0,7000000000,759001,766001,690001,76000,0,7000,0.7,0,0.7
1,255,1,7000000,164.6815183923199,1815885.817331625,3000000000,765856,766456,762001,4455,3855,600,0,1.1564603787069994,1.1564603787069994
1,233,0,3000000,169.53619466060928,0,5000000000,766001,771001,696001,75000,0,5000,0.49999999999999994,0,0.49999999999999994
1,256,1,9000000,182.60819176586796,1206225.8458439838,2000000000,772462,772862,765001,7861,7461,400,0,2.2383867907513104,2.2383867907513104
1,237,0,10000000,142.2414426248553,0,2000000000,771001,773001,708001,65000,0,2000,0.19999999999999998,0,0.19999999999999998
1,241,0,5000000,199.4975250473048,0,3000000000,773001,776001,720001,56000,0,3000,0.3,0,0.3
1,242,0,9000000,219.79369690689492,0,2000000000,776001,778001,723001,55000,0,2000,0.19999999999999998,0,0.19999999999999998
1,257,1,8000000,202.99798668952363,792122.2004836164,10000000000,779106,781106,768001,13105,10099,2000,0,3.0298355462512245,3.0298355462512245
1,258,1,5000000,216.14119297348202,617073.2762545961,5000000000,781106,782106,771001,11105,8103,1000,0,2.4308296238405247,2.4308296238405247
1,260,1,4000000,179.63304289578798,1287418.156738953,9000000000,782106,783906,777001,6905,3107,1800,0,0.9320980861724179,0.9320980861724179
1,243,0,4000000,242.95907145031654,0,9000000000,778001,787001,726001,61000,0,9000,0.8999999999999999,0,0.8999999999999999
1,259,1,10000000,199.14946849037787,854778.3790325457,4000000000,787019,787819,774001,13818,11699,800,0,3.5096816597016134,3.5096816597016134
1,244,0,4000000,233.99057780175679,0,4000000000,787001,791001,729001,62000,0,4000,0.39999999999999997,0,0.39999999999999997
1,245,0,8000000,210.47415922150634,0,5000000000,791001,796001,732001,64000,0,5000,0.49999999999999994,0,0.49999999999999994
1,264,1,10000000,169.0043336722464,1639120.4302121869,6000000000,795102,796302,789001,7301,6101,1200,0,1.8302498978745845,1.8302498978745845
1,266,1,4000000,151.21416765634095,2541572.615369796,6000000000,796575,797775,795001,2774,1574,1200,0,0.47214861882881964,0.47214861882881964
1,251,0,2000000,141.83241695747836,0,6000000000,796001,802001,750001,52000,0,6000,0.6,0,0.6
1,269,1,3000000,174.38977177575526,1447759.0881704462,3000000000,806073,806673,804001,2672,2072,600,0,0.6216503887655389,0.6216503887655389
1,261,0,4000000,163.03694857301517,0,8000000000,802001,810001,780001,30000,0,8000,0.7999999999999999,0,0.7999999999999999
1,271,1,2000000,204.895072659154,763343.1957025519,10000000000,812621,814621,810001,4620,2620,2000,0,0.7860160454404561,0.7860160454404561
1,262,0,7000000,197.3696197493424,0,6000000000,810001,816001,783001,33000,0,6000,0.6,0,0.6
1,263,0,10000000,183.66099912610733,0,2000000000,816001,818001,786001,32000,0,2000,0.19999999999999998,0,0.19999999999999998
1,265,0,9000000,156.90939678680814,0,8000000000,818001,826001,792001,34000,0,8000,0.7999999999999999,0,0.7999999999999999
1,273,1,5000000,240.39858755824667,403833.1277482949,3000000000,828382,828982,816001,12981,12381,600,0,3.714405522805288,3.714405522805288
1,267,0,6000000,149.6474433460191,0,9000000000,826001,835001,798001,37000,0,9000,0.8999999999999999,0,0.8999999999999999
1,277,1,4000000,193.92163494566563,950117.8562730221,2000000000,835853,836253,828001,8252,4210,400,0,1.2630012077735047,1.2630012077735047
1,278,1,3000000,182.79030089148605,1201465.8518812952,7000000000,836253,837653,831001,6652,2497,1400,0,0.7490849603347028,0.7490849603347028
1,275,1,7000000,224.02353916497256,535007.2552811698,10000000000,837653,839653,822001,17652,13084,2000,0,3.925180414415797,3.925180414415797
1,268,0,7000000,160.62804269491673,0,6000000000,835001,841001,801001,40000,0,6000,0.6,0,0.6
1,280,1,2000000,176.48802933910278,1380770.9305521161,4000000000,841253,842053,837001,5052,1448,800,0,0.4345398550359715,0.4345398550359715
1,270,0,5000000,190.52985724027613,0,3000000000,841001,844001,807001,37000,0,3000,0.3,0,0.3
1,274,1,9000000,242.6042235823606,389385.4250976937,5000000000,844853,845853,819001,26852,23113,1000,0,6.934003755591498,6.934003755591498
1,282,1,2000000,192.3577076698514,981183.9547491677,4000000000,845853,846653,843001,3652,2038,800,0,0.6115061269559646,0.6115061269559646
1,281,1,10000000,182.03996539221822,1221229.7734263432,10000000000,848189,850189,840001,10188,8188,2000,0,2.4565401739126047,2.4565401739126047
1,272,0,8000000,220.22347967462505,0,7000000000,844001,851001,813001,38000,0,7000,0.7,0,0.7
1,284,1,3000000,225.23212315298187,523657.31333232217,8000000000,856451,858051,849001,9050,5729,1600,0,1.718681238829265,1.718681238829265
1,276,0,7000000,209.38041575085288,0,8000000000,851001,859001,825001,34000,0,8000,0.7999999999999999,0,0.7999999999999999
1,279,0,2000000,176.79337798684656,0,6000000000,859001,865001,834001,31000,0,6000,0.6,0,0.6
1,285,1,3000000,239.35719124354713,410887.0136037535,4000000000,866170,866970,852001,14969,7301,800,0,2.1903831715351596,2.1903831715351596
1,286,1,3000000,218.87652455208624,586922.9164295398,9000000000,866970,868770,855001,13769,5111,1800,0,1.5334211270451308,1.5334211270451308
1,283,0,9000000,206.98492336399767,0,5000000000,865001,870001,846001,24000,0,5000,0.49999999999999994,0,0.49999999999999994
1,287,1,4000000,201.5535090242787,814945.9758941119,2000000000,872170,872570,858001,14569,4908,400,0,1.4724902453606559,1.4724902453606559
1,288,1,7000000,188.382430178613,1066034.352106228,5000000000,878370,879370,861001,18369,6566,1000,0,1.969917757200698,1.969917757200698
1,289,1,8000000,180.20007602662102,1271431.3751888,9000000000,881170,882970,864001,18969,6292,1800,0,1.8876362868138394,1.8876362868138394
1,290,1,10000000,177.22220656565585,1358245.0047870167,4000000000,887770,888570,867001,21569,7362,800,0,2.2087325846417696,2.2087325846417696
1,291,1,7000000,179.91363539209587,1279476.1612858374,10000000000,890170,892170,870001,22169,5471,2000,0,1.6412966990252944,1.6412966990252944
1,293,1,3000000,187.01539000841615,1097309.1713889642,4000000000,901370,902170,876001,26169,2734,800,0,0.8201881689011931,0.8201881689011931
1,292,1,8000000,186.50980805308873,1109164.392467701,8000000000,903770,905370,873001,32369,7213,1600,0,2.1637910631627926,2.1637910631627926
1,300,1,7000000,199.49825888964546,848851.2133101607,7000000000,905247,906647,897001,9646,8246,1400,0,2.473931788129145,2.473931788129145
1,301,1,6000000,187.60904802274328,1083589.2415119854,5000000000,906647,907647,900001,7646,5537,1000,0,1.6611460607419573,1.6611460607419573
1,294,1,5000000,188.48224133854097,1063794.6179155328,5000000000,907970,908970,879001,29969,4700,1000,0,1.4100466149558042,1.4100466149558042
1,299,1,8000000,215.53055676632027,624065.8707240482,7000000000,907647,909047,894001,15046,12819,1400,0,3.845747881093855,3.845747881093855
1,303,1,4000000,179.32460065479026,1296219.271554306,9000000000,909087,910887,906001,4886,3086,1800,0,0.9257692940802148,0.9257692940802148
1,302,1,8000000,180.7057079895375,1257383.42807585,5000000000,910887,911887,903001,8886,6362,1000,0,1.908725649162304,1.908725649162304
1,295,1,6000000,196.8365883162986,895414.7500178573,3000000000,912770,913370,882001,31369,6701,600,0,2.0102416226269475,2.0102416226269475
1,298,1,9000000,234.7686904167589,443862.3028016738,10000000000,911887,913887,891001,22886,20277,2000,0,6.082967584670987,6.082967584670987
1,304,1,4000000,183.52868685848543,1182403.577055208,2000000000,913887,914287,909001,5286,3383,400,0,1.0148819094311405,1.0148819094311405
1,305,1,5000000,177.10018210041454,1361957.1192209977,5000000000,915672,916672,912001,4671,3671,1000,0,1.1013562606566931,1.1013562606566931
1,297,1,3000000,231.80822353833784,466900.34207099845,10000000000,916970,918970,888001,30969,6425,2000,0,1.927606212511926,1.927606212511926
1,306,1,2000000,179.6923150833112,1285735.399369286,10000000000,917072,919072,915001,4071,1556,2000,0,0.4666590033177343,0.4666590033177343
1,296,1,9000000,212.5944670023188,659101.6238090699,10000000000,919570,921570,885001,36569,13655,2000,0,4.096485128342124,4.096485128342124
1,307,0,5000000,184.32271916397065,0,5000000000,918001,923001,918001,5000,0,5000,0.49999999999999994,0,0.49999999999999994
1,308,1,4000000,184.32271916397065,1162322.6553657383,7000000000,924442,925842,921001,4841,3441,1400,0,1.032415564181192,1.032415564181192
1,310,1,4000000,178.73954486906362,1313119.780738678,8000000000,930047,931647,927001,4646,3046,1600,0,0.9138541796430452,0.9138541796430452
1,309,1,10000000,184.54139183391888,1156867.1173303758,10000000000,932645,934645,924001,10644,8644,2000,0,2.5932105382361437,2.5932105382361437
1,311,1,9000000,173.46542854413383,1478548.6008177984,6000000000,936088,937288,930001,7287,6087,1200,0,1.8261151500238855,1.8261151500238855
1,313,1,6000000,178.12647473073736,1331124.5020118728,7000000000,940508,941908,936001,5907,4507,1400,0,1.3522401528027355,1.3522401528027355
1,312,0,2000000,173.8218032929126,0,9000000000,933001,942001,933001,9000,0,9000,0.8999999999999999,0,0.8999999999999999
1,315,1,2000000,210.82045915897254,681462.2066720416,9000000000,944936,946736,942001,4735,2935,1800,0,0.8804596852555232,0.8804596852555232
1,314,1,9000000,191.93802254894678,989735.0371945024,9000000000,948604,950404,939001,11403,9093,1800,0,2.7280028477656053,2.7280028477656053
1,319,0,10000000,184.36728180455444,0,2000000000,954001,956001,954001,2000,0,2000,0.19999999999999998,0,0.19999999999999998
1,318,1,7000000,196.2561285667278,905988.6422072124,8000000000,958727,960327,951001,9326,7726,1600,0,2.317909852472191,2.317909852472191
1,320,1,4000000,184.10882542670242,1167689.9633276109,3000000000,960427,961027,957001,4026,3426,600,0,1.0276700474330651,1.0276700474330651
1,316,1,8000000,233.46516935080487,453827.2332859839,8000000000,962629,964229,945001,19228,17628,1600,0,5.288356061452168,5.288356061452168
1,317,1,10000000,216.68662279891666,610909.8003405278,3000000000,964370,964970,948001,16969,16369,600,0,4.910708583047395,4.910708583047395
1,321,1,8000000,176.63652227101846,1376177.6482228928,6000000000,965814,967014,960001,7013,5813,1200,0,1.7439608927664285,1.7439608927664285
1,322,1,9000000,151.59684561362087,2516447.4917131355,4000000000,967014,967814,963001,4813,3576,800,0,1.0729411239023734,1.0729411239023734
1,323,1,4000000,121.05349974288231,6038538.017272149,5000000000,967814,968814,966001,2813,662,1000,0,0.1987235977595266,0.1987235977595266
1,324,1,3000000,93.74025069307206,15681269.746969176,7000000000,969414,970814,969001,1813,191,1400,0,0.057393311544427006,0.057393311544427006
1,325,1,4000000,73.42511967984804,35908476.13383813,4000000000,976014,976814,972001,4813,111,800,0,0.0334182936509853,0.0334182936509853
1,326,1,2000000,65.37766744080118,50943167.9890834,9000000000,976814,978614,975001,3613,39,1800,0,0.011777830544982475,0.011777830544982475
1,327,1,8000000,69.95439228525971,41713844.08372641,7000000000,980214,981614,978001,3613,192,1400,0,0.05753485569881339,0.05753485569881339
1,328,0,9000000,89.07630998194746,0,5000000000,981001,986001,981001,5000,0,5000,0.49999999999999994,0,0.49999999999999994
1,330,1,9000000,73.07468234621341,36452932.16529401,4000000000,987248,988048,987001,1047,247,800,0,0.07406811577617363,0.07406811577617363
1,331,1,3000000,93.920809728196,15573121.108068256,9000000000,990194,991994,990001,1993,193,1800,0,0.057791883448059765,0.057791883448059765
1,329,0,7000000,66.42766893396158,0,8000000000,986001,994001,984001,10000,0,8000,0.7999999999999999,0,0.7999999999999999
1,332,1,7000000,107.11639697077192,9604790.97229824,2000000000,994275,994675,993001,1674,729,400,0,0.2186408851641579,0.2186408851641579
1,333,1,7000000,91.93752498300138,16810741.492670733,4000000000,996417,997217,996001,1216,416,800,0,0.12492012924686118,0.12492012924686118
2,1,1,2000000,186.13618938830783,1118027.779437663,7000000000,1790,3190,1,3189,1789,1400,0,0.5366592950863738,0.5366592950863738
2,2,0,10000000,183.10767214947603,0,2000000000,3001,5001,3001,2000,0,2000,0.19999999999999998,0,0.19999999999999998
2,3,1,6000000,177.28988352413114,1356191.6207827418,7000000000,10425,11825,6001,5824,4424,1400,0,1.3272460708473548,1.3272460708473548
2,4,1,6000000,175.22724702511312,1420548.1865823788,8000000000,13225,14825,9001,5824,4224,1600,0,1.267116467432565,1.267116467432565
2,5,1,6000000,178.157256938919,1330213.1961047444,10000000000,17693,19693,12001,7692,4511,2000,0,1.353166548994499,1.353166548994499
2,7,0,10000000,204.14273952310916,0,2000000000,18001,20001,18001,2000,0,2000,0.19999999999999998,0,0.19999999999999998
2,6,1,9000000,185.26381298030117,1139068.8400601756,10000000000,23293,25293,15001,10292,7901,2000,0,2.3703571768826213,2.3703571768826213
2,9,1,2000000,189.1234623202526,1049544.6050093847,3000000000,25907,26507,24001,2506,1906,600,0,0.571676512971676,0.571676512971676
2,8,0,9000000,211.43839764810932,0,7000000000,21001,28001,21001,7000,0,7000,0.7,0,0.7
2,10,1,2000000,167.94608807590603,1680343.569718364,7000000000,30032,31432,27001,4431,1190,1400,0,0.35706983429618727,0.35706983429618727
2,11,0,4000000,146.589252675631,0,8000000000,30001,38001,30001,8000,0,8000,0.7999999999999999,0,0.7999999999999999
2,12,0,8000000,126.09522155894724,0,2000000000,38001,40001,33001,7000,0,2000,0.19999999999999998,0,0.19999999999999998
2,16,1,2000000,71.03915117736135,39797671.89482717,10000000000,45900,47900,45001,2899,50,2000,0,0.015076258771759634,0.015076258771759634
2,17,1,4000000,68.50598878930222,44427277.35212232,7000000000,48091,49491,48001,1490,90,1400,0,0.027010433038446708,0.027010433038446708
2,13,0,8000000,106.88407271431983,0,10000000000,40001,50001,36001,14000,0,10000,0.9999999999999999,0,0.9999999999999999
2,14,0,4000000,91.170367993115,0,8000000000,50001,58001,39001,19000,0,8000,0.7999999999999999,0,0.7999999999999999
2,20,1,3000000,88.20806369034527,19462876.30770105,5000000000,57873,58873,57001,1872,154,1000,0,0.04624188047908874,0.04624188047908874
2,21,1,8000000,103.50153042346767,10916477.141663074,5000000000,61311,62311,60001,2310,733,1000,0,0.21985114509518142,0.21985114509518142
2,15,0,2000000,80.2557026011236,0,10000000000,58001,68001,42001,26000,0,10000,0.9999999999999999,0,0.9999999999999999
2,18,0,2000000,73.96341798483898,0,2000000000,68001,70001,51001,19000,0,2000,0.19999999999999998,0,0.19999999999999998
2,24,1,7000000,136.7228561726239,3770352.86616931,5000000000,70858,71858,69001,2857,1857,1000,0,0.5569770455287932,0.5569770455287932
2,19,0,9000000,85.89955587778084,0,2000000000,70001,72001,54001,18000,0,2000,0.19999999999999998,0,0.19999999999999998
2,22,0,5000000,122.34261440724566,0,6000000000,72001,78001,63001,15000,0,6000,0.6,0,0.6
2,23,0,2000000,136.7228561726239,0,4000000000,78001,82001,66001,16000,0,4000,0.39999999999999997,0,0.39999999999999997
2,26,1,3000000,144.46755829597177,3040051.071159107,9000000000,80904,82704,75001,7703,987,1800,0,0.2960476580601816,0.2960476580601816
2,25,0,7000000,136.7228561726239,0,2000000000,82001,84001,72001,12000,0,2000,0.19999999999999998,0,0.19999999999999998
2,27,1,4000000,156.8697309872112,2199635.995596264,4000000000,86704,87504,78001,9503,1818,800,0,0.5455448094150284,0.5455448094150284
2,28,0,10000000,171.84272926138016,0,10000000000,84001,94001,81001,13000,0,10000,0.9999999999999999,0,0.9999999999999999
2,30,0,3000000,205.53309830779077,0,3000000000,94001,97001,87001,10000,0,3000,0.3,0,0.3
2,31,0,9000000,186.93584273755528,0,4000000000,97001,101001,90001,11000,0,4000,0.39999999999999997,0,0.39999999999999997
2,29,1,2000000,190.2484649083929,1025112.7127155698,8000000000,99904,101504,84001,17503,1951,1600,0,0.5853014917848136,0.5853014917848136
2,35,0,10000000,185.66820837181578,0,3000000000,102001,105001,102001,3000,0,3000,0.3,0,0.3
2,37,0,10000000,173.84507614540018,0,3000000000,108001,111001,108001,3000,0,3000,0.3,0,0.3
2,32,1,3000000,185.66820837181578,1129254.4209699363,4000000000,120986,121786,93001,28785,2657,800,0,0.7969860319227038,0.7969860319227038
2,34,1,2000000,185.66820837181578,1129254.4209699363,8000000000,122186,123786,99001,24785,1771,1600,0,0.5313240212818026,0.5313240212818026
2,40,0,6000000,154.64392972244335,0,8000000000,117001,125001,117001,8000,0,8000,0.7999999999999999,0,0.7999999999999999
2,33,1,9000000,185.66820837181578,1129254.4209699363,10000000000,123786,125786,96001,29785,7970,2000,0,2.390958095768111,2.390958095768111
2,36,1,6000000,183.3665891049948,1186555.9019437665,10000000000,125786,127786,105001,22785,5057,2000,0,1.516995530553019,1.516995530553019
2,41,0,6000000,158.6088679740197,0,4000000000,125001,129001,120001,9000,0,4000,0.39999999999999997,0,0.39999999999999997
2,38,1,4000000,163.36146822307884,1874529.107784827,4000000000,128786,129586,111001,18585,2134,800,0,0.6401607715860261,0.6401607715860261
2,39,1,7000000,156.2660055802285,2233302.3166415654,10000000000,130986,132986,114001,18985,3134,2000,0,0.9403115665764297,0.9403115665764297
2,42,0,5000000,167.666760271677,0,5000000000,129001,134001,123001,11000,0,5000,0.49999999999999994,0,0.49999999999999994
2,43,0,6000000,171.53141111761423,0,5000000000,134001,139001,126001,13000,0,5000,0.49999999999999994,0,0.49999999999999994
2,44,0,9000000,171.98501446347004,0,2000000000,139001,141001,129001,12000,0,2000,0.19999999999999998,0,0.19999999999999998
2,45,0,6000000,164.54777452156566,0,7000000000,141001,148001,132001,16000,0,7000,0.7,0,0.7
2,48,1,6000000,125.37948795556632,5275483.620696156,9000000000,151186,152986,141001,11985,1137,1800,0,0.34120094562296654,0.34120094562296654
2,46,0,2000000,144.94658084963575,0,8000000000,148001,156001,135001,21000,0,8000,0.7999999999999999,0,0.7999999999999999
2,50,1,4000000,139.388672423551,3496769.784357491,8000000000,156586,158186,147001,11185,1144,1600,0,0.3431738644528731,0.3431738644528731
2,47,0,4000000,127.48192067897315,0,9000000000,156001,165001,138001,27000,0,9000,0.8999999999999999,0,0.8999999999999999
2,53,1,6000000,182.61143803168517,1206140.7893735124,3000000000,164586,165186,156001,9185,4975,600,0,1.4923630938100907,1.4923630938100907
2,49,0,6000000,130.40358315629217,0,2000000000,165001,167001,144001,23000,0,2000,0.19999999999999998,0,0.19999999999999998
2,54,1,9000000,200.7401965227692,828157.7057609613,2000000000,171586,171986,159001,12985,10867,400,0,3.2602485990504393,3.2602485990504393
2,51,0,8000000,151.1943851470682,0,10000000000,167001,177001,150001,27000,0,10000,0.9999999999999999,0,0.9999999999999999
2,52,0,8000000,165.90889457771695,0,4000000000,177001,181001,153001,28000,0,4000,0.39999999999999997,0,0.39999999999999997
2,55,0,9000000,219.77517716976138,0,3000000000,181001,184001,162001,22000,0,3000,0.3,0,0.3
2,61,1,8000000,161.23199093232088,1974170.0129261392,9000000000,184053,185853,180001,5852,4052,1800,0,1.215700767555825,1.215700767555825
2,62,1,4000000,147.67171462402675,2789537.0945432847,6000000000,185853,187053,183001,4052,1434,1200,0,0.4301789004159019,0.4301789004159019
2,56,0,8000000,236.24729120140194,0,10000000000,184001,194001,165001,29000,0,10000,0.9999999999999999,0,0.9999999999999999
2,65,1,4000000,127.67297286426758,4918795.255885651,8000000000,192814,194414,192001,2413,813,1600,0,0.24396217723519265,0.24396217723519265
2,66,1,5000000,141.62410035018755,3286001.5099704335,9000000000,196523,198323,195001,3322,1522,1800,0,0.45648183527873565,0.45648183527873565
2,57,0,6000000,231.96740503786302,0,9000000000,194001,203001,168001,35000,0,9000,0.8999999999999999,0,0.8999999999999999
2,68,1,5000000,169.33958928732525,1626323.314131859,5000000000,204075,205075,201001,4074,3074,1000,0,0.9223258296587287,0.9223258296587287
2,58,0,5000000,212.9390985704598,0,5000000000,203001,208001,171001,37000,0,5000,0.49999999999999994,0,0.49999999999999994
2,70,1,2000000,161.13380930146226,1978920.536015263,8000000000,208012,209612,207001,2611,1011,1600,0,0.30319560036915616,0.30319560036915616
2,59,0,9000000,194.0664118285284,0,8000000000,208001,216001,174001,42000,0,8000,0.7999999999999999,0,0.7999999999999999
2,72,1,6000000,133.90637363471538,4088601.3739889003,8000000000,214468,216068,213001,3067,1467,1600,0,0.4402483478705808,0.4402483478705808
2,74,1,9000000,105.20104799858221,10274686.797923746,2000000000,219877,220277,219001,1276,876,400,0,0.2627817327283983,0.2627817327283983
2,60,0,7000000,176.49244743047788,0,7000000000,216001,223001,177001,46000,0,7000,0.7,0,0.7
2,75,1,5000000,122.61111735890837,5749164.880712733,2000000000,222871,223271,222001,1270,870,400,0,0.2609074589306339,0.2609074589306339
2,63,0,2000000,137.10335152723292,0,2000000000,223001,225001,186001,39000,0,2000,0.19999999999999998,0,0.19999999999999998
2,64,0,8000000,130.23757061616283,0,2000000000,225001,227001,189001,38000,0,2000,0.19999999999999998,0,0.19999999999999998
2,67,0,3000000,160.96911287573153,0,4000000000,227001,231001,198001,33000,0,4000,0.39999999999999997,0,0.39999999999999997
2,77,1,3000000,166.53009727974103,1737536.2264265476,8000000000,230930,232530,228001,4529,1727,1600,0,0.5179748118696542,0.5179748118696542
2,79,1,4000000,173.2521702605771,1485767.3109707555,6000000000,236693,237893,234001,3892,2692,1200,0,0.8076634821208687,0.8076634821208687
2,69,0,6000000,170.69777297902866,0,8000000000,231001,239001,204001,35000,0,8000,0.7999999999999999,0,0.7999999999999999
2,80,1,3000000,173.30453485122652,1483990.7416612033,9000000000,239023,240823,237001,3822,2022,1800,0,0.6064727863413254,0.6064727863413254
2,71,0,8000000,152.9613156977933,0,7000000000,239001,246001,210001,36000,0,7000,0.7,0,0.7
2,82,1,8000000,171.33062919396522,1552826.4405946957,8000000000,248153,249753,243001,6752,5152,1600,0,1.5455687366328312,1.5455687366328312
2,73,0,5000000,115.74577746077821,0,10000000000,246001,256001,216001,40000,0,10000,0.9999999999999999,0,0.9999999999999999
2,76,0,4000000,144.70181201353353,0,6000000000,256001,262001,225001,37000,0,6000,0.6,0,0.6
2,85,1,9000000,205.01940420360216,761502.9289215317,6000000000,263820,265020,252001,13019,11819,1200,0,3.5456199805085964,3.5456199805085964
2,88,1,3000000,232.10952263963665,464488.5167622473,10000000000,268206,270206,261001,9205,6459,2000,0,1.937615177816491,1.937615177816491
2,78,0,8000000,169.42026590700416,0,9000000000,262001,271001,231001,40000,0,9000,0.8999999999999999,0,0.8999999999999999
2,89,1,2000000,251.121258757597,339304.8653263763,6000000000,270206,271406,264001,7405,5894,1200,0,1.7683212394342236,1.7683212394342236
2,81,0,6000000,169.60328564034364,0,2000000000,271001,273001,240001,33000,0,2000,0.19999999999999998,0,0.19999999999999998
2,87,1,10000000,216.7924855708795,609722.4364152349,3000000000,274402,275002,258001,17001,16401,600,0,4.920271620047341,4.920271620047341
2,92,1,2000000,205.18956357475886,758993.3022081783,2000000000,275636,276036,273001,3035,2635,400,0,0.7905208099391511,0.7905208099391511
2,83,0,4000000,178.1989037564485,0,6000000000,273001,279001,246001,33000,0,6000,0.6,0,0.6
2,94,1,3000000,175.5180503538026,1411248.4037095283,7000000000,281127,282527,279001,3526,2126,1400,0,0.6377332279946681,0.6377332279946681
2,84,0,4000000,189.68686433171908,0,8000000000,279001,287001,249001,38000,0,8000,0.7999999999999999,0,0.7999999999999999
2,95,1,10000000,162.90697529571898,1895262.175603299,9000000000,287277,289077,282001,7076,5276,1800,0,1.582894461049982,1.582894461049982
2,97,1,8000000,184.61541701602277,1155027.5256157236,4000000000,294927,295727,288001,7726,6926,800,0,2.0778725586826208,2.0778725586826208
2,86,0,6000000,215.98786192747036,0,10000000000,287001,297001,255001,42000,0,10000,0.9999999999999999,0,0.9999999999999999
2,96,1,10000000,198.01784591293787,874366.9280805012,8000000000,296438,298038,285001,13037,11437,1600,0,3.4310538329553517,3.4310538329553517
2,100,1,2000000,147.8089892394911,2779385.442173763,5000000000,298038,299038,297001,2037,720,1000,0,0.21587506032655146,0.21587506032655146
2,90,0,10000000,236.7779195786634,0,9000000000,297001,306001,267001,39000,0,9000,0.8999999999999999,0,0.8999999999999999
2,104,1,5000000,62.057756968810914,58950180.215929694,4000000000,309086,309886,309001,885,85,800,0,0.025445214832348646,0.025445214832348646
2,91,0,6000000,218.07494055943246,0,10000000000,306001,316001,270001,46000,0,10000,0.9999999999999999,0,0.9999999999999999
2,106,1,3000000,20.657039962201775,335004168.7813411,5000000000,315010,316010,315001,1009,9,1000,0,0.002686533732621801,0.002686533732621801
2,107,1,5000000,20.11721899269383,342574939.8554037,3000000000,318016,318616,318001,615,15,600,0,0.004378603994305975,0.004378603994305975
2,93,0,9000000,190.29465625707937,0,4000000000,316001,320001,276001,44000,0,4000,0.39999999999999997,0,0.39999999999999997
2,98,0,6000000,168.0065108857392,0,2000000000,320001,322001,291001,31000,0,2000,0.19999999999999998,0,0.19999999999999998
2,108,1,9000000,43.92860116143014,129669393.15232202,9000000000,321782,323582,321001,2581,69,1800,0,0.020822184282364327,0.020822184282364327
2,109,1,7000000,62.66864287664125,57385730.714899406,3000000000,324123,324723,324001,722,122,600,0,0.036594463010902537,0.036594463010902537
2,99,0,2000000,156.7897579563155,0,3000000000,322001,325001,294001,31000,0,3000,0.3,0,0.3
2,101,0,4000000,127.5380794116016,0,5000000000,325001,330001,300001,30000,0,5000,0.49999999999999994,0,0.49999999999999994
2,102,0,6000000,102.17131936115929,0,3000000000,330001,333001,303001,30000,0,3000,0.3,0,0.3
2,111,1,9000000,119.88674864220813,6266989.8491913695,8000000000,331437,333037,330001,3036,1436,1600,0,0.43082884526267123,0.43082884526267123
2,112,1,7000000,145.081423345651,2989969.7169779153,10000000000,335342,337342,333001,4341,2341,2000,0,0.702348250577787,0.702348250577787
2,103,0,8000000,79.35692849398848,0,10000000000,333001,343001,306001,37000,0,10000,0.9999999999999999,0,0.9999999999999999
2,116,1,2000000,176.6981281734473,1374277.5881491476,2000000000,346456,346856,345001,1855,1455,400,0,0.43659301816023155,0.43659301816023155
2,114,1,5000000,202.93869640854595,793043.2352469704,8000000000,345306,346906,339001,7905,6305,1600,0,1.8914479480212303,1.8914479480212303
2,105,0,9000000,45.192168569343984,0,5000000000,343001,348001,312001,36000,0,5000,0.49999999999999994,0,0.49999999999999994
2,115,1,10000000,187.53447283099715,1085300.9664931893,5000000000,351215,352215,342001,10214,9214,1000,0,2.764210198479378,2.764210198479378
2,110,0,4000000,91.14275944911917,0,6000000000,348001,354001,327001,27000,0,6000,0.6,0,0.6
2,118,1,4000000,193.23398872869132,963624.2341125482,10000000000,355152,357152,351001,6151,4151,2000,0,1.2452986937435655,1.2452986937435655
2,113,0,8000000,173.99524246369495,0,4000000000,354001,358001,336001,22000,0,4000,0.39999999999999997,0,0.39999999999999997
2,120,1,4000000,232.0018484840153,465348.6331893183,7000000000,366097,367497,357001,10496,8596,1400,0,2.5787117752461577,2.5787117752461577
2,117,0,10000000,181.5566371686808,0,10000000000,358001,368001,348001,20000,0,10000,0.9999999999999999,0,0.9999999999999999
2,119,0,8000000,210.56940186076423,0,3000000000,368001,371001,354001,17000,0,3000,0.3,0,0.3
2,122,1,4000000,207.9417776686542,719797.2752614274,4000000000,370668,371468,363001,8467,5557,800,0,1.6671360690607853,1.6671360690607853
2,121,0,10000000,229.67789619377828,0,2000000000,371001,373001,360001,13000,0,2000,0.19999999999999998,0,0.19999999999999998
2,123,1,9000000,190.70615957540545,1015375.6932226998,6000000000,374865,376065,366001,10064,8864,1200,0,2.659114274668594,2.659114274668594
2,125,1,10000000,175.22210962090375,1420713.1623426992,2000000000,379040,379440,372001,7439,7039,400,0,2.111615545993197,2.111615545993197
2,124,0,2000000,179.46966122439753,0,9000000000,373001,382001,369001,13000,0,9000,0.8999999999999999,0,0.8999999999999999
2,128,1,2000000,181.33719447482366,1240108.82567359,8000000000,382614,384214,381001,3213,1613,1600,0,0.4838285056749741,0.4838285056749741
2,127,1,8000000,185.81692334122852,1125671.6781549,6000000000,385108,386308,378001,8307,7107,1200,0,2.1320603925416908,2.1320603925416908
2,129,1,3000000,175.9131322556676,1398734.7162844213,8000000000,386908,388508,384001,4507,2145,1600,0,0.6434386660472309,0.6434386660472309
2,130,1,4000000,176.12641170477525,1392036.6832594383,5000000000,389874,390874,387001,3873,2873,1000,0,0.8620462480846507,0.8620462480846507
2,126,0,2000000,178.41633221204836,0,9000000000,382001,391001,375001,16000,0,9000,0.8999999999999999,0,0.8999999999999999
2,133,0,7000000,148.20915120194167,0,3000000000,396001,399001,396001,3000,0,3000,0.3,0,0.3
2,131,1,9000000,182.69117685318025,1204053.8665560049,7000000000,398282,399682,390001,9681,7475,1400,0,2.242424591619725,2.242424591619725
2,132,1,10000000,176.62231597394478,1376616.264519347,10000000000,401497,403497,393001,10496,7264,2000,0,2.179256541798499,2.179256541798499
2,134,1,9000000,119.07322327038939,6432527.5086453585,8000000000,403497,405097,399001,6096,1399,1600,0,0.4197416950601739,0.4197416950601739
2,135,1,4000000,98.67683112058273,13016998.91519215,3000000000,405497,406097,402001,4096,307,600,0,0.09218714757665679,0.09218714757665679
2,137,1,2000000,70.31411593698667,41067684.9560372,9000000000,408897,410697,408001,2696,49,1800,0,0.014610027340043581,0.014610027340043581
2,136,0,9000000,87.47614303340077,0,10000000000,405001,415001,405001,10000,0,10000,0.9999999999999999,0,0.9999999999999999
2,138,0,10000000,66.05221949336749,0,2000000000,415001,417001,411001,6000,0,2000,0.19999999999999998,0,0.19999999999999998
2,139,0,10000000,77.86260334717821,0,3000000000,417001,420001,414001,6000,0,3000,0.3,0,0.3
2,140,1,2000000,100.22303377966564,12295257.391046787,2000000000,423297,423697,417001,6696,163,400,0,0.04879930374104332,0.04879930374104332
2,142,1,7000000,112.80777455477092,7902829.77835903,10000000000,426497,428497,423001,5496,886,2000,0,0.26572760123855926,0.26572760123855926
2,141,0,8000000,122.03209127110786,0,9000000000,420001,429001,420001,9000,0,9000,0.8999999999999999,0,0.8999999999999999
2,143,1,3000000,105.83280824016725,10047705.441776948,4000000000,428497,429297,426001,3296,299,800,0,0.08957268952749414,0.08957268952749414
2,145,1,10000000,111.93255111896632,8139318.674242262,3000000000,433230,433830,432001,1829,1229,600,0,0.36858121914968367,0.36858121914968367
2,144,0,5000000,105.52132296365511,0,8000000000,429001,437001,429001,8000,0,8000,0.7999999999999999,0,0.7999999999999999
2,146,1,5000000,123.07580306461546,5666132.174880741,7000000000,437669,439069,435001,4068,882,1400,0,0.2647308523175373,0.2647308523175373
2,147,1,4000000,138.73549257489955,3561478.005311098,8000000000,443669,445269,438001,7268,1123,1600,0,0.33693876480789303,0.33693876480789303
2,149,0,4000000,178.9986033465066,0,3000000000,444001,447001,444001,3000,0,3000,0.3,0,0.3
2,148,1,7000000,157.84644753683872,2146490.465094863,5000000000,447069,448069,441001,7068,3261,1000,0,0.9783411732542644,0.9783411732542644
2,151,1,3000000,169.335756708381,1626468.9059932474,7000000000,451845,453245,450001,3244,1844,1400,0,0.5533459611085467,0.5533459611085467
2,150,0,8000000,191.50329318317213,0,10000000000,447001,457001,447001,10000,0,10000,0.9999999999999999,0,0.9999999999999999
2,152,1,10000000,150.4961850014811,2589555.3206637115,7000000000,456863,458263,453001,5262,3862,1400,0,1.1585000621771193,1.1585000621771193
2,153,1,8000000,132.20925610561468,4296361.740761188,3000000000,458263,458863,456001,2862,1862,600,0,0.5586121804480065,0.5586121804480065
2,155,1,9000000,107.32386873384688,9535421.668827713,6000000000,462945,464145,462001,2144,944,1200,0,0.2831547564201153,0.2831547564201153
2,156,1,4000000,103.58205105132832,10885006.476647934,7000000000,465368,466768,465001,1767,367,1400,0,0.11024338869934629,0.11024338869934629
2,154,0,3000000,117.33477660097199,0,8000000000,459001,467001,459001,8000,0,8000,0.7999999999999999,0,0.7999999999999999
2,158,1,6000000,115.29870988003297,7273901.469105392,5000000000,472809,473809,471001,2808,825,1000,0,0.24746004707998606,0.24746004707998606
2,159,1,5000000,129.45836164574308,4661412.925059347,3000000000,475074,475674,474001,1673,1073,600,0,0.3217908441314288,0.3217908441314288
2,157,0,7000000,106.25101270105627,0,10000000000,468001,478001,468001,10000,0,10000,0.9999999999999999,0,0.9999999999999999
2,160,1,7000000,147.2627536072852,2820053.0988592226,7000000000,479483,480883,477001,3882,2482,1400,0,0.7446668294471118,0.7446668294471118
2,161,1,9000000,166.77691596860754,1727395.1916080455,7000000000,485211,486611,480001,6610,5210,1400,0,1.5630470740667914,1.5630470740667914
2,163,0,6000000,204.26668573215755,0,6000000000,486001,492001,486001,6000,0,6000,0.6,0,0.6
2,162,1,8000000,186.02303352004563,1120729.5583330032,7000000000,491347,492747,483001,9746,7138,1400,0,2.1414622128551786,2.1414622128551786
2,165,0,9000000,238.5043976533767,0,8000000000,492001,500001,492001,8000,0,8000,0.7999999999999999,0,0.7999999999999999
2,166,1,2000000,237.6504813796934,422783.1753641209,6000000000,499732,500932,495001,5931,4731,1200,0,1.4191671640747092,1.4191671640747092
2,168,0,2000000,208.72308377369276,0,3000000000,501001,504001,501001,3000,0,3000,0.3,0,0.3
2,164,1,7000000,224.28613376666874,532515.3116557241,10000000000,507732,509732,489001,20731,13145,2000,0,3.943548577918955,3.943548577918955
2,169,1,6000000,188.09698695088122,1072472.0863362288,3000000000,517532,518132,504001,14131,5595,600,0,1.6783653606772617,1.6783653606772617
2,170,1,6000000,172.2198574497146,1521336.1555484694,5000000000,518132,519132,507001,12131,3944,1000,0,1.1831704606738063,1.1831704606738063
2,167,1,7000000,227.4265569365197,503806.3283406763,8000000000,520132,521732,498001,23731,13894,1600,0,4.1682684036870015,4.1682684036870015
2,171,1,8000000,157.05768526245384,2189283.3682884052,6000000000,523732,524932,510001,14931,3654,1200,0,1.0962491355681994,1.0962491355681994
2,172,1,10000000,146.23559963292115,2898535.972761899,8000000000,524932,526532,513001,13531,3450,1600,0,1.0350052675528536,1.0350052675528536
2,173,1,8000000,141.16083947044237,3328365.282024099,5000000000,529332,530332,516001,14331,2404,1000,0,0.7210747008334594,0.7210747008334594
2,174,1,5000000,140.94419072810342,3348408.1559767746,3000000000,530332,530932,519001,11931,1493,600,0,0.44797406114381844,0.44797406114381844
2,177,0,2000000,170.85029353208614,0,3000000000,528001,531001,528001,3000,0,3000,0.3,0,0.3
2,175,1,3000000,146.68197605704663,2864101.959031064,2000000000,534132,534532,522001,12531,1047,400,0,0.3142346232340392,0.3142346232340392
2,176,1,3000000,156.72725512813653,2207524.0744374013,3000000000,537332,537932,525001,12931,1359,600,0,0.40769657301670403,0.40769657301670403
2,178,0,9000000,189.08288896671746,0,8000000000,531001,539001,531001,8000,0,8000,0.7999999999999999,0,0.7999999999999999
2,179,0,2000000,209.68785777912848,0,2000000000,539001,541001,534001,7000,0,2000,0.19999999999999998,0,0.19999999999999998
2,180,0,2000000,222.01885888365433,0,2000000000,541001,543001,537001,6000,0,2000,0.19999999999999998,0,0.19999999999999998
2,181,1,4000000,205.51364382930876,754241.9858991189,9000000000,550932,552732,540001,12731,5303,1800,0,1.591001326410516,1.591001326410516
2,184,0,4000000,176.64394583455163,0,4000000000,549001,553001,549001,4000,0,4000,0.39999999999999997,0,0.39999999999999997
2,182,1,5000000,189.437183520026,1042659.2606953313,2000000000,554732,555132,543001,12131,4795,400,0,1.4386291442898385,1.4386291442898385
2,186,0,9000000,192.96121060980104,0,4000000000,555001,559001,555001,4000,0,4000,0.39999999999999997,0,0.39999999999999997
2,183,1,9000000,179.455159023083,1292484.8070381097,9000000000,560732,562532,546001,16531,6963,1800,0,2.0889994105132943,2.0889994105132943
2,187,0,9000000,210.35290585109587,0,5000000000,559001,564001,558001,6000,0,5000,0.49999999999999994,0,0.49999999999999994
2,185,1,6000000,181.33737452604745,1240103.9425225176,2000000000,565332,565732,552001,13731,4838,400,0,1.45149123253216,1.45149123253216
2,188,0,3000000,231.93054908743693,0,4000000000,564001,568001,561001,7000,0,4000,0.39999999999999997,0,0.39999999999999997
2,189,0,2000000,229.56892145932997,0,8000000000,568001,576001,564001,12000,0,8000,0.7999999999999999,0,0.7999999999999999
2,190,0,8000000,207.69663670844554,0,5000000000,576001,581001,567001,14000,0,5000,0.49999999999999994,0,0.49999999999999994
2,191,0,9000000,190.40841840632996,0,5000000000,581001,586001,570001,16000,0,5000,0.49999999999999994,0,0.49999999999999994
2,195,1,8000000,187.64353359495234,1082798.8298883764,3000000000,590550,591150,582001,9149,7388,600,0,2.2164781986764903,2.2164781986764903
2,196,1,3000000,213.77604660017457,644714.4744084998,9000000000,591150,592950,585001,7949,4653,1800,0,1.3959667972798573,1.3959667972798573
2,192,0,2000000,179.24249412457968,0,8000000000,586001,594001,573001,21000,0,8000,0.7999999999999999,0,0.7999999999999999
2,193,0,10000000,175.21156268922442,0,3000000000,594001,597001,576001,21000,0,3000,0.3,0,0.3
2,194,0,3000000,178.73229282924788,0,3000000000,597001,600001,579001,21000,0,3000,0.3,0,0.3
2,197,0,5000000,196.66468849287608,0,7000000000,600001,607001,588001,19000,0,7000,0.7,0,0.7
2,199,0,8000000,146.67760906150605,0,4000000000,607001,611001,594001,17000,0,4000,0.39999999999999997,0,0.39999999999999997
2,200,0,6000000,121.61337303109396,0,7000000000,611001,618001,597001,21000,0,7000,0.7,0,0.7
2,198,1,5000000,172.45705436426778,1513070.6312269347,9000000000,617794,619594,591001,28593,3305,1800,0,0.9913615194445115,0.9913615194445115
2,201,0,4000000,98.77298618549506,0,3000000000,618001,621001,600001,21000,0,3000,0.3,0,0.3
2,202,1,5000000,84.01828848530542,23038465.141547304,9000000000,621394,623194,603001,20193,217,1800,0,0.06510850400771348,0.06510850400771348
2,204,0,10000000,68.71950232648663,0,3000000000,621001,624001,609001,15000,0,3000,0.3,0,0.3
2,203,1,5000000,71.89627598144428,38350494.37066806,2000000000,624794,625194,606001,19193,130,400,0,0.03911292473839028,0.03911292473839028
2,205,1,6000000,77.30186090903636,30445161.132628985,4000000000,628194,628994,612001,16993,197,800,0,0.05912269579256345,0.05912269579256345
2,206,1,2000000,89.48360855486328,18504509.78816359,6000000000,628994,630194,615001,15193,108,1200,0,0.03242452822953407,0.03242452822953407
2,211,0,7000000,136.7228561726239,0,2000000000,630001,632001,630001,2000,0,2000,0.19999999999999998,0,0.19999999999999998
2,207,1,6000000,99.0158936736926,12854516.093861781,8000000000,633594,635194,618001,17193,467,1600,0,0.14002860837830575,0.14002860837830575
2,208,1,5000000,121.86290206621541,5886005.088188233,2000000000,636394,636794,621001,15793,849,400,0,0.25484177766175087,0.25484177766175087
2,213,0,4000000,137.76203903833596,0,4000000000,636001,640001,636001,4000,0,4000,0.39999999999999997,0,0.39999999999999997
2,209,1,5000000,136.7228561726239,3770352.86616931,9000000000,638794,640594,624001,16593,1326,1800,0,0.3978407468062809,0.3978407468062809
2,210,1,8000000,136.7228561726239,3770352.86616931,4000000000,642394,643194,627001,16193,2122,800,0,0.6365451948900495,0.6365451948900495
2,212,1,7000000,136.7228561726239,3770352.86616931,7000000000,646994,648394,633001,15393,1857,1400,0,0.5569770455287932,0.5569770455287932
2,214,1,2000000,151.59460478526273,2516593.7190802195,7000000000,649194,650594,639001,11593,795,1400,0,0.238417506747689,0.238417506747689
2,217,1,8000000,197.34838230905265,886218.9171495474,6000000000,657028,658228,648001,10227,9027,1200,0,2.7081344728223686,2.7081344728223686
2,220,0,3000000,192.39209391240587,0,2000000000,657001,659001,657001,2000,0,2000,0.19999999999999998,0,0.19999999999999998
2,215,1,7000000,180.90993228675976,1251764.2270262572,4000000000,658594,659394,642001,17393,5592,800,0,1.6776322207168732,1.6776322207168732
2,219,1,3000000,196.51949343512973,901171.9168702166,5000000000,658828,659828,654001,5827,3329,1000,0,0.9986995634814202,0.9986995634814202
2,216,1,9000000,215.1806166921175,628117.6964557612,2000000000,663794,664194,645001,19193,14329,400,0,4.298557444305604,4.298557444305604
2,218,1,9000000,196.51949343512973,901171.9168702166,8000000000,662770,664370,651001,13369,9987,1600,0,2.9960986904442604,2.9960986904442604
2,221,1,3000000,204.5068781239399,769124.7475913602,8000000000,667770,669370,660001,9369,3901,1600,0,1.1701612811426196,1.1701612811426196
2,223,0,8000000,238.8032684030937,0,9000000000,666001,675001,666001,9000,0,9000,0.8999999999999999,0,0.8999999999999999
2,225,1,6000000,198.18723470496278,871399.4646825801,5000000000,678886,679886,672001,7885,6885,1000,0,2.065642765405733,2.065642765405733
2,224,0,10000000,216.4112326105094,0,6000000000,675001,681001,669001,12000,0,6000,0.6,0,0.6
2,226,1,5000000,185.4796261048636,1133818.0466576642,6000000000,679886,681086,675001,6085,4410,1200,0,1.3229635958095645,1.3229635958095645
2,227,1,6000000,179.51642403969615,1290737.0068573772,10000000000,682650,684650,678001,6649,4649,2000,0,1.394552097318842,1.394552097318842
2,228,1,3000000,180.85752984047969,1253203.0891247534,7000000000,684650,686050,681001,5049,2394,1400,0,0.7181597362870905,0.7181597362870905
2,229,1,7000000,176.96939000855485,1365949.9666701336,4000000000,689126,689926,684001,5925,5125,800,0,1.5373915965013774,1.5373915965013774
2,222,1,7000000,224.98858748834348,525920.0400376933,10000000000,689570,691570,663001,28569,13310,2000,0,3.993002434076272,3.993002434076272
2,230,1,4000000,178.72470730148086,1313551.9444965841,8000000000,690046,691646,687001,4645,3045,1600,0,0.9135535180223857,0.9135535180223857
2,231,0,10000000,184.00238802798188,0,9000000000,690001,699001,690001,9000,0,9000,0.8999999999999999,0,0.8999999999999999
2,232,1,8000000,184.32271916397065,1162322.6553657383,7000000000,699884,701284,693001,8283,6883,1400,0,2.064831128362384,2.064831128362384
2,233,1,5000000,184.32271916397065,1162322.6553657383,8000000000,701284,702884,696001,6883,4302,1600,0,1.29051945522649,1.29051945522649
2,234,1,7000000,182.6782291352749,1204392.4283716714,6000000000,704813,706013,699001,7012,5812,1200,0,1.7436177366534782,1.7436177366534782
2,235,1,6000000,177.78784463511562,1341201.0434757601,10000000000,706475,708475,702001,6474,4474,2000,0,1.3420806737036601,1.3420806737036601
2,236,1,10000000,173.39161513752617,1481042.21514953,3000000000,711753,712353,705001,7352,6752,600,0,2.0256006002483273,2.0256006002483273
2,237,0,10000000,169.99579553624264,0,6000000000,708001,714001,708001,6000,0,6000,0.6,0,0.6
2,238,1,5000000,177.3013922675172,1355842.8184139358,2000000000,714689,715089,711001,4088,3688,400,0,1.1063229303782418,1.1063229303782418
2,239,1,5000000,185.48594825484759,1133664.6814904336,6000000000,718411,719611,714001,5610,4410,1200,0,1.3231425698363857,1.3231425698363857
2,240,1,10000000,197.2393231584412,888168.5771249373,4000000000,728260,729060,717001,12059,11259,800,0,3.37773715178171,3.37773715178171
2,242,0,7000000,228.98535084148943,0,7000000000,723001,730001,723001,7000,0,7000,0.7,0,0.7
2,241,1,8000000,211.94464489578402,667184.6558280694,5000000000,731992,732992,720001,12991,11991,1000,0,3.597205030174539,3.597205030174539
2,245,0,9000000,198.00506306657917,0,5000000000,732001,737001,732001,5000,0,5000,0.49999999999999994,0,0.49999999999999994
2,243,1,2000000,230.8227406474501,474898.79777460924,2000000000,750170,750570,726001,24569,4211,400,0,1.2634270771196283,1.2634270771196283
2,250,0,7000000,159.0450785154951,0,5000000000,747001,752001,747001,5000,0,5000,0.49999999999999994,0,0.49999999999999994
2,244,1,5000000,213.25044548605283,651065.4518660036,3000000000,759570,760170,729001,31169,7680,600,0,2.303915828586642,2.303915828586642
2,253,0,4000000,100.29789628900494,0,8000000000,756001,764001,756001,8000,0,8000,0.7999999999999999,0,0.7999999999999999
2,246,1,10000000,186.400436158288,1111749.95186636,10000000000,767170,769170,735001,34169,8995,2000,0,2.6984485090048564,2.6984485090048564
2,248,1,3000000,209.80484384303432,694689.7162150072,7000000000,771116,772516,741001,31515,4318,1400,0,1.295542425622217,1.295542425622217
2,257,0,6000000,67.67557905182633,0,7000000000,768001,775001,768001,7000,0,7000,0.7,0,0.7
2,247,1,8000000,199.99825049234806,840443.6205520194,9000000000,774570,776370,738001,38369,9519,1800,0,2.855634740166906,2.855634740166906
2,258,0,10000000,65.2783769712452,0,2000000000,775001,777001,771001,6000,0,2000,0.19999999999999998,0,0.19999999999999998
2,249,1,8000000,183.82182677799716,1174940.2484674577,4000000000,780116,780916,744001,36915,6809,800,0,2.0426570654383984,2.0426570654383984
2,251,1,8000000,136.84561008669584,3757188.461162686,4000000000,780916,781716,750001,31715,2129,800,0,0.6387755165353896,0.6387755165353896
2,252,1,7000000,117.92648981462985,6675005.426674242,3000000000,783116,783716,753001,30715,1049,600,0,0.31460648580270967,0.31460648580270967
2,261,0,9000000,89.26252573168651,0,4000000000,780001,784001,780001,4000,0,4000,0.39999999999999997,0,0.39999999999999997
2,262,0,4000000,104.25893390976145,0,2000000000,784001,786001,783001,3000,0,2000,0.19999999999999998,0,0.19999999999999998
2,254,1,6000000,84.57745444265868,22520212.945019558,3000000000,786116,786716,759001,27715,266,600,0,0.07992819625615831,0.07992819625615831
2,255,1,3000000,78.18126693780295,29337953.746345997,4000000000,788916,789716,762001,27715,102,800,0,0.030676986124572297,0.030676986124572297
2,256,1,9000000,75.0933845288651,33435473.450352322,8000000000,790916,792516,765001,27515,269,1600,0,0.08075255772911895,0.08075255772911895
2,263,0,3000000,122.27969291750777,0,10000000000,786001,796001,786001,10000,0,10000,0.9999999999999999,0,0.9999999999999999
2,259,1,6000000,70.09482862522735,41460299.32276937,10000000000,798316,800316,774001,26315,145,2000,0,0.043415026649637985,0.043415026649637985
2,260,1,10000000,78.99407382835749,28354385.339963563,5000000000,800716,801716,777001,24715,353,1000,0,0.10580373949322419,0.10580373949322419
2,264,0,2000000,141.38216648502734,0,6000000000,796001,802001,789001,13000,0,6000,0.6,0,0.6
2,268,0,7000000,213.1409796355455,0,3000000000,802001,805001,801001,4000,0,3000,0.3,0,0.3
2,265,1,2000000,160.9344338542874,1988611.016469988,3000000000,805316,805916,792001,13915,1006,600,0,0.30171813141469395,0.30171813141469395
2,266,1,4000000,181.29996276888758,1241119.09692674,4000000000,807916,808716,795001,13715,3223,800,0,0.9668693383023764,0.9668693383023764
2,267,1,2000000,202.0100089104498,807645.4313682627,8000000000,808716,810316,798001,12315,2476,1600,0,0.7429002588221384,0.7429002588221384
2,269,0,7000000,193.51187172884258,0,8000000000,805001,813001,804001,9000,0,8000,0.7999999999999999,0,0.7999999999999999
2,271,1,3000000,179.5885720194913,1288682.4981572824,7000000000,812329,813729,810001,3728,2328,1400,0,0.6983876954074656,0.6983876954074656
2,270,1,9000000,184.78560117065396,1150812.078377993,10000000000,814822,816822,807001,9821,7821,2000,0,2.3461693274939406,2.3461693274939406
2,272,1,6000000,178.5358263766687,1319068.8341939375,6000000000,819422,820622,813001,7621,4549,1200,0,1.3645989908479281,1.3645989908479281
2,274,1,3000000,188.90540754568147,1054363.682093679,8000000000,821846,823446,819001,4445,2845,1600,0,0.8535954104686584,0.8535954104686584
2,275,0,9000000,199.8062361389154,0,3000000000,822001,825001,822001,3000,0,3000,0.3,0,0.3
2,273,1,9000000,181.7092457746716,1230069.281371164,5000000000,826046,827046,816001,11045,7317,1000,0,2.1949983150463668,2.1949983150463668
2,276,0,3000000,213.77936336325826,0,4000000000,825001,829001,825001,4000,0,4000,0.39999999999999997,0,0.39999999999999997
2,277,0,3000000,230.2274234317015,0,2000000000,829001,831001,828001,3000,0,2000,0.19999999999999998,0,0.19999999999999998
2,278,0,6000000,242.05021503811975,0,7000000000,831001,838001,831001,7000,0,7000,0.7,0,0.7
2,279,0,9000000,224.75027252486257,0,2000000000,838001,840001,834001,6000,0,2000,0.19999999999999998,0,0.19999999999999998
2,281,0,10000000,196.8195399344283,0,4000000000,840001,844001,840001,4000,0,4000,0.39999999999999997,0,0.39999999999999997
2,280,1,4000000,209.55627501938469,697975.7350816596,8000000000,842732,844332,837001,7331,5731,1600,0,1.7192574751321492,1.7192574751321492
2,283,1,2000000,181.52249502472137,1235095.933910949,9000000000,847620,849420,846001,3419,1619,1800,0,0.4857922235239585,0.4857922235239585
2,282,1,9000000,187.31219848157247,1090422.8302502148,8000000000,851255,852855,843001,9854,8254,1600,0,2.4761036958300315,2.4761036958300315
2,285,1,4000000,168.09023320823852,1674653.396201473,8000000000,854483,856083,852001,4082,2389,1600,0,0.7165661877985594,0.7165661877985594
2,284,1,10000000,179.78519877898734,1283103.89683435,6000000000,857083,858283,849001,9282,7794,1200,0,2.3380803436117246,2.3380803436117246
2,286,1,10000000,146.14414049150238,2905654.2415828463,9000000000,859683,861483,855001,6482,3442,1800,0,1.0324697126956712,1.0324697126956712
2,287,1,8000000,124.24372700462585,5463819.975834968,3000000000,861483,862083,858001,4082,1464,600,0,0.43925312521542914,0.43925312521542914
2,288,0,4000000,102.38773217529533,0,3000000000,861001,864001,861001,3000,0,3000,0.3,0,0.3
2,289,0,8000000,80.9627926889877,0,2000000000,864001,866001,864001,2000,0,2000,0.19999999999999998,0,0.19999999999999998
2,290,1,10000000,59.35574529900205,66401683.61406396,7000000000,867152,868552,867001,1551,151,1400,0,0.045179577334761974,0.045179577334761974
2,292,1,3000000,19.42731324707562,352562411.4243417,9000000000,873010,874810,873001,1809,9,1800,0,0.0025527395174205518,0.0025527395174205518
2,291,0,2000000,38.24959084748485,0,6000000000,870001,876001,870001,6000,0,6000,0.6,0,0.6
2,293,0,6000000,16.10212718866673,0,9000000000,876001,885001,876001,9000,0,9000,0.8999999999999999,0,0.8999999999999999
2,296,1,8000000,75.58361264189472,32744727.59909981,2000000000,885269,885669,885001,668,244,400,0,0.07329424233982569,0.07329424233982569
2,297,1,3000000,97.00956241525878,13852272.752568861,3000000000,888701,889301,888001,1300,217,600,0,0.06497128782228878,0.06497128782228878
2,294,0,3000000,33.23334470076703,0,5000000000,885001,890001,879001,11000,0,5000,0.49999999999999994,0,0.49999999999999994
2,295,0,3000000,54.06667180435646,0,3000000000,890001,893001,882001,11000,0,3000,0.3,0,0.3
2,298,1,3000000,118.88129583748646,6472354.444586503,9000000000,891465,893265,891001,2264,464,1800,0,0.13905295324992015,0.13905295324992015
2,299,1,2000000,140.81248950288474,3360664.9995476175,3000000000,895465,896065,894001,2064,595,600,0,0.17853609332699527,0.17853609332699527
2,300,1,7000000,162.76582442269634,1901759.0152869395,3000000000,902690,903290,897001,6289,3681,600,0,1.10424085445082,1.10424085445082
2,301,1,7000000,119.89473424633805,6265390.809915395,4000000000,903290,904090,900001,4089,1117,800,0,0.3351746225752767,0.3351746225752767
2,302,1,5000000,136.6017049673979,3783401.0956904897,4000000000,906090,906890,903001,3889,1322,800,0,0.3964686698718214,0.3964686698718214
2,303,1,2000000,166.31371320489478,1746487.6398195534,8000000000,910290,911890,906001,5889,1145,1600,0,0.3435466626388446,0.3435466626388446
2,307,0,5000000,217.98456023305866,0,2000000000,918001,920001,918001,2000,0,2000,0.19999999999999998,0,0.19999999999999998
2,304,1,8000000,185.4390263671592,1134803.5462310808,4000000000,921690,922490,909001,13489,7050,800,0,2.1149035072818556,2.1149035072818556
2,308,0,5000000,225.26461794964598,0,5000000000,921001,926001,921001,5000,0,5000,0.49999999999999994,0,0.49999999999999994
2,305,1,9000000,192.00652931606265,988332.8945347483,8000000000,926490,928090,912001,16089,9106,1600,0,2.7318730510037397,2.7318730510037397
2,306,1,5000000,203.11744410562082,790270.5536529237,2000000000,928090,928490,915001,13489,6327,400,0,1.898084134688359,1.898084134688359
2,309,0,6000000,204.30402859464124,0,10000000000,926001,936001,924001,12000,0,10000,0.9999999999999999,0,0.9999999999999999
2,310,1,9000000,183.82461478267808,1174869.5477505752,9000000000,954290,956090,927001,29089,7660,1800,0,2.298127485872338,2.298127485872338
2,311,1,9000000,167.90806115252477,1681848.6934554775,6000000000,957490,958690,930001,28689,5351,1200,0,1.6053762805812564,1.6053762805812564
2,312,1,7000000,153.21495749436477,2413545.013767155,5000000000,958690,959690,933001,26689,2900,1000,0,0.8700894278007429,0.8700894278007429
2,313,1,2000000,143.84233625744542,3092127.696298693,4000000000,960290,961090,936001,25089,647,800,0,0.19404114542818068,0.19404114542818068
2,320,0,9000000,220.37137223332797,0,6000000000,957001,963001,957001,6000,0,6000,0.6,0,0.6
2,314,1,2000000,140.3831286159416,3401009.6455058856,5000000000,962490,963490,939001,24489,588,1000,0,0.17641820004622555,0.17641820004622555
2,321,0,7000000,243.65057459402797,0,2000000000,963001,965001,960001,5000,0,2000,0.19999999999999998,0,0.19999999999999998
2,322,0,10000000,234.2062736136673,0,5000000000,965001,970001,963001,7000,0,5000,0.49999999999999994,0,0.49999999999999994
2,315,1,2000000,142.6032433011255,3198628.425436224,9000000000,970890,972690,942001,30689,625,1800,0,0.1875804001579749,0.1875804001579749
2,323,0,4000000,212.73609801817835,0,5000000000,970001,975001,966001,9000,0,5000,0.49999999999999994,0,0.49999999999999994
2,324,1,3000000,197.39683710738632,885354.3967505653,8000000000,974463,976063,969001,7062,3388,1600,0,1.0165420799887448,1.0165420799887448
2,325,1,3000000,187.42264137504836,1087874.1458462856,6000000000,976063,977263,972001,5262,2758,1200,0,0.8273015802759671,0.8273015802759671
2,316,1,2000000,151.13953586007864,2546508.7466033357,8000000000,976690,978290,945001,33289,785,1600,0,0.23561670494959455,0.23561670494959455
2,317,1,5000000,162.4282934097382,1917407.1135144331,2000000000,980490,980890,948001,32889,2608,400,0,0.782306474940857,0.782306474940857
2,318,1,6000000,179.80456640474958,1282556.0335971352,7000000000,982290,983690,951001,32689,4678,1400,0,1.4034474540278834,1.4034474540278834
2,326,0,7000000,170.32164424993087,0,10000000000,975001,985001,975001,10000,0,10000,0.9999999999999999,0,0.9999999999999999
2,327,0,8000000,156.3561002967265,0,2000000000,985001,987001,978001,9000,0,2000,0.19999999999999998,0,0.19999999999999998
2,319,1,8000000,200.31558351760853,835161.2926737294,2000000000,987490,987890,954001,33889,9579,400,0,2.873696399789451,2.873696399789451
2,329,1,5000000,144.18510672049317,3063442.1719736336,9000000000,987663,989463,984001,5462,1632,1800,0,0.4896452799804671,0.4896452799804671
2,328,0,10000000,146.14867635391025,0,8000000000,987001,995001,981001,14000,0,8000,0.7999999999999999,0,0.7999999999999999
2,331,1,5000000,152.69659622925457,2445933.20323988,9000000000,993263,995063,990001,5062,2044,1800,0,0.6132628634392394,0.6132628634392394
3,1,0,10000000,219.47007108031832,0,5000000000,1,5001,1,5000,0,5000,0.49999999999999994,0,0.49999999999999994
3,2,0,9000000,214.59254809988164,0,3000000000,5001,8001,3001,5000,0,3000,0.3,0,0.3
3,4,1,5000000,192.6821984512321,974635.4315051726,2000000000,14131,14531,9001,5530,5130,400,0,1.5390370096472725,1.5390370096472725
3,6,1,2000000,175.75685164453765,1403668.1435949758,2000000000,16426,16826,15001,1825,1425,400,0,0.42745146189848143,0.42745146189848143
3,3,1,9000000,202.8207336541311,794879.6790359179,10000000000,17323,19323,6001,13322,11322,2000,0,3.3967405020024373,3.3967405020024373
3,5,0,5000000,187.9598427856333,0,10000000000,12001,22001,12001,10000,0,10000,0.9999999999999999,0,0.9999999999999999
3,7,1,8000000,149.28622508456704,2672979.0456026164,8000000000,20994,22594,18001,4593,2993,1600,0,0.8978746032253037,0.8978746032253037
3,8,1,4000000,124.78861206055629,5372456.6570814205,2000000000,22594,22994,21001,1993,745,400,0,0.22336150416742465,0.22336150416742465
3,9,1,8000000,98.22430249179672,13237666.044728566,10000000000,24605,26605,24001,2604,604,2000,0,0.18130084199817953,0.18130084199817953
3,10,1,9000000,71.68834284596065,38696282.530460514,4000000000,27234,28034,27001,1033,233,800,0,0.06977414427018006,0.06977414427018006
3,12,1,9000000,20.958406427970694,330866440.21647036,10000000000,33028,35028,33001,2027,27,2000,0,0.00816039244788174,0.00816039244788174
3,13,1,7000000,6.153738700984919,683732242.6357965,4000000000,36011,36811,36001,810,10,800,0,0.0030713777544034973,0.0030713777544034973
3,11,0,4000000,47.162114032346004,0,7000000000,30001,37001,30001,7000,0,7000,0.7,0,0.7
3,14,1,3000000,31.03134222040683,220370467.0102871,6000000000,39015,40215,39001,1214,14,1200,0,0.004084031822458257,0.004084031822458257
3,15,1,4000000,57.46681912199419,72159767.99450779,8000000000,42056,43656,42001,1655,55,1600,0,0.016629765218914426,0.016629765218914426
3,16,1,4000000,81.93319778941863,25094397.24390578,2000000000,45160,45560,45001,559,159,400,0,0.04781943906986737,0.04781943906986737
3,17,1,2000000,108.46928828013947,9163111.811210163,8000000000,48219,49819,48001,1818,218,1600,0,0.06547993873281774,0.06547993873281774
3,18,1,7000000,135.0387118570079,3956826.3297560615,8000000000,52770,54370,51001,3369,1769,1600,0,0.5307283729406099,0.5307283729406099
3,19,1,3000000,161.60491329164466,1956254.4904799007,4000000000,55535,56335,54001,2334,1534,800,0,0.46006284171095524,0.46006284171095524
3,22,1,2000000,183.25064938493398,1189536.9644908751,2000000000,64682,65082,63001,2081,1681,400,0,0.5043979446715231,0.5043979446715231
3,20,0,7000000,186.11249286385902,0,9000000000,57001,66001,57001,9000,0,9000,0.8999999999999999,0,0.8999999999999999
3,21,0,10000000,205.30215098727044,0,3000000000,66001,69001,60001,9000,0,3000,0.3,0,0.3
3,23,1,8000000,168.6152582063675,1654129.0460899998,9000000000,70837,72637,66001,6636,4836,1800,0,1.4509146101225152,1.4509146101225152
3,24,1,6000000,158.66009265092467,2103428.070396233,10000000000,72637,74637,69001,5636,2852,2000,0,0.8557459251083044,0.8557459251083044
3,26,1,2000000,182.53852333137792,1208053.0506206458,3000000000,76657,77257,75001,2256,1656,600,0,0.4966669300588627,0.4966669300588627
3,25,1,8000000,168.19585309989066,1670499.1970816166,7000000000,77257,78657,72001,6656,4789,1400,0,1.4366962906613967,1.4366962906613967
3,27,1,4000000,198.237014707143,870529.7717554047,9000000000,82596,84396,78001,6395,4595,1800,0,1.3784709483056803,1.3784709483056803
3,28,0,8000000,218.99018836468454,0,7000000000,81001,88001,81001,7000,0,7000,0.7,0,0.7
3,30,0,9000000,236.42561049937035,0,8000000000,88001,96001,87001,9000,0,8000,0.7999999999999999,0,0.7999999999999999
3,31,0,2000000,217.32868241444797,0,8000000000,96001,104001,90001,14000,0,8000,0.7999999999999999,0,0.7999999999999999
3,29,1,9000000,240.24169600633442,404886.10806191084,9000000000,107353,109153,84001,25152,22228,1800,0,6.6685419584391985,6.6685419584391985
3,32,0,10000000,234.52462770464,0,6000000000,104001,110001,93001,17000,0,6000,0.6,0,0.6
3,37,1,2000000,208.78815220217837,708253.3101965729,4000000000,110825,111625,108001,3624,2824,800,0,0.8471545298298322,0.8471545298298322
3,34,0,5000000,228.57921974667775,0,2000000000,110001,112001,99001,13000,0,2000,0.19999999999999998,0,0.19999999999999998
3,33,1,6000000,243.81896091157472,381703.6929099521,2000000000,111720,112120,96001,16119,15719,400,0,4.7156997258201505,4.7156997258201505
3,35,0,7000000,242.96348799768248,0,7000000000,112001,119001,102001,17000,0,7000,0.7,0,0.7
3,40,1,10000000,179.03917448424522,1304430.378387922,6000000000,125322,126522,117001,9521,7666,1200,0,2.299854441988345,2.299854441988345
3,36,0,8000000,226.54924519847782,0,9000000000,119001,128001,105001,23000,0,9000,0.8999999999999999,0,0.8999999999999999
3,45,1,6000000,151.78970749033022,2503901.3942941516,9000000000,134397,136197,132001,4196,2396,1800,0,0.7188781491562766,0.7188781491562766
3,38,0,8000000,194.30165336404116,0,9000000000,128001,137001,111001,26000,0,9000,0.8999999999999999,0,0.8999999999999999
3,44,1,10000000,173.4168379944693,1480189.5323447003,9000000000,136197,137997,129001,8996,6756,1800,0,2.026767474330019,2.026767474330019
3,39,0,4000000,184.20410961756525,0,5000000000,137001,142001,114001,28000,0,5000,0.49999999999999994,0,0.49999999999999994
3,48,1,4000000,96.37299673663776,14187799.076643959,8000000000,141283,142883,141001,1882,282,1600,0,0.08457971483226367,0.08457971483226367
3,41,0,6000000,179.0953338308958,0,6000000000,142001,148001,120001,28000,0,6000,0.6,0,0.6
3,42,0,2000000,184.35816797744542,0,2000000000,148001,150001,123001,27000,0,2000,0.19999999999999998,0,0.19999999999999998
3,50,1,3000000,77.0150926766955,30816192.46704379,7000000000,151683,153083,147001,6082,97,1400,0,0.029205425068736187,0.029205425068736187
3,43,0,2000000,191.66167718143342,0,5000000000,150001,155001,126001,29000,0,5000,0.49999999999999994,0,0.49999999999999994
3,52,1,2000000,74.04672646376741,34964387.32730211,10000000000,158083,160083,153001,7082,57,2000,0,0.017160317850943352,0.017160317850943352
3,46,0,2000000,131.16738161601,0,6000000000,155001,161001,135001,26000,0,6000,0.6,0,0.6
3,54,1,2000000,35.21232170703886,186102239.0401095,8000000000,162083,163683,159001,4682,11,1600,0,0.003224034289403072,0.003224034289403072
3,56,1,3000000,29.24881194168407,236720211.01427686,10000000000,166283,168283,165001,3282,13,2000,0,0.0038019567325652645,0.0038019567325652645
3,47,0,10000000,112.96699031132944,0,10000000000,161001,171001,138001,33000,0,10000,0.9999999999999999,0,0.9999999999999999
3,49,0,3000000,83.81104521481643,0,5000000000,171001,176001,144001,32000,0,5000,0.49999999999999994,0,0.49999999999999994
3,59,1,3000000,46.17304841571542,117880691.9042041,10000000000,174026,176026,174001,2025,25,2000,0,0.007634838118624093,0.007634838118624093
3,60,1,8000000,24.810910906292833,282882121.4208142,10000000000,179626,181626,177001,4625,28,2000,0,0.00848409927055719,0.00848409927055719
3,51,0,9000000,79.81153049528618,0,7000000000,176001,183001,150001,33000,0,7000,0.7,0,0.7
3,61,1,8000000,24.91563765991141,281691038.54213667,4000000000,182426,183226,180001,3225,28,800,0,0.008519972848341061,0.008519972848341061
3,62,1,2000000,46.40205275631672,116733920.43495747,10000000000,183226,185226,183001,2225,17,2000,0,0.005139894194972332,0.005139894194972332
3,53,0,8000000,57.0729445534397,0,7000000000,183001,190001,156001,34000,0,7000,0.7,0,0.7
3,65,1,6000000,80.5673488455466,26553728.81873851,10000000000,193373,195373,192001,3372,226,2000,0,0.06778708980148095,0.06778708980148095
3,55,0,3000000,21.033594557278978,0,7000000000,190001,197001,162001,35000,0,7000,0.7,0,0.7
3,66,1,8000000,101.0807226923116,11915432.287622409,7000000000,196373,197773,195001,2772,671,1400,0,0.20141946528394844,0.20141946528394844
3,57,0,8000000,49.79025004958298,0,2000000000,197001,199001,168001,31000,0,2000,0.19999999999999998,0,0.19999999999999998
3,67,1,4000000,113.4876645279125,7724841.694064506,9000000000,199298,201098,198001,3097,518,1800,0,0.15534298921905898,0.15534298921905898
3,58,0,5000000,61.6683387160705,0,4000000000,199001,203001,171001,32000,0,4000,0.39999999999999997,0,0.39999999999999997
3,68,1,3000000,137.14501558569305,3725316.040886595,9000000000,201806,203606,201001,2605,805,1800,0,0.24159024096806758,0.24159024096806758
3,63,0,7000000,68.51490713706029,0,4000000000,203001,207001,186001,21000,0,4000,0.39999999999999997,0,0.39999999999999997
3,64,0,7000000,69.12049840676791,0,3000000000,207001,210001,189001,21000,0,3000,0.3,0,0.3
3,69,0,3000000,167.9268888534531,0,2000000000,210001,212001,204001,8000,0,2000,0.19999999999999998,0,0.19999999999999998
3,70,1,4000000,191.93120772818577,989874.6529707076,6000000000,211042,212242,207001,5241,4041,1200,0,1.21227470205312,1.21227470205312
3,71,0,7000000,218.30819613564674,0,5000000000,212001,217001,210001,7000,0,5000,0.49999999999999994,0,0.49999999999999994
3,72,0,6000000,193.7066661217419,0,6000000000,217001,223001,213001,10000,0,6000,0.6,0,0.6
3,73,0,3000000,170.5327112315992,0,9000000000,223001,232001,216001,16000,0,9000,0.8999999999999999,0,0.8999999999999999
3,74,0,5000000,145.7417970247382,0,6000000000,232001,238001,219001,19000,0,6000,0.6,0,0.6
3,76,0,4000000,100.31055976316749,0,9000000000,238001,247001,225001,22000,0,9000,0.8999999999999999,0,0.8999999999999999
3,78,0,3000000,73.58930153222003,0,7000000000,247001,254001,231001,23000,0,7000,0.7,0,0.7
3,86,1,8000000,145.73078912844736,2938095.97890753,6000000000,257724,258924,255001,3923,2723,1200,0,0.8168555476844531,0.8168555476844531
3,79,0,7000000,68.36129021602798,0,5000000000,254001,259001,234001,25000,0,5000,0.49999999999999994,0,0.49999999999999994
3,80,0,5000000,73.88349274364336,0,9000000000,259001,268001,237001,31000,0,9000,0.8999999999999999,0,0.8999999999999999
3,88,1,9000000,174.85128109339092,1432684.598929481,9000000000,267845,269645,261001,8644,6282,1800,0,1.8845738985520413,1.8845738985520413
3,81,0,4000000,89.17914105888212,0,4000000000,268001,272001,240001,32000,0,4000,0.39999999999999997,0,0.39999999999999997
3,89,1,8000000,193.08419225819603,966598.1001865229,2000000000,272277,272677,264001,8676,8276,400,0,2.4829347373400337,2.4829347373400337
3,92,1,4000000,154.86094149268237,2314159.539520671,2000000000,275726,276126,273001,3125,1728,400,0,0.5185467896688551,0.5185467896688551
3,75,1,6000000,122.07024289318015,5847690.323995097,10000000000,276904,278904,222001,56903,1026,2000,0,0.30781383764697273,0.30781383764697273
3,82,0,5000000,111.65438504599804,0,10000000000,272001,282001,243001,39000,0,10000,0.9999999999999999,0,0.9999999999999999
3,94,1,5000000,143.58127175923744,3114198.1014364385,9000000000,281574,283374,279001,4373,1606,1800,0,0.4816649266172624,0.4816649266172624
3,77,1,9000000,86.49557965584135,20841187.323915314,7000000000,282304,283704,228001,55703,432,1400,0,0.12955116030753888,0.12955116030753888
3,83,0,4000000,137.4958417553054,0,2000000000,282001,284001,246001,38000,0,2000,0.19999999999999998,0,0.19999999999999998
3,95,1,2000000,158.87472580621503,2092247.4326465973,2000000000,284974,285374,282001,3373,956,400,0,0.28677296510816,0.28677296510816
3,84,0,2000000,161.32160301707893,0,6000000000,284001,290001,249001,41000,0,6000,0.6,0,0.6
3,96,1,6000000,186.48444680455262,1109763.26731712,5000000000,291174,292174,285001,7173,5407,1000,0,1.6219675429981966,1.6219675429981966
3,97,1,7000000,202.13649497307506,805637.0412493654,5000000000,296690,297690,288001,9689,8689,1000,0,2.6066328786761876,2.6066328786761876
3,85,0,7000000,157.2654981233964,0,9000000000,290001,299001,252001,47000,0,9000,0.8999999999999999,0,0.8999999999999999
3,99,1,6000000,175.70149714786155,1405420.7452735717,5000000000,298270,299270,294001,5269,4269,1000,0,1.2807552514458023,1.2807552514458023
3,101,1,3000000,184.61928203738637,1154931.5763893428,4000000000,302599,303399,300001,3398,2598,800,0,0.7792669439462949,0.7792669439462949
3,100,1,7000000,205.06399123200543,760844.3304873462,3000000000,306201,306801,297001,9800,9200,600,0,2.7600915402167483,2.7600915402167483
3,87,0,3000000,158.47166876132778,0,9000000000,299001,308001,258001,50000,0,9000,0.8999999999999999,0,0.8999999999999999
3,103,1,8000000,180.19087657259453,1271688.7659099547,10000000000,312292,314292,306001,8291,6291,2000,0,1.8872542278713016,1.8872542278713016
3,90,0,7000000,183.49388899906182,0,9000000000,308001,317001,267001,50000,0,9000,0.8999999999999999,0,0.8999999999999999
3,104,1,7000000,194.29314784623773,942918.847214576,8000000000,316425,318025,309001,9024,7424,1600,0,2.227126975140536,2.227126975140536
3,107,1,2000000,213.11131551374746,652759.6358576416,7000000000,322512,323912,318001,5911,3064,1400,0,0.9191744817549538,0.9191744817549538
3,91,0,3000000,167.46945661821445,0,7000000000,317001,324001,270001,54000,0,7000,0.7,0,0.7
3,93,0,4000000,146.728711914199,0,9000000000,324001,333001,276001,57000,0,9000,0.8999999999999999,0,0.8999999999999999
3,109,1,5000000,179.1801975665838,1300365.3857208705,8000000000,334712,336312,324001,12311,3845,1600,0,1.153521938119308,1.153521938119308
3,98,0,6000000,159.204405089809,0,4000000000,333001,337001,291001,46000,0,4000,0.39999999999999997,0,0.39999999999999997
3,110,1,6000000,169.58110419501338,1617181.20340377,5000000000,336312,337312,327001,10311,3710,1000,0,1.1130478119653142,1.1130478119653142
3,102,0,7000000,173.302259073562,0,3000000000,337001,340001,303001,37000,0,3000,0.3,0,0.3
3,112,1,2000000,170.17000029382382,1595155.6666496291,3000000000,341912,342512,333001,9511,1254,600,0,0.3761388387004289,0.3761388387004289
3,105,0,10000000,211.5406391216591,0,4000000000,340001,344001,312001,32000,0,4000,0.39999999999999997,0,0.39999999999999997
3,115,1,4000000,155.83418912420981,2257774.315445216,6000000000,348912,350112,342001,8111,1772,1200,0,0.5314968780497307,0.5314968780497307
3,106,0,9000000,235.86338121887422,0,10000000000,344001,354001,315001,39000,0,10000,0.9999999999999999,0,0.9999999999999999
3,119,1,2000000,121.96279965628864,5867506.774080685,7000000000,355032,356432,354001,2431,341,1400,0,0.10225808390208588,0.10225808390208588
3,108,0,3000000,192.24404932272935,0,3000000000,354001,357001,321001,36000,0,3000,0.3,0,0.3
3,120,1,3000000,113.74541485264362,7658636.642064894,5000000000,357393,358393,357001,1392,392,1000,0,0.11751438827333442,0.11751438827333442
3,111,0,3000000,168.02141440899732,0,3000000000,357001,360001,330001,30000,0,3000,0.3,0,0.3
3,122,1,7000000,113.4960937653803,7722665.645752095,9000000000,363907,365707,363001,2706,906,1800,0,0.27192683152806435,0.27192683152806435
3,113,0,7000000,163.87606323072322,0,7000000000,360001,367001,336001,31000,0,7000,0.7,0,0.7
3,123,1,10000000,103.0665323953416,11088384.901503231,2000000000,366903,367303,366001,1302,902,400,0,0.2705533787516066,0.2705533787516066
3,125,1,6000000,104.27780444562495,10617550.10491538,9000000000,372566,374366,372001,2365,565,1800,0,0.169530633923422,0.169530633923422
3,114,0,3000000,155.46476513988628,0,9000000000,367001,376001,339001,37000,0,9000,0.8999999999999999,0,0.8999999999999999
3,126,1,4000000,117.14889030631062,6845770.1253059115,5000000000,376366,377366,375001,2365,584,1000,0,0.17529072376592203,0.17529072376592203
3,116,0,5000000,164.8061364148799,0,4000000000,376001,380001,345001,35000,0,4000,0.39999999999999997,0,0.39999999999999997
3,127,1,10000000,135.5531969375861,3898680.9857832026,6000000000,380965,382165,378001,4164,2565,1200,0,0.7694910178441626,0.7694910178441626
3,117,0,4000000,164.82776980836695,0,4000000000,380001,384001,348001,36000,0,4000,0.39999999999999997,0,0.39999999999999997
3,118,0,4000000,140.01474565202057,0,2000000000,384001,386001,351001,35000,0,2000,0.19999999999999998,0,0.19999999999999998
3,128,1,10000000,157.49677457014792,2165332.2971274345,3000000000,386437,387037,381001,6036,4618,600,0,1.3854686433023926,1.3854686433023926
3,130,1,3000000,183.1157123242023,1193018.230112815,5000000000,389516,390516,387001,3515,2515,1000,0,0.7543891428338807,0.7543891428338807
3,131,1,2000000,182.28370552520596,1214765.5884187233,8000000000,391647,393247,390001,3246,1646,1600,0,0.4939224536159508,0.4939224536159508
3,121,0,10000000,117.07509086052421,0,10000000000,386001,396001,360001,36000,0,10000,0.9999999999999999,0,0.9999999999999999
3,132,1,3000000,168.9269765312811,1642090.9791934246,3000000000,395647,396247,393001,3246,1827,600,0,0.5480816906028368,0.5480816906028368
3,133,1,7000000,157.261765219649,2178110.7848846638,7000000000,399215,400615,396001,4614,3214,1400,0,0.9641382865248519,0.9641382865248519
3,134,1,2000000,150.8983850145521,2562539.6806992996,6000000000,400615,401815,399001,2814,780,1200,0,0.23414271572811865,0.23414271572811865
3,124,0,9000000,99.14878718370689,0,10000000000,396001,406001,369001,37000,0,10000,0.9999999999999999,0,0.9999999999999999
3,129,0,6000000,177.72506632436517,0,2000000000,406001,408001,384001,24000,0,2000,0.19999999999999998,0,0.19999999999999998
3,136,1,9000000,149.10231151796407,2685948.6796889384,5000000000,408352,409352,405001,4351,3351,1000,0,1.0052314180152873,1.0052314180152873
3,137,1,10000000,151.7041357379554,2509458.4562657094,5000000000,411986,412986,408001,4985,3985,1000,0,1.1954770530308994,1.1954770530308994
3,135,0,7000000,150.43888626282765,0,10000000000,408001,418001,402001,16000,0,10000,0.9999999999999999,0,0.9999999999999999
3,139,1,8000000,169.95015416291918,1603334.3852551198,6000000000,418991,420191,414001,6190,4990,1200,0,1.4968805148017306,1.4968805148017306
3,140,1,4000000,179.3210096447151,1296322.1775036354,3000000000,420191,420791,417001,3790,3086,600,0,0.9256958037321202,0.9256958037321202
3,138,0,4000000,158.68586956625975,0,8000000000,418001,426001,411001,15000,0,8000,0.7999999999999999,0,0.7999999999999999
3,141,1,8000000,186.22416599356808,1115932.7938766838,10000000000,427170,429170,420001,9169,7169,2000,0,2.150667148746963,2.150667148746963
3,142,0,8000000,204.002906842035,0,9000000000,426001,435001,423001,12000,0,9000,0.8999999999999999,0,0.8999999999999999
3,143,0,6000000,215.29211086335698,0,2000000000,435001,437001,426001,11000,0,2000,0.19999999999999998,0,0.19999999999999998
3,146,1,2000000,200.71438538380852,828581.3424708174,5000000000,437415,438415,435001,3414,2414,1000,0,0.7241292667908847,0.7241292667908847
3,144,0,2000000,216.15270643690772,0,2000000000,437001,439001,429001,10000,0,2000,0.19999999999999998,0,0.19999999999999998
3,145,0,5000000,219.16974654363224,0,3000000000,439001,442001,432001,10000,0,3000,0.3,0,0.3
3,147,1,5000000,185.47660175882027,1133891.4215449688,10000000000,442411,444411,438001,6410,4410,2000,0,1.322877985932899,1.322877985932899
3,148,1,5000000,178.98539856647523,1305984.630103032,4000000000,444830,445630,441001,4629,3829,800,0,1.1485586931307619,1.1485586931307619
3,149,1,7000000,175.9304322736689,1398189.9192889892,8000000000,449007,450607,444001,6606,5006,1600,0,1.501941882879471,1.501941882879471
3,150,1,9000000,179.7373263960494,1284459.3396708178,7000000000,454008,455408,447001,8407,7007,1400,0,2.1020517478521024,2.1020517478521024
3,151,1,8000000,186.55685085249482,1108054.598667504,8000000000,457221,458821,450001,8820,7220,1600,0,2.165958250510517,2.165958250510517
3,153,0,4000000,218.3773362782869,0,5000000000,456001,461001,456001,5000,0,5000,0.49999999999999994,0,0.49999999999999994
3,152,1,6000000,200.04123674882635,839725.638955373,8000000000,460146,461746,453001,8745,7145,1600,0,2.1435572721576275,2.1435572721576275
3,155,0,4000000,222.477017464726,0,7000000000,462001,469001,462001,7000,0,7000,0.7,0,0.7
3,156,1,5000000,203.1347897333197,790002.1367230697,5000000000,471397,472397,465001,7396,6329,1000,0,1.8987290416985487,1.8987290416985487
3,157,1,6000000,190.3524583502929,1022890.1828315466,3000000000,474570,475170,468001,7169,5866,600,0,1.7597196944615028,1.7597196944615028
3,154,1,6000000,240.35584141018913,404119.6802063066,10000000000,473848,475848,459001,16847,14847,2000,0,4.454126062559201,4.454126062559201
3,158,1,3000000,189.4850519170312,1041613.6260519349,4000000000,475170,475970,471001,4969,2880,800,0,0.8640439962477277,0.8640439962477277
3,159,0,10000000,189.4850519170312,0,4000000000,474001,478001,474001,4000,0,4000,0.39999999999999997,0,0.39999999999999997
3,160,1,5000000,187.97340902372335,1075274.2005189364,7000000000,481651,483051,477001,6050,4650,1400,0,1.3949930159917232,1.3949930159917232
3,161,1,9000000,182.01794664263193,1221815.8330142573,8000000000,490651,492251,480001,12250,7366,1600,0,2.2098256767053157,2.2098256767053157
3,162,1,10000000,177.4040613965757,1352736.0929261402,9000000000,494251,496051,483001,13050,7392,1800,0,2.2177274752170013,2.2177274752170013
3,164,1,2000000,187.60172333963243,1083757.2161741834,9000000000,496051,497851,489001,8850,1845,1800,0,0.5536295316381699,0.5536295316381699
3,163,1,8000000,179.21638457462532,1299324.8347950566,6000000000,497851,499051,486001,13050,6157,1200,0,1.8471131588726646,1.8471131588726646
3,165,0,8000000,201.6094405031669,0,9000000000,492001,501001,492001,9000,0,9000,0.8999999999999999,0,0.8999999999999999
3,166,0,10000000,220.23139876048552,0,7000000000,501001,508001,495001,13000,0,7000,0.7,0,0.7
3,167,0,10000000,242.44559245323478,0,9000000000,508001,517001,498001,19000,0,9000,0.8999999999999999,0,0.8999999999999999
3,169,1,4000000,246.98979614550876,362525.03444165195,10000000000,515035,517035,504001,13034,11034,2000,0,3.3101162292093758,3.3101162292093758
3,168,0,6000000,228.1211472003418,0,2000000000,517001,519001,501001,18000,0,2000,0.19999999999999998,0,0.19999999999999998
3,170,0,7000000,230.7653936360476,0,6000000000,519001,525001,507001,18000,0,6000,0.6,0,0.6
3,172,1,6000000,211.0736328867251,678213.8407083884,9000000000,527227,529027,513001,16026,8847,1800,0,2.6540301774436155,2.6540301774436155
3,171,0,6000000,209.07455536243523,0,6000000000,525001,531001,510001,21000,0,6000,0.6,0,0.6
3,174,0,9000000,191.81554942183385,0,5000000000,531001,536001,519001,17000,0,5000,0.49999999999999994,0,0.49999999999999994
3,177,1,7000000,218.29599744383773,593165.5150633,10000000000,539802,541802,528001,13801,11801,2000,0,3.54032718806301,3.54032718806301
3,175,0,4000000,174.8087083071092,0,9000000000,536001,545001,522001,23000,0,9000,0.8999999999999999,0,0.8999999999999999
3,176,0,9000000,209.03731532910575,0,3000000000,545001,548001,525001,23000,0,3000,0.3,0,0.3
3,178,0,5000000,204.0092399868202,0,3000000000,548001,551001,531001,20000,0,3000,0.3,0,0.3
3,181,0,2000000,163.38859752136926,0,6000000000,551001,557001,540001,17000,0,6000,0.6,0,0.6
3,182,0,4000000,162.21524589261026,0,3000000000,557001,560001,543001,17000,0,3000,0.3,0,0.3
3,186,1,6000000,196.51949343512973,901171.9168702166,4000000000,561659,562459,555001,7458,6658,800,0,1.9973991269628404,1.9973991269628404
3,184,0,8000000,213.40207801237548,0,5000000000,560001,565001,549001,16000,0,5000,0.49999999999999994,0,0.49999999999999994
3,185,0,4000000,197.7894216079313,0,2000000000,565001,567001,552001,15000,0,2000,0.19999999999999998,0,0.19999999999999998
3,188,1,3000000,187.4802442925654,1086547.7879164116,7000000000,566647,568047,561001,7046,2761,1400,0,0.8283114742020322,0.8283114742020322
3,173,1,3000000,211.11727167619418,677655.8813527265,7000000000,566794,568194,516001,52193,4427,1400,0,1.3281077088911757,1.3281077088911757
3,187,0,6000000,196.51949343512973,0,10000000000,567001,577001,558001,19000,0,10000,0.9999999999999999,0,0.9999999999999999
3,193,1,3000000,66.86548960412986,47727650.18198131,5000000000,576064,577064,576001,1063,63,1000,0,0.018856993725196603,0.018856993725196603
3,179,1,2000000,184.41052030727533,1160128.3181899984,5000000000,581194,582194,534001,48193,1724,1000,0,0.5171841688478945,0.5171841688478945
3,195,1,2000000,11.678171945985355,498942372.3553562,5000000000,582005,583005,582001,1004,4,1000,0,0.0012025436868943026,0.0012025436868943026
3,180,1,4000000,167.73422131455467,1688750.707391182,6000000000,582194,583394,537001,46393,2369,1200,0,0.7105844543827227,0.7105844543827227
3,189,0,3000000,162.22449876637006,0,7000000000,577001,584001,564001,20000,0,7000,0.7,0,0.7
3,190,0,3000000,129.6925017107774,0,4000000000,584001,588001,567001,21000,0,4000,0.39999999999999997,0,0.39999999999999997
3,197,1,10000000,47.59721105274971,110911394.41732505,9000000000,588091,589891,588001,1890,90,1800,0,0.0270486185460074,0.0270486185460074
3,198,1,8000000,76.99576936429689,30841373.460804384,3000000000,591260,591860,591001,859,259,600,0,0.0778175460651941,0.0778175460651941
3,191,0,4000000,100.05718065186525,0,5000000000,588001,593001,570001,23000,0,5000,0.49999999999999994,0,0.49999999999999994
3,183,1,4000000,180.12350790499278,1273575.6438529277,3000000000,595194,595794,546001,49793,3141,600,0,0.94222907433253,0.94222907433253
3,192,0,4000000,76.71459900175452,0,3000000000,593001,596001,573001,23000,0,3000,0.3,0,0.3
3,194,0,8000000,40.86196887082166,0,9000000000,596001,605001,579001,26000,0,9000,0.8999999999999999,0,0.8999999999999999
3,204,1,2000000,126.18963863962841,5145978.896320774,2000000000,610490,610890,609001,1889,389,400,0,0.11659589207195983,0.11659589207195983
3,196,0,6000000,18.30014480817022,0,8000000000,605001,613001,585001,28000,0,8000,0.7999999999999999,0,0.7999999999999999
3,205,1,4000000,132.48734430125768,4261444.706450418,10000000000,613890,615890,612001,3889,939,2000,0,0.2815946428176334,0.2815946428176334
3,199,0,9000000,106.40173870759821,0,3000000000,613001,616001,594001,22000,0,3000,0.3,0,0.3
3,200,0,9000000,124.568404501302,0,8000000000,616001,624001,597001,27000,0,8000,0.7999999999999999,0,0.7999999999999999
3,207,1,9000000,153.99232773096196,2365961.962484496,9000000000,623566,625366,618001,7365,3804,1800,0,1.1411848722896334,1.1411848722896334
3,201,0,5000000,128.94595030476918,0,4000000000,624001,628001,600001,28000,0,4000,0.39999999999999997,0,0.39999999999999997
3,210,1,10000000,130.20178339792432,4559124.674259513,10000000000,630966,632966,627001,5965,2193,2000,0,0.6580210488512811,0.6580210488512811
3,212,1,10000000,142.88687868380356,3173855.3563052737,9000000000,636152,637952,633001,4951,3151,1800,0,0.9452226592620588,0.9452226592620588
3,202,0,2000000,139.610262158625,0,10000000000,628001,638001,603001,35000,0,10000,0.9999999999999999,0,0.9999999999999999
3,213,1,7000000,162.93115754821113,1894151.8873803504,6000000000,639697,640897,636001,4896,3696,1200,0,1.1086756104360467,1.1086756104360467
3,214,1,2000000,169.33958928732525,1626323.314131859,9000000000,640897,642697,639001,3696,1230,1800,0,0.36893033186349145,0.36893033186349145
3,203,0,4000000,124.71072969075274,0,5000000000,638001,643001,606001,37000,0,5000,0.49999999999999994,0,0.49999999999999994
3,215,1,4000000,173.19181071863645,1487818.403719017,2000000000,644690,645090,642001,3089,2689,400,0,0.8065500446831594,0.8065500446831594
3,206,0,10000000,142.9945331122837,0,5000000000,643001,648001,615001,33000,0,5000,0.49999999999999994,0,0.49999999999999994
3,208,0,7000000,148.27229039844227,0,2000000000,648001,650001,621001,29000,0,2000,0.19999999999999998,0,0.19999999999999998
3,217,1,4000000,164.43354554348085,1826726.5089101915,7000000000,651056,652456,648001,4455,2190,1400,0,0.656912785875051,0.656912785875051
3,218,1,2000000,160.9340759441579,1988628.4652330112,8000000000,653856,655456,651001,4455,1006,1600,0,0.30171548405835424,0.30171548405835424
3,209,0,6000000,137.30171521142773,0,7000000000,650001,657001,624001,33000,0,7000,0.7,0,0.7
3,211,0,3000000,127.67331475292714,0,4000000000,657001,661001,630001,31000,0,4000,0.39999999999999997,0,0.39999999999999997
3,220,1,6000000,171.39836201084304,1550399.4999606356,5000000000,661770,662770,657001,5769,3870,1000,0,1.160991086520411,1.160991086520411
3,216,0,10000000,173.3880252497271,0,5000000000,661001,666001,645001,21000,0,5000,0.49999999999999994,0,0.49999999999999994
3,219,0,9000000,163.35406484076236,0,4000000000,666001,670001,654001,16000,0,4000,0.39999999999999997,0,0.39999999999999997
3,224,1,2000000,176.8836976660088,1368573.8906146407,9000000000,670462,672262,669001,3261,1461,1800,0,0.43841257247026233,0.43841257247026233
3,221,0,4000000,182.52373790825126,0,6000000000,670001,676001,660001,16000,0,6000,0.6,0,0.6
3,226,1,4000000,149.85363125396728,2633450.3669000254,6000000000,677116,678316,675001,3315,1519,1200,0,0.45567595086767626,0.45567595086767626
3,223,0,10000000,197.62763394829176,0,5000000000,676001,681001,666001,15000,0,5000,0.49999999999999994,0,0.49999999999999994
3,222,1,9000000,198.26487258210918,870043.5461356237,3000000000,683570,684170,663001,21169,10344,600,0,3.1032929466488106,3.1032929466488106
3,225,0,7000000,159.29879158361499,0,4000000000,681001,685001,672001,13000,0,4000,0.39999999999999997,0,0.39999999999999997
3,227,1,9000000,145.63609614377884,2945590.79879996,9000000000,685116,686916,678001,8915,3055,1800,0,0.9166242646806154,0.9166242646806154
3,228,1,10000000,139.65659347127155,3470647.129782172,7000000000,691316,692716,681001,11715,2881,1400,0,0.8643921112741556,0.8643921112741556
3,230,0,9000000,146.6802484999258,0,7000000000,687001,694001,687001,7000,0,7000,0.7,0,0.7
3,229,1,6000000,139.64230770078242,3472033.9295853567,4000000000,696716,697516,684001,13515,1728,800,0,0.5184281134645947,0.5184281134645947
3,232,1,7000000,159.54114829723395,2057998.432278069,9000000000,696601,698401,693001,5400,3401,1800,0,1.0204089405818633,1.0204089405818633
3,233,1,6000000,135.70115585358886,3882154.0879047113,7000000000,698401,699801,696001,3800,1546,1400,0,0.4636601122062885,0.4636601122062885
3,234,0,3000000,115.4712518335191,0,3000000000,699001,702001,699001,3000,0,3000,0.3,0,0.3
3,235,1,6000000,100.93785910152836,11977719.124509705,7000000000,702502,703902,702001,1901,501,1400,0,0.15027902902788104,0.15027902902788104
3,231,1,10000000,159.62429013154608,2053774.4841021863,10000000000,702916,704916,690001,14915,4869,2000,0,1.4607251298632522,1.4607251298632522
3,236,0,8000000,94.7591325414073,0,7000000000,705001,712001,705001,7000,0,7000,0.7,0,0.7
3,238,1,8000000,110.74916026769688,8472833.09743969,9000000000,712633,714433,711001,3432,944,1800,0,0.28325826466772125,0.28325826466772125
3,237,0,10000000,98.28872773619563,0,3000000000,712001,715001,708001,7000,0,3000,0.3,0,0.3
3,239,1,2000000,128.2689600020208,4830984.557517536,6000000000,715233,716433,714001,2432,414,1200,0,0.12419828564062266,0.12419828564062266
3,240,1,6000000,143.15964969222304,3150254.1014788663,10000000000,721077,723077,717001,6076,1905,2000,0,0.5713824796402937,0.5713824796402937
3,241,1,4000000,162.18696433437557,1928693.2181762755,7000000000,726077,727477,720001,7476,2074,1400,0,0.6221829312671563,0.6221829312671563
3,243,1,2000000,196.86753008050874,894855.4281086748,7000000000,730477,731877,726001,5876,2235,1400,0,0.6704993691194703,0.6704993691194703
3,242,1,8000000,179.79154624175186,1282924.3104324702,8000000000,731877,733477,723001,10476,6236,1600,0,1.8707261063522655,1.8707261063522655
3,245,1,2000000,170.996623650878,1564863.4602491725,2000000000,733279,733679,732001,1678,1278,400,0,0.3834200332752752,0.3834200332752752
3,246,1,8000000,146.1482931819596,2905330.5699255574,5000000000,737755,738755,735001,3754,2754,1000,0,0.8260677889268534,0.8260677889268534
3,247,0,6000000,121.31295272970642,0,3000000000,738001,741001,738001,3000,0,3000,0.3,0,0.3
3,244,1,10000000,194.9758459399523,929866.0242738749,6000000000,741500,742700,729001,13699,10754,1200,0,3.226271227989727,3.226271227989727
3,248,1,3000000,96.96907806099837,13873330.463343984,7000000000,742700,744100,741001,3099,216,1400,0,0.06487267079653106,0.06487267079653106
3,250,1,5000000,48.287419686705135,107670460.2003881,2000000000,747047,747447,747001,446,46,400,0,0.013931397685199019,0.013931397685199019
3,249,0,4000000,72.95464687050439,0,7000000000,744001,751001,744001,7000,0,7000,0.7,0,0.7
3,252,1,5000000,3.611993909186394,837460925.8140008,8000000000,753007,754607,753001,1606,6,1600,0,0.0017911283425456775,0.0017911283425456775
3,253,1,7000000,21.535628618640352,323111456.7532471,9000000000,756023,757823,756001,1822,22,1800,0,0.006499305289579139,0.006499305289579139
3,251,0,5000000,24.062445844094874,0,7000000000,751001,758001,750001,8000,0,7000,0.7,0,0.7
3,254,0,3000000,46.3662506571321,0,4000000000,759001,763001,759001,4000,0,4000,0.39999999999999997,0,0.39999999999999997
3,255,1,8000000,71.23475907167796,39462302.64486782,5000000000,762204,763204,762001,1203,203,1000,0,0.060817535702319854,0.060817535702319854
3,256,1,5000000,96.1092029932618,14329647.773102397,2000000000,765350,765750,765001,749,349,400,0,0.10467807888590182,0.10467807888590182
3,258,1,10000000,124.02617344738168,5500828.04325199,2000000000,772819,773219,771001,2218,1818,400,0,0.5453724378241888,0.5453724378241888
3,257,0,2000000,119.34217192593744,0,6000000000,768001,774001,768001,6000,0,6000,0.6,0,0.6
3,259,1,8000000,130.06235504557034,4578097.414773161,5000000000,777369,778369,774001,4368,1747,1000,0,0.5242352406603207,0.5242352406603207
3,260,1,8000000,140.08565415487772,3429312.089898489,6000000000,782169,783369,777001,6368,2333,1200,0,0.6998488143057993,0.6998488143057993
3,261,0,7000000,153.50102703239477,0,4000000000,780001,784001,780001,4000,0,4000,0.39999999999999997,0,0.39999999999999997
3,263,0,3000000,186.6519370378996,0,3000000000,786001,789001,786001,3000,0,3000,0.3,0,0.3
3,262,1,8000000,169.46653769992463,1621509.9342933972,5000000000,788015,789015,783001,6014,4934,1000,0,1.4801019403225821,1.4801019403225821
3,264,0,8000000,205.99902524041224,0,9000000000,789001,798001,789001,9000,0,9000,0.8999999999999999,0,0.8999999999999999
3,268,1,3000000,191.58182403349227,997065.4711072595,7000000000,804010,805410,801001,4409,3009,1400,0,0.9026488491277643,0.9026488491277643
3,265,0,9000000,223.08912142908264,0,9000000000,798001,807001,792001,15000,0,9000,0.8999999999999999,0,0.8999999999999999
3,266,0,6000000,212.99275950135026,0,10000000000,807001,817001,795001,22000,0,10000,0.9999999999999999,0,0.9999999999999999
3,273,1,3000000,188.10812635290367,1072219.948496212,3000000000,818799,819399,816001,3398,2798,600,0,0.8393800183089762,0.8393800183089762
3,267,0,4000000,200.16198490222865,0,5000000000,817001,822001,798001,24000,0,5000,0.49999999999999994,0,0.49999999999999994
3,274,1,9000000,188.91611498228525,1054126.4023623595,5000000000,828428,829428,819001,10427,8538,1000,0,2.561362654373461,2.561362654373461
3,269,0,5000000,187.81536465369385,0,8000000000,822001,830001,804001,26000,0,8000,0.7999999999999999,0,0.7999999999999999
3,270,0,2000000,215.43569620654793,0,4000000000,830001,834001,807001,27000,0,4000,0.39999999999999997,0,0.39999999999999997
3,277,1,6000000,224.24032844249933,532948.9463762149,7000000000,839259,840659,828001,12658,11258,1400,0,3.3774342031053743,3.3774342031053743
3,271,0,9000000,204.04271636105995,0,8000000000,834001,842001,810001,32000,0,8000,0.7999999999999999,0,0.7999999999999999
3,282,1,2000000,192.84657580574267,971338.9077302935,6000000000,845588,846788,843001,3787,2059,1200,0,0.6177040734443625,0.6177040734443625
3,272,0,5000000,193.3417828613359,0,8000000000,842001,850001,813001,37000,0,8000,0.7999999999999999,0,0.7999999999999999
3,284,1,2000000,186.87296781503744,1100632.7625408557,8000000000,851640,853240,849001,4239,1817,1600,0,0.5451409592922488,0.5451409592922488
3,281,1,9000000,202.25234238445793,803803.0316475955,3000000000,853240,853840,840001,13839,11197,600,0,3.359031869369383,3.359031869369383
3,275,0,7000000,195.69025243992104,0,4000000000,850001,854001,822001,32000,0,4000,0.39999999999999997,0,0.39999999999999997
3,276,0,9000000,207.74860697487227,0,4000000000,854001,858001,825001,33000,0,4000,0.39999999999999997,0,0.39999999999999997
3,286,1,2000000,192.17207107173508,984954.9096128561,6000000000,859640,860840,855001,5839,2031,1200,0,0.609164941607159,0.609164941607159
3,278,0,3000000,244.47507562121743,0,6000000000,858001,864001,831001,33000,0,6000,0.6,0,0.6
3,287,1,4000000,168.09835037858042,1674333.6803394747,10000000000,863040,865040,858001,7039,2389,2000,0,0.7167030169020415,0.7167030169020415
3,288,1,4000000,144.49894117259134,3037465.741510731,5000000000,868640,869640,861001,8639,1317,1000,0,0.39506618415494005,0.39506618415494005
3,279,0,6000000,234.11876580060803,0,10000000000,864001,874001,834001,40000,0,10000,0.9999999999999999,0,0.9999999999999999
3,291,1,7000000,168.62343846571272,1653811.740331446,7000000000,877240,878640,870001,8639,4233,1400,0,1.2697938639491892,1.2697938639491892
3,280,0,2000000,215.55462254379984,0,7000000000,874001,881001,837001,44000,0,7000,0.7,0,0.7
3,294,1,3000000,160.37415034848982,2016159.837560984,2000000000,880773,881173,879001,2172,1488,400,0,0.44639317936655265,0.44639317936655265
3,283,0,5000000,186.86977952574352,0,3000000000,881001,884001,846001,38000,0,3000,0.3,0,0.3
3,295,1,2000000,140.95868969311547,3347062.1721190712,9000000000,883469,885269,882001,3268,598,1800,0,0.1792616835737269,0.1792616835737269
3,296,1,6000000,124.3000024135157,5454296.539207274,8000000000,886101,887701,885001,2700,1100,1600,0,0.33001506006521814,0.33001506006521814
3,292,1,9000000,190.46053895754898,1020586.6551014864,9000000000,886040,887840,873001,14839,8818,1800,0,2.645537237336808,2.645537237336808
3,285,0,6000000,192.82952315452104,0,5000000000,884001,889001,852001,37000,0,5000,0.49999999999999994,0,0.49999999999999994
3,298,1,9000000,104.65240083247011,10476809.38237258,6000000000,893265,894465,891001,3464,859,1200,0,0.2577120477674051,0.2577120477674051
3,289,0,5000000,131.28870933937915,0,10000000000,889001,899001,864001,35000,0,10000,0.9999999999999999,0,0.9999999999999999
3,300,1,8000000,128.9208846541165,4737121.39972993,10000000000,898690,900690,897001,3689,1689,2000,0,0.5066367942643031,0.5066367942643031
3,290,0,7000000,148.45785462547957,0,4000000000,899001,903001,867001,36000,0,4000,0.39999999999999997,0,0.39999999999999997
3,301,1,6000000,155.68079714595495,2266547.245618273,5000000000,905090,906090,900001,6089,2647,1000,0,0.7941594879523425,0.7941594879523425
3,302,1,9000000,118.88129583748646,6472354.444586503,7000000000,906890,908290,903001,5289,1391,1400,0,0.41715885974976047,0.41715885974976047
3,303,1,4000000,132.82092380344307,4220018.716443636,10000000000,908290,910290,906001,4289,948,2000,0,0.2843589283915034,0.2843589283915034
3,293,0,5000000,180.04861149145248,0,9000000000,903001,912001,876001,36000,0,9000,0.8999999999999999,0,0.8999999999999999
3,297,0,6000000,111.70841910975197,0,6000000000,912001,918001,888001,30000,0,6000,0.6,0,0.6
3,304,1,6000000,160.5536483546855,2007282.8085826107,3000000000,918090,918690,909001,9689,2989,600,0,0.8967346266822372,0.8967346266822372
3,299,0,9000000,104.83569811853218,0,5000000000,918001,923001,894001,29000,0,5000,0.49999999999999994,0,0.49999999999999994
3,306,1,2000000,189.62566202916742,1038549.6848107313,4000000000,922490,923290,915001,8289,1926,800,0,0.5777287391978227,0.5777287391978227
3,308,0,8000000,211.66403615163344,0,2000000000,923001,925001,921001,4000,0,2000,0.19999999999999998,0,0.19999999999999998
3,305,1,8000000,184.5808475980106,1155886.1532010431,2000000000,926090,926490,912001,14489,6921,400,0,2.0763290513979955,2.0763290513979955
3,307,1,4000000,198.85353026788337,859847.8750437587,5000000000,935490,936490,918001,18489,4652,1000,0,1.3955957034131539,1.3955957034131539
3,312,0,2000000,177.68493971071376,0,6000000000,933001,939001,933001,6000,0,6000,0.6,0,0.6
3,309,1,3000000,226.7316369631729,509989.4538653318,7000000000,948290,949690,924001,25689,5882,1400,0,1.7647423749230209,1.7647423749230209
3,310,1,3000000,215.4054493275414,625510.6902072884,8000000000,950490,952090,927001,25089,4796,1600,0,1.4388243304071247,1.4388243304071247
3,311,1,3000000,194.39657301506108,940926.8168289192,9000000000,952490,954290,930001,24289,3188,1800,0,0.9565037194211878,0.9565037194211878
3,317,0,3000000,141.47577213077864,0,7000000000,948001,955001,948001,7000,0,7000,0.7,0,0.7
3,314,1,4000000,149.39275116283255,2665502.2019429887,8000000000,966090,967690,939001,28689,1501,1600,0,0.45019658926759587,0.45019658926759587
3,313,1,10000000,161.6496124338069,1954120.6569102888,7000000000,967690,969090,936001,33089,5117,1400,0,1.5352173825046087,1.5352173825046087
3,324,0,6000000,212.75949332520986,0,2000000000,969001,971001,969001,2000,0,2000,0.19999999999999998,0,0.19999999999999998
3,315,1,4000000,142.60836616412098,3198178.877279371,3000000000,972690,973290,942001,31289,1251,600,0,0.3752135343413989,0.3752135343413989
3,325,0,3000000,231.18150185514406,0,6000000000,972001,978001,972001,6000,0,6000,0.6,0,0.6
3,316,1,2000000,152.90901248781904,2432596.387574665,6000000000,978290,979490,945001,34489,822,1200,0,0.24665004152135941,0.24665004152135941
3,318,1,4000000,140.65953291547643,3374969.4824480778,4000000000,980890,981690,951001,30689,1185,800,0,0.35555877060244245,0.35555877060244245
3,319,1,8000000,144.69918382630914,3021033.44916304,9000000000,983690,985490,954001,31489,2648,1800,0,0.7944301314058294,0.7944301314058294
3,329,0,4000000,193.9192099818891,0,3000000000,984001,987001,984001,3000,0,3000,0.3,0,0.3
3,320,1,10000000,152.85388186107673,2436049.1667047455,6000000000,986290,987490,957001,30489,4105,1200,0,1.231502237722941,1.231502237722941
3,328,1,5000000,210.68229280126982,683243.141727938,7000000000,989463,990863,981001,9862,7318,1400,0,2.1954117185962008,2.1954117185962008
3,321,1,9000000,163.7931808714881,1855095.1359655014,9000000000,989490,991290,960001,31289,4852,1800,0,1.4554509618692737,1.4554509618692737
3,327,1,6000000,230.0309642200371,481449.23745747533,8000000000,991663,993263,978001,15262,12462,1600,0,3.7387119138577667,3.7387119138577667
3,332,0,10000000,157.5366700168567,0,2000000000,993001,995001,993001,2000,0,2000,0.19999999999999998,0,0.19999999999999998
3,330,1,6000000,185.4132209417656,1135430.489374655,3000000000,995063,995663,987001,8662,5284,600,0,1.5853018012501676,1.5853018012501676
3,322,1,9000000,178.1147119134183,1331472.944638493,5000000000,995490,996490,963001,33489,6759,1000,0,2.0278294131865175,2.0278294131865175
3,331,1,5000000,170.41089196409953,1586253.4068626596,6000000000,995663,996863,990001,6862,3152,1200,0,0.9456244465799104,0.9456244465799104
3,323,1,8000000,194.62697140941182,936508.010975398,6000000000,998290,999490,966001,33489,8542,1200,0,2.5627116606299354,2.5627116606299354
3,333,1,6000000,146.29914695581786,2893602.7607299685,3000000000,999063,999663,996001,3662,2074,600,0,0.6220618892228021,0.6220618892228021
4,1,0,7000000,218.64258917237515,0,5000000000,1,5001,1,5000,0,5000,0.49999999999999994,0,0.49999999999999994
4,3,1,5000000,199.3570989455856,851243.8270199922,8000000000,11875,13475,6001,7474,5874,1600,0,1.762127315802281,1.762127315802281
4,2,0,7000000,213.06791640225893,0,10000000000,5001,15001,3001,12000,0,10000,0.9999999999999999,0,0.9999999999999999
4,5,0,9000000,179.05946386605765,0,3000000000,15001,18001,12001,6000,0,3000,0.3,0,0.3
4,6,1,2000000,176.58283155505242,1377836.250143865,9000000000,16453,18253,15001,3252,1452,1800,0,0.4354653899818297,0.4354653899818297
4,4,1,10000000,186.87452902950687,1100596.2618966282,6000000000,18253,19453,9001,10452,9086,1200,0,2.725795192898602,2.725795192898602
4,7,0,7000000,179.66557377527843,0,8000000000,18001,26001,18001,8000,0,8000,0.7999999999999999,0,0.7999999999999999
4,8,0,6000000,187.98747006117193,0,8000000000,26001,34001,21001,13000,0,8000,0.7999999999999999,0,0.7999999999999999
4,9,0,2000000,200.92013263981295,0,2000000000,34001,36001,24001,12000,0,2000,0.19999999999999998,0,0.19999999999999998
4,10,1,7000000,217.52034433588042,601636.149393401,8000000000,38636,40236,27001,13235,11635,1600,0,3.490481750668278,3.490481750668278
4,13,0,4000000,209.16567237479478,0,7000000000,36001,43001,36001,7000,0,7000,0.7,0,0.7
4,11,1,6000000,236.91927443751803,428011.22633488383,7000000000,44019,45419,30001,15418,14018,1400,0,4.205497167477675,4.205497167477675
4,12,1,6000000,227.95178481424534,499195.0084397288,7000000000,45020,46420,33001,13419,12019,1400,0,3.6058052856458525,3.6058052856458525
4,14,1,8000000,193.67189780657384,954995.6366907427,9000000000,47378,49178,39001,10177,8377,1800,0,2.5131004873660956,2.5131004873660956
4,15,1,7000000,182.45492292618474,1210250.19770478,5000000000,49178,50178,42001,8177,5784,1000,0,1.735178398634114,1.735178398634114
4,16,0,6000000,176.2890467385878,0,9000000000,45001,54001,45001,9000,0,9000,0.8999999999999999,0,0.8999999999999999
4,17,1,10000000,175.60692839406988,1408421.2220610818,4000000000,55911,56711,48001,8710,7100,800,0,2.130044586810332,2.130044586810332
4,18,0,2000000,180.47075885029133,0,8000000000,54001,62001,51001,11000,0,8000,0.7999999999999999,0,0.7999999999999999
4,19,0,9000000,190.5755671643141,0,4000000000,62001,66001,54001,12000,0,4000,0.39999999999999997,0,0.39999999999999997
4,22,1,2000000,240.62795057931234,402299.8960409294,2000000000,67972,68372,63001,5371,4971,400,0,1.4914246956180095,1.4914246956180095
4,24,1,3000000,205.6257576277836,752606.9268192279,3000000000,72987,73587,69001,4586,3986,600,0,1.1958433651464055,1.1958433651464055
4,20,0,3000000,205.36544840844087,0,10000000000,66001,76001,57001,19000,0,10000,0.9999999999999999,0,0.9999999999999999
4,26,1,4000000,171.5400944385889,1545336.2969042694,3000000000,78792,79392,75001,4391,2588,600,0,0.7765300034716894,0.7765300034716894
4,21,0,10000000,223.61109543133145,0,6000000000,76001,82001,60001,22000,0,6000,0.6,0,0.6
4,27,1,9000000,158.39679321248897,2117245.1345495684,6000000000,82252,83452,78001,5451,4251,1200,0,1.2752420378448097,1.2752420378448097
4,29,1,4000000,140.25455892768687,3413206.6176127344,2000000000,85173,85573,84001,1572,1172,400,0,0.3515755518015795,0.3515755518015795
4,23,0,9000000,223.17800070795514,0,7000000000,82001,89001,66001,23000,0,7000,0.7,0,0.7
4,30,1,3000000,137.39902255838652,3698536.990701233,8000000000,87812,89412,87001,2411,811,1600,0,0.24333946159326159,0.24333946159326159
4,25,0,9000000,187.67957187717582,0,2000000000,89001,91001,72001,19000,0,2000,0.19999999999999998,0,0.19999999999999998
4,31,1,5000000,139.3392137913804,3501618.52104618,6000000000,91429,92629,90001,2628,1428,1200,0,0.4283733339266907,0.4283733339266907
4,28,0,5000000,147.46926798489235,0,3000000000,91001,94001,81001,13000,0,3000,0.3,0,0.3
4,32,1,8000000,142.60337478475043,3198616.8863390135,2000000000,95502,95902,93001,2901,2501,400,0,0.7503243074374334,0.7503243074374334
4,33,1,9000000,160.39771725308316,2014991.570849923,6000000000,100468,101668,96001,5667,4467,1200,0,1.3399559775136631,1.3399559775136631
4,34,1,3000000,149.69513552550728,2644418.893815905,8000000000,100235,101835,99001,2834,1134,1600,0,0.3403394228140978,0.3403394228140978
4,35,1,2000000,124.81518577480873,5368048.876353796,5000000000,103733,104733,102001,2732,373,1000,0,0.1117724547261472,0.1117724547261472
4,36,1,4000000,100.04840678391639,12374345.425771752,9000000000,106091,107891,105001,2890,323,1800,0,0.0969748264421962,0.0969748264421962
4,37,1,4000000,151.13302815731578,2546939.7265242687,9000000000,109572,111372,108001,3371,1571,1800,0,0.47115367022744725,0.47115367022744725
4,38,1,6000000,161.62960279602254,1955075.513723934,9000000000,114070,115870,111001,4869,3069,1800,0,0.9206805503749809,0.9206805503749809
4,40,1,4000000,115.7632592837641,7163418.989994845,9000000000,117932,119732,117001,2731,558,1800,0,0.1675177735207226,0.1675177735207226
4,39,0,4000000,146.4108004895814,0,6000000000,114001,120001,114001,6000,0,6000,0.6,0,0.6
4,41,1,4000000,85.5271114910354,21670286.71156559,3000000000,120186,120786,120001,785,185,600,0,0.05537536332454481,0.05537536332454481
4,42,1,2000000,69.23449429294621,43039778.64598587,2000000000,123345,123745,123001,744,46,400,0,0.013940592142333412,0.013940592142333412
4,43,1,9000000,73.38480769205574,35970653.92472332,8000000000,126522,128122,126001,2121,250,1600,0,0.0750611875349933,0.0750611875349933
4,44,0,10000000,92.88830281580134,0,7000000000,129001,136001,129001,7000,0,7000,0.7,0,0.7
4,45,0,5000000,109.39957769571146,0,5000000000,136001,141001,132001,9000,0,5000,0.49999999999999994,0,0.49999999999999994
4,46,0,10000000,130.6768510486842,0,9000000000,141001,150001,135001,15000,0,9000,0.8999999999999999,0,0.8999999999999999
4,47,0,7000000,164.46658019184326,0,4000000000,150001,154001,138001,16000,0,4000,0.39999999999999997,0,0.39999999999999997
4,48,0,3000000,189.22027190552288,0,7000000000,154001,161001,141001,20000,0,7000,0.7,0,0.7
4,49,0,9000000,218.26073398575377,0,10000000000,161001,171001,144001,27000,0,10000,0.9999999999999999,0,0.9999999999999999
4,50,0,8000000,190.65249854119403,0,9000000000,171001,180001,147001,33000,0,9000,0.8999999999999999,0,0.8999999999999999
4,51,0,3000000,166.80610300585525,0,9000000000,180001,189001,150001,39000,0,9000,0.8999999999999999,0,0.8999999999999999
4,53,1,10000000,113.41044043649593,7744812.068182341,3000000000,190104,190704,156001,34703,1291,600,0,0.3873560744391415,0.3873560744391415
4,55,1,7000000,78.19628763566723,29319435.60089509,3000000000,193704,194304,162001,32303,239,600,0,0.0716248439630908,0.0716248439630908
4,56,1,7000000,68.80335020912864,43855282.54710552,5000000000,195504,196504,165001,31503,160,1000,0,0.047884767308119906,0.047884767308119906
4,52,0,9000000,139.33666602872339,0,9000000000,189001,198001,153001,45000,0,9000,0.8999999999999999,0,0.8999999999999999
4,57,1,6000000,72.20562374219894,37842217.41247866,5000000000,199504,200504,168001,32503,159,1000,0,0.04756592301080224,0.04756592301080224
4,54,0,10000000,91.39421535305179,0,7000000000,198001,205001,159001,46000,0,7000,0.7,0,0.7
4,58,1,3000000,85.84191167489224,21396702.097872697,5000000000,204904,205904,171001,34903,140,1000,0,0.04206255692504499,0.04206255692504499
4,60,0,3000000,114.77240260620147,0,2000000000,205001,207001,177001,30000,0,2000,0.19999999999999998,0,0.19999999999999998
4,59,1,3000000,92.26065900480006,16601456.762977444,5000000000,208904,209904,174001,35903,181,1000,0,0.05421210998826747,0.05421210998826747
4,61,0,10000000,135.79848784136,0,10000000000,207001,217001,180001,37000,0,10000,0.9999999999999999,0,0.9999999999999999
4,72,1,4000000,185.66820837181578,1129254.4209699363,8000000000,216543,218143,213001,5142,3542,1600,0,1.0626480425636051,1.0626480425636051
4,74,1,4000000,173.85181304777925,1465580.280018182,3000000000,222069,222669,219001,3668,2729,600,0,0.8187883095596188,0.8187883095596188
4,62,0,2000000,136.7228561726239,0,6000000000,217001,223001,183001,40000,0,6000,0.6,0,0.6
4,73,1,7000000,183.3665891049948,1186555.9019437665,4000000000,222669,223469,216001,7468,5899,800,0,1.769828118978522,1.769828118978522
4,63,0,4000000,136.7228561726239,0,3000000000,223001,226001,186001,40000,0,3000,0.3,0,0.3
4,64,1,5000000,136.7228561726239,3770352.86616931,3000000000,225904,226504,189001,37503,1326,600,0,0.3978407468062809,0.3978407468062809
4,76,1,4000000,154.68384918924147,2324606.1309041213,9000000000,226722,228522,225001,3521,1721,1800,0,0.5162164824598814,0.5162164824598814
4,77,1,7000000,157.6211740217665,2158605.7446328886,7000000000,231244,232644,228001,4643,3243,1400,0,0.9728501859227399,0.9728501859227399
4,68,0,6000000,157.61006313049938,0,7000000000,226001,233001,201001,32000,0,7000,0.7,0,0.7
4,65,1,4000000,136.7228561726239,3770352.86616931,9000000000,231504,233304,192001,41303,1061,1800,0,0.31827259744502473,0.31827259744502473
4,69,0,2000000,178.05766734403772,0,3000000000,233001,236001,204001,32000,0,3000,0.3,0,0.3
4,78,1,5000000,169.27700759406164,1628702.6916871634,10000000000,234071,236071,231001,5070,3070,2000,0,0.920978400573624,0.920978400573624
4,66,1,2000000,136.7228561726239,3770352.86616931,7000000000,234704,236104,195001,41103,530,1400,0,0.15913629872251236,0.15913629872251236
4,79,1,4000000,159.73429500266997,2048202.2827551332,4000000000,237271,238071,234001,4070,1953,800,0,0.585879632155191,0.585879632155191
4,67,1,2000000,144.45870863329768,3040780.5996291046,6000000000,239104,240304,198001,42303,658,1200,0,0.19731775455065198,0.19731775455065198
4,81,1,8000000,124.6586804037328,5394072.237190162,9000000000,241771,243571,240001,3570,1483,1800,0,0.4449328623100141,0.4449328623100141
4,70,0,9000000,203.71433773792165,0,8000000000,236001,244001,207001,37000,0,8000,0.7999999999999999,0,0.7999999999999999
4,82,1,8000000,130.13376579504646,4568368.10912973,3000000000,244752,245352,243001,2351,1751,600,0,0.5253517104288686,0.5253517104288686
4,71,0,8000000,188.3723326287595,0,4000000000,244001,248001,210001,38000,0,4000,0.39999999999999997,0,0.39999999999999997
4,75,0,7000000,161.2359872981215,0,3000000000,248001,251001,222001,29000,0,3000,0.3,0,0.3
4,85,1,9000000,177.1318345188126,1360993.0088696587,8000000000,258739,260339,252001,8338,6613,1600,0,1.9838456056746556,1.9838456056746556
4,80,0,9000000,135.10668266225767,0,10000000000,251001,261001,237001,24000,0,10000,0.9999999999999999,0,0.9999999999999999
4,87,1,2000000,222.78491892406004,546959.4228092436,4000000000,263538,264338,258001,6337,3657,800,0,1.0969735139004173,1.0969735139004173
4,83,0,10000000,142.34388571343695,0,8000000000,261001,269001,246001,23000,0,8000,0.7999999999999999,0,0.7999999999999999
4,90,1,2000000,208.80390082563113,708040.7050412463,10000000000,271738,273738,267001,6737,2825,2000,0,0.8474089070416475,0.8474089070416475
4,84,0,4000000,156.57318320836427,0,5000000000,269001,274001,249001,25000,0,5000,0.49999999999999994,0,0.49999999999999994
4,86,0,7000000,200.47425695086142,0,4000000000,274001,278001,255001,23000,0,4000,0.39999999999999997,0,0.39999999999999997
4,92,1,3000000,190.9989931910637,1009206.2882342977,9000000000,280138,281938,273001,8937,2973,1800,0,0.8917899249068647,0.8917899249068647
4,91,1,8000000,196.39657252610087,903416.0595967417,6000000000,284738,285938,270001,15937,8855,1200,0,2.6565832813192287,2.6565832813192287
4,89,1,8000000,224.7863690262379,527808.1558876997,10000000000,285938,287938,264001,23937,15157,2000,0,4.547106696302437,4.547106696302437
4,88,0,5000000,237.99515163128848,0,10000000000,278001,288001,261001,27000,0,10000,0.9999999999999999,0,0.9999999999999999
4,93,1,4000000,200.03459300830943,839836.5566637967,4000000000,289538,290338,276001,14337,4763,800,0,1.4288494475245663,1.4288494475245663
4,94,0,8000000,192.2539367607332,0,4000000000,288001,292001,279001,13000,0,4000,0.39999999999999997,0,0.39999999999999997
4,97,0,6000000,208.12056722006113,0,2000000000,292001,294001,288001,6000,0,2000,0.19999999999999998,0,0.19999999999999998
4,96,1,5000000,200.25798585824236,836116.9851444624,9000000000,293338,295138,285001,10137,5980,1800,0,1.7940073298963461,1.7940073298963461
4,98,0,8000000,187.0848930298756,0,3000000000,294001,297001,291001,6000,0,3000,0.3,0,0.3
4,95,1,10000000,192.84230370953364,971424.407102114,10000000000,297538,299538,282001,17537,10294,2000,0,3.088248532841986,3.088248532841986
4,99,0,7000000,159.72275010154314,0,4000000000,297001,301001,294001,7000,0,4000,0.39999999999999997,0,0.39999999999999997
4,100,1,10000000,134.58048484085649,4009513.832263397,2000000000,305938,306338,297001,9337,2494,400,0,0.7482203891803212,0.7482203891803212
4,101,0,2000000,109.98609957626464,0,8000000000,301001,309001,300001,9000,0,8000,0.7999999999999999,0,0.7999999999999999
4,102,0,4000000,84.99378094896117,0,5000000000,309001,314001,303001,11000,0,5000,0.49999999999999994,0,0.49999999999999994
4,106,1,6000000,113.04096956413636,7841227.808034533,4000000000,316142,316942,315001,1941,765,800,0,0.22955588640794566,0.22955588640794566
4,103,0,7000000,67.33852537737968,0,8000000000,314001,322001,306001,16000,0,8000,0.7999999999999999,0,0.7999999999999999
4,104,0,8000000,69.68469846386654,0,2000000000,322001,324001,309001,15000,0,2000,0.19999999999999998,0,0.19999999999999998
4,108,1,5000000,169.03846574078932,1637811.864852851,6000000000,329112,330312,321001,9311,3053,1200,0,0.915856107889881,0.915856107889881
4,105,0,2000000,88.13506056048296,0,7000000000,324001,331001,312001,19000,0,7000,0.7,0,0.7
4,107,0,3000000,141.00304819400182,0,5000000000,331001,336001,318001,18000,0,5000,0.49999999999999994,0,0.49999999999999994
4,109,0,2000000,174.0341161956471,0,4000000000,336001,340001,324001,16000,0,4000,0.39999999999999997,0,0.39999999999999997
4,110,0,10000000,174.0341161956471,0,8000000000,340001,348001,327001,21000,0,8000,0.7999999999999999,0,0.7999999999999999
4,111,0,2000000,174.0341161956471,0,3000000000,348001,351001,330001,21000,0,3000,0.3,0,0.3
4,113,1,6000000,208.5287136103803,711767.1894171286,6000000000,351512,352712,336001,16711,8430,1200,0,2.528916795777048,2.528916795777048
4,112,0,10000000,183.05062960831356,0,8000000000,351001,359001,333001,26000,0,8000,0.7999999999999999,0,0.7999999999999999
4,114,1,5000000,196.53424561638104,900903.0560114225,2000000000,358704,359104,339001,20103,5550,400,0,1.6649960170420173,1.6649960170420173
4,116,1,8000000,165.12607062484105,1796650.272861033,8000000000,359104,360704,345001,15703,4453,1600,0,1.3358192388651005,1.3358192388651005
4,117,1,4000000,165.12607062484105,1796650.272861033,8000000000,360704,362304,348001,14303,2226,1600,0,0.6679096194325502,0.6679096194325502
4,115,0,10000000,168.71608725904002,0,4000000000,359001,363001,342001,21000,0,4000,0.39999999999999997,0,0.39999999999999997
4,118,1,10000000,164.02476398397897,1844773.1699464065,5000000000,362304,363304,351001,12303,5421,1000,0,1.626216192252598,1.626216192252598
4,119,1,9000000,149.7822502835366,2638383.2345123016,6000000000,363304,364504,354001,10503,3411,1200,0,1.0233539861388212,1.0233539861388212
4,123,1,7000000,77.73622064391861,29892581.729195233,3000000000,366504,367104,366001,1103,234,600,0,0.07025154331012466,0.07025154331012466
4,120,0,2000000,126.0344528293752,0,5000000000,363001,368001,357001,11000,0,5000,0.49999999999999994,0,0.49999999999999994
4,121,0,8000000,104.66140883821507,0,4000000000,368001,372001,360001,12000,0,4000,0.39999999999999997,0,0.39999999999999997
4,126,1,6000000,66.97865704834634,47491905.27846569,3000000000,375127,375727,375001,726,126,600,0,0.03790119578159304,0.03790119578159304
4,122,0,8000000,85.84064887918775,0,7000000000,372001,379001,363001,16000,0,7000,0.7,0,0.7
4,128,1,4000000,87.83643036918113,19752821.937972765,5000000000,381549,382549,381001,1548,203,1000,0,0.06075081341634147,0.06075081341634147
4,124,0,10000000,73.5898471258094,0,5000000000,379001,384001,369001,15000,0,5000,0.49999999999999994,0,0.49999999999999994
4,129,1,5000000,104.87553098792874,10394038.163780982,6000000000,386349,387549,384001,3548,481,1200,0,0.1443134974457659,0.1443134974457659
4,130,1,8000000,126.30831524488005,5127336.304012191,7000000000,388898,390298,387001,3297,1560,1400,0,0.46807930233130535,0.46807930233130535
4,131,1,4000000,149.14319193312178,2683059.0693922406,2000000000,391492,391892,390001,1891,1491,400,0,0.44725068250987887,0.44725068250987887
4,125,0,5000000,66.00694811911845,0,9000000000,384001,393001,372001,21000,0,9000,0.8999999999999999,0,0.8999999999999999
4,127,0,4000000,77.24027770535265,0,9000000000,393001,402001,378001,24000,0,9000,0.8999999999999999,0,0.8999999999999999
4,132,0,6000000,171.2728948199335,0,5000000000,402001,407001,393001,14000,0,5000,0.49999999999999994,0,0.49999999999999994
4,133,1,9000000,195.55164151701717,919031.6195049554,8000000000,405794,407394,396001,11393,9793,1600,0,2.937874979159454,2.937874979159454
4,135,1,5000000,193.18410390091623,964613.316486437,4000000000,408097,408897,402001,6896,5183,800,0,1.555027257413039,1.555027257413039
4,134,0,10000000,215.89313212791188,0,4000000000,407001,411001,399001,12000,0,4000,0.39999999999999997,0,0.39999999999999997
4,136,1,5000000,195.9243080886085,912103.0991906497,7000000000,412297,413697,405001,8696,5482,1400,0,1.6445509299672567,1.6445509299672567
4,137,0,3000000,212.7990437008588,0,9000000000,411001,420001,408001,12000,0,9000,0.8999999999999999,0,0.8999999999999999
4,141,1,2000000,195.36960689933323,922439.783431527,3000000000,422169,422769,420001,2768,2168,600,0,0.6504489623896823,0.6504489623896823
4,142,1,3000000,177.80874247347907,1340576.4516689077,7000000000,425239,426639,423001,3638,2238,1400,0,0.6713529831734504,0.6713529831734504
4,138,0,6000000,233.02734345994674,0,7000000000,420001,427001,411001,16000,0,7000,0.7,0,0.7
4,143,1,7000000,163.4057137923886,1872525.7722756895,5000000000,430425,431425,426001,5424,3738,1000,0,1.1214798915412842,1.1214798915412842
4,144,1,3000000,150.8992438682182,2562482.3657399933,3000000000,431425,432025,429001,3024,1171,600,0,0.3512219291858807,0.3512219291858807
4,139,0,3000000,230.5856066626883,0,6000000000,427001,433001,414001,19000,0,6000,0.6,0,0.6
4,140,0,7000000,214.5642095038219,0,2000000000,433001,435001,417001,18000,0,2000,0.19999999999999998,0,0.19999999999999998
4,145,1,7000000,142.08099274709477,3244869.5125906174,6000000000,434158,435358,432001,3357,2157,1200,0,0.6471754848235534,0.6471754848235534
4,146,1,8000000,137.69326054676748,3667812.1210063407,7000000000,437182,438582,435001,3581,2181,1400,0,0.6543410406042036,0.6543410406042036
4,147,1,9000000,138.36489222342493,3598848.179069288,3000000000,440502,441102,438001,3101,2501,600,0,0.7502400394945967,0.7502400394945967
4,149,0,8000000,155.76936316233687,0,2000000000,444001,446001,444001,2000,0,2000,0.19999999999999998,0,0.19999999999999998
4,148,1,6000000,140.64673263179628,3376169.9637570195,9000000000,444739,446539,441001,5538,1777,1800,0,0.5331485142403645,0.5331485142403645
4,150,1,10000000,153.61595001821914,2388853.734946732,10000000000,456469,458469,447001,11468,4186,2000,0,1.2558324338207738,1.2558324338207738
4,151,1,9000000,127.84251327316747,4893618.166389808,9000000000,458469,460269,450001,10268,1839,1800,0,0.5517390013270863,0.5517390013270863
4,152,1,5000000,102.17229614724337,11452046.73367108,2000000000,460869,461269,453001,8268,437,400,0,0.13098095343863117,0.13098095343863117
4,153,0,9000000,76.74338017053981,0,7000000000,456001,463001,456001,7000,0,7000,0.7,0,0.7
4,154,1,8000000,160.7056769376863,1999802.1423782958,5000000000,463887,464887,459001,5886,4000,1000,0,1.200118726318476,1.200118726318476
4,156,0,8000000,122.75831947367153,0,5000000000,465001,470001,465001,5000,0,5000,0.49999999999999994,0,0.49999999999999994
4,155,1,7000000,149.51650209926663,2656848.817871191,6000000000,469269,470469,462001,8468,2635,1200,0,0.7904100473743297,0.7904100473743297
4,157,0,8000000,96.13915799506466,0,5000000000,470001,475001,468001,7000,0,5000,0.49999999999999994,0,0.49999999999999994
4,159,1,5000000,68.9805661037948,43518112.56572207,8000000000,476069,477669,474001,3668,115,1600,0,0.03446840663722869,0.03446840663722869
4,158,0,9000000,73.12728697278465,0,6000000000,475001,481001,471001,10000,0,6000,0.6,0,0.6
4,161,1,7000000,99.28369705042212,12727880.450263686,6000000000,480551,481751,480001,1750,550,1200,0,0.1649921216816971,0.1649921216816971
4,160,0,9000000,79.39424790247719,0,3000000000,481001,484001,477001,7000,0,3000,0.3,0,0.3
4,163,1,5000000,133.92681284940673,4086175.3810544834,7000000000,487675,489075,486001,3074,1224,1400,0,0.36709143884394607,0.36709143884394607
4,162,0,2000000,111.98894811542793,0,9000000000,484001,493001,483001,10000,0,9000,0.8999999999999999,0,0.8999999999999999
4,164,0,2000000,163.81263931699533,0,4000000000,493001,497001,489001,8000,0,4000,0.39999999999999997,0,0.39999999999999997
4,166,1,3000000,182.87649958373544,1199220.925329857,9000000000,497503,499303,495001,4302,2502,1800,0,0.7504872379978247,0.7504872379978247
4,165,1,10000000,187.16523849262177,1093825.7500060566,3000000000,501143,501743,492001,9742,9142,600,0,2.7426671935483222,2.7426671935483222
4,167,0,6000000,178.51417534750567,0,7000000000,498001,505001,498001,7000,0,7000,0.7,0,0.7
4,170,1,2000000,202.2565820931423,803736.0104646782,8000000000,509489,511089,507001,4088,2488,1600,0,0.7465137709247485,0.7465137709247485
4,169,1,7000000,188.5916575567435,1061346.0734271158,7000000000,511889,513289,504001,9288,6595,1400,0,1.9786194650148767,1.9786194650148767
4,168,0,3000000,180.4898058063114,0,10000000000,505001,515001,501001,14000,0,10000,0.9999999999999999,0,0.9999999999999999
4,171,0,4000000,220.36255058425877,0,4000000000,515001,519001,510001,9000,0,4000,0.39999999999999997,0,0.39999999999999997
4,173,0,2000000,226.94719319700786,0,5000000000,519001,524001,516001,8000,0,5000,0.49999999999999994,0,0.49999999999999994
4,174,0,7000000,208.27719270241758,0,2000000000,524001,526001,519001,7000,0,2000,0.19999999999999998,0,0.19999999999999998
4,172,1,5000000,241.84127356594863,394308.919910155,9000000000,525681,527481,513001,14480,12680,1800,0,3.80412393496394,3.80412393496394
4,175,0,6000000,193.43708693009205,0,5000000000,526001,531001,522001,9000,0,5000,0.49999999999999994,0,0.49999999999999994
4,177,0,9000000,179.81847541340125,0,2000000000,531001,533001,528001,5000,0,2000,0.19999999999999998,0,0.19999999999999998
4,178,0,8000000,170.3512621027505,0,4000000000,533001,537001,531001,6000,0,4000,0.39999999999999997,0,0.39999999999999997
4,176,1,4000000,183.6905781470569,1178274.5659361505,5000000000,539132,540132,525001,15131,3395,1000,0,1.0184383459440869,1.0184383459440869
4,180,0,5000000,116.75144196111673,0,5000000000,537001,542001,537001,5000,0,5000,0.49999999999999994,0,0.49999999999999994
4,179,1,3000000,143.57898523112635,3114392.261872298,7000000000,546732,548132,534001,14131,963,1400,0,0.2889809389196663,0.2889809389196663
4,181,1,10000000,90.03981397137605,18103824.292455405,5000000000,549332,550332,540001,10331,552,1000,0,0.1657108438270814,0.1657108438270814
4,182,0,7000000,158.01476671501308,0,8000000000,543001,551001,543001,8000,0,8000,0.7999999999999999,0,0.7999999999999999
4,185,1,10000000,84.78587264397298,22330462.097966287,5000000000,558932,559932,552001,7931,448,1000,0,0.13434563005631758,0.13434563005631758
4,183,0,3000000,134.295085911585,0,9000000000,551001,560001,546001,14000,0,9000,0.8999999999999999,0,0.8999999999999999
4,186,1,4000000,78.44476528105615,29014985.462451752,5000000000,564332,565332,555001,10331,138,1000,0,0.04135793903991157,0.04135793903991157
4,184,0,6000000,108.52520306362017,0,10000000000,560001,570001,549001,21000,0,10000,0.9999999999999999,0,0.9999999999999999
4,188,1,6000000,98.40136686042527,13150799.924123218,3000000000,570332,570932,561001,9931,456,600,0,0.13687380314395653,0.13687380314395653
4,187,0,10000000,85.10917988090355,0,4000000000,570001,574001,558001,16000,0,4000,0.39999999999999997,0,0.39999999999999997
4,189,0,9000000,116.06747175673297,0,8000000000,574001,582001,564001,18000,0,8000,0.7999999999999999,0,0.7999999999999999
4,190,0,4000000,135.11240357568954,0,2000000000,582001,584001,567001,17000,0,2000,0.19999999999999998,0,0.19999999999999998
4,197,1,6000000,89.44959753962007,18529343.276739333,4000000000,589750,590550,588001,2549,324,800,0,0.09714321620127876,0.09714321620127876
4,191,0,9000000,156.83323021604832,0,8000000000,584001,592001,570001,22000,0,8000,0.7999999999999999,0,0.7999999999999999
4,198,1,2000000,79.79233171176293,27424190.254711334,8000000000,592950,594550,591001,3549,73,1600,0,0.021878494658449328,0.021878494658449328
4,192,0,10000000,179.7684824990187,0,5000000000,592001,597001,573001,24000,0,5000,0.49999999999999994,0,0.49999999999999994
4,199,1,7000000,77.98709957422449,29578508.316726983,8000000000,596350,597950,594001,3949,237,1600,0,0.07099749512426988,0.07099749512426988
4,193,0,9000000,165.80893854071923,0,3000000000,597001,600001,576001,24000,0,3000,0.3,0,0.3
4,200,1,2000000,84.52126359680153,22571685.99089554,8000000000,598550,600150,597001,3149,89,1600,0,0.026581975322623862,0.026581975322623862
4,194,0,5000000,143.3944019130454,0,6000000000,600001,606001,579001,27000,0,6000,0.6,0,0.6
4,203,1,8000000,127.98075636594746,4873205.555195946,10000000000,607643,609643,606001,3642,1642,2000,0,0.4924889731854331,0.4924889731854331
4,195,0,7000000,122.39493821232962,0,7000000000,606001,613001,582001,31000,0,7000,0.7,0,0.7
4,196,0,5000000,104.80898100830868,0,2000000000,613001,615001,585001,30000,0,2000,0.19999999999999998,0,0.19999999999999998
4,204,1,8000000,149.467953086941,2660239.5006876444,10000000000,613195,615195,609001,6194,3007,2000,0,0.9021744092513568,0.9021744092513568
4,201,0,2000000,97.45430980721171,0,5000000000,615001,620001,600001,20000,0,5000,0.49999999999999994,0,0.49999999999999994
4,206,1,9000000,171.29244495890646,1554196.703175071,8000000000,620792,622392,615001,7391,5791,1600,0,1.7372318410431355,1.7372318410431355
4,202,0,3000000,109.40365258984731,0,3000000000,620001,623001,603001,20000,0,3000,0.3,0,0.3
4,205,0,9000000,172.190684126639,0,2000000000,623001,625001,612001,13000,0,2000,0.19999999999999998,0,0.19999999999999998
4,207,0,5000000,154.98340362761428,0,4000000000,625001,629001,618001,11000,0,4000,0.39999999999999997,0,0.39999999999999997
4,211,1,7000000,143.93127283533622,3084653.101981655,5000000000,634330,635330,630001,5329,2269,1000,0,0.6807896805805844,0.6807896805805844
4,212,1,2000000,138.05591982961104,3630373.705940485,10000000000,635330,637330,633001,4329,551,2000,0,0.16527224153761436,0.16527224153761436
4,208,0,7000000,145.19722896804885,0,10000000000,629001,639001,621001,18000,0,10000,0.9999999999999999,0,0.9999999999999999
4,213,1,9000000,135.4706233838171,3907942.0175010925,2000000000,641730,642130,636001,6129,2303,400,0,0.6909007318707602,0.6909007318707602
4,209,0,5000000,138.92039231156812,0,4000000000,639001,643001,624001,19000,0,4000,0.39999999999999997,0,0.39999999999999997
4,214,1,8000000,142.32281089129742,3223356.6633241293,4000000000,643130,643930,639001,4929,2482,800,0,0.7445654485920178,0.7445654485920178
4,210,0,8000000,151.53682390759022,0,2000000000,643001,645001,627001,18000,0,2000,0.19999999999999998,0,0.19999999999999998
4,215,1,4000000,153.50999250863123,2395347.601996398,3000000000,645330,645930,642001,3929,1670,600,0,0.5009711321228961,0.5009711321228961
4,216,0,6000000,170.37294738308657,0,4000000000,645001,649001,645001,4000,0,4000,0.39999999999999997,0,0.39999999999999997
4,218,0,4000000,213.76301948653327,0,3000000000,651001,654001,651001,3000,0,3000,0.3,0,0.3
4,219,0,8000000,234.5297859547908,0,5000000000,654001,659001,654001,5000,0,5000,0.49999999999999994,0,0.49999999999999994
4,217,1,10000000,191.47814757825498,999211.7829900072,3000000000,661730,662330,648001,14329,10008,600,0,3.0023665163584266,3.0023665163584266
4,221,0,7000000,207.20458923489127,0,5000000000,660001,665001,660001,5000,0,5000,0.49999999999999994,0,0.49999999999999994
4,222,1,9000000,192.6370060502395,975544.1875850671,4000000000,672227,673027,663001,10026,9226,800,0,2.767686009881086,2.767686009881086
4,223,0,3000000,216.42956845126312,0,9000000000,666001,675001,666001,9000,0,9000,0.8999999999999999,0,0.8999999999999999
4,220,1,10000000,230.13088210842102,480616.4196669822,2000000000,677808,678208,657001,21207,20807,400,0,6.241983996465813,6.241983996465813
4,225,1,8000000,167.7727093421335,1687219.580070946,9000000000,678316,680116,672001,8115,4742,1800,0,1.4224585989566825,1.4224585989566825
4,226,1,8000000,139.9200378787827,3445195.0312078893,8000000000,680116,681716,675001,6715,2322,1600,0,0.6966223909705794,0.6966223909705794
4,224,1,10000000,191.88451735353735,990831.8621071909,9000000000,681716,683516,669001,14515,10093,1800,0,3.0277589112041006,3.0277589112041006
4,227,0,5000000,113.45820904632684,0,9000000000,678001,687001,678001,9000,0,9000,0.8999999999999999,0,0.8999999999999999
4,228,1,10000000,91.34028081848668,17205726.907209266,10000000000,687916,689916,681001,8915,581,2000,0,0.1743605496111291,0.1743605496111291
4,229,1,4000000,77.83028330926211,29774392.510575082,2000000000,694716,695116,684001,11115,134,400,0,0.040303089293049106,0.040303089293049106
4,231,0,10000000,72.87422109360759,0,7000000000,690001,697001,690001,7000,0,7000,0.7,0,0.7
4,230,1,6000000,68.65964535300193,44130728.271459445,10000000000,697516,699516,687001,12515,136,2000,0,0.04078790608049198,0.04078790608049198
4,232,1,3000000,85.09866332675263,22049109.055002365,8000000000,701316,702916,693001,9915,136,1600,0,0.04081797580822494,0.04081797580822494
4,235,0,2000000,136.51533613480942,0,3000000000,702001,705001,702001,3000,0,3000,0.3,0,0.3
4,233,1,4000000,94.01411649321605,15517576.791618967,9000000000,704916,706716,696001,10715,258,1800,0,0.0773316617739001,0.0773316617739001
4,234,1,8000000,117.6430167923281,6736651.040272955,6000000000,706716,707916,699001,8915,1188,1200,0,0.3562601039674391,0.3562601039674391
4,236,1,10000000,136.7228561726239,3770352.86616931,7000000000,714316,715716,705001,10715,2652,1400,0,0.7956814936125618,0.7956814936125618
4,237,1,10000000,136.7228561726239,3770352.86616931,2000000000,722316,722716,708001,14715,2652,400,0,0.7956814936125618,0.7956814936125618
4,238,1,7000000,136.7228561726239,3770352.86616931,3000000000,723116,723716,711001,12715,1857,600,0,0.5569770455287932,0.5569770455287932
4,239,1,2000000,136.7228561726239,3770352.86616931,7000000000,727916,729316,714001,15315,530,1400,0,0.15913629872251236,0.15913629872251236
4,240,1,6000000,136.7228561726239,3770352.86616931,9000000000,737516,739316,717001,22315,1591,1800,0,0.47740889616753707,0.47740889616753707
4,241,1,4000000,136.7228561726239,3770352.86616931,3000000000,742916,743516,720001,23515,1061,600,0,0.31827259744502473,0.31827259744502473
4,242,1,3000000,136.7228561726239,3770352.86616931,5000000000,746516,747516,723001,24515,796,1000,0,0.23870444808376853,0.23870444808376853
4,243,1,8000000,140.610658557593,3379556.0228465823,2000000000,750116,750516,726001,24515,2367,400,0,0.7101524530960409,0.7101524530960409
4,244,1,2000000,159.78143603059777,2045820.1310281465,2000000000,752916,753316,729001,24315,978,400,0,0.2932809150228003,0.2932809150228003
4,249,0,2000000,180.77631620320182,0,10000000000,744001,754001,744001,10000,0,10000,0.9999999999999999,0,0.9999999999999999
4,245,1,2000000,193.92234554068287,950104.0214875896,3000000000,756716,757316,732001,25315,2105,600,0,0.6315097993802538,0.6315097993802538
4,250,0,2000000,150.6327308389515,0,9000000000,754001,763001,747001,16000,0,9000,0.8999999999999999,0,0.8999999999999999
4,247,1,2000000,196.51949343512973,901171.9168702166,10000000000,762370,764370,738001,26369,2219,2000,0,0.6657997089876134,0.6657997089876134
4,253,0,10000000,90.03930086356732,0,3000000000,763001,766001,756001,10000,0,3000,0.3,0,0.3
4,254,0,8000000,89.64512981751994,0,4000000000,766001,770001,759001,11000,0,4000,0.39999999999999997,0,0.39999999999999997
4,246,1,7000000,207.57209879942917,724912.9798702291,2000000000,770570,770970,735001,35969,9656,400,0,2.8968994325028268,2.8968994325028268
4,256,0,5000000,117.81762389388102,0,4000000000,770001,774001,765001,9000,0,4000,0.39999999999999997,0,0.39999999999999997
4,258,0,9000000,101.20800363607614,0,2000000000,774001,776001,771001,5000,0,2000,0.19999999999999998,0,0.19999999999999998
4,248,1,8000000,195.39467572070637,921969.49620686,4000000000,778170,778970,741001,37969,8677,800,0,2.603122999051498,2.603122999051498
4,251,1,2000000,120.03767950106335,6236851.321661181,10000000000,778970,780970,750001,30969,321,2000,0,0.09620238948396007,0.09620238948396007
4,262,0,8000000,103.58509641835546,0,2000000000,783001,785001,783001,2000,0,2000,0.19999999999999998,0,0.19999999999999998
4,252,1,7000000,100.85107634527259,12015744.661173161,9000000000,784770,786570,753001,33569,583,1800,0,0.1747706912236404,0.1747706912236404
4,255,1,8000000,99.80073997721658,12487552.513327673,8000000000,790170,791770,762001,29769,641,1600,0,0.19219138397524543,0.19219138397524543
4,257,1,3000000,140.69515734381196,3371631.1957247905,2000000000,792970,793370,768001,25369,890,400,0,0.266933109748538,0.266933109748538
4,259,1,7000000,92.61292026493929,16376768.814477505,8000000000,796970,798570,774001,24569,427,1600,0,0.12823042346079547,0.12823042346079547
4,266,0,6000000,160.91816802337766,0,7000000000,795001,802001,795001,7000,0,7000,0.7,0,0.7
4,260,1,6000000,88.44038217918327,19284123.032158397,6000000000,801170,802370,777001,25369,311,1200,0,0.09334103485018748,0.09334103485018748
4,261,1,8000000,92.40596571650558,16508339.47921408,2000000000,802370,802770,780001,22769,485,400,0,0.1453810665222798,0.1453810665222798
4,263,1,3000000,119.97801465268543,6248744.306644808,8000000000,804770,806370,786001,20369,480,1600,0,0.14402893698866112,0.14402893698866112
4,264,1,10000000,139.75567895438093,3461047.107897475,3000000000,810370,810970,789001,21969,2889,600,0,0.8667897045245498,0.8667897045245498
4,268,0,4000000,173.11177545158503,0,10000000000,802001,812001,801001,11000,0,10000,0.9999999999999999,0,0.9999999999999999
4,265,1,7000000,158.13381200742617,2131157.932754336,5000000000,812370,813370,792001,21369,3285,1000,0,0.9853798105361121,0.9853798105361121
4,269,0,6000000,173.91563155737322,0,3000000000,812001,815001,804001,11000,0,3000,0.3,0,0.3
4,267,1,9000000,164.78093093559093,1811562.1940513125,5000000000,815570,816570,798001,18569,4968,1000,0,1.4904263341695254,1.4904263341695254
4,270,0,4000000,173.91563155737322,0,2000000000,815001,817001,807001,10000,0,2000,0.19999999999999998,0,0.19999999999999998
4,271,0,9000000,173.91563155737322,0,10000000000,817001,827001,810001,17000,0,10000,0.9999999999999999,0,0.9999999999999999
4,273,1,2000000,173.91563155737322,1463451.9418703753,6000000000,827170,828370,816001,12369,1367,1200,0,0.4099895478857787,0.4099895478857787
4,274,0,10000000,174.3564395140025,0,4000000000,827001,831001,819001,12000,0,4000,0.39999999999999997,0,0.39999999999999997
4,272,1,9000000,173.91563155737322,1463451.9418703753,8000000000,829570,831170,813001,18169,6150,1600,0,1.844952965486004,1.844952965486004
4,275,0,6000000,179.69519331356642,0,2000000000,831001,833001,822001,11000,0,2000,0.19999999999999998,0,0.19999999999999998
4,276,0,5000000,194.21231783797853,0,3000000000,833001,836001,825001,11000,0,3000,0.3,0,0.3
4,277,0,5000000,200.5368148246102,0,3000000000,836001,839001,828001,11000,0,3000,0.3,0,0.3
4,278,1,10000000,177.67259693042143,1344652.0572611664,9000000000,838438,840238,831001,9237,7437,1800,0,2.2310604321764123,2.2310604321764123
4,282,1,7000000,98.25201982656644,13224023.399972048,3000000000,844983,845583,843001,2582,529,600,0,0.15880189685723325,0.15880189685723325
4,279,0,7000000,158.52240220233858,0,7000000000,839001,846001,834001,12000,0,7000,0.7,0,0.7
4,283,1,7000000,79.78921230341855,27427758.000352632,4000000000,846256,847056,846001,1055,255,800,0,0.07656477062299444,0.07656477062299444
4,280,0,6000000,143.30553827399692,0,4000000000,846001,850001,837001,13000,0,4000,0.39999999999999997,0,0.39999999999999997
4,284,1,2000000,77.51102760252891,30177661.25818614,8000000000,849067,850667,849001,1666,66,1600,0,0.01988225644348901,0.01988225644348901
4,281,0,4000000,119.90544316251868,0,9000000000,850001,859001,840001,19000,0,9000,0.8999999999999999,0,0.8999999999999999
4,287,1,10000000,71.24196305549134,39450009.60718027,2000000000,859734,860134,858001,2133,253,400,0,0.07604560885718953,0.07604560885718953
4,285,0,9000000,69.90656621519896,0,4000000000,859001,863001,852001,11000,0,4000,0.39999999999999997,0,0.39999999999999997
4,288,1,10000000,80.99326206543361,26088630.769407883,8000000000,863887,865487,861001,4486,383,1600,0,0.11499261983184904,0.11499261983184904
4,286,0,10000000,65.18114144443925,0,5000000000,863001,868001,855001,13000,0,5000,0.49999999999999994,0,0.49999999999999994
4,291,1,6000000,141.67473486828908,3281411.552013708,2000000000,871829,872229,870001,2228,1828,400,0,0.5485444210420335,0.5485444210420335
4,289,0,6000000,96.75895204062512,0,7000000000,868001,875001,864001,11000,0,7000,0.7,0,0.7
4,290,0,3000000,118.29822526141294,0,5000000000,875001,880001,867001,13000,0,5000,0.49999999999999994,0,0.49999999999999994
4,292,1,9000000,164.02795981173452,1844631.2267125326,10000000000,878725,880725,873001,7724,4879,2000,0,1.4637071957259933,1.4637071957259933
4,293,1,2000000,189.2139331550401,1047553.2198585055,6000000000,880725,881925,876001,5924,1909,1200,0,0.572763262644587,0.572763262644587
4,294,1,2000000,214.8737471167662,631697.8487888651,10000000000,882525,884525,879001,5524,3166,2000,0,0.9498211861103557,0.9498211861103557
4,295,1,6000000,197.06949535633365,891215.2515572766,4000000000,889240,890040,882001,8039,6732,800,0,2.0197140891100624,2.0197140891100624
4,297,1,5000000,138.82428641992004,3552595.392954648,6000000000,890040,891240,888001,3239,1407,1200,0,0.42222652288935986,0.42222652288935986
4,296,1,10000000,169.48030210027363,1620989.1063889859,7000000000,891240,892640,885001,7639,6169,1400,0,1.8507218760297426,1.8507218760297426
4,298,1,5000000,111.47914064971975,8265195.048326491,3000000000,892640,893240,891001,2239,605,600,0,0.18148392037084654,0.18148392037084654
4,299,1,9000000,97.2730512526465,13716139.864676438,7000000000,894657,896057,894001,2056,656,1400,0,0.19684838640012603,0.19684838640012603
4,301,1,10000000,67.11721165245169,47204935.67867649,7000000000,900213,901613,900001,1612,212,1400,0,0.06355267636462782,0.06355267636462782
4,300,0,2000000,81.53438783728004,0,6000000000,897001,903001,897001,6000,0,6000,0.6,0,0.6
4,303,1,7000000,84.48922594035291,22601093.93634626,5000000000,906311,907311,906001,1310,310,1000,0,0.09291585645873787,0.09291585645873787
4,302,0,5000000,68.34353005222945,0,8000000000,903001,911001,903001,8000,0,8000,0.7999999999999999,0,0.7999999999999999
4,304,1,6000000,109.1201173019898,8959361.082518104,7000000000,909671,911071,909001,2070,670,1400,0,0.20090718338300242,0.20090718338300242
4,305,1,9000000,74.99104613218843,33581682.87756188,3000000000,912269,912869,912001,868,268,600,0,0.08040097364519055,0.08040097364519055
4,307,1,6000000,113.69983157419355,7670294.866840173,5000000000,918783,919783,918001,1782,782,1000,0,0.23467155190886704,0.23467155190886704
4,308,1,2000000,117.1431338150043,6847053.952615384,8000000000,921293,922893,921001,1892,292,1600,0,0.08762892831753089,0.08762892831753089
4,306,0,8000000,87.09289580671893,0,10000000000,915001,925001,915001,10000,0,10000,0.9999999999999999,0,0.9999999999999999
4,309,0,8000000,107.1349840154933,0,7000000000,925001,932001,924001,8000,0,7000,0.7,0,0.7
4,311,1,9000000,111.55197757099604,8244816.173564673,6000000000,931093,932293,930001,2292,1092,1200,0,0.3274784959617415,0.3274784959617415
4,312,1,9000000,124.40889759177195,5435925.852924184,4000000000,934657,935457,933001,2456,1656,800,0,0.496695516651974,0.496695516651974
4,310,0,10000000,105.11238366624553,0,4000000000,932001,936001,927001,9000,0,4000,0.39999999999999997,0,0.39999999999999997
4,313,1,3000000,109.56238861945278,8824013.69532181,8000000000,937099,938699,936001,2698,340,1600,0,0.10199440198932933,0.10199440198932933
4,314,0,7000000,89.3184650562245,0,10000000000,939001,949001,939001,10000,0,10000,0.9999999999999999,0,0.9999999999999999
4,316,1,3000000,73.15017429917715,36334889.8342304,10000000000,947096,949096,945001,4095,83,2000,0,0.02476958108600421,0.02476958108600421
4,315,0,5000000,74.11202668933028,0,2000000000,949001,951001,942001,9000,0,2000,0.19999999999999998,0,0.19999999999999998
4,317,0,3000000,78.84760808039775,0,4000000000,951001,955001,948001,7000,0,4000,0.39999999999999997,0,0.39999999999999997
4,319,1,9000000,111.87584949398152,8154932.845046852,3000000000,957696,958296,954001,4295,1104,600,0,0.3310879502386004,0.3310879502386004
4,318,0,3000000,94.10408705258239,0,7000000000,955001,962001,951001,11000,0,7000,0.7,0,0.7
4,320,1,6000000,136.10669087153647,3837295.958154101,6000000000,962896,964096,957001,7095,1564,1200,0,0.46908031583414145,0.46908031583414145
4,321,1,9000000,162.33099549993523,1921947.5120236557,2000000000,966096,966496,960001,6495,4683,400,0,1.4048250449655193,1.4048250449655193
4,322,1,8000000,186.2334956445805,1115710.913596125,8000000000,970171,971771,963001,8770,7170,1600,0,2.15109484970833,2.15109484970833
4,323,0,7000000,213.62449906319267,0,8000000000,966001,974001,966001,8000,0,8000,0.7999999999999999,0,0.7999999999999999
4,324,0,4000000,199.06094795313322,0,3000000000,974001,977001,969001,8000,0,3000,0.3,0,0.3
4,326,1,6000000,157.11882891620593,2185928.5579713406,3000000000,978274,978874,975001,3873,2745,600,0,0.8234486865712102,0.8234486865712102
4,325,1,9000000,171.64695657074725,1541532.362969072,3000000000,978874,979474,972001,7473,5838,600,0,1.7515039352139572,1.7515039352139572
4,327,1,3000000,133.1226626085882,4182972.2651847964,8000000000,982874,984474,978001,6473,717,1600,0,0.2151580127582413,0.2151580127582413
4,328,1,5000000,109.29300114828943,8906157.928096833,8000000000,986474,988074,981001,7073,561,1600,0,0.1684227937692249,0.1684227937692249
4,329,1,5000000,97.6034937899254,13547644.54116842,9000000000,991274,993074,984001,9073,369,1800,0,0.11072035403953935,0.11072035403953935
4,330,1,8000000,110.79229034549292,8460391.187637094,4000000000,996074,996874,987001,9873,946,800,0,0.28367482623109025,0.28367482623109025
4,331,1,2000000,133.941169175127,4084472.442555542,2000000000,996874,997274,990001,7273,490,400,0,0.14689779608957199,0.14689779608957199
5,2,1,3000000,148.2972420512263,2743646.4154798216,7000000000,4094,5494,3001,2493,1093,1400,0,0.3280306073414361,0.3280306073414361
5,1,1,10000000,155.6618553146531,2267633.5096717393,7000000000,5494,6894,1,6893,4410,1400,0,1.3229651031370926,1.3229651031370926
5,3,1,2000000,151.066658465725,2551340.289990346,5000000000,6894,7894,6001,1893,784,1000,0,0.23517051110507503,0.23517051110507503
5,4,1,6000000,157.31765190213082,2175063.5333387987,6000000000,14386,15586,9001,6585,2759,1200,0,0.8275620332050425,0.8275620332050425
5,5,1,4000000,167.92416175166693,1681211.219878923,2000000000,15986,16386,12001,4385,2379,400,0,0.7137711108580523,0.7137711108580523
5,6,1,3000000,179.0865517005674,1303062.9694130067,3000000000,17303,17903,15001,2902,2302,600,0,0.6906803593731351,0.6906803593731351
5,8,0,2000000,200.84476517947886,0,9000000000,21001,30001,21001,9000,0,9000,0.8999999999999999,0,0.8999999999999999
5,7,1,8000000,183.8661222194018,1173817.5906512649,5000000000,30503,31503,18001,13502,6815,1000,0,2.0446106951493346,2.0446106951493346
5,9,0,6000000,215.1743711504695,0,9000000000,30001,39001,24001,15000,0,9000,0.8999999999999999,0,0.8999999999999999
5,10,0,5000000,221.06210575311184,0,4000000000,39001,43001,27001,16000,0,4000,0.39999999999999997,0,0.39999999999999997
5,12,1,6000000,187.92640181730715,1076342.474655051,7000000000,45103,46503,33001,13502,5574,1400,0,1.6723301759292446,1.6723301759292446
5,11,1,8000000,204.01705345387182,776498.0026741932,10000000000,47503,49503,30001,19502,10303,2000,0,3.090799965659414,3.090799965659414
5,13,0,8000000,180.31335862880488,0,8000000000,43001,51001,36001,15000,0,8000,0.7999999999999999,0,0.7999999999999999
5,14,0,9000000,175.98571305648645,0,6000000000,51001,57001,39001,18000,0,6000,0.6,0,0.6
5,15,1,5000000,178.43626985565464,1321988.3037029419,8000000000,55503,57103,42001,15102,3782,1600,0,1.1346545168353157,1.1346545168353157
5,16,0,9000000,182.94408681343054,0,2000000000,57001,59001,45001,14000,0,2000,0.19999999999999998,0,0.19999999999999998
5,17,1,3000000,182.94408681343054,1197464.3569715659,9000000000,58703,60503,48001,12502,2505,1800,0,0.7515881326740573,0.7515881326740573
5,20,0,10000000,212.81338139318217,0,6000000000,59001,65001,57001,8000,0,6000,0.6,0,0.6
5,18,1,7000000,185.74687561302346,1127357.4571982967,10000000000,63303,65303,51001,14302,6209,2000,0,1.8627632137360495,1.8627632137360495
5,19,1,3000000,195.73686750328872,915579.7848376948,7000000000,65303,66703,54001,12702,3277,1400,0,0.9829836950359747,0.9829836950359747
5,21,0,3000000,233.76992813448012,0,10000000000,65001,75001,60001,15000,0,10000,0.9999999999999999,0,0.9999999999999999
5,22,0,8000000,228.787486545921,0,3000000000,75001,78001,63001,15000,0,3000,0.3,0,0.3
5,23,0,6000000,208.3912670914979,0,9000000000,78001,87001,66001,21000,0,9000,0.8999999999999999,0,0.8999999999999999
5,24,0,4000000,196.04863172182556,0,6000000000,87001,93001,69001,24000,0,6000,0.6,0,0.6
5,29,1,2000000,175.71379513288082,1405031.138802172,10000000000,97904,99904,84001,15903,1423,2000,0,0.42703679899330677,0.42703679899330677
5,26,0,8000000,187.28266177091777,0,10000000000,93001,103001,75001,28000,0,10000,0.9999999999999999,0,0.9999999999999999
5,25,1,2000000,192.49258401299517,978455.3939729634,5000000000,102986,103986,72001,31985,2044,1000,0,0.6132113979807843,0.6132113979807843
5,27,0,9000000,195.30505625815218,0,3000000000,103001,106001,78001,28000,0,3000,0.3,0,0.3
5,38,1,2000000,104.32204081592725,10600812.557485735,6000000000,111190,112390,111001,1389,189,1200,0,0.05659943487787751,0.05659943487787751
5,31,1,8000000,147.09894153256167,2832392.109423147,2000000000,112304,112704,90001,22703,2824,400,0,0.8473403071613523,0.8473403071613523
5,28,0,7000000,198.7455702651005,0,10000000000,106001,116001,81001,35000,0,10000,0.9999999999999999,0,0.9999999999999999
5,39,1,5000000,95.13587388572205,14867702.724552797,4000000000,119190,119990,114001,5989,336,800,0,0.10088982997506887,0.10088982997506887
5,30,0,8000000,159.58143062399208,0,5000000000,116001,121001,87001,34000,0,5000,0.49999999999999994,0,0.49999999999999994
5,40,1,4000000,97.78735552207151,13454952.5941198,3000000000,121990,122590,117001,5589,297,600,0,0.08918649037265537,0.08918649037265537
5,32,1,8000000,139.4836312977261,3487483.5428466075,9000000000,121704,123504,93001,30503,2294,1800,0,0.688175290439087,0.688175290439087
5,33,0,8000000,140.3430155013067,0,4000000000,121001,125001,96001,29000,0,4000,0.39999999999999997,0,0.39999999999999997
5,34,0,5000000,149.70390308873047,0,7000000000,125001,132001,99001,33000,0,7000,0.7,0,0.7
5,35,0,8000000,165.82797954506955,0,6000000000,132001,138001,102001,36000,0,6000,0.6,0,0.6
5,36,0,4000000,147.3968303594077,0,2000000000,138001,140001,105001,35000,0,2000,0.19999999999999998,0,0.19999999999999998
5,44,1,2000000,162.49826091377102,1914150.305902228,5000000000,141990,142990,129001,13989,1045,1000,0,0.31345500828744594,0.31345500828744594
5,45,1,4000000,181.63702953968388,1232010.0579977746,7000000000,145390,146790,132001,14789,3247,1400,0,0.9740180221825491,0.9740180221825491
5,50,1,8000000,106.02101395478164,9981252.28753082,4000000000,147803,148603,147001,1602,802,800,0,0.24045079022781782,0.24045079022781782
5,37,0,9000000,122.89772414491657,0,9000000000,140001,149001,108001,41000,0,9000,0.8999999999999999,0,0.8999999999999999
5,46,1,7000000,202.57666993017736,798696.1138595623,6000000000,148390,149590,135001,14589,8764,1200,0,2.62928536092671,2.62928536092671
5,51,1,6000000,81.1624623825571,25906418.722376924,8000000000,150233,151833,150001,1832,232,1600,0,0.06948085025913799,0.06948085025913799
5,41,0,5000000,111.51419371541905,0,6000000000,149001,155001,120001,35000,0,6000,0.6,0,0.6
5,52,1,4000000,53.72365773102198,85039978.16631715,10000000000,153048,155048,153001,2047,47,2000,0,0.014111010208082333,0.014111010208082333
5,53,1,4000000,26.68247552233485,262379405.75132516,7000000000,156016,157416,156001,1415,15,1400,0,0.00457352968143133,0.00457352968143133
5,54,1,9000000,4.587046980356718,768507929.5071806,4000000000,159013,159813,159001,812,12,800,0,0.0035133014199754883,0.0035133014199754883
5,42,0,7000000,126.95716758025131,0,6000000000,155001,161001,123001,38000,0,6000,0.6,0,0.6
5,56,1,3000000,50.73337855889359,96872091.65840209,3000000000,165032,165632,165001,631,31,600,0,0.00929060149928062,0.00929060149928062
5,43,0,9000000,143.0293050392122,0,8000000000,161001,169001,126001,43000,0,8000,0.7999999999999999,0,0.7999999999999999
5,57,1,2000000,78.35268789263075,29127391.19691291,8000000000,169019,170619,168001,2618,69,1600,0,0.020599167153136304,0.020599167153136304
5,58,1,6000000,105.97773020781302,9996488.439328754,5000000000,171601,172601,171001,1600,600,1000,0,0.18006323029578442,0.18006323029578442
5,47,0,6000000,188.5728095458091,0,6000000000,169001,175001,138001,37000,0,6000,0.6,0,0.6
5,48,0,4000000,161.17787844490323,0,2000000000,175001,177001,141001,36000,0,2000,0.19999999999999998,0,0.19999999999999998
5,49,0,7000000,133.5890788949456,0,3000000000,177001,180001,144001,36000,0,3000,0.3,0,0.3
5,60,1,9000000,126.8735784156811,5039666.845445911,7000000000,181061,182461,177001,5460,1786,1400,0,0.5357496998913434,0.5357496998913434
5,55,0,9000000,23.14033923692568,0,7000000000,180001,187001,162001,25000,0,7000,0.7,0,0.7
5,63,1,6000000,167.42061193293972,1701291.190146382,9000000000,189528,191328,186001,5327,3527,1800,0,1.0580199382829492,1.0580199382829492
5,59,0,8000000,122.53790025947069,0,9000000000,187001,196001,174001,22000,0,9000,0.8999999999999999,0,0.8999999999999999
5,61,0,8000000,136.19206621532695,0,3000000000,196001,199001,180001,19000,0,3000,0.3,0,0.3
5,67,1,5000000,153.08497640199712,2421616.3707671682,4000000000,200066,200866,198001,2865,2065,800,0,0.6194209859610421,0.6194209859610421
5,62,0,4000000,150.04342038223467,0,2000000000,199001,201001,183001,18000,0,2000,0.19999999999999998,0,0.19999999999999998
5,64,0,8000000,186.4713331855596,0,6000000000,201001,207001,189001,18000,0,6000,0.6,0,0.6
5,65,0,4000000,182.2501632372382,0,2000000000,207001,209001,192001,17000,0,2000,0.19999999999999998,0,0.19999999999999998
5,66,0,2000000,167.54677466307726,0,4000000000,209001,213001,195001,18000,0,4000,0.39999999999999997,0,0.39999999999999997
5,68,0,9000000,141.1635873729483,0,6000000000,213001,219001,201001,18000,0,6000,0.6,0,0.6
5,73,1,6000000,135.85278061195504,3865307.0370359253,7000000000,219229,220629,216001,4628,1552,1400,0,0.46568098801804714,0.46568098801804714
5,74,1,5000000,146.24206816097757,2898033.34290259,5000000000,221629,222629,219001,3628,1725,1000,0,0.5175923885325768,0.5175923885325768
5,69,0,6000000,132.54477054942603,0,8000000000,219001,227001,204001,23000,0,8000,0.7999999999999999,0,0.7999999999999999
5,70,0,6000000,126.93840592980516,0,4000000000,227001,231001,207001,24000,0,4000,0.39999999999999997,0,0.39999999999999997
5,78,1,2000000,163.86063865370477,1852081.0748880077,2000000000,233922,234322,231001,3321,1080,400,0,0.32395990010117726,0.32395990010117726
5,71,0,3000000,125.5052994897028,0,8000000000,231001,239001,210001,29000,0,8000,0.7999999999999999,0,0.7999999999999999
5,79,1,5000000,172.8830243256983,1498366.5526357393,10000000000,237338,239338,234001,5337,3337,2000,0,1.001090152046832,1.001090152046832
5,72,0,5000000,128.6267102898928,0,4000000000,239001,243001,213001,30000,0,4000,0.39999999999999997,0,0.39999999999999997
5,75,0,8000000,154.86209090671608,0,7000000000,243001,250001,222001,28000,0,7000,0.7,0,0.7
5,76,0,9000000,155.19927899317062,0,5000000000,250001,255001,225001,30000,0,5000,0.49999999999999994,0,0.49999999999999994
5,77,0,4000000,157.85173074755943,0,5000000000,255001,260001,228001,32000,0,5000,0.49999999999999994,0,0.49999999999999994
5,84,1,8000000,212.21318455741624,663829.4366062335,6000000000,261052,262252,249001,13251,12051,1200,0,3.615386524993194,3.615386524993194
5,89,1,4000000,178.704736646794,1314133.8953964172,4000000000,267045,267845,264001,3844,3044,800,0,0.9131489600898027,0.9131489600898027
5,80,0,5000000,183.98074790586102,0,8000000000,260001,268001,237001,31000,0,8000,0.7999999999999999,0,0.7999999999999999
5,90,1,9000000,153.85741516092094,2374136.167464511,4000000000,270792,271592,267001,4591,3791,800,0,1.1372557467432458,1.1372557467432458
5,92,1,7000000,114.09139713405209,7570845.673966117,9000000000,273926,275726,273001,2725,925,1800,0,0.27737984505763663,0.27737984505763663
5,93,1,7000000,99.35973027338595,12692197.032719193,7000000000,276553,277953,276001,1952,552,1400,0,0.16545598800478858,0.16545598800478858
5,81,0,3000000,194.15063662012545,0,10000000000,268001,278001,240001,38000,0,10000,0.9999999999999999,0,0.9999999999999999
5,94,1,8000000,91.98014187855983,16782963.981282298,8000000000,279974,281574,279001,2573,477,1600,0,0.14300215401026134,0.14300215401026134
5,95,1,2000000,93.47630769344711,15840952.322975677,8000000000,283374,284974,282001,2973,126,1600,0,0.03787651068993886,0.03787651068993886
5,82,0,7000000,208.64431288678824,0,9000000000,278001,287001,243001,44000,0,9000,0.8999999999999999,0,0.8999999999999999
5,96,1,2000000,103.58885654354908,10882351.594734196,10000000000,286974,288974,285001,3973,184,2000,0,0.0551351419568479,0.0551351419568479
5,97,1,10000000,120.23147424863427,6198412.043097831,6000000000,289974,291174,288001,3173,1613,1200,0,0.48399492953047785,0.48399492953047785
5,83,0,8000000,212.21318455741624,0,6000000000,287001,293001,246001,47000,0,6000,0.6,0,0.6
5,85,0,9000000,212.21318455741624,0,6000000000,293001,299001,252001,47000,0,6000,0.6,0,0.6
5,86,0,8000000,212.21318455741624,0,2000000000,299001,301001,255001,46000,0,2000,0.19999999999999998,0,0.19999999999999998
5,87,0,3000000,219.9654429677535,0,10000000000,301001,311001,258001,53000,0,10000,0.9999999999999999,0,0.9999999999999999
5,88,0,10000000,204.77330221491272,0,10000000000,311001,321001,261001,60000,0,10000,0.9999999999999999,0,0.9999999999999999
5,91,0,7000000,130.82172334899124,0,9000000000,321001,330001,270001,60000,0,9000,0.8999999999999999,0,0.8999999999999999
5,100,1,10000000,159.27054247411854,2071821.0818655023,4000000000,337304,338104,297001,41103,4827,800,0,1.4480014834576111,1.4480014834576111
5,98,0,6000000,141.1151618359983,0,9000000000,330001,339001,291001,48000,0,9000,0.8999999999999999,0,0.8999999999999999
5,103,1,2000000,143.0358171927577,3160941.6594833834,9000000000,338104,339904,306001,33903,633,1800,0,0.18981685353157152,0.18981685353157152
5,111,1,3000000,189.7750376103243,1035307.0192307348,6000000000,340712,341912,330001,11911,2898,1200,0,0.8693073487212787,0.8693073487212787
5,104,1,9000000,145.34274835711616,2968959.2086826353,6000000000,340904,342104,309001,33103,3031,1200,0,0.9094095978496195,0.9094095978496195
5,105,1,6000000,145.34274835711616,2968959.2086826353,7000000000,342504,343904,312001,31903,2021,1400,0,0.6062730652330797,0.6062730652330797
5,99,0,4000000,164.68115162337182,0,7000000000,339001,346001,294001,52000,0,7000,0.7,0,0.7
5,106,1,2000000,147.73101840845752,2785145.8839264214,5000000000,345504,346504,315001,31503,718,1000,0,0.21542857178961722,0.21542857178961722
5,113,1,8000000,188.30285207611703,1067824.2680941862,6000000000,347712,348912,336001,12911,7492,1200,0,2.2475608315995967,2.2475608315995967
5,101,0,2000000,148.16842106197936,0,3000000000,346001,349001,300001,49000,0,3000,0.3,0,0.3
5,116,1,2000000,188.30285207611703,1067824.2680941862,6000000000,353512,354712,345001,9711,1873,1200,0,0.5618902078998992,0.5618902078998992
5,102,0,4000000,142.4633444083074,0,6000000000,349001,355001,303001,52000,0,6000,0.6,0,0.6
5,107,0,10000000,156.98647107314693,0,2000000000,355001,357001,318001,39000,0,2000,0.19999999999999998,0,0.19999999999999998
5,114,1,10000000,188.30285207611703,1067824.2680941862,7000000000,355712,357112,339001,18111,9365,1400,0,2.8094510394994963,2.8094510394994963
5,115,1,7000000,188.30285207611703,1067824.2680941862,7000000000,357112,358512,342001,16511,6555,1400,0,1.9666157276496472,1.9666157276496472
5,117,1,2000000,188.30285207611703,1067824.2680941862,7000000000,358512,359912,348001,11911,1873,1400,0,0.5618902078998992,0.5618902078998992
5,108,0,10000000,171.8185956175873,0,3000000000,357001,360001,321001,39000,0,3000,0.3,0,0.3
5,109,0,10000000,190.0212072375081,0,6000000000,360001,366001,324001,42000,0,6000,0.6,0,0.6
5,110,0,8000000,205.96716364508205,0,3000000000,366001,369001,327001,42000,0,3000,0.3,0,0.3
5,112,0,9000000,188.30285207611703,0,2000000000,369001,371001,333001,38000,0,2000,0.19999999999999998,0,0.19999999999999998
5,119,1,5000000,181.5172079996825,1235238.6129212861,6000000000,369912,371112,354001,17111,4048,1200,0,1.2143402775052219,1.2143402775052219
5,118,0,5000000,186.23985073018073,0,2000000000,371001,373001,351001,22000,0,2000,0.19999999999999998,0,0.19999999999999998
5,120,0,9000000,189.08699056254505,0,4000000000,373001,377001,357001,20000,0,4000,0.39999999999999997,0,0.39999999999999997
5,128,1,2000000,181.99081570233153,1222538.4417593116,5000000000,382637,383637,381001,2636,1636,1000,0,0.4907821132696337,0.4907821132696337
5,121,0,2000000,203.7388941758544,0,7000000000,377001,384001,360001,24000,0,7000,0.7,0,0.7
5,127,1,6000000,181.99081570233153,1222538.4417593116,8000000000,383637,385237,378001,7236,4908,1600,0,1.4723463398089012,1.4723463398089012
5,124,1,10000000,213.38044638626099,649487.383562151,6000000000,385237,386437,369001,17436,15397,1200,0,4.6190273682397445,4.6190273682397445
5,122,0,7000000,221.4096592292215,0,3000000000,384001,387001,363001,24000,0,3000,0.3,0,0.3
5,129,1,3000000,181.99081570233153,1222538.4417593116,5000000000,387037,388037,384001,4036,2454,1000,0,0.7361731699044506,0.7361731699044506
5,130,1,8000000,175.72018779867042,1404828.6688911295,5000000000,393247,394247,387001,7246,5695,1000,0,1.7083933814465695,1.7083933814465695
5,131,1,5000000,172.24910391639196,1520313.9871523622,7000000000,394247,395647,390001,5646,3289,1400,0,0.9866382949022185,0.9866382949022185
5,132,1,3000000,169.52460853811164,1619314.0153064376,3000000000,396247,396847,393001,3846,1853,600,0,0.5557909037362866,0.5557909037362866
5,123,0,5000000,232.76341572506618,0,10000000000,387001,397001,366001,31000,0,10000,0.9999999999999999,0,0.9999999999999999
5,125,0,7000000,196.50331320362005,0,2000000000,397001,399001,372001,27000,0,2000,0.19999999999999998,0,0.19999999999999998
5,126,0,7000000,185.75221882927804,0,4000000000,399001,403001,375001,28000,0,4000,0.39999999999999997,0,0.39999999999999997
5,134,1,6000000,179.15039966463934,1301222.9969489374,7000000000,403612,405012,399001,6011,4611,1400,0,1.3833140086061941,1.3833140086061941
5,133,0,9000000,171.9187985649039,0,3000000000,403001,406001,396001,10000,0,3000,0.3,0,0.3
5,135,1,3000000,190.6961449531689,1015587.5098193365,8000000000,405012,406612,402001,4611,2954,1600,0,0.8861865583204165,0.8861865583204165
5,136,1,6000000,205.8255518637081,749704.076781422,8000000000,413004,414604,405001,9603,8003,1600,0,2.4009473280812825,2.4009473280812825
5,137,1,4000000,222.78403623240155,546968.0585011132,10000000000,415314,417314,408001,9313,7313,2000,0,2.193912389122733,2.193912389122733
5,138,1,2000000,241.88883087071216,393999.7591164266,7000000000,417314,418714,411001,7713,5076,1400,0,1.5228435706294443,1.5228435706294443
5,139,1,4000000,246.6675438723141,364418.4083509285,7000000000,424977,426377,414001,12376,10976,1400,0,3.292918174551767,3.292918174551767
5,140,1,4000000,227.84520381171072,500126.48126559623,2000000000,426377,426777,417001,9776,7998,400,0,2.3993930434624002,2.3993930434624002
5,141,0,10000000,215.39805941558524,0,7000000000,420001,427001,420001,7000,0,7000,0.7,0,0.7
5,142,0,5000000,213.904476343998,0,2000000000,427001,429001,423001,6000,0,2000,0.19999999999999998,0,0.19999999999999998
5,143,0,8000000,202.70256091130176,0,6000000000,429001,435001,426001,9000,0,6000,0.6,0,0.6
5,144,1,6000000,187.2134452970726,1092708.046851453,3000000000,434492,435092,429001,6091,5491,600,0,1.6472835586656014,1.6472835586656014
5,145,1,8000000,173.01412312294045,1493876.9040270206,8000000000,437356,438956,432001,6955,5355,1600,0,1.6065580728441262,1.6065580728441262
5,146,1,5000000,162.1827493909263,1928891.0670416951,6000000000,438956,440156,435001,5155,2592,1200,0,0.7776488914433735,0.7776488914433735
5,148,1,3000000,142.3356266013537,3222221.4563947604,9000000000,441932,443732,441001,2731,931,1800,0,0.2793104112114569,0.2793104112114569
5,149,1,3000000,115.46470456377567,7234187.563321679,6000000000,444416,445616,444001,1615,415,1200,0,0.1244092708576044,0.1244092708576044
5,147,0,7000000,155.43485966796513,0,9000000000,438001,447001,438001,9000,0,9000,0.8999999999999999,0,0.8999999999999999
5,150,0,8000000,88.45981517050552,0,3000000000,447001,450001,447001,3000,0,3000,0.3,0,0.3
5,151,0,6000000,63.35954939865023,0,3000000000,450001,453001,450001,3000,0,3000,0.3,0,0.3
5,152,1,5000000,46.084419275933136,118327241.03712362,10000000000,453043,455043,453001,2042,42,2000,0,0.012676708988164396,0.012676708988164396
5,153,1,8000000,22.667108329030395,308522201.3794531,3000000000,456027,456627,456001,626,26,600,0,0.007779018784610016,0.007779018784610016
5,154,1,4000000,17.277167013141952,386202391.42260224,6000000000,459011,460211,459001,1210,10,1200,0,0.0031071791025936426,0.0031071791025936426
5,156,1,6000000,56.136152344099926,76506654.97902302,2000000000,465079,465479,465001,478,78,400,0,0.023527365044172077,0.023527365044172077
5,157,1,7000000,82.00246947501034,25022836.18782516,2000000000,468281,468681,468001,680,280,400,0,0.08392334043339793,0.08392334043339793
5,155,0,4000000,39.63272006814575,0,8000000000,462001,470001,462001,8000,0,8000,0.7999999999999999,0,0.7999999999999999
5,158,1,5000000,108.96700509787354,9006799.807933742,8000000000,471556,473156,471001,2155,555,1600,0,0.16654083936435535,0.16654083936435535
5,159,1,8000000,133.84257357059454,4096185.3945330847,8000000000,475954,477554,474001,3553,1953,1600,0,0.5859109802996528,0.5859109802996528
5,160,1,10000000,160.7336461354623,1998429.665899743,3000000000,482005,482605,477001,5604,5004,600,0,1.5011786760327763,1.5011786760327763
5,161,0,10000000,187.91255838820354,0,4000000000,480001,484001,480001,4000,0,4000,0.39999999999999997,0,0.39999999999999997
5,163,0,5000000,178.53788309487715,0,7000000000,486001,493001,486001,7000,0,7000,0.7,0,0.7
5,162,1,8000000,201.87852609923624,809739.7779651523,7000000000,494147,495547,483001,12546,9880,1400,0,2.963915155596179,2.963915155596179
5,164,0,8000000,177.54251687976034,0,10000000000,493001,503001,489001,14000,0,10000,0.9999999999999999,0,0.9999999999999999
5,165,1,10000000,184.18883380921872,1165678.683743188,9000000000,502732,504532,492001,12531,8579,1800,0,2.573608012086574,2.573608012086574
5,166,0,4000000,196.61401832015943,0,3000000000,503001,506001,495001,11000,0,3000,0.3,0,0.3
5,167,1,3000000,213.74029708971588,645143.9904885595,9000000000,509732,511532,498001,13531,4650,1800,0,1.3950374075691867,1.3950374075691867
5,169,1,3000000,228.78772453958277,491963.7908052226,4000000000,511089,511889,504001,7888,6098,800,0,1.8294029292825056,1.8294029292825056
5,168,0,8000000,234.30851478339412,0,7000000000,506001,513001,501001,12000,0,7000,0.7,0,0.7
5,171,1,2000000,193.15370071525936,965216.7500809841,3000000000,513289,513889,510001,3888,2072,600,0,0.6216220345841061,0.6216220345841061
5,172,1,3000000,173.0083379493601,1494074.6720608003,2000000000,515089,515489,513001,2488,2008,400,0,0.6023795308427363,0.6023795308427363
5,174,1,2000000,126.5066705751124,5096361.360045431,4000000000,519393,520193,519001,1192,392,800,0,0.11773105508253272,0.11773105508253272
5,170,0,5000000,208.38901026685645,0,8000000000,513001,521001,507001,14000,0,8000,0.7999999999999999,0,0.7999999999999999
5,173,0,9000000,149.09594394214756,0,2000000000,521001,523001,516001,7000,0,2000,0.19999999999999998,0,0.19999999999999998
5,175,0,9000000,179.29941048425118,0,2000000000,523001,525001,522001,3000,0,2000,0.19999999999999998,0,0.19999999999999998
5,176,1,7000000,162.9461705594826,1893462.9955901166,10000000000,528698,530698,525001,5697,3697,2000,0,1.1090789758716748,1.1090789758716748
5,177,1,9000000,141.98708462391923,3253271.570485129,9000000000,530767,532567,528001,4566,2766,1800,0,0.829933788649982,0.829933788649982
5,178,1,3000000,122.24996891615143,5814724.527561715,5000000000,532567,533567,531001,2566,516,1000,0,0.15477947334117245,0.15477947334117245
5,179,0,10000000,104.02246920737846,0,9000000000,534001,543001,534001,9000,0,9000,0.8999999999999999,0,0.8999999999999999
5,181,1,7000000,80.34510128190769,26800126.93147981,2000000000,544099,544499,540001,4498,261,400,0,0.07835783783297347,0.07835783783297347
5,180,0,5000000,89.75170193372384,0,4000000000,543001,547001,537001,10000,0,4000,0.39999999999999997,0,0.39999999999999997
5,183,1,3000000,82.47886153433498,24536916.030502394,8000000000,546123,547723,546001,1722,122,1600,0,0.03667942617080279,0.03667942617080279
5,182,0,6000000,77.70994595288303,0,6000000000,547001,553001,543001,10000,0,6000,0.6,0,0.6
5,185,1,10000000,95.10155624383864,14887103.654486975,2000000000,552673,553073,552001,1072,672,400,0,0.2015166999321456,0.2015166999321456
5,186,1,8000000,78.99815504174767,28349540.598191753,8000000000,555283,556883,555001,1882,282,1600,0,0.08465745650047965,0.08465745650047965
5,184,0,5000000,93.53432792296095,0,4000000000,553001,557001,549001,8000,0,4000,0.39999999999999997,0,0.39999999999999997
5,187,1,5000000,66.91698289672063,47620230.238833524,10000000000,558106,560106,558001,2105,105,2000,0,0.03149921771643965,0.03149921771643965
5,188,1,2000000,67.6562266166241,46105746.468365386,6000000000,561044,562244,561001,1243,43,1200,0,0.013013562212070008,0.013013562212070008
5,189,1,2000000,80.76228946730036,26339703.454187084,6000000000,564077,565277,564001,1276,76,1200,0,0.022779299738267218,0.022779299738267218
5,191,1,8000000,123.43253379883281,5603381.5331175085,9000000000,571429,573229,570001,3228,1428,1800,0,0.4283127939468957,0.4283127939468957
5,190,0,2000000,101.57441853143928,0,7000000000,567001,574001,567001,7000,0,7000,0.7,0,0.7
5,193,1,8000000,156.0147957727087,2247498.73532924,2000000000,579628,580028,576001,4027,3560,400,0,1.0678537710716085,1.0678537710716085
5,192,0,4000000,139.59468256348444,0,8000000000,574001,582001,573001,9000,0,8000,0.7999999999999999,0,0.7999999999999999
5,194,0,6000000,174.29361807019782,0,3000000000,582001,585001,579001,6000,0,3000,0.3,0,0.3
5,195,0,3000000,193.90169287553942,0,3000000000,585001,588001,582001,6000,0,3000,0.3,0,0.3
5,196,0,4000000,183.70234892346912,0,4000000000,588001,592001,585001,7000,0,4000,0.39999999999999997,0,0.39999999999999997
5,197,0,3000000,182.30489022513905,0,7000000000,592001,599001,588001,11000,0,7000,0.7,0,0.7
5,201,1,6000000,137.02288276050834,3738277.0241578566,2000000000,601606,602006,600001,2005,1605,400,0,0.48150524649935394,0.48150524649935394
5,198,0,3000000,172.2791679222999,0,5000000000,599001,604001,591001,13000,0,5000,0.49999999999999994,0,0.49999999999999994
5,202,1,5000000,132.4647186989804,4264272.543994213,2000000000,605023,605423,603001,2422,1173,400,0,0.35175988038395783,0.35175988038395783
5,199,0,5000000,157.68122938384263,0,2000000000,604001,606001,594001,12000,0,2000,0.19999999999999998,0,0.19999999999999998
5,204,1,5000000,135.61716742359727,3891524.932327381,6000000000,611637,612837,609001,3836,1285,1200,0,0.38545301034545965,0.38545301034545965
5,205,1,2000000,143.43669893022496,3126503.939115448,3000000000,612837,613437,612001,1436,640,600,0,0.19190764242879935,0.19190764242879935
5,200,0,4000000,145.6962930207904,0,10000000000,606001,616001,597001,19000,0,10000,0.9999999999999999,0,0.9999999999999999
5,206,1,2000000,154.7279961739309,2321996.4673067597,8000000000,615862,617462,615001,2461,861,1600,0,0.2583983259440221,0.2583983259440221
5,203,0,3000000,131.86839082964488,0,4000000000,616001,620001,606001,14000,0,4000,0.39999999999999997,0,0.39999999999999997
5,208,0,7000000,184.329948733243,0,3000000000,621001,624001,621001,3000,0,3000,0.3,0,0.3
5,207,1,7000000,168.78797646751985,1647445.4580660185,6000000000,623392,624592,618001,6591,4249,1200,0,1.27470077368464,1.27470077368464
5,210,1,2000000,165.70302501765016,1772061.1809133815,5000000000,628130,629130,627001,2129,1129,1000,0,0.33858876119093095,0.33858876119093095
5,209,0,8000000,182.91655201211293,0,6000000000,624001,630001,624001,6000,0,6000,0.6,0,0.6
5,212,1,6000000,135.99987058817374,3849049.7113538655,7000000000,637330,638730,633001,5729,1559,1400,0,0.46764789623017566,0.46764789623017566
5,211,0,8000000,148.34743981612888,0,10000000000,630001,640001,630001,10000,0,10000,0.9999999999999999,0,0.9999999999999999
5,213,1,4000000,128.05968608426306,4861597.779143833,8000000000,640130,641730,636001,5729,823,1600,0,0.2468324313352245,0.2468324313352245
5,214,1,9000000,125.43737282006502,5266099.275918346,3000000000,642130,642730,639001,3729,1709,600,0,0.5127134637106042,0.5127134637106042
5,215,0,5000000,129.15915646983768,0,7000000000,642001,649001,642001,7000,0,7000,0.7,0,0.7
5,216,1,6000000,139.2071585802972,3514605.356669838,5000000000,650730,651730,645001,6729,1707,1000,0,0.5121485394040194,0.5121485394040194
5,217,0,7000000,150.92954647781855,0,7000000000,649001,656001,648001,8000,0,7000,0.7,0,0.7
5,218,1,5000000,155.10072404731065,2300107.336684035,7000000000,658530,659930,651001,8929,2174,1400,0,0.6521434787310774,0.6521434787310774
5,219,0,3000000,157.6769209491358,0,9000000000,656001,665001,654001,11000,0,9000,0.8999999999999999,0,0.8999999999999999
5,220,0,6000000,165.52451329032812,0,3000000000,665001,668001,657001,11000,0,3000,0.3,0,0.3
5,221,0,6000000,177.9412403013984,0,5000000000,668001,673001,660001,13000,0,5000,0.49999999999999994,0,0.49999999999999994
5,222,0,9000000,190.92302113679222,0,5000000000,673001,678001,663001,15000,0,5000,0.49999999999999994,0,0.49999999999999994
5,227,1,7000000,135.9427250719949,3855355.7884576707,9000000000,679817,681617,678001,3616,1816,1800,0,0.5446968101587589,0.5446968101587589
5,226,1,9000000,165.63389810060022,1774985.1731802428,3000000000,681617,682217,675001,7216,5070,600,0,1.521139466851099,1.521139466851099
5,225,1,8000000,197.68401553995201,880252.1220606082,2000000000,682217,682617,672001,10616,9088,400,0,2.726491581050403,2.726491581050403
5,223,0,6000000,205.02956859926326,0,5000000000,678001,683001,666001,17000,0,5000,0.49999999999999994,0,0.49999999999999994
5,228,1,9000000,113.74986109881627,7657500.634537666,6000000000,682617,683817,681001,2816,1175,1200,0,0.35259546539535047,0.35259546539535047
5,231,1,5000000,100.59356092712892,12129428.769226976,7000000000,691238,692638,690001,2637,412,1400,0,0.12366616998531556,0.12366616998531556
5,224,0,8000000,221.1528396833285,0,10000000000,683001,693001,669001,24000,0,10000,0.9999999999999999,0,0.9999999999999999
5,232,1,4000000,120.61680023943595,6122836.499985894,5000000000,693654,694654,693001,1653,653,1000,0,0.1959875949656282,0.1959875949656282
5,229,0,6000000,96.55717943270707,0,6000000000,693001,699001,684001,15000,0,6000,0.6,0,0.6
5,230,0,10000000,91.6239019033789,0,10000000000,699001,709001,687001,22000,0,10000,0.9999999999999999,0,0.9999999999999999
5,234,1,5000000,166.08231603635588,1756123.5297760938,6000000000,708716,709916,699001,10915,2847,1200,0,0.854154035616874,0.854154035616874
5,235,1,10000000,150.2491597314275,2606322.6120924023,9000000000,709916,711716,702001,9715,3837,1800,0,1.151047067650442,1.151047067650442
5,233,0,6000000,147.29237930049203,0,5000000000,709001,714001,696001,18000,0,5000,0.49999999999999994,0,0.49999999999999994
5,236,1,9000000,142.40295818556578,3216265.3650208665,10000000000,715716,717716,705001,12715,2798,2000,0,0.8394829697090255,0.8394829697090255
5,237,1,5000000,144.24509419734176,3058455.8070081132,2000000000,721116,721516,708001,13515,1635,400,0,0.49044357501027674,0.49044357501027674
5,239,0,10000000,201.0408366476821,0,10000000000,714001,724001,714001,10000,0,10000,0.9999999999999999,0,0.9999999999999999
5,238,1,8000000,166.98878824639692,1718748.532775891,6000000000,731316,732516,711001,21515,4655,1200,0,1.396364828381173,1.396364828381173
5,241,1,5000000,196.51949343512973,901171.9168702166,7000000000,738770,740170,720001,20169,5548,1400,0,1.6644992724690337,1.6644992724690337
5,240,1,7000000,203.72043319215672,781005.8166586588,9000000000,740170,741970,717001,24969,8963,1800,0,2.6888404096455174,2.6888404096455174
5,247,0,6000000,83.51685458636481,0,7000000000,738001,745001,738001,7000,0,7000,0.7,0,0.7
5,243,1,5000000,192.3306104082239,981733.2770617554,7000000000,751370,752770,726001,26769,5093,1400,0,1.527909906944759,1.527909906944759
5,242,1,8000000,196.51949343512973,901171.9168702166,3000000000,752770,753370,723001,30369,8877,600,0,2.6631988359504537,2.6631988359504537
5,244,1,8000000,172.41741704363864,1514447.9711154858,9000000000,753370,755170,729001,26169,5282,1800,0,1.5847358547631383,1.5847358547631383
5,245,1,10000000,140.37710247757641,3401580.1237588953,5000000000,755170,756170,732001,24169,2940,1000,0,0.8819430649438498,0.8819430649438498
5,246,1,10000000,109.56302752297418,8823819.963026218,10000000000,756170,758170,735001,23169,1133,2000,0,0.33998880446004925,0.33998880446004925
5,255,0,7000000,139.7614381723371,0,3000000000,762001,765001,762001,3000,0,3000,0.3,0,0.3
5,248,1,6000000,68.8057817338049,43850637.63967921,4000000000,764370,765170,741001,24169,137,800,0,0.04104843388574196,0.04104843388574196
5,249,1,2000000,66.07896261292247,49400282.128062256,7000000000,769170,770570,744001,26569,40,1400,0,0.012145679622731645,0.012145679622731645
5,250,1,5000000,77.95598052747457,29617265.71142426,8000000000,772970,774570,747001,27569,169,1600,0,0.050646133732102264,0.050646133732102264
5,251,1,7000000,103.61668301967595,10871504.29615566,2000000000,780970,781370,750001,31369,644,400,0,0.19316554018587787,0.19316554018587787
5,252,1,6000000,68.83542184079353,43794058.47794227,8000000000,782770,784370,753001,31369,137,1600,0,0.041101465873655096,0.041101465873655096
5,260,0,5000000,173.47293160605778,0,9000000000,777001,786001,777001,9000,0,9000,0.8999999999999999,0,0.8999999999999999
5,253,1,2000000,82.77550181062024,24239752.49825324,5000000000,786970,787970,756001,31969,83,1000,0,0.02475272798446424,0.02475272798446424
5,254,1,6000000,109.18680185810005,8938794.367491588,4000000000,787970,788770,759001,29769,671,800,0,0.20136943820367997,0.20136943820367997
5,261,0,10000000,167.9024478678021,0,4000000000,786001,790001,780001,10000,0,4000,0.39999999999999997,0,0.39999999999999997
5,256,1,6000000,169.4724484982736,1621286.2515352315,6000000000,791770,792970,765001,27969,3701,1200,0,1.1102296083097853,1.1102296083097853
5,257,1,3000000,174.0341161956471,1459510.6694019756,5000000000,793370,794370,768001,26369,2055,1000,0,0.616645029644606,0.616645029644606
5,258,1,4000000,174.0341161956471,1459510.6694019756,8000000000,795370,796970,771001,25969,2741,1600,0,0.8221933728594747,0.8221933728594747
5,268,0,7000000,169.78807054678487,0,3000000000,801001,804001,801001,3000,0,3000,0.3,0,0.3
5,259,1,9000000,177.72732513600715,1343011.8839926466,10000000000,802770,804770,774001,30769,6701,2000,0,2.01040663316631,2.01040663316631
5,262,1,6000000,169.06145421118325,1636931.2569646514,5000000000,806370,807370,783001,24369,3665,1000,0,1.0996185651300505,1.0996185651300505
5,269,0,4000000,172.81989613467545,0,5000000000,804001,809001,804001,5000,0,5000,0.49999999999999994,0,0.49999999999999994
5,263,1,9000000,169.60361434827973,1616332.3767405779,6000000000,809170,810370,786001,24369,5568,1200,0,1.6704485035712127,1.6704485035712127
5,264,1,5000000,169.60361434827973,1616332.3767405779,5000000000,810970,811970,789001,22969,3093,1000,0,0.9280269464284515,0.9280269464284515
5,265,1,3000000,169.60361434827973,1616332.3767405779,2000000000,811970,812370,792001,20369,1856,400,0,0.5568161678570709,0.5568161678570709
5,266,1,3000000,169.60361434827973,1616332.3767405779,2000000000,815170,815570,795001,20569,1856,400,0,0.5568161678570709,0.5568161678570709
5,272,0,7000000,222.62437085817893,0,3000000000,813001,816001,813001,3000,0,3000,0.3,0,0.3
5,267,1,9000000,169.60361434827973,1616332.3767405779,6000000000,816570,817770,798001,19769,5568,1200,0,1.6704485035712127,1.6704485035712127
5,270,1,2000000,183.1294957127333,1192662.0493843306,10000000000,818370,820370,807001,13369,1677,2000,0,0.5030762908149284,0.5030762908149284
5,273,0,6000000,224.60958951033237,0,8000000000,816001,824001,816001,8000,0,8000,0.7999999999999999,0,0.7999999999999999
5,274,1,2000000,205.1307692668265,759859.2739464174,8000000000,823326,824926,819001,5925,2632,1600,0,0.7896198948574127,0.7896198948574127
5,271,1,2000000,200.58913878871905,830640.8448591353,7000000000,823770,825170,810001,15169,2408,1400,0,0.7223338506809779,0.7223338506809779
5,275,0,3000000,187.61945528116215,0,8000000000,824001,832001,822001,10000,0,8000,0.7999999999999999,0,0.7999999999999999
5,277,1,5000000,169.76021824915284,1610442.3470528915,6000000000,833853,835053,828001,7052,3105,1200,0,0.9314211109419713,0.9314211109419713
5,276,0,4000000,175.53323474487672,0,7000000000,832001,839001,825001,14000,0,7000,0.7,0,0.7
5,278,1,8000000,171.6101267408191,1542842.0667810289,8000000000,839653,841253,831001,10252,5185,1600,0,1.5555707558631309,1.5555707558631309
5,279,0,6000000,180.634362733119,0,3000000000,839001,842001,834001,8000,0,3000,0.3,0,0.3
5,280,1,4000000,195.91044331530668,912359.7021306864,7000000000,842053,843453,837001,6452,4384,1400,0,1.3152707174566902,1.3152707174566902
5,281,0,8000000,213.6118716270236,0,4000000000,842001,846001,840001,6000,0,4000,0.39999999999999997,0,0.39999999999999997
5,282,0,9000000,216.7924855708795,0,10000000000,846001,856001,843001,13000,0,10000,0.9999999999999999,0,0.9999999999999999
5,283,1,4000000,232.36784846445516,462433.04664504697,9000000000,854651,856451,846001,10450,8650,1800,0,2.594970252896075,2.594970252896075
5,284,0,9000000,252.56679373979466,0,9000000000,856001,865001,849001,16000,0,9000,0.8999999999999999,0,0.8999999999999999
5,287,1,5000000,194.8618343852895,932030.1420963954,10000000000,864276,866276,858001,8275,5365,2000,0,1.6093900103124157,1.6093900103124157
5,289,1,3000000,161.98526476195295,1938189.2484402326,9000000000,866276,868076,864001,4075,1548,1800,0,0.4643509403038323,0.4643509403038323
5,290,1,4000000,156.57209521495201,2216154.292609291,6000000000,869276,870476,867001,3475,1805,1200,0,0.5414785441617987,0.5414785441617987
5,285,0,2000000,229.43452769799057,0,6000000000,865001,871001,852001,19000,0,6000,0.6,0,0.6
5,286,1,10000000,211.75433171484354,669575.2946499218,10000000000,870476,872476,855001,17475,14935,2000,0,4.480452047694664,4.480452047694664
5,292,1,4000000,144.3776731354263,3047470.8799875136,6000000000,875076,876276,873001,3275,1313,1200,0,0.39376914407297525,0.39376914407297525
5,288,0,8000000,176.90575174368982,0,10000000000,871001,881001,861001,20000,0,10000,0.9999999999999999,0,0.9999999999999999
5,291,0,4000000,148.14814544907406,0,6000000000,881001,887001,870001,17000,0,6000,0.6,0,0.6
5,296,1,9000000,149.8999229486126,2630257.4187155315,6000000000,888423,889623,885001,4622,3422,1200,0,1.0265154964636605,1.0265154964636605
5,297,1,8000000,129.01995853355402,4723053.258017885,7000000000,890464,891864,888001,3863,1694,1400,0,0.508145868549279,0.508145868549279
5,293,0,2000000,146.2658100856109,0,6000000000,887001,893001,876001,17000,0,6000,0.6,0,0.6
5,298,1,8000000,155.19763303607436,2294458.075454052,8000000000,895297,896897,891001,5896,3487,1600,0,1.0459986284670126,1.0459986284670126
5,299,1,9000000,161.00380150791474,1985232.7987748436,5000000000,898897,899897,894001,5896,4533,1000,0,1.3600420069959878,1.3600420069959878
5,294,0,3000000,152.74864712985186,0,9000000000,893001,902001,879001,23000,0,9000,0.8999999999999999,0,0.8999999999999999
5,295,0,2000000,157.57792040765102,0,2000000000,902001,904001,882001,22000,0,2000,0.19999999999999998,0,0.19999999999999998
5,300,1,10000000,177.35348572836116,1354265.3847091205,6000000000,904385,905585,897001,8584,7384,1200,0,2.215223126776118,2.215223126776118
5,301,0,4000000,197.37505237491388,0,2000000000,904001,906001,900001,6000,0,2000,0.19999999999999998,0,0.19999999999999998
5,303,0,6000000,225.52333027870972,0,6000000000,906001,912001,906001,6000,0,6000,0.6,0,0.6
5,302,1,8000000,205.9175711298091,748371.8037715872,9000000000,913691,915491,903001,12490,10690,1800,0,3.2069620847614284,3.2069620847614284
5,306,0,6000000,211.65140868890998,0,7000000000,915001,922001,915001,7000,0,7000,0.7,0,0.7
5,305,1,3000000,233.08901861735143,456754.53525121557,9000000000,923290,925090,912001,13089,6568,1800,0,1.9704237846374069,1.9704237846374069
5,304,1,7000000,250.56051404800397,342345.26095277566,10000000000,929448,931448,909001,22447,20447,2000,0,6.134158230073123,6.134158230073123
5,307,0,5000000,192.75063605601926,0,10000000000,922001,932001,918001,14000,0,10000,0.9999999999999999,0,0.9999999999999999
5,308,1,4000000,180.5800722671248,1260855.8635962484,9000000000,937090,938890,921001,17889,3172,1800,0,0.9517344802421162,0.9517344802421162
5,310,0,6000000,181.37095936229701,0,9000000000,932001,941001,927001,14000,0,9000,0.8999999999999999,0,0.8999999999999999
5,309,1,2000000,176.58367988010673,1377810.0245591712,8000000000,943090,944690,924001,20689,1452,1600,0,0.4354736787402671,0.4354736787402671
5,311,0,2000000,194.23007104977333,0,10000000000,941001,951001,930001,21000,0,10000,0.9999999999999999,0,0.9999999999999999
5,316,1,3000000,184.1154034837933,1167524.4389661152,5000000000,952496,953496,945001,8495,2570,1000,0,0.7708618080808504,0.7708618080808504
5,312,0,8000000,213.66740532893644,0,6000000000,951001,957001,933001,24000,0,6000,0.6,0,0.6
5,317,1,8000000,176.02784836496753,1395127.0956379764,3000000000,957096,957696,948001,9695,5734,600,0,1.7202733768872192,1.7202733768872192
5,318,1,7000000,176.64506701292282,1375913.9148510837,8000000000,958296,959896,951001,8895,5088,1600,0,1.5262582762870631,1.5262582762870631
5,322,1,9000000,104.28014432287675,10616663.982397288,10000000000,964096,966096,963001,3095,848,2000,0,0.2543171757603586,0.2543171757603586
5,313,0,10000000,237.79412881734484,0,10000000000,957001,967001,936001,31000,0,10000,0.9999999999999999,0,0.9999999999999999
5,314,0,7000000,221.99156425414006,0,3000000000,967001,970001,939001,31000,0,3000,0.3,0,0.3
5,325,1,8000000,65.8605268730823,49875574.17418963,9000000000,972161,973961,972001,1960,160,1800,0,0.04811974678462927,0.04811974678462927
5,315,0,9000000,200.02061943709708,0,8000000000,970001,978001,942001,36000,0,8000,0.7999999999999999,0,0.7999999999999999
5,328,1,7000000,90.29633270515474,17922433.440211903,3000000000,981392,981992,981001,991,391,600,0,0.11717158872457059,0.11717158872457059
5,319,0,5000000,184.83825632157428,0,4000000000,978001,982001,954001,28000,0,4000,0.39999999999999997,0,0.39999999999999997
5,329,1,4000000,68.78340642916723,43893400.56216516,6000000000,984092,985292,984001,1291,91,1200,0,0.02733896177172395,0.02733896177172395
5,330,1,7000000,71.37847644773602,39217837.42842162,9000000000,987179,988979,987001,1978,178,1800,0,0.053547062706678104,0.053547062706678104
5,320,0,10000000,166.14728526220347,0,9000000000,982001,991001,957001,34000,0,9000,0.8999999999999999,0,0.8999999999999999
5,331,1,2000000,85.17544305725681,21980667.966333404,10000000000,990413,992413,990001,2412,91,2000,0,0.027296713681266984,0.027296713681266984
5,332,1,2000000,104.60380968205693,10494939.058564765,7000000000,993701,995101,993001,2100,191,1400,0,0.05717041296303182,0.05717041296303182
5,321,0,8000000,131.6878885850935,0,7000000000,991001,998001,960001,38000,0,7000,0.7,0,0.7
5,333,1,6000000,114.80402649733155,7393832.039397822,5000000000,997736,998736,996001,2735,811,1000,0,0.2434461576093089,0.2434461576093089
6,2,1,3000000,217.9136464290385,597322.3201477416,4000000000,9989,10789,3001,7788,5022,800,0,1.5067242084263555,1.5067242084263555
6,1,1,6000000,222.7320731282318,547476.732141788,6000000000,12589,13789,1,13788,10959,1200,0,3.287810959487184,3.287810959487184
6,4,1,5000000,197.5051295536397,883426.0591488355,4000000000,15386,16186,9001,7185,5660,800,0,1.697934970862442,1.697934970862442
6,5,1,3000000,192.0551235973672,987339.8039092079,6000000000,17186,18386,12001,6385,3038,1200,0,0.911540278672651,0.911540278672651
6,3,1,8000000,206.78222360734978,735996.1756932989,8000000000,20586,22186,6001,16185,10870,1600,0,3.260886509008326,3.260886509008326
6,8,0,5000000,200.54315046892026,0,8000000000,21001,29001,21001,8000,0,8000,0.7999999999999999,0,0.7999999999999999
6,6,1,7000000,190.76479182490672,1014136.681003088,7000000000,28786,30186,15001,15185,6902,1400,0,2.070726795842626,2.070726795842626
6,7,1,8000000,193.5897233842747,956607.4537486697,3000000000,34586,35186,18001,17185,8363,600,0,2.508866087751135,2.508866087751135
6,12,0,3000000,245.32774262198723,0,8000000000,33001,41001,33001,8000,0,8000,0.7999999999999999,0,0.7999999999999999
6,9,1,6000000,209.82187993629262,694465.2100181811,4000000000,44386,45186,24001,21185,8640,800,0,2.59192249522892,2.59192249522892
6,13,0,9000000,228.0650473001069,0,5000000000,41001,46001,36001,10000,0,5000,0.49999999999999994,0,0.49999999999999994
6,14,0,5000000,213.29231233216072,0,9000000000,46001,55001,39001,16000,0,9000,0.8999999999999999,0,0.8999999999999999
6,16,1,8000000,193.3468660206314,961390.8369035487,9000000000,53322,55122,45001,10121,8321,1800,0,2.4963832687754017,2.4963832687754017
6,19,1,2000000,193.91045484965477,950335.5579042289,5000000000,56106,57106,54001,3105,2105,1000,0,0.6313559405513327,0.6313559405513327
6,10,1,8000000,223.33969575514334,541565.3134982397,6000000000,58386,59586,27001,32585,14772,1200,0,4.431598442849315,4.431598442849315
6,15,0,5000000,201.55777186702576,0,7000000000,55001,62001,42001,20000,0,7000,0.7,0,0.7
6,11,1,7000000,239.61166102675386,409149.2619779164,3000000000,66586,67186,30001,37185,17109,600,0,5.13260121709164,5.13260121709164
6,21,1,8000000,175.36359513878585,1416178.3719822632,8000000000,65650,67250,60001,7249,5649,1600,0,1.6947017744951542,1.6947017744951542
6,17,0,3000000,189.21888515684685,0,6000000000,62001,68001,48001,20000,0,6000,0.6,0,0.6
6,20,1,9000000,195.13920902781172,926776.0312613024,4000000000,67250,68050,57001,11049,9711,800,0,2.9133252360070383,2.9133252360070383
6,23,1,4000000,133.38083707939458,4151591.2494767415,8000000000,68050,69650,66001,3649,963,1600,0,0.28904579663309715,0.28904579663309715
6,22,1,10000000,154.06253535496552,2361721.940766926,6000000000,69650,70850,63001,7849,4234,1200,0,1.2702596136384308,1.2702596136384308
6,18,0,6000000,189.41102871797094,0,5000000000,68001,73001,51001,22000,0,5000,0.49999999999999994,0,0.49999999999999994
6,25,1,2000000,174.8651803533225,1432233.6339419342,8000000000,73397,74997,72001,2996,1396,1600,0,0.4189260647012045,0.4189260647012045
6,26,0,9000000,150.2938035981524,0,2000000000,75001,77001,75001,2000,0,2000,0.19999999999999998,0,0.19999999999999998
6,24,1,7000000,188.10833713581115,1072215.1781840555,4000000000,77220,78020,69001,9019,6529,800,0,1.9585620897072546,1.9585620897072546
6,27,1,7000000,126.14830359541106,5152491.579904694,5000000000,81127,82127,78001,4126,1359,1000,0,0.4075698072346668,0.4075698072346668
6,28,1,8000000,105.36952595508816,10213559.376322422,8000000000,82127,83727,81001,2726,783,1600,0,0.2349817445193297,0.2349817445193297
6,30,1,4000000,69.79069422208096,42011476.9816723,2000000000,88289,88689,87001,1688,95,400,0,0.028563623233801218,0.028563623233801218
6,31,1,2000000,63.07941026991297,56357564.19899269,6000000000,90036,91236,90001,1235,35,1200,0,0.010646308237905074,0.010646308237905074
6,29,0,7000000,85.11963345785738,0,8000000000,84001,92001,84001,8000,0,8000,0.7999999999999999,0,0.7999999999999999
6,32,0,5000000,53.26537336769544,0,7000000000,93001,100001,93001,7000,0,7000,0.7,0,0.7
6,34,1,7000000,7.280054944847589,635240300.8160567,6000000000,99012,100212,99001,1211,11,1200,0,0.0033058355984377104,0.0033058355984377104
6,35,1,7000000,26.855615800051904,260562896.90028605,2000000000,102028,102428,102001,427,27,400,0,0.008059474410908327,0.008059474410908327
6,36,1,9000000,53.79042665753823,84792031.2517591,6000000000,105107,106307,105001,1306,106,1200,0,0.03184261492667079,0.03184261492667079
6,33,0,8000000,28.575531491120152,0,7000000000,100001,107001,96001,11000,0,7000,0.7,0,0.7
6,37,0,6000000,81.05950715369544,0,8000000000,108001,116001,108001,8000,0,8000,0.7999999999999999,0,0.7999999999999999
6,38,0,9000000,108.066130216641,0,10000000000,116001,126001,111001,15000,0,10000,0.9999999999999999,0,0.9999999999999999
6,39,0,2000000,135.11509834211714,0,5000000000,126001,131001,114001,17000,0,5000,0.49999999999999994,0,0.49999999999999994
6,40,0,7000000,162.17557707620463,0,3000000000,131001,134001,117001,17000,0,3000,0.3,0,0.3
6,41,1,10000000,144.03221445218426,3076196.5527523,6000000000,135786,136986,120001,16985,3251,1200,0,0.9752302717184549,0.9752302717184549
6,42,0,7000000,116.96413339139478,0,6000000000,134001,140001,123001,17000,0,6000,0.6,0,0.6
6,43,1,3000000,89.90989711928275,18196505.509070817,10000000000,138986,140986,126001,14985,165,2000,0,0.049460046026494314,0.049460046026494314
6,44,1,4000000,66.63219191952192,48217518.84241516,2000000000,142786,143186,129001,14185,83,400,0,0.02488722001482176,0.02488722001482176
6,45,1,8000000,72.69378859297397,37054901.79498074,6000000000,144586,145786,132001,13785,216,1200,0,0.06476875888860381,0.06476875888860381
6,46,1,3000000,93.90627082362498,15581796.933288647,9000000000,147586,149386,135001,14385,193,1800,0,0.057759705369876665,0.057759705369876665
6,47,0,3000000,120.95051880831267,0,10000000000,140001,150001,138001,12000,0,10000,0.9999999999999999,0,0.9999999999999999
6,48,0,3000000,150.70982184316983,0,3000000000,150001,153001,141001,12000,0,3000,0.3,0,0.3
6,49,0,8000000,173.4924773585299,0,6000000000,153001,159001,144001,15000,0,6000,0.6,0,0.6
6,50,1,6000000,174.0341161956471,1459510.6694019756,10000000000,158186,160186,147001,13185,4111,2000,0,1.233290059289212,1.233290059289212
6,51,0,4000000,174.0341161956471,0,3000000000,159001,162001,150001,12000,0,3000,0.3,0,0.3
6,52,0,8000000,175.1478506862131,0,4000000000,162001,166001,153001,13000,0,4000,0.39999999999999997,0,0.39999999999999997
6,53,1,10000000,189.85202685249374,1033640.64733435,5000000000,169186,170186,156001,14185,9675,1000,0,2.9023626419265565,2.9023626419265565
6,54,0,4000000,216.31721729903975,0,6000000000,166001,172001,159001,13000,0,6000,0.6,0,0.6
6,56,0,7000000,165.14443738739737,0,10000000000,172001,182001,165001,17000,0,10000,0.9999999999999999,0,0.9999999999999999
6,58,0,4000000,165.12607062484105,0,4000000000,182001,186001,171001,15000,0,4000,0.39999999999999997,0,0.39999999999999997
6,61,0,3000000,165.12607062484105,0,2000000000,186001,188001,180001,8000,0,2000,0.19999999999999998,0,0.19999999999999998
6,55,1,6000000,184.33608029900165,1161988.399340034,7000000000,196504,197904,162001,35903,5164,1400,0,1.5490688211881742,1.5490688211881742
6,63,0,5000000,149.81823687388663,0,10000000000,188001,198001,186001,12000,0,10000,0.9999999999999999,0,0.9999999999999999
6,64,0,4000000,125.45376239874189,0,4000000000,198001,202001,189001,13000,0,4000,0.39999999999999997,0,0.39999999999999997
6,66,0,3000000,83.56151327016524,0,4000000000,202001,206001,195001,11000,0,4000,0.39999999999999997,0,0.39999999999999997
6,57,1,6000000,165.12607062484105,1796650.272861033,6000000000,205904,207104,168001,39103,3340,1200,0,1.0018644291488252,1.0018644291488252
6,68,0,6000000,72.11971783084009,0,4000000000,206001,210001,201001,9000,0,4000,0.39999999999999997,0,0.39999999999999997
6,59,1,4000000,165.12607062484105,1796650.272861033,7000000000,211904,213304,174001,39303,2226,1400,0,0.6679096194325502,0.6679096194325502
6,69,0,2000000,65.35462646209521,0,8000000000,210001,218001,204001,14000,0,8000,0.7999999999999999,0,0.7999999999999999
6,60,1,7000000,165.12607062484105,1796650.272861033,6000000000,217304,218504,177001,41503,3896,1200,0,1.1688418340069628,1.1688418340069628
6,62,1,3000000,164.02476398397897,1844773.1699464065,5000000000,218504,219504,183001,36503,1626,1000,0,0.4878648576757794,0.4878648576757794
6,70,0,4000000,68.7992107512869,0,4000000000,218001,222001,207001,15000,0,4000,0.39999999999999997,0,0.39999999999999997
6,73,0,10000000,112.62071301496898,0,8000000000,222001,230001,216001,14000,0,8000,0.7999999999999999,0,0.7999999999999999
6,65,1,4000000,103.28530679627188,11001525.721394615,4000000000,229904,230704,192001,38703,364,800,0,0.10907578006806508,0.10907578006806508
6,67,1,5000000,76.85498292238442,31025527.931730263,6000000000,237904,239104,198001,41103,161,1200,0,0.04834728367235704,0.04834728367235704
6,75,0,10000000,158.08928363428052,0,10000000000,230001,240001,222001,18000,0,10000,0.9999999999999999,0,0.9999999999999999
6,80,1,6000000,180.1171424379146,1273754.1093415609,8000000000,241711,243311,237001,6310,4710,1600,0,1.4131455881468915,1.4131455881468915
6,77,0,4000000,208.21740369143018,0,5000000000,240001,245001,228001,17000,0,5000,0.49999999999999994,0,0.49999999999999994
6,81,1,3000000,178.63569016296822,1316148.4021864396,9000000000,243311,245111,240001,5110,2279,1800,0,0.6838134654913406,0.6838134654913406
6,78,0,8000000,202.21815076792691,0,4000000000,245001,249001,231001,18000,0,4000,0.39999999999999997,0,0.39999999999999997
6,79,0,7000000,186.772692061768,0,2000000000,249001,251001,234001,17000,0,2000,0.19999999999999998,0,0.19999999999999998
6,82,1,8000000,183.50970682773158,1182888.8376040703,8000000000,249764,251364,243001,8363,6763,1600,0,2.0289311418824245,2.0289311418824245
6,71,1,5000000,79.16336589610123,28154196.97589499,8000000000,256504,258104,210001,48103,178,1600,0,0.05327802463285553,0.05327802463285553
6,83,0,4000000,194.31395137766103,0,8000000000,251001,259001,246001,13000,0,8000,0.7999999999999999,0,0.7999999999999999
6,84,0,10000000,210.2469262557719,0,2000000000,259001,261001,249001,12000,0,2000,0.19999999999999998,0,0.19999999999999998
6,72,1,7000000,92.40482238498166,16509069.775450166,6000000000,260904,262104,213001,49103,424,1200,0,0.12720280600684164,0.12720280600684164
6,86,0,5000000,238.0400991429805,0,4000000000,261001,265001,255001,10000,0,4000,0.39999999999999997,0,0.39999999999999997
6,85,1,7000000,230.11466294002213,480751.48453474254,7000000000,267044,268444,252001,16443,14561,1400,0,4.368161238300324,4.368161238300324
6,74,1,3000000,135.5931727632332,3894207.198068234,10000000000,270904,272904,219001,53903,770,2000,0,0.23111250999855767,0.23111250999855767
6,88,1,9000000,200.57277906037,830910.3280088553,6000000000,271832,273032,261001,12031,10831,1200,0,3.2494481161043227,3.2494481161043227
6,87,0,10000000,217.6432842979539,0,9000000000,265001,274001,258001,16000,0,9000,0.8999999999999999,0,0.8999999999999999
6,91,1,7000000,179.51757239891592,1290704.2739359804,9000000000,275424,277224,270001,7223,5423,1800,0,1.6270187078532607,1.6270187078532607
6,93,1,5000000,130.32141228516517,4542922.98018203,7000000000,277224,278624,276001,2623,1101,1400,0,0.3301838940575428,0.3301838940575428
6,94,1,5000000,103.45679533022465,10934008.404651994,5000000000,279458,280458,279001,1457,457,1000,0,0.13718665145362505,0.13718665145362505
6,76,1,3000000,182.69957991194184,1203834.203542669,10000000000,280304,282304,225001,57303,2492,2000,0,0.7476112552305465,0.7476112552305465
6,89,0,10000000,188.03506162415562,0,9000000000,274001,283001,264001,19000,0,9000,0.8999999999999999,0,0.8999999999999999
6,90,0,8000000,181.04437135685828,0,4000000000,283001,287001,267001,20000,0,4000,0.39999999999999997,0,0.39999999999999997
6,96,1,3000000,52.56803971996677,89441679.33600888,5000000000,286165,287165,285001,2164,34,1000,0,0.010062422873556931,0.010062422873556931
6,92,0,6000000,157.25793111954644,0,2000000000,287001,289001,273001,16000,0,2000,0.19999999999999998,0,0.19999999999999998
6,99,1,6000000,31.49512978223769,216297455.72933018,3000000000,294029,294629,294001,628,28,600,0,0.0083218731997129,0.0083218731997129
6,95,0,7000000,79.04382834858136,0,10000000000,289001,299001,282001,17000,0,10000,0.9999999999999999,0,0.9999999999999999
6,97,0,5000000,27.36606840596581,0,9000000000,299001,308001,288001,20000,0,9000,0.8999999999999999,0,0.8999999999999999
6,104,1,9000000,162.00847879046336,1937093.3825053526,8000000000,313804,315404,309001,6403,4646,1600,0,1.3938409084377426,1.3938409084377426
6,98,0,2000000,14.297475301604836,0,9000000000,308001,317001,291001,26000,0,9000,0.8999999999999999,0,0.8999999999999999
6,100,0,2000000,57.08835695656346,0,5000000000,317001,322001,297001,25000,0,5000,0.49999999999999994,0,0.49999999999999994
6,101,0,3000000,83.62993961494888,0,2000000000,322001,324001,300001,24000,0,2000,0.19999999999999998,0,0.19999999999999998
6,109,1,5000000,187.10896557888404,1095132.2708400371,9000000000,328567,330367,324001,6366,4566,1800,0,1.3696975606877178,1.3696975606877178
6,102,0,3000000,108.10873230225206,0,7000000000,324001,331001,303001,28000,0,7000,0.7,0,0.7
6,103,0,6000000,135.0295649108001,0,2000000000,331001,333001,306001,27000,0,2000,0.19999999999999998,0,0.19999999999999998
6,111,1,3000000,148.81964655246298,2706034.3193717836,8000000000,332167,333767,330001,3766,1109,1600,0,0.332590016895624,0.332590016895624
6,113,1,7000000,106.92696619655861,9668658.53021707,7000000000,336815,338215,336001,2214,724,1400,0,0.21719662489237307,0.21719662489237307
6,105,0,4000000,120.63998010609926,0,10000000000,333001,343001,312001,31000,0,10000,0.9999999999999999,0,0.9999999999999999
6,106,0,9000000,138.5621553671854,0,3000000000,343001,346001,315001,31000,0,3000,0.3,0,0.3
6,117,1,7000000,140.1223422584706,3425805.8429487906,2000000000,350044,350444,348001,2443,2043,400,0,0.6129944591934048,0.6129944591934048
6,107,0,4000000,162.78575490502848,0,5000000000,346001,351001,318001,33000,0,5000,0.49999999999999994,0,0.49999999999999994
6,108,0,3000000,184.80817866101054,0,3000000000,351001,354001,321001,33000,0,3000,0.3,0,0.3
6,118,1,5000000,156.23674663791482,2234950.078379483,4000000000,353238,354038,351001,3037,2237,800,0,0.6711559307345333,0.6711559307345333
6,120,1,2000000,194.7443144227836,934267.4229168617,4000000000,359142,359942,357001,2941,2141,800,0,0.6422144080832332,0.6422144080832332
6,110,0,8000000,172.3123237032105,0,6000000000,354001,360001,327001,33000,0,6000,0.6,0,0.6
6,121,1,6000000,181.6083271769222,1232782.477668546,10000000000,364868,366868,360001,6867,4867,2000,0,1.460111603309112,1.460111603309112
6,122,1,6000000,162.6572780419001,1906773.9425882073,9000000000,366868,368668,363001,5667,3147,1800,0,0.9440028310627766,0.9440028310627766
6,112,0,8000000,124.56822227197442,0,10000000000,360001,370001,333001,37000,0,10000,0.9999999999999999,0,0.9999999999999999
6,123,1,3000000,145.30659585855,2971854.976694856,10000000000,368668,370668,366001,4667,1009,2000,0,0.30284115714183796,0.30284115714183796
6,124,1,7000000,168.8645625938137,1644492.5754704284,9000000000,373547,375347,369001,6346,4257,1800,0,1.2769896509865772,1.2769896509865772
6,125,1,3000000,181.39141683111694,1238639.3466928178,2000000000,376547,376947,372001,4946,2422,400,0,0.7266037546788829,0.7266037546788829
6,114,0,2000000,108.24042313294976,0,10000000000,370001,380001,339001,41000,0,10000,0.9999999999999999,0,0.9999999999999999
6,115,0,10000000,114.77146160958311,0,3000000000,380001,383001,342001,41000,0,3000,0.3,0,0.3
6,129,1,7000000,133.46222124631373,4141759.045284809,3000000000,386308,386908,384001,2907,1690,600,0,0.50703094434978,0.50703094434978
6,116,0,5000000,125.73695757413577,0,6000000000,383001,389001,345001,44000,0,6000,0.6,0,0.6
6,130,1,7000000,119.40880034570313,6363606.137132073,5000000000,388508,389508,387001,2507,1100,1000,0,0.33000156746759635,0.33000156746759635
6,131,1,2000000,110.49488766454304,8546634.823788162,5000000000,390874,391874,390001,1873,234,1000,0,0.07020306967252163,0.07020306967252163
6,119,0,5000000,174.84799255353212,0,6000000000,389001,395001,354001,41000,0,6000,0.6,0,0.6
6,133,1,7000000,112.65787367068489,7942737.699931839,7000000000,396882,398282,396001,2281,881,1400,0,0.26439246508392455,0.26439246508392455
6,134,1,4000000,122.6371448623948,5744475.026686868,9000000000,399697,401497,399001,2496,696,1800,0,0.20889637337184166,0.20889637337184166
6,126,0,4000000,192.3201895277768,0,7000000000,395001,402001,375001,27000,0,7000,0.7,0,0.7
6,135,1,7000000,114.32631411884135,7511931.4818902025,8000000000,406097,407697,402001,5696,932,1600,0,0.27955526552161575,0.27955526552161575
6,136,1,2000000,89.47603757431371,18510034.47259945,2000000000,407697,408097,405001,3096,108,400,0,0.03241485049032106,0.03241485049032106
6,127,0,4000000,170.07414412543727,0,10000000000,402001,412001,378001,34000,0,10000,0.9999999999999999,0,0.9999999999999999
6,137,1,8000000,72.36934779310917,37576161.272603445,8000000000,410697,412297,408001,4296,213,1600,0,0.06387028154868565,0.06387028154868565
6,138,1,3000000,69.75517901919544,42076348.736233376,8000000000,413697,415297,411001,4296,71,1600,0,0.021389688673841115,0.021389688673841115
6,128,0,2000000,149.65587091724797,0,4000000000,412001,416001,381001,35000,0,4000,0.39999999999999997,0,0.39999999999999997
6,139,1,4000000,83.12171617573829,23898083.89107405,3000000000,418897,419497,414001,5496,167,600,0,0.05021323071211583,0.05021323071211583
6,132,0,5000000,108.09603137950991,0,4000000000,416001,420001,393001,27000,0,4000,0.39999999999999997,0,0.39999999999999997
6,140,1,10000000,103.79857417132466,10800917.247484181,3000000000,424497,425097,417001,8096,926,600,0,0.2777541880249827,0.2777541880249827
6,141,1,10000000,115.83319256586164,7146963.840185974,2000000000,426097,426497,420001,6496,1399,400,0,0.4197586649496657,0.4197586649496657
6,142,0,2000000,141.44933262479537,0,5000000000,423001,428001,423001,5000,0,5000,0.49999999999999994,0,0.49999999999999994
6,143,1,7000000,172.30909233119414,1518220.051113921,6000000000,430612,431812,426001,5811,4611,1200,0,1.3831986993316456,1.3831986993316456
6,144,1,6000000,196.0276197376278,910193.8810835432,7000000000,436269,437669,429001,8668,6592,1400,0,1.9776006380719504,1.9776006380719504
6,145,0,8000000,215.9080489467681,0,6000000000,432001,438001,432001,6000,0,6000,0.6,0,0.6
6,149,0,4000000,118.58107648356041,0,9000000000,444001,453001,444001,9000,0,9000,0.8999999999999999,0,0.8999999999999999
6,147,1,5000000,166.82433035981288,1725455.496060949,9000000000,455794,457594,438001,19593,2898,1800,0,0.8693356643647764,0.8693356643647764
6,151,0,2000000,83.52070701329106,0,5000000000,453001,458001,450001,8000,0,5000,0.49999999999999994,0,0.49999999999999994
6,148,1,3000000,142.05101689181953,3247548.572659054,8000000000,459394,460994,441001,19993,924,1600,0,0.2771321136124196,0.2771321136124196
6,146,1,9000000,189.8597790475908,1033473.0421893944,2000000000,461394,461794,435001,26793,8709,400,0,2.6125500035105875,2.6125500035105875
6,152,0,8000000,72.07147077727774,0,6000000000,458001,464001,453001,11000,0,6000,0.6,0,0.6
6,150,1,3000000,97.1925496115829,13757562.988701891,4000000000,466594,467394,447001,20393,218,800,0,0.06541856291983587,0.06541856291983587
6,153,0,8000000,68.5346751652038,0,10000000000,464001,474001,456001,18000,0,10000,0.9999999999999999,0,0.9999999999999999
6,154,0,4000000,75.71818275685173,0,10000000000,474001,484001,459001,25000,0,10000,0.9999999999999999,0,0.9999999999999999
6,155,1,6000000,86.78113274208862,20603729.920360234,6000000000,485794,486994,462001,24993,291,1200,0,0.08736282250629157,0.08736282250629157
6,162,1,3000000,174.72559343152912,1436770.5890891692,7000000000,486051,487451,483001,4450,2088,1400,0,0.6264048045210536,0.6264048045210536
6,161,0,7000000,207.08113434110794,0,7000000000,484001,491001,480001,11000,0,7000,0.7,0,0.7
6,163,1,6000000,143.42267080207372,3127701.1848047273,3000000000,492251,492851,486001,6850,1918,600,0,0.5755025476042654,0.5755025476042654
6,164,1,5000000,114.04174016560778,7583370.609184323,7000000000,492851,494251,489001,5250,659,1400,0,0.1978012255109001,0.1978012255109001
6,156,1,9000000,94.58451987508309,15183037.949342685,8000000000,493194,494794,465001,29793,593,1600,0,0.1778300238073824,0.1778300238073824
6,165,1,6000000,88.38672807610877,19325236.954886936,5000000000,499851,500851,492001,8850,310,1000,0,0.09314245430480059,0.09314245430480059
6,167,1,4000000,73.465203327834,35846766.57526521,8000000000,500851,502451,498001,4450,112,1600,0,0.03347582263745979,0.03347582263745979
6,157,1,5000000,115.43668957484881,7240871.606187129,5000000000,502994,503994,468001,35993,691,1000,0,0.20715738126309138,0.20715738126309138
6,166,0,3000000,70.71801538504884,0,10000000000,495001,505001,495001,10000,0,10000,0.9999999999999999,0,0.9999999999999999
6,168,1,2000000,94.75870091975723,15082576.115849117,6000000000,504451,505651,501001,4650,133,1200,0,0.0397810026212635,0.0397810026212635
6,169,1,7000000,121.82388353685002,5893249.577073667,10000000000,505651,507651,504001,3650,1188,2000,0,0.35633990594417847,0.35633990594417847
6,170,1,7000000,146.94729429288583,2843874.3194338256,4000000000,510093,510893,507001,3892,2461,800,0,0.7384292567535403,0.7384292567535403
6,158,1,10000000,138.69952343104856,3565084.0114608333,3000000000,513594,514194,471001,43193,2805,600,0,0.8414948961527322,0.8414948961527322
6,171,1,6000000,174.55703394592837,1442273.0602714587,9000000000,515356,517156,510001,7155,4160,1800,0,1.2480299671278692,1.2480299671278692
6,159,1,2000000,166.29108093941775,1747427.197761707,3000000000,516994,517594,474001,43593,1145,600,0,0.34336194421635685,0.34336194421635685
6,172,0,10000000,202.1015017262366,0,10000000000,513001,523001,513001,10000,0,10000,0.9999999999999999,0,0.9999999999999999
6,174,1,5000000,198.94296117229177,858311.9621036322,4000000000,524826,525626,519001,6625,5825,800,0,1.7476163285941606,1.7476163285941606
6,175,1,6000000,194.17599079185874,945181.7091876948,2000000000,528349,528749,522001,6748,6348,400,0,1.9043957183079119,1.9043957183079119
6,173,1,9000000,209.0294266365384,705004.8320926337,4000000000,528767,529567,516001,13566,12766,800,0,3.829760984737811,3.829760984737811
6,177,0,5000000,202.33281197077255,0,2000000000,528001,530001,528001,2000,0,2000,0.19999999999999998,0,0.19999999999999998
6,178,1,3000000,194.6735824399397,935617.2037013756,3000000000,534207,534807,531001,3806,3206,600,0,0.9619318632016692,0.9619318632016692
6,160,1,9000000,198.0758422927945,873349.4947590308,6000000000,533994,535194,477001,58193,10305,1200,0,3.0915458429903455,3.0915458429903455
6,176,1,10000000,195.29334269247377,923872.3260416819,2000000000,535825,536225,525001,11224,10824,400,0,3.2472019297876993,3.2472019297876993
6,179,0,8000000,198.16584216256848,0,9000000000,534001,543001,534001,9000,0,9000,0.8999999999999999,0,0.8999999999999999
6,182,1,2000000,197.28315006609157,887384.4382987153,5000000000,545255,546255,543001,3254,2254,1000,0,0.6761443790363443,0.6761443790363443
6,180,0,6000000,207.69748794821763,0,6000000000,543001,549001,537001,12000,0,6000,0.6,0,0.6
6,185,1,2000000,198.4778811354051,866336.8975768624,5000000000,554549,555549,552001,3548,2309,1000,0,0.6925712175923655,0.6925712175923655
6,181,0,10000000,209.84021826141907,0,7000000000,549001,556001,540001,16000,0,7000,0.7,0,0.7
6,183,0,4000000,191.29912728499315,0,7000000000,556001,563001,546001,17000,0,7000,0.7,0,0.7
6,187,1,7000000,187.95277731387742,1075742.9091075766,9000000000,568047,569847,558001,11846,6507,1800,0,1.9521392911082582,1.9521392911082582
6,186,1,9000000,208.57161767603955,711184.5926492425,2000000000,569847,570247,555001,15246,12655,400,0,3.796482696485587,3.796482696485587
6,184,0,2000000,191.6862879811699,0,9000000000,563001,572001,549001,23000,0,9000,0.8999999999999999,0,0.8999999999999999
6,192,1,4000000,64.76762540034953,52325917.027256,3000000000,573077,573677,573001,676,76,600,0,0.022933186233027376,0.022933186233027376
6,188,0,10000000,158.02124066086813,0,5000000000,572001,577001,561001,16000,0,5000,0.49999999999999994,0,0.49999999999999994
6,193,1,10000000,78.84499286574898,28531993.214325447,6000000000,577064,578264,576001,2263,350,1200,0,0.10514512524465866,0.10514512524465866
6,194,1,3000000,104.00013124991719,10723337.705667892,5000000000,579556,580556,579001,1555,280,1000,0,0.08392909229411837,0.08392909229411837
6,189,0,9000000,130.68185222133945,0,10000000000,577001,587001,564001,23000,0,10000,0.9999999999999999,0,0.9999999999999999
6,190,0,2000000,103.04144457450118,0,9000000000,587001,596001,567001,29000,0,9000,0.8999999999999999,0,0.8999999999999999
6,191,0,8000000,77.36845998208835,0,7000000000,596001,603001,570001,33000,0,7000,0.7,0,0.7
6,195,0,3000000,133.9356894184668,0,5000000000,603001,608001,582001,26000,0,5000,0.49999999999999994,0,0.49999999999999994
6,196,0,9000000,165.38189048381324,0,10000000000,608001,618001,585001,33000,0,10000,0.9999999999999999,0,0.9999999999999999
6,197,0,2000000,174.0341161956471,0,4000000000,618001,622001,588001,34000,0,4000,0.39999999999999997,0,0.39999999999999997
6,198,0,2000000,175.1478506862131,0,3000000000,622001,625001,591001,34000,0,3000,0.3,0,0.3
6,200,1,6000000,215.71656218287922,621925.446096961,6000000000,625194,626394,597001,29393,9647,1200,0,2.8942375831320653,2.8942375831320653
6,203,1,6000000,124.31240847156009,5452199.803224993,3000000000,626394,626994,606001,20993,1100,600,0,0.33014197295838177,0.33014197295838177
6,199,0,5000000,189.78626557261725,0,8000000000,625001,633001,594001,39000,0,8000,0.7999999999999999,0,0.7999999999999999
6,207,1,3000000,70.00846805922836,41616019.752455465,7000000000,632194,633594,618001,15593,72,1400,0,0.02162628731323825,0.02162628731323825
6,201,0,9000000,182.03183924797332,0,2000000000,633001,635001,600001,35000,0,2000,0.19999999999999998,0,0.19999999999999998
6,202,0,5000000,150.89444058678902,0,4000000000,635001,639001,603001,36000,0,4000,0.39999999999999997,0,0.39999999999999997
6,210,1,5000000,82.68692339179152,24328057.17412529,9000000000,640594,642394,627001,15393,206,1800,0,0.06165720465320849,0.06165720465320849
6,211,1,3000000,100.36504570815485,12231383.475905087,5000000000,644194,645194,630001,15193,245,1000,0,0.0735812103163091,0.0735812103163091
6,212,1,9000000,123.54063299174082,5584534.160502462,3000000000,646394,646994,633001,13993,1612,600,0,0.48347810621272497,0.48347810621272497
6,204,0,7000000,101.11935521946329,0,9000000000,639001,648001,609001,39000,0,9000,0.8999999999999999,0,0.8999999999999999
6,213,1,2000000,148.53689709967693,2726312.034975173,4000000000,648394,649194,636001,13193,734,800,0,0.22007752315316462,0.22007752315316462
6,205,0,10000000,80.51720064681831,0,7000000000,648001,655001,612001,43000,0,7000,0.7,0,0.7
6,214,1,9000000,171.54091407008414,1545307.0764294052,9000000000,653394,655194,639001,16193,5824,1800,0,1.7472255457721932,1.7472255457721932
6,206,0,6000000,76.94947043352542,0,4000000000,655001,659001,615001,44000,0,4000,0.39999999999999997,0,0.39999999999999997
6,215,1,7000000,198.23951674678793,870486.0878392052,5000000000,659394,660394,642001,18393,8041,1000,0,2.41244521806523,2.41244521806523
6,208,0,2000000,65.21225114961142,0,5000000000,659001,664001,621001,43000,0,5000,0.49999999999999994,0,0.49999999999999994
6,209,0,4000000,72.24055509199796,0,3000000000,664001,667001,624001,43000,0,3000,0.3,0,0.3
6,220,1,4000000,240.0783732450718,405985.8938824542,3000000000,666854,667454,657001,10453,9853,600,0,2.955767720214038,2.955767720214038
6,219,1,7000000,221.4291229716633,560426.562591953,9000000000,666491,668291,654001,14290,12490,1800,0,3.7471457282245413,3.7471457282245413
6,221,1,4000000,220.72532546130725,567580.4710673016,9000000000,667454,669254,660001,9253,7047,1800,0,2.114237647647515,2.114237647647515
6,223,1,9000000,180.93410651394612,1251101.1455324106,4000000000,673654,674454,666001,8453,7194,800,0,2.15809889523441,2.15809889523441
6,216,0,10000000,210.73468556457428,0,8000000000,667001,675001,645001,30000,0,8000,0.7999999999999999,0,0.7999999999999999
6,225,1,5000000,161.84899907012084,1944637.474155071,6000000000,676454,677654,672001,5653,2571,1200,0,0.7713519974471014,0.7713519974471014
6,217,0,9000000,189.52366870657607,0,7000000000,675001,682001,648001,34000,0,7000,0.7,0,0.7
6,226,1,10000000,156.3603843689315,2227997.475865003,3000000000,683854,684454,675001,9453,4488,600,0,1.3465006278049183,1.3465006278049183
6,228,1,3000000,138.7337842776589,3561649.165187255,2000000000,684454,684854,681001,3853,842,400,0,0.2526919295692848,0.2526919295692848
6,229,1,8000000,151.12012738215913,2547794.3615727373,3000000000,687333,687933,684001,3932,3140,600,0,0.9419912518051478,0.9419912518051478
6,218,0,9000000,201.31761274165763,0,8000000000,682001,690001,651001,39000,0,8000,0.7999999999999999,0,0.7999999999999999
6,230,1,10000000,143.32817517850424,3135780.7728355876,8000000000,690190,691790,687001,4789,3189,1600,0,0.9566995326931591,0.9566995326931591
6,222,0,9000000,200.72035272986147,0,6000000000,690001,696001,663001,33000,0,6000,0.6,0,0.6
6,232,1,6000000,135.16880150389738,3942023.865875981,6000000000,694990,696190,693001,3189,1522,1200,0,0.45661824008262597,0.45661824008262597
6,233,1,9000000,140.55163108267374,3385105.615015692,4000000000,698660,699460,696001,3459,2659,800,0,0.7976117460038197,0.7976117460038197
6,234,1,8000000,150.7335297802052,2573570.5943868216,5000000000,702110,703110,699001,4109,3109,1000,0,0.9325565054382444,0.9325565054382444
6,224,0,9000000,165.12041454647576,0,10000000000,696001,706001,669001,37000,0,10000,0.9999999999999999,0,0.9999999999999999
6,227,0,4000000,145.64278835562024,0,4000000000,706001,710001,678001,32000,0,4000,0.39999999999999997,0,0.39999999999999997
6,236,1,8000000,181.68669736664813,1230674.8504998358,6000000000,711501,712701,705001,7700,6500,1200,0,1.9501495452070428,1.9501495452070428
6,231,0,8000000,138.08712068835382,0,4000000000,710001,714001,690001,24000,0,4000,0.39999999999999997,0,0.39999999999999997
6,237,1,5000000,201.41250234282884,817217.6203411244,10000000000,715019,717019,708001,9018,6118,2000,0,1.8354963998131457,1.8354963998131457
6,235,0,7000000,164.27258596613132,0,4000000000,714001,718001,702001,16000,0,4000,0.39999999999999997,0,0.39999999999999997
6,239,0,3000000,240.81665100237564,0,4000000000,718001,722001,714001,8000,0,4000,0.39999999999999997,0,0.39999999999999997
6,238,1,6000000,220.91956771639758,565594.7298318945,2000000000,721609,722009,711001,11008,10608,400,0,3.182490757180489,3.182490757180489
6,241,0,9000000,206.46748920834972,0,7000000000,722001,729001,720001,9000,0,7000,0.7,0,0.7
6,240,1,6000000,226.17469531315828,515013.356753128,2000000000,728651,729051,717001,12050,11650,400,0,3.495054985268724,3.495054985268724
6,242,1,10000000,192.73459808762928,973583.0670045031,2000000000,733272,733672,723001,10671,10271,400,0,3.081401168192384,3.081401168192384
6,243,0,9000000,211.21141825194962,0,5000000000,729001,734001,726001,8000,0,5000,0.49999999999999994,0,0.49999999999999994
6,244,0,5000000,200.69033858160688,0,10000000000,734001,744001,729001,15000,0,10000,0.9999999999999999,0,0.9999999999999999
6,248,0,6000000,105.79224215413907,0,9000000000,744001,753001,741001,12000,0,9000,0.8999999999999999,0,0.8999999999999999
6,249,0,2000000,89.70373124904,0,9000000000,753001,762001,744001,18000,0,9000,0.8999999999999999,0,0.8999999999999999
6,246,1,5000000,152.28644227244914,2471942.2179807937,8000000000,762316,763916,735001,28915,2023,1600,0,0.6068103004548687,0.6068103004548687
6,245,1,9000000,176.26250650663064,1387783.4584171576,10000000000,764516,766516,732001,34515,6485,2000,0,1.94554848137439,1.94554848137439
6,253,0,8000000,84.98841921109019,0,5000000000,762001,767001,756001,11000,0,5000,0.49999999999999994,0,0.49999999999999994
6,247,1,10000000,128.1990830700438,4841180.030254717,6000000000,768516,769716,738001,31715,2066,1200,0,0.6196836269776475,0.6196836269776475
6,250,1,3000000,76.5228972269085,31464753.19994383,7000000000,772516,773916,747001,26915,95,1400,0,0.02860343427075114,0.02860343427075114
6,255,0,3000000,106.25399098386846,0,7000000000,767001,774001,762001,12000,0,7000,0.7,0,0.7
6,251,1,6000000,68.70239733808421,44048592.49847658,4000000000,775916,776716,750001,26715,136,800,0,0.040863961772723,0.040863961772723
6,261,0,7000000,137.76203903833596,0,3000000000,780001,783001,780001,3000,0,3000,0.3,0,0.3
6,252,1,3000000,71.49526697621322,39020376.07275213,7000000000,781716,783116,753001,30115,77,1400,0,0.023064872525113068,0.023064872525113068
6,254,1,9000000,88.28060092681748,19406858.83653515,8000000000,786716,788316,759001,29315,464,1600,0,0.13912606994991938,0.13912606994991938
6,265,0,5000000,192.938433703604,0,3000000000,792001,795001,792001,3000,0,3000,0.3,0,0.3
6,256,1,9000000,128.66252679004873,4774049.649015765,9000000000,794516,796316,765001,31315,1885,1800,0,0.5655575870595819,0.5655575870595819
6,257,1,3000000,136.7228561726239,3770352.86616931,5000000000,796316,797316,768001,29315,796,1000,0,0.23870444808376853,0.23870444808376853
6,258,1,7000000,136.7228561726239,3770352.86616931,5000000000,797316,798316,771001,27315,1857,1000,0,0.5569770455287932,0.5569770455287932
6,267,0,10000000,130.3658256599482,0,2000000000,798001,800001,798001,2000,0,2000,0.19999999999999998,0,0.19999999999999998
6,259,1,10000000,136.7228561726239,3770352.86616931,2000000000,800316,800716,774001,26715,2652,400,0,0.7956814936125618,0.7956814936125618
6,260,1,10000000,136.7228561726239,3770352.86616931,4000000000,801716,802516,777001,25515,2652,800,0,0.7956814936125618,0.7956814936125618
6,262,1,6000000,151.57676932828463,2517757.9634979167,7000000000,802516,803916,783001,20915,2383,1400,0,0.714921778064506,0.714921778064506
6,263,1,7000000,179.86457711289347,1280860.3218012922,7000000000,803916,805316,786001,19315,5465,1400,0,1.6395230332740263,1.6395230332740263
6,264,1,6000000,212.2467651108021,663411.3515321019,10000000000,805916,807916,789001,18915,9044,2000,0,2.7132487194303,2.7132487194303
6,268,0,8000000,102.28239535716789,0,9000000000,801001,810001,801001,9000,0,9000,0.8999999999999999,0,0.8999999999999999
6,266,1,3000000,160.9731816173116,1986723.1153329783,9000000000,813370,815170,795001,20169,1510,1800,0,0.4530072625893611,0.4530072625893611
6,269,0,7000000,79.36739002890295,0,6000000000,810001,816001,804001,12000,0,6000,0.6,0,0.6
6,270,1,4000000,68.13887289939572,45144359.37020171,3000000000,817770,818370,807001,11369,89,600,0,0.026581393926969316,0.026581393926969316
6,271,0,7000000,66.76715435002455,0,5000000000,816001,821001,810001,11000,0,5000,0.49999999999999994,0,0.49999999999999994
6,272,0,9000000,80.33000995891886,0,6000000000,821001,827001,813001,14000,0,6000,0.6,0,0.6
6,273,0,8000000,65.96626789503864,0,2000000000,827001,829001,816001,13000,0,2000,0.19999999999999998,0,0.19999999999999998
6,275,1,7000000,83.80789759921194,23236976.06003323,4000000000,833370,834170,822001,12169,301,800,0,0.09037320495466385,0.09037320495466385
6,274,0,8000000,69.1849875334238,0,7000000000,829001,836001,819001,17000,0,7000,0.7,0,0.7
6,278,1,9000000,80.69624650502647,26411993.615279566,10000000000,839170,841170,831001,10169,341,2000,0,0.10222628550228131,0.10222628550228131
6,276,0,10000000,104.76012218396845,0,7000000000,836001,843001,825001,18000,0,7000,0.7,0,0.7
6,280,1,8000000,80.3803383919227,26760889.702587914,8000000000,847770,849370,837001,12369,299,1600,0,0.08968311691699501,0.08968311691699501
6,277,0,5000000,100.2339233992165,0,8000000000,843001,851001,828001,23000,0,8000,0.7999999999999999,0,0.7999999999999999
6,282,1,5000000,131.52839997506243,4383345.135031368,7000000000,851370,852770,843001,9769,1141,1400,0,0.3422044018418974,0.3422044018418974
6,279,0,6000000,67.92329570920421,0,2000000000,851001,853001,834001,19000,0,2000,0.19999999999999998,0,0.19999999999999998
6,283,1,3000000,157.65543219312173,2156757.877613127,2000000000,855370,855770,846001,9769,1391,400,0,0.4172930162174835,0.4172930162174835
6,281,0,8000000,104.90727191191277,0,3000000000,853001,856001,840001,16000,0,3000,0.3,0,0.3
6,285,1,4000000,209.89972010462517,693440.5612683698,8000000000,861770,863370,852001,11369,5768,1600,0,1.730501598875445,1.730501598875445
6,284,1,10000000,186.46849868007195,1110140.0688176882,6000000000,863370,864570,849001,15569,9008,1200,0,2.702361696749703,2.702361696749703
6,286,1,4000000,204.4331785694289,770228.5428870128,3000000000,868770,869370,855001,14369,5193,600,0,1.5579791362990707,1.5579791362990707
6,288,1,3000000,196.08249003926895,909181.8913444314,5000000000,872570,873570,861001,12569,3300,1000,0,0.9899009302408631,0.9899009302408631
6,289,1,3000000,198.0210342362649,874310.9568341515,9000000000,876570,878370,864001,14369,3431,1800,0,1.029382044185821,1.029382044185821
6,291,0,3000000,199.8884433878057,0,10000000000,870001,880001,870001,10000,0,10000,0.9999999999999999,0,0.9999999999999999
6,287,1,9000000,196.19227940976677,907161.2155768867,6000000000,879370,880570,858001,22569,9921,1200,0,2.9763177190980348,2.9763177190980348
6,290,1,6000000,194.73602671308663,934425.4520949945,10000000000,885770,887770,867001,20769,6421,2000,0,1.9263173921091037,1.9263173921091037
6,292,0,6000000,209.56238212045596,0,10000000000,880001,890001,873001,17000,0,10000,0.9999999999999999,0,0.9999999999999999
6,296,1,2000000,233.6851257568611,452126.31851841987,9000000000,889425,891225,885001,6224,4424,1800,0,1.327062759730842,1.327062759730842
6,297,1,4000000,217.57259225371195,601060.8496758066,8000000000,894656,896256,888001,8255,6655,1600,0,1.9964700756125482,1.9964700756125482
6,293,0,10000000,223.02611192414219,0,8000000000,890001,898001,876001,22000,0,8000,0.7999999999999999,0,0.7999999999999999
6,299,1,3000000,196.82576482767698,895610.5046770052,2000000000,898456,898856,894001,4855,3350,400,0,1.004901120855631,1.004901120855631
6,300,1,3000000,194.4185361533205,940504.4684324657,8000000000,900191,901791,897001,4790,3190,1600,0,0.95693325253417,0.95693325253417
6,301,1,2000000,194.28479919952562,943079.876067893,4000000000,902191,902991,900001,2990,2121,800,0,0.6362133422904314,0.6362133422904314
6,298,0,10000000,205.11207716758173,0,5000000000,898001,903001,891001,12000,0,5000,0.49999999999999994,0,0.49999999999999994
6,302,1,6000000,193.3046036699592,962226.2869146869,6000000000,909237,910437,903001,7436,6236,1200,0,1.870661843766062,1.870661843766062
6,295,1,10000000,252.68517427819148,331001.5098216577,6000000000,912212,913412,882001,31411,30211,1200,0,9.063402767003655,9.063402767003655
6,304,1,4000000,201.52317236486726,815434.0404267126,5000000000,913906,914906,909001,5905,4905,1000,0,1.4716089107244603,1.4716089107244603
6,294,1,4000000,239.75520348889196,408173.06843298615,8000000000,913370,914970,879001,35969,9800,1600,0,2.939929389773093,2.939929389773093
6,303,1,9000000,194.9927508908985,929545.6747093679,9000000000,917196,918996,906001,12995,9682,1800,0,2.9046447888041467,2.9046447888041467
6,305,0,5000000,212.39360560054533,0,8000000000,912001,920001,912001,8000,0,8000,0.7999999999999999,0,0.7999999999999999
6,307,1,2000000,245.02855221381853,374241.5242231906,5000000000,923345,924345,918001,6344,5344,1000,0,1.6032427220507237,1.6032427220507237
6,306,0,5000000,227.07861303962554,0,7000000000,920001,927001,915001,12000,0,7000,0.7,0,0.7
6,308,1,3000000,249.2392601497605,349644.77361467655,7000000000,931448,932848,921001,11847,8580,1400,0,2.5740410494218864,2.5740410494218864
6,310,1,2000000,219.88632449518093,576258.1373089263,2000000000,932848,933248,927001,6247,3471,400,0,1.0412000476070429,1.0412000476070429
6,312,1,4000000,196.1540048023491,907865.0249682561,2000000000,937407,937807,933001,4806,4406,400,0,1.3217823872463403,1.3217823872463403
6,313,0,6000000,190.84433578180938,0,2000000000,936001,938001,936001,2000,0,2000,0.19999999999999998,0,0.19999999999999998
6,311,1,7000000,206.03223946751635,746715.7391842426,8000000000,939375,940975,930001,10974,9374,1600,0,2.812315168680075,2.812315168680075
6,309,1,9000000,237.07618290330223,426882.57963888336,8000000000,946775,948375,924001,24374,21083,1600,0,6.3249242971780095,6.3249242971780095
6,314,0,5000000,234.9562693353808,0,10000000000,939001,949001,939001,10000,0,10000,0.9999999999999999,0,0.9999999999999999
6,315,0,4000000,223.81677595747823,0,8000000000,949001,957001,942001,15000,0,8000,0.7999999999999999,0,0.7999999999999999
6,317,1,7000000,196.57795527474588,900107.0267581459,5000000000,957175,958175,948001,10174,7777,1000,0,2.3330558895461873,2.3330558895461873
6,316,1,8000000,208.06227192838205,718139.5753573205,10000000000,958175,960175,945001,15174,11140,2000,0,3.3419687235672066,3.3419687235672066
6,320,1,3000000,154.91033019137234,2311256.494034091,4000000000,961975,962775,957001,5774,1298,800,0,0.38939858138770683,0.38939858138770683
6,322,1,3000000,122.2924568401502,5806964.459819109,7000000000,964175,965575,963001,2574,517,1400,0,0.15498631104555366,0.15498631104555366
6,318,0,4000000,190.6971887574644,0,9000000000,957001,966001,951001,15000,0,9000,0.8999999999999999,0,0.8999999999999999
6,323,1,7000000,122.28395029602208,5808517.097275301,7000000000,967692,969092,966001,3091,1205,1400,0,0.3615380595135172,0.3615380595135172
6,319,0,5000000,180.93142817100627,0,9000000000,966001,975001,954001,21000,0,9000,0.8999999999999999,0,0.8999999999999999
6,321,0,10000000,132.7855959808894,0,4000000000,975001,979001,960001,19000,0,4000,0.39999999999999997,0,0.39999999999999997
6,327,1,5000000,63.61385147906076,55047909.151552245,6000000000,978092,979292,978001,1291,91,1200,0,0.027248991344436972,0.027248991344436972
6,324,0,5000000,119.61216033497598,0,2000000000,979001,981001,969001,12000,0,2000,0.19999999999999998,0,0.19999999999999998
6,328,1,2000000,54.61549688504169,81784355.09538433,5000000000,981025,982025,981001,1024,24,1000,0,0.0073363664639798844,0.0073363664639798844
6,325,0,8000000,103.32230156166673,0,4000000000,981001,985001,972001,13000,0,4000,0.39999999999999997,0,0.39999999999999997
6,329,1,6000000,57.07062642025228,73428242.07316688,8000000000,984083,985683,984001,1682,82,1600,0,0.02451372863055072,0.02451372863055072
6,330,1,5000000,71.03073208126183,39812175.02089244,8000000000,987483,989083,987001,2082,126,1600,0,0.03767691665207533,0.03767691665207533
6,326,0,4000000,81.65457243780044,0,9000000000,985001,994001,975001,19000,0,9000,0.8999999999999999,0,0.8999999999999999
6,332,1,8000000,112.64598217424357,7945913.985726566,8000000000,994008,995608,993001,2607,1007,1600,0,0.3020420312013416,0.3020420312013416
6,331,0,2000000,90.62895618950931,0,3000000000,994001,997001,990001,7000,0,3000,0.3,0,0.3
7,2,0,3000000,231.19806919608993,0,4000000000,3001,7001,3001,4000,0,4000,0.39999999999999997,0,0.39999999999999997
7,1,1,5000000,236.89322531469742,428198.95858118497,10000000000,12386,14386,1,14385,11677,2000,0,3.503044484204661,3.503044484204661
7,3,0,6000000,216.73473487191663,0,8000000000,7001,15001,6001,9000,0,8000,0.7999999999999999,0,0.7999999999999999
7,4,0,8000000,202.47535800684486,0,8000000000,15001,23001,9001,14000,0,8000,0.7999999999999999,0,0.7999999999999999
7,6,1,5000000,190.16276107587416,1026948.8797870458,10000000000,23903,25903,15001,10902,4869,2000,0,1.460637456765179,1.460637456765179
7,5,1,9000000,193.33068509680504,961710.5976820661,8000000000,27503,29103,12001,17102,9358,1600,0,2.807497397353833,2.807497397353833
7,7,1,5000000,189.7640513901408,1035545.0798974102,2000000000,29103,29503,18001,11502,4828,400,0,1.4485125071992062,1.4485125071992062
7,8,1,6000000,179.01422569170307,1305151.171607653,8000000000,31503,33103,21001,12102,4597,1600,0,1.3791505835931668,1.3791505835931668
7,9,1,4000000,153.6325811799047,2387836.432638779,6000000000,34103,35303,24001,11302,1675,1200,0,0.5025469850436488,0.5025469850436488
7,11,0,9000000,122.28395029602208,0,6000000000,30001,36001,30001,6000,0,6000,0.6,0,0.6
7,10,1,4000000,131.8356450281941,4343827.603648477,4000000000,37103,37903,27001,10902,921,800,0,0.2762540573645449,0.2762540573645449
7,12,0,4000000,121.76289911134673,0,4000000000,36001,40001,33001,7000,0,4000,0.39999999999999997,0,0.39999999999999997
7,13,1,2000000,115.95921912465606,7117425.754929719,2000000000,40703,41103,36001,5102,281,400,0,0.08430014174498751,0.08430014174498751
7,14,1,6000000,110.3809050515532,8579969.646177165,5000000000,46503,47503,39001,8502,699,1000,0,0.20979095197638561,0.20979095197638561
7,16,0,2000000,127.69673645007532,0,4000000000,45001,49001,45001,4000,0,4000,0.39999999999999997,0,0.39999999999999997
7,15,1,4000000,114.38739135062045,7496705.201067521,8000000000,51903,53503,42001,11502,534,1600,0,0.1600703199358995,0.1600703199358995
7,17,1,2000000,148.05223841604015,2761508.690715174,8000000000,57103,58703,48001,10702,724,1600,0,0.21727253729721643,0.21727253729721643
7,19,0,8000000,167.9452791834293,0,5000000000,54001,59001,54001,5000,0,5000,0.49999999999999994,0,0.49999999999999994
7,18,1,3000000,171.51273917700692,1546311.9261886775,2000000000,60503,60903,51001,9902,1940,400,0,0.5820300450105848,0.5820300450105848
7,20,0,6000000,161.5183983328215,0,9000000000,59001,68001,57001,11000,0,9000,0.8999999999999999,0,0.8999999999999999
7,21,0,5000000,162.18407936662587,0,2000000000,68001,70001,60001,10000,0,2000,0.19999999999999998,0,0.19999999999999998
7,25,0,4000000,190.1137188632109,0,4000000000,72001,76001,72001,4000,0,4000,0.39999999999999997,0,0.39999999999999997
7,28,0,3000000,206.94840758024688,0,5000000000,81001,86001,81001,5000,0,5000,0.49999999999999994,0,0.49999999999999994
7,23,1,2000000,187.891990515828,1077125.334767098,5000000000,99386,100386,66001,34385,1857,1000,0,0.5570382393147733,0.5570382393147733
7,22,1,8000000,169.28591731151175,1628363.6774153467,9000000000,100386,102186,63001,39185,4913,1800,0,1.4738722272468328,1.4738722272468328
7,24,1,9000000,190.1137188632109,1028001.4293000976,10000000000,109186,111186,69001,42185,8755,2000,0,2.6264554922246193,2.6264554922246193
7,31,1,5000000,163.63238951992358,1862303.9785822842,8000000000,110704,112304,90001,22303,2685,1600,0,0.8054538986389884,0.8054538986389884
7,27,1,3000000,193.19351567793368,964426.6094806597,10000000000,111586,113586,78001,35585,3111,2000,0,0.9331969806231776,0.9331969806231776
7,26,1,7000000,190.1137188632109,1028001.4293000976,5000000000,113586,114586,75001,39585,6809,1000,0,2.042798716174704,2.042798716174704
7,36,0,5000000,77.58425097917745,0,10000000000,105001,115001,105001,10000,0,10000,0.9999999999999999,0,0.9999999999999999
7,32,1,4000000,139.94964272909021,3442349.2215839666,9000000000,115304,117104,93001,24103,1162,1800,0,0.34859914632595895,0.34859914632595895
7,29,1,7000000,211.33748957532356,674848.9195728729,8000000000,119104,120704,84001,36703,10373,1600,0,3.111807604773432,3.111807604773432
7,30,1,9000000,185.9788420761889,1121786.9057581744,3000000000,121104,121704,87001,34703,8023,600,0,2.406874234438643,2.406874234438643
7,33,1,3000000,117.9371103597167,6672709.186264715,8000000000,124104,125704,96001,29703,450,1600,0,0.1348777497830393,0.1348777497830393
7,42,0,2000000,170.7585078407515,0,7000000000,123001,130001,123001,7000,0,7000,0.7,0,0.7
7,34,1,6000000,98.74715236400492,12983100.847243857,3000000000,133504,134104,99001,35103,462,600,0,0.138641763718728,0.138641763718728
7,35,1,3000000,85.40818754662813,21774682.969723735,2000000000,136104,136504,102001,34503,138,400,0,0.041332404299589155,0.041332404299589155
7,43,0,4000000,177.74756397768152,0,9000000000,130001,139001,126001,13000,0,9000,0.8999999999999999,0,0.8999999999999999
7,37,1,4000000,79.11708033035596,28208772.229588248,9000000000,142104,143904,108001,35903,142,1800,0,0.04253995850061553,0.04253995850061553
7,47,1,6000000,168.79472088901358,1647185.153510615,7000000000,144683,146083,138001,8082,3643,1400,0,1.092773326765175,1.092773326765175
7,48,1,8000000,144.85755106310475,3008115.1935582696,6000000000,146083,147283,141001,6282,2659,1200,0,0.7978417864912493,0.7978417864912493
7,38,1,9000000,88.88297587277334,18948808.93338366,7000000000,146304,147704,111001,36703,475,1400,0,0.1424891669704469,0.1424891669704469
7,49,1,4000000,122.40594307467263,5786299.023040224,10000000000,148283,150283,144001,6282,691,2000,0,0.20738644774868525,0.20738644774868525
7,46,1,10000000,193.6980005059422,954484.3508557953,7000000000,150283,151683,135001,16682,10477,1400,0,3.1430583406738783,3.1430583406738783
7,39,1,5000000,104.44491801902096,10554485.44513169,8000000000,150904,152504,114001,38503,474,1600,0,0.14211967109129728,0.14211967109129728
7,45,1,10000000,216.8492822215467,609086.5873512157,2000000000,153083,153483,132001,21482,16418,400,0,4.925408082036979,4.925408082036979
7,51,1,6000000,87.93436472733511,19675932.70026355,6000000000,154083,155283,150001,5282,305,1200,0,0.09148232144420224,0.09148232144420224
7,50,0,2000000,104.17370493555465,0,9000000000,147001,156001,147001,9000,0,9000,0.8999999999999999,0,0.8999999999999999
7,40,1,5000000,124.70284439418371,5386713.156956801,8000000000,156704,158304,117001,41303,928,1600,0,0.2784629432259241,0.2784629432259241
7,53,1,4000000,78.04651497664713,29504665.849049766,3000000000,160083,160683,156001,4682,136,600,0,0.04067153331406556,0.04067153331406556
7,52,0,9000000,78.08983160437724,0,5000000000,156001,161001,153001,8000,0,5000,0.49999999999999994,0,0.49999999999999994
7,41,1,4000000,147.22572940895895,2822836.0983024775,8000000000,159704,161304,120001,41303,1417,1600,0,0.4251043837513713,0.4251043837513713
7,54,1,4000000,74.38472491042768,34462442.92099671,3000000000,163683,164283,159001,5282,116,600,0,0.034820514690468554,0.034820514690468554
7,55,1,9000000,55.55111610039894,78497136.30409807,10000000000,164283,166283,162001,4282,115,2000,0,0.03439615923745542,0.03439615923745542
7,56,1,7000000,31.630365157550706,215123311.7144882,6000000000,168283,169483,165001,4482,33,1200,0,0.009761843025116316,0.009761843025116316
7,57,1,4000000,20.978007531698548,330599466.01474184,2000000000,169483,169883,168001,1882,12,400,0,0.003629769928141658,0.003629769928141658
7,44,1,7000000,200.67747880616795,829187.5570390134,10000000000,169504,171504,129001,42503,8442,2000,0,2.532599509209947,2.532599509209947
7,59,1,9000000,62.16375793016382,58675647.70813318,8000000000,176026,177626,174001,3625,153,1600,0,0.04601568291892492,0.04601568291892492
7,60,1,2000000,55.03901343592562,80280330.69476439,10000000000,177626,179626,177001,2625,25,2000,0,0.007473810767936086,0.007473810767936086
7,58,0,2000000,37.34560750610429,0,9000000000,171001,180001,171001,9000,0,9000,0.8999999999999999,0,0.8999999999999999
7,61,1,3000000,32.82879833317081,204976928.23767495,4000000000,181626,182426,180001,2425,15,800,0,0.0043907380588532946,0.0043907380588532946
7,62,1,8000000,21.008553020139235,330183942.4635191,9000000000,185226,187026,183001,4025,24,1800,0,0.007268675702680992,0.007268675702680992
7,63,0,4000000,38.98570250745783,0,6000000000,186001,192001,186001,6000,0,6000,0.6,0,0.6
7,64,0,10000000,62.993498870915275,0,2000000000,192001,194001,189001,5000,0,2000,0.19999999999999998,0,0.19999999999999998
7,66,1,10000000,77.65716579942897,29992317.428143527,5000000000,195373,196373,195001,1372,333,1000,0,0.10002561513252478,0.10002561513252478
7,67,1,4000000,97.76503464940828,13466165.306959838,5000000000,198298,199298,198001,1297,297,1000,0,0.0891122285109476,0.0891122285109476
7,65,0,2000000,68.73032081985362,0,9000000000,194001,203001,192001,11000,0,9000,0.8999999999999999,0,0.8999999999999999
7,68,0,5000000,112.04417432423696,0,10000000000,203001,213001,201001,12000,0,10000,0.9999999999999999,0,0.9999999999999999
7,69,0,3000000,135.3800003693308,0,4000000000,213001,217001,204001,13000,0,4000,0.39999999999999997,0,0.39999999999999997
7,70,0,9000000,167.9360143030672,0,5000000000,217001,222001,207001,15000,0,5000,0.49999999999999994,0,0.49999999999999994
7,71,0,9000000,191.9685612281344,0,10000000000,222001,232001,210001,22000,0,10000,0.9999999999999999,0,0.9999999999999999
7,74,0,7000000,167.24367133018814,0,5000000000,232001,237001,219001,18000,0,5000,0.49999999999999994,0,0.49999999999999994
7,76,0,6000000,116.38698294912537,0,3000000000,237001,240001,225001,15000,0,3000,0.3,0,0.3
7,77,0,6000000,95.34326405153122,0,8000000000,240001,248001,228001,20000,0,8000,0.7999999999999999,0,0.7999999999999999
7,80,0,7000000,69.0560496987773,0,7000000000,248001,255001,237001,18000,0,7000,0.7,0,0.7
7,73,1,6000000,190.72713283641636,1014932.2715314048,3000000000,272904,273504,216001,57503,5912,600,0,1.773517357255797,1.773517357255797
7,89,0,6000000,207.5815418094778,0,10000000000,264001,274001,264001,10000,0,10000,0.9999999999999999,0,0.9999999999999999
7,90,0,6000000,203.4566600040411,0,2000000000,274001,276001,267001,9000,0,2000,0.19999999999999998,0,0.19999999999999998
7,75,1,9000000,141.0890902940408,3334986.6076281937,2000000000,278904,279304,222001,57303,2699,400,0,0.8095984535062978,0.8095984535062978
7,91,0,10000000,192.0034353859326,0,4000000000,276001,280001,270001,10000,0,4000,0.39999999999999997,0,0.39999999999999997
7,93,1,5000000,139.91377701999184,3445797.236787979,5000000000,283738,284738,276001,8737,1451,1000,0,0.435312903494645,0.435312903494645
7,72,1,10000000,218.30819613564674,593033.489290811,10000000000,284304,286304,213001,73303,16862,2000,0,5.05873623357696,5.05873623357696
7,78,1,5000000,82.48669286618296,24529017.944043852,3000000000,287504,288104,231001,57103,204,600,0,0.06115206093541265,0.06115206093541265
7,92,0,8000000,167.1120641964547,0,10000000000,280001,290001,273001,17000,0,10000,0.9999999999999999,0,0.9999999999999999
7,96,1,6000000,72.65579123511075,37115542.62412451,5000000000,290338,291338,285001,6337,162,1000,0,0.048497202862663485,0.048497202862663485
7,94,0,10000000,113.56235511823446,0,2000000000,290001,292001,279001,13000,0,2000,0.19999999999999998,0,0.19999999999999998
7,79,1,9000000,71.0909790339112,39708515.79717483,9000000000,290904,292704,234001,58703,227,1800,0,0.06799549028201397,0.06799549028201397
7,81,1,4000000,76.68994197415984,31242961.041997347,10000000000,294104,296104,240001,56103,128,2000,0,0.03840865142029715,0.03840865142029715
7,98,1,9000000,87.0243213130674,20403955.1580464,9000000000,295738,297538,291001,6537,441,1800,0,0.1323272855231326,0.1323272855231326
7,95,0,2000000,90.00845349188045,0,6000000000,292001,298001,282001,16000,0,6000,0.6,0,0.6
7,82,1,3000000,88.12350991648023,19528409.810585517,8000000000,299504,301104,243001,58103,154,1600,0,0.04608670182208837,0.04608670182208837
7,97,0,7000000,70.32634854732615,0,6000000000,298001,304001,288001,16000,0,6000,0.6,0,0.6
7,83,1,10000000,96.84541083603284,13937889.93286936,6000000000,303304,304504,246001,58503,717,1200,0,0.21524061493161736,0.21524061493161736
7,100,1,5000000,134.66848666261905,3999328.659593066,7000000000,304538,305938,297001,8937,1250,1400,0,0.37506294872815626,0.37506294872815626
7,99,0,4000000,110.8587051160169,0,2000000000,304001,306001,294001,12000,0,2000,0.19999999999999998,0,0.19999999999999998
7,84,1,6000000,118.70130327843921,6509977.8167103175,6000000000,309304,310504,249001,61503,922,1200,0,0.2764986380413801,0.2764986380413801
7,85,1,2000000,133.40703467208914,4148423.132228638,2000000000,311904,312304,252001,60303,482,400,0,0.14463326928698925,0.14463326928698925
7,103,1,4000000,206.02125327256894,746874.2062203682,8000000000,312138,313738,306001,7737,5356,1600,0,1.606696268268147,1.606696268268147
7,101,0,4000000,158.69805827419566,0,10000000000,306001,316001,300001,16000,0,10000,0.9999999999999999,0,0.9999999999999999
7,86,1,9000000,154.52679055749527,2333919.835249524,8000000000,317304,318904,255001,63903,3856,1600,0,1.1568520731610037,1.1568520731610037
7,102,0,10000000,184.59605656676416,0,4000000000,316001,320001,303001,17000,0,4000,0.39999999999999997,0,0.39999999999999997
7,104,0,7000000,220.87490690433805,0,3000000000,320001,323001,309001,14000,0,3000,0.3,0,0.3
7,106,1,3000000,239.1404817257003,412374.1705463293,5000000000,322276,323276,315001,8275,7275,1000,0,2.1824839291162323,2.1824839291162323
7,87,1,10000000,182.02115151816832,1221730.5090555823,4000000000,322704,323504,258001,65503,8185,800,0,2.4555333420617034,2.4555333420617034
7,105,0,7000000,240.83766358275443,0,4000000000,323001,327001,312001,15000,0,4000,0.39999999999999997,0,0.39999999999999997
7,88,1,10000000,211.18679054334814,676768.204260349,7000000000,327104,328504,261001,67503,14776,1400,0,4.432832365815337,4.432832365815337
7,108,1,7000000,202.66154173892986,797366.3860226596,10000000000,329780,331780,321001,10779,8779,2000,0,2.6336700879441413,2.6336700879441413
7,107,1,7000000,218.60242359132252,589860.1530146258,8000000000,331780,333380,318001,15379,11867,1600,0,3.560165895708385,3.560165895708385
7,109,0,8000000,192.36349601730572,0,8000000000,327001,335001,324001,11000,0,8000,0.7999999999999999,0,0.7999999999999999
7,110,0,3000000,188.76063599172366,0,2000000000,335001,337001,327001,10000,0,2000,0.19999999999999998,0,0.19999999999999998
7,111,1,6000000,192.1964874809111,984457.8942768803,9000000000,336096,337896,330001,7895,6095,1800,0,1.8284174574293648,1.8284174574293648
7,113,1,3000000,171.44077023858708,1548882.364925344,2000000000,337938,338338,336001,2337,1937,400,0,0.5810641404283662,0.5810641404283662
7,112,0,7000000,195.9342902607913,0,4000000000,337001,341001,333001,8000,0,4000,0.39999999999999997,0,0.39999999999999997
7,115,1,4000000,118.78447036544802,6492560.630064644,3000000000,342617,343217,342001,1216,616,600,0,0.18482692243846663,0.18482692243846663
7,114,0,2000000,144.52208135783263,0,4000000000,341001,345001,339001,6000,0,4000,0.39999999999999997,0,0.39999999999999997
7,116,0,7000000,179.91390163075226,0,4000000000,345001,349001,345001,4000,0,4000,0.39999999999999997,0,0.39999999999999997
7,117,0,4000000,156.60692832694218,0,2000000000,349001,351001,348001,3000,0,2000,0.19999999999999998,0,0.19999999999999998
7,118,1,3000000,131.89931197697732,4335693.616199121,3000000000,352811,353411,351001,2410,692,600,0,0.20757924329279143,0.20757924329279143
7,120,1,3000000,89.36859627408272,18588643.076976947,3000000000,359072,359672,357001,2671,161,600,0,0.04841665936954265,0.04841665936954265
7,119,0,3000000,110.62725025959922,0,10000000000,354001,364001,354001,10000,0,10000,0.9999999999999999,0,0.9999999999999999
7,121,0,6000000,72.45173979967629,0,6000000000,364001,370001,360001,10000,0,6000,0.6,0,0.6
7,125,1,5000000,8.829099614343473,579589473.2282962,2000000000,375457,375857,372001,3856,9,400,0,0.002588038722727389,0.002588038722727389
7,122,0,3000000,63.55476378683186,0,8000000000,370001,378001,363001,15000,0,8000,0.7999999999999999,0,0.7999999999999999
7,126,1,6000000,23.569524814895992,297426806.86139405,6000000000,379257,380457,375001,5456,20,1200,0,0.006051909103266642,0.006051909103266642
7,123,0,2000000,56.47638798648511,0,5000000000,378001,383001,366001,17000,0,5000,0.49999999999999994,0,0.49999999999999994
7,129,1,3000000,104.98376112523309,10354171.929691564,5000000000,387657,388657,384001,4656,290,1000,0,0.08692148499284286,0.08692148499284286
7,124,0,8000000,33.24902554963083,0,10000000000,383001,393001,369001,24000,0,10000,0.9999999999999999,0,0.9999999999999999
7,130,1,8000000,132.3700135982466,4276134.205916606,8000000000,393057,394657,387001,7656,1871,1600,0,0.5612546015696321,0.5612546015696321
7,127,0,6000000,50.38993252624973,0,9000000000,393001,402001,378001,24000,0,9000,0.8999999999999999,0,0.8999999999999999
7,132,1,4000000,146.09097576510334,2909801.9781460147,8000000000,407112,408712,393001,15711,1375,1600,0,0.41239919726928703,0.41239919726928703
7,128,0,5000000,77.63459280501182,0,9000000000,402001,411001,381001,30000,0,9000,0.8999999999999999,0,0.8999999999999999
7,131,0,6000000,159.76863428095015,0,2000000000,411001,413001,390001,23000,0,2000,0.19999999999999998,0,0.19999999999999998
7,134,1,6000000,91.27741998983105,17247926.27591327,9000000000,416312,418112,399001,19111,348,1800,0,0.10436037186184523,0.10436037186184523
7,133,0,5000000,118.68268660592412,0,6000000000,413001,419001,396001,23000,0,6000,0.6,0,0.6
7,135,1,7000000,67.5337611865354,46353100.70783285,3000000000,422712,423312,402001,21311,151,600,0,0.04530441260524212,0.04530441260524212
7,136,0,3000000,72.1481427342381,0,9000000000,419001,428001,405001,23000,0,9000,0.8999999999999999,0,0.8999999999999999
7,137,0,8000000,93.3773098777214,0,2000000000,428001,430001,408001,22000,0,2000,0.19999999999999998,0,0.19999999999999998
7,139,1,8000000,150.83618796562052,2566694.572786989,8000000000,431912,433512,414001,19511,3117,1600,0,0.9350547686684874,0.9350547686684874
7,138,0,8000000,120.69728248804938,0,5000000000,430001,435001,411001,24000,0,5000,0.49999999999999994,0,0.49999999999999994
7,142,1,7000000,188.57587146822365,1061698.905322459,4000000000,437794,438594,423001,15593,6593,800,0,1.9779619150706276,1.9779619150706276
7,144,1,3000000,165.12607062484105,1796650.272861033,5000000000,439994,440994,429001,11993,1670,1000,0,0.5009322145744126,0.5009322145744126
7,143,1,9000000,165.59978291048577,1776430.4143444092,9000000000,440994,442794,426001,16793,5066,1800,0,1.5199019214025524,1.5199019214025524
7,140,0,8000000,182.45251930296826,0,9000000000,435001,444001,417001,27000,0,9000,0.8999999999999999,0,0.8999999999999999
7,146,1,4000000,161.02578209715364,1984163.8246358081,5000000000,447394,448394,435001,13393,2016,1000,0,0.6047887705140774,0.6047887705140774
7,141,0,7000000,214.88129862787034,0,5000000000,444001,449001,420001,29000,0,5000,0.49999999999999994,0,0.49999999999999994
7,145,0,6000000,165.12607062484105,0,3000000000,449001,452001,432001,20000,0,3000,0.3,0,0.3
7,147,0,2000000,141.5984208951498,0,5000000000,452001,457001,438001,19000,0,5000,0.49999999999999994,0,0.49999999999999994
7,148,1,3000000,117.47761403773913,6772940.289168924,3000000000,457594,458194,441001,17193,443,600,0,0.13288172663196987,0.13288172663196987
7,149,1,3000000,95.87256750499593,14458318.136583798,5000000000,461794,462794,444001,18793,207,1000,0,0.06224790404374457,0.06224790404374457
7,150,0,4000000,86.06499869284843,0,10000000000,457001,467001,447001,20000,0,10000,0.9999999999999999,0,0.9999999999999999
7,152,1,7000000,64.30547799371372,53399206.922431484,4000000000,468594,469394,453001,16393,131,800,0,0.03932642675855641,0.03932642675855641
7,151,0,3000000,81.29652514099239,0,3000000000,467001,470001,450001,20000,0,3000,0.3,0,0.3
7,153,1,3000000,49.282204699059456,103151599.66418742,7000000000,471594,472994,456001,16993,29,1400,0,0.00872502222873879,0.00872502222873879
7,154,0,10000000,47.19315628351217,0,5000000000,470001,475001,459001,16000,0,5000,0.49999999999999994,0,0.49999999999999994
7,156,0,8000000,78.55592211921392,0,2000000000,475001,477001,465001,12000,0,2000,0.19999999999999998,0,0.19999999999999998
7,155,1,7000000,59.41943453113634,66215656.6729059,7000000000,484394,485794,462001,23793,106,1400,0,0.03171455371006352,0.03171455371006352
7,157,1,10000000,82.06751488865733,24955851.387673832,5000000000,501194,502194,468001,34193,401,1000,0,0.12021228822839347,0.12021228822839347
7,158,1,10000000,77.01502775432856,30816277.031845484,6000000000,506594,507794,471001,36793,325,1200,0,0.09735114974790127,0.09735114974790127
7,159,1,2000000,81.44257915857035,25607909.725985944,5000000000,514194,515194,474001,41193,78,1000,0,0.023430260666341796,0.023430260666341796
7,171,0,6000000,156.0604100981412,0,10000000000,510001,520001,510001,10000,0,10000,0.9999999999999999,0,0.9999999999999999
7,160,1,6000000,92.59342201258147,16389112.279517576,9000000000,520994,522794,477001,45793,366,1800,0,0.10982901143764598,0.10982901143764598
7,161,1,8000000,110.1895693793201,8636280.276861573,7000000000,523794,525194,480001,45193,926,1400,0,0.2778974191504772,0.2778974191504772
7,174,0,6000000,159.9048182513585,0,6000000000,520001,526001,519001,7000,0,6000,0.6,0,0.6
7,162,1,5000000,131.2053280168149,4425375.416109808,8000000000,530394,531994,483001,48993,1130,1600,0,0.33895429403334043,0.33895429403334043
7,175,0,6000000,165.15471685664932,0,7000000000,526001,533001,522001,11000,0,7000,0.7,0,0.7
7,163,1,9000000,154.1393376137318,2357094.418770489,2000000000,535194,535594,486001,49593,3818,400,0,1.1454780845853336,1.1454780845853336
7,176,0,10000000,145.93588249638947,0,4000000000,533001,537001,525001,12000,0,4000,0.39999999999999997,0,0.39999999999999997
7,164,1,10000000,105.77279139740993,10069008.206981963,10000000000,536794,538794,489001,49793,993,2000,0,0.29794394227623794,0.29794394227623794
7,165,1,2000000,120.83082429578965,6081344.234649811,6000000000,539794,540994,492001,48993,329,1200,0,0.09866239713604216,0.09866239713604216
7,177,0,6000000,125.34139340217979,0,4000000000,537001,541001,528001,13000,0,4000,0.39999999999999997,0,0.39999999999999997
7,166,1,4000000,140.01843092964586,3435748.0323406123,8000000000,544194,545794,495001,50793,1164,1600,0,0.3492689186472434,0.3492689186472434
7,167,1,6000000,160.44524455402222,2012638.082641112,9000000000,546794,548594,498001,50593,2981,1800,0,0.8943485744033648,0.8943485744033648
7,168,1,4000000,174.7815004512777,1434951.317810708,3000000000,549994,550594,501001,49593,2788,600,0,0.8362653039901234,0.8362653039901234
7,169,1,2000000,167.37834746465865,1702990.070617455,2000000000,550594,550994,504001,46993,1174,400,0,0.35232149050784384,0.35232149050784384
7,179,0,4000000,91.02793692048614,0,10000000000,541001,551001,534001,17000,0,10000,0.9999999999999999,0,0.9999999999999999
7,170,1,2000000,161.98474989948897,1938213.5622941481,2000000000,551394,551794,507001,44793,1032,400,0,0.3095634101795344,0.3095634101795344
7,172,1,8000000,153.67187934036596,2385434.7548388448,5000000000,558994,559994,513001,46993,3354,1000,0,1.0061059080033985,1.0061059080033985
7,180,0,3000000,79.71597706859022,0,10000000000,551001,561001,537001,24000,0,10000,0.9999999999999999,0,0.9999999999999999
7,173,1,3000000,154.9807746141437,2307123.600183423,10000000000,561394,563394,516001,47393,1300,2000,0,0.39009613526056747,0.39009613526056747
7,182,0,6000000,68.63340294637882,0,10000000000,561001,571001,543001,28000,0,10000,0.9999999999999999,0,0.9999999999999999
7,183,0,5000000,74.66518934550425,0,2000000000,571001,573001,546001,27000,0,2000,0.19999999999999998,0,0.19999999999999998
7,184,0,4000000,85.8230277955748,0,4000000000,573001,577001,549001,28000,0,4000,0.39999999999999997,0,0.39999999999999997
7,178,1,6000000,106.07430037478447,9962533.387844492,10000000000,577594,579594,531001,48593,602,2000,0,0.18067693526590536,0.18067693526590536
7,186,0,6000000,105.19622474214559,0,5000000000,577001,582001,555001,27000,0,5000,0.49999999999999994,0,0.49999999999999994
7,187,0,2000000,124.32837890039421,0,3000000000,582001,585001,558001,27000,0,3000,0.3,0,0.3
7,181,1,5000000,70.64911110551922,40475569.290691935,4000000000,584394,585194,540001,45193,124,800,0,0.03705939227752755,0.03705939227752755
7,189,0,5000000,136.7228561726239,0,10000000000,585001,595001,564001,31000,0,10000,0.9999999999999999,0,0.9999999999999999
7,199,1,2000000,168.2307608613835,1669129.032291968,4000000000,595199,595999,594001,1998,1198,800,0,0.3594689136621803,0.3594689136621803
7,185,1,10000000,89.08431567902394,18798509.817874525,2000000000,597794,598194,552001,46193,532,400,0,0.15958711775906068,0.15958711775906068
7,190,0,6000000,136.7228561726239,0,8000000000,595001,603001,567001,36000,0,8000,0.7999999999999999,0,0.7999999999999999
7,188,1,8000000,136.7228561726239,3770352.86616931,2000000000,602994,603394,561001,42393,2122,400,0,0.6365451948900495,0.6365451948900495
7,191,0,8000000,136.7228561726239,0,7000000000,603001,610001,570001,40000,0,7000,0.7,0,0.7
7,204,1,4000000,68.28996558792512,44847761.92614174,7000000000,609090,610490,609001,1489,89,1400,0,0.026757188061608053,0.026757188061608053
7,192,1,6000000,136.7228561726239,3770352.86616931,10000000000,609194,611194,573001,38193,1591,2000,0,0.47740889616753707,0.47740889616753707
7,193,1,8000000,136.7228561726239,3770352.86616931,6000000000,612394,613594,576001,37593,2122,1200,0,0.6365451948900495,0.6365451948900495
7,194,1,5000000,140.60193028546942,3380375.922776862,4000000000,613594,614394,579001,35393,1479,800,0,0.44373762985739224,0.44373762985739224
7,206,1,7000000,101.25905638509577,11838221.3415669,9000000000,615890,617690,615001,2689,591,1800,0,0.17739151342156315,0.17739151342156315
7,195,0,7000000,159.3613469446089,0,8000000000,610001,618001,582001,36000,0,8000,0.7999999999999999,0,0.7999999999999999
7,196,0,9000000,185.82807349805896,0,3000000000,618001,621001,585001,36000,0,3000,0.3,0,0.3
7,197,1,10000000,213.8820527767583,643442.9466624144,8000000000,623194,624794,588001,36793,15541,1600,0,4.662418036534893,4.662418036534893
7,198,0,7000000,195.9850938209332,0,5000000000,621001,626001,591001,35000,0,5000,0.49999999999999994,0,0.49999999999999994
7,208,1,3000000,146.36081579439215,2888825.2877131356,10000000000,625366,627366,621001,6365,1038,2000,0,0.3115453204553128,0.3115453204553128
7,200,0,5000000,141.35379619946536,0,7000000000,626001,633001,597001,36000,0,7000,0.7,0,0.7
7,209,1,10000000,170.00917916394985,1601133.4331096676,2000000000,632966,633366,624001,9365,6246,400,0,1.8736726983293956,1.8736726983293956
7,201,0,3000000,115.96001595377606,0,3000000000,633001,636001,600001,36000,0,3000,0.3,0,0.3
7,210,1,9000000,195.3733443947766,922369.6496485273,2000000000,637952,638352,627001,11351,9757,400,0,2.9272428912083632,2.9272428912083632
7,202,0,2000000,93.16723941386262,0,3000000000,636001,639001,603001,36000,0,3000,0.3,0,0.3
7,203,0,7000000,75.43309220759811,0,2000000000,639001,641001,606001,35000,0,2000,0.19999999999999998,0,0.19999999999999998
7,211,1,8000000,213.96577763745304,642440.8889489161,3000000000,642697,643297,630001,13296,12453,600,0,3.7357522556302247,3.7357522556302247
7,205,0,4000000,80.54411027505358,0,3000000000,641001,644001,612001,32000,0,3000,0.3,0,0.3
7,213,1,3000000,244.03859735705745,380335.0143076058,3000000000,643889,644489,636001,8488,7888,600,0,2.3663348525468697,2.3663348525468697
7,207,0,9000000,124.75345325881769,0,4000000000,644001,648001,618001,30000,0,4000,0.39999999999999997,0,0.39999999999999997
7,212,1,7000000,226.55091833846097,511612.9030010842,10000000000,647039,649039,633001,16038,13682,2000,0,4.104665827780246,4.104665827780246
7,214,0,10000000,240.07769492395582,0,5000000000,648001,653001,639001,14000,0,5000,0.49999999999999994,0,0.49999999999999994
7,217,1,4000000,201.75387232962842,811731.5984772602,8000000000,653212,654812,648001,6811,4928,1600,0,1.4783211621317913,1.4783211621317913
7,216,0,8000000,208.53520086546538,0,6000000000,653001,659001,645001,14000,0,6000,0.6,0,0.6
7,215,1,10000000,222.86207438682789,546205.2395759164,6000000000,660667,661867,642001,19866,18308,1200,0,5.492440904318776,5.492440904318776
7,218,0,5000000,218.39700593185796,0,6000000000,659001,665001,651001,14000,0,6000,0.6,0,0.6
7,220,1,7000000,208.38338369457387,713745.0577010843,3000000000,667898,668498,657001,11497,9807,600,0,2.9422270281827685,2.9422270281827685
7,221,1,6000000,221.4404208811029,560312.6423128996,10000000000,670709,672709,660001,12708,10708,2000,0,3.212492212508053,3.212492212508053
7,219,0,8000000,208.33139225762397,0,8000000000,665001,673001,654001,19000,0,8000,0.7999999999999999,0,0.7999999999999999
7,222,0,8000000,237.7422776874151,0,8000000000,673001,681001,663001,18000,0,8000,0.7999999999999999,0,0.7999999999999999
7,225,0,9000000,218.32827576839424,0,5000000000,681001,686001,672001,14000,0,5000,0.49999999999999994,0,0.49999999999999994
7,226,1,6000000,209.60946209558386,697270.9885516196,3000000000,686050,686650,675001,11649,8605,600,0,2.5814927475169784,2.5814927475169784
7,227,0,8000000,221.2162121093298,0,3000000000,686001,689001,678001,11000,0,3000,0.3,0,0.3
7,224,1,3000000,233.64884014263797,452406.36532749474,10000000000,687570,689570,669001,20569,6631,2000,0,1.989361929840431,1.989361929840431
7,223,1,4000000,251.6139600658119,336661.1774903403,6000000000,691570,692770,666001,26769,11881,1200,0,3.564414551584081,3.564414551584081
7,228,0,7000000,240.84197661537328,0,4000000000,689001,693001,681001,12000,0,4000,0.39999999999999997,0,0.39999999999999997
7,231,1,2000000,210.148886506686,690173.30503394,4000000000,705370,706170,690001,16169,2898,800,0,0.8693468663939333,0.8693468663939333
7,235,0,7000000,98.8203723935505,0,5000000000,702001,707001,702001,5000,0,5000,0.49999999999999994,0,0.49999999999999994
7,237,0,8000000,65.5625655385754,0,2000000000,708001,710001,708001,2000,0,2000,0.19999999999999998,0,0.19999999999999998
7,233,1,7000000,153.5361328808304,2393743.4967471496,7000000000,710970,712370,696001,16369,2924,1400,0,0.8772869786815852,0.8772869786815852
7,234,1,8000000,126.76691208671136,5056068.943425834,4000000000,712370,713170,699001,14169,1582,800,0,0.4746770716251023,0.4746770716251023
7,232,1,10000000,183.08601530428263,1193786.0895538772,5000000000,713170,714170,693001,21169,8377,1000,0,2.5130130316069543,2.5130130316069543
7,230,1,8000000,224.816739812675,527524.0446326887,6000000000,715370,716570,687001,29569,15165,1200,0,4.549555654228241,4.549555654228241
7,236,1,5000000,74.3387227493182,34530292.65660592,9000000000,717770,719570,705001,14569,145,1800,0,0.04344011835975673,0.04344011835975673
7,229,1,8000000,244.81282584864707,375558.94639046857,4000000000,719570,720370,684001,36369,21302,800,0,6.390474845737586,6.390474845737586
7,238,0,6000000,81.8480011973414,0,10000000000,711001,721001,711001,10000,0,10000,0.9999999999999999,0,0.9999999999999999
7,239,1,9000000,107.80800016696347,9375878.74850708,2000000000,726770,727170,714001,13169,960,400,0,0.2879730073759668,0.2879730073759668
7,240,1,8000000,138.02357805824337,3633693.27581591,7000000000,731170,732570,717001,15569,2202,1400,0,0.6604850266182974,0.6604850266182974
7,241,1,3000000,168.31480564703747,1665835.9083167051,8000000000,734770,736370,720001,16369,1801,1600,0,0.5402692999392915,0.5402692999392915
7,245,0,10000000,190.5149232999872,0,5000000000,732001,737001,732001,5000,0,5000,0.49999999999999994,0,0.49999999999999994
7,242,1,6000000,174.0341161956471,1459510.6694019756,3000000000,743170,743770,723001,20769,4111,600,0,1.233290059289212,1.233290059289212
7,246,0,6000000,204.76822238814304,0,7000000000,737001,744001,735001,9000,0,7000,0.7,0,0.7
7,243,1,4000000,178.44274431873094,1321798.1976692562,10000000000,744570,746570,726001,20569,3026,2000,0,0.9078541657236145,0.9078541657236145
7,248,1,5000000,233.86323866738869,450754.8026171194,8000000000,752094,753694,741001,12693,11093,1600,0,3.327751565354106,3.327751565354106
7,251,1,5000000,182.1661277515664,1217878.5192836884,3000000000,755294,755894,750001,5893,4105,600,0,1.231649935727781,1.231649935727781
7,249,1,9000000,212.14142099080982,664724.0098770746,7000000000,757694,759094,744001,15093,13539,1400,0,4.061836130305121,4.061836130305121
7,244,1,9000000,180.67931951388348,1258111.7894860858,7000000000,758170,759570,729001,30569,7154,1400,0,2.146073204753051,2.146073204753051
7,250,1,10000000,194.50251669322947,938891.708450437,8000000000,759094,760694,747001,13693,10651,1600,0,3.1952566765673662,3.1952566765673662
7,252,1,7000000,176.3364874324086,1385478.1876196011,2000000000,762494,762894,753001,9893,5052,400,0,1.5157221663720475,1.5157221663720475
7,254,1,3000000,180.13359847624207,1273292.8031421057,6000000000,762894,764094,759001,5093,2356,1200,0,0.7068287810777453,0.7068287810777453
7,253,1,9000000,177.52450450571607,1349102.8044957512,6000000000,764094,765294,756001,9293,6671,1200,0,2.001330062470049,2.001330062470049
7,255,0,6000000,178.5225615993676,0,8000000000,762001,770001,762001,8000,0,8000,0.7999999999999999,0,0.7999999999999999
7,256,1,5000000,184.2816160120157,1163351.6847298779,5000000000,772494,773494,765001,8493,4298,1000,0,1.2893779410722987,1.2893779410722987
7,257,0,9000000,178.58126945455396,0,5000000000,770001,775001,768001,7000,0,5000,0.49999999999999994,0,0.49999999999999994
7,247,1,5000000,225.55003214364652,520721.8125376496,9000000000,776370,778170,738001,40169,9602,1800,0,2.8806167974604406,2.8806167974604406
7,258,1,4000000,173.25002655122452,1485840.0967098328,4000000000,778094,778894,771001,7893,2692,800,0,0.8076239177130956,0.8076239177130956
7,259,1,3000000,174.9616223633057,1429109.4017843073,7000000000,780894,782294,774001,8293,2099,1400,0,0.6297628431219539,0.6297628431219539
7,261,0,2000000,204.87761346716238,0,5000000000,780001,785001,780001,5000,0,5000,0.49999999999999994,0,0.49999999999999994
7,260,1,10000000,186.0000779569729,1121278.6502142476,10000000000,791294,793294,777001,16293,8918,2000,0,2.675516919390891,2.675516919390891
7,262,0,6000000,229.57983469808494,0,10000000000,785001,795001,783001,12000,0,10000,0.9999999999999999,0,0.9999999999999999
7,263,0,3000000,221.36090756951646,0,8000000000,795001,803001,786001,17000,0,8000,0.7999999999999999,0,0.7999999999999999
7,264,0,2000000,197.7903104300107,0,7000000000,803001,810001,789001,21000,0,7000,0.7,0,0.7
7,265,0,8000000,187.08509427530566,0,4000000000,810001,814001,792001,22000,0,4000,0.39999999999999997,0,0.39999999999999997
7,266,0,10000000,187.01977756376462,0,3000000000,814001,817001,795001,22000,0,3000,0.3,0,0.3
7,268,1,8000000,195.62889612733596,917589.9513752415,7000000000,822370,823770,801001,22769,8718,1400,0,2.615547387373838,2.615547387373838
7,267,0,5000000,186.54983516476236,0,7000000000,817001,824001,798001,26000,0,7000,0.7,0,0.7
7,275,1,6000000,165.12607062484105,1796650.272861033,8000000000,825540,827140,822001,5139,3340,1600,0,1.0018644291488252,1.0018644291488252
7,276,1,2000000,164.02476398397897,1844773.1699464065,7000000000,827140,828540,825001,3539,1084,1400,0,0.3252432384505196,0.3252432384505196
7,269,0,5000000,206.69286296338345,0,9000000000,824001,833001,804001,29000,0,9000,0.8999999999999999,0,0.8999999999999999
7,278,1,10000000,122.67557947692764,5737558.092775111,4000000000,832744,833544,831001,2543,1743,800,0,0.5228705228758697,0.5228705228758697
7,279,1,10000000,96.42262027138653,14161300.74407398,7000000000,834707,836107,834001,2106,706,1400,0,0.21184494660600986,0.21184494660600986
7,280,1,7000000,79.11935540687887,28206086.924179215,2000000000,837249,837649,837001,648,248,400,0,0.07445201475997043,0.07445201475997043
7,281,1,2000000,74.91533888330216,33690296.49277239,3000000000,840238,840838,840001,837,59,600,0,0.01780928227000669,0.01780928227000669
7,270,0,5000000,171.60230563719128,0,8000000000,833001,841001,807001,34000,0,8000,0.7999999999999999,0,0.7999999999999999
7,282,1,9000000,66.00057272478774,49570305.12911945,2000000000,843183,843583,843001,582,182,400,0,0.0544680932055413,0.0544680932055413
7,271,0,10000000,165.12607062484105,0,3000000000,841001,844001,810001,34000,0,3000,0.3,0,0.3
7,272,0,7000000,165.12607062484105,0,3000000000,844001,847001,813001,34000,0,3000,0.3,0,0.3
7,273,0,7000000,165.12607062484105,0,8000000000,847001,855001,816001,39000,0,8000,0.7999999999999999,0,0.7999999999999999
7,286,1,6000000,125.25812867834165,5295224.978042092,9000000000,856134,857934,855001,2933,1133,1800,0,0.33992889961505457,0.33992889961505457
7,287,1,7000000,153.0185207744474,2425755.9304579217,10000000000,860887,862887,858001,4886,2886,2000,0,0.8657095190955888,0.8657095190955888
7,274,0,7000000,165.12607062484105,0,9000000000,855001,864001,819001,45000,0,9000,0.8999999999999999,0,0.8999999999999999
7,277,0,10000000,149.72827421699614,0,3000000000,864001,867001,828001,39000,0,3000,0.3,0,0.3
7,288,1,7000000,177.8452732011734,1339485.4943562427,8000000000,866227,867827,861001,6826,5226,1600,0,1.5677661377059264,1.5677661377059264
7,283,0,6000000,68.90243682192956,0,5000000000,867001,872001,846001,26000,0,5000,0.49999999999999994,0,0.49999999999999994
7,284,0,10000000,80.24171982204763,0,6000000000,872001,878001,849001,29000,0,6000,0.6,0,0.6
7,292,1,3000000,178.59890817135474,1317223.1244397005,10000000000,878640,880640,873001,7639,2278,2000,0,0.6832555421336288,0.6832555421336288
7,285,0,10000000,98.73600457786402,0,6000000000,878001,884001,852001,32000,0,6000,0.6,0,0.6
7,290,1,10000000,198.8248455299287,860341.2402472892,4000000000,883840,884640,867001,17639,11623,800,0,3.4869884874258794,3.4869884874258794
7,289,0,5000000,208.76807514560267,0,10000000000,884001,894001,864001,30000,0,10000,0.9999999999999999,0,0.9999999999999999
7,300,1,2000000,188.83708242821376,1055879.3518502023,10000000000,900690,902690,897001,5689,1894,2000,0,0.5682467404525229,0.5682467404525229
7,291,0,8000000,184.49677097445363,0,9000000000,894001,903001,870001,33000,0,9000,0.8999999999999999,0,0.8999999999999999
7,301,1,2000000,182.77339877564236,1201906.6570434496,5000000000,904090,905090,900001,5089,1664,1000,0,0.49920681983402115,0.49920681983402115
7,293,0,2000000,181.39528218782317,0,8000000000,903001,911001,876001,35000,0,8000,0.7999999999999999,0,0.7999999999999999
7,303,1,3000000,178.6174129249441,1316682.303143645,5000000000,911890,912890,906001,6889,2278,1000,0,0.683536186254805,0.683536186254805
7,304,1,3000000,160.4330595606778,2013241.1422087506,10000000000,913290,915290,909001,6289,1490,2000,0,0.4470403376580112,0.4470403376580112
7,302,1,10000000,180.00869423447307,1276799.401829932,3000000000,915290,915890,903001,12889,7832,600,0,2.3496251609300147,2.3496251609300147
7,294,0,8000000,193.15008568468198,0,7000000000,911001,918001,879001,39000,0,7000,0.7,0,0.7
7,305,1,4000000,140.8541930508283,3356777.861850422,7000000000,918690,920090,912001,8089,1192,1400,0,0.3574856750689188,0.3574856750689188
7,295,0,7000000,212.57483035392502,0,5000000000,918001,923001,882001,41000,0,5000,0.49999999999999994,0,0.49999999999999994
7,307,1,9000000,101.81370094442103,11601865.399012258,5000000000,925090,926090,918001,8089,776,1000,0,0.232721196733576,0.232721196733576
7,296,0,3000000,237.60225272501097,0,7000000000,923001,930001,885001,45000,0,7000,0.7,0,0.7
7,297,0,5000000,228.06932476771186,0,6000000000,930001,936001,888001,48000,0,6000,0.6,0,0.6
7,309,1,5000000,46.53549720374755,116070341.66747902,3000000000,936490,937090,924001,13089,43,600,0,0.012923197937137415,0.012923197937137415
7,298,0,3000000,210.82113200530924,0,6000000000,936001,942001,891001,51000,0,6000,0.6,0,0.6
7,299,0,7000000,198.09166615483858,0,6000000000,942001,948001,894001,54000,0,6000,0.6,0,0.6
7,306,0,10000000,121.31568777367589,0,10000000000,948001,958001,915001,43000,0,10000,0.9999999999999999,0,0.9999999999999999
7,308,0,7000000,78.36397258944956,0,3000000000,958001,961001,921001,40000,0,3000,0.3,0,0.3
7,310,0,6000000,18.036019516512003,0,5000000000,961001,966001,927001,39000,0,5000,0.49999999999999994,0,0.49999999999999994
7,314,1,7000000,106.93809798196331,9664891.304864751,10000000000,964090,966090,939001,27089,724,2000,0,0.21728128478206274,0.21728128478206274
7,311,0,9000000,20.559610891259606,0,8000000000,966001,974001,930001,44000,0,8000,0.7999999999999999,0,0.7999999999999999
7,315,1,10000000,139.22896896838668,3512456.350298729,5000000000,974090,975090,942001,33089,2847,1000,0,0.8541031405969941,0.8541031405969941
7,317,1,9000000,125.73897764814217,5217531.90518975,5000000000,979490,980490,948001,32489,1725,1000,0,0.5174860545298011,0.5174860545298011
7,312,0,4000000,49.0876328620561,0,8000000000,974001,982001,933001,49000,0,8000,0.7999999999999999,0,0.7999999999999999
7,318,1,8000000,150.1825136292504,2610869.316808242,3000000000,981690,982290,951001,31289,3064,600,0,0.9192340591500661,0.9192340591500661
7,313,0,9000000,81.16413493655925,0,2000000000,982001,984001,936001,48000,0,2000,0.19999999999999998,0,0.19999999999999998
7,320,1,3000000,187.36794202851254,1089135.5119717156,4000000000,985490,986290,957001,29289,2754,800,0,0.8263434532317157,0.8263434532317157
7,316,0,4000000,171.98618374741622,0,6000000000,984001,990001,945001,45000,0,6000,0.6,0,0.6
7,319,0,8000000,178.95386779837992,0,2000000000,990001,992001,954001,38000,0,2000,0.19999999999999998,0,0.19999999999999998
7,322,1,4000000,207.09841380367934,731534.3541188998,2000000000,991690,992090,963001,29089,5468,400,0,1.6403877592944298,1.6403877592944298
7,323,1,2000000,221.99385441944102,554767.3860444675,7000000000,992090,993490,966001,27489,3605,1400,0,1.0815343783599904,1.0815343783599904
7,321,1,9000000,195.3117651346176,923526.0262922664,10000000000,993490,995490,960001,35489,9745,2000,0,2.9235775962263313,2.9235775962263313
7,324,0,2000000,221.6332777359935,0,5000000000,992001,997001,969001,28000,0,5000,0.49999999999999994,0,0.49999999999999994
7,325,1,2000000,200.6118044881707,830267.6674392999,9000000000,996490,998290,972001,26289,2409,1800,0,0.7226585154767158,0.7226585154767158
8,3,1,4000000,178.89927808686096,1308478.515619378,6000000000,9058,10258,6001,4257,3057,1200,0,0.9170956845492958,0.9170956845492958
8,1,1,8000000,200.5793072577528,830802.7802086861,3000000000,10258,10858,1,10857,9629,600,0,2.8887722299113556,2.8887722299113556
8,4,1,2000000,165.2128339445819,1792925.6030939128,4000000000,10858,11658,9001,2657,1115,800,0,0.33464857602826714,0.33464857602826714
8,2,1,9000000,193.98554172927425,948874.6385451112,7000000000,12486,13886,3001,10885,9485,1400,0,2.8454759884191354,2.8454759884191354
8,5,1,3000000,157.1086506211545,2186486.575360623,8000000000,13886,15486,12001,3485,1372,1600,0,0.4116192663344208,0.4116192663344208
8,6,1,6000000,148.1947060457964,2751104.4960761094,6000000000,17182,18382,15001,3381,2181,1200,0,0.654282671765952,0.654282671765952
8,7,1,8000000,131.52122756422247,4384272.902902393,3000000000,19826,20426,18001,2425,1825,600,0,0.5474111792655968,0.5474111792655968
8,8,1,3000000,109.2256586155469,8926836.48048793,8000000000,21337,22937,21001,1936,336,1600,0,0.10081959067662984,0.10081959067662984
8,9,1,8000000,88.48070637150222,19253290.131429806,9000000000,24417,26217,24001,2216,416,1800,0,0.12465401931912656,0.12465401931912656
8,10,1,3000000,70.64988888880148,40474205.2232435,8000000000,27075,28675,27001,1674,74,1600,0,0.022236384755077256,0.022236384755077256
8,12,1,5000000,55.02929129109331,80314557.60623427,10000000000,33063,35063,33001,2062,62,2000,0,0.018676564307982507,0.018676564307982507
8,13,1,5000000,57.93314250064462,70694188.49420615,8000000000,36072,37672,36001,1671,71,1600,0,0.02121815147680682,0.02121815147680682
8,11,0,7000000,57.56291340785314,0,10000000000,30001,40001,30001,10000,0,10000,0.9999999999999999,0,0.9999999999999999
8,14,1,9000000,70.08797329071515,41472637.69145157,8000000000,39218,40818,39001,1817,217,1600,0,0.0651031656121677,0.0651031656121677
8,15,1,3000000,87.94003070274648,19671494.87880953,7000000000,42154,43554,42001,1553,153,1400,0,0.04575147977032978,0.04575147977032978
8,16,0,3000000,108.71809417019782,0,3000000000,45001,48001,45001,3000,0,3000,0.3,0,0.3
8,17,0,5000000,125.89776844726042,0,4000000000,48001,52001,48001,4000,0,4000,0.39999999999999997,0,0.39999999999999997
8,19,1,5000000,169.09362672791664,1635699.8271835619,6000000000,57058,58258,54001,4257,3057,1200,0,0.9170386736439183,0.9170386736439183
8,18,0,6000000,144.79207160614834,0,7000000000,52001,59001,51001,8000,0,7000,0.7,0,0.7
8,20,1,6000000,150.385970090298,2597019.827648801,7000000000,59311,60711,57001,3710,2310,1400,0,0.6931021399361518,0.6931021399361518
8,22,1,6000000,102.93476477847513,11141095.527715545,6000000000,64172,65372,63001,2371,539,1200,0,0.16156400378420288,0.16156400378420288
8,21,0,6000000,126.3811156779366,0,10000000000,60001,70001,60001,10000,0,10000,0.9999999999999999,0,0.9999999999999999
8,25,1,3000000,78.24810796434632,29255649.28078987,9000000000,72104,73904,72001,1903,103,1800,0,0.030763289215083898,0.030763289215083898
8,23,0,8000000,84.67989194608128,0,8000000000,70001,78001,66001,12000,0,8000,0.7999999999999999,0,0.7999999999999999
8,24,0,9000000,77.83439663799031,0,7000000000,78001,85001,69001,16000,0,7000,0.7,0,0.7
8,27,1,9000000,99.38951302828686,12678251.965249931,6000000000,85504,86704,78001,8703,710,1200,0,0.21296311253321695,0.21296311253321695
8,26,0,9000000,86.32719907421998,0,8000000000,85001,93001,75001,18000,0,8000,0.7999999999999999,0,0.7999999999999999
8,28,1,9000000,116.93538044578291,6893584.09272946,7000000000,94104,95504,81001,14503,1306,1400,0,0.39166853753878794,0.39166853753878794
8,29,1,3000000,136.81337142253318,3760640.3229808905,2000000000,97504,97904,84001,13903,798,400,0,0.23932094609000268,0.23932094609000268
8,30,1,4000000,158.13616822220024,2131032.7771417415,5000000000,105304,106304,87001,19303,1877,1000,0,0.5631072468108661,0.5631072468108661
8,34,0,9000000,162.56569533576263,0,8000000000,99001,107001,99001,8000,0,8000,0.7999999999999999,0,0.7999999999999999
8,31,1,10000000,107.30048695136475,9543209.311256591,9000000000,107904,109704,90001,19703,1048,1800,0,0.31435965639581875,0.31435965639581875
8,37,0,2000000,161.68839692445465,0,6000000000,108001,114001,108001,6000,0,6000,0.6,0,0.6
8,32,1,4000000,123.42427840583066,5604824.073226838,10000000000,113304,115304,93001,22303,714,2000,0,0.21410127852757557,0.21410127852757557
8,40,0,5000000,154.91264667547324,0,3000000000,117001,120001,117001,3000,0,3000,0.3,0,0.3
8,42,0,9000000,165.33721329452723,0,2000000000,123001,125001,123001,2000,0,2000,0.19999999999999998,0,0.19999999999999998
8,33,1,6000000,142.37688857395358,3218569.847020114,10000000000,131504,133504,96001,37503,1864,2000,0,0.5592546023714585,0.5592546023714585
8,35,1,2000000,175.58644167474893,1409072.2732950747,9000000000,136904,138704,102001,36703,1419,1800,0,0.4258120831495161,0.4258120831495161
8,45,0,4000000,108.39977721379327,0,7000000000,132001,139001,132001,7000,0,7000,0.7,0,0.7
8,46,0,4000000,91.58167720674261,0,4000000000,139001,143001,135001,8000,0,4000,0.39999999999999997,0,0.39999999999999997
8,36,1,9000000,167.34673465592329,1704262.1691538747,10000000000,144304,146304,105001,41303,5281,2000,0,1.5842632952067963,1.5842632952067963
8,38,1,5000000,155.98648050392063,2249105.8930907943,8000000000,149304,150904,111001,39903,2223,1600,0,0.6669316925485671,0.6669316925485671
8,48,0,6000000,71.89936995551491,0,9000000000,143001,152001,141001,11000,0,9000,0.8999999999999999,0,0.8999999999999999
8,39,1,6000000,153.67352960090426,2385333.965823037,8000000000,152904,154504,114001,40503,2515,1600,0,0.7546113147216796,0.7546113147216796
8,41,1,10000000,159.60081735379677,2054965.9086201382,2000000000,161304,161704,120001,41703,4866,400,0,1.4598782332181999,1.4598782332181999
8,43,1,5000000,147.67706829430222,2789140.325312299,8000000000,162504,164104,126001,38103,1793,1600,0,0.5378001194084939,0.5378001194084939
8,55,0,7000000,135.79848784136,0,3000000000,162001,165001,162001,3000,0,3000,0.3,0,0.3
8,44,1,9000000,127.43162087959173,4954910.818590564,7000000000,165704,167104,129001,38103,1816,1400,0,0.5449139447413952,0.5449139447413952
8,56,0,2000000,137.77200368725133,0,4000000000,165001,169001,165001,4000,0,4000,0.39999999999999997,0,0.39999999999999997
8,47,1,5000000,81.34736934898393,25708932.937525257,10000000000,171504,173504,138001,35503,194,2000,0,0.05834547873476969,0.05834547873476969
8,58,0,9000000,138.76665918007825,0,3000000000,171001,174001,171001,3000,0,3000,0.3,0,0.3
8,49,1,2000000,68.36967237013793,44692126.49794751,10000000000,176504,178504,144001,34503,45,2000,0,0.013425183517001706,0.013425183517001706
8,60,0,10000000,150.16277867700768,0,3000000000,177001,180001,177001,3000,0,3000,0.3,0,0.3
8,50,1,3000000,72.63464806826009,37149332.07472386,10000000000,180504,182504,147001,35503,81,2000,0,0.024226545935999575,0.024226545935999575
8,61,0,3000000,140.53879926909866,0,3000000000,180001,183001,180001,3000,0,3000,0.3,0,0.3
8,62,0,10000000,138.74690915476273,0,2000000000,183001,185001,183001,2000,0,2000,0.19999999999999998,0,0.19999999999999998
8,51,1,4000000,84.7740172458519,22341206.473684214,10000000000,184104,186104,150001,36103,179,2000,0,0.05371240811965478,0.05371240811965478
8,52,1,3000000,87.24467032432413,20224867.88826249,4000000000,186104,186904,153001,33903,148,800,0,0.04449967262937304,0.04449967262937304
8,53,1,8000000,100.02298385871126,12385909.758806467,7000000000,188704,190104,156001,34103,646,1400,0,0.19376856821466695,0.19376856821466695
8,54,1,5000000,118.19598047311085,6617035.507261186,2000000000,193304,193704,159001,34703,756,400,0,0.2266876153760969,0.2266876153760969
8,66,0,6000000,145.91711894085626,0,3000000000,195001,198001,195001,3000,0,3000,0.3,0,0.3
8,57,1,7000000,141.64341777858937,3284249.474909736,4000000000,202904,203704,168001,35703,2131,800,0,0.6394154938725282,0.6394154938725282
8,69,0,8000000,145.34274835711616,0,5000000000,204001,209001,204001,5000,0,5000,0.49999999999999994,0,0.49999999999999994
8,59,1,4000000,141.50184309753706,3297116.659987473,10000000000,209904,211904,174001,37903,1213,2000,0,0.363954364903958,0.363954364903958
8,71,0,5000000,172.2218363042271,0,7000000000,210001,217001,210001,7000,0,7000,0.7,0,0.7
8,63,1,9000000,142.80935543583968,3180602.7569860998,7000000000,222504,223904,186001,37903,2830,1400,0,0.8488956988009678,0.8488956988009678
8,72,0,3000000,203.30526456538206,0,7000000000,217001,224001,213001,11000,0,7000,0.7,0,0.7
8,73,0,7000000,203.7675401039135,0,2000000000,224001,226001,216001,10000,0,2000,0.19999999999999998,0,0.19999999999999998
8,64,1,4000000,153.00100130391309,2426848.6867373833,9000000000,228104,229904,189001,40903,1648,1800,0,0.49446840528539954,0.49446840528539954
8,74,0,6000000,195.39467572070637,0,5000000000,226001,231001,219001,12000,0,5000,0.49999999999999994,0,0.49999999999999994
8,75,0,6000000,180.6837139866236,0,2000000000,231001,233001,222001,11000,0,2000,0.19999999999999998,0,0.19999999999999998
8,78,1,9000000,121.7970217205659,5898243.277579339,5000000000,232644,233644,231001,2643,1526,1000,0,0.4577634175015056,0.4577634175015056
8,65,1,6000000,154.42676354829166,2339875.603525383,3000000000,234104,234704,192001,42703,2564,600,0,0.7692716643944758,0.7692716643944758
8,79,1,6000000,140.6642701612602,3374525.330776788,6000000000,236071,237271,234001,3270,1778,1200,0,0.5334083533418476,0.5334083533418476
8,80,1,5000000,161.82456488432155,1945796.5347650023,7000000000,239571,240971,237001,3970,2570,1400,0,0.770892523036155,0.770892523036155
8,76,0,8000000,152.22256600123387,0,9000000000,233001,242001,225001,17000,0,9000,0.8999999999999999,0,0.8999999999999999
8,67,1,9000000,141.9469654483674,3256869.2540713493,2000000000,243304,243704,198001,45703,2763,400,0,0.8290170066313783,0.8290170066313783
8,68,1,7000000,144.91082292223723,3003785.0612171977,2000000000,246104,246504,201001,45503,2330,400,0,0.6991179319431848,0.6991179319431848
8,77,0,8000000,123.36095006119238,0,5000000000,242001,247001,228001,19000,0,5000,0.49999999999999994,0,0.49999999999999994
8,81,0,10000000,184.44276212418853,0,2000000000,247001,249001,240001,9000,0,2000,0.19999999999999998,0,0.19999999999999998
8,84,1,3000000,145.85114192216662,2928604.174853006,4000000000,250025,250825,249001,1824,1024,800,0,0.30731363689501445,0.30731363689501445
8,70,1,3000000,149.6127845473107,2650140.2034949157,8000000000,252104,253704,207001,46703,1132,1600,0,0.33960467405200306,0.33960467405200306
8,85,1,5000000,167.4116178764186,1701652.5427951193,9000000000,254939,256739,252001,4738,2938,1800,0,0.8814960529698462,0.8814960529698462
8,86,1,3000000,189.2605318073475,1046529.355466785,4000000000,257868,258668,255001,3667,2867,800,0,0.8599854321320701,0.8599854321320701
8,82,0,7000000,120.75001656314585,0,10000000000,249001,259001,243001,16000,0,10000,0.9999999999999999,0,0.9999999999999999
8,88,1,5000000,161.4069372734642,1965740.2153871409,6000000000,263545,264745,261001,3744,2544,1200,0,0.763071329699883,0.763071329699883
8,83,0,10000000,127.46542197788384,0,7000000000,259001,266001,246001,20000,0,7000,0.7,0,0.7
8,90,1,7000000,146.64475305990328,2866954.006595788,6000000000,269443,270643,267001,3642,2442,1200,0,0.7324847190323549,0.7324847190323549
8,87,0,5000000,168.65937329422275,0,6000000000,266001,272001,258001,14000,0,6000,0.6,0,0.6
8,93,1,8000000,162.8645388044924,1897212.5288233322,2000000000,280218,280618,276001,4617,4217,400,0,1.2650137839267281,1.2650137839267281
8,89,0,4000000,156.82140319484458,0,9000000000,272001,281001,264001,17000,0,9000,0.8999999999999999,0,0.8999999999999999
8,91,0,9000000,139.24410113178945,0,2000000000,281001,283001,270001,13000,0,2000,0.19999999999999998,0,0.19999999999999998
8,94,1,5000000,143.72254276904516,3102230.9969744687,8000000000,287938,289538,279001,10537,1612,1600,0,0.4835229876379012,0.4835229876379012
8,92,0,4000000,139.7881314704507,0,9000000000,283001,292001,273001,19000,0,9000,0.8999999999999999,0,0.8999999999999999
8,96,1,4000000,90.3488749238196,17885540.82814377,4000000000,291338,292138,285001,7137,224,800,0,0.067093302435213,0.067093302435213
8,95,0,8000000,117.0340292393627,0,3000000000,292001,295001,282001,13000,0,3000,0.3,0,0.3
8,97,0,5000000,71.74322267643127,0,7000000000,295001,302001,288001,14000,0,7000,0.7,0,0.7
8,103,1,7000000,105.22862965942305,10264649.617690092,6000000000,307738,308938,306001,2937,682,1200,0,0.2045856486305057,0.2045856486305057
8,98,0,2000000,66.85910259643038,0,10000000000,302001,312001,291001,21000,0,10000,0.9999999999999999,0,0.9999999999999999
8,104,1,6000000,100.0939803384799,12353647.122420462,9000000000,310338,312138,309001,3137,486,1800,0,0.14570595890934954,0.14570595890934954
8,99,0,6000000,82.83222199120338,0,5000000000,312001,317001,294001,23000,0,5000,0.49999999999999994,0,0.49999999999999994
8,108,1,9000000,100.45206667859054,12192438.316095093,6000000000,323912,325112,321001,4111,738,1200,0,0.22144873158273534,0.22144873158273534
8,100,0,5000000,65.98655393335832,0,9000000000,317001,326001,297001,29000,0,9000,0.8999999999999999,0,0.8999999999999999
8,101,0,4000000,69.84556177739573,0,8000000000,326001,334001,300001,34000,0,8000,0.7999999999999999,0,0.7999999999999999
8,110,1,10000000,150.40101329445892,2595999.4324566154,10000000000,337312,339312,327001,12311,3852,2000,0,1.155624289625162,1.155624289625162
8,102,0,5000000,85.52187673338327,0,8000000000,334001,342001,303001,39000,0,8000,0.7999999999999999,0,0.7999999999999999
8,111,1,7000000,177.08315786657974,1362476.0164598364,6000000000,342912,344112,330001,14111,5138,1200,0,1.5413115347575035,1.5413115347575035
8,112,1,8000000,204.6234595543727,767382.7338721375,5000000000,346712,347712,333001,14711,10425,1000,0,3.127513682631139,3.127513682631139
8,105,0,3000000,80.92804334716118,0,7000000000,342001,349001,312001,37000,0,7000,0.7,0,0.7
8,106,0,8000000,67.96636373972059,0,3000000000,349001,352001,315001,37000,0,3000,0.3,0,0.3
8,107,0,10000000,78.08344766978462,0,6000000000,352001,358001,318001,40000,0,6000,0.6,0,0.6
8,115,1,6000000,246.43233006243318,365808.18956504384,8000000000,359672,361272,342001,19271,16402,1600,0,4.920611542732956,4.920611542732956
8,116,1,7000000,226.59517382327456,511214.7475233475,2000000000,361272,361672,345001,16671,13693,400,0,4.1078627136125245,4.1078627136125245
8,121,1,3000000,192.96972430928125,968878.3041615766,5000000000,363097,364097,360001,4096,3096,1000,0,0.928909230534189,0.928909230534189
8,109,0,3000000,126.24031764852307,0,7000000000,358001,365001,324001,41000,0,7000,0.7,0,0.7
8,120,1,10000000,188.88716870131753,1054768.0129543531,8000000000,366482,368082,357001,11081,9481,1600,0,2.8442273212259708,2.8442273212259708
8,114,1,8000000,235.968225191444,434932.41494575114,4000000000,367312,368112,339001,29111,18394,800,0,5.518098714944828,5.518098714944828
8,123,1,3000000,209.21593940233137,702506.3740606759,10000000000,371457,373457,366001,7456,4270,2000,0,1.2811271658615109,1.2811271658615109
8,113,0,4000000,218.6873258787532,0,10000000000,365001,375001,336001,39000,0,10000,0.9999999999999999,0,0.9999999999999999
8,117,0,9000000,210.12633652162688,0,7000000000,375001,382001,348001,34000,0,7000,0.7,0,0.7
8,122,1,10000000,203.0560045898668,791222.2210669926,6000000000,381657,382857,363001,19856,12639,1200,0,3.7916023085832804,3.7916023085832804
8,128,1,2000000,197.31895119323943,886744.5342252369,8000000000,386057,387657,381001,6656,2255,1600,0,0.6766323070987179,0.6766323070987179
8,127,1,6000000,198.77051894081274,861276.6009424826,9000000000,388657,390457,378001,12456,6966,1800,0,2.089920936003934,2.089920936003934
8,118,0,7000000,197.83704253753896,0,10000000000,382001,392001,351001,41000,0,10000,0.9999999999999999,0,0.9999999999999999
8,130,1,2000000,192.56597466842368,976974.6625432924,4000000000,394657,395457,387001,8456,2047,800,0,0.6141407991462751,0.6141407991462751
8,119,0,5000000,190.55558611596774,0,4000000000,392001,396001,354001,42000,0,4000,0.39999999999999997,0,0.39999999999999997
8,131,1,7000000,198.81737650416775,860469.7621439272,7000000000,398136,399536,390001,9535,8135,1400,0,2.440527363527205,2.440527363527205
8,133,1,3000000,228.86240844664727,491324.1223760902,8000000000,403758,405358,396001,9357,6106,1600,0,1.8317846794240722,1.8317846794240722
8,124,0,8000000,197.70669690225466,0,10000000000,396001,406001,369001,37000,0,10000,0.9999999999999999,0,0.9999999999999999
8,132,1,8000000,211.27254364919258,675675.2300329083,6000000000,407958,409158,393001,16157,11840,1200,0,3.552002342727748,3.552002342727748
8,134,1,2000000,250.57661223665713,342257.5024815888,10000000000,409158,411158,399001,12157,5844,2000,0,1.7530660267477294,1.7530660267477294
8,125,0,8000000,192.5206051309833,0,9000000000,406001,415001,372001,43000,0,9000,0.8999999999999999,0,0.8999999999999999
8,126,0,6000000,192.8442506272873,0,7000000000,415001,422001,375001,47000,0,7000,0.7,0,0.7
8,129,0,6000000,193.09678868381008,0,4000000000,422001,426001,384001,42000,0,4000,0.39999999999999997,0,0.39999999999999997
8,136,1,3000000,218.6501280585035,589347.6418525053,6000000000,424912,426112,405001,21111,5090,1200,0,1.5271122442621752,1.5271122442621752
8,139,1,3000000,138.79476431047388,3555545.6457759636,5000000000,429712,430712,414001,16711,844,1000,0,0.2531257054931111,0.2531257054931111
8,138,1,9000000,167.60318016075945,1693976.7245006138,6000000000,430712,431912,411001,20911,5313,1200,0,1.5938825846594575,1.5938825846594575
8,137,1,10000000,198.13609514674502,872294.0372207239,7000000000,433512,434912,408001,26911,11464,1400,0,3.4392072764345683,3.4392072764345683
8,135,0,5000000,235.10814554157838,0,10000000000,426001,436001,402001,34000,0,10000,0.9999999999999999,0,0.9999999999999999
8,142,1,3000000,65.6769038551605,50278796.99132348,7000000000,436312,437712,423001,14711,60,1400,0,0.017900189619797613,0.017900189619797613
8,140,0,10000000,111.41150972857339,0,5000000000,436001,441001,417001,24000,0,5000,0.49999999999999994,0,0.49999999999999994
8,144,1,5000000,98.34806810507257,13176876.546446513,7000000000,440512,441912,429001,12911,379,1400,0,0.11383577851038712,0.11383577851038712
8,145,1,3000000,128.2332195649785,4836196.0158979455,3000000000,444312,444912,432001,12911,620,600,0,0.18609667537077595,0.18609667537077595
8,146,1,8000000,160.74192110336375,1998023.8288202786,2000000000,446712,447112,435001,12111,4004,400,0,1.2011868754423545,1.2011868754423545
8,147,1,2000000,174.0341161956471,1459510.6694019756,8000000000,447112,448712,438001,10711,1370,1600,0,0.41109668642973735,0.41109668642973735
8,141,0,5000000,83.47131782834144,0,8000000000,441001,449001,420001,29000,0,8000,0.7999999999999999,0,0.7999999999999999
8,143,0,8000000,74.39000268853337,0,2000000000,449001,451001,426001,25000,0,2000,0.19999999999999998,0,0.19999999999999998
8,149,1,4000000,174.0341161956471,1459510.6694019756,6000000000,451712,452912,444001,8911,2741,1200,0,0.8221933728594747,0.8221933728594747
8,151,0,10000000,198.4071856057638,0,2000000000,451001,453001,450001,3000,0,2000,0.19999999999999998,0,0.19999999999999998
8,148,1,9000000,174.0341161956471,1459510.6694019756,8000000000,452912,454512,441001,13511,6166,1600,0,1.849935088933818,1.849935088933818
8,150,1,8000000,178.20142115033764,1328907.0707724213,4000000000,456512,457312,447001,10311,6020,800,0,1.8059953572261533,1.8059953572261533
8,154,0,8000000,165.12607062484105,0,3000000000,459001,462001,459001,3000,0,3000,0.3,0,0.3
8,153,1,3000000,171.61155264142332,1542791.3346861461,8000000000,476594,478194,456001,22193,1945,1600,0,0.5833582155704091,0.5833582155704091
8,160,1,4000000,161.22579694329318,1974469.2912598676,9000000000,479027,480827,477001,3826,2026,1800,0,0.6077582494252444,0.6077582494252444
8,159,0,4000000,156.11757140053138,0,10000000000,474001,484001,474001,10000,0,10000,0.9999999999999999,0,0.9999999999999999
8,152,1,6000000,203.90827374091518,778147.3819985266,8000000000,482794,484394,453001,31393,7711,1600,0,2.313186475519631,2.313186475519631
8,161,1,9000000,133.3812179431572,4151545.1697138813,9000000000,483427,485227,480001,5226,2168,1800,0,0.6503602609690695,0.6503602609690695
8,162,1,6000000,110.76496287183961,8468271.892929668,2000000000,487227,487627,483001,4626,709,400,0,0.21255812552533376,0.21255812552533376
8,163,1,3000000,96.99116506156628,13861837.34757049,10000000000,488827,490827,486001,4826,216,2000,0,0.06492645797476043,0.06492645797476043
8,155,1,7000000,161.11621209549338,1979773.4748295178,7000000000,491794,493194,462001,31193,3536,1400,0,1.0607274148780255,1.0607274148780255
8,164,0,8000000,95.79320330795912,0,6000000000,489001,495001,489001,6000,0,6000,0.6,0,0.6
8,156,1,6000000,144.7800490399143,3014428.6125928313,6000000000,496994,498194,465001,33193,1990,1200,0,0.5971280900401711,0.5971280900401711
8,165,0,4000000,107.53061936025473,0,6000000000,495001,501001,492001,9000,0,6000,0.6,0,0.6
8,157,1,9000000,138.77093643843446,3557929.0536759933,4000000000,503994,504794,468001,36793,2530,800,0,0.7588684201587451,0.7588684201587451
8,158,1,3000000,143.02340263047859,3162015.5832494586,9000000000,507794,509594,471001,38593,949,1800,0,0.2846285782928088,0.2846285782928088
8,167,1,3000000,144.5660143325533,3031949.3295531482,10000000000,508627,510627,498001,12626,989,2000,0,0.2968387338229834,0.2968387338229834
8,166,0,9000000,127.40533937005932,0,10000000000,501001,511001,495001,16000,0,10000,0.9999999999999999,0,0.9999999999999999
8,171,1,6000000,181.49214252964234,1235915.3246043446,3000000000,514856,515456,510001,5455,4855,600,0,1.4564104547989456,1.4564104547989456
8,168,1,7000000,165.53458248958128,1779196.6010642552,7000000000,514827,516227,501001,15226,3934,1400,0,1.1803080102243062,1.1803080102243062
8,169,1,2000000,184.9475914955369,1146817.3567618302,2000000000,517227,517627,504001,13626,1744,400,0,0.5231870589177064,0.5231870589177064
8,172,1,8000000,152.37925219661625,2466027.0394123076,8000000000,516245,517845,513001,4844,3244,1600,0,0.9732253384261177,0.9732253384261177
8,173,1,4000000,123.28889041596567,5628546.499464057,6000000000,517845,519045,516001,3044,711,1200,0,0.2131989138073679,0.2131989138073679
8,170,0,6000000,206.8516927656141,0,10000000000,511001,521001,507001,14000,0,10000,0.9999999999999999,0,0.9999999999999999
8,174,1,3000000,96.01226848689709,14382191.873401856,8000000000,520845,522445,519001,3444,209,1600,0,0.06257738791987906,0.06257738791987906
8,175,0,4000000,68.95826708959557,0,5000000000,522001,527001,522001,5000,0,5000,0.49999999999999994,0,0.49999999999999994
8,177,1,6000000,14.81492490699825,430408571.63596654,6000000000,529373,530573,528001,2572,14,1200,0,0.0041820728457109225,0.0041820728457109225
8,178,1,6000000,11.558689372069784,501906818.7417174,10000000000,532573,534573,531001,3572,12,2000,0,0.003586323063935668,0.003586323063935668
8,176,0,9000000,40.1273684659236,0,9000000000,527001,536001,525001,11000,0,9000,0.8999999999999999,0,0.8999999999999999
8,180,1,9000000,69.73507653971568,42113115.09018506,6000000000,537215,538415,537001,1414,214,1200,0,0.0641130439820935,0.0641130439820935
8,181,1,9000000,98.87881117812856,12919916.30833984,9000000000,540719,542519,540001,2518,697,1800,0,0.20897968187743932,0.20897968187743932
8,179,0,5000000,40.60114530404289,0,8000000000,536001,544001,534001,10000,0,8000,0.7999999999999999,0,0.7999999999999999
8,182,0,5000000,122.11089427237854,0,7000000000,544001,551001,543001,8000,0,7000,0.7,0,0.7
8,184,1,8000000,134.60036032641221,4007210.6938617085,5000000000,550997,551997,549001,2996,1996,1000,0,0.5989203421912274,0.5989203421912274
8,185,1,10000000,148.71559434033813,2713474.7994675883,2000000000,555686,556086,552001,4085,3685,400,0,1.1055934628870079,1.1055934628870079
8,183,0,8000000,125.9802226541928,0,9000000000,551001,560001,546001,14000,0,9000,0.8999999999999999,0,0.8999999999999999
8,186,0,6000000,166.86098675244614,0,5000000000,560001,565001,555001,10000,0,5000,0.49999999999999994,0,0.49999999999999994
8,188,1,3000000,207.64693159302882,723873.7771346415,8000000000,565145,566745,561001,5744,4144,1600,0,1.2433106826476443,1.2433106826476443
8,187,0,10000000,184.9739581670891,0,6000000000,565001,571001,558001,13000,0,6000,0.6,0,0.6
8,192,0,2000000,188.55322855894042,0,2000000000,573001,575001,573001,2000,0,2000,0.19999999999999998,0,0.19999999999999998
8,190,1,6000000,208.6444727281315,710196.6505448174,2000000000,575449,575849,567001,8848,8448,400,0,2.5345092779854075,2.5345092779854075
8,189,1,7000000,222.66141672952682,548169.3437884853,6000000000,576771,577971,564001,13970,12770,1200,0,3.8309329476299547,3.8309329476299547
8,194,0,7000000,207.75335978029332,0,3000000000,579001,582001,579001,3000,0,3000,0.3,0,0.3
8,191,1,10000000,195.48276906162346,920319.244915062,6000000000,580867,582067,570001,12066,10866,1200,0,3.2597384185711293,3.2597384185711293
8,193,1,7000000,217.46243560670422,602274.5825047782,3000000000,587624,588224,576001,12223,11623,600,0,3.4867817121990856,3.4867817121990856
8,195,0,10000000,195.75211365397823,0,7000000000,582001,589001,582001,7000,0,7000,0.7,0,0.7
8,197,1,2000000,182.73989438543524,1202781.0422653507,7000000000,589664,591064,588001,3063,1663,1400,0,0.4988439116648726,0.4988439116648726
8,196,0,7000000,188.91279310835466,0,4000000000,589001,593001,585001,8000,0,4000,0.39999999999999997,0,0.39999999999999997
8,198,1,10000000,157.19967970705295,2181502.234501917,9000000000,596011,597811,591001,6810,4584,1800,0,1.3751991414691187,1.3751991414691187
8,199,0,10000000,132.44178872244206,0,10000000000,594001,604001,594001,10000,0,10000,0.9999999999999999,0,0.9999999999999999
8,202,1,2000000,52.18865777158868,90932970.34920608,5000000000,603023,604023,603001,1022,22,1000,0,0.006598266807911863,0.006598266807911863
8,200,0,7000000,105.27643658483136,0,2000000000,604001,606001,597001,9000,0,2000,0.19999999999999998,0,0.19999999999999998
8,203,1,10000000,26.432131960929674,265029055.59830156,8000000000,606039,607639,606001,1638,38,1600,0,0.011319513602867117,0.011319513602867117
8,201,0,9000000,78.12507471996429,0,4000000000,606001,610001,600001,10000,0,4000,0.39999999999999997,0,0.39999999999999997
8,204,0,9000000,3.9654760117796535,0,7000000000,610001,617001,609001,8000,0,7000,0.7,0,0.7
8,207,1,2000000,72.994205249458,36579228.68102393,4000000000,618056,618856,618001,855,55,800,0,0.016402751551490742,0.016402751551490742
8,205,0,5000000,18.67661907305498,0,6000000000,617001,623001,612001,11000,0,6000,0.6,0,0.6
8,208,1,7000000,100.18856471673796,12310820.608647563,5000000000,622392,623392,621001,2391,569,1000,0,0.17058164250439037,0.17058164250439037
8,209,1,10000000,122.04121312081422,5853036.410026712,3000000000,625842,626442,624001,2441,1709,600,0,0.5125544742658296,0.5125544742658296
8,206,0,9000000,45.816565781385194,0,6000000000,623001,629001,615001,14000,0,6000,0.6,0,0.6
8,210,1,8000000,125.7362986571499,5217960.88475538,10000000000,629130,631130,627001,4129,1533,2000,0,0.4599497874757474,0.4599497874757474
8,211,1,10000000,123.45522913185984,5599418.107124131,10000000000,632330,634330,630001,4329,1786,2000,0,0.5357699572716501,0.5357699572716501
8,212,0,5000000,127.06612333741835,0,5000000000,633001,638001,633001,5000,0,5000,0.49999999999999994,0,0.49999999999999994
8,213,0,5000000,130.55902305087915,0,4000000000,638001,642001,636001,6000,0,4000,0.39999999999999997,0,0.39999999999999997
8,214,1,8000000,137.4121464791232,3697159.8312565614,2000000000,642730,643130,639001,4129,2164,400,0,0.6491469423934283,0.6491469423934283
8,215,0,10000000,127.81007667629342,0,7000000000,642001,649001,642001,7000,0,7000,0.7,0,0.7
8,216,1,10000000,125.44248801741772,5265270.977949967,7000000000,651730,653130,645001,8129,1899,1400,0,0.5697712449299334,0.5697712449299334
8,217,1,6000000,128.69107389403516,4769951.985279374,5000000000,655130,656130,648001,8129,1258,1000,0,0.37736228908697805,0.37736228908697805
8,218,1,5000000,137.32261066554184,3706567.831663088,6000000000,657330,658530,651001,7529,1349,1200,0,0.40468704961672586,0.40468704961672586
8,220,0,3000000,155.33565720722336,0,3000000000,657001,660001,657001,3000,0,3000,0.3,0,0.3
8,219,1,3000000,148.7407866054231,2711671.053998572,9000000000,659930,661730,654001,7729,1106,1800,0,0.331898663989085,0.331898663989085
8,221,0,3000000,156.1640538024036,0,4000000000,660001,664001,660001,4000,0,4000,0.39999999999999997,0,0.39999999999999997
8,222,0,10000000,161.5525035398709,0,9000000000,664001,673001,663001,10000,0,9000,0.8999999999999999,0,0.8999999999999999
8,223,1,4000000,171.04507154548472,1563110.3091550216,9000000000,671454,673254,666001,7253,2559,1800,0,0.7677001379695909,0.7677001379695909
8,224,0,9000000,183.23740365984239,0,6000000000,673001,679001,669001,10000,0,6000,0.6,0,0.6
8,225,1,7000000,194.71154922089246,934892.380701662,4000000000,683054,683854,672001,11853,7487,800,0,2.246247849858283,2.246247849858283
8,227,1,5000000,212.21318455741624,663829.4366062335,9000000000,685533,687333,678001,9332,7532,1800,0,2.2596165781207462,2.2596165781207462
8,226,0,9000000,209.83018872412046,0,9000000000,679001,688001,675001,13000,0,9000,0.8999999999999999,0,0.8999999999999999
8,230,1,4000000,212.21318455741624,663829.4366062335,9000000000,693190,694990,687001,7989,6026,1800,0,1.807693262496597,1.807693262496597
8,228,0,7000000,212.21318455741624,0,7000000000,688001,695001,681001,14000,0,7000,0.7,0,0.7
8,229,0,7000000,212.21318455741624,0,5000000000,695001,700001,684001,16000,0,5000,0.49999999999999994,0,0.49999999999999994
8,231,0,6000000,212.21318455741624,0,7000000000,700001,707001,690001,17000,0,7000,0.7,0,0.7
8,235,1,8000000,153.72926461802902,2381933.0644502942,7000000000,706633,708033,702001,6032,3359,1400,0,1.0075849887720818,1.0075849887720818
8,234,1,8000000,182.29211310421528,1214543.3728430592,5000000000,708033,709033,699001,10032,6587,1000,0,1.9760512910971382,1.9760512910971382
8,236,1,4000000,127.58054436315906,4932587.904925335,8000000000,709033,710633,705001,5632,811,1600,0,0.24328000293755828,0.24328000293755828
8,237,1,7000000,109.11722916203476,8960253.12439738,6000000000,711433,712633,708001,4632,781,1200,0,0.23436837897827079,0.23436837897827079
8,232,0,3000000,215.30618314391253,0,6000000000,707001,713001,693001,20000,0,6000,0.6,0,0.6
8,239,1,2000000,91.75183594893346,16932401.32460439,4000000000,714433,715233,714001,1232,118,800,0,0.03543502120565398,0.03543502120565398
8,233,0,9000000,211.39892738611513,0,6000000000,713001,719001,696001,23000,0,6000,0.6,0,0.6
8,240,1,6000000,100.13218863082945,12336325.639181614,5000000000,719477,720477,717001,3476,486,1000,0,0.1459105452180177,0.1459105452180177
8,238,0,7000000,95.06742133875302,0,6000000000,719001,725001,711001,14000,0,6000,0.6,0,0.6
8,241,1,9000000,117.90562030709135,6679520.368824958,6000000000,724877,726077,720001,6076,1347,1200,0,0.40422064024261317,0.40422064024261317
8,242,1,8000000,141.6108488075684,3287204.05321037,5000000000,727477,728477,723001,5476,2434,1000,0,0.7301037480944017,0.7301037480944017
8,243,1,8000000,168.51038692021328,1658203.6230190077,10000000000,733477,735477,726001,9476,4824,2000,0,1.447349388629631,1.447349388629631
8,245,1,2000000,149.3555235001371,2668112.191566517,2000000000,735477,735877,732001,3876,750,400,0,0.22487809991517807,0.22487809991517807
8,244,1,6000000,171.2176375260446,1556885.56538455,2000000000,735877,736277,729001,7276,3854,400,0,1.1561543378786487,1.1561543378786487
8,246,1,10000000,149.8179702171939,2635913.338884201,3000000000,739307,739907,735001,4906,3794,600,0,1.138125429142492,1.138125429142492
8,247,0,2000000,163.55227482367835,0,7000000000,738001,745001,738001,7000,0,7000,0.7,0,0.7
8,248,1,4000000,180.47135174315068,1263870.4103519444,8000000000,744166,745766,741001,4765,3165,1600,0,0.9494644309821616,0.9494644309821616
8,249,0,6000000,197.92117269256465,0,4000000000,745001,749001,744001,5000,0,4000,0.39999999999999997,0,0.39999999999999997
8,250,0,6000000,218.55345272953252,0,5000000000,749001,754001,747001,7000,0,5000,0.49999999999999994,0,0.49999999999999994
8,253,0,9000000,218.31130525009462,0,3000000000,756001,759001,756001,3000,0,3000,0.3,0,0.3
8,254,0,3000000,202.39888265501867,0,6000000000,759001,765001,759001,6000,0,6000,0.6,0,0.6
8,252,1,5000000,234.32447097987867,447227.2428747679,3000000000,765294,765894,753001,12893,11180,600,0,3.353999614062036,3.353999614062036
8,251,1,7000000,240.36133403690374,404082.8457094385,9000000000,767431,769231,750001,19230,17323,1800,0,5.196954095670853,5.196954095670853
8,255,1,5000000,189.05841663358973,1050979.2603150355,7000000000,770094,771494,762001,9493,4757,1400,0,1.4272403430210114,1.4272403430210114
8,256,1,3000000,181.12682766503696,1245830.5349506927,5000000000,771494,772494,765001,7493,2408,1000,0,0.7224096494276567,0.7224096494276567
8,258,0,7000000,183.62309794794336,0,9000000000,771001,780001,771001,9000,0,9000,0.8999999999999999,0,0.8999999999999999
8,257,1,9000000,179.26843698766385,1297829.8918340874,3000000000,780294,780894,768001,12893,6935,600,0,2.080395910888115,2.080395910888115
8,259,1,4000000,177.28339798187537,1356388.2311283024,4000000000,782294,783094,774001,9093,2949,800,0,0.8847024564654237,0.8847024564654237
8,261,0,2000000,182.76249177552813,0,4000000000,780001,784001,780001,4000,0,4000,0.39999999999999997,0,0.39999999999999997
8,260,1,4000000,180.66887114276219,1258400.3251482625,6000000000,785494,786694,777001,9693,3179,1200,0,0.9535916162915947,0.9535916162915947
8,262,1,8000000,156.24308144682755,2234593.196330231,8000000000,793294,794894,783001,11893,3580,1600,0,1.0740209913560146,1.0740209913560146
8,263,1,8000000,129.73699279696592,4622749.192453878,6000000000,794894,796094,786001,10093,1731,1200,0,0.519171579526255,0.519171579526255
8,264,1,8000000,109.66380077309013,8793326.966367776,8000000000,798094,799694,789001,10693,910,1600,0,0.2729342385628768,0.2729342385628768
8,267,0,6000000,67.25910272966776,0,6000000000,798001,804001,798001,6000,0,6000,0.6,0,0.6
8,265,1,2000000,96.01633246484677,14379984.403647797,9000000000,803894,805694,792001,13693,139,1800,0,0.04172466277834049,0.04172466277834049
8,266,1,2000000,77.25851927133989,30500918.773979396,8000000000,806294,807894,795001,12893,66,1600,0,0.01967153856728622,0.01967153856728622
8,268,0,10000000,66.29443792657113,0,6000000000,804001,810001,801001,9000,0,6000,0.6,0,0.6
8,269,0,4000000,72.64172148290537,0,8000000000,810001,818001,804001,14000,0,8000,0.7999999999999999,0,0.7999999999999999
8,275,1,2000000,204.97705261809188,762129.165417975,8000000000,824625,826225,822001,4224,2624,1600,0,0.7872681262249577,0.7872681262249577
8,270,0,2000000,89.40415258812087,0,9000000000,818001,827001,807001,20000,0,9000,0.8999999999999999,0,0.8999999999999999
8,271,0,6000000,109.00676355162555,0,4000000000,827001,831001,810001,21000,0,4000,0.39999999999999997,0,0.39999999999999997
8,278,1,2000000,219.76807070181965,577494.4854664432,3000000000,834625,835225,831001,4224,3463,600,0,1.0389709600696515,1.0389709600696515
8,272,0,7000000,133.4637407687946,0,10000000000,831001,841001,813001,28000,0,10000,0.9999999999999999,0,0.9999999999999999
8,276,1,8000000,221.14543743880404,563296.5427144476,5000000000,843025,844025,825001,19024,14202,1000,0,4.260633286394293,4.260633286394293
8,282,1,2000000,198.95801893866957,858053.691770396,5000000000,846025,847025,843001,4024,2331,1000,0,0.69925694132501,0.69925694132501
8,273,0,3000000,160.30577438133665,0,8000000000,841001,849001,816001,33000,0,8000,0.7999999999999999,0,0.7999999999999999
8,283,1,3000000,193.00177667576017,968239.1459085287,3000000000,849856,850456,846001,4455,3098,600,0,0.9295224261517563,0.9295224261517563
8,274,0,8000000,187.6731509832986,0,9000000000,849001,858001,819001,39000,0,9000,0.8999999999999999,0,0.8999999999999999
8,277,0,4000000,231.13249814770745,0,7000000000,858001,865001,828001,37000,0,7000,0.7,0,0.7
8,279,0,9000000,228.54879260236754,0,9000000000,865001,874001,834001,40000,0,9000,0.8999999999999999,0,0.8999999999999999
8,280,0,8000000,222.7162510909341,0,3000000000,874001,877001,837001,40000,0,3000,0.3,0,0.3
8,289,1,2000000,249.37698891437438,348874.85341764777,3000000000,880570,881170,864001,17169,5733,600,0,1.7198144094430428,1.7198144094430428
8,281,0,3000000,209.88466594775332,0,7000000000,877001,884001,840001,44000,0,7000,0.7,0,0.7
8,284,0,6000000,192.3581516338728,0,5000000000,884001,889001,849001,40000,0,5000,0.49999999999999994,0,0.49999999999999994
8,285,0,3000000,197.0694611044542,0,3000000000,889001,892001,852001,40000,0,3000,0.3,0,0.3
8,290,1,5000000,230.40027886267848,478379.92990664876,7000000000,896370,897770,867001,30769,10452,1400,0,3.1355830506783815,3.1355830506783815
8,293,1,3000000,168.15035801329714,1672287.0213679117,7000000000,897770,899170,876001,23169,1794,1400,0,0.5381851252207951,0.5381851252207951
8,292,1,5000000,195.72321298200686,915833.6959787095,6000000000,900170,901370,873001,28369,5460,1200,0,1.6378519447212725,1.6378519447212725
8,286,0,5000000,206.8089555604399,0,10000000000,892001,902001,855001,47000,0,10000,0.9999999999999999,0,0.9999999999999999
8,294,1,3000000,142.39511929838045,3216958.0870554335,8000000000,902170,903770,879001,24769,933,1600,0,0.279767400023478,0.279767400023478
8,291,1,9000000,216.65718266422647,611240.5151053314,5000000000,908970,909970,870001,39969,14724,1000,0,4.4172464574517365,4.4172464574517365
8,287,0,7000000,220.82801135725512,0,8000000000,902001,910001,858001,52000,0,8000,0.7999999999999999,0,0.7999999999999999
8,296,1,5000000,92.85347597155426,16225375.526250768,4000000000,909970,910770,885001,25769,308,800,0,0.0924477832622841,0.0924477832622841
8,298,1,2000000,65.86393929913389,49868112.63571162,3000000000,914970,915570,891001,24569,40,600,0,0.01203173668077278,0.01203173668077278
8,288,0,4000000,238.4173336819284,0,7000000000,910001,917001,861001,56000,0,7000,0.7,0,0.7
8,304,1,6000000,215.97396532915724,618978.4991374682,6000000000,918694,919894,909001,10893,9693,1200,0,2.908017003027177,2.908017003027177
8,305,1,8000000,185.47752020123625,1133869.1382160096,10000000000,919894,921894,912001,9893,7055,2000,0,2.1166463740040378,2.1166463740040378
8,306,1,9000000,165.24546135976018,1791527.4172338787,10000000000,921894,923894,915001,8893,5024,2000,0,1.5070938764469508,1.5070938764469508
8,302,1,7000000,159.33440808563606,2068548.4542222386,9000000000,923170,924970,903001,21969,3384,1800,0,1.0152046454186576,1.0152046454186576
8,295,0,9000000,118.5741219659669,0,9000000000,917001,926001,882001,44000,0,9000,0.8999999999999999,0,0.8999999999999999
8,308,1,9000000,165.12607062484105,1796650.272861033,10000000000,926894,928894,921001,7893,5009,2000,0,1.5027966437232378,1.5027966437232378
8,303,1,7000000,189.32602171914985,1045092.5170798367,4000000000,928370,929170,906001,23169,6698,800,0,2.009391480352143,2.009391480352143
8,309,1,6000000,165.12607062484105,1796650.272861033,8000000000,928894,930494,924001,6493,3340,1600,0,1.0018644291488252,1.0018644291488252
8,297,0,6000000,71.96069830122553,0,7000000000,926001,933001,888001,45000,0,7000,0.7,0,0.7
8,310,1,6000000,165.12607062484105,1796650.272861033,7000000000,932694,934094,927001,7093,3340,1400,0,1.0018644291488252,1.0018644291488252
8,299,0,8000000,80.55873447367456,0,5000000000,933001,938001,894001,44000,0,5000,0.49999999999999994,0,0.49999999999999994
8,312,1,5000000,165.12607062484105,1796650.272861033,8000000000,938294,939894,933001,6893,2783,1600,0,0.8348870242906877,0.8348870242906877
8,313,1,2000000,156.2374935794862,2234907.994506731,4000000000,939894,940694,936001,4693,895,800,0,0.2684674275069774,0.2684674275069774
8,300,0,3000000,103.54635145672684,0,3000000000,938001,941001,897001,44000,0,3000,0.3,0,0.3
8,314,1,4000000,133.53790847545875,4132640.76834794,4000000000,941294,942094,939001,3093,968,800,0,0.2903712341006864,0.2903712341006864
8,317,1,2000000,74.05043821612405,34958831.98025339,9000000000,948083,949883,948001,1882,57,1800,0,0.017163044816225895,0.017163044816225895
8,301,0,7000000,130.4449017784904,0,9000000000,941001,950001,900001,50000,0,9000,0.8999999999999999,0,0.8999999999999999
8,307,0,5000000,165.12607062484105,0,3000000000,950001,953001,918001,35000,0,3000,0.3,0,0.3
8,320,1,8000000,49.50638342678648,102157610.31107582,8000000000,958674,960274,957001,3273,78,1600,0,0.02349311023125797,0.02349311023125797
8,311,0,6000000,165.12607062484105,0,8000000000,953001,961001,930001,31000,0,8000,0.7999999999999999,0,0.7999999999999999
8,321,1,9000000,63.62546974286321,55019786.67680301,3000000000,962674,963274,960001,3273,164,600,0,0.04907325460675317,0.04907325460675317
8,315,0,7000000,111.73411654458991,0,6000000000,961001,967001,942001,25000,0,6000,0.6,0,0.6
8,323,1,9000000,80.82630326818119,26269847.134428777,2000000000,967074,967474,966001,1473,343,400,0,0.1027794332484497,0.1027794332484497
8,324,1,10000000,77.02183196990318,30807415.58221949,10000000000,970874,972874,969001,3873,325,2000,0,0.09737915184717576,0.09737915184717576
8,316,0,9000000,92.00260920213078,0,8000000000,967001,975001,945001,30000,0,8000,0.7999999999999999,0,0.7999999999999999
8,325,1,4000000,81.64354842851944,25396138.967413884,3000000000,974674,975274,972001,3273,158,600,0,0.047251277114987264,0.047251277114987264
8,326,1,2000000,92.52122188989944,16434913.810963705,5000000000,977274,978274,975001,3273,122,1000,0,0.036507645059856715,0.036507645059856715
8,318,0,4000000,57.07280438177195,0,5000000000,975001,980001,951001,29000,0,5000,0.49999999999999994,0,0.49999999999999994
8,327,1,2000000,108.98646934367582,9000752.441766145,9000000000,981074,982874,978001,4873,222,1800,0,0.06666109348989792,0.06666109348989792
8,319,0,2000000,46.772287735367364,0,5000000000,980001,985001,954001,31000,0,5000,0.49999999999999994,0,0.49999999999999994
8,328,1,3000000,128.56221295544037,4788482.999995611,6000000000,988074,989274,981001,8273,627,1200,0,0.18795096484645032,0.18795096484645032
8,322,0,5000000,82.09383959835235,0,6000000000,985001,991001,963001,28000,0,6000,0.6,0,0.6
8,329,1,4000000,149.92492254458566,2628535.0736923334,6000000000,993074,994274,984001,10273,1522,1200,0,0.4565280532149591,0.4565280532149591
8,330,1,6000000,171.78314352694792,1536701.4028682336,7000000000,997274,998674,987001,11673,3904,1400,0,1.1713401163299018,1.1713401163299018
9,1,0,7000000,65.96626789503864,0,7000000000,1,7001,1,7000,0,7000,0.7,0,0.7
9,3,1,3000000,83.76943655057012,23273475.837615397,4000000000,7189,7989,6001,1988,129,800,0,0.038670631163110966,0.038670631163110966
9,4,1,3000000,108.86482306052771,9038627.268367948,4000000000,11789,12589,9001,3588,332,800,0,0.0995726423136937,0.0995726423136937
9,2,0,8000000,69.18880400758496,0,9000000000,7001,16001,3001,13000,0,9000,0.8999999999999999,0,0.8999999999999999
9,5,0,5000000,137.67942838347346,0,4000000000,16001,20001,12001,8000,0,4000,0.39999999999999997,0,0.39999999999999997
9,6,1,2000000,167.31902760893632,1705378.0699282612,3000000000,19986,20586,15001,5585,1173,600,0,0.3518281433191173,0.3518281433191173
9,7,1,2000000,174.0341161956471,1459510.6694019756,4000000000,26586,27386,18001,9385,1370,800,0,0.41109668642973735,0.41109668642973735
9,9,0,8000000,174.0341161956471,0,5000000000,24001,29001,24001,5000,0,5000,0.49999999999999994,0,0.49999999999999994
9,10,0,7000000,178.31161768095762,0,2000000000,29001,31001,27001,4000,0,2000,0.19999999999999998,0,0.19999999999999998
9,8,1,5000000,174.0341161956471,1459510.6694019756,8000000000,31386,32986,21001,11985,3426,1600,0,1.0277417160743434,1.0277417160743434
9,14,0,10000000,172.41144103568067,0,4000000000,39001,43001,39001,4000,0,4000,0.39999999999999997,0,0.39999999999999997
9,11,1,5000000,170.94592419826802,1566700.70256201,7000000000,45586,46986,30001,16985,3191,1400,0,0.9574260083927103,0.9574260083927103
9,12,1,9000000,167.6156809490091,1693477.3185615928,3000000000,51986,52586,33001,19585,5315,600,0,1.594352620142163,1.594352620142163
9,17,0,5000000,218.36322423888137,0,5000000000,48001,53001,48001,5000,0,5000,0.49999999999999994,0,0.49999999999999994
9,13,1,4000000,169.51110789561844,1619824.2055935727,5000000000,52586,53586,36001,17585,2469,1000,0,0.7408211309944395,0.7408211309944395
9,19,0,7000000,208.50002398081398,0,9000000000,54001,63001,54001,9000,0,9000,0.8999999999999999,0,0.8999999999999999
9,20,0,9000000,190.2463584408385,0,3000000000,63001,66001,57001,9000,0,3000,0.3,0,0.3
9,16,1,3000000,198.10727598955066,872798.668039971,3000000000,67186,67786,45001,22785,3437,600,0,1.0311656432990606,1.0311656432990606
9,18,1,4000000,230.3141597904914,479093.4624826209,6000000000,66703,67903,51001,16902,8349,1200,0,2.504730483654909,2.504730483654909
9,21,0,2000000,179.34203773794923,0,4000000000,66001,70001,60001,10000,0,4000,0.39999999999999997,0,0.39999999999999997
9,15,1,10000000,182.12061113448968,1219086.258006272,9000000000,70986,72786,42001,30785,8203,1800,0,2.460859500546159,2.460859500546159
9,22,0,6000000,179.00225948294622,0,4000000000,70001,74001,63001,11000,0,4000,0.39999999999999997,0,0.39999999999999997
9,24,1,4000000,171.17795097500144,1558314.3957906032,4000000000,73903,74703,69001,5702,2567,800,0,0.7700628340734706,0.7700628340734706
9,23,1,8000000,177.4309806657225,1351922.991514754,10000000000,76703,78703,66001,12702,5917,2000,0,1.7752490452957934,1.7752490452957934
9,26,1,3000000,168.5700581360759,1655883.6841034289,9000000000,79503,81303,75001,6302,1812,1800,0,0.5435164369575277,0.5435164369575277
9,25,1,10000000,166.45192609279113,1740763.4417704123,6000000000,81303,82503,72001,10502,5745,1200,0,1.7233817806679717,1.7233817806679717
9,27,1,2000000,177.22480102965275,1358166.2150501695,8000000000,83103,84703,78001,6702,1473,1600,0,0.4417721434617165,0.4417721434617165
9,28,1,5000000,191.5608232389911,997499.7660769424,5000000000,86303,87303,81001,6302,5013,1000,0,1.5037597511419336,1.5037597511419336
9,30,1,3000000,172.2571548586589,1520032.7552650762,10000000000,88975,90975,87001,3974,1974,2000,0,0.592092503850715,0.592092503850715
9,29,1,5000000,210.43555426780904,686438.0038607103,6000000000,91375,92575,84001,8574,7284,1200,0,2.185193697848313,2.185193697848313
9,31,0,8000000,177.9098423359427,0,3000000000,90001,93001,90001,3000,0,3000,0.3,0,0.3
9,32,1,7000000,188.17005208055824,1070819.6178105923,9000000000,99538,101338,93001,8337,6537,1800,0,1.9611146126494017,1.9611146126494017
9,33,1,8000000,201.7312253965657,812094.124753358,2000000000,105852,106252,96001,10251,9851,400,0,2.955322451974279,2.955322451974279
9,34,0,5000000,217.12045182340609,0,8000000000,99001,107001,99001,8000,0,8000,0.7999999999999999,0,0.7999999999999999
9,35,0,7000000,235.51325504098494,0,10000000000,107001,117001,102001,15000,0,10000,0.9999999999999999,0,0.9999999999999999
9,42,1,2000000,167.46371577150674,1699560.7361147888,5000000000,124178,125178,123001,2177,1177,1000,0,0.3530323966953987,0.3530323966953987
9,36,0,8000000,253.06671551193767,0,9000000000,117001,126001,105001,21000,0,9000,0.8999999999999999,0,0.8999999999999999
9,37,0,6000000,236.46190221682647,0,2000000000,126001,128001,108001,20000,0,2000,0.19999999999999998,0,0.19999999999999998
9,38,0,7000000,219.16032943943117,0,4000000000,128001,132001,111001,21000,0,4000,0.39999999999999997,0,0.39999999999999997
9,44,1,4000000,153.74737201006073,2380829.4592357697,7000000000,130681,132081,129001,3080,1680,1400,0,0.5040260214123828,0.5040260214123828
9,46,1,10000000,144.75543858522207,3016436.83457154,6000000000,138316,139516,135001,4515,3315,1200,0,0.994550910404237,0.994550910404237
9,39,0,2000000,207.0742110935111,0,10000000000,132001,142001,114001,28000,0,10000,0.9999999999999999,0,0.9999999999999999
9,40,0,8000000,193.7788907492248,0,8000000000,142001,150001,117001,33000,0,8000,0.7999999999999999,0,0.7999999999999999
9,50,1,10000000,157.3111903203329,2175415.584454095,5000000000,151598,152598,147001,5597,4597,1000,0,1.3790468457790461,1.3790468457790461
9,51,1,7000000,151.8343126569222,2501010.753819155,3000000000,152800,153400,150001,3399,2799,600,0,0.8396605239674425,0.8396605239674425
9,41,0,6000000,179.7816525677746,0,6000000000,150001,156001,120001,36000,0,6000,0.6,0,0.6
9,53,1,2000000,149.7863979138293,2638096.29507738,6000000000,156759,157959,156001,1958,758,1200,0,0.2274367319796418,0.2274367319796418
9,43,0,9000000,157.10527043991868,0,2000000000,156001,158001,126001,32000,0,2000,0.19999999999999998,0,0.19999999999999998
9,45,0,7000000,148.18394312475291,0,3000000000,158001,161001,132001,29000,0,3000,0.3,0,0.3
9,54,1,6000000,143.84819011722047,3091635.027208133,5000000000,160942,161942,159001,2941,1941,1000,0,0.5822162008642625,0.5822162008642625
9,47,0,7000000,144.7132602770043,0,3000000000,161001,164001,138001,26000,0,3000,0.3,0,0.3
9,56,1,2000000,141.49213299685604,3298001.4501419677,5000000000,165607,166607,165001,1606,606,1000,0,0.18192836148515704,0.18192836148515704
9,48,0,2000000,147.75676803449647,0,4000000000,164001,168001,141001,27000,0,4000,0.39999999999999997,0,0.39999999999999997
9,49,0,3000000,152.25216188941292,0,3000000000,168001,171001,144001,27000,0,3000,0.3,0,0.3
9,58,1,4000000,147.22197254486167,2823118.6802455112,7000000000,172418,173818,171001,2817,1417,1400,0,0.4250618326451804,0.4250618326451804
9,60,1,7000000,158.11820546666976,2131987.1390146036,3000000000,180284,180884,177001,3883,3283,600,0,0.9849965609879862,0.9849965609879862
9,52,0,10000000,131.59622676961524,0,10000000000,171001,181001,153001,28000,0,10000,0.9999999999999999,0,0.9999999999999999
9,55,0,2000000,144.79005836037226,0,10000000000,181001,191001,162001,29000,0,10000,0.9999999999999999,0,0.9999999999999999
9,57,0,8000000,141.99195787085972,0,2000000000,191001,193001,168001,25000,0,2000,0.19999999999999998,0,0.19999999999999998
9,63,1,6000000,203.61793756936055,782571.0453344083,5000000000,193668,194668,186001,8667,7667,1000,0,2.3001106554240374,2.3001106554240374
9,59,0,10000000,154.39166072038998,0,2000000000,193001,195001,174001,21000,0,2000,0.19999999999999998,0,0.19999999999999998
9,61,0,6000000,171.42801696338904,0,6000000000,195001,201001,180001,21000,0,6000,0.6,0,0.6
9,66,1,2000000,244.64205791318878,376605.9177565965,4000000000,200312,201112,195001,6111,5311,800,0,1.5931773020831417,1.5931773020831417
9,65,1,4000000,237.89819524325947,421030.13599740434,2000000000,201502,201902,192001,9901,9501,400,0,2.8501522751031723,2.8501522751031723
9,62,0,3000000,187.48125292945957,0,3000000000,201001,204001,183001,21000,0,3000,0.3,0,0.3
9,64,0,4000000,217.9319694308295,0,4000000000,204001,208001,189001,19000,0,4000,0.39999999999999997,0,0.39999999999999997
9,71,1,2000000,188.57921439013364,1061624.1761220922,7000000000,211885,213285,210001,3284,1884,1400,0,0.5651717561592126,0.5651717561592126
9,70,1,4000000,203.8706109276175,778719.4639629148,5000000000,213285,214285,207001,7284,5137,1000,0,1.540991403878853,1.540991403878853
9,72,1,4000000,178.02164278536472,1334233.8750203908,2000000000,216068,216468,213001,3467,2998,400,0,0.899392544640392,0.899392544640392
9,67,0,4000000,230.28668415694383,0,10000000000,208001,218001,198001,20000,0,10000,0.9999999999999999,0,0.9999999999999999
9,68,0,7000000,230.27883315667552,0,4000000000,218001,222001,201001,21000,0,4000,0.39999999999999997,0,0.39999999999999997
9,75,1,3000000,179.51873439839085,1290671.1532622245,2000000000,224325,224725,222001,2724,2324,400,0,0.6973116256028601,0.6973116256028601
9,69,0,2000000,221.92024558385836,0,8000000000,222001,230001,204001,26000,0,8000,0.7999999999999999,0,0.7999999999999999
9,76,1,5000000,180.15952181330854,1272566.5248635456,10000000000,228930,230930,225001,5929,3929,2000,0,1.178720303176953,1.178720303176953
9,77,1,5000000,170.2542105206212,1592036.603602724,6000000000,232530,233730,228001,5729,3141,1200,0,0.9421893922574089,0.9421893922574089
9,73,0,8000000,173.02792057930998,0,6000000000,230001,236001,216001,20000,0,6000,0.6,0,0.6
9,81,1,6000000,125.5361354351806,5250134.887915361,10000000000,241144,243144,240001,3143,1143,2000,0,0.34284833407674886,0.34284833407674886
9,74,0,9000000,174.1591329790086,0,8000000000,236001,244001,219001,25000,0,8000,0.7999999999999999,0,0.7999999999999999
9,82,1,5000000,145.81200636435943,2931686.499100612,9000000000,244707,246507,243001,3506,1706,1800,0,0.5116508877945076,0.5116508877945076
9,78,0,9000000,145.91963027639565,0,3000000000,244001,247001,231001,16000,0,3000,0.3,0,0.3
9,79,0,5000000,122.31989085999052,0,4000000000,247001,251001,234001,17000,0,4000,0.39999999999999997,0,0.39999999999999997
9,83,1,10000000,160.18910949249954,2025361.985583808,3000000000,252908,253508,246001,7507,4937,600,0,1.4812167016827136,1.4812167016827136
9,80,0,4000000,108.07997871946498,0,9000000000,251001,260001,237001,23000,0,9000,0.8999999999999999,0,0.8999999999999999
9,86,1,10000000,170.64137013045809,1577793.663980086,10000000000,261339,263339,255001,8338,6338,2000,0,1.9013893061481226,1.9013893061481226
9,84,0,2000000,168.26267619409836,0,5000000000,260001,265001,249001,16000,0,5000,0.49999999999999994,0,0.49999999999999994
9,88,1,7000000,142.40638749719056,3215962.37479295,10000000000,264338,266338,261001,5337,2177,2000,0,0.6529927142369637,0.6529927142369637
9,90,1,6000000,94.98994525737976,14950407.501350548,7000000000,268538,269938,267001,2937,401,1400,0,0.12039805602873344,0.12039805602873344
9,85,0,8000000,168.82025263575454,0,6000000000,265001,271001,252001,19000,0,6000,0.6,0,0.6
9,87,0,7000000,163.82938472691643,0,2000000000,271001,273001,258001,15000,0,2000,0.19999999999999998,0,0.19999999999999998
9,89,0,3000000,121.05665863553313,0,3000000000,273001,276001,264001,12000,0,3000,0.3,0,0.3
9,93,1,3000000,17.557932680130662,381573848.692583,5000000000,281938,282938,276001,6937,8,1000,0,0.0023586522060768627,0.0023586522060768627
9,91,0,4000000,68.96209466076273,0,10000000000,276001,286001,270001,16000,0,10000,0.9999999999999999,0,0.9999999999999999
9,92,0,10000000,43.02037889186935,0,7000000000,286001,293001,273001,20000,0,7000,0.7,0,0.7
9,94,0,5000000,11.323965736437053,0,3000000000,293001,296001,279001,17000,0,3000,0.3,0,0.3
9,95,0,3000000,36.20230103184054,0,6000000000,296001,302001,282001,20000,0,6000,0.6,0,0.6
9,99,1,10000000,66.16438090090472,49215706.385489486,5000000000,301938,302938,294001,8937,203,1000,0,0.060956150390325495,0.060956150390325495
9,100,1,10000000,71.44731485507344,39101320.3183383,8000000000,302938,304538,297001,7537,256,1600,0,0.07672375192387089,0.07672375192387089
9,102,1,7000000,116.13548381093526,7076361.055870688,7000000000,306338,307738,303001,4737,989,1400,0,0.2967626981466412,0.2967626981466412
9,96,0,2000000,59.75320660851605,0,8000000000,302001,310001,285001,25000,0,8000,0.7999999999999999,0,0.7999999999999999
9,103,1,6000000,145.7204337078366,2938914.4485162995,7000000000,308938,310338,306001,4337,2042,1400,0,0.6124710438266495,0.6124710438266495
9,97,0,10000000,69.09587324869705,0,3000000000,310001,313001,288001,25000,0,3000,0.3,0,0.3
9,101,0,3000000,89.65187616553263,0,5000000000,313001,318001,300001,18000,0,5000,0.49999999999999994,0,0.49999999999999994
9,105,1,9000000,174.0341161956471,1459510.6694019756,10000000000,318912,320912,312001,8911,6166,2000,0,1.849935088933818,1.849935088933818
9,104,0,5000000,172.00076337039903,0,4000000000,318001,322001,309001,13000,0,4000,0.39999999999999997,0,0.39999999999999997
9,106,0,4000000,175.1478506862131,0,4000000000,322001,326001,315001,11000,0,4000,0.39999999999999997,0,0.39999999999999997
9,107,1,5000000,189.7768713515954,1035267.2904813018,10000000000,327112,329112,318001,11111,4830,2000,0,1.4489011811651473,1.4489011811651473
9,112,0,3000000,139.91404825820746,0,3000000000,333001,336001,333001,3000,0,3000,0.3,0,0.3
9,113,0,6000000,148.43141210673704,0,5000000000,336001,341001,336001,5000,0,5000,0.49999999999999994,0,0.49999999999999994
9,115,0,9000000,156.6334603461215,0,2000000000,342001,344001,342001,2000,0,2000,0.19999999999999998,0,0.19999999999999998
9,116,0,3000000,136.47467897012987,0,2000000000,345001,347001,345001,2000,0,2000,0.19999999999999998,0,0.19999999999999998
9,108,1,3000000,216.3553597672126,614643.941501901,7000000000,349904,351304,321001,30303,4881,1400,0,1.4642623789650036,1.4642623789650036
9,109,1,3000000,184.19580885568487,1165503.5468067212,7000000000,351304,352704,324001,28703,2574,1400,0,0.7721984222749427,0.7721984222749427
9,118,1,7000000,163.80014285708057,1854783.7881334801,2000000000,354775,355175,351001,4174,3774,400,0,1.1322074375651556,1.1322074375651556
9,110,1,9000000,153.4295737463935,2400290.852653903,5000000000,354704,355704,327001,28703,3750,1000,0,1.124863679338994,1.124863679338994
9,111,1,4000000,139.7505849719421,3461539.846332826,5000000000,355704,356704,330001,26703,1156,1000,0,0.346666527982131,0.346666527982131
9,117,0,8000000,143.32922974745935,0,9000000000,348001,357001,348001,9000,0,9000,0.8999999999999999,0,0.8999999999999999
9,114,1,10000000,162.41590716429226,1917984.377152923,5000000000,357704,358704,339001,19703,5214,1000,0,1.5641420418936012,1.5641420418936012
9,119,0,6000000,163.17541481485497,0,3000000000,357001,360001,354001,6000,0,3000,0.3,0,0.3
9,122,1,7000000,115.13069312741932,7314368.838848217,2000000000,363958,364358,363001,1357,957,400,0,0.28710611212910664,0.28710611212910664
9,120,0,8000000,161.51337313052437,0,8000000000,360001,368001,357001,11000,0,8000,0.7999999999999999,0,0.7999999999999999
9,121,0,2000000,136.36094638861968,0,5000000000,368001,373001,360001,13000,0,5000,0.49999999999999994,0,0.49999999999999994
9,125,1,7000000,99.78195528250582,12496188.997332854,9000000000,372561,374361,372001,2360,560,1800,0,0.16805123549653556,0.16805123549653556
9,127,1,2000000,131.93127794423881,4331616.747539621,6000000000,378463,379663,378001,1662,462,1200,0,0.13851640968486026,0.13851640968486026
9,123,0,4000000,100.22784044366112,0,10000000000,373001,383001,366001,17000,0,10000,0.9999999999999999,0,0.9999999999999999
9,124,0,10000000,94.65355143891857,0,6000000000,383001,389001,369001,20000,0,6000,0.6,0,0.6
9,126,0,2000000,114.34448040898171,0,9000000000,389001,398001,375001,23000,0,9000,0.8999999999999999,0,0.8999999999999999
9,133,1,3000000,158.6513652635867,2103884.2606402435,7000000000,398583,399983,396001,3982,1426,1400,0,0.4277801858387954,0.4277801858387954
9,131,1,7000000,207.28070846077304,728977.2745842964,9000000000,399603,401403,390001,11402,9602,1800,0,2.880748238959215,2.880748238959215
9,134,1,9000000,132.60078921333763,4247300.587733377,6000000000,401120,402320,399001,3319,2119,1200,0,0.6356978848631214,0.6356978848631214
9,132,1,10000000,184.70807264437573,1152730.0758070233,6000000000,402320,403520,393001,10519,8675,1200,0,2.602517330780762,2.602517330780762
9,135,1,7000000,106.5695120566853,9790571.652640063,10000000000,405520,407520,402001,5519,715,2000,0,0.21449207201642076,0.21449207201642076
9,128,0,8000000,148.88047353498038,0,10000000000,398001,408001,381001,27000,0,10000,0.9999999999999999,0,0.9999999999999999
9,136,1,6000000,82.3568898149997,24660300.53681341,5000000000,407520,408520,405001,3519,243,1000,0,0.07299181116276025,0.07299181116276025
9,129,0,5000000,168.99525585057114,0,2000000000,408001,410001,384001,26000,0,2000,0.19999999999999998,0,0.19999999999999998
9,130,0,6000000,185.5304980319948,0,2000000000,410001,412001,387001,25000,0,2000,0.19999999999999998,0,0.19999999999999998
9,137,0,9000000,56.435813097713044,0,3000000000,412001,415001,408001,7000,0,3000,0.3,0,0.3
9,140,1,10000000,16.48787433236921,399636418.7791588,10000000000,417026,419026,417001,2025,25,2000,0,0.007506823349995577,0.007506823349995577
9,138,0,9000000,30.801365229482876,0,5000000000,415001,420001,411001,9000,0,5000,0.49999999999999994,0,0.49999999999999994
9,139,0,6000000,9.071940255535159,0,2000000000,420001,422001,414001,8000,0,2000,0.19999999999999998,0,0.19999999999999998
9,143,1,6000000,94.67948299394115,15128169.162215693,3000000000,426639,427239,426001,1238,397,600,0,0.11898333371996546,0.11898333371996546
9,141,0,2000000,42.51936617589684,0,8000000000,422001,430001,420001,10000,0,8000,0.7999999999999999,0,0.7999999999999999
9,144,1,4000000,119.17282114643417,6411977.503584545,4000000000,429625,430425,429001,1424,624,800,0,0.18714975205841775,0.18714975205841775
9,145,1,3000000,124.16734031137173,5476779.36435129,3000000000,433225,433825,432001,1824,548,600,0,0.16433015466318726,0.16433015466318726
9,142,0,5000000,68.59553921356698,0,10000000000,430001,440001,423001,17000,0,10000,0.9999999999999999,0,0.9999999999999999
9,147,1,3000000,126.2466985706953,5137005.167907292,9000000000,438585,440385,438001,2384,584,1800,0,0.17519935654778426,0.17519935654778426
9,148,1,6000000,139.84749586603257,3452180.5037662825,10000000000,442739,444739,441001,3738,1738,2000,0,0.5214095838952292,0.5214095838952292
9,149,1,9000000,129.41813976409958,4667026.941310143,7000000000,446539,447939,444001,3938,1928,1400,0,0.5785267653162609,0.5785267653162609
9,146,0,4000000,122.97967840257186,0,9000000000,440001,449001,435001,14000,0,9000,0.8999999999999999,0,0.8999999999999999
9,150,1,7000000,125.58482113695112,5242286.92072276,7000000000,448336,449736,447001,2735,1335,1400,0,0.40058852782336274,0.40058852782336274
9,151,0,6000000,127.37945242463555,0,5000000000,450001,455001,450001,5000,0,5000,0.49999999999999994,0,0.49999999999999994
9,152,1,7000000,135.1806439546727,3940679.7377785295,8000000000,454777,456377,453001,3376,1776,1600,0,0.5329029862202982,0.5329029862202982
9,153,1,3000000,146.8664784761996,2850016.905431923,9000000000,457054,458854,456001,2853,1053,1800,0,0.31578760051726923,0.31578760051726923
9,155,1,2000000,155.84895251492708,2256932.1746247713,5000000000,462887,463887,462001,1886,886,1000,0,0.26584759911970046,0.26584759911970046
9,154,0,7000000,155.20337141956674,0,7000000000,459001,466001,459001,7000,0,7000,0.7,0,0.7
9,156,1,6000000,161.00295059408072,1985274.1953164411,5000000000,468023,469023,465001,4022,3022,1000,0,0.906675765114194,0.906675765114194
9,157,0,2000000,170.64911748966063,0,6000000000,468001,474001,468001,6000,0,6000,0.6,0,0.6
9,158,0,3000000,183.00919157244533,0,7000000000,474001,481001,471001,10000,0,7000,0.7,0,0.7
9,160,1,3000000,204.4401183721042,770124.5215954373,6000000000,480896,482096,477001,5095,3895,1200,0,1.1686421802743077,1.1686421802743077
9,159,0,10000000,190.86231712939048,0,9000000000,481001,490001,474001,16000,0,9000,0.8999999999999999,0,0.8999999999999999
9,162,0,2000000,196.30578799413942,0,7000000000,490001,497001,483001,14000,0,7000,0.7,0,0.7
9,161,1,9000000,222.6723085612578,548062.5050393698,5000000000,496741,497741,480001,17740,16421,1000,0,4.926445387476464,4.926445387476464
9,164,1,7000000,137.51151406336854,3686753.146041811,2000000000,498027,498427,489001,9426,1899,400,0,0.5696068917048628,0.5696068917048628
9,165,0,4000000,116.08360521624061,0,2000000000,497001,499001,492001,7000,0,2000,0.19999999999999998,0,0.19999999999999998
9,163,1,9000000,165.85284712660194,1765744.358636859,6000000000,498427,499627,486001,13626,5097,1200,0,1.529100170584364,1.529100170584364
9,168,0,9000000,97.11430018282581,0,3000000000,501001,504001,501001,3000,0,3000,0.3,0,0.3
9,166,1,8000000,98.49932487078274,13103032.904042237,3000000000,504227,504827,495001,9826,611,600,0,0.1831637009214568,0.1831637009214568
9,167,1,9000000,91.48190258187685,17111094.765045058,7000000000,507227,508627,498001,10626,526,1400,0,0.15779235852960283,0.15779235852960283
9,169,1,2000000,113.72869119092161,7662911.334581833,4000000000,514027,514827,504001,10826,261,800,0,0.07829922255426203,0.07829922255426203
9,172,0,9000000,156.54054682413755,0,3000000000,513001,516001,513001,3000,0,3000,0.3,0,0.3
9,170,1,4000000,137.42982572935182,3695305.655848259,8000000000,517627,519227,507001,12226,1082,1600,0,0.32473633083662723,0.32473633083662723
9,173,0,6000000,145.18789067962928,0,7000000000,516001,523001,516001,7000,0,7000,0.7,0,0.7
9,171,1,4000000,165.25530127653994,1791106.011848614,9000000000,522427,524227,510001,14226,2233,1800,0,0.669977093517469,0.669977093517469
9,174,0,8000000,142.03122191968916,0,3000000000,523001,526001,519001,7000,0,3000,0.3,0,0.3
9,178,0,3000000,143.9202087964022,0,2000000000,531001,533001,531001,2000,0,2000,0.19999999999999998,0,0.19999999999999998
9,179,0,9000000,144.35167647104072,0,10000000000,534001,544001,534001,10000,0,10000,0.9999999999999999,0,0.9999999999999999
9,182,0,3000000,180.91667944111734,0,3000000000,544001,547001,543001,4000,0,3000,0.3,0,0.3
9,183,0,6000000,204.35851364697288,0,5000000000,547001,552001,546001,6000,0,5000,0.49999999999999994,0,0.49999999999999994
9,184,0,9000000,188.78611442582314,0,5000000000,552001,557001,549001,8000,0,5000,0.49999999999999994,0,0.49999999999999994
9,185,0,10000000,185.66820837181578,0,9000000000,557001,566001,552001,14000,0,9000,0.8999999999999999,0,0.8999999999999999
9,188,1,3000000,185.66820837181578,1129254.4209699363,10000000000,564647,566647,561001,5646,2657,2000,0,0.7969860319227038,0.7969860319227038
9,175,1,4000000,143.48749666782814,3122173.280329717,2000000000,569994,570394,522001,48393,1281,400,0,0.3843476617906595,0.3843476617906595
9,186,0,10000000,185.66820837181578,0,7000000000,566001,573001,555001,18000,0,7000,0.7,0,0.7
9,176,1,5000000,143.88833760941156,3088258.766898391,8000000000,571794,573394,525001,48393,1619,1600,0,0.48571059396893884,0.48571059396893884
9,177,1,3000000,143.91774907911812,3085788.2551180543,7000000000,576194,577594,528001,49593,972,1400,0,0.2916596751275043,0.2916596751275043
9,191,1,9000000,177.6023856821749,1346759.8964390017,3000000000,578264,578864,570001,8863,6683,600,0,2.0048117018773213,2.0048117018773213
9,193,1,7000000,156.52971762575945,2218518.6572987842,2000000000,579156,579556,576001,3555,3155,400,0,0.9465775701687856,0.9465775701687856
9,187,0,3000000,185.66820837181578,0,8000000000,573001,581001,558001,23000,0,8000,0.7999999999999999,0,0.7999999999999999
9,180,1,9000000,148.55473402083152,2725027.300353276,5000000000,586994,587994,537001,50993,3303,1000,0,0.9908157616072207,0.9908157616072207
9,189,0,4000000,185.66820837181578,0,7000000000,581001,588001,564001,24000,0,7000,0.7,0,0.7
9,181,1,5000000,161.38973511348235,1966567.1213117645,9000000000,589994,591794,540001,51793,2543,1800,0,0.7627504719998832,0.7627504719998832
9,190,0,9000000,184.99160656635212,0,5000000000,588001,593001,567001,26000,0,5000,0.49999999999999994,0,0.49999999999999994
9,200,1,10000000,113.50951413868357,7719202.643266718,7000000000,598296,599696,597001,2695,1295,1400,0,0.3886411768988641,0.3886411768988641
9,192,0,6000000,165.6603326086242,0,8000000000,593001,601001,573001,28000,0,8000,0.7999999999999999,0,0.7999999999999999
9,201,1,4000000,118.08219213751073,6641437.429246683,9000000000,600603,602403,600001,2402,602,1800,0,0.18068377708650823,0.18068377708650823
9,203,1,4000000,102.3770565117009,11367534.515927276,6000000000,606353,607553,606001,1552,352,1200,0,0.10556378767257373,0.10556378767257373
9,194,0,3000000,154.8217559001318,0,8000000000,601001,609001,579001,30000,0,8000,0.7999999999999999,0,0.7999999999999999
9,205,1,8000000,103.8350889632209,10786812.987392096,2000000000,612743,613143,612001,1142,742,400,0,0.22249389164391573,0.22249389164391573
9,206,1,5000000,115.31990331248116,7268816.2768195355,3000000000,615689,616289,615001,1288,688,600,0,0.20636097307666768,0.20636097307666768
9,195,0,2000000,160.7821196526529,0,8000000000,609001,617001,582001,35000,0,8000,0.7999999999999999,0,0.7999999999999999
9,196,0,8000000,172.09180398845263,0,8000000000,617001,625001,585001,40000,0,8000,0.7999999999999999,0,0.7999999999999999
9,197,0,2000000,153.74405029138526,0,6000000000,625001,631001,588001,43000,0,6000,0.6,0,0.6
9,210,1,9000000,178.02828118026642,1334036.7089921138,2000000000,633747,634147,627001,7146,6746,400,0,2.023932311457826,2.023932311457826
9,198,0,4000000,132.68956289022884,0,4000000000,631001,635001,591001,44000,0,4000,0.39999999999999997,0,0.39999999999999997
9,199,0,2000000,118.51762569339633,0,3000000000,635001,638001,594001,44000,0,3000,0.3,0,0.3
9,212,1,6000000,175.52850765616395,1410915.394459651,6000000000,637254,638454,633001,5453,4253,1200,0,1.275767496100898,1.275767496100898
9,213,1,4000000,162.842746844924,1898215.0402636721,5000000000,638454,639454,636001,3453,2107,1000,0,0.6321728437223391,0.6321728437223391
9,202,0,7000000,111.17755618828829,0,5000000000,638001,643001,603001,40000,0,5000,0.49999999999999994,0,0.49999999999999994
9,215,1,2000000,151.2381436675285,2539989.359281022,9000000000,642788,644588,642001,2587,787,1800,0,0.23622146203393465,0.23622146203393465
9,214,1,10000000,154.04282683721434,2362911.239373325,3000000000,644588,645188,639001,6187,4232,600,0,1.2696202675795978,1.2696202675795978
9,217,1,5000000,144.05173098578163,3074564.825524289,9000000000,649627,651427,648001,3426,1626,1800,0,0.48787392204170327,0.48787392204170327
9,204,0,7000000,99.16858827269854,0,10000000000,643001,653001,609001,44000,0,10000,0.9999999999999999,0,0.9999999999999999
9,207,0,2000000,131.83081013177457,0,2000000000,653001,655001,618001,37000,0,2000,0.19999999999999998,0,0.19999999999999998
9,208,0,7000000,151.683830713758,0,4000000000,655001,659001,621001,38000,0,4000,0.39999999999999997,0,0.39999999999999997
9,220,1,5000000,169.05821867037403,1637055.1636631072,2000000000,660055,660455,657001,3454,3054,400,0,0.9162794469574075,0.9162794469574075
9,209,0,6000000,172.82537429440157,0,2000000000,659001,661001,624001,37000,0,2000,0.19999999999999998,0,0.19999999999999998
9,221,1,3000000,180.86217736165844,1253075.3947812384,8000000000,662522,664122,660001,4121,2394,1600,0,0.7182329201804507,0.7182329201804507
9,211,0,5000000,183.15583092001194,0,5000000000,661001,666001,630001,36000,0,5000,0.49999999999999994,0,0.49999999999999994
9,216,0,7000000,152.14688297825887,0,3000000000,666001,669001,645001,24000,0,3000,0.3,0,0.3
9,218,0,10000000,149.05026836607843,0,7000000000,669001,676001,651001,25000,0,7000,0.7,0,0.7
9,223,1,9000000,198.5843309528725,864491.8916761493,6000000000,676877,678077,666001,12076,10411,1200,0,3.123221890219252,3.123221890219252
9,219,0,8000000,156.78663846131786,0,8000000000,676001,684001,654001,30000,0,8000,0.7999999999999999,0,0.7999999999999999
9,222,0,4000000,183.79208824103392,0,3000000000,684001,687001,663001,24000,0,3000,0.3,0,0.3
9,228,1,5000000,199.7786127191797,844124.097805235,5000000000,686924,687924,681001,6923,5923,1000,0,1.7769899045650697,1.7769899045650697
9,225,1,7000000,238.82406097376372,414557.67449380487,3000000000,688886,689486,672001,17485,16885,600,0,5.06564014901956,5.06564014901956
9,224,0,6000000,218.92829191312848,0,3000000000,687001,690001,669001,21000,0,3000,0.3,0,0.3
9,229,1,5000000,191.77539492854655,993073.5012586557,9000000000,689486,691286,684001,7285,5035,1800,0,1.5104622146284723,1.5104622146284723
9,226,1,7000000,231.70807884059633,467705.433746064,6000000000,691286,692486,675001,17485,14967,1200,0,4.49000556435736,4.49000556435736
9,227,1,10000000,213.54960501017086,647441.1156345048,10000000000,693446,695446,678001,17445,15445,2000,0,4.633626020275129,4.633626020275129
9,232,0,2000000,207.59198491271283,0,5000000000,693001,698001,693001,5000,0,5000,0.49999999999999994,0,0.49999999999999994
9,230,1,9000000,190.35484890067812,1022839.1629595968,6000000000,697446,698646,687001,11645,8799,1200,0,2.639711205608826,2.639711205608826
9,231,1,8000000,195.86458842782173,913209.0041665557,3000000000,701846,702446,690001,12445,8760,600,0,2.628094980502706,2.628094980502706
9,233,0,8000000,224.58993855469126,0,9000000000,698001,707001,696001,11000,0,9000,0.8999999999999999,0,0.8999999999999999
9,235,0,9000000,238.2943492825627,0,9000000000,707001,716001,702001,14000,0,9000,0.8999999999999999,0,0.8999999999999999
9,237,0,2000000,203.7724645284539,0,7000000000,716001,723001,708001,15000,0,7000,0.7,0,0.7
9,234,1,9000000,245.8773143256612,369113.8617810162,3000000000,723384,723984,699001,24983,24383,600,0,7.314816048826218,7.314816048826218
9,236,1,4000000,218.81483793381108,587582.3503702945,7000000000,723770,725170,705001,20169,6808,1400,0,2.0422669252127124,2.0422669252127124
9,238,1,2000000,194.07379550057755,947161.1119637912,8000000000,725170,726770,711001,15769,2112,1600,0,0.6334719536320419,0.6334719536320419
9,240,0,8000000,193.7618873772652,0,10000000000,723001,733001,717001,16000,0,10000,0.9999999999999999,0,0.9999999999999999
9,239,1,8000000,190.69267474132297,1015660.9201732257,2000000000,736370,736770,714001,22769,7877,400,0,2.362993349779244,2.362993349779244
9,245,1,2000000,227.6109648061798,502181.26152939576,9000000000,735984,737784,732001,5783,3983,1800,0,1.1947877110601395,1.1947877110601395
9,246,1,3000000,209.70633657569817,695989.6466611744,2000000000,739311,739711,735001,4710,4310,400,0,1.293122684105304,1.293122684105304
9,248,0,7000000,189.76078651818452,0,2000000000,741001,743001,741001,2000,0,2000,0.19999999999999998,0,0.19999999999999998
9,242,1,2000000,213.45799821042075,648548.2599622231,6000000000,741970,743170,723001,20169,3084,1200,0,0.9251431806091793,0.9251431806091793
9,247,1,4000000,196.72523478191607,897431.2496277699,10000000000,742458,744458,738001,6457,4457,2000,0,1.3371497822231255,1.3371497822231255
9,241,1,7000000,203.17663054593658,789355.1335165215,4000000000,743770,744570,720001,24569,8868,800,0,2.660399496795122,2.660399496795122
9,249,0,5000000,189.47760421749058,0,6000000000,744001,750001,744001,6000,0,6000,0.6,0,0.6
9,244,1,7000000,249.4878259554963,348256.7973562897,8000000000,749101,750701,729001,21700,20100,1600,0,6.030033055899154,6.030033055899154
9,243,1,2000000,231.642833042596,468230.8951427954,4000000000,750570,751370,726001,25369,4271,800,0,1.281419073846076,1.281419073846076
9,250,1,6000000,195.76577152301167,915042.5924499547,8000000000,753694,755294,747001,8293,6557,1600,0,1.967121546966072,1.967121546966072
9,252,1,3000000,160.29059267467943,2020308.759196821,7000000000,755894,757294,753001,4293,1485,1400,0,0.445476462893621,0.445476462893621
9,251,1,6000000,186.8456520767877,1101271.6386743982,2000000000,757294,757694,750001,7693,5448,400,0,1.6344741268073169,1.6344741268073169
9,253,1,8000000,134.27842306193497,4044717.384985157,9000000000,760694,762494,756001,6493,1978,1800,0,0.5933665498878378,0.5933665498878378
9,255,1,5000000,172.32892531435343,1517528.5555417356,5000000000,765894,766894,762001,4893,3295,1000,0,0.9884492746592974,0.9884492746592974
9,256,1,2000000,146.91541273807863,2846295.5927203214,4000000000,768094,768894,765001,3893,703,800,0,0.2108003123549636,0.2108003123549636
9,254,0,7000000,187.429746038349,0,10000000000,759001,769001,759001,10000,0,10000,0.9999999999999999,0,0.9999999999999999
9,257,0,6000000,122.83661424835836,0,2000000000,769001,771001,768001,3000,0,2000,0.19999999999999998,0,0.19999999999999998
9,258,1,3000000,101.62313516124168,11682433.27300166,10000000000,773494,775494,771001,4493,257,2000,0,0.07703874517990343,0.07703874517990343
9,259,1,4000000,81.53651513279192,25508677.517830692,4000000000,779494,780294,774001,6293,157,800,0,0.047042815103260215,0.047042815103260215
9,260,0,3000000,67.36738454177954,0,5000000000,777001,782001,777001,5000,0,5000,0.49999999999999994,0,0.49999999999999994
9,262,1,4000000,70.60804840809584,40547654.61775109,5000000000,787494,788494,783001,5493,99,1000,0,0.029594806686418302,0.029594806686418302
9,261,0,4000000,61.754378792114764,0,10000000000,782001,792001,780001,12000,0,10000,0.9999999999999999,0,0.9999999999999999
9,263,0,10000000,92.42048528329639,0,9000000000,792001,801001,786001,15000,0,9000,0.8999999999999999,0,0.8999999999999999
9,264,1,8000000,120.18256945164714,6208085.0364918,9000000000,799694,801494,789001,12493,1289,1800,0,0.3865926426414166,0.3865926426414166
9,265,1,2000000,83.64688936236657,23390210.417756453,9000000000,802094,803894,792001,11893,86,1800,0,0.02565175726442015,0.02565175726442015
9,266,0,7000000,105.2202499521836,0,10000000000,801001,811001,795001,16000,0,10000,0.9999999999999999,0,0.9999999999999999
9,268,1,3000000,119.3341744849312,6378854.868542379,2000000000,811294,811694,801001,10693,470,400,0,0.1410911548463647,0.1410911548463647
9,267,0,10000000,127.59167566890878,0,4000000000,811001,815001,798001,17000,0,4000,0.39999999999999997,0,0.39999999999999997
9,271,1,10000000,57.840180670533876,70984006.38832712,7000000000,814894,816294,810001,6293,141,1400,0,0.04226304138974792,0.04226304138974792
9,269,0,4000000,95.03754679072892,0,2000000000,815001,817001,804001,13000,0,2000,0.19999999999999998,0,0.19999999999999998
9,272,1,3000000,37.28167914673367,171014239.54562554,5000000000,817694,818694,813001,5693,18,1000,0,0.005262719656510741,0.005262719656510741
9,273,1,3000000,13.563015888805896,455828211.17909276,2000000000,818694,819094,816001,3093,7,400,0,0.0019744280365446582,0.0019744280365446582
9,274,1,7000000,14.24774017169036,441645483.3787417,6000000000,819094,820294,819001,1293,16,1200,0,0.004754945038573177,0.004754945038573177
9,275,1,10000000,38.98883558148406,159404988.7561909,10000000000,822094,824094,822001,2093,63,2000,0,0.018819988153498033,0.018819988153498033
9,270,0,5000000,69.97599159711851,0,10000000000,817001,827001,807001,20000,0,10000,0.9999999999999999,0,0.9999999999999999
9,277,1,3000000,89.29911813674309,18639682.462304097,9000000000,831025,832825,828001,4824,161,1800,0,0.04828408433567,0.04828408433567
9,276,0,6000000,64.29553794782339,0,8000000000,827001,835001,825001,10000,0,8000,0.7999999999999999,0,0.7999999999999999
9,279,1,7000000,139.41886959805692,3493813.4348351224,4000000000,837025,837825,834001,3824,2004,800,0,0.6010624319724449,0.6010624319724449
9,278,0,6000000,114.3425174639775,0,3000000000,835001,838001,831001,7000,0,3000,0.3,0,0.3
9,280,0,7000000,164.50268113316574,0,10000000000,838001,848001,837001,11000,0,10000,0.9999999999999999,0,0.9999999999999999
9,281,1,7000000,143.68258523565058,3105610.045827841,10000000000,849370,851370,840001,11369,2254,2000,0,0.6761956488456096,0.6761956488456096
9,282,1,8000000,118.59281765773166,6532782.859987515,6000000000,852770,853970,843001,10969,1225,1200,0,0.3673778926129173,0.3673778926129173
9,283,1,5000000,93.51376903964459,15818172.885883015,4000000000,854570,855370,846001,9369,316,800,0,0.09482763975469508,0.09482763975469508
9,284,0,8000000,70.4559812932869,0,7000000000,849001,856001,849001,7000,0,7000,0.7,0,0.7
9,285,0,4000000,69.13383903704471,0,7000000000,856001,863001,852001,11000,0,7000,0.7,0,0.7
9,286,0,7000000,86.42448727068043,0,3000000000,863001,866001,855001,11000,0,3000,0.3,0,0.3
9,287,1,6000000,110.10503212841819,8661301.817106612,8000000000,864570,866170,858001,8169,693,1600,0,0.2078209532480311,0.2078209532480311
9,289,0,6000000,165.07846376799125,0,3000000000,866001,869001,864001,5000,0,3000,0.3,0,0.3
9,288,1,3000000,136.83333877385294,3758501.9166803276,5000000000,869370,870370,861001,9369,798,1000,0,0.2394571081647656,0.2394571081647656
9,290,0,7000000,174.0341161956471,0,7000000000,869001,876001,867001,9000,0,7000,0.7,0,0.7
9,293,0,9000000,217.6430591587979,0,7000000000,876001,883001,876001,7000,0,7000,0.7,0,0.7
9,295,1,5000000,159.54663424842283,2057719.391740512,6000000000,886325,887525,882001,5524,2430,1200,0,0.728962367765428,0.728962367765428
9,294,0,4000000,187.95680487814212,0,5000000000,883001,888001,879001,9000,0,5000,0.49999999999999994,0,0.49999999999999994
9,291,1,7000000,175.1478506862131,1423100.4763447372,8000000000,888570,890170,870001,20169,4919,1600,0,1.4756512522530336,1.4756512522530336
9,296,1,5000000,134.57653918867138,4009971.2415100215,10000000000,889325,891325,885001,6324,1247,2000,0,0.3740675206027537,0.3740675206027537
9,297,1,2000000,113.28802452157068,7776597.4404416075,3000000000,893725,894325,888001,6324,257,600,0,0.07715456593905007,0.07715456593905007
9,298,0,2000000,93.86525928158939,0,4000000000,891001,895001,891001,4000,0,4000,0.39999999999999997,0,0.39999999999999997
9,299,0,6000000,75.95907450726348,0,7000000000,895001,902001,894001,8000,0,7000,0.7,0,0.7
9,292,1,8000000,189.80505420035576,1034656.9362335555,10000000000,905970,907970,873001,34969,7732,2000,0,2.3196094434322165,2.3196094434322165
9,303,1,10000000,59.628023613062986,65610012.829834595,8000000000,907343,908943,906001,2942,152,1600,0,0.0457247281414312,0.0457247281414312
9,300,0,2000000,59.456076224385995,0,10000000000,902001,912001,897001,15000,0,10000,0.9999999999999999,0,0.9999999999999999
9,304,1,2000000,77.64434622044287,30008525.47212074,10000000000,910143,912143,909001,3142,67,2000,0,0.019994317966653404,0.019994317966653404
9,301,0,4000000,47.75406370142751,0,4000000000,912001,916001,900001,16000,0,4000,0.39999999999999997,0,0.39999999999999997
9,302,0,5000000,47.822510389982654,0,9000000000,916001,925001,903001,22000,0,9000,0.8999999999999999,0,0.8999999999999999
9,308,1,8000000,88.30857829225879,19385302.936010566,6000000000,923894,925094,921001,4093,413,1200,0,0.12380513257503482,0.12380513257503482
9,305,0,2000000,83.29936374306828,0,5000000000,925001,930001,912001,18000,0,5000,0.49999999999999994,0,0.49999999999999994
9,310,1,8000000,120.36883359075965,6171341.489923745,7000000000,931294,932694,927001,5693,1296,1400,0,0.3888943763553838,0.3888943763553838
9,306,0,7000000,77.29971086621215,0,4000000000,930001,934001,915001,19000,0,4000,0.39999999999999997,0,0.39999999999999997
9,312,1,3000000,102.55978402863376,11292743.91429406,7000000000,936094,937494,933001,4493,266,1400,0,0.07969719377597888,0.07969719377597888
9,313,1,8000000,109.49034660644743,8845891.651105069,3000000000,940694,941294,936001,5293,904,600,0,0.27131238937345353,0.27131238937345353
9,307,0,8000000,79.20057828071711,0,10000000000,934001,944001,918001,26000,0,10000,0.9999999999999999,0,0.9999999999999999
9,314,1,6000000,128.5802628710954,4785882.001167045,10000000000,942094,944094,939001,5093,1254,2000,0,0.37610622233499846,0.37610622233499846
9,315,1,7000000,150.90048939615806,2562399.2491781246,5000000000,944733,945733,942001,3732,2732,1000,0,0.8195444174726336,0.8195444174726336
9,316,1,4000000,173.08547050518135,1491440.54227615,2000000000,947683,948083,945001,3082,2682,400,0,0.8045912431538368,0.8045912431538368
9,309,0,8000000,102.34199235895308,0,8000000000,944001,952001,924001,28000,0,8000,0.7999999999999999,0,0.7999999999999999
9,317,1,7000000,169.04228612983198,1637665.4783691138,10000000000,952275,954275,948001,6274,4274,2000,0,1.2823131633032328,1.2823131633032328
9,318,1,3000000,162.95624105875785,1893001.0715913717,8000000000,954275,955875,951001,4874,1585,1600,0,0.47543554702977814,0.47543554702977814
9,311,0,3000000,140.52047893456665,0,5000000000,952001,957001,930001,27000,0,5000,0.49999999999999994,0,0.49999999999999994
9,319,1,6000000,156.0604100981412,2244912.683327003,6000000000,956674,957874,954001,3873,2673,1200,0,0.801812922778077,0.801812922778077
9,320,1,4000000,153.64003254360497,2387380.8182420917,3000000000,962074,962674,957001,5673,1675,600,0,0.5026428925082845,0.5026428925082845
9,321,1,5000000,155.8978207031773,2254147.3840575404,3000000000,965074,965674,960001,5673,2218,600,0,0.6654400730887214,0.6654400730887214
9,322,1,8000000,162.5627275853847,1911155.6181804924,10000000000,968874,970874,963001,7873,4186,2000,0,1.2557847080422,1.2557847080422
9,323,0,5000000,157.46720198187305,0,8000000000,966001,974001,966001,8000,0,8000,0.7999999999999999,0,0.7999999999999999
9,324,0,8000000,133.76215084993208,0,6000000000,974001,980001,969001,11000,0,6000,0.6,0,0.6
9,327,1,3000000,80.12506037439222,27046615.50250767,8000000000,979474,981074,978001,3073,111,1600,0,0.033275882519073596,0.033275882519073596
9,325,0,3000000,111.47343584908471,0,8000000000,980001,988001,972001,16000,0,8000,0.7999999999999999,0,0.7999999999999999
9,329,1,4000000,69.21256027629668,43080875.29376899,10000000000,989274,991274,984001,7273,93,2000,0,0.027854587257505472,0.027854587257505472
9,326,0,8000000,91.78188546766727,0,5000000000,988001,993001,975001,18000,0,5000,0.49999999999999994,0,0.49999999999999994
9,330,1,7000000,78.29602544190863,29196804.69353691,9000000000,994274,996074,987001,9073,240,1800,0,0.07192567892420303,0.07192567892420303
9,332,1,5000000,119.56643007132065,6331542.395849989,6000000000,998674,999874,993001,6873,790,1200,0,0.23690909832384213,0.23690909832384213
10,2,1,9000000,140.05544330728458,3432202.63249889,6000000000,5623,6823,3001,3822,2622,1200,0,0.7866668402483585,0.7866668402483585
10,3,1,6000000,145.07158129695839,2990764.5980060506,3000000000,8007,8607,6001,2606,2006,600,0,0.601852784134219,0.601852784134219
10,1,0,2000000,137.7542522029719,0,9000000000,1,9001,1,9000,0,9000,0.8999999999999999,0,0.8999999999999999
10,4,0,5000000,167.394338016553,0,4000000000,9001,13001,9001,4000,0,4000,0.39999999999999997,0,0.39999999999999997
10,5,1,10000000,139.7862829465038,3458088.6174295675,7000000000,14893,16293,12001,4292,2892,1400,0,0.8675312670934183,0.8675312670934183
10,6,1,10000000,112.04284225241699,8109050.731588036,7000000000,16293,17693,15001,2692,1233,1400,0,0.3699569899487477,0.3699569899487477
10,7,1,5000000,84.58013301006328,22517762.62314848,10000000000,19693,21693,18001,3692,222,2000,0,0.06661407818812272,0.06661407818812272
10,8,1,3000000,60.237049230519226,63873048.94392661,8000000000,21693,23293,21001,2292,47,1600,0,0.01409044996098588,0.01409044996098588
10,9,0,4000000,34.3777907958031,0,2000000000,24001,26001,24001,2000,0,2000,0.19999999999999998,0,0.19999999999999998
10,10,1,6000000,17.538990848962783,381883730.7846809,10000000000,27017,29017,27001,2016,16,2000,0,0.004713476524127972,0.004713476524127972
10,11,1,6000000,31.7293870095216,214267403.1219803,3000000000,30029,30629,30001,628,28,600,0,0.008400717858960925,0.008400717858960925
10,12,1,8000000,57.345357266303594,72546356.57333985,4000000000,33111,33911,33001,910,110,800,0,0.033082295422703266,0.033082295422703266
10,13,1,7000000,79.12505860977294,28199356.609612502,10000000000,37147,39147,36001,3146,248,2000,0,0.07446978415401716,0.07446978415401716
10,14,1,10000000,100.73386769106013,12067330.256600427,6000000000,39830,41030,39001,2029,829,1200,0,0.24860511283008105,0.24860511283008105
10,15,1,5000000,128.46918541035433,4801915.806448042,6000000000,43042,44242,42001,2241,1041,1200,0,0.3123753227796686,0.3123753227796686
10,17,1,2000000,151.40539257239152,2528978.9464942547,6000000000,48792,49992,48001,1991,791,1200,0,0.23724989914674366,0.23724989914674366
10,16,1,7000000,156.30801674898188,2230939.0241499417,3000000000,50178,50778,45001,5777,3138,600,0,0.9413076633953124,0.9413076633953124
10,18,1,9000000,125.9625761883267,5181879.2705986155,7000000000,52738,54138,51001,3137,1737,1400,0,0.5210464889291204,0.5210464889291204
10,19,0,6000000,98.72652581753294,0,3000000000,54001,57001,54001,3000,0,3000,0.3,0,0.3
10,20,1,6000000,71.2186639863456,39489782.547369786,5000000000,57153,58153,57001,1152,152,1000,0,0.04558141078241741,0.04558141078241741
10,21,1,6000000,44.37258838517311,127256691.84243016,5000000000,60048,61048,60001,1047,47,1000,0,0.014144639263676354,0.014144639263676354
10,22,0,5000000,20.960918395910046,0,2000000000,63001,65001,63001,2000,0,2000,0.19999999999999998,0,0.19999999999999998
10,23,1,4000000,20.09195112476637,342934449.3446056,5000000000,66013,67013,66001,1012,12,1000,0,0.0034992110075070127,0.0034992110075070127
10,24,1,9000000,43.12426810973147,134144796.05076264,3000000000,69068,69668,69001,667,67,600,0,0.020127504603147443,0.020127504603147443
10,25,0,4000000,69.94074206069024,0,2000000000,72001,74001,72001,2000,0,2000,0.19999999999999998,0,0.19999999999999998
10,26,1,5000000,97.44492290519811,13628193.71230825,4000000000,75368,76168,75001,1167,367,800,0,0.11006594356266604,0.11006594356266604
10,27,1,2000000,125.19743328039918,5305132.111594791,3000000000,78378,78978,78001,977,377,600,0,0.11309803175092512,0.11309803175092512
10,28,1,3000000,145.540584717803,2953174.327578887,7000000000,82017,83417,81001,2416,1016,1400,0,0.30475681425073564,0.30475681425073564
10,29,0,7000000,152.931234873717,0,3000000000,84001,87001,84001,3000,0,3000,0.3,0,0.3
10,30,1,4000000,164.77218849065517,1811941.905527802,4000000000,89209,90009,87001,3008,2208,800,0,0.6622728887383678,0.6622728887383678
10,31,1,4000000,147.12677016777062,2830291.244032228,8000000000,91414,93014,90001,3013,1413,1600,0,0.4239846349842065,0.4239846349842065
10,33,1,2000000,161.77091580379954,1948344.4405043086,8000000000,97028,98628,96001,2627,1027,1600,0,0.3079537619357983,0.3079537619357983
10,32,0,2000000,151.6916770953502,0,7000000000,93001,100001,93001,7000,0,7000,0.7,0,0.7
10,34,1,5000000,174.56348329476015,1442062.0458789857,9000000000,102468,104268,99001,5267,3467,1800,0,1.0401771576241015,1.0401771576241015
10,35,1,9000000,184.48279377763117,1158325.916382575,5000000000,109771,110771,102001,8770,7770,1000,0,2.330950177159152,2.330950177159152
10,36,0,2000000,169.12726864701625,0,6000000000,105001,111001,105001,6000,0,6000,0.6,0,0.6
10,37,0,8000000,156.33544095949577,0,4000000000,111001,115001,108001,7000,0,4000,0.39999999999999997,0,0.39999999999999997
10,39,1,6000000,141.61847372429912,3286512.0454467633,6000000000,115827,117027,114001,3026,1826,1200,0,0.5476931090192645,0.5476931090192645
10,38,0,7000000,146.87076802413745,0,5000000000,115001,120001,111001,9000,0,5000,0.49999999999999994,0,0.49999999999999994
10,40,1,8000000,140.41983478127298,3397537.3175309477,9000000000,119356,121156,117001,4155,2355,1800,0,0.7063940070992726,0.7063940070992726
10,41,0,3000000,143.79670406514887,0,6000000000,120001,126001,120001,6000,0,6000,0.6,0,0.6
10,43,1,2000000,161.99838178204126,1937569.93810412,3000000000,127033,127633,126001,1632,1032,600,0,0.30966624130589576,0.30966624130589576
10,42,0,8000000,151.44088285532413,0,9000000000,126001,135001,123001,12000,0,9000,0.8999999999999999,0,0.8999999999999999
10,44,0,5000000,176.09890317659563,0,7000000000,135001,142001,129001,13000,0,7000,0.7,0,0.7
10,45,1,10000000,192.5377105919772,977544.5886265638,6000000000,142231,143431,132001,11430,10230,1200,0,3.068913720053381,3.068913720053381
10,46,0,2000000,210.64834440365297,0,7000000000,142001,149001,135001,14000,0,7000,0.7,0,0.7
10,48,1,6000000,207.89225719107478,720479.935821219,5000000000,149329,150329,141001,9328,8328,1000,0,2.4983346662503796,2.4983346662503796
10,50,1,5000000,182.523910214525,1208436.747762207,7000000000,151139,152539,147001,5538,4138,1400,0,1.2412730767892588,1.2412730767892588
10,49,1,9000000,193.01438340185945,967987.8982349441,4000000000,153299,154099,144001,10098,9298,800,0,2.789291069571484,2.789291069571484
10,47,1,9000000,222.41272827785735,550615.8289007419,2000000000,154346,154746,138001,16745,16345,400,0,4.903600402099451,4.903600402099451
10,51,0,4000000,177.13117625082265,0,9000000000,150001,159001,150001,9000,0,9000,0.8999999999999999,0,0.8999999999999999
10,52,0,7000000,177.47457085453112,0,7000000000,159001,166001,153001,13000,0,7000,0.7,0,0.7
10,55,1,3000000,209.62393947257073,697079.3120501392,6000000000,167653,168853,162001,6852,4304,1200,0,1.291101291405511,1.291101291405511
10,54,1,7000000,194.3541676939293,941742.9341944988,2000000000,168853,169253,159001,10252,7433,400,0,2.229907890730493,2.229907890730493
10,53,0,7000000,183.36536859505392,0,6000000000,166001,172001,156001,16000,0,6000,0.6,0,0.6
10,56,0,3000000,228.04603833436798,0,2000000000,172001,174001,165001,9000,0,2000,0.19999999999999998,0,0.19999999999999998
10,57,0,4000000,236.7977406986815,0,7000000000,174001,181001,168001,13000,0,7000,0.7,0,0.7
10,58,0,6000000,216.58596538095443,0,2000000000,181001,183001,171001,12000,0,2000,0.19999999999999998,0,0.19999999999999998
10,59,0,4000000,199.41798640042472,0,7000000000,183001,190001,174001,16000,0,7000,0.7,0,0.7
10,64,1,2000000,185.69898707316636,1128511.7578654825,10000000000,190773,192773,189001,3772,1772,2000,0,0.5316736806844323,0.5316736806844323
10,60,0,9000000,186.21333384051744,0,3000000000,190001,193001,177001,16000,0,3000,0.3,0,0.3
10,61,0,4000000,177.97482293852687,0,3000000000,193001,196001,180001,16000,0,3000,0.3,0,0.3
10,62,0,7000000,175.20332873550095,0,6000000000,196001,202001,183001,19000,0,6000,0.6,0,0.6
10,63,0,9000000,178.1757003634334,0,2000000000,202001,204001,186001,18000,0,2000,0.19999999999999998,0,0.19999999999999998
10,65,0,5000000,206.69687273880078,0,4000000000,204001,208001,192001,16000,0,4000,0.39999999999999997,0,0.39999999999999997
10,66,0,9000000,207.30064061647278,0,9000000000,208001,217001,195001,22000,0,9000,0.8999999999999999,0,0.8999999999999999
10,67,0,9000000,183.48083850909333,0,8000000000,217001,225001,198001,27000,0,8000,0.7999999999999999,0,0.7999999999999999
10,68,0,4000000,161.50166562608567,0,6000000000,225001,231001,201001,30000,0,6000,0.6,0,0.6
10,69,0,8000000,138.90182324217344,0,10000000000,231001,241001,204001,37000,0,10000,0.9999999999999999,0,0.9999999999999999
10,70,0,4000000,117.46117017976616,0,10000000000,241001,251001,207001,44000,0,10000,0.9999999999999999,0,0.9999999999999999
10,71,1,2000000,97.81187760185368,13442646.8596851,2000000000,256104,256504,210001,46503,149,400,0,0.04463406695592204,0.04463406695592204
10,72,0,9000000,85.55289884042502,0,9000000000,251001,260001,213001,47000,0,9000,0.8999999999999999,0,0.8999999999999999
10,76,0,5000000,84.99094128199783,0,2000000000,260001,262001,225001,37000,0,2000,0.19999999999999998,0,0.19999999999999998
10,80,0,7000000,136.7228561726239,0,3000000000,262001,265001,237001,28000,0,3000,0.3,0,0.3
10,73,1,6000000,73.79827437006911,35338444.73433621,2000000000,264904,265304,216001,49303,170,400,0,0.05093602770387486,0.05093602770387486
10,88,1,3000000,209.95662242472847,692692.7198208767,7000000000,267138,268538,261001,7537,4331,1400,0,1.2992774057633099,1.2992774057633099
10,74,1,8000000,68.40003801168535,44632984.86307521,7000000000,269504,270904,219001,51903,179,1400,0,0.05377189106582732,0.05377189106582732
10,85,0,6000000,145.2197376392066,0,9000000000,265001,274001,252001,22000,0,9000,0.8999999999999999,0,0.8999999999999999
10,75,1,9000000,72.16066587830244,37915631.40146345,4000000000,273504,274304,222001,52303,237,800,0,0.07121073552518466,0.07121073552518466
10,89,1,9000000,196.51949343512973,901171.9168702166,7000000000,277538,278938,264001,14937,9987,1400,0,2.9960986904442604,2.9960986904442604
10,86,0,4000000,168.44904095897962,0,6000000000,274001,280001,255001,25000,0,6000,0.6,0,0.6
10,92,1,7000000,152.96082406943287,2429356.9955846136,6000000000,278938,280138,273001,7137,2881,1200,0,0.8644262674513363,0.8644262674513363
10,90,0,4000000,195.39467572070637,0,4000000000,280001,284001,267001,17000,0,4000,0.39999999999999997,0,0.39999999999999997
10,77,1,10000000,87.54758477536654,19981626.45278701,3000000000,283704,284304,228001,56303,500,600,0,0.15013792831571846,0.15013792831571846
10,91,0,3000000,180.65593485961094,0,2000000000,284001,286001,270001,16000,0,2000,0.19999999999999998,0,0.19999999999999998
10,78,1,6000000,103.1948084934509,11037356.95947175,2000000000,288104,288504,231001,57503,544,400,0,0.1630825211696468,0.1630825211696468
10,79,1,3000000,123.3960266783335,5609764.188961138,2000000000,292704,293104,234001,59103,535,400,0,0.16043455120110306,0.16043455120110306
10,93,0,2000000,125.20806563476651,0,8000000000,286001,294001,276001,18000,0,8000,0.7999999999999999,0,0.7999999999999999
10,98,1,3000000,100.03661129806423,12379709.337747006,3000000000,295138,295738,291001,4737,242,600,0,0.07269960670690447,0.07269960670690447
10,94,0,9000000,99.82249245535797,0,2000000000,294001,296001,279001,17000,0,2000,0.19999999999999998,0,0.19999999999999998
10,81,1,6000000,136.7228561726239,3770352.86616931,9000000000,297704,299504,240001,59503,1591,1800,0,0.47740889616753707,0.47740889616753707
10,82,1,2000000,136.7228561726239,3770352.86616931,2000000000,301104,301504,243001,58503,530,400,0,0.15913629872251236,0.15913629872251236
10,95,0,2000000,79.10924408689544,0,7000000000,296001,303001,282001,21000,0,7000,0.7,0,0.7
10,83,1,6000000,136.7228561726239,3770352.86616931,10000000000,304504,306504,246001,60503,1591,2000,0,0.47740889616753707,0.47740889616753707
10,84,1,5000000,136.7228561726239,3770352.86616931,2000000000,310504,310904,249001,61903,1326,400,0,0.3978407468062809,0.3978407468062809
10,96,0,5000000,67.91626020328272,0,8000000000,303001,311001,285001,26000,0,8000,0.7999999999999999,0,0.7999999999999999
10,97,0,6000000,78.51123359112373,0,2000000000,311001,313001,288001,25000,0,2000,0.19999999999999998,0,0.19999999999999998
10,99,0,3000000,124.97713110805513,0,4000000000,313001,317001,294001,23000,0,4000,0.39999999999999997,0,0.39999999999999997
10,87,1,4000000,197.86347843904898,877082.2070313966,2000000000,320304,320704,258001,62703,4561,400,0,1.3681727783095297,1.3681727783095297
10,106,1,3000000,199.59048799980425,847292.4843390612,8000000000,320912,322512,315001,7511,3541,1600,0,1.0622069906616176,1.0622069906616176
10,100,0,3000000,148.0478182885516,0,6000000000,317001,323001,297001,26000,0,6000,0.6,0,0.6
10,101,0,4000000,173.43652268193108,0,5000000000,323001,328001,300001,28000,0,5000,0.49999999999999994,0,0.49999999999999994
10,108,1,6000000,192.25964527170024,983173.7150296855,6000000000,330312,331512,321001,10511,6103,1200,0,1.830805657722096,1.830805657722096
10,102,0,10000000,200.08183850614728,0,5000000000,328001,333001,303001,30000,0,5000,0.49999999999999994,0,0.49999999999999994
10,107,1,9000000,194.5500758159708,937979.9114947532,10000000000,332712,334712,318001,16711,9595,2000,0,2.878526466198315,2.878526466198315
10,103,0,9000000,210.61582110563296,0,3000000000,333001,336001,306001,30000,0,3000,0.3,0,0.3
10,111,1,2000000,185.46616322121938,1134144.720532193,7000000000,339312,340712,330001,10711,1763,1400,0,0.5290330141628242,0.5290330141628242
10,104,0,2000000,200.79395210015664,0,8000000000,336001,344001,309001,35000,0,8000,0.7999999999999999,0,0.7999999999999999
10,114,1,2000000,102.66994594329931,11247938.31445468,5000000000,344112,345112,339001,6111,178,1000,0,0.05334310904149807,0.05334310904149807
10,115,1,7000000,77.60239687019987,30061630.97102716,8000000000,345112,346712,342001,4711,233,1600,0,0.06985648922455143,0.06985648922455143
10,105,0,5000000,194.98365264811306,0,3000000000,344001,347001,312001,35000,0,3000,0.3,0,0.3
10,109,0,3000000,199.69317289281577,0,9000000000,347001,356001,324001,32000,0,9000,0.8999999999999999,0,0.8999999999999999
10,118,1,6000000,101.73272875530273,11636017.825188009,3000000000,361912,362512,351001,11511,516,600,0,0.15469209716262328,0.15469209716262328
10,110,0,8000000,208.07008434659704,0,10000000000,356001,366001,327001,39000,0,10000,0.9999999999999999,0,0.9999999999999999
10,112,0,4000000,156.29707130973372,0,4000000000,366001,370001,333001,37000,0,4000,0.39999999999999997,0,0.39999999999999997
10,121,1,2000000,174.0341161956471,1459510.6694019756,9000000000,375512,377312,360001,17311,1370,1800,0,0.41109668642973735,0.41109668642973735
10,113,0,3000000,129.74026052078057,0,8000000000,370001,378001,336001,42000,0,8000,0.7999999999999999,0,0.7999999999999999
10,124,1,6000000,215.8309597810286,620613.580651327,6000000000,378669,379869,369001,10868,9668,1200,0,2.900355480637275,2.900355480637275
10,122,1,7000000,175.1478506862131,1423100.4763447372,3000000000,380312,380912,363001,17911,4919,600,0,1.4756512522530336,1.4756512522530336
10,125,1,10000000,182.9282878616645,1197874.6794198994,3000000000,380349,380949,372001,8948,8348,600,0,2.5044356071144476,2.5044356071144476
10,126,1,10000000,165.12607062484105,1796650.272861033,3000000000,380949,381549,375001,6548,5566,600,0,1.6697740485813755,1.6697740485813755
10,128,1,3000000,149.7012879036116,2643992.07253915,9000000000,382549,384349,381001,3348,1135,1800,0,0.34039436401777395,0.34039436401777395
10,123,1,6000000,189.88021118589475,1033031.4543164785,4000000000,384312,385112,366001,19111,5808,800,0,1.742444523328671,1.742444523328671
10,127,1,9000000,164.02476398397897,1844773.1699464065,10000000000,384349,386349,378001,8348,4879,2000,0,1.463594573027338,1.463594573027338
10,116,0,5000000,64.76032272927613,0,10000000000,378001,388001,345001,43000,0,10000,0.9999999999999999,0,0.9999999999999999
10,130,1,8000000,102.12221550671532,11472830.848503618,6000000000,387698,388898,387001,1897,697,1200,0,0.20918987054646832,0.20918987054646832
10,131,1,7000000,81.75506100542026,25279487.559906144,3000000000,390698,391298,390001,1297,277,600,0,0.08307130415612732,0.08307130415612732
10,117,0,5000000,77.65073405963393,0,6000000000,388001,394001,348001,46000,0,6000,0.6,0,0.6
10,133,1,4000000,70.9687255063806,39919165.522445954,5000000000,396101,397101,396001,1100,100,1000,0,0.030060748622745076,0.030060748622745076
10,119,0,6000000,130.67927647488722,0,5000000000,394001,399001,354001,45000,0,5000,0.49999999999999994,0,0.49999999999999994
10,134,1,7000000,65.1662151732015,51418122.732403226,10000000000,399784,401784,399001,2783,136,2000,0,0.040841631090444294,0.040841631090444294
10,136,1,5000000,80.56410180719449,26557310.289914425,2000000000,405189,405589,405001,588,188,400,0,0.056481623463564744,0.056481623463564744
10,120,0,10000000,161.89016832408328,0,8000000000,399001,407001,357001,50000,0,8000,0.7999999999999999,0,0.7999999999999999
10,129,0,6000000,124.85704025003957,0,4000000000,407001,411001,384001,27000,0,4000,0.39999999999999997,0,0.39999999999999997
10,138,1,2000000,118.52315554354767,6547477.977347199,7000000000,414594,415994,411001,4993,305,1400,0,0.09163833800982074,0.09163833800982074
10,132,0,8000000,76.42269034782798,0,9000000000,411001,420001,393001,27000,0,9000,0.8999999999999999,0,0.8999999999999999
10,135,0,9000000,70.53785508505341,0,2000000000,420001,422001,402001,20000,0,2000,0.19999999999999998,0,0.19999999999999998
10,139,1,6000000,142.58895399013204,3199882.771711256,7000000000,421994,423394,414001,9393,1875,1400,0,0.5625206072900549,0.5625206072900549
10,140,1,3000000,165.2207662492824,1792585.5547223554,3000000000,424794,425394,417001,8393,1674,600,0,0.5020680868642816,0.5020680868642816
10,137,0,8000000,96.44199552062368,0,5000000000,422001,427001,408001,19000,0,5000,0.49999999999999994,0,0.49999999999999994
10,144,0,6000000,183.89362822022952,0,5000000000,429001,434001,429001,5000,0,5000,0.49999999999999994,0,0.49999999999999994
10,141,1,8000000,191.14805701340524,1006083.7398023584,5000000000,433794,434794,420001,14793,7952,1000,0,2.38548731586843,2.38548731586843
10,143,1,7000000,194.63923884972425,936273.4592825334,6000000000,433830,435030,426001,9029,7476,1200,0,2.2429344537964693,2.2429344537964693
10,145,1,6000000,178.69364678129998,1314457.1958390772,7000000000,439069,440469,432001,8468,4565,1400,0,1.3693865465516197,1.3693865465516197
10,146,1,3000000,180.10376814492253,1274129.1791697731,9000000000,440469,442269,435001,7268,2355,1800,0,0.7063647977879629,0.7063647977879629
10,148,0,2000000,202.01437820115677,0,2000000000,441001,443001,441001,2000,0,2000,0.19999999999999998,0,0.19999999999999998
10,142,1,5000000,217.56139823047658,601184.0488580483,10000000000,442794,444794,423001,21793,8317,2000,0,2.4950761798308796,2.4950761798308796
10,147,1,7000000,188.07710254042095,1072922.3488974383,8000000000,448069,449669,438001,11668,6524,1600,0,1.9572711875729052,1.9572711875729052
10,149,0,10000000,220.7004542360527,0,10000000000,444001,454001,444001,10000,0,10000,0.9999999999999999,0,0.9999999999999999
10,150,0,4000000,242.99108399280826,0,7000000000,454001,461001,447001,14000,0,7000,0.7,0,0.7
10,151,0,8000000,225.28231377540496,0,6000000000,461001,467001,450001,17000,0,6000,0.6,0,0.6
10,153,1,10000000,191.65647836689473,995523.5290291955,9000000000,466768,468568,456001,12567,10045,1800,0,3.013489799608764,3.013489799608764
10,155,1,8000000,179.7953951023218,1282815.43127304,6000000000,468568,469768,462001,7767,6236,1200,0,1.8708848845217654,1.8708848845217654
10,156,1,8000000,183.81754241638635,1175048.905457682,5000000000,471809,472809,465001,7808,6808,1000,0,2.0424681805607054,2.0424681805607054
10,152,0,6000000,206.33946229454023,0,7000000000,467001,474001,453001,21000,0,7000,0.7,0,0.7
10,157,1,5000000,194.0883306641592,946879.2682895391,4000000000,473809,474609,468001,6608,5281,800,0,1.5841512748606574,1.5841512748606574
10,159,1,2000000,229.20247860788942,488424.5018809709,5000000000,478096,479096,474001,5095,4095,1000,0,1.2284396005715128,1.2284396005715128
10,154,0,7000000,182.53414392929338,0,6000000000,474001,480001,459001,21000,0,6000,0.6,0,0.6
10,158,0,5000000,209.71731449739673,0,2000000000,480001,482001,471001,11000,0,2000,0.19999999999999998,0,0.19999999999999998
10,162,1,5000000,192.83475879622947,971575.4297129035,7000000000,488147,489547,483001,6546,5146,1400,0,1.5438842462733375,1.5438842462733375
10,161,1,6000000,212.3447237394892,662193.6195635626,9000000000,489547,491347,480001,11346,9061,1800,0,2.718238211335139,2.718238211335139
10,163,1,6000000,175.43851601059558,1413784.3469994324,7000000000,492747,494147,486001,8146,4244,1400,0,1.2731786172482802,1.2731786172482802
10,160,1,8000000,229.89848977320406,482556.1925955162,3000000000,495547,496147,477001,19146,16578,600,0,4.973514042149503,4.973514042149503
10,164,1,9000000,162.3415144071288,1921456.0058000311,3000000000,496147,496747,489001,7746,4684,600,0,1.4051843975869793,1.4051843975869793
10,166,1,3000000,144.88790494723844,3005646.9745991942,5000000000,498547,499547,495001,4546,998,1000,0,0.2994363634871044,0.2994363634871044
10,165,0,5000000,151.30876511293056,0,8000000000,492001,500001,492001,8000,0,8000,0.7999999999999999,0,0.7999999999999999
10,167,1,9000000,143.6440942050873,3108869.3744211337,8000000000,504532,506132,498001,8131,2895,1600,0,0.8684829353767028,0.8684829353767028
10,168,1,10000000,147.21852193253403,2823378.257487265,7000000000,511532,512932,501001,11931,3542,1400,0,1.062556882714654,1.062556882714654
10,169,1,4000000,155.89279457370694,2254433.6054438357,4000000000,514732,515532,504001,11531,1774,800,0,0.5322844714088412,0.5322844714088412
10,171,1,3000000,147.79654258473028,2780304.0059491014,2000000000,519132,519532,510001,9531,1079,400,0,0.32370560847815294,0.32370560847815294
10,170,1,8000000,168.79101664484403,1647328.1144745233,3000000000,519532,520132,507001,13131,4856,600,0,1.456904656037859,1.456904656037859
10,176,0,8000000,159.88567822040847,0,2000000000,525001,527001,525001,2000,0,2000,0.19999999999999998,0,0.19999999999999998
10,172,1,9000000,154.39660779952385,2341674.815166745,7000000000,526532,527932,513001,14931,3843,1400,0,1.1530208987654589,1.1530208987654589
10,177,0,6000000,148.3697765719151,0,4000000000,528001,532001,528001,4000,0,4000,0.39999999999999997,0,0.39999999999999997
10,173,1,10000000,166.98393485602142,1718946.0011407188,10000000000,530932,532932,516001,16931,5818,2000,0,1.745255521702924,1.745255521702924
10,175,1,3000000,175.53148805841073,1410820.5024422477,2000000000,535132,535532,522001,13531,2126,400,0,0.6379266522155194,0.6379266522155194
10,174,1,8000000,182.47986519065597,1209594.1568418993,5000000000,536332,537332,519001,18331,6614,1000,0,1.9841365688026331,1.9841365688026331
10,178,0,2000000,142.12326058742107,0,10000000000,532001,542001,531001,11000,0,10000,0.9999999999999999,0,0.9999999999999999
10,179,0,5000000,140.39266362598866,0,3000000000,542001,545001,534001,11000,0,3000,0.3,0,0.3
10,180,0,9000000,144.28847216600502,0,3000000000,545001,548001,537001,11000,0,3000,0.3,0,0.3
10,181,0,3000000,153.42803524779947,0,4000000000,548001,552001,540001,12000,0,4000,0.39999999999999997,0,0.39999999999999997
10,182,0,8000000,165.22878835118294,0,2000000000,552001,554001,543001,11000,0,2000,0.19999999999999998,0,0.19999999999999998
10,183,1,7000000,181.7998998899614,1227638.3746347774,9000000000,555132,556932,546001,10931,5702,1800,0,1.7106014632564335,1.7106014632564335
10,185,0,4000000,220.13247375160262,0,4000000000,554001,558001,552001,6000,0,4000,0.39999999999999997,0,0.39999999999999997
10,186,0,10000000,213.94732996698045,0,2000000000,558001,560001,555001,5000,0,2000,0.19999999999999998,0,0.19999999999999998
10,184,1,4000000,200.93658128872403,824943.2744705313,6000000000,562532,563732,549001,14731,4849,1200,0,1.4546454733753533,1.4546454733753533
10,187,0,7000000,196.5308245543177,0,8000000000,560001,568001,558001,10000,0,8000,0.7999999999999999,0,0.7999999999999999
10,188,0,4000000,183.77360555857848,0,2000000000,568001,570001,561001,9000,0,2000,0.19999999999999998,0,0.19999999999999998
10,189,0,8000000,177.2291556149834,0,5000000000,570001,575001,564001,11000,0,5000,0.49999999999999994,0,0.49999999999999994
10,191,1,7000000,185.10395025498505,1142977.85979807,5000000000,576125,577125,570001,7124,6124,1000,0,1.8373059302924792,1.8373059302924792
10,190,0,4000000,177.7297760646763,0,7000000000,575001,582001,567001,15000,0,7000,0.7,0,0.7
10,192,0,2000000,198.61862777695345,0,5000000000,582001,587001,573001,14000,0,5000,0.49999999999999994,0,0.49999999999999994
10,193,0,2000000,217.01754330007515,0,2000000000,587001,589001,576001,13000,0,2000,0.19999999999999998,0,0.19999999999999998
10,194,0,10000000,239.0159678766253,0,5000000000,589001,594001,579001,15000,0,5000,0.49999999999999994,0,0.49999999999999994
10,195,0,4000000,223.39216548482625,0,2000000000,594001,596001,582001,14000,0,2000,0.19999999999999998,0,0.19999999999999998
10,197,1,5000000,187.59016605355407,1084022.3216975103,9000000000,594550,596350,588001,8349,4612,1800,0,1.3837353437990971,1.3837353437990971
10,196,0,2000000,203.18440909676116,0,2000000000,596001,598001,585001,13000,0,2000,0.19999999999999998,0,0.19999999999999998
10,198,0,9000000,178.03211760803157,0,5000000000,598001,603001,591001,12000,0,5000,0.49999999999999994,0,0.49999999999999994
10,200,1,8000000,179.5587486033471,1289531.2658451132,2000000000,604678,605078,597001,8077,6204,400,0,1.8611413802573642,1.8611413802573642
10,199,0,2000000,175.24449492066796,0,4000000000,603001,607001,594001,13000,0,4000,0.39999999999999997,0,0.39999999999999997
10,201,1,7000000,189.72489609958944,1036394.0911418875,2000000000,606954,607354,600001,7353,6754,400,0,2.0262562455235957,2.0262562455235957
10,203,0,8000000,195.59682538323568,0,6000000000,607001,613001,606001,7000,0,6000,0.6,0,0.6
10,204,0,2000000,171.93432612483173,0,3000000000,613001,616001,609001,7000,0,3000,0.3,0,0.3
10,205,0,7000000,146.6952821327257,0,4000000000,616001,620001,612001,8000,0,4000,0.39999999999999997,0,0.39999999999999997
10,202,1,10000000,215.72792053881201,621795.0385605614,8000000000,621995,623595,603001,20594,16082,1600,0,4.824740974043341,4.824740974043341
10,208,0,9000000,85.85900360474726,0,6000000000,621001,627001,621001,6000,0,6000,0.6,0,0.6
10,206,1,8000000,122.3845586665246,5790186.175110163,10000000000,630194,632194,615001,17193,1382,2000,0,0.4144944441193789,0.4144944441193789
10,210,0,7000000,68.41329987655911,0,8000000000,627001,635001,627001,8000,0,8000,0.7999999999999999,0,0.7999999999999999
10,207,1,6000000,100.06973818292924,12364652.14029732,6000000000,635194,636394,618001,18393,485,1200,0,0.14557627497935557,0.14557627497935557
10,209,1,6000000,73.01963092210204,36539275.66126426,10000000000,636794,638794,624001,14793,164,2000,0,0.04926206027417786,0.04926206027417786
10,213,0,7000000,94.31622819006277,0,3000000000,636001,639001,636001,3000,0,3000,0.3,0,0.3
10,211,1,3000000,75.04406172376336,33505852.78812732,5000000000,643194,644194,630001,14193,90,1000,0,0.02686097875768474,0.02686097875768474
10,212,1,2000000,86.12245525993785,21156225.78602508,6000000000,645194,646394,633001,13393,95,1200,0,0.02836044604876239,0.02836044604876239
10,214,1,8000000,115.60561318551964,7200681.757957153,4000000000,650594,651394,639001,12393,1111,800,0,0.33330177345330764,0.33330177345330764
10,215,1,5000000,137.94672341161277,3641596.6680930415,10000000000,651394,653394,642001,11393,1373,2000,0,0.4119072310074059,0.4119072310074059
10,217,0,2000000,139.14401747829478,0,7000000000,648001,655001,648001,7000,0,7000,0.7,0,0.7
10,218,0,6000000,146.53756378485352,0,3000000000,655001,658001,651001,7000,0,3000,0.3,0,0.3
10,216,1,8000000,140.51977974648264,3388104.8514676695,10000000000,656594,658594,645001,13593,2361,2000,0,0.7083606042948644,0.7083606042948644
10,219,1,8000000,140.9649052069344,3346485.370974448,2000000000,661794,662194,654001,8193,2391,400,0,0.717170324668461,0.717170324668461
10,220,0,7000000,138.93454933888836,0,6000000000,658001,664001,657001,7000,0,6000,0.6,0,0.6
10,221,0,7000000,141.51710709310026,0,3000000000,664001,667001,660001,7000,0,3000,0.3,0,0.3
10,223,1,10000000,165.8064570515877,1767697.273257526,2000000000,671658,672058,666001,6057,5657,400,0,1.6971231700049958,1.6971231700049958
10,224,1,10000000,136.99307172262402,3741449.0552603235,9000000000,672058,673858,669001,4857,2673,1800,0,0.8018283706902606,0.8018283706902606
10,222,0,2000000,153.39908539492666,0,7000000000,667001,674001,663001,11000,0,7000,0.7,0,0.7
10,225,1,9000000,113.18075675661473,7804579.506013619,5000000000,673858,674858,672001,2857,1153,1000,0,0.34595073288952777,0.34595073288952777
10,226,1,4000000,97.92879300798104,13384158.936749058,3000000000,675300,675900,675001,899,299,600,0,0.08965822997701742,0.08965822997701742
10,227,0,9000000,95.33551961362565,0,4000000000,678001,682001,678001,4000,0,4000,0.39999999999999997,0,0.39999999999999997
10,229,1,8000000,126.32149025403396,5125271.778032616,9000000000,685562,687362,684001,3361,1561,1800,0,0.468267850748251,0.468267850748251
10,228,0,7000000,106.19347672997621,0,9000000000,682001,691001,681001,10000,0,9000,0.8999999999999999,0,0.8999999999999999
10,230,1,7000000,143.39882879577502,3129737.304575796,10000000000,689238,691238,687001,4237,2237,2000,0,0.670982831987119,0.670982831987119
10,232,0,5000000,158.6723725164529,0,2000000000,693001,695001,693001,2000,0,2000,0.19999999999999998,0,0.19999999999999998
10,231,1,9000000,165.04460003283964,1800156.4742917437,8000000000,695001,696601,690001,6600,5000,1600,0,1.4998696160911746,1.4998696160911746
10,233,0,5000000,170.15313955375606,0,7000000000,696001,703001,696001,7000,0,7000,0.7,0,0.7
10,234,0,4000000,186.7525978400301,0,4000000000,703001,707001,699001,8000,0,4000,0.39999999999999997,0,0.39999999999999997
10,235,1,3000000,205.239952494635,758252.1104606335,4000000000,710633,711433,702001,9432,3956,800,0,1.1869403165304155,1.1869403165304155
10,237,0,6000000,246.46597919388395,0,7000000000,708001,715001,708001,7000,0,7000,0.7,0,0.7
10,238,0,2000000,214.00817764749087,0,7000000000,715001,722001,711001,11000,0,7000,0.7,0,0.7
10,236,1,7000000,227.95372183844688,499178.0996999683,2000000000,723077,723477,705001,18476,14023,400,0,4.206915329943778,4.206915329943778
10,239,0,8000000,226.90220470502265,0,4000000000,722001,726001,714001,12000,0,4000,0.39999999999999997,0,0.39999999999999997
10,240,0,9000000,248.87005324064208,0,6000000000,726001,732001,717001,15000,0,6000,0.6,0,0.6
10,242,1,3000000,239.99437701746263,406552.96087721013,10000000000,730380,732380,723001,9379,7379,2000,0,2.213733723788631,2.213733723788631
10,244,1,4000000,208.04606461070108,718362.2703991511,5000000000,734569,735569,729001,6568,5568,1000,0,1.6704663502625652,1.6704663502625652
10,241,0,9000000,230.0023725964582,0,9000000000,732001,741001,720001,21000,0,9000,0.8999999999999999,0,0.8999999999999999
10,247,1,5000000,178.46005743583072,1321290.0092290102,7000000000,741785,743185,738001,5184,3784,1400,0,1.1352541754820877,1.1352541754820877
10,243,1,8000000,227.57833156959387,502468.3603727788,4000000000,743185,743985,726001,17984,15921,800,0,4.776420147568002,4.776420147568002
10,246,0,5000000,182.46730255034734,0,4000000000,741001,745001,735001,10000,0,4000,0.39999999999999997,0,0.39999999999999997
10,245,1,10000000,192.52911364258648,977718.0224159342,6000000000,743985,745185,732001,13184,10228,1200,0,3.068369336781807,3.068369336781807
10,248,1,7000000,180.80015542028718,1254780.8307145515,3000000000,746580,747180,741001,6179,5579,600,0,1.673599045025359,1.673599045025359
10,250,0,6000000,203.2344326141611,0,4000000000,747001,751001,747001,4000,0,4000,0.39999999999999997,0,0.39999999999999997
10,249,1,8000000,189.25354686240365,1046682.7491194229,2000000000,752878,753278,744001,9277,7643,400,0,2.2929583983486177,2.2929583983486177
10,252,0,10000000,243.28827201490824,0,2000000000,753001,755001,753001,2000,0,2000,0.19999999999999998,0,0.19999999999999998
10,251,1,4000000,221.58929396520944,558814.2034528581,4000000000,758193,758993,750001,8992,7158,800,0,2.147404258133236,2.147404258133236
10,253,1,2000000,225.65373938847102,519768.64508998307,9000000000,759849,761649,756001,5648,3848,1800,0,1.154359743835889,1.154359743835889
10,254,0,6000000,207.73555593590615,0,7000000000,759001,766001,759001,7000,0,7000,0.7,0,0.7
10,256,1,3000000,165.82024001912436,1767116.7625373774,4000000000,766699,767499,765001,2498,1698,800,0,0.5093042061961446,0.5093042061961446
10,255,0,6000000,186.1077110170344,0,4000000000,766001,770001,762001,8000,0,4000,0.39999999999999997,0,0.39999999999999997
10,257,0,7000000,148.14333768347467,0,4000000000,770001,774001,768001,6000,0,4000,0.39999999999999997,0,0.39999999999999997
10,259,1,4000000,122.40228510938836,5786963.724020523,4000000000,774692,775492,774001,1491,691,800,0,0.20736262697121138,0.20736262697121138
10,258,0,6000000,133.86375349585862,0,3000000000,774001,777001,771001,6000,0,3000,0.3,0,0.3
10,261,1,3000000,116.51600448007135,6988687.094503454,3000000000,780430,781030,780001,1029,429,600,0,0.12877955298754795,0.12877955298754795
10,260,0,10000000,116.47018931898411,0,7000000000,777001,784001,777001,7000,0,7000,0.7,0,0.7
10,263,1,10000000,133.18676998861415,4175152.913822114,6000000000,788396,789596,786001,3595,2395,1200,0,0.7185365570847252,0.7185365570847252
10,262,0,5000000,122.20305806320891,0,8000000000,784001,792001,783001,9000,0,8000,0.7999999999999999,0,0.7999999999999999
10,264,0,10000000,148.05927056418994,0,4000000000,792001,796001,789001,7000,0,4000,0.39999999999999997,0,0.39999999999999997
10,265,1,8000000,166.95788331192983,1720006.4334521675,5000000000,796652,797652,792001,5651,4651,1000,0,1.3953436180951022,1.3953436180951022
10,266,1,3000000,188.6320039123796,1060444.9624839362,3000000000,797830,798430,795001,3429,2829,600,0,0.8487003398006461,0.8487003398006461
10,268,0,6000000,164.08644063419743,0,2000000000,801001,803001,801001,2000,0,2000,0.19999999999999998,0,0.19999999999999998
10,267,1,5000000,185.3517480359977,1136925.7112547818,7000000000,802399,803799,798001,5798,4398,1400,0,1.319347416591104,1.319347416591104
10,269,1,3000000,144.76120509307742,3015966.1373287477,10000000000,804996,806996,804001,2995,995,2000,0,0.2984118385351413,0.2984118385351413
10,270,1,4000000,169.4545570352123,1621963.4369877004,8000000000,809467,811067,807001,4066,2466,1600,0,0.7398440511264742,0.7398440511264742
10,271,1,4000000,183.41441410096428,1185328.924697474,2000000000,813376,813776,810001,3775,3375,400,0,1.0123772186747828,1.0123772186747828
10,273,1,2000000,170.65790928052533,1577188.7485289015,3000000000,818822,819422,816001,3421,1268,600,0,0.38042371311591006,0.38042371311591006
10,272,1,9000000,191.48674549430305,999033.5702073529,3000000000,823446,824046,813001,11045,9009,600,0,2.7026118846432814,2.7026118846432814
10,274,0,9000000,151.41277654147945,0,10000000000,819001,829001,819001,10000,0,10000,0.9999999999999999,0,0.9999999999999999
10,275,0,3000000,135.35586282093587,0,3000000000,829001,832001,822001,10000,0,3000,0.3,0,0.3
10,278,1,4000000,108.08803541558152,9285060.369156916,6000000000,831432,832632,831001,1631,431,1200,0,0.12923987053289995,0.12923987053289995
10,280,1,10000000,118.06198414392338,6645782.47426765,4000000000,838506,839306,837001,2305,1505,800,0,0.4514141128777455,0.4514141128777455
10,276,0,6000000,121.62117455443357,0,9000000000,832001,841001,825001,16000,0,9000,0.8999999999999999,0,0.8999999999999999
10,281,1,2000000,124.11732232045614,5485285.524398521,10000000000,841354,843354,840001,3353,365,2000,0,0.10938354937609049,0.10938354937609049
10,277,0,5000000,112.12483221838059,0,8000000000,841001,849001,828001,21000,0,8000,0.7999999999999999,0,0.7999999999999999
10,279,0,10000000,110.17472169241007,0,3000000000,849001,852001,834001,18000,0,3000,0.3,0,0.3
10,285,1,3000000,72.08494225564732,38039632.80163083,2000000000,855240,855640,852001,3639,79,400,0,0.02365953437808725,0.02365953437808725
10,282,0,10000000,102.10174631219587,0,6000000000,852001,858001,843001,15000,0,6000,0.6,0,0.6
10,283,0,8000000,81.11740442099953,0,6000000000,858001,864001,846001,18000,0,6000,0.6,0,0.6
10,288,1,3000000,118.34358495499444,6585543.99805699,8000000000,867040,868640,861001,7639,456,1600,0,0.1366629697205785,0.1366629697205785
10,284,0,6000000,69.55095757787954,0,6000000000,864001,870001,849001,21000,0,6000,0.6,0,0.6
10,286,0,10000000,87.64540204711257,0,4000000000,870001,874001,855001,19000,0,4000,0.39999999999999997,0,0.39999999999999997
10,290,1,7000000,173.18078068885126,1488193.597982392,10000000000,872240,874240,867001,7239,4704,2000,0,1.4111067288873305,1.4111067288873305
10,291,1,2000000,190.64269432632346,1016718.9603663406,8000000000,874240,875840,870001,5839,1967,1600,0,0.5901335800640622,0.5901335800640622
10,287,0,6000000,106.92541185331012,0,2000000000,874001,876001,858001,18000,0,2000,0.19999999999999998,0,0.19999999999999998
10,289,0,7000000,144.13574886196696,0,4000000000,876001,880001,864001,16000,0,4000,0.39999999999999997,0,0.39999999999999997
10,292,1,3000000,203.6735517930593,781721.2662465855,3000000000,882240,882840,873001,9839,3838,600,0,1.1513055085751047,1.1513055085751047
10,294,0,6000000,241.41057246939292,0,7000000000,880001,887001,879001,8000,0,7000,0.7,0,0.7
10,295,1,3000000,221.3545161048222,561179.5720851722,5000000000,887347,888347,882001,6346,5346,1000,0,1.6037647212564679,1.6037647212564679
10,293,1,4000000,222.23676586019698,552355.0979124431,3000000000,887840,888440,876001,12439,7242,600,0,2.1725154787839376,2.1725154787839376
10,297,1,7000000,192.73640159554705,973546.8715659936,9000000000,895191,896991,888001,8990,7190,1800,0,2.1570610119901636,2.1570610119901636
10,298,0,5000000,183.76004598388633,0,9000000000,891001,900001,891001,9000,0,9000,0.8999999999999999,0,0.8999999999999999
10,296,1,10000000,206.67608763473342,737501.4797431111,8000000000,898560,900160,885001,15159,13559,1600,0,4.067788448431276,4.067788448431276
10,299,1,7000000,180.99469881739634,1249441.0610879648,2000000000,900160,900560,894001,6559,5603,400,0,1.6807515499541863,1.6807515499541863
10,300,0,5000000,181.79863860876404,0,8000000000,900001,908001,897001,11000,0,8000,0.7999999999999999,0,0.7999999999999999
10,301,1,10000000,184.80432489527948,1150349.4628311964,3000000000,908694,909294,900001,9293,8693,600,0,2.607903160676508,2.607903160676508
10,304,1,2000000,189.68706360740575,1037215.2430174844,4000000000,910929,911729,909001,2728,1928,800,0,0.5784720230821808,0.5784720230821808
10,302,1,9000000,185.51787002873874,1132890.7047488496,9000000000,911729,913529,903001,10528,7944,1800,0,2.3832837436851975,2.3832837436851975
10,303,1,9000000,184.28853301277323,1163178.436317156,3000000000,913738,914338,906001,8337,7737,600,0,2.3212259750522137,2.3212259750522137
10,306,0,3000000,213.65309546084282,0,7000000000,915001,922001,915001,7000,0,7000,0.7,0,0.7
10,305,1,9000000,199.66348314100904,846061.3481851075,6000000000,922639,923839,912001,11838,10638,1200,0,3.19125794576456,3.19125794576456
10,307,0,9000000,227.5196151983384,0,8000000000,922001,930001,918001,12000,0,8000,0.7999999999999999,0,0.7999999999999999
10,308,0,6000000,242.73602493243558,0,4000000000,930001,934001,921001,13000,0,4000,0.39999999999999997,0,0.39999999999999997
10,311,1,6000000,192.21943111974915,983991.1428532951,5000000000,936099,937099,930001,7098,6098,1000,0,1.8292847583775103,1.8292847583775103
10,309,0,7000000,223.00711132158995,0,4000000000,934001,938001,924001,14000,0,4000,0.39999999999999997,0,0.39999999999999997
10,310,1,8000000,205.92629409572743,748245.6641022189,5000000000,938699,939699,927001,12698,10692,1000,0,3.2075027162097025,3.2075027162097025
10,312,1,10000000,183.00799791265953,1195806.2728965213,3000000000,941364,941964,933001,8963,8363,600,0,2.5087675721363305,2.5087675721363305
10,313,1,9000000,178.69787155979225,1314334.020130028,7000000000,944096,945496,936001,9495,6848,1400,0,2.0542723224442496,2.0542723224442496
10,314,1,6000000,179.54184470479302,1290012.6556110838,6000000000,945896,947096,939001,8095,4651,1200,0,1.395335148202351,1.395335148202351
10,315,0,4000000,185.47004771660568,0,6000000000,942001,948001,942001,6000,0,6000,0.6,0,0.6
10,317,0,10000000,210.77610538199053,0,7000000000,948001,955001,948001,7000,0,7000,0.7,0,0.7
10,316,1,6000000,196.10431637268977,908779.7311613181,9000000000,955296,957096,945001,12095,6602,1800,0,1.9806779775994814,1.9806779775994814
10,318,0,8000000,228.60827369104558,0,3000000000,955001,958001,951001,7000,0,3000,0.3,0,0.3
10,319,0,8000000,241.79581675455017,0,2000000000,958001,960001,954001,6000,0,2000,0.19999999999999998,0,0.19999999999999998
10,320,0,10000000,222.8084136651935,0,4000000000,960001,964001,957001,7000,0,4000,0.39999999999999997,0,0.39999999999999997
10,321,0,7000000,206.41750918950646,0,10000000000,964001,974001,960001,14000,0,10000,0.9999999999999999,0,0.9999999999999999
10,323,0,3000000,184.28368186033188,0,5000000000,974001,979001,966001,13000,0,5000,0.49999999999999994,0,0.49999999999999994
10,326,0,3000000,186.92083885966275,0,4000000000,979001,983001,975001,8000,0,4000,0.39999999999999997,0,0.39999999999999997
10,329,0,9000000,229.35217679368125,0,2000000000,984001,986001,984001,2000,0,2000,0.19999999999999998,0,0.19999999999999998
10,322,1,3000000,193.26577581144568,962994.6400798188,2000000000,991290,991690,963001,28689,3115,400,0,0.9345846410166962,0.9345846410166962
10,330,0,2000000,230.76068404301458,0,6000000000,987001,993001,987001,6000,0,6000,0.6,0,0.6
10,331,0,9000000,215.88433986743925,0,6000000000,993001,999001,990001,9000,0,6000,0.6,0,0.6
11,1,1,4000000,154.96519996437908,2308036.558736449,9000000000,1734,3534,1,3533,1733,1800,0,0.5199224403347183,0.5199224403347183
11,2,0,8000000,150.64018720115823,0,3000000000,3001,6001,3001,3000,0,3000,0.3,0,0.3
11,3,1,10000000,141.85320370016316,3265296.4830214647,9000000000,9064,10864,6001,4863,3063,1800,0,0.9187527122266157,0.9187527122266157
11,4,1,8000000,137.2170579774979,3717696.6900012977,9000000000,11153,12953,9001,3952,2152,1800,0,0.645561001911418,0.645561001911418
11,5,1,2000000,153.47744101332944,2397346.9864646425,8000000000,12953,14553,12001,2552,834,1600,0,0.25027666140428734,0.25027666140428734
11,6,1,6000000,151.69015327304535,2510367.932462427,7000000000,22186,23586,15001,8585,2390,1400,0,0.7170263676187,0.7170263676187
11,7,1,2000000,123.61246903124301,5572052.184342355,10000000000,23586,25586,18001,7585,359,2000,0,0.10768025498505188,0.10768025498505188
11,9,0,3000000,70.35455138084525,0,4000000000,24001,28001,24001,4000,0,4000,0.39999999999999997,0,0.39999999999999997
11,8,1,2000000,95.54679534134047,14637691.885718714,4000000000,27986,28786,21001,7785,137,800,0,0.04099006897292263,0.04099006897292263
11,10,1,7000000,42.40860761685067,138242344.50467792,7000000000,35186,36586,27001,9585,51,1400,0,0.015190714592726971,0.015190714592726971
11,11,1,5000000,14.50882490072853,436417886.9396475,10000000000,38386,40386,30001,10385,11,2000,0,0.003437072688561539,0.003437072688561539
11,12,1,10000000,14.126376039168694,444108502.988251,2000000000,45186,45586,33001,12585,23,400,0,0.006755105970306914,0.006755105970306914
11,16,0,8000000,123.19761767177155,0,2000000000,45001,47001,45001,2000,0,2000,0.19999999999999998,0,0.19999999999999998
11,13,1,2000000,42.02810726168858,140466090.20483133,7000000000,48786,50186,36001,14185,14,1400,0,0.004271493562076543,0.004271493562076543
11,14,1,5000000,70.07086769835234,41503441.793691695,2000000000,54986,55386,39001,16385,120,400,0,0.03614158091891049,0.03614158091891049
11,17,0,4000000,126.5706810442292,0,10000000000,48001,58001,48001,10000,0,10000,0.9999999999999999,0,0.9999999999999999
11,15,1,2000000,98.13495299840926,13281758.066900246,7000000000,59586,60986,42001,18985,151,1400,0,0.04517474245335584,0.04517474245335584
11,18,0,2000000,134.55644057420665,0,4000000000,58001,62001,51001,11000,0,4000,0.39999999999999997,0,0.39999999999999997
11,19,0,5000000,147.5809920010026,0,9000000000,62001,71001,54001,17000,0,9000,0.8999999999999999,0,0.8999999999999999
11,20,0,10000000,125.09249058196899,0,10000000000,71001,81001,57001,24000,0,10000,0.9999999999999999,0,0.9999999999999999
11,22,0,6000000,138.9897078923472,0,9000000000,81001,90001,63001,27000,0,9000,0.8999999999999999,0,0.8999999999999999
11,21,1,9000000,129.14247055093844,4705727.736685537,9000000000,89186,90986,60001,30985,1913,1800,0,0.5737688517231844,0.5737688517231844
11,24,0,6000000,150.49532384761991,0,9000000000,90001,99001,69001,30000,0,9000,0.8999999999999999,0,0.8999999999999999
11,23,1,2000000,151.5758668126295,2517816.894685434,5000000000,98386,99386,66001,33385,794,1000,0,0.23830168161412768,0.23830168161412768
11,25,0,6000000,138.545713033641,0,4000000000,99001,103001,72001,31000,0,4000,0.39999999999999997,0,0.39999999999999997
11,26,1,4000000,130.3708326275475,4536250.458132335,7000000000,103986,105386,75001,30385,882,1400,0,0.26453565804522705,0.26453565804522705
11,29,0,9000000,166.85246237319967,0,6000000000,103001,109001,84001,25000,0,6000,0.6,0,0.6
11,27,1,2000000,127.69170568208415,4916005.610030729,2000000000,111186,111586,78001,33585,407,400,0,0.12205030823718882,0.12205030823718882
11,32,0,3000000,173.16578097303173,0,7000000000,109001,116001,93001,23000,0,7000,0.7,0,0.7
11,28,1,8000000,146.00854255830376,2916247.6143781003,9000000000,114586,116386,81001,35385,2743,1800,0,0.8229753839033344,0.8229753839033344
11,33,0,10000000,163.74023940375804,0,4000000000,116001,120001,96001,24000,0,4000,0.39999999999999997,0,0.39999999999999997
11,30,1,6000000,169.33958928732525,1626323.314131859,10000000000,118586,120586,87001,33585,3689,2000,0,1.1067909955904744,1.1067909955904744
11,31,1,3000000,173.1944860554169,1487727.4179550325,2000000000,120586,120986,90001,30985,2016,400,0,0.6049495284808974,0.6049495284808974
11,35,0,6000000,165.28507252622663,0,2000000000,120001,122001,102001,20000,0,2000,0.19999999999999998,0,0.19999999999999998
11,34,1,2000000,160.9459514868268,1988049.6124705633,2000000000,121786,122186,99001,23185,1006,400,0,0.3018033333958783,0.3018033333958783
11,37,0,10000000,193.03771341372652,0,6000000000,122001,128001,108001,20000,0,6000,0.6,0,0.6
11,36,1,10000000,178.06387196733647,1332980.2494753932,5000000000,127786,128786,105001,23785,7502,1000,0,2.2505959868352723,2.2505959868352723
11,38,0,8000000,207.33818992168324,0,3000000000,128001,131001,111001,20000,0,3000,0.3,0,0.3
11,40,0,7000000,185.85145170269723,0,5000000000,131001,136001,117001,19000,0,5000,0.49999999999999994,0,0.49999999999999994
11,41,0,5000000,163.58828931191863,0,4000000000,136001,140001,120001,20000,0,4000,0.39999999999999997,0,0.39999999999999997
11,42,0,8000000,140.08321562557023,0,9000000000,140001,149001,123001,26000,0,9000,0.8999999999999999,0,0.8999999999999999
11,43,0,4000000,118.23262028729631,0,3000000000,149001,152001,126001,26000,0,3000,0.3,0,0.3
11,39,1,2000000,211.01167029337503,679007.0697817538,3000000000,154504,155104,114001,41103,2945,600,0,0.8836432295069502,0.8836432295069502
11,48,0,6000000,88.42647680417898,0,6000000000,152001,158001,141001,17000,0,6000,0.6,0,0.6
11,49,0,5000000,103.49035365675391,0,4000000000,158001,162001,144001,18000,0,4000,0.39999999999999997,0,0.39999999999999997
11,44,1,7000000,99.12981085425314,12800466.40258972,4000000000,164904,165704,129001,36703,547,800,0,0.16405652215728167,0.16405652215728167
11,45,1,3000000,85.70393281524483,21516125.158819973,4000000000,167904,168704,132001,36703,139,800,0,0.041829092987547924,0.041829092987547924
11,46,1,4000000,77.69905340478735,29939425.947600197,4000000000,168704,169504,135001,34503,134,800,0,0.04008092880939777,0.04008092880939777
11,51,0,10000000,145.6520737923082,0,8000000000,162001,170001,150001,20000,0,8000,0.7999999999999999,0,0.7999999999999999
11,56,1,5000000,196.13648564201407,908187.4014205979,6000000000,170506,171706,165001,6705,5505,1200,0,1.651641497838091,1.651641497838091
11,55,0,3000000,219.3666200678672,0,2000000000,170001,172001,162001,10000,0,2000,0.19999999999999998,0,0.19999999999999998
11,47,1,8000000,78.86509050270594,28507977.468013406,5000000000,173504,174504,138001,36503,281,1000,0,0.08418696144589191,0.08418696144589191
11,57,0,6000000,182.5658645530429,0,9000000000,172001,181001,168001,13000,0,9000,0.8999999999999999,0,0.8999999999999999
11,58,0,3000000,176.04199754604014,0,3000000000,181001,184001,171001,13000,0,3000,0.3,0,0.3
11,50,1,7000000,123.41646000432844,5606190.672088479,8000000000,182504,184104,147001,37103,1249,1600,0,0.37458590383935075,0.37458590383935075
11,59,0,9000000,176.01909953184057,0,6000000000,184001,190001,174001,16000,0,6000,0.6,0,0.6
11,52,1,7000000,169.32470611225048,1626888.7862208325,3000000000,190704,191304,153001,38303,4303,600,0,1.290807348225798,1.290807348225798
11,53,1,3000000,176.640905794779,1376042.3429589784,10000000000,191304,193304,156001,37303,2180,2000,0,0.6540496406997777,0.6540496406997777
11,63,1,7000000,175.21685107317737,1420882.0530028008,3000000000,192773,193373,186001,7372,4927,600,0,1.4779551867531826,1.4779551867531826
11,60,0,3000000,182.50916607118663,0,5000000000,190001,195001,177001,18000,0,5000,0.49999999999999994,0,0.49999999999999994
11,61,0,4000000,184.27749971171195,0,6000000000,195001,201001,180001,21000,0,6000,0.6,0,0.6
11,65,1,7000000,188.94911748933893,1053395.4757232093,2000000000,201098,201498,192001,9497,6645,400,0,1.9935532745270657,1.9935532745270657
11,62,0,9000000,178.46473489179868,0,2000000000,201001,203001,183001,20000,0,2000,0.19999999999999998,0,0.19999999999999998
11,54,1,10000000,198.40935965825798,867527.1180843103,6000000000,203704,204904,159001,45903,11527,1200,0,3.458105155980203,3.458105155980203
11,64,0,6000000,179.10696943446956,0,2000000000,203001,205001,189001,16000,0,2000,0.19999999999999998,0,0.19999999999999998
11,66,0,5000000,205.86856000856463,0,9000000000,205001,214001,195001,19000,0,9000,0.8999999999999999,0,0.8999999999999999
11,71,1,4000000,174.62502140300518,1440050.5262305513,4000000000,213229,214029,210001,4028,2778,800,0,0.8333040946424963,0.8333040946424963
11,70,1,6000000,194.02318753179992,948143.2396650875,6000000000,214029,215229,207001,8228,6328,1200,0,1.8984473281018317,1.8984473281018317
11,67,0,8000000,227.44916706816048,0,3000000000,214001,217001,198001,19000,0,3000,0.3,0,0.3
11,72,1,4000000,160.1436695595551,2027629.687058343,4000000000,216829,217629,213001,4628,1973,800,0,0.5918240434430329,0.5918240434430329
11,73,1,3000000,147.24383111016908,2821475.023246601,8000000000,217629,219229,216001,3228,1063,1600,0,0.31898209007159395,0.31898209007159395
11,68,0,9000000,233.33438687857384,0,3000000000,217001,220001,201001,19000,0,3000,0.3,0,0.3
11,69,1,10000000,215.3024328706018,626703.5211035664,5000000000,220629,221629,204001,17628,15957,1000,0,4.786952520575088,4.786952520575088
11,74,0,8000000,139.3677903964901,0,6000000000,220001,226001,219001,7000,0,6000,0.6,0,0.6
11,75,1,5000000,151.80049077654522,2503202.2041341593,10000000000,224429,226429,222001,4428,1997,2000,0,0.5992324541432081,0.5992324541432081
11,76,0,9000000,144.38940854508684,0,7000000000,226001,233001,225001,8000,0,7000,0.7,0,0.7
11,78,1,2000000,135.29968551330788,3927199.6817091135,9000000000,232122,233922,231001,2921,509,1800,0,0.15278061943081045,0.15278061943081045
11,77,0,3000000,138.17631092195217,0,4000000000,233001,237001,228001,9000,0,4000,0.39999999999999997,0,0.39999999999999997
11,79,0,10000000,141.67065080672148,0,10000000000,237001,247001,234001,13000,0,10000,0.9999999999999999,0,0.9999999999999999
11,80,0,7000000,152.73228375166792,0,3000000000,247001,250001,237001,13000,0,3000,0.3,0,0.3
11,81,0,7000000,169.02545725422547,0,2000000000,250001,252001,240001,12000,0,2000,0.19999999999999998,0,0.19999999999999998
11,82,0,2000000,189.75917632620562,0,7000000000,252001,259001,243001,16000,0,7000,0.7,0,0.7
11,86,1,4000000,209.22668209384767,702362.8052038039,3000000000,262764,263364,255001,8363,5695,600,0,1.708518718686701,1.708518718686701
11,88,1,6000000,180.87260931384833,1252788.8275051145,3000000000,266044,266644,261001,5643,4789,600,0,1.4367944225561442,1.4367944225561442
11,83,0,4000000,212.40520144290255,0,10000000000,259001,269001,246001,23000,0,10000,0.9999999999999999,0,0.9999999999999999
11,87,1,9000000,191.34060938546213,1002067.9847517724,9000000000,268444,270244,258001,12243,8981,1800,0,2.694427964055584,2.694427964055584
11,89,1,10000000,178.65282337539472,1315648.1640233418,8000000000,274444,276044,264001,12043,7601,1600,0,2.2802448876801495,2.2802448876801495
11,84,0,2000000,232.84234752295384,0,8000000000,269001,277001,249001,28000,0,8000,0.7999999999999999,0,0.7999999999999999
11,90,1,8000000,184.9232256910959,1147417.120052442,6000000000,277444,278644,267001,11643,6972,1200,0,2.0916543409168495,2.0916543409168495
11,85,0,9000000,232.42961988524607,0,3000000000,277001,280001,252001,28000,0,3000,0.3,0,0.3
11,91,0,9000000,198.98735864370877,0,3000000000,280001,283001,270001,13000,0,3000,0.3,0,0.3
11,92,0,8000000,219.38470616704348,0,2000000000,283001,285001,273001,12000,0,2000,0.19999999999999998,0,0.19999999999999998
11,94,1,3000000,221.54387488712032,559270.8256912194,9000000000,284365,286165,279001,7164,5364,1800,0,1.609238241397025,1.609238241397025
11,95,1,4000000,201.2909188214908,819182.690446143,5000000000,287165,288165,282001,6164,4883,1000,0,1.464874702548288,1.464874702548288
11,96,1,7000000,186.97389122548637,1098276.3039934547,8000000000,291375,292975,285001,7974,6374,1600,0,1.9120871427018562,1.9120871427018562
11,93,1,4000000,244.4182423633719,377983.64391505334,10000000000,292244,294244,276001,18243,10582,2000,0,3.1747405458361144,3.1747405458361144
11,97,0,3000000,180.20412897600326,0,7000000000,288001,295001,288001,7000,0,7000,0.7,0,0.7
11,98,1,7000000,181.79047857354902,1227890.7306064724,6000000000,296702,297902,291001,6901,5701,1200,0,1.7102499006265652,1.7102499006265652
11,100,1,2000000,208.43114570524241,713094.2855584028,8000000000,299806,301406,297001,4405,2805,1600,0,0.8414034611568342,0.8414034611568342
11,99,1,9000000,191.61658096313062,996347.2172386881,9000000000,303034,304834,294001,10833,9033,1800,0,2.709898671150882,2.709898671150882
11,101,0,9000000,227.71174783045336,0,7000000000,300001,307001,300001,7000,0,7000,0.7,0,0.7
11,102,1,3000000,250.84442389656584,340801.65150236024,10000000000,311804,313804,303001,10803,8803,2000,0,2.6408322730612324,2.6408322730612324
11,104,0,4000000,202.86075643159765,0,6000000000,309001,315001,309001,6000,0,6000,0.6,0,0.6
11,105,0,10000000,190.77557836368888,0,3000000000,315001,318001,312001,6000,0,3000,0.3,0,0.3
11,103,1,7000000,226.1277853338682,515439.3220606869,3000000000,319582,320182,306001,14181,13581,600,0,4.074194401009921,4.074194401009921
11,106,1,7000000,173.19643645294786,1487661.0910703111,8000000000,320182,321782,315001,6781,4705,1600,0,1.4116118332362488,1.4116118332362488
11,107,0,6000000,157.02517791742827,0,4000000000,318001,322001,318001,4000,0,4000,0.39999999999999997,0,0.39999999999999997
11,108,0,4000000,143.99040002722404,0,5000000000,322001,327001,321001,6000,0,5000,0.49999999999999994,0,0.49999999999999994
11,109,0,7000000,144.49195479333792,0,6000000000,327001,333001,324001,9000,0,6000,0.6,0,0.6
11,110,0,4000000,141.11683953377073,0,9000000000,333001,342001,327001,15000,0,9000,0.8999999999999999,0,0.8999999999999999
11,111,0,3000000,144.18158308189015,0,7000000000,342001,349001,330001,19000,0,7000,0.7,0,0.7
11,112,0,4000000,150.01446463591432,0,3000000000,349001,352001,333001,19000,0,3000,0.3,0,0.3
11,113,0,8000000,156.9714687451194,0,4000000000,352001,356001,336001,20000,0,4000,0.39999999999999997,0,0.39999999999999997
11,116,1,8000000,208.225710228108,715898.6690288802,2000000000,356176,356576,345001,11575,11175,400,0,3.352429755534552,3.352429755534552
11,118,1,4000000,208.76765386428997,708530.1553087642,3000000000,356646,357246,351001,6245,5645,600,0,1.6936470395915082,1.6936470395915082
11,114,0,10000000,172.30506492845763,0,3000000000,356001,359001,339001,20000,0,3000,0.3,0,0.3
11,115,0,6000000,192.01234986323146,0,2000000000,359001,361001,342001,19000,0,2000,0.19999999999999998,0,0.19999999999999998
11,117,0,5000000,217.2950160496094,0,6000000000,361001,367001,348001,19000,0,6000,0.6,0,0.6
11,122,1,7000000,161.76638216885482,1948559.941713169,10000000000,366593,368593,363001,5592,3592,2000,0,1.077718963140382,1.077718963140382
11,123,1,3000000,155.55982836195207,2273495.58687386,7000000000,368593,369993,366001,3992,1320,1400,0,0.3958661741840164,0.3958661741840164
11,119,0,5000000,199.06895413398846,0,3000000000,367001,370001,354001,16000,0,3000,0.3,0,0.3
11,124,1,2000000,144.6426621021613,3025660.589452825,9000000000,369993,371793,369001,2792,661,1800,0,0.1983038025122662,0.1983038025122662
11,120,0,10000000,184.16785197205292,0,6000000000,370001,376001,357001,19000,0,6000,0.6,0,0.6
11,126,1,7000000,95.01773518664818,14934615.956944205,8000000000,375470,377070,375001,2069,469,1600,0,0.14061292275972823,0.14061292275972823
11,121,0,7000000,171.4816926088613,0,3000000000,376001,379001,360001,19000,0,3000,0.3,0,0.3
11,128,1,8000000,53.195813745068335,87024477.47329202,6000000000,381093,382293,381001,1292,92,1200,0,0.027578447692909902,0.027578447692909902
11,125,0,5000000,119.99505073126973,0,4000000000,379001,383001,372001,11000,0,4000,0.39999999999999997,0,0.39999999999999997
11,129,1,2000000,33.137840907337356,202433914.95221964,6000000000,384011,385211,384001,1210,10,1200,0,0.0029639302294855964,0.0029639302294855964
11,127,0,9000000,70.14925373801204,0,7000000000,383001,390001,378001,12000,0,7000,0.7,0,0.7
11,131,1,8000000,25.0009799807928,280724412.7598825,8000000000,390029,391629,390001,1628,28,1600,0,0.008549309895797481,0.008549309895797481
11,133,1,3000000,62.24029884247026,58478219.542474516,6000000000,396052,397252,396001,1251,51,1200,0,0.015390345448980412,0.015390345448980412
11,130,0,3000000,15.091030448581046,0,10000000000,390001,400001,387001,13000,0,10000,0.9999999999999999,0,0.9999999999999999
11,135,1,10000000,111.94136054202664,8136896.030642419,2000000000,403230,403630,402001,1629,1229,400,0,0.3686909588991204,0.3686909588991204
11,136,1,9000000,135.61243342702767,3892053.9466047133,6000000000,407313,408513,405001,3512,2312,1200,0,0.693721114106186,0.693721114106186
11,132,0,9000000,45.85005343508338,0,9000000000,400001,409001,393001,16000,0,9000,0.8999999999999999,0,0.8999999999999999
11,137,1,4000000,160.7037662906504,1999895.9423692655,7000000000,410001,411401,408001,3400,2000,1400,0,0.6000312189135034,0.6000312189135034
11,134,0,10000000,87.0033125806138,0,4000000000,409001,413001,399001,14000,0,4000,0.39999999999999997,0,0.39999999999999997
11,139,1,2000000,206.00900223048507,747050.9670852477,7000000000,417187,418587,414001,4586,2677,1400,0,0.8031580527109238,0.8031580527109238
11,138,1,9000000,185.83874300048413,1125147.203719604,6000000000,419000,420200,411001,9199,7999,1200,0,2.3996860064835235,2.3996860064835235
11,140,0,9000000,184.62842738863378,0,8000000000,417001,425001,417001,8000,0,8000,0.7999999999999999,0,0.7999999999999999
11,141,1,10000000,176.64087862100325,1376043.1816749957,7000000000,428515,429915,420001,9914,7267,1400,0,2.180164140160365,2.180164140160365
11,142,1,7000000,180.18770712787264,1271777.4585331306,6000000000,429915,431115,423001,8114,5504,1200,0,1.6512322858923307,1.6512322858923307
11,143,1,6000000,188.98661645735663,1052565.7285821063,7000000000,431915,433315,426001,7314,5700,1400,0,1.710106980610845,1.710106980610845
11,144,1,6000000,202.3674346331445,801986.1250705145,5000000000,436482,437482,429001,8481,7481,1000,0,2.244427856955425,2.244427856955425
11,145,0,7000000,219.33248277444,0,8000000000,432001,440001,432001,8000,0,8000,0.7999999999999999,0,0.7999999999999999
11,147,0,6000000,225.79300432032872,0,2000000000,440001,442001,438001,4000,0,2000,0.19999999999999998,0,0.19999999999999998
11,148,0,6000000,207.2476820135753,0,7000000000,442001,449001,441001,8000,0,7000,0.7,0,0.7
11,149,1,2000000,192.12689999060515,985875.2265229819,6000000000,449669,450869,444001,6868,2029,1200,0,0.6085962846597741,0.6085962846597741
11,146,1,7000000,239.08340155686255,412766.9970974824,8000000000,453245,454845,435001,19844,16959,1600,0,5.0876160515905955,5.0876160515905955
11,150,1,4000000,181.4344854210467,1237473.688538211,5000000000,455469,456469,447001,9468,3232,1000,0,0.9697175876260631,0.9697175876260631
11,151,1,8000000,175.89932489921614,1399169.7147529463,8000000000,461869,463469,450001,13468,5718,1600,0,1.7153029934068948,1.7153029934068948
11,153,0,2000000,181.52743291304492,0,9000000000,456001,465001,456001,9000,0,9000,0.8999999999999999,0,0.8999999999999999
11,152,1,9000000,175.92794547768693,1398268.2150562017,8000000000,467269,468869,453001,15868,6437,1600,0,1.93096000533165,1.93096000533165
11,157,0,10000000,237.5010808396459,0,3000000000,468001,471001,468001,3000,0,3000,0.3,0,0.3
11,154,1,10000000,192.36710425641903,980993.5542062208,8000000000,472469,474069,459001,15068,10194,1600,0,3.0581240693548444,3.0581240693548444
11,155,1,6000000,207.749541756414,722451.846545458,10000000000,474069,476069,462001,14068,8305,2000,0,2.4915155364430794,2.4915155364430794
11,158,1,4000000,220.56590897053877,569216.6873416991,7000000000,478028,479428,471001,8427,7027,1400,0,2.108160260733262,2.108160260733262
11,159,1,6000000,202.7040544735107,796701.3551704534,9000000000,482096,483896,474001,9895,7531,1800,0,2.2593158506864746,2.2593158506864746
11,161,1,3000000,169.08039507879087,1636206.1402476868,2000000000,483896,484296,480001,4295,1834,400,0,0.550052941290001,0.550052941290001
11,156,1,10000000,226.50581118373094,512019.1188581202,5000000000,484532,485532,465001,20531,19531,1000,0,5.859156210202565,5.859156210202565
11,160,1,6000000,184.93685003265307,1147081.7093549892,8000000000,484296,485896,477001,8895,5231,1600,0,1.5691994609626811,1.5691994609626811
11,162,1,8000000,156.31730966211,2230416.679856524,10000000000,487096,489096,483001,6095,3587,2000,0,1.0760321251517833,1.0760321251517833
11,163,1,10000000,145.94261372196948,2921415.4321493995,10000000000,489424,491424,486001,5423,3423,2000,0,1.0268994840602943,1.0268994840602943
11,164,1,2000000,139.41296711568833,3494391.054666128,6000000000,491424,492624,489001,3623,572,1200,0,0.17170373624864005,0.17170373624864005
11,165,1,6000000,152.14376424947557,2481069.985718782,4000000000,494419,495219,492001,3218,2418,800,0,0.7254934404756537,0.7254934404756537
11,166,1,4000000,145.1321718296808,2985875.215118921,2000000000,496341,496741,495001,1740,1340,400,0,0.40189221368790745,0.40189221368790745
11,167,1,9000000,139.08724240562105,3526449.8345562215,4000000000,500553,501353,498001,3352,2552,800,0,0.7656425375861828,0.7656425375861828
11,168,1,5000000,134.66708023863882,3999491.1862725816,9000000000,502251,504051,501001,3050,1250,1800,0,0.3750477073554848,0.3750477073554848
11,169,1,3000000,137.36365931351716,3702250.979621561,6000000000,506190,507390,504001,3389,810,1200,0,0.24309535062693044,0.24309535062693044
11,171,1,6000000,155.21675328391584,2293345.5000813296,8000000000,512617,514217,510001,4216,2616,1600,0,0.7848795569338183,0.7848795569338183
11,170,0,10000000,144.76538605619788,0,9000000000,507001,516001,507001,9000,0,9000,0.8999999999999999,0,0.8999999999999999
11,172,0,7000000,169.04979739709833,0,2000000000,516001,518001,513001,5000,0,2000,0.19999999999999998,0,0.19999999999999998
11,173,1,3000000,185.14349488977462,1142009.3488599458,7000000000,519445,520845,516001,4844,2627,1400,0,0.7880846167314297,0.7880846167314297
11,174,1,6000000,202.9833640966668,792349.2287957438,7000000000,526573,527973,519001,8972,7572,1400,0,2.271725565677321,2.271725565677321
11,175,0,2000000,221.17929604734704,0,9000000000,522001,531001,522001,9000,0,9000,0.8999999999999999,0,0.8999999999999999
11,177,1,4000000,230.2563417150546,479573.25445967005,3000000000,536342,536942,528001,8941,8341,600,0,2.50222461081994,2.50222461081994
11,176,1,6000000,239.01099577216112,413265.96685136034,6000000000,539519,540719,525001,15718,14518,1200,0,4.3555485919008845,4.3555485919008845
11,180,0,5000000,199.0843853746446,0,6000000000,537001,543001,537001,6000,0,6000,0.6,0,0.6
11,178,1,6000000,211.87798965442354,668020.7400760782,9000000000,542299,544099,531001,13098,8982,1800,0,2.6945271187164117,2.6945271187164117
11,179,1,6000000,196.65448482045863,898715.3982510491,4000000000,544499,545299,534001,11298,6676,800,0,2.002858750949301,2.002858750949301
11,181,0,8000000,216.09767606339497,0,8000000000,543001,551001,540001,11000,0,8000,0.7999999999999999,0,0.7999999999999999
11,182,0,8000000,192.8279847428791,0,2000000000,551001,553001,543001,10000,0,2000,0.19999999999999998,0,0.19999999999999998
11,183,0,3000000,171.01798881988992,0,9000000000,553001,562001,546001,16000,0,9000,0.8999999999999999,0,0.8999999999999999
11,184,0,9000000,148.72274641089703,0,3000000000,562001,565001,549001,16000,0,3000,0.3,0,0.3
11,186,0,3000000,107.28218118588009,0,10000000000,565001,575001,555001,20000,0,10000,0.9999999999999999,0,0.9999999999999999
11,187,0,9000000,91.13675219141838,0,9000000000,575001,584001,558001,26000,0,9000,0.8999999999999999,0,0.8999999999999999
11,193,0,6000000,91.07118808931834,0,8000000000,584001,592001,576001,16000,0,8000,0.7999999999999999,0,0.7999999999999999
11,194,0,3000000,108.67733940431187,0,5000000000,592001,597001,579001,18000,0,5000,0.49999999999999994,0,0.49999999999999994
11,185,1,3000000,127.32213672413765,4971400.91858733,4000000000,598194,598994,552001,46993,603,800,0,0.18103548974194247,0.18103548974194247
11,188,1,6000000,79.72111953554091,27505767.35156149,3000000000,602394,602994,561001,41993,218,600,0,0.06544082108284882,0.06544082108284882
11,189,1,4000000,70.47115225395426,40788970.709611334,7000000000,603394,604794,564001,40793,98,1400,0,0.029419717612958477,0.029419717612958477
11,195,0,6000000,128.80635426872388,0,9000000000,597001,606001,582001,24000,0,9000,0.8999999999999999,0,0.8999999999999999
11,190,1,6000000,68.78449316524767,43891322.6078715,4000000000,605794,606594,567001,39593,137,800,0,0.04101038412720757,0.04101038412720757
11,191,1,6000000,75.62384015639515,32688746.843590505,8000000000,607194,608794,570001,38793,184,1600,0,0.055064821194053745,0.055064821194053745
11,192,1,3000000,84.74827018883626,22364561.03094557,2000000000,608794,609194,573001,36193,134,400,0,0.04024223854672046,0.04024223854672046
11,196,0,3000000,142.63096332844424,0,6000000000,606001,612001,585001,27000,0,6000,0.6,0,0.6
11,198,0,2000000,140.20791703751965,0,2000000000,612001,614001,591001,23000,0,2000,0.19999999999999998,0,0.19999999999999998
11,197,1,4000000,139.22500960675129,3512846.351145635,2000000000,617394,617794,588001,29793,1139,400,0,0.34160332677478117,0.34160332677478117
11,206,1,7000000,147.0673862554169,2834776.641318005,10000000000,617470,619470,615001,4469,2469,2000,0,0.7407991054362657,0.7407991054362657
11,199,0,8000000,148.02222974945354,0,6000000000,614001,620001,594001,26000,0,6000,0.6,0,0.6
11,200,0,2000000,140.86121183633196,0,3000000000,620001,623001,597001,26000,0,3000,0.3,0,0.3
11,201,0,10000000,138.84574066207432,0,4000000000,623001,627001,600001,27000,0,4000,0.39999999999999997,0,0.39999999999999997
11,203,1,5000000,151.10406116316,2548859.1931381854,6000000000,626994,628194,606001,22193,1962,1200,0,0.5884985738083014,0.5884985738083014
11,209,1,3000000,191.328952853456,1002310.5182713541,8000000000,626994,628594,624001,4593,2993,1600,0,0.8979253271253652,0.8979253271253652
11,202,0,5000000,141.41056431540036,0,8000000000,627001,635001,603001,32000,0,8000,0.7999999999999999,0,0.7999999999999999
11,204,0,3000000,167.39862842926757,0,2000000000,635001,637001,609001,28000,0,2000,0.19999999999999998,0,0.19999999999999998
11,205,0,2000000,153.63632936255675,0,2000000000,637001,639001,612001,27000,0,2000,0.19999999999999998,0,0.19999999999999998
11,207,0,5000000,159.29945699844677,0,4000000000,639001,643001,618001,25000,0,4000,0.39999999999999997,0,0.39999999999999997
11,208,0,8000000,174.62896094290895,0,2000000000,643001,645001,621001,24000,0,2000,0.19999999999999998,0,0.19999999999999998
11,214,1,4000000,211.47318813504467,673126.4811531357,3000000000,646699,647299,639001,8298,5942,600,0,1.782725882280363,1.782725882280363
11,210,0,7000000,210.25730546166525,0,5000000000,645001,650001,627001,23000,0,5000,0.49999999999999994,0,0.49999999999999994
11,216,1,6000000,185.4399665660022,1134780.71222077,8000000000,651612,653212,645001,8211,5287,1600,0,1.5862095474617235,1.5862095474617235
11,218,1,3000000,179.88042806264392,1280412.8898293998,6000000000,654812,656012,651001,5011,2343,1200,0,0.7028982659803703,0.7028982659803703
11,212,1,8000000,244.96947769058906,374601.7129611391,5000000000,656012,657012,633001,24011,21356,1000,0,6.406804659350221,6.406804659350221
11,211,0,9000000,230.70685512138556,0,9000000000,650001,659001,630001,29000,0,9000,0.8999999999999999,0,0.8999999999999999
11,220,1,6000000,177.65012412041824,1345326.275715732,7000000000,661867,663267,657001,6266,4460,1400,0,1.3379653935937401,1.3379653935937401
11,213,0,10000000,225.92688396912837,0,8000000000,659001,667001,636001,31000,0,8000,0.7999999999999999,0,0.7999999999999999
11,221,1,7000000,182.1949395565091,1217114.7953929114,10000000000,665898,667898,660001,7897,5751,2000,0,1.7253918923252214,1.7253918923252214
11,215,0,8000000,196.27668735741392,0,3000000000,667001,670001,642001,28000,0,3000,0.3,0,0.3
11,217,0,8000000,179.83363256076436,0,3000000000,670001,673001,648001,25000,0,3000,0.3,0,0.3
11,224,1,3000000,173.5244559132804,1476558.2508533215,5000000000,672709,673709,669001,4708,2032,1000,0,0.6095255635731802,0.6095255635731802
11,225,1,4000000,173.6780101221798,1471396.11176465,8000000000,674720,676320,672001,4319,2719,1600,0,0.8155519716311036,0.8155519716311036
11,219,0,10000000,185.5539783998177,0,5000000000,673001,678001,654001,24000,0,5000,0.49999999999999994,0,0.49999999999999994
11,222,0,8000000,184.54139183391888,0,6000000000,678001,684001,663001,21000,0,6000,0.6,0,0.6
11,229,1,4000000,230.86651576181416,474539.8955453865,3000000000,692430,693030,684001,9029,8429,600,0,2.528765255070589,2.528765255070589
11,223,0,3000000,178.81055701495927,0,10000000000,684001,694001,666001,28000,0,10000,0.9999999999999999,0,0.9999999999999999
11,226,0,2000000,180.56640662094372,0,4000000000,694001,698001,675001,23000,0,4000,0.39999999999999997,0,0.39999999999999997
11,227,0,6000000,193.53104815506995,0,2000000000,698001,700001,678001,22000,0,2000,0.19999999999999998,0,0.19999999999999998
11,231,1,5000000,224.50377324223305,530460.9415714932,7000000000,699801,701201,690001,11200,9426,1400,0,2.827729399937048,2.827729399937048
11,228,0,5000000,211.27228805501207,0,5000000000,700001,705001,681001,24000,0,5000,0.49999999999999994,0,0.49999999999999994
11,233,1,10000000,185.54510098625622,1132230.9812921183,9000000000,704833,706633,696001,10632,8832,1800,0,2.6496360279563778,2.6496360279563778
11,230,0,8000000,246.87485615185682,0,5000000000,705001,710001,687001,23000,0,5000,0.49999999999999994,0,0.49999999999999994
11,232,0,9000000,205.03398791419926,0,8000000000,710001,718001,693001,25000,0,8000,0.7999999999999999,0,0.7999999999999999
11,239,1,10000000,146.51143470732922,2877197.762590725,10000000000,717477,719477,714001,5476,3476,2000,0,1.042681194530994,1.042681194530994
11,234,0,4000000,168.05536290163423,0,3000000000,718001,721001,699001,22000,0,3000,0.3,0,0.3
11,240,1,7000000,122.15304662594377,5832473.999270509,3000000000,720477,721077,717001,4076,1200,600,0,0.36005304100158103,0.36005304100158103
11,235,0,7000000,153.8199028084467,0,2000000000,721001,723001,702001,21000,0,2000,0.19999999999999998,0,0.19999999999999998
11,241,1,9000000,103.81762567117391,10793555.635105768,7000000000,723477,724877,720001,4876,834,1400,0,0.25014926417929584,0.25014926417929584
11,236,0,5000000,151.33180928013778,0,6000000000,723001,729001,705001,24000,0,6000,0.6,0,0.6
11,243,1,4000000,98.11504726595207,13291604.792750217,10000000000,728477,730477,726001,4476,301,2000,0,0.09028255193492729,0.09028255193492729
11,238,1,10000000,167.64324501750735,1692376.7808299027,9000000000,733116,734916,711001,23915,5909,1800,0,1.7726549040272632,1.7726549040272632
11,237,0,8000000,172.76562302726782,0,7000000000,729001,736001,708001,28000,0,7000,0.7,0,0.7
11,242,0,6000000,95.01578184701745,0,7000000000,736001,743001,723001,20000,0,7000,0.7,0,0.7
11,247,1,7000000,165.49366181216735,1780935.4278203342,6000000000,742218,743418,738001,5417,3931,1200,0,1.1791556095720803,1.1791556095720803
11,248,1,7000000,158.9421076996276,2088752.5825935036,8000000000,745766,747366,741001,6365,3351,1600,0,1.005384753321301,1.005384753321301
11,244,0,7000000,112.24437001471382,0,7000000000,743001,750001,729001,21000,0,7000,0.7,0,0.7
11,249,1,8000000,170.7367716691398,1574308.3331269254,10000000000,749083,751083,744001,7082,5082,2000,0,1.5244790042069256,1.5244790042069256
11,250,1,5000000,186.29176256614252,1114326.4351205465,9000000000,752683,754483,747001,7482,4487,1800,0,1.3461046536491184,1.3461046536491184
11,245,0,6000000,130.79721709577768,0,5000000000,750001,755001,732001,23000,0,5000,0.49999999999999994,0,0.49999999999999994
11,251,1,6000000,203.829005296106,779352.0449726735,10000000000,758408,760408,750001,10407,7699,2000,0,2.309610928220652,2.309610928220652
11,246,0,9000000,148.50185520726663,0,9000000000,755001,764001,735001,29000,0,9000,0.8999999999999999,0,0.8999999999999999
11,252,0,8000000,225.17179952205387,0,4000000000,764001,768001,753001,15000,0,4000,0.39999999999999997,0,0.39999999999999997
11,257,1,2000000,171.12160003927036,1560345.9912114323,4000000000,769283,770083,768001,2082,1282,800,0,0.384530099977485,0.384530099977485
11,256,1,5000000,188.9450639736323,1053485.2174201512,7000000000,770083,771483,765001,6482,4746,1400,0,1.423845323310094,1.423845323310094
11,258,1,2000000,157.4637586875151,2167121.8974475297,2000000000,771924,772324,771001,1323,923,400,0,0.27686490580280204,0.27686490580280204
11,259,1,4000000,145.90868548513484,2924079.2974331556,10000000000,775369,777369,774001,3368,1368,2000,0,0.41038558737220154,0.41038558737220154
11,253,0,3000000,247.63760336427103,0,10000000000,768001,778001,756001,22000,0,10000,0.9999999999999999,0,0.9999999999999999
11,260,1,7000000,138.9902618890978,3536064.8717523287,6000000000,780969,782169,777001,5168,1980,1200,0,0.5938805073333754,0.5938805073333754
11,262,1,6000000,138.78083909531608,3556938.2911203597,7000000000,784964,786364,783001,3363,1687,1400,0,0.5060531987562367,0.5060531987562367
11,254,0,8000000,230.30792648104833,0,10000000000,778001,788001,759001,29000,0,10000,0.9999999999999999,0,0.9999999999999999
11,255,0,9000000,208.92671466330003,0,4000000000,788001,792001,762001,30000,0,4000,0.39999999999999997,0,0.39999999999999997
11,261,0,7000000,137.61524988169006,0,2000000000,792001,794001,780001,14000,0,2000,0.19999999999999998,0,0.19999999999999998
11,267,1,4000000,94.94396241994538,14976580.28704151,3000000000,798268,798868,798001,867,267,600,0,0.08012510045689805,0.08012510045689805
11,263,0,3000000,141.86698171174294,0,7000000000,794001,801001,786001,15000,0,7000,0.7,0,0.7
11,264,0,9000000,160.13943455626418,0,4000000000,801001,805001,789001,16000,0,4000,0.39999999999999997,0,0.39999999999999997
11,265,0,3000000,148.13716650456092,0,4000000000,805001,809001,792001,17000,0,4000,0.39999999999999997,0,0.39999999999999997
11,266,0,6000000,121.47317810940822,0,5000000000,809001,814001,795001,19000,0,5000,0.49999999999999994,0,0.49999999999999994
11,273,1,3000000,75.02749162806923,33529533.367126986,10000000000,816822,818822,816001,2821,89,2000,0,0.026842007914204307,0.026842007914204307
11,268,0,6000000,152.11571943753876,0,10000000000,814001,824001,801001,23000,0,10000,0.9999999999999999,0,0.9999999999999999
11,275,1,4000000,93.8678358118478,15604759.66123538,10000000000,824046,826046,822001,4045,256,2000,0,0.07689961435170221,0.07689961435170221
11,269,0,3000000,167.2949443348483,0,4000000000,824001,828001,804001,24000,0,4000,0.39999999999999997,0,0.39999999999999997
11,276,1,3000000,116.64195514479347,6959958.390012143,8000000000,827046,828646,825001,3645,431,1600,0,0.1293111179071905,0.1293111179071905
11,270,0,5000000,144.11940743702777,0,6000000000,828001,834001,807001,27000,0,6000,0.6,0,0.6
11,279,1,2000000,105.02641429659484,10338511.115753425,9000000000,834194,835994,834001,1993,193,1800,0,0.05803543598127424,0.05803543598127424
11,271,0,5000000,120.57376870613274,0,3000000000,834001,837001,810001,27000,0,3000,0.3,0,0.3
11,272,0,5000000,97.13065942327378,0,2000000000,837001,839001,813001,26000,0,2000,0.19999999999999998,0,0.19999999999999998
11,282,1,4000000,122.69717233905602,5733676.5668702945,7000000000,844188,845588,843001,2587,698,1400,0,0.20928979617261798,0.20928979617261798
11,274,0,7000000,75.51606782665533,0,10000000000,839001,849001,819001,30000,0,10000,0.9999999999999999,0,0.9999999999999999
11,283,1,8000000,136.47095258698826,3797545.8001465406,7000000000,848108,849508,846001,3507,2107,1400,0,0.6319871112304658,0.6319871112304658
11,277,0,4000000,118.03541883688983,0,2000000000,849001,851001,828001,23000,0,2000,0.19999999999999998,0,0.19999999999999998
11,278,0,6000000,109.16500629780586,0,3000000000,851001,854001,831001,23000,0,3000,0.3,0,0.3
11,284,1,10000000,152.88392884799885,2434166.6008967515,4000000000,855640,856440,849001,7439,4108,800,0,1.2324546721226042,1.2324546721226042
11,285,1,4000000,171.03187831512582,1563587.4818449905,5000000000,856840,857840,852001,5839,2558,1000,0,0.7674658526838759,0.7674658526838759
11,280,0,8000000,106.17463209260495,0,10000000000,854001,864001,837001,27000,0,10000,0.9999999999999999,0,0.9999999999999999
11,287,1,2000000,182.64066168298888,1205375.4266915044,10000000000,862083,864083,858001,6082,1659,2000,0,0.49777022719541464,0.49777022719541464
11,289,1,5000000,146.44904950186606,2882006.768781594,6000000000,865736,866936,864001,2935,1735,1200,0,0.5204706721192555,0.5204706721192555
11,290,1,10000000,130.71560656631638,4490033.581079657,6000000000,869228,870428,867001,3427,2227,1200,0,0.6681464505391586,0.6681464505391586
11,281,0,10000000,112.46645455423588,0,7000000000,864001,871001,840001,31000,0,7000,0.7,0,0.7
11,291,1,5000000,117.72367391480783,6719040.686153212,5000000000,870745,871745,870001,1744,744,1000,0,0.2232461552273738,0.2232461552273738
11,292,1,7000000,108.45338630029032,9168159.581898423,8000000000,874810,876410,873001,3409,764,1600,0,0.22905360462379293,0.22905360462379293
11,293,1,4000000,103.91564704124201,10755774.346281108,2000000000,876410,876810,876001,809,372,400,0,0.11156797840547011,0.11156797840547011
11,294,1,6000000,104.60313809824244,10495189.89400918,6000000000,879573,880773,879001,1772,572,1200,0,0.17150713976385204,0.17150713976385204
11,286,0,4000000,190.41858995381733,0,10000000000,871001,881001,855001,26000,0,10000,0.9999999999999999,0,0.9999999999999999
11,295,1,4000000,110.47360680271109,8552846.64096414,5000000000,882469,883469,882001,1468,468,1000,0,0.140304164259483,0.140304164259483
11,296,1,9000000,120.81242030519877,6084898.668754299,5000000000,887701,888701,885001,3700,1479,1000,0,0.44372144007333886,0.44372144007333886
11,288,0,10000000,164.0321828178849,0,8000000000,881001,889001,861001,28000,0,8000,0.7999999999999999,0,0.7999999999999999
11,297,1,7000000,134.6025475241832,4006957.344358755,3000000000,889748,890348,888001,2347,1747,600,0,0.5240884340724293,0.5240884340724293
11,298,1,4000000,150.90073724140643,2562382.7103684866,5000000000,894465,895465,891001,4464,1561,1000,0,0.46831411839624554,0.46831411839624554
11,299,1,6000000,168.42337515915057,1661593.7631229465,2000000000,897612,898012,894001,4011,3611,400,0,1.0832972775589387,1.0832972775589387
11,300,0,7000000,185.89579070005865,0,4000000000,897001,901001,897001,4000,0,4000,0.39999999999999997,0,0.39999999999999997
11,301,0,5000000,201.8462347927253,0,5000000000,901001,906001,900001,6000,0,5000,0.49999999999999994,0,0.49999999999999994
11,302,0,7000000,219.2214451188569,0,5000000000,906001,911001,903001,8000,0,5000,0.49999999999999994,0,0.49999999999999994
11,304,0,7000000,238.86578197808075,0,5000000000,911001,916001,909001,7000,0,5000,0.49999999999999994,0,0.49999999999999994
11,305,0,4000000,227.0350380447916,0,3000000000,916001,919001,912001,7000,0,3000,0.3,0,0.3
11,307,1,3000000,200.87652575649545,825924.6127729233,9000000000,928490,930290,918001,12289,3632,1800,0,1.089687831167035,1.089687831167035
11,306,1,4000000,220.42744339124377,570642.6438944254,8000000000,930290,931890,915001,16889,7010,1600,0,2.1028922616270718,2.1028922616270718
11,303,1,7000000,236.56384508204118,430581.6409338945,8000000000,931890,933490,906001,27489,16257,1600,0,4.877123872363161,4.877123872363161
11,308,1,5000000,183.11558371695187,1193021.554114794,7000000000,940090,941490,921001,20489,4191,1400,0,1.2573117349191398,1.2573117349191398
11,309,1,2000000,168.1006915512248,1674241.4812455901,8000000000,941490,943090,924001,19089,1195,1600,0,0.35837124257225805,0.35837124257225805
11,316,0,10000000,166.62243216325948,0,2000000000,945001,947001,945001,2000,0,2000,0.19999999999999998,0,0.19999999999999998
11,310,1,3000000,155.0167336128587,2305017.4542418085,3000000000,947690,948290,927001,21289,1302,600,0,0.3904525748140323,0.3904525748140323
11,311,1,7000000,145.67647236256104,2942392.1926737963,2000000000,952090,952490,930001,22489,2379,400,0,0.713704993246226,0.713704993246226
11,317,0,5000000,182.3720197837377,0,9000000000,948001,957001,948001,9000,0,9000,0.8999999999999999,0,0.8999999999999999
11,312,1,7000000,141.0439296815003,3339162.5537377736,7000000000,956090,957490,933001,24489,2096,1400,0,0.6289002006354298,0.6289002006354298
11,318,0,8000000,200.35835146057678,0,2000000000,957001,959001,951001,8000,0,2000,0.19999999999999998,0,0.19999999999999998
11,313,1,6000000,140.81360303607033,3360561.1363724773,7000000000,961090,962490,936001,26489,1785,1400,0,0.5356248337570765,0.5356248337570765
11,314,1,2000000,145.5372955637145,2953435.912868947,3000000000,963490,964090,939001,25089,677,600,0,0.20315321466283798,0.20315321466283798
11,319,0,6000000,218.94706620551003,0,7000000000,959001,966001,954001,12000,0,7000,0.7,0,0.7
11,322,1,2000000,219.8009738376971,577150.1499998887,4000000000,968063,968863,963001,5862,3465,800,0,1.0395908239824865,1.0395908239824865
11,323,1,2000000,199.20351226823288,853856.6194414865,10000000000,968863,970863,966001,4862,2342,2000,0,0.7026940897787548,0.7026940897787548
11,321,1,4000000,240.7926327776662,401203.51722740853,8000000000,970863,972463,960001,12462,9970,1600,0,2.9910006978324195,2.9910006978324195
11,315,1,3000000,154.73237347110006,2321737.9095426206,4000000000,973290,974090,942001,32089,1292,800,0,0.3876406532799815,0.3876406532799815
11,324,1,3000000,190.62742850912088,1017042.3973981262,10000000000,972463,974463,969001,5462,2950,2000,0,0.8849188611039689,0.8849188611039689
11,325,0,5000000,175.15710119775332,0,10000000000,972001,982001,972001,10000,0,10000,0.9999999999999999,0,0.9999999999999999
11,327,1,6000000,149.58023699673697,2652405.653951874,9000000000,980263,982063,978001,4062,2262,1800,0,0.6786292275158374,0.6786292275158374
11,328,1,3000000,142.99312046388803,3164637.035894737,5000000000,984063,985063,981001,4062,948,1000,0,0.2843928039114107,0.2843928039114107
11,329,1,4000000,142.84990479520803,3177071.252320686,3000000000,987063,987663,984001,3662,1259,600,0,0.3777063542794208,0.3777063542794208
11,326,0,5000000,160.8393142238551,0,7000000000,982001,989001,975001,14000,0,7000,0.7,0,0.7
11,320,1,3000000,239.51357059674092,409818.0245604043,8000000000,987890,989490,957001,32489,7320,1600,0,2.1960966723349826,2.1960966723349826
11,330,1,8000000,141.17101189691886,3327427.8386718635,4000000000,990863,991663,987001,4662,2404,800,0,0.7212778507491105,0.7212778507491105
11,331,0,10000000,144.51378100375064,0,9000000000,990001,999001,990001,9000,0,9000,0.8999999999999999,0,0.8999999999999999
11,332,1,9000000,149.15798335992613,2682014.4921590523,2000000000,998663,999063,993001,6062,3356,400,0,1.0067059696707563,1.0067059696707563
12,1,1,3000000,132.78421743565764,4224552.848432764,8000000000,711,2311,1,2310,710,1600,0,0.21304029853334286,0.21304029853334286
12,2,1,3000000,137.76533744015586,3660333.691355762,4000000000,3821,4621,3001,1620,820,800,0,0.24587922192051465,0.24587922192051465
12,3,0,9000000,152.23711636785558,0,8000000000,6001,14001,6001,8000,0,8000,0.7999999999999999,0,0.7999999999999999
12,5,1,7000000,188.09489227514925,1072519.5070882235,4000000000,18528,19328,12001,7327,6527,800,0,1.9580063449860012,1.9580063449860012
12,4,0,10000000,169.86847147131215,0,6000000000,14001,20001,9001,11000,0,6000,0.6,0,0.6
12,6,0,6000000,208.5456125167825,0,3000000000,20001,23001,15001,8000,0,3000,0.3,0,0.3
12,7,0,4000000,229.93741235388387,0,10000000000,23001,33001,18001,15000,0,10000,0.9999999999999999,0,0.9999999999999999
12,8,0,10000000,223.98403737766668,0,3000000000,33001,36001,21001,15000,0,3000,0.3,0,0.3
12,10,1,4000000,235.57304875558245,437849.3210734922,5000000000,36137,37137,27001,10136,9136,1000,0,2.7406688608261707,2.7406688608261707
12,11,1,3000000,229.24244284163439,488085.14873895864,5000000000,36147,37147,30001,7146,6146,1000,0,1.8439405548914678,1.8439405548914678
12,14,1,3000000,182.96439435037627,1196937.196548799,6000000000,41507,42707,39001,3706,2506,1200,0,0.7519191504742472,0.7519191504742472
12,9,0,2000000,217.19726149286504,0,8000000000,36001,44001,24001,20000,0,8000,0.7999999999999999,0,0.7999999999999999
12,15,1,10000000,176.4916592930102,1380658.419396175,6000000000,50778,51978,42001,9977,7243,1200,0,2.172876330491677,2.172876330491677
12,17,1,3000000,180.09633672010105,1274337.6460420224,4000000000,51978,52778,48001,4777,2354,800,0,0.7062492446921886,0.7062492446921886
12,12,0,9000000,210.23327424553895,0,9000000000,44001,53001,33001,20000,0,9000,0.8999999999999999,0,0.8999999999999999
12,18,1,3000000,189.97961601182374,1030886.4233844372,10000000000,53911,55911,51001,4910,2910,2000,0,0.8730350692225315,0.8730350692225315
12,13,0,6000000,194.4787456253253,0,4000000000,53001,57001,36001,21000,0,4000,0.39999999999999997,0,0.39999999999999997
12,16,0,8000000,175.49893589420986,0,2000000000,57001,59001,45001,14000,0,2000,0.19999999999999998,0,0.19999999999999998
12,19,0,6000000,204.6098739064173,0,6000000000,59001,65001,54001,11000,0,6000,0.6,0,0.6
12,21,0,8000000,241.48568694645232,0,3000000000,65001,68001,60001,8000,0,3000,0.3,0,0.3
12,22,1,4000000,221.91041660994645,555599.0149991746,3000000000,70200,70800,63001,7799,7199,600,0,2.159831042900216,2.159831042900216
12,20,1,8000000,222.7587969082254,547215.0559022279,5000000000,71620,72620,57001,15619,14619,1000,0,4.38584423822727,4.38584423822727
12,23,0,10000000,207.69813672731874,0,6000000000,68001,74001,66001,8000,0,6000,0.6,0,0.6
12,26,1,3000000,180.81135611459806,1254472.628404587,7000000000,77392,78792,75001,3791,2391,1400,0,0.7174329512032493,0.7174329512032493
12,27,0,5000000,181.67775097683256,0,2000000000,78001,80001,78001,2000,0,2000,0.19999999999999998,0,0.19999999999999998
12,24,1,9000000,193.80507759086186,952390.5448480737,6000000000,79392,80592,69001,11591,9450,1200,0,2.834971445911096,2.834971445911096
12,25,1,8000000,184.56911388420332,1156177.7730866983,6000000000,80592,81792,72001,9791,6919,1200,0,2.0758053440109085,2.0758053440109085
12,28,1,2000000,184.09292680600194,1168090.142594212,7000000000,83452,84852,81001,3851,1712,1400,0,0.51365898753966,0.51365898753966
12,30,0,9000000,213.23541661740902,0,3000000000,87001,90001,87001,3000,0,3000,0.3,0,0.3
12,31,1,2000000,212.422417366906,661229.7843536885,2000000000,93026,93426,90001,3425,3025,400,0,0.9074001416715721,0.9074001416715721
12,29,1,8000000,195.72959714871942,915714.968999339,5000000000,92737,93737,84001,9736,8736,1000,0,2.6209028805356707,2.6209028805356707
12,32,1,5000000,184.2188204283156,1164925.979681445,2000000000,97293,97693,93001,4692,4292,400,0,1.2876354602463091,1.2876354602463091
12,33,0,5000000,156.34465325043894,0,6000000000,96001,102001,96001,6000,0,6000,0.6,0,0.6
12,35,1,10000000,112.00285710641487,8120008.374525815,7000000000,103233,104633,102001,2632,1232,1400,0,0.3694577470402167,0.3694577470402167
12,34,0,4000000,130.63182843396172,0,5000000000,102001,107001,99001,8000,0,5000,0.49999999999999994,0,0.49999999999999994
12,38,1,9000000,97.1190429318576,13795516.00601228,10000000000,112790,114790,111001,3789,652,2000,0,0.19571576726983622,0.19571576726983622
12,36,0,6000000,96.89810008457333,0,8000000000,107001,115001,105001,10000,0,8000,0.7999999999999999,0,0.7999999999999999
12,37,0,7000000,91.45726105673624,0,5000000000,115001,120001,108001,12000,0,5000,0.49999999999999994,0,0.49999999999999994
12,39,0,3000000,112.40946801760073,0,8000000000,120001,128001,114001,14000,0,8000,0.7999999999999999,0,0.7999999999999999
12,40,0,8000000,134.07824730358016,0,2000000000,128001,130001,117001,13000,0,2000,0.19999999999999998,0,0.19999999999999998
12,41,0,5000000,159.6242099432289,0,6000000000,130001,136001,120001,16000,0,6000,0.6,0,0.6
12,45,0,4000000,143.93993504236408,0,5000000000,136001,141001,132001,9000,0,5000,0.49999999999999994,0,0.49999999999999994
12,46,0,3000000,145.34274835711616,0,6000000000,141001,147001,135001,12000,0,6000,0.6,0,0.6
12,48,0,2000000,145.34274835711616,0,6000000000,147001,153001,141001,12000,0,6000,0.6,0,0.6
12,49,0,3000000,145.34274835711616,0,8000000000,153001,161001,144001,17000,0,8000,0.7999999999999999,0,0.7999999999999999
12,42,1,9000000,160.5617849925691,2006881.5622823013,4000000000,161704,162504,123001,39503,4485,800,0,1.3453708732713945,1.3453708732713945
12,43,1,7000000,148.02994629466025,2763141.0470175566,4000000000,164104,164904,126001,38903,2533,800,0,0.7600046339533303,0.7600046339533303
12,50,0,2000000,145.59754187485444,0,4000000000,161001,165001,147001,18000,0,4000,0.39999999999999997,0,0.39999999999999997
12,44,1,8000000,142.16604693104463,3237282.7116932757,4000000000,167104,167904,129001,38903,2471,800,0,0.741362498656989,0.741362498656989
12,54,0,9000000,202.77701694225607,0,7000000000,165001,172001,159001,13000,0,7000,0.7,0,0.7
12,55,1,9000000,189.99266091088887,1030605.3425426171,5000000000,171986,172986,162001,10985,8733,1000,0,2.619819526006727,2.619819526006727
12,47,1,9000000,145.34274835711616,2968959.2086826353,10000000000,174504,176504,138001,38503,3031,2000,0,0.9094095978496195,0.9094095978496195
12,59,1,10000000,155.19674738859703,2294509.625998451,5000000000,178359,179359,174001,5358,4358,1000,0,1.3074689101356707,1.3074689101356707
12,56,0,9000000,174.13055561847844,0,9000000000,172001,181001,165001,16000,0,9000,0.8999999999999999,0,0.8999999999999999
12,60,1,9000000,161.4589532977345,1963242.4321332646,6000000000,181585,182785,177001,5784,4584,1200,0,1.3752758985889342,1.3752758985889342
12,51,1,9000000,149.90465369694164,2629931.3871924924,2000000000,186904,187304,150001,37303,3422,400,0,1.026642753171712,1.026642753171712
12,63,1,7000000,133.1340414770017,4181583.0411601174,4000000000,187675,188475,186001,2474,1674,800,0,0.5022021515127885,0.5022021515127885
12,52,1,4000000,162.53948351093035,1912234.7112070809,7000000000,187304,188704,153001,35703,2092,1400,0,0.6275380281338533,0.6275380281338533
12,64,1,3000000,119.4330013019852,6358670.550573958,5000000000,189473,190473,189001,1472,472,1000,0,0.14153902027818732,0.14153902027818732
12,57,0,3000000,162.6346878743892,0,10000000000,181001,191001,168001,23000,0,10000,0.9999999999999999,0,0.9999999999999999
12,65,1,7000000,113.59939128358036,7696059.091552404,9000000000,192911,194711,192001,2710,910,1800,0,0.27286692773773913,0.27286692773773913
12,58,0,7000000,155.56335204668227,0,4000000000,191001,195001,171001,24000,0,4000,0.39999999999999997,0,0.39999999999999997
12,53,1,10000000,180.96193909217487,1250338.258970312,6000000000,194304,195504,156001,39503,7998,1200,0,2.3993507184772405,2.3993507184772405
12,66,1,2000000,116.9373584445963,6893139.275469517,9000000000,195291,197091,195001,2090,290,1800,0,0.08704306935088466,0.08704306935088466
12,61,0,9000000,173.35734308070136,0,3000000000,195001,198001,180001,18000,0,3000,0.3,0,0.3
12,62,0,9000000,152.78258670411367,0,7000000000,198001,205001,183001,22000,0,7000,0.7,0,0.7
12,67,0,6000000,128.95568230985404,0,5000000000,205001,210001,198001,12000,0,5000,0.49999999999999994,0,0.49999999999999994
12,70,1,2000000,197.4833101808859,883814.1703744173,10000000000,209612,211612,207001,4611,2263,2000,0,0.6788757412045308,0.6788757412045308
12,68,0,8000000,147.59342973181427,0,4000000000,210001,214001,201001,13000,0,4000,0.39999999999999997,0,0.39999999999999997
12,69,0,7000000,170.4916209084775,0,4000000000,214001,218001,204001,14000,0,4000,0.39999999999999997,0,0.39999999999999997
12,71,0,8000000,200.9813548566135,0,4000000000,218001,222001,210001,12000,0,4000,0.39999999999999997,0,0.39999999999999997
12,72,0,6000000,191.20536237250252,0,4000000000,222001,226001,213001,13000,0,4000,0.39999999999999997,0,0.39999999999999997
12,74,1,5000000,204.67714112719085,766582.2520956851,9000000000,225523,227323,219001,8322,6522,1800,0,1.9567371875611457,1.9567371875611457
12,73,0,5000000,195.84026399083515,0,2000000000,226001,228001,216001,12000,0,2000,0.19999999999999998,0,0.19999999999999998
12,75,0,8000000,216.94801082286975,0,2000000000,228001,230001,222001,8000,0,2000,0.19999999999999998,0,0.19999999999999998
12,76,0,8000000,232.2399640458119,0,10000000000,230001,240001,225001,15000,0,10000,0.9999999999999999,0,0.9999999999999999
12,78,1,4000000,238.98859658987917,413420.4786856748,4000000000,240971,241771,231001,10770,9675,800,0,2.9026138323263004,2.9026138323263004
12,81,1,5000000,199.71652034821756,845168.2200305838,5000000000,245917,246917,240001,6916,5916,1000,0,1.7747946082801362,1.7747946082801362
12,79,0,4000000,223.1033168735956,0,9000000000,240001,249001,234001,15000,0,9000,0.8999999999999999,0,0.8999999999999999
12,80,0,7000000,209.84444715074068,0,2000000000,249001,251001,237001,14000,0,2000,0.19999999999999998,0,0.19999999999999998
12,82,1,10000000,193.18292367598124,964636.7324840664,4000000000,253368,254168,243001,11167,10367,800,0,3.1099790200551514,3.1099790200551514
12,83,1,10000000,190.72383831078903,1015001.9092187859,3000000000,256739,257339,246001,11338,9852,600,0,2.9556594650240635,2.9556594650240635
12,84,0,10000000,192.29771839520092,0,7000000000,251001,258001,249001,9000,0,7000,0.7,0,0.7
12,77,1,10000000,249.90821074946697,345925.00878298114,9000000000,258226,260026,228001,32025,28908,1800,0,8.672399866533137,8.672399866533137
12,85,0,10000000,197.98200650564183,0,5000000000,258001,263001,252001,11000,0,5000,0.49999999999999994,0,0.49999999999999994
12,86,0,6000000,206.79771468756613,0,2000000000,263001,265001,255001,10000,0,2000,0.19999999999999998,0,0.19999999999999998
12,90,0,9000000,233.67389670222045,0,2000000000,267001,269001,267001,2000,0,2000,0.19999999999999998,0,0.19999999999999998
12,89,1,2000000,251.59575532985448,336758.4002379211,4000000000,270643,271443,264001,7442,5939,800,0,1.7816927493897634,1.7816927493897634
12,88,1,3000000,234.0744892123018,449134.84065231995,9000000000,269938,271738,261001,10737,6680,1800,0,2.0038525594960457,2.0038525594960457
12,91,0,6000000,218.09928839865572,0,3000000000,270001,273001,270001,3000,0,3000,0.3,0,0.3
12,87,1,7000000,218.7273867168901,588518.7936098755,5000000000,273738,274738,258001,16737,11894,1000,0,3.56828027040386,3.56828027040386
12,94,0,10000000,190.24333523148715,0,2000000000,279001,281001,279001,2000,0,2000,0.19999999999999998,0,0.19999999999999998
12,92,1,6000000,205.33306626064882,756884.832721787,5000000000,280928,281928,273001,8927,7927,1000,0,2.3781689395560095,2.3781689395560095
12,93,1,5000000,195.8548536544346,913389.433600631,9000000000,281928,283728,276001,7727,5474,1800,0,1.6422348943614535,1.6422348943614535
12,95,1,5000000,188.81925352039713,1056275.3001057925,5000000000,286735,287735,282001,5734,4734,1000,0,1.4200843282520814,1.4200843282520814
12,96,1,8000000,191.67596458606909,995121.5410647485,6000000000,293040,294240,285001,9239,8039,1200,0,2.4117656999285493,2.4117656999285493
12,97,0,2000000,197.63939688230178,0,7000000000,288001,295001,288001,7000,0,7000,0.7,0,0.7
12,98,1,4000000,183.94409639887874,1171844.5928770876,10000000000,294414,296414,291001,5413,3413,2000,0,1.0240265708388736,1.0240265708388736
12,99,0,4000000,162.66544224265954,0,5000000000,295001,300001,294001,6000,0,5000,0.49999999999999994,0,0.49999999999999994
12,100,0,9000000,141.84161448601745,0,6000000000,300001,306001,297001,9000,0,6000,0.6,0,0.6
12,101,0,5000000,121.95976795648635,0,4000000000,306001,310001,300001,10000,0,4000,0.39999999999999997,0,0.39999999999999997
12,102,0,9000000,103.28835849213596,0,9000000000,310001,319001,303001,16000,0,9000,0.8999999999999999,0,0.8999999999999999
12,103,0,10000000,86.26768572298664,0,10000000000,319001,329001,306001,23000,0,10000,0.9999999999999999,0,0.9999999999999999
12,104,0,7000000,72.55744276089116,0,5000000000,329001,334001,309001,25000,0,5000,0.49999999999999994,0,0.49999999999999994
12,111,1,2000000,95.31315963706166,14767949.855562925,8000000000,333380,334980,330001,4979,135,1600,0,0.04062852365211591,0.04062852365211591
12,112,1,8000000,122.27936048246244,5809355.052909261,2000000000,334980,335380,333001,2379,1377,400,0,0.4131267547157591,0.4131267547157591
12,114,1,3000000,100.02399712069095,12385448.60233747,5000000000,339243,340243,339001,1242,242,1000,0,0.07266591860307309,0.07266591860307309
12,105,0,8000000,64.37436213276213,0,10000000000,334001,344001,312001,32000,0,10000,0.9999999999999999,0,0.9999999999999999
12,116,1,10000000,58.188618302894966,69903684.51571898,6000000000,345144,346344,345001,1343,143,1200,0,0.04291619276985895,0.04291619276985895
12,106,0,6000000,61.76849763431199,0,5000000000,344001,349001,315001,34000,0,5000,0.49999999999999994,0,0.49999999999999994
12,117,1,8000000,36.350544700182986,177660929.01014215,7000000000,348046,349446,348001,1445,45,1400,0,0.013508879039256802,0.013508879039256802
12,118,1,5000000,10.95869061521498,517274121.9708077,9000000000,351011,352811,351001,1810,10,1800,0,0.00289981643443716,0.00289981643443716
12,107,0,10000000,71.20191359788019,0,6000000000,349001,355001,318001,37000,0,6000,0.6,0,0.6
12,119,1,3000000,20.541930289045407,336601188.5921458,7000000000,354010,355410,354001,1409,9,1400,0,0.002673787349843602,0.002673787349843602
12,108,0,6000000,89.77823455604374,0,3000000000,355001,358001,321001,37000,0,3000,0.3,0,0.3
12,120,1,8000000,47.185647182167585,112885972.00732799,10000000000,357072,359072,357001,2071,71,2000,0,0.021260391856697695,0.021260391856697695
12,109,0,10000000,112.53552550194982,0,9000000000,358001,367001,324001,43000,0,9000,0.8999999999999999,0,0.8999999999999999
12,123,1,5000000,129.05545164773167,4718025.824678644,7000000000,368082,369482,366001,3481,1060,1400,0,0.31792958659826087,0.31792958659826087
12,110,0,10000000,79.50217607084726,0,9000000000,367001,376001,327001,49000,0,9000,0.8999999999999999,0,0.8999999999999999
12,124,1,9000000,156.44312225214628,2223359.7790144137,10000000000,377257,379257,369001,10256,4048,2000,0,1.2143783590422215,1.2143783590422215
12,113,0,7000000,123.7223718653987,0,6000000000,376001,382001,336001,46000,0,6000,0.6,0,0.6
12,115,0,6000000,72.64618916364435,0,8000000000,382001,390001,342001,48000,0,8000,0.7999999999999999,0,0.7999999999999999
12,121,0,6000000,74.3892572889392,0,3000000000,390001,393001,360001,33000,0,3000,0.3,0,0.3
12,127,1,5000000,94.6819032339338,15126773.82028933,8000000000,393312,394912,378001,16911,331,1600,0,0.09916192426887953,0.09916192426887953
12,122,0,5000000,101.70164698764721,0,4000000000,393001,397001,363001,34000,0,4000,0.39999999999999997,0,0.39999999999999997
12,129,1,8000000,70.22082312248983,41234229.28286591,2000000000,396912,397312,384001,13311,194,400,0,0.05820407078633755,0.05820407078633755
12,130,1,9000000,90.2592322147712,17948536.940789446,8000000000,401712,403312,387001,16311,501,1600,0,0.15043008847501324,0.15043008847501324
12,125,0,8000000,149.44891735974534,0,9000000000,397001,406001,372001,34000,0,9000,0.8999999999999999,0,0.8999999999999999
12,126,0,6000000,122.05948140148719,0,3000000000,406001,409001,375001,34000,0,3000,0.3,0,0.3
12,128,0,8000000,70.22866223985764,0,3000000000,409001,412001,381001,31000,0,3000,0.3,0,0.3
12,136,1,4000000,195.56294945617896,918820.4230258825,8000000000,412994,414594,405001,9593,4353,1600,0,1.3060223411753626,1.3060223411753626
12,137,1,5000000,176.2100783156287,1389420.0253559907,2000000000,415994,416394,408001,8393,3599,400,0,1.079587146166025,1.079587146166025
12,138,1,3000000,152.26477498095218,2473325.695109722,7000000000,416394,417794,411001,6793,1213,1400,0,0.3638825253703896,0.3638825253703896
12,133,1,10000000,165.36349808830244,1786480.4642905304,9000000000,418112,419912,396001,23911,5598,1800,0,1.6792794883382045,1.6792794883382045
12,131,0,8000000,117.03912892703876,0,9000000000,412001,421001,390001,31000,0,9000,0.8999999999999999,0,0.8999999999999999
12,139,1,6000000,139.58500671633755,3477603.323939625,5000000000,420994,421994,414001,7993,1725,1000,0,0.517597848957902,0.517597848957902
12,134,1,4000000,184.59392866505658,1155561.1551864753,3000000000,423312,423912,399001,24911,3462,600,0,1.0384565062732258,1.0384565062732258
12,132,0,7000000,146.72856606673426,0,3000000000,421001,424001,393001,31000,0,3000,0.3,0,0.3
12,135,0,8000000,213.44284293458986,0,2000000000,424001,426001,402001,24000,0,2000,0.19999999999999998,0,0.19999999999999998
12,140,1,10000000,140.14355283066004,3423780.7842878825,9000000000,425394,427194,417001,10193,2921,1800,0,0.8762243230546007,0.8762243230546007
12,141,1,4000000,148.31342656684865,2742471.4995346237,3000000000,427194,427794,420001,7793,1459,600,0,0.43756152076826715,0.43756152076826715
12,142,1,9000000,140.75315271779883,3366205.2793624443,7000000000,431394,432794,423001,9793,2674,1400,0,0.8020901210491171,0.8020901210491171
12,143,1,3000000,138.79485941489335,3555536.136797724,5000000000,432794,433794,426001,7793,844,1000,0,0.253126382456228,0.253126382456228
12,144,1,4000000,141.847108183424,3265845.273480462,7000000000,438594,439994,429001,10993,1225,1400,0,0.367439330253739,0.367439330253739
12,145,1,2000000,151.89080946522077,2497355.3983600507,2000000000,445194,445594,432001,13593,801,400,0,0.2402541506082813,0.2402541506082813
12,146,1,6000000,147.7856518745984,2781108.048667043,9000000000,448394,450194,435001,15193,2157,1800,0,0.6472240446978397,0.6472240446978397
12,147,1,10000000,124.98769259411107,5339542.446316411,5000000000,454794,455794,438001,17793,1873,1000,0,0.5618458941307994,0.5618458941307994
12,151,0,10000000,77.33570714747495,0,8000000000,450001,458001,450001,8000,0,8000,0.7999999999999999,0,0.7999999999999999
12,148,1,10000000,101.42656160986624,11766240.912846994,6000000000,458194,459394,441001,18393,850,1200,0,0.2549667325546976,0.2549667325546976
12,149,1,5000000,86.59785216736036,20755780.387042977,5000000000,462794,463794,444001,19793,241,1000,0,0.07226902443698968,0.07226902443698968
12,152,0,9000000,73.08059728819954,0,8000000000,458001,466001,453001,13000,0,8000,0.7999999999999999,0,0.7999999999999999
12,150,1,5000000,83.64600289314481,23391057.26748111,7000000000,465194,466594,447001,19593,214,1400,0,0.06412707142080923,0.06412707142080923
12,155,0,5000000,77.97542240988503,0,4000000000,466001,470001,462001,8000,0,4000,0.39999999999999997,0,0.39999999999999997
12,153,1,6000000,65.7745125409531,50064035.251436315,9000000000,472994,474794,456001,18793,120,1800,0,0.03595395359083363,0.03595395359083363
12,156,0,9000000,88.60544283507647,0,6000000000,470001,476001,465001,11000,0,6000,0.6,0,0.6
12,154,1,9000000,67.34070462951806,46745871.99556472,9000000000,479594,481394,459001,22393,193,1800,0,0.057759110799263255,0.057759110799263255
12,158,0,8000000,127.37029834305956,0,9000000000,476001,485001,471001,14000,0,9000,0.8999999999999999,0,0.8999999999999999
12,160,0,8000000,172.31764738412605,0,7000000000,485001,492001,477001,15000,0,7000,0.7,0,0.7
12,163,1,3000000,192.83196545178913,971631.3500518753,7000000000,490675,492075,486001,6074,3088,1400,0,0.9262772346239642,0.9262772346239642
12,162,0,7000000,214.94042081469928,0,2000000000,492001,494001,483001,11000,0,2000,0.19999999999999998,0,0.19999999999999998
12,164,1,8000000,183.62461381851833,1179954.8069009415,6000000000,495781,496981,489001,7980,6780,1200,0,2.0339762048204295,2.0339762048204295
12,165,1,10000000,178.7526587214859,1312737.969607016,4000000000,499619,500419,492001,8418,7618,800,0,2.2852999375786216,2.2852999375786216
12,157,1,3000000,105.90137156807738,10023435.267712459,6000000000,499994,501194,468001,33193,299,1200,0,0.08978957572550846,0.08978957572550846
12,166,1,10000000,179.67105637803772,1286338.626469339,2000000000,502775,503175,495001,8174,7774,400,0,2.3322008204279854,2.3322008204279854
12,167,1,10000000,186.30813857692846,1113937.7101093365,2000000000,506978,507378,498001,9377,8977,400,0,2.6931487934864333,2.6931487934864333
12,169,0,10000000,214.52505331545777,0,6000000000,504001,510001,504001,6000,0,6000,0.6,0,0.6
12,168,1,10000000,198.22048456201492,870818.4455018714,6000000000,513889,515089,501001,14088,11483,1200,0,3.445034973129256,3.445034973129256
12,159,1,3000000,150.19535279095686,2609992.6461800723,9000000000,517594,519394,474001,45393,1149,1800,0,0.3448285577805057,0.3448285577805057
12,172,0,8000000,215.72341412095255,0,8000000000,513001,521001,513001,8000,0,8000,0.7999999999999999,0,0.7999999999999999
12,173,0,7000000,199.69213730139703,0,7000000000,521001,528001,516001,12000,0,7000,0.7,0,0.7
12,170,1,9000000,234.2099299773603,448100.04194348044,4000000000,527481,528281,507001,21280,20085,800,0,6.02544018583367,6.02544018583367
12,161,1,3000000,196.55080895279983,900601.305591012,8000000000,526794,528394,480001,48393,3331,1600,0,0.9993323287593755,0.9993323287593755
12,174,0,3000000,187.8614281857774,0,4000000000,528001,532001,519001,13000,0,4000,0.39999999999999997,0,0.39999999999999997
12,171,1,6000000,234.88303237994867,443001.2847951637,3000000000,534532,535132,510001,25131,13544,600,0,4.063193633472845,4.063193633472845
12,175,1,3000000,181.14612554509688,1245304.2914153019,4000000000,535532,536332,522001,14331,2409,800,0,0.7227149269494126,0.7227149269494126
12,179,0,5000000,108.06939668564829,0,3000000000,534001,537001,534001,3000,0,3000,0.3,0,0.3
12,177,1,6000000,159.58738421316397,2055648.1295204351,7000000000,540132,541532,528001,13531,2919,1400,0,0.8756362405369077,0.8756362405369077
12,176,1,9000000,179.62085207458517,1287764.5977120479,8000000000,541532,543132,525001,18131,6989,1600,0,2.096656488924334,2.096656488924334
12,178,1,8000000,133.7980197910268,4101491.8314939877,3000000000,543132,543732,531001,12731,1951,600,0,0.585152939126003,0.585152939126003
12,180,0,10000000,84.14338476671831,0,7000000000,537001,544001,537001,7000,0,7000,0.7,0,0.7
12,182,1,3000000,34.04274078272783,195154669.6409345,3000000000,550332,550932,543001,7931,15,600,0,0.0046117266968600445,0.0046117266968600445
12,181,0,9000000,58.71325574348603,0,7000000000,544001,551001,540001,11000,0,7000,0.7,0,0.7
12,183,1,6000000,14.811144452742305,430482021.44951355,10000000000,552732,554732,546001,8731,14,2000,0,0.004181359291008398,0.004181359291008398
12,185,1,5000000,47.12243839191678,113192046.1350415,10000000000,556932,558932,552001,6931,44,2000,0,0.013251814515398502,0.013251814515398502
12,184,0,9000000,23.60072032799006,0,9000000000,551001,560001,549001,11000,0,9000,0.8999999999999999,0,0.8999999999999999
12,186,1,4000000,72.31232605856347,37668592.690292664,3000000000,563732,564332,555001,9331,106,600,0,0.031856778135203455,0.031856778135203455
12,187,1,5000000,96.653099277778,14038991.142150955,8000000000,567132,568732,558001,10731,356,1600,0,0.10684528430938098,0.10684528430938098
12,188,0,9000000,121.93187770226461,0,8000000000,561001,569001,561001,8000,0,8000,0.7999999999999999,0,0.7999999999999999
12,189,0,4000000,147.73179650975607,0,4000000000,569001,573001,564001,9000,0,4000,0.39999999999999997,0,0.39999999999999997
12,191,1,10000000,126.16649317469363,5149624.416857437,10000000000,571943,573943,570001,3942,1942,2000,0,0.5825667577191489,0.5825667577191489
12,190,0,6000000,173.57127210457378,0,2000000000,573001,575001,567001,8000,0,2000,0.19999999999999998,0,0.19999999999999998
12,192,0,5000000,150.78007627004314,0,6000000000,575001,581001,573001,8000,0,6000,0.6,0,0.6
12,193,0,8000000,179.1321506597852,0,7000000000,581001,588001,576001,12000,0,7000,0.7,0,0.7
12,196,1,2000000,191.66733263652412,995299.5876073022,6000000000,587010,588210,585001,3209,2009,1200,0,0.6028335663660813,0.6028335663660813
12,194,0,3000000,189.46560743311696,0,6000000000,588001,594001,579001,15000,0,6000,0.6,0,0.6
12,195,0,3000000,187.3850180777534,0,4000000000,594001,598001,582001,16000,0,4000,0.39999999999999997,0,0.39999999999999997
12,197,0,5000000,200.0282072608761,0,2000000000,598001,600001,588001,12000,0,2000,0.19999999999999998,0,0.19999999999999998
12,199,1,4000000,225.94405900576356,517111.88301174814,10000000000,601736,603736,594001,9735,7735,2000,0,2.320580979518387,2.320580979518387
12,198,0,5000000,211.99848725875387,0,6000000000,600001,606001,591001,15000,0,6000,0.6,0,0.6
12,200,0,9000000,234.98313854402403,0,3000000000,606001,609001,597001,12000,0,3000,0.3,0,0.3
12,202,0,7000000,230.32643378474825,0,7000000000,609001,616001,603001,13000,0,7000,0.7,0,0.7
12,203,0,7000000,218.03641530716837,0,9000000000,616001,625001,606001,19000,0,9000,0.8999999999999999,0,0.8999999999999999
12,204,0,4000000,202.82282810374184,0,2000000000,625001,627001,609001,18000,0,2000,0.19999999999999998,0,0.19999999999999998
12,207,1,4000000,192.61789584563536,975928.7844517953,10000000000,626995,628995,618001,10994,4099,2000,0,1.2295979164853421,1.2295979164853421
12,206,1,9000000,189.31521333479776,1045329.4820931429,8000000000,628995,630595,615001,15594,8610,1600,0,2.582917679307757,2.582917679307757
12,205,0,9000000,192.8085239298305,0,5000000000,627001,632001,612001,20000,0,5000,0.49999999999999994,0,0.49999999999999994
12,208,1,3000000,199.5119094189618,848620.2858576692,9000000000,631395,633195,621001,12194,3535,1800,0,1.0605449987451139,1.0605449987451139
12,201,1,9000000,248.58741018000086,353317.5985830791,7000000000,634995,636395,600001,36394,25473,1400,0,7.641849743199593,7.641849743199593
12,213,0,10000000,71.97397098951814,0,3000000000,636001,639001,636001,3000,0,3000,0.3,0,0.3
12,209,1,2000000,178.91846550873396,1307922.3720746343,10000000000,638395,640395,624001,16394,1529,2000,0,0.4587428220592912,0.4587428220592912
12,210,1,10000000,146.39415425487454,2886246.6206590394,8000000000,644795,646395,627001,19394,3465,1600,0,1.039412217419933,1.039412217419933
12,211,1,10000000,115.88951031046767,7133745.740607342,4000000000,646395,647195,630001,17194,1402,800,0,0.4205364347264486,0.4205364347264486
12,212,1,5000000,89.50802645573185,18486704.630500644,2000000000,649195,649595,633001,16594,270,400,0,0.08113939341710454,0.08113939341710454
12,217,0,3000000,119.0770175138763,0,4000000000,648001,652001,648001,4000,0,4000,0.39999999999999997,0,0.39999999999999997
12,214,1,3000000,70.26070381087858,41162946.888799414,3000000000,652195,652795,639001,13794,73,600,0,0.021864323816060245,0.021864323816060245
12,215,1,8000000,85.4473621594019,21740230.35279163,9000000000,652795,654595,642001,12594,368,1800,0,0.1103944144589903,0.1103944144589903
12,216,1,7000000,106.01704485600413,9982648.274182774,5000000000,654595,655595,645001,10594,701,1000,0,0.21036501961418808,0.21036501961418808
12,218,1,3000000,147.34589407241728,2813816.0187990516,10000000000,657595,659595,651001,8594,1066,2000,0,0.3198503363358219,0.3198503363358219
12,221,0,6000000,208.8393365723996,0,2000000000,660001,662001,660001,2000,0,2000,0.19999999999999998,0,0.19999999999999998
12,219,1,8000000,177.51052081496468,1349524.013769784,6000000000,661595,662795,654001,8794,5928,1200,0,1.778404812001676,1.778404812001676
12,222,0,4000000,181.93324599973477,0,4000000000,663001,667001,663001,4000,0,4000,0.39999999999999997,0,0.39999999999999997
12,220,1,8000000,202.0252350574056,807403.3352797301,4000000000,668291,669091,657001,12090,9908,800,0,2.972492055867597,2.972492055867597
12,223,1,2000000,158.7823809495247,2097048.7980837026,8000000000,668371,669971,666001,3970,954,1600,0,0.2861163748541684,0.2861163748541684
12,224,0,7000000,133.42761670658737,0,2000000000,669001,671001,669001,2000,0,2000,0.19999999999999998,0,0.19999999999999998
12,225,1,9000000,109.71990202328838,8776406.338019539,4000000000,673482,674282,672001,2281,1025,800,0,0.30764300284315177,0.30764300284315177
12,226,1,2000000,91.06032780525226,17394594.376602765,5000000000,675116,676116,675001,1115,115,1000,0,0.034493474639860064,0.034493474639860064
12,227,0,9000000,77.83028330926211,0,4000000000,678001,682001,678001,4000,0,4000,0.39999999999999997,0,0.39999999999999997
12,228,1,4000000,68.9352812426264,43604008.86544324,5000000000,686916,687916,681001,6915,92,1000,0,0.027520405376098712,0.027520405376098712
12,230,0,2000000,84.97751820334597,0,7000000000,687001,694001,687001,7000,0,7000,0.7,0,0.7
12,229,1,3000000,71.21440303758786,39497060.91312718,10000000000,692716,694716,684001,10715,76,2000,0,0.022786505608088866,0.022786505608088866
12,231,1,9000000,88.67668521093916,19104249.9195276,9000000000,699516,701316,690001,11315,471,1800,0,0.14132980940749565,0.14132980940749565
12,232,0,5000000,107.7492835243001,0,8000000000,694001,702001,693001,9000,0,8000,0.7999999999999999,0,0.7999999999999999
12,233,0,9000000,129.2551654673808,0,4000000000,702001,706001,696001,10000,0,4000,0.39999999999999997,0,0.39999999999999997
12,234,0,6000000,153.03211460343874,0,4000000000,706001,710001,699001,11000,0,4000,0.39999999999999997,0,0.39999999999999997
12,235,1,6000000,181.5209629767317,1235137.2766204013,5000000000,713316,714316,702001,12315,4858,1000,0,1.457327889030427,1.457327889030427
12,237,0,10000000,207.5815418094778,0,10000000000,710001,720001,708001,12000,0,10000,0.9999999999999999,0,0.9999999999999999
12,240,1,4000000,149.0960016231153,2686395.033893386,6000000000,729970,731170,717001,14169,1489,1200,0,0.44669528675417586,0.44669528675417586
12,236,1,7000000,211.17732927565876,676888.9286769222,10000000000,729316,731316,705001,26315,10341,2000,0,3.1024292332639494,3.1024292332639494
12,242,0,3000000,97.27441852820303,0,10000000000,723001,733001,723001,10000,0,10000,0.9999999999999999,0,0.9999999999999999
12,238,1,8000000,198.1085543332241,872776.2762098233,6000000000,732570,733770,711001,22769,9166,1200,0,2.7498455966543918,2.7498455966543918
12,239,1,10000000,176.35123163732086,1385019.3220930973,3000000000,733770,734370,714001,20369,7220,600,0,2.1660347636640034,2.1660347636640034
12,241,1,8000000,122.13697761120507,5835423.119717769,2000000000,734370,734770,720001,14769,1371,400,0,0.4112812303002419,0.4112812303002419
12,243,0,8000000,77.30673709321842,0,4000000000,733001,737001,726001,11000,0,4000,0.39999999999999997,0,0.39999999999999997
12,245,0,6000000,80.63098969999066,0,5000000000,737001,742001,732001,10000,0,5000,0.49999999999999994,0,0.49999999999999994
12,246,0,2000000,102.93321427022472,0,2000000000,742001,744001,735001,9000,0,2000,0.19999999999999998,0,0.19999999999999998
12,244,1,2000000,68.02405236385144,45371138.744769685,8000000000,746570,748170,729001,19169,44,1600,0,0.013224265835055045,0.013224265835055045
12,248,0,7000000,151.09244355691652,0,6000000000,744001,750001,741001,9000,0,6000,0.6,0,0.6
12,247,1,5000000,127.69200014096423,4915961.77540055,3000000000,760170,760770,738001,22769,1017,600,0,0.3051284913373397,0.3051284913373397
12,254,0,8000000,229.94667077389929,0,2000000000,759001,761001,759001,2000,0,2000,0.19999999999999998,0,0.19999999999999998
12,255,0,5000000,213.22245660342628,0,6000000000,762001,768001,762001,6000,0,6000,0.6,0,0.6
12,249,1,4000000,176.86904675493673,1369023.1326060703,10000000000,770970,772970,744001,28969,2922,2000,0,0.876537416658316,0.876537416658316
12,257,1,4000000,192.70673314650944,974142.5144236841,7000000000,775494,776894,768001,8893,4106,1400,0,1.2318526111242936,1.2318526111242936
12,256,1,7000000,202.38985399470994,801632.796896749,3000000000,778894,779494,765001,14493,8732,600,0,2.6196532977810314,2.6196532977810314
12,250,1,5000000,199.4084383871455,850372.6698909684,7000000000,781370,782770,747001,35769,5880,1400,0,1.7639325123093672,1.7639325123093672
12,258,1,9000000,188.78181718587203,1057107.295888215,4000000000,783094,783894,771001,12893,8514,800,0,2.554139972831589,2.554139972831589
12,259,0,2000000,191.65000104356903,0,10000000000,774001,784001,774001,10000,0,10000,0.9999999999999999,0,0.9999999999999999
12,251,1,3000000,216.08317310702378,617733.4666171712,2000000000,786570,786970,750001,36969,4856,400,0,1.4569390338013826,1.4569390338013826
12,253,1,10000000,250.0185273134773,345316.3359086975,7000000000,788494,789894,756001,33893,28959,1400,0,8.687686298146078,8.687686298146078
12,260,0,2000000,199.5008513766295,0,6000000000,784001,790001,777001,13000,0,6000,0.6,0,0.6
12,252,1,4000000,232.56066262375504,460906.2378397949,7000000000,788770,790170,753001,37169,8679,1400,0,2.603566412171459,2.603566412171459
12,262,1,2000000,198.18912381863944,871366.4407406861,7000000000,789894,791294,783001,8293,2295,1400,0,0.6885736837535114,0.6885736837535114
12,263,0,5000000,192.49860700794693,0,2000000000,790001,792001,786001,6000,0,2000,0.19999999999999998,0,0.19999999999999998
12,265,0,10000000,199.08986237375322,0,4000000000,792001,796001,792001,4000,0,4000,0.39999999999999997,0,0.39999999999999997
12,266,0,8000000,196.61391430923703,0,3000000000,796001,799001,795001,4000,0,3000,0.3,0,0.3
12,261,1,8000000,210.72596233022642,682679.6243884469,3000000000,801494,802094,780001,22093,11719,600,0,3.5155582710556956,3.5155582710556956
12,268,0,6000000,193.35415718313376,0,4000000000,801001,805001,801001,4000,0,4000,0.39999999999999997,0,0.39999999999999997
12,264,1,5000000,193.16037533614391,965084.2338912592,3000000000,805694,806294,789001,17293,5181,600,0,1.5542684745267659,1.5542684745267659
12,269,0,10000000,201.44591557040812,0,5000000000,805001,810001,804001,6000,0,5000,0.49999999999999994,0,0.49999999999999994
12,267,1,2000000,192.5221176904098,977859.1861575803,9000000000,809494,811294,798001,13293,2045,1800,0,0.6135852774034389,0.6135852774034389
12,270,0,10000000,215.9405631186508,0,2000000000,810001,812001,807001,5000,0,2000,0.19999999999999998,0,0.19999999999999998
12,273,0,9000000,226.97422100317908,0,5000000000,816001,821001,816001,5000,0,5000,0.49999999999999994,0,0.49999999999999994
12,271,1,5000000,235.65959602782996,437208.4093539523,2000000000,821694,822094,810001,12093,11436,400,0,3.4308580711347663,3.4308580711347663
12,272,1,2000000,248.8367418610041,351907.0874563,6000000000,828370,829570,813001,16569,5683,1200,0,1.7049954984908007,1.7049954984908007
12,276,0,10000000,153.16801787579547,0,9000000000,825001,834001,825001,9000,0,9000,0.8999999999999999,0,0.8999999999999999
12,274,1,3000000,212.65857377495973,658310.84175926,4000000000,834170,834970,819001,15969,4557,800,0,1.367135314974995,1.367135314974995
12,275,1,4000000,184.66292129174175,1153848.9188039808,3000000000,834970,835570,822001,13569,3467,600,0,1.0399975078573171,1.0399975078573171
12,280,0,3000000,68.52631903144948,0,2000000000,837001,839001,837001,2000,0,2000,0.19999999999999998,0,0.19999999999999998
12,277,1,8000000,124.79110384959343,5372043.156182032,8000000000,837570,839170,828001,11169,1489,1600,0,0.44675739383034024,0.44675739383034024
12,278,1,10000000,94.9386733633876,14979594.19974548,10000000000,841170,843170,831001,12169,668,2000,0,0.2002724479713191,0.2002724479713191
12,279,1,3000000,70.60632053860334,40550690.89851386,9000000000,843170,844970,834001,10969,74,1800,0,0.0221944430552966,0.0221944430552966
12,281,0,5000000,89.79805120379838,0,8000000000,840001,848001,840001,8000,0,8000,0.7999999999999999,0,0.7999999999999999
12,282,0,6000000,119.49614763664978,0,4000000000,848001,852001,843001,9000,0,4000,0.39999999999999997,0,0.39999999999999997
12,283,1,4000000,152.76593926657867,2441569.4905695864,5000000000,855770,856770,846001,10769,1638,1000,0,0.4914871375297435,0.4914871375297435
12,284,1,3000000,173.91353052594846,1463521.9498123887,5000000000,856770,857770,849001,8769,2050,1000,0,0.6149549038983477,0.6149549038983477
12,286,0,9000000,178.4613532392938,0,3000000000,855001,858001,855001,3000,0,3000,0.3,0,0.3
12,285,1,8000000,174.0341161956471,1459510.6694019756,10000000000,859770,861770,852001,9769,5481,2000,0,1.6443867457189494,1.6443867457189494
12,287,0,9000000,193.81614896597242,0,4000000000,858001,862001,858001,4000,0,4000,0.39999999999999997,0,0.39999999999999997
12,288,0,6000000,212.64044112068615,0,2000000000,862001,864001,861001,3000,0,2000,0.19999999999999998,0,0.19999999999999998
12,290,1,2000000,224.4716400795432,530763.6342176767,4000000000,870769,871569,867001,4568,3768,800,0,1.1304467022959754,1.1304467022959754
12,291,0,6000000,203.89500655974874,0,3000000000,870001,873001,870001,3000,0,3000,0.3,0,0.3
12,292,1,2000000,188.74213228635517,1057990.1551502657,8000000000,874891,876491,873001,3490,1890,1600,0,0.5671130275449324,0.5671130275449324
12,293,1,7000000,180.43464994285324,1264890.0819592183,8000000000,881535,883135,876001,7134,5534,1600,0,1.660223311062144,1.660223311062144
12,295,0,9000000,204.3177997630162,0,3000000000,882001,885001,882001,3000,0,3000,0.3,0,0.3
12,289,1,4000000,236.4370954397808,431502.9334187014,6000000000,884570,885770,864001,21769,9270,1200,0,2.780977618141939,2.780977618141939
12,294,1,7000000,183.8105342465442,1175226.668718857,8000000000,884957,886557,879001,7556,5956,1600,0,1.7868893345394048,1.7868893345394048
12,298,1,4000000,147.43450647660475,2807187.1935233586,8000000000,892426,894026,891001,3025,1425,1600,0,0.42747416444781344,0.42747416444781344
12,296,0,2000000,174.04258817887074,0,10000000000,885001,895001,885001,10000,0,10000,0.9999999999999999,0,0.9999999999999999
12,299,1,7000000,167.98716171184032,1678719.7335058758,2000000000,898171,898571,894001,4570,4170,400,0,1.2509533057160847,1.2509533057160847
12,297,0,5000000,148.24045938946628,0,9000000000,895001,904001,888001,16000,0,9000,0.8999999999999999,0,0.8999999999999999
12,301,1,5000000,187.73773222237455,1080643.444601481,2000000000,904628,905028,900001,5027,4627,400,0,1.3880619065367754,1.3880619065367754
12,300,1,6000000,198.24753844625664,870346.0528111891,9000000000,903895,905695,897001,8694,6894,1800,0,2.0681428888958124,2.0681428888958124
12,302,0,2000000,165.7391595248389,0,9000000000,904001,913001,903001,10000,0,9000,0.8999999999999999,0,0.8999999999999999
12,303,1,10000000,188.04333144251623,1073687.600767946,6000000000,915315,916515,906001,10514,9314,1200,0,2.7941088244423007,2.7941088244423007
12,306,1,2000000,173.0874903047589,1491371.6422812424,2000000000,916672,917072,915001,2071,1341,400,0,0.40231420726373995,0.40231420726373995
12,304,0,5000000,204.65493739463014,0,6000000000,913001,919001,909001,10000,0,6000,0.6,0,0.6
12,308,1,2000000,186.33467095524654,1113308.25672786,5000000000,922797,923797,921001,2796,1796,1000,0,0.5389342945892348,0.5389342945892348
12,305,0,10000000,181.95087908553782,0,8000000000,919001,927001,912001,15000,0,8000,0.7999999999999999,0,0.7999999999999999
12,307,1,10000000,177.38445704176002,1353328.628589789,8000000000,925842,927442,918001,9441,7389,1600,0,2.2167564748305773,2.2167564748305773
12,309,1,9000000,199.29186084735122,852352.428933116,3000000000,934645,935245,924001,11244,10559,600,0,3.167703767066837,3.167703767066837
12,310,0,10000000,214.88426582697952,0,9000000000,927001,936001,927001,9000,0,9000,0.8999999999999999,0,0.8999999999999999
12,313,1,2000000,227.88675959783183,499763.04363666713,6000000000,940003,941203,936001,5202,4002,1200,0,1.2005689649117115,1.2005689649117115
12,314,1,3000000,209.59030941338867,697524.6657614834,2000000000,943302,943702,939001,4701,4301,400,0,1.2902769524536821,1.2902769524536821
12,312,1,4000000,246.99878967314802,362472.36983693,4000000000,944036,944836,933001,11835,11035,800,0,3.3105971650745656,3.3105971650745656
12,315,1,3000000,192.80283426339977,972214.7701022528,2000000000,945087,945487,942001,3486,3086,400,0,0.925721381403558,0.925721381403558
12,316,1,3000000,176.96205977553493,1366174.1757921495,7000000000,947197,948597,945001,3596,2196,1400,0,0.6587739806149919,0.6587739806149919
12,311,1,8000000,234.04332761264527,449373.344233568,4000000000,947804,948604,930001,18603,17803,800,0,5.340770721711003,5.340770721711003
12,317,1,3000000,163.04942594195168,1888733.3947640774,2000000000,949589,949989,948001,1988,1588,400,0,0.4765098147229082,0.4765098147229082
12,318,1,3000000,151.6963061514683,2509967.6740807043,6000000000,952196,953396,951001,2395,1195,1200,0,0.35857035502643764,0.35857035502643764
12,319,1,2000000,152.02367841885686,2488784.7649759115,2000000000,954805,955205,954001,1204,804,400,0,0.2410815143373024,0.2410815143373024
12,320,1,4000000,172.9672026714891,1495481.8331129292,2000000000,959676,960076,957001,3075,2675,400,0,0.8024169691865348,0.8024169691865348
12,322,1,4000000,154.9446675429652,2309240.8167698625,3000000000,964733,965333,963001,2332,1732,600,0,0.5196513032705463,0.5196513032705463
12,321,1,9000000,165.20061894557176,1793449.4019580465,7000000000,965674,967074,960001,7073,5018,1400,0,1.5054787701577768,1.5054787701577768
12,323,1,6000000,132.7950665499287,4223212.095402273,2000000000,967422,967822,966001,1821,1421,400,0,0.42621586587129356,0.42621586587129356
12,324,1,8000000,114.08927469311044,7571380.502395434,9000000000,970058,971858,969001,2857,1057,1800,0,0.31698314451911214,0.31698314451911214
12,325,1,10000000,100.65736982456873,12101140.49382407,9000000000,972827,974627,972001,2626,826,1800,0,0.24791051732116307,0.24791051732116307
12,327,1,7000000,97.64590979657054,13526194.076258607,7000000000,978519,979919,978001,1918,518,1400,0,0.15525431530558575,0.15525431530558575
12,326,0,3000000,94.79724257593149,0,6000000000,975001,981001,975001,6000,0,6000,0.6,0,0.6
12,328,0,10000000,108.66817381367929,0,6000000000,981001,987001,981001,6000,0,6000,0.6,0,0.6
12,329,1,8000000,125.61521603691169,5237394.643557723,2000000000,986882,987282,984001,3281,1527,400,0,0.45824310813624275,0.45824310813624275
12,330,1,10000000,139.1391454623752,3521317.188506237,10000000000,989841,991841,987001,4840,2840,2000,0,0.8519539250233283,0.8519539250233283
12,331,1,3000000,157.49106133365157,2165641.847650991,8000000000,991841,993441,990001,3440,1385,1600,0,0.41558118253773313,0.41558118253773313
13,1,1,2000000,120.75001656314585,6096969.813949739,7000000000,329,1729,1,1728,328,1400,0,0.09840954085539552,0.09840954085539552
13,2,1,10000000,127.24996856581144,4982307.379901997,9000000000,5389,7189,3001,4188,2007,1800,0,0.6021306537813431,0.6021306537813431
13,3,1,5000000,146.36605617423737,2888419.765775829,10000000000,7989,9989,6001,3988,1731,2000,0,0.5193151001710793,0.5193151001710793
13,5,0,9000000,184.60826769134692,0,3000000000,12001,15001,12001,3000,0,3000,0.3,0,0.3
13,4,1,8000000,169.90728824862106,1604935.14492198,7000000000,13986,15386,9001,6385,4985,1400,0,1.4953875286447602,1.4953875286447602
13,6,1,7000000,171.16096342332267,1558926.4944178583,2000000000,20778,21178,15001,6177,4490,400,0,1.3470808325598391,1.3470808325598391
13,7,1,2000000,189.54850619300592,1040229.5452181884,2000000000,21178,21578,18001,3577,1923,400,0,0.5767957685475563,0.5767957685475563
13,8,0,6000000,209.98510637661897,0,8000000000,21001,29001,21001,8000,0,8000,0.7999999999999999,0,0.7999999999999999
13,9,0,4000000,230.29183767558936,0,7000000000,29001,36001,24001,12000,0,7000,0.7,0,0.7
13,13,1,5000000,182.9835621032665,1196439.8883967304,9000000000,40180,41980,36001,5979,4179,1800,0,1.253719484403057,1.253719484403057
13,10,0,10000000,246.32989302965242,0,6000000000,36001,42001,27001,15000,0,6000,0.6,0,0.6
13,15,1,2000000,150.98788461330264,2556575.5083195004,8000000000,42783,44383,42001,2382,782,1600,0,0.23468894153429276,0.23468894153429276
13,14,1,9000000,165.1147058865442,1797138.8614949766,7000000000,44383,45783,39001,6782,5008,1400,0,1.5023880779885674,1.5023880779885674
13,16,1,4000000,157.39635605693033,2170781.0970057547,6000000000,46844,48044,45001,3043,1843,1200,0,0.5527964112342825,0.5527964112342825
13,11,0,3000000,222.88674904533917,0,9000000000,42001,51001,30001,21000,0,9000,0.8999999999999999,0,0.8999999999999999
13,17,1,6000000,165.87394068991065,1764857.2539825845,6000000000,51674,52874,48001,4873,3400,1200,0,1.019912514702315,1.019912514702315
13,12,0,4000000,203.25237440187504,0,6000000000,51001,57001,33001,24000,0,6000,0.6,0,0.6
13,18,1,10000000,164.20975001503413,1836579.2407449097,9000000000,56446,58246,51001,7245,5445,1800,0,1.6334715831717728,1.6334715831717728
13,20,1,3000000,113.08018615124398,7830925.328005918,6000000000,58246,59446,57001,2445,383,1200,0,0.11492894674672856,0.11492894674672856
13,19,0,5000000,136.36094638861968,0,4000000000,57001,61001,54001,7000,0,4000,0.39999999999999997,0,0.39999999999999997
13,21,1,5000000,98.05623131652578,13320749.708629057,6000000000,60376,61576,60001,1575,375,1200,0,0.11260627463244911,0.11260627463244911
13,22,1,8000000,95.20716622187636,14827493.79845755,5000000000,63541,64541,63001,1540,540,1000,0,0.16186147386887886,0.16186147386887886
13,23,1,9000000,105.36076878990588,10216725.903140495,10000000000,66882,68882,66001,2881,881,2000,0,0.2642725297318639,0.2642725297318639
13,24,0,9000000,125.59642232165692,0,4000000000,69001,73001,69001,4000,0,4000,0.39999999999999997,0,0.39999999999999997
13,25,1,7000000,152.02736727313274,2488547.337205049,4000000000,74814,75614,72001,3613,2813,800,0,0.8438658041998764,0.8438658041998764
13,26,0,10000000,181.81956027886542,0,8000000000,75001,83001,75001,8000,0,8000,0.7999999999999999,0,0.7999999999999999
13,27,0,5000000,213.64483471406467,0,4000000000,83001,87001,78001,9000,0,4000,0.39999999999999997,0,0.39999999999999997
13,28,0,2000000,211.88263850537635,0,7000000000,87001,94001,81001,13000,0,7000,0.7,0,0.7
13,31,1,5000000,221.64078347632685,558297.1140666986,2000000000,98957,99357,90001,9356,8956,400,0,2.686741453979284,2.686741453979284
13,29,0,3000000,212.30544905866176,0,8000000000,94001,102001,84001,18000,0,8000,0.7999999999999999,0,0.7999999999999999
13,30,0,7000000,220.61269523760416,0,4000000000,102001,106001,87001,19000,0,4000,0.39999999999999997,0,0.39999999999999997
13,32,0,5000000,221.64078347632685,0,2000000000,106001,108001,93001,15000,0,2000,0.19999999999999998,0,0.19999999999999998
13,35,1,3000000,223.22003427111997,542723.1533914857,3000000000,107529,108129,102001,6128,5528,600,0,1.6583040439234729,1.6583040439234729
13,33,0,10000000,221.64078347632685,0,3000000000,108001,111001,96001,15000,0,3000,0.3,0,0.3
13,38,1,5000000,157.70340040722007,2154173.7902569664,9000000000,114790,116590,111001,5589,2321,1800,0,0.6963226489823129,0.6963226489823129
13,36,1,6000000,209.7801175040189,695015.7274838551,4000000000,116590,117390,105001,12389,8633,800,0,2.589869450172713,2.589869450172713
13,34,0,10000000,221.64078347632685,0,10000000000,111001,121001,99001,22000,0,10000,0.9999999999999999,0,0.9999999999999999
13,39,1,9000000,134.00117312919318,4077364.2458240883,10000000000,119990,121990,114001,7989,2207,2000,0,0.6621924942725579,0.6621924942725579
13,40,1,7000000,116.40936775019442,7013123.055155232,10000000000,123590,125590,117001,8589,998,2000,0,0.2994386357524875,0.2994386357524875
13,41,1,2000000,100.73682147060234,12066027.012224782,8000000000,128190,129790,120001,9789,166,1600,0,0.04972639290398618,0.04972639290398618
13,37,0,8000000,183.15362950266638,0,9000000000,121001,130001,108001,22000,0,9000,0.8999999999999999,0,0.8999999999999999
13,42,1,7000000,92.33013863305959,16556855.529089093,8000000000,130990,132590,123001,9589,423,1600,0,0.1268356782065571,0.1268356782065571
13,43,1,9000000,92.98804277970375,16141401.028635914,4000000000,136590,137390,126001,11389,558,800,0,0.1672717253731582,0.1672717253731582
13,45,0,8000000,119.13689646788687,0,9000000000,132001,141001,132001,9000,0,9000,0.8999999999999999,0,0.8999999999999999
13,44,1,10000000,102.6083529738198,11272963.496776491,6000000000,140790,141990,129001,12989,887,1200,0,0.26612345554546074,0.26612345554546074
13,46,0,10000000,140.14973778070365,0,2000000000,141001,143001,135001,8000,0,2000,0.19999999999999998,0,0.19999999999999998
13,47,0,5000000,163.98866820606847,0,8000000000,143001,151001,138001,13000,0,8000,0.7999999999999999,0,0.7999999999999999
13,51,1,6000000,155.76107504765105,2261950.665890239,7000000000,152790,154190,150001,4189,2653,1400,0,0.7957733239471744,0.7957733239471744
13,52,1,5000000,169.17000679789547,1632780.9199548098,3000000000,156063,156663,153001,3662,3062,600,0,0.9186780551315575,0.9186780551315575
13,49,0,6000000,156.35581984691197,0,9000000000,151001,160001,144001,16000,0,9000,0.8999999999999999,0,0.8999999999999999
13,53,1,4000000,184.80251432272232,1150394.1873622723,10000000000,159478,161478,156001,5477,3477,2000,0,1.0431207086950502,1.0431207086950502
13,50,0,2000000,145.18573104819907,0,6000000000,160001,166001,147001,19000,0,6000,0.6,0,0.6
13,56,0,5000000,205.69750314478782,0,2000000000,166001,168001,165001,3000,0,2000,0.19999999999999998,0,0.19999999999999998
13,54,1,7000000,202.33267704451498,802534.2868245495,5000000000,167723,168723,159001,9722,8722,1000,0,2.616710630905547,2.616710630905547
13,55,1,9000000,219.35553172874396,581833.5774463816,8000000000,177469,179069,162001,17068,15468,1600,0,4.6405022065761,4.6405022065761
13,58,0,2000000,174.94799798797354,0,9000000000,171001,180001,171001,9000,0,9000,0.8999999999999999,0,0.8999999999999999
13,48,1,6000000,169.5314203916195,1619056.6705862614,10000000000,178504,180504,141001,39503,3706,2000,0,1.111758490422833,1.111758490422833
13,59,0,9000000,208.8154833818604,0,9000000000,180001,189001,174001,15000,0,9000,0.8999999999999999,0,0.8999999999999999
13,60,0,2000000,216.10116635501998,0,2000000000,189001,191001,177001,14000,0,2000,0.19999999999999998,0,0.19999999999999998
13,61,0,7000000,208.47692462236674,0,3000000000,191001,194001,180001,14000,0,3000,0.3,0,0.3
13,62,0,10000000,190.79458509087726,0,3000000000,194001,197001,183001,14000,0,3000,0.3,0,0.3
13,67,1,3000000,201.44814345136066,816642.6911329031,2000000000,201725,202125,198001,4124,3674,400,0,1.1020731707663456,1.1020731707663456
13,63,0,8000000,175.101414328954,0,9000000000,197001,206001,186001,20000,0,9000,0.8999999999999999,0,0.8999999999999999
13,57,1,6000000,189.4460155294906,1042466.2365133583,4000000000,207104,207904,168001,39903,5756,800,0,1.7266746269119426,1.7266746269119426
13,69,1,2000000,193.88904868506626,950752.5574315576,8000000000,206698,208298,204001,4297,2104,1600,0,0.6310790281972948,0.6310790281972948
13,66,0,5000000,207.60173433764948,0,3000000000,206001,209001,195001,14000,0,3000,0.3,0,0.3
13,70,0,10000000,210.23303498736823,0,2000000000,209001,211001,207001,4000,0,2000,0.19999999999999998,0,0.19999999999999998
13,68,1,9000000,196.51949343512973,901171.9168702166,7000000000,211616,213016,201001,12015,9987,1400,0,2.9960986904442604,2.9960986904442604
13,74,0,8000000,122.37966048326815,0,7000000000,219001,226001,219001,7000,0,7000,0.7,0,0.7
13,64,1,9000000,162.5941776325339,1909696.7693634357,4000000000,233304,234104,189001,45103,4713,800,0,1.4138370254980315,1.4138370254980315
13,75,0,8000000,101.5854659880044,0,10000000000,226001,236001,222001,14000,0,10000,0.9999999999999999,0,0.9999999999999999
13,65,1,5000000,177.94693872050738,1336455.1493586125,2000000000,237504,237904,192001,45903,3741,400,0,1.1223721205458153,1.1223721205458153
13,77,0,3000000,76.96273448884202,0,5000000000,236001,241001,228001,13000,0,5000,0.49999999999999994,0,0.49999999999999994
13,80,0,6000000,67.59417504489566,0,2000000000,241001,243001,237001,6000,0,2000,0.19999999999999998,0,0.19999999999999998
13,82,0,4000000,88.84440894057435,0,3000000000,243001,246001,243001,3000,0,3000,0.3,0,0.3
13,83,0,6000000,106.10602857519457,0,9000000000,246001,255001,246001,9000,0,9000,0.8999999999999999,0,0.8999999999999999
13,84,0,6000000,127.36172109389857,0,3000000000,255001,258001,249001,9000,0,3000,0.3,0,0.3
13,71,1,2000000,196.12868020766365,908331.0779665459,3000000000,258504,259104,210001,49103,2202,600,0,0.6605520988483652,0.6605520988483652
13,86,0,6000000,171.93845323254484,0,4000000000,258001,262001,255001,7000,0,4000,0.39999999999999997,0,0.39999999999999997
13,72,1,4000000,168.63311418579684,1653436.5243817924,5000000000,263904,264904,213001,51903,2419,1000,0,0.7257611539993476,0.7257611539993476
13,87,0,3000000,195.91918538009492,0,4000000000,262001,266001,258001,8000,0,4000,0.39999999999999997,0,0.39999999999999997
13,73,1,7000000,145.70692536732767,2939982.541204819,2000000000,268304,268704,216001,52703,2381,400,0,0.7142899560006944,0.7142899560006944
13,89,0,8000000,193.6315927218489,0,10000000000,266001,276001,264001,12000,0,10000,0.9999999999999999,0,0.9999999999999999
13,90,1,6000000,183.99953478202053,1170444.3320238343,7000000000,276044,277444,267001,10443,5126,1400,0,1.5378774972472127,1.5378774972472127
13,92,0,2000000,179.41015913264224,0,2000000000,276001,278001,273001,5000,0,2000,0.19999999999999998,0,0.19999999999999998
13,76,1,4000000,82.86060885607823,24155251.225786593,5000000000,279304,280304,225001,55303,166,1000,0,0.04967863876815974,0.04967863876815974
13,91,1,7000000,178.882322212118,1308970.222937989,5000000000,280644,281644,270001,11643,5348,1000,0,1.6043145697283636,1.6043145697283636
13,88,1,10000000,215.83595738430608,620556.3488466457,9000000000,281644,283444,261001,22443,16115,1800,0,4.83437161762303,4.83437161762303
13,78,1,7000000,72.62003304873933,37172708.219255246,6000000000,286304,287504,231001,56503,188,1200,0,0.056493059037119396,0.056493059037119396
13,93,1,5000000,185.56506702501952,1131747.5684559126,5000000000,287244,288244,276001,12243,4418,1000,0,1.3253838946139804,1.3253838946139804
13,96,0,8000000,231.86353572737568,0,5000000000,285001,290001,285001,5000,0,5000,0.49999999999999994,0,0.49999999999999994
13,79,1,10000000,65.61572982143836,50413881.74766192,3000000000,290304,290904,234001,56903,198,600,0,0.05950741930597584,0.05950741930597584
13,97,0,9000000,237.42609165801466,0,2000000000,290001,292001,288001,4000,0,2000,0.19999999999999998,0,0.19999999999999998
13,94,1,6000000,196.9287487900129,893750.0834200443,6000000000,291044,292244,279001,13243,6713,1200,0,2.0139858260063925,2.0139858260063925
13,95,1,6000000,212.6934312572911,657881.3574910185,7000000000,294644,296044,282001,14043,9120,1400,0,2.736055642106524,2.736055642106524
13,81,1,8000000,78.29342820441572,29199990.820178196,4000000000,296104,296904,240001,56903,274,800,0,0.08219180666116914,0.08219180666116914
13,98,0,8000000,218.1101568015575,0,5000000000,292001,297001,291001,6000,0,5000,0.49999999999999994,0,0.49999999999999994
13,99,0,8000000,201.74382592783354,0,5000000000,297001,302001,294001,8000,0,5000,0.49999999999999994,0,0.49999999999999994
13,101,1,5000000,181.86615655475867,1225865.4682272035,6000000000,304834,306034,300001,6033,4079,1200,0,1.2236252989239012,1.2236252989239012
13,100,1,8000000,189.360801117866,1044330.4606765882,6000000000,306034,307234,297001,10233,7660,1200,0,2.29812314240563,2.29812314240563
13,102,0,5000000,179.8319977089728,0,5000000000,303001,308001,303001,5000,0,5000,0.49999999999999994,0,0.49999999999999994
13,104,0,2000000,192.5600109056914,0,5000000000,309001,314001,309001,5000,0,5000,0.49999999999999994,0,0.49999999999999994
13,85,1,9000000,149.95239144475156,2626644.213812244,8000000000,313704,315304,252001,63303,3426,1600,0,1.0279275684929132,1.0279275684929132
13,103,1,10000000,183.52826321850264,1182414.4055142237,7000000000,315404,316804,306001,10803,8457,1400,0,2.5371815380541825,2.5371815380541825
13,105,0,9000000,206.22745937435198,0,5000000000,314001,319001,312001,7000,0,5000,0.49999999999999994,0,0.49999999999999994
13,106,1,4000000,223.69852793436078,538111.6889610491,10000000000,322434,324434,315001,9433,7433,2000,0,2.2300203184897947,2.2300203184897947
13,107,0,8000000,233.11138796721195,0,6000000000,319001,325001,318001,7000,0,6000,0.6,0,0.6
13,108,0,8000000,219.97145019297386,0,4000000000,325001,329001,321001,8000,0,4000,0.39999999999999997,0,0.39999999999999997
13,109,0,10000000,201.61695960409676,0,10000000000,329001,339001,324001,15000,0,10000,0.9999999999999999,0,0.9999999999999999
13,113,1,10000000,149.1284895652068,2684097.8556883987,4000000000,340639,341439,336001,5438,3726,800,0,1.1176939743989256,1.1176939743989256
13,110,0,4000000,184.55451904518623,0,4000000000,339001,343001,327001,16000,0,4000,0.39999999999999997,0,0.39999999999999997
13,111,0,4000000,169.94905854402376,0,6000000000,343001,349001,330001,19000,0,6000,0.6,0,0.6
13,112,0,2000000,158.0739175196212,0,6000000000,349001,355001,333001,22000,0,6000,0.6,0,0.6
13,121,1,4000000,137.882489461135,3648218.4474343155,5000000000,361097,362097,360001,2096,1096,1000,0,0.3289276717637138,0.3289276717637138
13,114,0,9000000,144.26475661089233,0,10000000000,355001,365001,339001,26000,0,10000,0.9999999999999999,0,0.9999999999999999
13,122,1,3000000,123.26092365384909,5633462.0546995215,10000000000,364097,366097,363001,3096,533,2000,0,0.15975966310968687,0.15975966310968687
13,115,0,4000000,143.791617280007,0,3000000000,365001,368001,342001,26000,0,3000,0.3,0,0.3
13,124,1,3000000,167.00117514556595,1718244.6785226855,4000000000,370747,371547,369001,2546,1746,800,0,0.523790360738264,0.523790360738264
13,116,0,8000000,147.6768363691476,0,8000000000,368001,376001,345001,31000,0,8000,0.7999999999999999,0,0.7999999999999999
13,125,1,5000000,154.91055612836718,2311243.2239228957,6000000000,375347,376547,372001,4546,2163,1200,0,0.6490013618964928,0.6490013618964928
13,127,1,3000000,122.2208697399917,5820046.55423168,3000000000,378516,379116,378001,1115,515,600,0,0.15463793830749029,0.15463793830749029
13,117,0,4000000,155.7989942201168,0,4000000000,376001,380001,348001,32000,0,4000,0.39999999999999997,0,0.39999999999999997
13,118,0,9000000,167.50812666852914,0,10000000000,380001,390001,351001,39000,0,10000,0.9999999999999999,0,0.9999999999999999
13,131,1,4000000,51.35078675151918,94309502.93928051,3000000000,390043,390643,390001,642,42,600,0,0.012724062396687623,0.012724062396687623
13,133,1,3000000,10.716254009680792,523724325.4256296,6000000000,396007,397207,396001,1206,6,1200,0,0.001718461328426118,0.001718461328426118
13,119,0,4000000,174.19643279929707,0,8000000000,390001,398001,354001,44000,0,8000,0.7999999999999999,0,0.7999999999999999
13,134,1,4000000,29.10222671892995,238115970.58130354,3000000000,399018,399618,399001,617,17,600,0,0.005039561172946465,0.005039561172946465
13,120,0,7000000,155.39565405763443,0,3000000000,398001,401001,357001,44000,0,3000,0.3,0,0.3
13,136,1,7000000,78.70294340112065,28702381.92635546,3000000000,405245,405845,405001,844,244,600,0,0.07316465948325047,0.07316465948325047
13,123,0,3000000,112.65615162963795,0,9000000000,401001,410001,366001,44000,0,9000,0.8999999999999999,0,0.8999999999999999
13,138,1,10000000,131.18929986854877,4427473.460714664,9000000000,413260,415060,411001,4059,2259,1800,0,0.6775873478676375,0.6775873478676375
13,126,0,3000000,137.02842953197708,0,7000000000,410001,417001,375001,42000,0,7000,0.7,0,0.7
13,139,1,3000000,157.5165492892731,2164261.300444183,9000000000,415387,417187,414001,3186,1386,1800,0,0.4158462750386417,0.4158462750386417
13,128,0,8000000,111.78645714038878,0,10000000000,417001,427001,381001,46000,0,10000,0.9999999999999999,0,0.9999999999999999
13,141,1,9000000,177.81514558664563,1340385.1486447565,9000000000,426715,428515,420001,8514,6714,1800,0,2.0143464009056875,2.0143464009056875
13,143,1,4000000,196.7582336269565,896833.0848839594,4000000000,431115,431915,426001,5914,4460,800,0,1.3380416269491966,1.3380416269491966
13,129,0,8000000,102.87385382107543,0,8000000000,427001,435001,384001,51000,0,8000,0.7999999999999999,0,0.7999999999999999
13,130,0,4000000,77.39062087876029,0,7000000000,435001,442001,387001,55000,0,7000,0.7,0,0.7
13,132,0,4000000,27.651692534092692,0,5000000000,442001,447001,393001,54000,0,5000,0.49999999999999994,0,0.49999999999999994
13,135,0,10000000,54.5634832099271,0,2000000000,447001,449001,402001,47000,0,2000,0.19999999999999998,0,0.19999999999999998
13,149,1,4000000,182.25454342759198,1215536.7459486497,3000000000,450869,451469,444001,7468,3291,600,0,0.987218201341561,0.987218201341561
13,137,0,4000000,104.91122008631866,0,3000000000,449001,452001,408001,44000,0,3000,0.3,0,0.3
13,148,1,7000000,194.0628787274887,947372.8620292327,8000000000,452069,453669,441001,12668,7389,1600,0,2.216656275652533,2.216656275652533
13,140,0,3000000,176.48798259371657,0,6000000000,452001,458001,417001,41000,0,6000,0.6,0,0.6
13,152,1,2000000,181.90891402017664,1224723.0474489252,3000000000,461269,461869,453001,8868,1633,600,0,0.48990667828925777,0.48990667828925777
13,142,0,8000000,184.5894151894956,0,8000000000,458001,466001,423001,43000,0,8000,0.7999999999999999,0,0.7999999999999999
13,151,1,10000000,175.92421663886978,1398385.6262513408,6000000000,465069,466269,450001,16268,7151,1200,0,2.1453309757209924,2.1453309757209924
13,144,0,4000000,213.3316856446787,0,2000000000,466001,468001,429001,39000,0,2000,0.19999999999999998,0,0.19999999999999998
13,153,1,6000000,195.83800678111487,913701.7873539411,2000000000,468869,469269,456001,13268,6567,400,0,1.9700081852885039,1.9700081852885039
13,145,0,10000000,233.144634293822,0,6000000000,468001,474001,432001,42000,0,6000,0.6,0,0.6
13,146,0,3000000,230.65791987269805,0,6000000000,474001,480001,435001,45000,0,6000,0.6,0,0.6
13,160,1,2000000,222.26401980527578,552085.2632061355,8000000000,480827,482427,477001,5426,3623,1600,0,1.0867886538314904,1.0867886538314904
13,147,0,3000000,210.56797596025848,0,6000000000,480001,486001,438001,48000,0,6000,0.6,0,0.6
13,154,1,2000000,217.55842709488414,601216.7538700398,8000000000,486994,488594,459001,29593,3327,1600,0,0.9979761810325352,0.9979761810325352
13,161,1,4000000,206.89702027820508,734372.3465160724,6000000000,487627,488827,480001,8826,5447,1200,0,1.6340484574247744,1.6340484574247744
13,150,0,6000000,176.04010366959002,0,6000000000,486001,492001,447001,45000,0,6000,0.6,0,0.6
13,162,1,2000000,223.82785193089802,536873.7311240333,6000000000,492827,494027,483001,11026,3725,1200,0,1.117581221088619,1.117581221088619
13,155,1,4000000,192.66913608567407,974897.989111211,4000000000,496194,496994,462001,34993,4103,800,0,1.2308980153851876,1.2308980153851876
13,164,1,4000000,231.698460288367,467782.8511500325,9000000000,497741,499541,489001,10540,8551,1800,0,2.565292842715012,2.565292842715012
13,163,1,2000000,245.19748163470194,373213.9116352876,9000000000,499627,501427,486001,15426,5359,1800,0,1.6076571137742919,1.6076571137742919
13,159,0,4000000,210.06473216606355,0,10000000000,492001,502001,474001,28000,0,10000,0.9999999999999999,0,0.9999999999999999
13,168,1,2000000,224.78644643305338,527807.4315233843,7000000000,504790,506190,501001,5189,3789,1400,0,1.1367782341909243,1.1367782341909243
13,156,1,9000000,170.52768836760794,1581959.3529105631,9000000000,504794,506594,465001,41593,5689,1800,0,1.7067442314699257,1.7067442314699257
13,166,0,10000000,237.62432640619946,0,10000000000,502001,512001,495001,17000,0,10000,0.9999999999999999,0,0.9999999999999999
13,165,1,5000000,220.14410053417282,573574.4976252222,3000000000,512227,512827,492001,20826,8717,600,0,2.6151790329076157,2.6151790329076157
13,157,1,7000000,178.52842490763203,1319285.604413203,7000000000,512194,513594,468001,45593,5306,1400,0,1.5917705711145436,1.5917705711145436
13,172,1,5000000,182.6990150493428,1203848.9679626764,2000000000,519045,519445,513001,6444,4153,400,0,1.246003477112675,1.246003477112675
13,167,0,10000000,242.51554527493695,0,10000000000,512001,522001,498001,24000,0,10000,0.9999999999999999,0,0.9999999999999999
13,158,1,7000000,193.13000932014688,965687.2958351058,5000000000,522794,523794,471001,52793,7249,1000,0,2.1746169894302736,2.1746169894302736
13,173,1,9000000,181.0769808672544,1247191.1124494607,4000000000,523217,524017,516001,8016,7216,800,0,2.1648646891792303,2.1648646891792303
13,174,1,9000000,186.39916308824988,1111780.0914609,7000000000,527973,529373,519001,10372,8095,1400,0,2.428537820327534,2.428537820327534
13,169,0,6000000,212.6887145572139,0,10000000000,522001,532001,504001,28000,0,10000,0.9999999999999999,0,0.9999999999999999
13,176,1,2000000,214.4611883301965,636551.2330366931,10000000000,530573,532573,525001,7572,3142,2000,0,0.9425792754146057,0.9425792754146057
13,177,1,3000000,213.85140869304558,643810.1962244301,6000000000,532661,533861,528001,5860,4660,1200,0,1.3979275340433766,1.3979275340433766
13,170,0,10000000,199.67802908682768,0,4000000000,532001,536001,507001,29000,0,4000,0.39999999999999997,0,0.39999999999999997
13,178,1,4000000,189.48403257266827,1041635.878950683,3000000000,536072,536672,531001,5671,3840,600,0,1.1520340497572423,1.1520340497572423
13,180,1,3000000,142.45653126480377,3211536.037375428,4000000000,538472,539272,537001,2271,934,800,0,0.2802397324912192,0.2802397324912192
13,171,0,8000000,189.31388036802795,0,6000000000,536001,542001,510001,32000,0,6000,0.6,0,0.6
13,175,0,4000000,199.40686547859883,0,2000000000,542001,544001,522001,22000,0,2000,0.19999999999999998,0,0.19999999999999998
13,184,1,6000000,91.47595312430477,17115057.97303445,8000000000,549352,550952,549001,1951,351,1600,0,0.1051705464764409,0.1051705464764409
13,179,0,8000000,165.2850943067765,0,10000000000,544001,554001,534001,20000,0,10000,0.9999999999999999,0,0.9999999999999999
13,181,0,4000000,123.19025326705028,0,10000000000,554001,564001,540001,24000,0,10000,0.9999999999999999,0,0.9999999999999999
13,189,1,4000000,165.63200475753473,1775065.3437001302,9000000000,566254,568054,564001,4053,2253,1800,0,0.6760314510442729,0.6760314510442729
13,182,0,10000000,107.72335911955216,0,5000000000,564001,569001,543001,26000,0,5000,0.49999999999999994,0,0.49999999999999994
13,183,0,10000000,95.95582994273983,0,6000000000,569001,575001,546001,29000,0,6000,0.6,0,0.6
13,191,1,10000000,157.15056506420842,2184189.779667323,6000000000,574579,575779,570001,5778,4578,1200,0,1.3735070221127645,1.3735070221127645
13,185,0,10000000,95.14231498129524,0,3000000000,575001,578001,552001,26000,0,3000,0.3,0,0.3
13,186,0,3000000,106.27909389903543,0,2000000000,578001,580001,555001,25000,0,2000,0.19999999999999998,0,0.19999999999999998
13,194,1,5000000,157.27266005253423,2177516.3234427487,8000000000,581297,582897,579001,3896,2296,1600,0,0.6888582114637994,0.6888582114637994
13,187,0,7000000,122.88333532257339,0,8000000000,580001,588001,558001,30000,0,8000,0.7999999999999999,0,0.7999999999999999
13,188,0,2000000,143.10353070417236,0,8000000000,588001,596001,561001,35000,0,8000,0.7999999999999999,0,0.7999999999999999
13,190,0,2000000,169.74884182226396,0,4000000000,596001,600001,567001,33000,0,4000,0.39999999999999997,0,0.39999999999999997
13,192,0,8000000,137.60866615151826,0,7000000000,600001,607001,573001,34000,0,7000,0.7,0,0.7
13,203,1,6000000,188.36822051503276,1066353.6899592332,9000000000,612090,613890,606001,7889,5627,1800,0,1.6879952842558403,1.6879952842558403
13,195,1,6000000,166.30933377294255,1746669.3990309131,4000000000,615594,616394,582001,34393,3435,800,0,1.0305327390510624,1.0305327390510624
13,193,0,7000000,140.58765308518383,0,10000000000,607001,617001,576001,41000,0,10000,0.9999999999999999,0,0.9999999999999999
13,197,1,3000000,142.43429362341075,3213498.091245662,5000000000,616394,617394,588001,29393,934,1000,0,0.28006862753452866,0.28006862753452866
13,204,1,10000000,188.30285207611703,1067824.2680941862,6000000000,618366,619566,609001,10565,9365,1200,0,2.8094510394994963,2.8094510394994963
13,196,0,7000000,149.68752286012355,0,4000000000,617001,621001,585001,36000,0,4000,0.39999999999999997,0,0.39999999999999997
13,206,1,4000000,188.30285207611703,1067824.2680941862,10000000000,619566,621566,615001,6565,3746,2000,0,1.1237804157997984,1.1237804157997984
13,198,0,10000000,143.84068200616957,0,4000000000,621001,625001,591001,34000,0,4000,0.39999999999999997,0,0.39999999999999997
13,208,1,2000000,187.645882715289,1082745.0139981455,8000000000,627366,628966,621001,7965,1847,1600,0,0.5541470911830287,0.5541470911830287
13,207,1,9000000,188.30285207611703,1067824.2680941862,10000000000,628966,630966,618001,12965,8428,2000,0,2.5285059355495463,2.5285059355495463
13,199,0,3000000,153.30592584763318,0,8000000000,625001,633001,594001,39000,0,8000,0.7999999999999999,0,0.7999999999999999
13,200,0,8000000,169.69161028171078,0,5000000000,633001,638001,597001,41000,0,5000,0.49999999999999994,0,0.49999999999999994
13,212,1,7000000,223.82464319194168,536904.4038751264,5000000000,646039,647039,633001,14038,13038,1000,0,3.9113108122101,3.9113108122101
13,214,1,5000000,207.43376991223005,726838.8522727274,7000000000,645880,647280,639001,8279,6879,1400,0,2.0637311768760043,2.0637311768760043
13,201,0,4000000,191.00746058727654,0,10000000000,638001,648001,600001,48000,0,10000,0.9999999999999999,0,0.9999999999999999
13,202,0,6000000,201.59039287624793,0,2000000000,648001,650001,603001,47000,0,2000,0.19999999999999998,0,0.19999999999999998
13,217,1,4000000,170.33118475487686,1589192.177106228,6000000000,651427,652627,648001,4626,2517,1200,0,0.7551006211124756,0.7551006211124756
13,205,0,3000000,188.30285207611703,0,4000000000,650001,654001,612001,42000,0,4000,0.39999999999999997,0,0.39999999999999997
13,219,1,3000000,177.50486753889314,1349694.345136775,2000000000,656224,656624,654001,2623,2223,400,0,0.6668176415222338,0.6668176415222338
13,209,0,5000000,182.46319628900505,0,5000000000,654001,659001,624001,35000,0,5000,0.49999999999999994,0,0.49999999999999994
13,220,1,5000000,190.67738329440127,1015984.4807072147,3000000000,661922,662522,657001,5521,4921,600,0,1.4764005046178146,1.4764005046178146
13,210,0,8000000,186.22897304125374,0,5000000000,659001,664001,627001,37000,0,5000,0.49999999999999994,0,0.49999999999999994
13,221,1,2000000,208.76417748263233,708577.1197722255,2000000000,664122,664522,660001,4521,2823,400,0,0.8467673923663694,0.8467673923663694
13,222,1,3000000,230.07396832323295,481090.5768166606,4000000000,669237,670037,663001,7036,6236,800,0,1.8707495913871997,1.8707495913871997
13,211,0,6000000,202.8744185450694,0,10000000000,664001,674001,630001,44000,0,10000,0.9999999999999999,0,0.9999999999999999
13,213,0,2000000,228.96092985485535,0,2000000000,674001,676001,636001,40000,0,2000,0.19999999999999998,0,0.19999999999999998
13,223,1,4000000,236.4762537761456,431218.0447884546,8000000000,675277,676877,666001,10876,9276,1600,0,2.782814899568249,2.782814899568249
13,215,0,3000000,189.8624270359989,0,8000000000,676001,684001,642001,42000,0,8000,0.7999999999999999,0,0.7999999999999999
13,225,1,6000000,231.72034222312035,467606.75192203204,2000000000,684832,685232,672001,13231,12831,400,0,3.849388385863447,3.849388385863447
13,216,0,9000000,177.28984178457603,0,3000000000,684001,687001,645001,42000,0,3000,0.3,0,0.3
13,218,0,3000000,170.45972779515984,0,2000000000,687001,689001,651001,38000,0,2000,0.19999999999999998,0,0.19999999999999998
13,224,1,10000000,235.7351518123676,436649.85005334375,2000000000,692486,692886,669001,23885,22902,400,0,6.8704935994676335,6.8704935994676335
13,226,0,8000000,231.72034222312035,0,6000000000,689001,695001,675001,20000,0,6000,0.6,0,0.6
13,231,1,5000000,184.87072375040887,1148710.7800442812,10000000000,695446,697446,690001,7445,4353,2000,0,1.3058117204595026,1.3058117204595026
13,232,1,5000000,177.43715986230166,1351736.4334975912,6000000000,698646,699846,693001,6845,3699,1200,0,1.1096837836343434,1.1096837836343434
13,228,1,8000000,228.84570566213384,491467.0917818495,4000000000,699846,700646,681001,19645,16278,800,0,4.883338152507071,4.883338152507071
13,230,1,9000000,198.1106097613149,872740.2742488122,6000000000,700646,701846,687001,14845,10312,1200,0,3.0937039113084963,3.0937039113084963
13,227,1,10000000,231.72034222312035,467606.75192203204,6000000000,702446,703646,678001,25645,21385,1200,0,6.415647309772411,6.415647309772411
13,233,1,6000000,190.30208643102154,1023965.973007082,5000000000,703646,704646,696001,8645,5860,1000,0,1.7578709131456176,1.7578709131456176
13,229,0,10000000,215.78498047825292,0,10000000000,695001,705001,684001,21000,0,10000,0.9999999999999999,0,0.9999999999999999
13,235,0,2000000,172.0488921789385,0,4000000000,705001,709001,702001,7000,0,4000,0.39999999999999997,0,0.39999999999999997
13,236,1,8000000,147.27750676868482,2818945.091930855,6000000000,707839,709039,705001,4038,2838,1200,0,0.8513823156293208,0.8513823156293208
13,237,1,2000000,120.01489990830308,6241388.717101401,2000000000,709039,709439,708001,1438,320,400,0,0.09613245179810712,0.09613245179810712
13,234,1,9000000,199.42918166607413,850021.0010235494,6000000000,709589,710789,699001,11788,10588,1200,0,3.176392108840612,3.176392108840612
13,238,1,7000000,92.83009102656311,16240020.690227957,4000000000,711432,712232,711001,1231,431,800,0,0.12931018008269068,0.12931018008269068
13,239,0,6000000,66.0450126807468,0,3000000000,714001,717001,714001,3000,0,3000,0.3,0,0.3
13,240,1,6000000,48.93442551006396,104711236.58765042,4000000000,717058,717858,717001,857,57,800,0,0.017190132202223377,0.017190132202223377
13,241,1,10000000,25.83520466340457,271459958.3629639,9000000000,720038,721838,720001,1837,37,1800,0,0.011051353643798757,0.011051353643798757
13,242,1,7000000,15.500012903220453,417401580.2180957,2000000000,723018,723418,723001,417,17,400,0,0.005031126137334537,0.005031126137334537
13,244,1,2000000,53.610302181577055,85462501.79720494,7000000000,729024,730424,729001,1423,23,1400,0,0.007020622932660544,0.007020622932660544
13,243,0,10000000,36.416446833813936,0,8000000000,726001,734001,726001,8000,0,8000,0.7999999999999999,0,0.7999999999999999
13,246,1,3000000,105.89638567958774,10025197.808448007,7000000000,735300,736700,735001,1699,299,1400,0,0.08977378972428757,0.08977378972428757
13,245,0,5000000,78.79148304226798,0,7000000000,734001,741001,732001,9000,0,7000,0.7,0,0.7
13,247,1,6000000,131.31751787175995,4410724.1573302895,2000000000,741818,742218,738001,4217,1360,400,0,0.40809625263201654,0.40809625263201654
13,248,1,2000000,157.8943545539232,2143924.8825695394,6000000000,742618,743818,741001,2817,933,1200,0,0.2798605514951099,0.2798605514951099
13,249,1,2000000,185.2405527955474,1139636.571202697,7000000000,749218,750618,744001,6617,1755,1400,0,0.526483630976145,0.526483630976145
13,250,1,2000000,204.3730065346204,771131.2009906466,8000000000,749595,751195,747001,4194,2594,1600,0,0.7780777113274627,0.7780777113274627
13,252,1,2000000,152.2226382638272,2476018.9086421602,5000000000,753809,754809,753001,1808,808,1000,0,0.2423244822185295,0.2423244822185295
13,251,0,5000000,179.5587327311039,0,9000000000,750001,759001,750001,9000,0,9000,0.8999999999999999,0,0.8999999999999999
13,255,1,6000000,73.2359836419229,36201219.345445074,3000000000,762167,762767,762001,766,166,600,0,0.04972208208855485,0.04972208208855485
13,253,0,8000000,124.94887594532415,0,9000000000,759001,768001,756001,12000,0,9000,0.8999999999999999,0,0.8999999999999999
13,258,1,4000000,16.374006840110948,401628277.9478817,2000000000,771011,771411,771001,410,10,400,0,0.0029878374255204237,0.0029878374255204237
13,254,0,6000000,97.74951099621929,0,6000000000,768001,774001,759001,15000,0,6000,0.6,0,0.6
13,256,0,10000000,46.554536835844516,0,2000000000,774001,776001,765001,11000,0,2000,0.19999999999999998,0,0.19999999999999998
13,257,0,9000000,21.93021659719757,0,7000000000,776001,783001,768001,15000,0,7000,0.7,0,0.7
13,259,0,8000000,37.993727113827674,0,4000000000,783001,787001,774001,13000,0,4000,0.39999999999999997,0,0.39999999999999997
13,263,1,10000000,143.28119625407945,3139807.1604114454,5000000000,789596,790596,786001,4595,3185,1000,0,0.9554726920257341,0.9554726920257341
13,264,1,3000000,170.62966242714063,1578222.044594871,8000000000,790902,792502,789001,3501,1901,1600,0,0.5702619622393056,0.5702619622393056
13,260,0,3000000,64.34239659819964,0,9000000000,787001,796001,777001,19000,0,9000,0.8999999999999999,0,0.8999999999999999
13,261,0,8000000,91.25163067036118,0,4000000000,796001,800001,780001,20000,0,4000,0.39999999999999997,0,0.39999999999999997
13,262,0,9000000,115.98948271287362,0,3000000000,800001,803001,783001,20000,0,3000,0.3,0,0.3
13,265,0,5000000,124.55594245157468,0,3000000000,803001,806001,792001,14000,0,3000,0.3,0,0.3
13,266,0,9000000,148.20978274054644,0,8000000000,806001,814001,795001,19000,0,8000,0.7999999999999999,0,0.7999999999999999
13,267,0,10000000,178.53843423756132,0,10000000000,814001,824001,798001,26000,0,10000,0.9999999999999999,0,0.9999999999999999
13,268,0,5000000,188.45299599634913,0,6000000000,824001,830001,801001,29000,0,6000,0.6,0,0.6
13,277,1,2000000,207.6013220092781,724506.9361374063,3000000000,830761,831361,828001,3360,2760,600,0,0.8281494214517873,0.8281494214517873
13,269,0,7000000,187.69072459767415,0,4000000000,830001,834001,804001,30000,0,4000,0.39999999999999997,0,0.39999999999999997
13,270,0,2000000,193.11818479884278,0,5000000000,834001,839001,807001,32000,0,5000,0.49999999999999994,0,0.49999999999999994
13,278,1,8000000,194.6882071415728,935337.9210107866,9000000000,839554,841354,831001,10353,8553,1800,0,2.5659175642172243,2.5659175642172243
13,271,0,4000000,203.25987552884118,0,4000000000,839001,843001,810001,33000,0,4000,0.39999999999999997,0,0.39999999999999997
13,279,1,10000000,189.41887577535667,1043059.5194223459,3000000000,843588,844188,834001,10187,9587,600,0,2.8761541830915096,2.8761541830915096
13,282,1,2000000,199.24665768840399,853121.6286218269,3000000000,846788,847388,843001,4387,2344,600,0,0.7032994825946078,0.7032994825946078
13,272,0,2000000,217.10902790994214,0,6000000000,843001,849001,813001,36000,0,6000,0.6,0,0.6
13,281,1,8000000,198.85095725190772,859892.1154266989,3000000000,849508,850108,840001,10107,9303,600,0,2.791047803489933,2.791047803489933
13,284,1,5000000,144.3328597374833,3051178.470883667,5000000000,850640,851640,849001,2639,1639,1000,0,0.49161332721568973,0.49161332721568973
13,273,0,9000000,228.19667394596277,0,4000000000,849001,853001,816001,37000,0,4000,0.39999999999999997,0,0.39999999999999997
13,283,1,8000000,178.51235615497322,1319756.3698044925,7000000000,853840,855240,846001,9239,6062,1400,0,1.818517458912158,1.818517458912158
13,285,1,10000000,111.57645629791251,8237980.9631389,2000000000,856440,856840,852001,4839,1214,400,0,0.364166901261801,0.364166901261801
13,286,1,8000000,84.32764967672225,22750076.464702092,9000000000,857840,859640,855001,4639,352,1800,0,0.1054941509196122,0.1054941509196122
13,274,0,10000000,243.88903583392178,0,8000000000,853001,861001,819001,42000,0,8000,0.7999999999999999,0,0.7999999999999999
13,275,0,4000000,238.31158196780962,0,2000000000,861001,863001,822001,41000,0,2000,0.19999999999999998,0,0.19999999999999998
13,288,1,2000000,74.6858654632857,34021872.81558493,10000000000,865040,867040,861001,6039,59,2000,0,0.017635713449764844,0.017635713449764844
13,276,0,3000000,221.75347979231344,0,7000000000,863001,870001,825001,45000,0,7000,0.7,0,0.7
13,280,0,3000000,192.12808748332463,0,7000000000,870001,877001,837001,40000,0,7000,0.7,0,0.7
13,291,1,9000000,133.97831018489524,4080070.84475158,7000000000,875840,877240,870001,7239,2206,1400,0,0.6617532152592788,0.6617532152592788
13,292,1,5000000,168.40154393591524,1662445.6980786794,5000000000,880640,881640,873001,8639,3008,1000,0,0.9022851102647016,0.9022851102647016
13,287,0,9000000,69.42521515991147,0,7000000000,877001,884001,858001,26000,0,7000,0.7,0,0.7
13,289,0,9000000,94.77666590464133,0,2000000000,884001,886001,864001,22000,0,2000,0.19999999999999998,0,0.19999999999999998
13,293,1,4000000,192.36083723045087,981120.5361831011,7000000000,884640,886040,876001,10039,4077,1400,0,1.2230913080959611,1.2230913080959611
13,294,1,4000000,216.23990866627736,615952.0408536021,9000000000,887525,889325,879001,10324,6494,1800,0,1.9482036269203837,1.9482036269203837
13,295,1,6000000,186.88923992568436,1100252.400278989,5000000000,891325,892325,882001,10324,5453,1000,0,1.6359882510082027,1.6359882510082027
13,296,1,6000000,163.2597010900118,1879146.9830556961,7000000000,892325,893725,885001,8724,3193,1400,0,0.9578814303674136,0.9578814303674136
13,297,1,9000000,135.57720641759806,3895993.2711983626,2000000000,894325,894725,888001,6724,2310,400,0,0.6930196774106623,0.6930196774106623
13,290,0,4000000,110.81225789595658,0,9000000000,886001,895001,867001,28000,0,9000,0.8999999999999999,0,0.8999999999999999
13,299,1,9000000,90.52809066803522,17760367.203355573,5000000000,896125,897125,894001,3124,507,1000,0,0.1520238838017872,0.1520238838017872
13,298,0,9000000,109.75112254551202,0,3000000000,895001,898001,891001,7000,0,3000,0.3,0,0.3
13,300,0,5000000,76.1493125379343,0,7000000000,898001,905001,897001,8000,0,7000,0.7,0,0.7
13,303,1,3000000,86.07409889159459,21197453.577032495,6000000000,906143,907343,906001,1342,142,1200,0,0.042457929992834265,0.042457929992834265
13,301,0,8000000,68.40424840607491,0,3000000000,905001,908001,900001,8000,0,3000,0.3,0,0.3
13,304,1,9000000,95.882553678967,14452860.699458484,7000000000,912543,913943,909001,4942,623,1400,0,0.1868142270340406,0.1868142270340406
13,302,0,5000000,74.02849248769017,0,7000000000,908001,915001,903001,12000,0,7000,0.7,0,0.7
13,305,1,6000000,119.77254485064594,6289912.528721472,10000000000,914743,916743,912001,4742,954,2000,0,0.28617250109293324,0.28617250109293324
13,306,1,6000000,136.70555877505495,3772212.4379743272,4000000000,917143,917943,915001,2942,1591,800,0,0.47717354989863653,0.47717354989863653
13,307,1,10000000,146.01357539626235,2915853.5804418684,4000000000,925094,925894,918001,7893,3430,800,0,1.0288582458743967,1.0288582458743967
13,309,0,9000000,207.59229272783708,0,2000000000,924001,926001,924001,2000,0,2000,0.19999999999999998,0,0.19999999999999998
13,308,1,10000000,171.38219860884033,1550978.2240542297,2000000000,930494,930894,921001,9893,6448,400,0,1.9342631337260512,1.9342631337260512
13,310,1,7000000,199.5173157898833,848528.8473411741,3000000000,937770,938370,927001,11369,8250,600,0,2.4748716635624737,2.4748716635624737
13,311,1,6000000,196.51949343512973,901171.9168702166,2000000000,938370,938770,930001,8769,6658,400,0,1.9973991269628404,1.9973991269628404
13,312,0,10000000,196.51949343512973,0,7000000000,933001,940001,933001,7000,0,7000,0.7,0,0.7
13,313,0,3000000,192.39591809599287,0,2000000000,940001,942001,936001,6000,0,2000,0.19999999999999998,0,0.19999999999999998
13,314,1,3000000,204.55625436539455,768386.3440403913,3000000000,942905,943505,939001,4504,3904,600,0,1.1712857821854916,1.1712857821854916
13,315,0,6000000,226.44058668887075,0,7000000000,942001,949001,942001,7000,0,7000,0.7,0,0.7
13,317,0,6000000,212.41809362669647,0,6000000000,949001,955001,948001,7000,0,6000,0.6,0,0.6
13,318,0,6000000,194.21881474254755,0,9000000000,955001,964001,951001,13000,0,9000,0.8999999999999999,0,0.8999999999999999
13,320,1,8000000,179.1625432393724,1300873.4087473976,2000000000,964229,964629,957001,7628,6150,400,0,1.8449143351396076,1.8449143351396076
13,316,1,8000000,235.66746444938047,437150.19910600054,8000000000,964629,966229,945001,21228,18300,1600,0,5.490103870267359,5.490103870267359
13,321,1,6000000,183.97342661373682,1171103.5118357623,9000000000,966229,968029,960001,8028,5123,1800,0,1.5370118711183878,1.5370118711183878
13,322,1,7000000,177.42552944827307,1352087.5974624366,4000000000,968178,968978,963001,5977,5177,800,0,1.5531538074465192,1.5531538074465192
13,319,0,4000000,182.70131307683587,0,10000000000,964001,974001,954001,20000,0,10000,0.9999999999999999,0,0.9999999999999999
13,324,1,4000000,184.32271916397065,1162322.6553657383,8000000000,972442,974042,969001,5041,3441,1600,0,1.032415564181192,1.032415564181192
13,323,1,9000000,181.3575123892032,1239557.9364344885,7000000000,974042,975442,966001,9441,7261,1400,0,2.1781958879359706,2.1781958879359706
13,326,0,3000000,184.54139183391888,0,4000000000,975001,979001,975001,4000,0,4000,0.39999999999999997,0,0.39999999999999997
13,325,1,7000000,184.32271916397065,1162322.6553657383,9000000000,978023,979823,972001,7822,6022,1800,0,1.8067272373170862,1.8067272373170862
13,327,1,2000000,178.51407479523849,1319706.0089196954,6000000000,979823,981023,978001,3022,1515,1200,0,0.45464671369584575,0.45464671369584575
13,328,1,9000000,173.26583535134674,1485303.441848591,9000000000,987060,988860,981001,7859,6059,1800,0,1.8178103705459756,1.8178103705459756
13,329,1,9000000,174.5087608115994,1443853.7140256078,6000000000,990234,991434,984001,7433,6233,1200,0,1.869995536093564,1.869995536093564
13,330,0,8000000,183.90060820997846,0,9000000000,987001,996001,987001,9000,0,9000,0.8999999999999999,0,0.8999999999999999
13,332,1,2000000,217.84905622930754,598028.1074126071,5000000000,996345,997345,993001,4344,3344,1000,0,1.0032973242611027,1.0032973242611027
13,331,1,7000000,200.34132998460404,834734.5330303035,2000000000,998387,998787,990001,8786,8386,400,0,2.515769884799726,2.515769884799726
14,1,0,4000000,199.09251116001323,0,6000000000,1,6001,1,6000,0,6000,0.6,0,0.6
14,2,0,9000000,196.7388637254978,0,4000000000,6001,10001,3001,7000,0,4000,0.39999999999999997,0,0.39999999999999997
14,3,1,7000000,192.60199635517802,976248.9088888824,5000000000,14553,15553,6001,9552,7170,1000,0,2.151090752449716,2.151090752449716
14,5,0,8000000,201.01072458951037,0,5000000000,12001,17001,12001,5000,0,5000,0.49999999999999994,0,0.49999999999999994
14,4,1,8000000,193.20777054766714,964143.9128397126,5000000000,17953,18953,9001,9952,8298,1000,0,2.489254942170647,2.489254942170647
14,7,0,8000000,234.59019523415725,0,6000000000,18001,24001,18001,6000,0,6000,0.6,0,0.6
14,6,1,6000000,215.19817331938486,627913.6347345742,7000000000,24556,25956,15001,10955,9555,1400,0,2.866636270385941,2.866636270385941
14,10,0,7000000,214.0234410058861,0,6000000000,27001,33001,27001,6000,0,6000,0.6,0,0.6
14,14,0,8000000,97.27600834738234,0,10000000000,39001,49001,39001,10000,0,10000,0.9999999999999999,0,0.9999999999999999
14,12,1,7000000,155.26957783158937,2290275.197808683,2000000000,50186,50586,33001,17585,3056,400,0,0.9169203779568775,0.9169203779568775
14,11,1,7000000,186.767198940285,1103109.1131463766,2000000000,50586,50986,30001,20985,6346,400,0,1.9037101361715805,1.9037101361715805
14,13,1,6000000,126.84310347827352,5044346.325697881,5000000000,50986,51986,36001,15985,1189,1000,0,0.35683513458029104,0.35683513458029104
14,16,0,9000000,67.31858584373263,0,7000000000,49001,56001,45001,11000,0,7000,0.7,0,0.7
14,8,1,7000000,250.12917342845077,344707.1869588084,6000000000,55386,56586,21001,35585,20307,1200,0,6.092127113818908,6.092127113818908
14,15,1,10000000,72.17717090604205,37888661.61868028,10000000000,60986,62986,42001,20985,264,2000,0,0.07917936057474532,0.07917936057474532
14,21,0,5000000,208.7757265584292,0,3000000000,60001,63001,60001,3000,0,3000,0.3,0,0.3
14,9,1,10000000,228.16453054758537,497342.1629527015,10000000000,62986,64986,24001,40985,20107,2000,0,6.032064488940801,6.032064488940801
14,22,1,3000000,191.44625355435923,999873.2102055883,8000000000,66001,67601,63001,4600,3000,1600,0,0.900114125284892,0.900114125284892
14,23,1,4000000,157.51920676539734,2164117.421846386,5000000000,68601,69601,66001,3600,1848,1000,0,0.554498562733339,0.554498562733339
14,17,1,10000000,87.251455575251,20219382.044551123,10000000000,67786,69786,48001,21785,495,2000,0,0.14837248702209785,0.14837248702209785
14,24,0,10000000,128.5562931170621,0,6000000000,69001,75001,69001,6000,0,6000,0.6,0,0.6
14,25,1,10000000,103.75044385447221,10819541.855430212,6000000000,75504,76704,72001,4703,924,1200,0,0.2772760658524864,0.2772760658524864
14,18,1,8000000,116.2517311699056,7049436.076565964,7000000000,76386,77786,51001,26785,1135,1400,0,0.3404527644385885,0.3404527644385885
14,19,1,2000000,149.07828178510775,2687649.0038583763,7000000000,78786,80186,54001,26185,744,1400,0,0.22324343660152157,0.22324343660152157
14,26,1,7000000,81.85536573737852,25175078.130826313,9000000000,79104,80904,75001,5903,278,1800,0,0.0834158285065498,0.0834158285065498
14,27,1,4000000,62.38667966801887,58102521.30915105,2000000000,85104,85504,78001,7503,69,400,0,0.020653148485847237,0.020653148485847237
14,28,1,5000000,47.62449894749548,110781591.73477562,9000000000,88704,90504,81001,9503,45,1800,0,0.013540155692934793,0.013540155692934793
14,20,1,7000000,176.37795128643486,1384188.240926157,6000000000,90986,92186,57001,35185,5057,1200,0,1.517134691589993,1.517134691589993
14,31,0,7000000,85.69518189490003,0,5000000000,90001,95001,90001,5000,0,5000,0.49999999999999994,0,0.49999999999999994
14,29,1,8000000,49.575006807866394,101855108.00829852,3000000000,96904,97504,84001,13503,79,600,0,0.023562883069197304,0.023562883069197304
14,30,1,10000000,66.79511434229305,47874870.23725773,9000000000,101504,103304,87001,16303,209,1800,0,0.06266335522441387,0.06266335522441387
14,35,0,4000000,105.44413592040105,0,5000000000,102001,107001,102001,5000,0,5000,0.49999999999999994,0,0.49999999999999994
14,32,1,9000000,78.23246640621781,29274886.362591557,3000000000,112704,113304,93001,20303,307,600,0,0.09222922222680774,0.09222922222680774
14,37,0,7000000,152.87575510851943,0,8000000000,108001,116001,108001,8000,0,8000,0.7999999999999999,0,0.7999999999999999
14,41,1,2000000,203.3900088499924,786065.8186140904,4000000000,122545,123345,120001,3344,2544,800,0,0.7632948613105422,0.7632948613105422
14,33,1,7000000,78.72712366141671,28673297.507036865,3000000000,123504,124104,96001,28103,244,600,0,0.07323887318801153,0.07323887318801153
14,40,0,10000000,213.25083821640658,0,9000000000,117001,126001,117001,9000,0,9000,0.8999999999999999,0,0.8999999999999999
14,42,0,2000000,178.37692956209335,0,2000000000,126001,128001,123001,5000,0,2000,0.19999999999999998,0,0.19999999999999998
14,43,0,5000000,151.78970749033022,0,4000000000,128001,132001,126001,6000,0,4000,0.39999999999999997,0,0.39999999999999997
14,44,1,8000000,126.74562596003067,5059349.932480178,7000000000,130922,132322,129001,3321,1581,1400,0,0.47436924348569026,0.47436924348569026
14,34,1,10000000,88.90298645152481,18933808.9739652,2000000000,134104,134504,99001,35503,528,400,0,0.15844672374824995,0.15844672374824995
14,45,0,5000000,117.01711755123695,0,6000000000,132001,138001,132001,6000,0,6000,0.6,0,0.6
14,36,1,8000000,127.92223653454472,4881833.682502438,8000000000,140504,142104,105001,37103,1639,1600,0,0.4916185507511503,0.4916185507511503
14,46,0,2000000,139.29438646262813,0,8000000000,138001,146001,135001,11000,0,8000,0.7999999999999999,0,0.7999999999999999
14,47,0,7000000,164.72230025105887,0,7000000000,146001,153001,138001,15000,0,7000,0.7,0,0.7
14,48,0,9000000,180.14949153411453,0,2000000000,153001,155001,141001,14000,0,2000,0.19999999999999998,0,0.19999999999999998
14,38,1,10000000,173.96286097900318,1461879.319568242,8000000000,155104,156704,111001,45703,6841,1600,0,2.052152978596095,2.052152978596095
14,51,1,9000000,142.46025164936364,3211207.9276728877,9000000000,156283,158083,150001,8082,2803,1800,0,0.840805099144311,0.840805099144311
14,49,0,9000000,153.9381934413939,0,4000000000,155001,159001,144001,15000,0,4000,0.39999999999999997,0,0.39999999999999997
14,39,1,8000000,185.7547334524749,1127168.1929243638,7000000000,158304,159704,114001,45703,7097,1400,0,2.129229705970817,2.129229705970817
14,52,1,6000000,165.69315737229462,1772478.2055253934,7000000000,160683,162083,153001,9082,3385,1400,0,1.0155272964083915,1.0155272964083915
14,54,1,4000000,157.70226028817723,2154235.164897824,4000000000,161398,162198,159001,3197,1857,800,0,0.5570422484756515,0.5570422484756515
14,50,0,8000000,124.0891880866339,0,7000000000,159001,166001,147001,19000,0,7000,0.7,0,0.7
14,53,0,10000000,181.63154819579114,0,3000000000,166001,169001,156001,13000,0,3000,0.3,0,0.3
14,55,0,7000000,149.41512272859126,0,10000000000,169001,179001,162001,17000,0,10000,0.9999999999999999,0,0.9999999999999999
14,56,0,9000000,166.81013698213906,0,3000000000,179001,182001,165001,17000,0,3000,0.3,0,0.3
14,60,1,6000000,191.75609925110592,993470.537879214,7000000000,183040,184440,177001,7439,6039,1400,0,1.8118302771640358,1.8118302771640358
14,59,1,8000000,205.9797274005381,747473.5622578373,10000000000,184840,186840,174001,12839,10703,2000,0,3.2108159019704994,3.2108159019704994
14,62,1,5000000,179.7760206479162,1283363.6255581842,3000000000,186897,187497,183001,4496,3896,600,0,1.1688035800045309,1.1688035800045309
14,57,0,7000000,186.9467841392304,0,9000000000,182001,191001,168001,23000,0,9000,0.8999999999999999,0,0.8999999999999999
14,58,0,8000000,207.23482936031775,0,7000000000,191001,198001,171001,27000,0,7000,0.7,0,0.7
14,61,0,2000000,182.7086380005061,0,5000000000,198001,203001,180001,23000,0,5000,0.49999999999999994,0,0.49999999999999994
14,63,0,10000000,183.34034607799776,0,2000000000,203001,205001,186001,19000,0,2000,0.19999999999999998,0,0.19999999999999998
14,67,1,3000000,244.35361855311245,378382.61417013506,6000000000,205929,207129,198001,9128,7928,1200,0,2.3785448017316306,2.3785448017316306
14,64,0,7000000,192.97686493463405,0,9000000000,205001,214001,189001,25000,0,9000,0.8999999999999999,0,0.8999999999999999
14,66,1,10000000,225.05848684286488,525269.3488975094,8000000000,214039,215639,195001,20638,19038,1600,0,5.71135552892381,5.71135552892381
14,65,0,4000000,207.84272154684658,0,3000000000,214001,217001,192001,25000,0,3000,0.3,0,0.3
14,69,1,8000000,214.21643844485882,639452.4736429862,3000000000,216512,217112,204001,13111,12511,600,0,3.753210909212853,3.753210909212853
14,68,1,7000000,235.48079008700475,438533.81900160713,5000000000,217112,218112,201001,17111,15962,1000,0,4.788684267911169,4.788684267911169
14,72,1,7000000,169.9351808778865,1603893.3134665978,6000000000,218112,219312,213001,6311,4364,1200,0,1.3093140188115973,1.3093140188115973
14,73,1,4000000,156.19254015477176,2237442.4905546717,4000000000,219312,220112,216001,4111,1788,800,0,0.5363266341216729,0.5363266341216729
14,75,1,6000000,147.277519330005,2818944.1487670145,2000000000,224129,224529,222001,2528,2128,400,0,0.6385369503639534,0.6385369503639534
14,70,0,8000000,194.97769769899327,0,9000000000,217001,226001,207001,19000,0,9000,0.8999999999999999,0,0.8999999999999999
14,71,0,10000000,186.10171761700641,0,6000000000,226001,232001,210001,22000,0,6000,0.6,0,0.6
14,74,0,9000000,144.17241795849858,0,10000000000,232001,242001,219001,23000,0,10000,0.9999999999999999,0,0.9999999999999999
14,81,1,7000000,144.73060008166897,3018465.340332668,5000000000,242320,243320,240001,3319,2319,1000,0,0.6957177781503223,0.6957177781503223
14,76,0,7000000,155.84542758772233,0,5000000000,242001,247001,225001,22000,0,5000,0.49999999999999994,0,0.49999999999999994
14,84,1,10000000,148.59825705572726,2721895.6187541173,6000000000,252675,253875,249001,4874,3674,1200,0,1.102173051504884,1.102173051504884
14,77,0,5000000,152.86932360679822,0,8000000000,247001,255001,228001,27000,0,8000,0.7999999999999999,0,0.7999999999999999
14,86,1,8000000,161.14137891925836,1978553.77581637,5000000000,259044,260044,255001,5043,4043,1000,0,1.2130072123057345,1.2130072123057345
14,78,0,6000000,133.61926956842711,0,10000000000,255001,265001,231001,34000,0,10000,0.9999999999999999,0,0.9999999999999999
14,88,1,8000000,193.54948953691402,957397.8590208315,5000000000,269357,270357,261001,9356,8356,1000,0,2.506794826609049,2.506794826609049
14,79,0,8000000,148.81040823813365,0,8000000000,265001,273001,234001,39000,0,8000,0.7999999999999999,0,0.7999999999999999
14,80,0,8000000,143.8330101193742,0,5000000000,273001,278001,237001,41000,0,5000,0.49999999999999994,0,0.49999999999999994
14,89,1,10000000,207.62084023527117,724235.8967836576,3000000000,277809,278409,264001,14408,13808,600,0,4.14229674795608,4.14229674795608
14,82,0,9000000,141.34102199998412,0,3000000000,278001,281001,243001,38000,0,3000,0.3,0,0.3
14,91,1,4000000,248.02577950688917,356520.778292104,2000000000,282527,282927,270001,12926,11220,400,0,3.3658627296522337,3.3658627296522337
14,83,0,7000000,142.41434337874819,0,6000000000,281001,287001,246001,41000,0,6000,0.6,0,0.6
14,85,0,5000000,149.9628463986997,0,4000000000,287001,291001,252001,39000,0,4000,0.39999999999999997,0,0.39999999999999997
14,97,1,6000000,197.89481473752667,876530.1620413538,5000000000,294851,295851,288001,7850,6845,1000,0,2.0535516950243613,2.0535516950243613
14,87,0,7000000,176.03782690092493,0,7000000000,291001,298001,258001,40000,0,7000,0.7,0,0.7
14,90,0,3000000,225.94074975532854,0,2000000000,298001,300001,267001,33000,0,2000,0.19999999999999998,0,0.19999999999999998
14,99,1,7000000,175.06157002609112,1425880.5350442408,9000000000,298910,300710,294001,6709,4909,1800,0,1.4727741549083166,1.4727741549083166
14,100,1,5000000,172.8164659400255,1500652.3461864893,7000000000,300710,302110,297001,5109,3332,1400,0,0.9995652915959202,0.9995652915959202
14,96,1,10000000,214.99727463388922,630253.6400260726,9000000000,302110,303910,285001,18909,15867,1800,0,4.759988375276809,4.759988375276809
14,92,0,6000000,234.35857761131763,0,9000000000,300001,309001,273001,36000,0,9000,0.8999999999999999,0,0.8999999999999999
14,104,1,7000000,161.64334598120644,1954419.6288568156,8000000000,312583,314183,309001,5182,3582,1600,0,1.0744877758050033,1.0744877758050033
14,103,1,10000000,180.49316690667268,1263264.8125955535,7000000000,314183,315583,306001,9582,7916,1400,0,2.3747989891652903,2.3747989891652903
14,93,0,4000000,230.27883315667552,0,7000000000,309001,316001,276001,40000,0,7000,0.7,0,0.7
14,106,1,10000000,112.5752024204265,7964851.487101246,9000000000,316257,318057,315001,3056,1256,1800,0,0.3766548572636136,0.3766548572636136
14,107,1,3000000,116.08585271255063,7087894.539700475,3000000000,318424,319024,318001,1023,423,600,0,0.12697705855511118,0.12697705855511118
14,108,1,7000000,136.0588791663374,3842551.3550303844,5000000000,323723,324723,321001,3722,1822,1000,0,0.5465118890996304,0.5465118890996304
14,94,0,4000000,230.27883315667552,0,9000000000,316001,325001,279001,46000,0,9000,0.8999999999999999,0,0.8999999999999999
14,110,1,3000000,165.53206728607,1779303.4178716354,10000000000,328687,330687,327001,3686,1686,2000,0,0.5058159226584079,0.5058159226584079
14,95,0,9000000,229.3379275218122,0,9000000000,325001,334001,282001,52000,0,9000,0.8999999999999999,0,0.8999999999999999
14,111,1,7000000,168.82025263575454,1646200.2044987753,10000000000,334253,336253,330001,6252,4252,2000,0,1.2756650097971496,1.2756650097971496
14,98,0,7000000,183.6903203764423,0,7000000000,334001,341001,291001,50000,0,7000,0.7,0,0.7
14,101,0,10000000,177.2567860478126,0,4000000000,341001,345001,300001,45000,0,4000,0.39999999999999997,0,0.39999999999999997
14,102,0,2000000,179.8636755990492,0,8000000000,345001,353001,303001,50000,0,8000,0.7999999999999999,0,0.7999999999999999
14,116,1,5000000,109.46459016503924,8853729.317924498,4000000000,352712,353512,345001,8511,565,800,0,0.1694201331593941,0.1694201331593941
14,105,0,9000000,136.4719370420161,0,4000000000,353001,357001,312001,45000,0,4000,0.39999999999999997,0,0.39999999999999997
14,109,0,5000000,156.91646758705727,0,2000000000,357001,359001,324001,35000,0,2000,0.19999999999999998,0,0.19999999999999998
14,112,0,10000000,168.82025263575454,0,4000000000,359001,363001,333001,30000,0,4000,0.39999999999999997,0,0.39999999999999997
14,119,1,10000000,28.147870256912878,247404089.3205636,10000000000,362512,364512,354001,10511,40,2000,0,0.012125911128788474,0.012125911128788474
14,113,0,2000000,172.85710659385688,0,2000000000,363001,365001,336001,29000,0,2000,0.19999999999999998,0,0.19999999999999998
14,121,1,3000000,27.698810443771727,251898700.56224316,4000000000,371112,371912,360001,11911,12,800,0,0.003572864798393883,0.003572864798393883
14,114,0,4000000,156.07046261224448,0,8000000000,365001,373001,339001,34000,0,8000,0.7999999999999999,0,0.7999999999999999
14,122,1,10000000,53.80666129764977,84731847.65011458,5000000000,378512,379512,363001,16511,118,1000,0,0.035405813554166526,0.035405813554166526
14,115,0,9000000,134.2946882791721,0,9000000000,373001,382001,342001,40000,0,9000,0.8999999999999999,0,0.8999999999999999
14,124,1,6000000,82.1352256951912,24886337.40377591,8000000000,380912,382512,369001,13511,241,1600,0,0.07232884336474892,0.07232884336474892
14,125,1,6000000,65.98147391503169,49611821.547725,8000000000,385112,386712,372001,14711,121,1600,0,0.036281675291209715,0.036281675291209715
14,117,0,4000000,82.24949847871412,0,8000000000,382001,390001,348001,42000,0,8000,0.7999999999999999,0,0.7999999999999999
14,126,1,9000000,69.72445195195158,42132560.7268882,4000000000,389312,390112,375001,15111,214,800,0,0.06408345359072636,0.06408345359072636
14,127,1,6000000,85.21204433646692,21948127.42289773,3000000000,392712,393312,378001,15311,273,600,0,0.08201155229863126,0.08201155229863126
14,118,0,5000000,55.08766286565441,0,6000000000,390001,396001,351001,45000,0,6000,0.6,0,0.6
14,128,1,10000000,109.8705146979844,8731174.072806261,3000000000,396312,396912,381001,15911,1145,600,0,0.34359640238346306,0.34359640238346306
14,129,1,9000000,137.92648549136604,3643681.366199604,5000000000,399112,400112,384001,16111,2470,1000,0,0.7410088118698829,0.7410088118698829
14,120,0,10000000,6.014025274306711,0,7000000000,396001,403001,357001,46000,0,7000,0.7,0,0.7
14,130,1,6000000,167.00575858334946,1718058.287319995,4000000000,405912,406712,387001,19711,3492,800,0,1.0476943729352897,1.0476943729352897
14,135,1,3000000,206.3987134165327,741453.5735554579,3000000000,407394,407994,402001,5993,4046,600,0,1.213831900066611,1.213831900066611
14,123,0,3000000,66.62554615160767,0,5000000000,403001,408001,366001,42000,0,5000,0.49999999999999994,0,0.49999999999999994
14,136,1,3000000,180.18860563309767,1271752.3142986859,5000000000,407994,408994,405001,3993,2359,1000,0,0.7076849712644788,0.7076849712644788
14,137,1,2000000,162.66840873384112,1906258.9419092445,9000000000,409594,411394,408001,3393,1049,1800,0,0.3147526219072107,0.3147526219072107
14,132,1,6000000,174.0341161956471,1459510.6694019756,3000000000,411512,412112,393001,19111,4111,600,0,1.233290059289212,1.233290059289212
14,131,0,10000000,174.0341161956471,0,8000000000,408001,416001,390001,26000,0,8000,0.7999999999999999,0,0.7999999999999999
14,133,1,3000000,178.20142115033764,1328907.0707724213,10000000000,414312,416312,396001,20311,2257,2000,0,0.6772482589598074,0.6772482589598074
14,139,1,2000000,114.94879294712055,7358488.388467236,9000000000,417794,419594,414001,5593,272,1800,0,0.08153848566783961,0.08153848566783961
14,134,0,9000000,198.4166323673497,0,9000000000,416001,425001,399001,26000,0,9000,0.8999999999999999,0,0.8999999999999999
14,138,0,8000000,137.4784092139562,0,2000000000,425001,427001,411001,16000,0,2000,0.19999999999999998,0,0.19999999999999998
14,142,1,10000000,58.592508053504595,68671650.52772418,9000000000,427794,429594,423001,6593,146,1800,0,0.04368614962573002,0.04368614962573002
14,140,0,3000000,94.43395258062641,0,6000000000,427001,433001,417001,16000,0,6000,0.6,0,0.6
14,144,1,7000000,48.985696892052026,104479953.83464137,10000000000,435794,437794,429001,8793,67,2000,0,0.020099549463082976,0.020099549463082976
14,141,0,5000000,75.75845827364762,0,10000000000,433001,443001,420001,23000,0,10000,0.9999999999999999,0,0.9999999999999999
14,145,1,5000000,62.957608753827344,56660465.68447227,2000000000,444794,445194,432001,13193,88,400,0,0.026473485204889045,0.026473485204889045
14,143,0,7000000,47.146573576454124,0,6000000000,443001,449001,426001,23000,0,6000,0.6,0,0.6
14,147,1,2000000,80.87795373276944,26213634.758960508,7000000000,451394,452794,438001,14793,76,1400,0,0.02288885175661892,0.02288885175661892
14,146,0,8000000,81.64326365353116,0,4000000000,449001,453001,435001,18000,0,4000,0.39999999999999997,0,0.39999999999999997
14,148,0,4000000,77.02854146353803,0,3000000000,453001,456001,441001,15000,0,3000,0.3,0,0.3
14,149,1,8000000,81.93033931334594,25097355.164362818,7000000000,463794,465194,444001,21193,319,1400,0,0.09562760634665993,0.09562760634665993
14,154,0,10000000,104.9329466850141,0,7000000000,459001,466001,459001,7000,0,7000,0.7,0,0.7
14,150,1,7000000,93.13047728858689,16053070.814739747,2000000000,467394,467794,447001,20793,436,400,0,0.13081609271117173,0.13081609271117173
14,151,1,10000000,110.11802395611717,8657450.781990595,4000000000,467794,468594,450001,18593,1155,800,0,0.346522328055351,0.346522328055351
14,152,1,3000000,130.23284723908944,4554910.802375813,3000000000,469394,469994,453001,16993,659,600,0,0.19758894060682058,0.19758894060682058
14,159,0,3000000,194.22610792578837,0,5000000000,474001,479001,474001,5000,0,5000,0.49999999999999994,0,0.49999999999999994
14,153,1,6000000,152.1582524873363,2480141.20654109,7000000000,478194,479594,456001,23593,2419,1400,0,0.7257651279099372,0.7257651279099372
14,161,0,9000000,218.195963528201,0,5000000000,480001,485001,480001,5000,0,5000,0.49999999999999994,0,0.49999999999999994
14,164,1,3000000,159.43632239863035,2063339.377211376,6000000000,490455,491655,489001,2654,1454,1200,0,0.4361861213623321,0.4361861213623321
14,155,1,7000000,119.49322030977318,6346409.594410894,9000000000,489994,491794,462001,29793,1103,1800,0,0.3308957559010076,0.3308957559010076
14,163,1,7000000,176.5774209801468,1378003.5302138813,3000000000,491655,492255,486001,6254,5080,600,0,1.5239438462643538,1.5239438462643538
14,162,1,9000000,199.86325325081646,842703.4006270793,3000000000,493681,494281,483001,11280,10680,600,0,3.2039742547506678,3.2039742547506678
14,166,1,6000000,140.23241743619766,3415312.544434519,8000000000,496758,498358,495001,3357,1757,1600,0,0.5270381485094888,0.5270381485094888
14,165,0,2000000,147.6223079348105,0,7000000000,492001,499001,492001,7000,0,7000,0.7,0,0.7
14,156,1,10000000,141.46561490341034,3300419.28661158,5000000000,498994,499994,465001,34993,3030,1000,0,0.9089754178112293,0.9089754178112293
14,167,0,10000000,137.9739196370097,0,4000000000,499001,503001,498001,5000,0,4000,0.39999999999999997,0,0.39999999999999997
14,168,1,9000000,140.59786769364604,3380757.6304706787,9000000000,503663,505463,501001,4462,2662,1800,0,0.7986375526198541,0.7986375526198541
14,169,1,3000000,148.34018504774764,2740530.329507703,3000000000,505463,506063,504001,2062,1095,600,0,0.32840359046917467,0.32840359046917467
14,170,1,5000000,160.44579053375006,2012611.0662599641,8000000000,509485,511085,507001,4084,2484,1600,0,0.745300483111946,0.745300483111946
14,157,1,8000000,165.1702869768046,1794750.907054332,3000000000,510594,511194,468001,43193,4457,600,0,1.3372329221658086,1.3372329221658086
14,172,1,2000000,192.98509372487814,968571.7561502816,5000000000,515066,516066,513001,3065,2065,1000,0,0.6194688170392046,0.6194688170392046
14,171,1,8000000,176.02443125884548,1395234.3904251268,5000000000,516066,517066,510001,7065,5734,1000,0,1.720141086307887,1.720141086307887
14,158,1,8000000,178.00703047913584,1334668.000702913,8000000000,519394,520994,471001,49993,5994,1600,0,1.7982000008511645,1.7982000008511645
14,173,0,10000000,184.98033679286021,0,5000000000,516001,521001,516001,5000,0,5000,0.49999999999999994,0,0.49999999999999994
14,175,1,2000000,155.31989183617145,2287355.546081187,6000000000,522875,524075,522001,2074,874,1200,0,0.26231164675205404,0.26231164675205404
14,174,1,9000000,168.88123637633637,1643850.5662803724,7000000000,524476,525876,519001,6875,5475,1400,0,1.6424850624405798,1.6424850624405798
14,160,1,3000000,212.8067557668224,656487.4807665334,8000000000,525194,526794,477001,49793,4570,1600,0,1.3709324646208554,1.3709324646208554
14,176,1,6000000,143.85922632907494,3090706.467513144,3000000000,526942,527542,525001,2541,1941,600,0,0.5823911196097257,0.5823911196097257
14,177,0,10000000,149.04283981459827,0,3000000000,528001,531001,528001,3000,0,3000,0.3,0,0.3
14,178,1,7000000,156.67505385350918,2210422.93047539,9000000000,534168,535968,531001,4967,3167,1800,0,0.9500444331476232,0.9500444331476232
14,179,0,9000000,151.93982098186115,0,6000000000,534001,540001,534001,6000,0,6000,0.6,0,0.6
14,180,0,10000000,131.90524364103194,0,3000000000,540001,543001,537001,6000,0,3000,0.3,0,0.3
14,182,1,6000000,154.47588808613463,2336948.3017704524,10000000000,545568,547568,543001,4567,2567,2000,0,0.7702352673511584,0.7702352673511584
14,184,1,2000000,179.43847190611052,1292961.3755842757,2000000000,550548,550948,549001,1947,1547,400,0,0.4640509850720531,0.4640509850720531
14,181,0,2000000,149.02590647266666,0,10000000000,543001,553001,540001,13000,0,10000,0.9999999999999999,0,0.9999999999999999
14,183,0,7000000,165.56888143609595,0,6000000000,553001,559001,546001,13000,0,6000,0.6,0,0.6
14,187,1,2000000,216.22948480722974,616070.3174105245,8000000000,561247,562847,558001,4846,3246,1600,0,0.9739148000538779,0.9739148000538779
14,185,0,6000000,195.83094188610744,0,8000000000,559001,567001,552001,15000,0,8000,0.7999999999999999,0,0.7999999999999999
14,186,1,8000000,207.79006809758738,721891.2077363771,8000000000,566083,567683,555001,12682,11082,1600,0,3.3246006798249312,3.3246006798249312
14,188,0,8000000,235.96179033902922,0,8000000000,567001,575001,561001,14000,0,8000,0.7999999999999999,0,0.7999999999999999
14,189,0,10000000,249.09738918744208,0,2000000000,575001,577001,564001,13000,0,2000,0.19999999999999998,0,0.19999999999999998
14,190,1,6000000,229.53204656430873,485634.76953120786,4000000000,579710,580510,567001,13509,12355,800,0,3.7064891414953114,3.7064891414953114
14,191,0,8000000,211.84015861021254,0,7000000000,577001,584001,570001,14000,0,7000,0.7,0,0.7
14,192,0,7000000,195.95939502866403,0,7000000000,584001,591001,573001,18000,0,7000,0.7,0,0.7
14,193,0,10000000,184.34902359383406,0,8000000000,591001,599001,576001,23000,0,8000,0.7999999999999999,0,0.7999999999999999
14,194,0,3000000,177.7700551274033,0,5000000000,599001,604001,579001,25000,0,5000,0.49999999999999994,0,0.49999999999999994
14,195,0,8000000,176.95896134414892,0,8000000000,604001,612001,582001,30000,0,8000,0.7999999999999999,0,0.7999999999999999
14,202,1,7000000,201.58126599463554,814499.7328873386,8000000000,611595,613195,603001,10194,8594,1600,0,2.5782697221467,2.5782697221467
14,196,0,3000000,181.84675333917843,0,3000000000,612001,615001,585001,30000,0,3000,0.3,0,0.3
14,201,1,7000000,219.37407435702156,581637.674948925,3000000000,615195,615795,600001,15794,12035,600,0,3.6104951423313594,3.6104951423313594
14,206,1,5000000,177.5989845128626,1346862.1085281153,5000000000,620995,621995,615001,6994,3712,1000,0,1.1136997547872496,1.1136997547872496
14,197,0,3000000,192.03655094799012,0,7000000000,615001,622001,588001,34000,0,7000,0.7,0,0.7
14,198,0,5000000,206.7492558632316,0,2000000000,622001,624001,591001,33000,0,2000,0.19999999999999998,0,0.19999999999999998
14,200,1,9000000,240.15243200933858,405486.7342620001,8000000000,623595,625195,597001,28194,22196,1600,0,6.658664197520773,6.658664197520773
14,208,1,3000000,198.86008146433008,859735.2467065634,4000000000,630595,631395,621001,10394,3489,800,0,1.046833898514317,1.046833898514317
14,199,0,3000000,224.848301083197,0,8000000000,624001,632001,594001,38000,0,8000,0.7999999999999999,0,0.7999999999999999
14,203,0,5000000,187.65986305014718,0,8000000000,632001,640001,606001,34000,0,8000,0.7999999999999999,0,0.7999999999999999
14,215,1,2000000,161.91255695590746,1941626.5480487852,7000000000,643930,645330,642001,3329,1030,1400,0,0.30901926047671885,0.30901926047671885
14,204,0,9000000,178.69179080192797,0,6000000000,640001,646001,609001,37000,0,6000,0.6,0,0.6
14,216,1,2000000,149.8701951690195,2632307.3282012716,10000000000,646730,648730,645001,3729,760,2000,0,0.22793691054683823,0.22793691054683823
14,205,0,9000000,175.22812131618605,0,4000000000,646001,650001,612001,38000,0,4000,0.39999999999999997,0,0.39999999999999997
14,211,1,8000000,228.19991783521746,497034.8005959861,10000000000,648730,650730,630001,20729,16095,2000,0,4.828635735610868,4.828635735610868
14,207,0,4000000,185.56056396767065,0,2000000000,650001,652001,618001,34000,0,2000,0.19999999999999998,0,0.19999999999999998
14,210,1,5000000,236.6357380025257,430060.17084258486,7000000000,650795,652195,627001,25194,11626,1400,0,3.487884025765887,3.487884025765887
14,209,0,8000000,216.19396036892425,0,3000000000,652001,655001,624001,31000,0,3000,0.3,0,0.3
14,212,0,9000000,211.80409840227364,0,3000000000,655001,658001,633001,25000,0,3000,0.3,0,0.3
14,213,0,6000000,192.98085008621968,0,2000000000,658001,660001,636001,24000,0,2000,0.19999999999999998,0,0.19999999999999998
14,214,0,3000000,175.89382280228037,0,4000000000,660001,664001,639001,25000,0,4000,0.39999999999999997,0,0.39999999999999997
14,217,0,9000000,141.53417714460346,0,6000000000,664001,670001,648001,22000,0,6000,0.6,0,0.6
14,224,1,2000000,151.6066400260886,2515808.471451946,2000000000,673254,673654,669001,4653,795,400,0,0.23849192289813803,0.23849192289813803
14,225,1,3000000,164.7415533494813,1813273.2641352126,7000000000,674454,675854,672001,3853,1654,1400,0,0.49633997136621794,0.49633997136621794
14,218,0,5000000,153.22956960064855,0,8000000000,670001,678001,651001,27000,0,8000,0.7999999999999999,0,0.7999999999999999
14,226,1,2000000,180.59078741729874,1260559.243672678,5000000000,677654,678654,675001,3653,1587,1000,0,0.47597921558361794,0.47597921558361794
14,219,0,2000000,148.35933169167348,0,7000000000,678001,685001,654001,31000,0,7000,0.7,0,0.7
14,228,1,6000000,216.7181342204662,610556.0650052518,7000000000,691790,693190,681001,12189,9827,1400,0,2.94813220794804,2.94813220794804
14,231,1,2000000,214.81899008234814,632339.354522668,6000000000,693164,694364,690001,4363,3163,1200,0,0.9488575963343607,0.9488575963343607
14,220,0,7000000,140.87148540425062,0,10000000000,685001,695001,657001,38000,0,10000,0.9999999999999999,0,0.9999999999999999
14,232,1,4000000,198.7044601915116,862415.6656212219,6000000000,697639,698839,693001,5838,4638,1200,0,1.3914404014630308,1.3914404014630308
14,221,0,2000000,137.2307698732321,0,10000000000,695001,705001,660001,45000,0,10000,0.9999999999999999,0,0.9999999999999999
14,233,1,8000000,196.6928010883978,898019.6541925287,5000000000,704909,705909,696001,9908,8908,1000,0,2.672547297595625,2.672547297595625
14,222,0,7000000,135.8163797190899,0,2000000000,705001,707001,663001,44000,0,2000,0.19999999999999998,0,0.19999999999999998
14,229,1,10000000,234.9606069110309,442418.319279256,4000000000,706846,707646,684001,23645,22603,800,0,6.780912700195829,6.780912700195829
14,223,0,9000000,141.9147835850797,0,7000000000,707001,714001,666001,48000,0,7000,0.7,0,0.7
14,227,0,2000000,198.40386815785618,0,4000000000,714001,718001,678001,40000,0,4000,0.39999999999999997,0,0.39999999999999997
14,236,1,5000000,172.71394269137625,1504181.7513323552,9000000000,717716,719516,705001,14515,3324,1800,0,0.9972199161912109,0.9972199161912109
14,237,1,4000000,149.92151880233868,2628769.4921975126,8000000000,719516,721116,708001,13115,1522,1600,0,0.456487342675627,0.456487342675627
14,230,0,4000000,234.1103231384725,0,4000000000,718001,722001,687001,35000,0,4000,0.39999999999999997,0,0.39999999999999997
14,235,1,9000000,194.87601186395412,931760.6901552745,2000000000,722716,723116,702001,21115,9659,400,0,2.8977397614295737,2.8977397614295737
14,239,1,5000000,107.48994976275691,9480325.307107458,3000000000,727316,727916,714001,13915,527,600,0,0.15822241868382309,0.15822241868382309
14,238,0,4000000,128.00493271745424,0,9000000000,722001,731001,711001,20000,0,9000,0.8999999999999999,0,0.8999999999999999
14,234,1,10000000,218.68793405215567,588941.8689211451,3000000000,732516,733116,699001,34115,16980,600,0,5.093881346041094,5.093881346041094
14,240,1,10000000,91.11695341702332,17356198.242050197,6000000000,734916,736116,717001,19115,576,1200,0,0.17284891300282967,0.17284891300282967
14,243,0,7000000,69.00871828979294,0,6000000000,731001,737001,726001,11000,0,6000,0.6,0,0.6
14,241,1,7000000,79.3989533936059,27878242.04674666,3000000000,740716,741316,720001,21315,251,600,0,0.07532756177662452,0.07532756177662452
14,242,1,7000000,70.1741619116324,41317798.75601074,4000000000,744316,745116,723001,22115,169,800,0,0.05082555371356759,0.05082555371356759
14,249,0,2000000,136.7228561726239,0,6000000000,744001,750001,744001,6000,0,6000,0.6,0,0.6
14,244,1,3000000,76.65823960932057,31284920.193848927,7000000000,750516,751916,729001,22915,96,1400,0,0.028767853471365196,0.028767853471365196
14,245,1,8000000,86.64136714064485,20719563.566356782,8000000000,755116,756716,732001,24715,386,1600,0,0.11583255565754194,0.11583255565754194
14,252,0,9000000,137.76203903833596,0,6000000000,753001,759001,753001,6000,0,6000,0.6,0,0.6
14,246,1,5000000,93.07498321246155,16087417.752659079,8000000000,760716,762316,735001,27315,311,1600,0,0.09324056993249062,0.09324056993249062
14,255,0,5000000,207.3751501506388,0,4000000000,762001,766001,762001,4000,0,4000,0.39999999999999997,0,0.39999999999999997
14,247,1,7000000,111.69597888912563,8204704.784939519,10000000000,766516,768516,738001,30515,853,2000,0,0.2559507081662147,0.2559507081662147
14,248,1,9000000,132.29394128228247,4285691.499991831,2000000000,770716,771116,741001,30115,2100,400,0,0.630003349519009,0.630003349519009
14,250,1,8000000,136.7228561726239,3770352.86616931,10000000000,773916,775916,747001,28915,2122,2000,0,0.6365451948900495,0.6365451948900495
14,259,0,7000000,192.7811155170547,0,3000000000,774001,777001,774001,3000,0,3000,0.3,0,0.3
14,251,1,2000000,136.7228561726239,3770352.86616931,10000000000,776716,778716,750001,28715,530,2000,0,0.15913629872251236,0.15913629872251236
14,253,1,9000000,151.54110003560092,2520088.345867527,3000000000,788316,788916,756001,32915,3571,600,0,1.0713910107268636,1.0713910107268636
14,254,1,7000000,177.9192516283721,1337279.5736032836,6000000000,789716,790916,759001,31915,5235,1200,0,1.5703522595066457,1.5703522595066457
14,263,0,9000000,229.87138012375533,0,6000000000,786001,792001,786001,6000,0,6000,0.6,0,0.6
14,256,1,9000000,201.8339143949797,810451.9201300472,2000000000,798570,798970,765001,33969,11105,400,0,3.3314746167382157,3.3314746167382157
14,258,1,5000000,196.51949343512973,901171.9168702166,8000000000,798970,800570,771001,29569,5548,1600,0,1.6644992724690337,1.6644992724690337
14,257,1,8000000,196.51949343512973,901171.9168702166,3000000000,800570,801170,768001,33169,8877,600,0,2.6631988359504537,2.6631988359504537
14,266,0,9000000,183.77646476086105,0,10000000000,795001,805001,795001,10000,0,10000,0.9999999999999999,0,0.9999999999999999
14,262,1,2000000,232.1382323099752,464259.5148400335,4000000000,807370,808170,783001,25169,4308,800,0,1.292380620797266,1.292380620797266
14,260,1,10000000,199.07335934273073,856078.5838470431,2000000000,808170,808570,777001,31569,11681,400,0,3.5043511852832596,3.5043511852832596
14,265,1,6000000,195.29800920644325,923784.5909695706,6000000000,807894,809094,792001,17093,6495,1200,0,1.9485061967864021,1.9485061967864021
14,261,1,6000000,215.1937306242912,627965.2646311353,3000000000,808570,809170,780001,29169,9555,600,0,2.866400581976957,2.866400581976957
14,264,1,7000000,210.94713105420513,679834.514344652,2000000000,809094,809494,789001,20493,10297,400,0,3.088987033887742,3.088987033887742
14,269,0,7000000,180.73158052758794,0,5000000000,805001,810001,804001,6000,0,5000,0.49999999999999994,0,0.49999999999999994
14,267,1,6000000,177.25891797029564,1357130.666273171,6000000000,811694,812894,798001,14893,4421,1200,0,1.3263277035386698,1.3263277035386698
14,268,1,3000000,176.22202387896925,1389046.928918605,10000000000,812894,814894,801001,13893,2160,2000,0,0.6479262732330175,0.6479262732330175
14,271,0,3000000,184.32271916397065,0,5000000000,810001,815001,810001,5000,0,5000,0.49999999999999994,0,0.49999999999999994
14,270,1,4000000,184.32271916397065,1162322.6553657383,7000000000,816294,817694,807001,10693,3441,1400,0,1.032415564181192,1.032415564181192
14,273,0,5000000,159.68843571154423,0,3000000000,816001,819001,816001,3000,0,3000,0.3,0,0.3
14,272,1,8000000,181.9165800580035,1224518.3614420858,5000000000,820294,821294,813001,8293,6533,1000,0,1.9599542771850131,1.9599542771850131
14,274,1,4000000,137.1661550820755,3723078.293464191,2000000000,821294,821694,819001,2693,1074,400,0,0.322313930949715,0.322313930949715
14,275,0,6000000,116.01131065547017,0,5000000000,822001,827001,822001,5000,0,5000,0.49999999999999994,0,0.49999999999999994
14,276,1,3000000,104.88223157427574,10391564.689000469,5000000000,828025,829025,825001,4024,289,1000,0,0.08660870878787438,0.08660870878787438
14,277,1,2000000,89.75068411995534,18310839.11713395,10000000000,829025,831025,828001,3024,109,2000,0,0.03276747702067699,0.03276747702067699
14,278,0,7000000,75.00344325429329,0,6000000000,831001,837001,831001,6000,0,6000,0.6,0,0.6
14,280,1,9000000,61.402166899874196,60677189.68699178,8000000000,837825,839425,837001,2424,148,1600,0,0.044497776082382354,0.044497776082382354
14,279,0,5000000,67.28751221437746,0,5000000000,837001,842001,834001,8000,0,5000,0.49999999999999994,0,0.49999999999999994
14,281,1,9000000,46.62151541938555,115644411.14873116,4000000000,844025,844825,840001,4824,78,800,0,0.02334743177971229,0.02334743177971229
14,282,0,9000000,21.638135317073882,0,3000000000,843001,846001,843001,3000,0,3000,0.3,0,0.3
14,285,1,10000000,54.63808653311352,81703456.77303287,3000000000,854044,854644,852001,2643,122,600,0,0.036718152676621915,0.036718152676621915
14,283,0,6000000,5.699438568841673,0,10000000000,846001,856001,846001,10000,0,10000,0.9999999999999999,0,0.9999999999999999
14,288,1,8000000,130.29808018539643,4546077.364001302,2000000000,862761,863161,861001,2160,1760,400,0,0.5279276633091879,0.5279276633091879
14,289,1,4000000,44.16166889962383,128397800.07039882,4000000000,864032,864832,864001,831,31,800,0,0.009345954520576332,0.009345954520576332
14,284,0,5000000,29.52768362062964,0,10000000000,856001,866001,849001,17000,0,10000,0.9999999999999999,0,0.9999999999999999
14,286,0,9000000,79.83976264994782,0,8000000000,866001,874001,855001,19000,0,8000,0.7999999999999999,0,0.7999999999999999
14,293,1,10000000,66.72061225738267,48031241.34806457,2000000000,876491,876891,876001,890,208,400,0,0.06245934762043966,0.06245934762043966
14,287,0,5000000,105.0642784204032,0,4000000000,874001,878001,858001,20000,0,4000,0.39999999999999997,0,0.39999999999999997
14,294,1,10000000,95.42262048382452,14706753.333215253,6000000000,879681,880881,879001,1880,680,1200,0,0.20398791847718623,0.20398791847718623
14,290,0,5000000,20.020149849589064,0,9000000000,878001,887001,867001,20000,0,9000,0.8999999999999999,0,0.8999999999999999
14,296,1,9000000,152.84600910720562,2436542.724571278,8000000000,888695,890295,885001,5294,3694,1600,0,1.1081275008116587,1.1081275008116587
14,291,0,2000000,9.997104580827383,0,5000000000,887001,892001,870001,22000,0,5000,0.49999999999999994,0,0.49999999999999994
14,292,0,6000000,38.083825963261624,0,4000000000,892001,896001,873001,23000,0,4000,0.39999999999999997,0,0.39999999999999997
14,295,0,6000000,124.13159549445908,0,4000000000,896001,900001,882001,18000,0,4000,0.39999999999999997,0,0.39999999999999997
14,297,0,10000000,151.51020097669996,0,5000000000,900001,905001,888001,17000,0,5000,0.49999999999999994,0,0.49999999999999994
14,299,0,3000000,94.06721426724614,0,3000000000,905001,908001,894001,14000,0,3000,0.3,0,0.3
14,298,1,2000000,122.78249264451347,5718370.74195683,7000000000,915570,916970,891001,25969,350,1400,0,0.10492499123879465,0.10492499123879465
14,302,0,5000000,110.1269022537182,0,9000000000,908001,917001,903001,14000,0,9000,0.8999999999999999,0,0.8999999999999999
14,300,1,4000000,70.9548546612563,39943141.506231524,3000000000,918970,919570,897001,22569,100,600,0,0.030042704573269186,0.030042704573269186
14,301,1,8000000,83.75037731258288,23291587.387996115,8000000000,921570,923170,900001,23169,343,1600,0,0.10304149562759721,0.10304149562759721
14,304,0,6000000,164.5758524206999,0,9000000000,917001,926001,909001,17000,0,9000,0.8999999999999999,0,0.8999999999999999
14,303,1,5000000,137.01263080460862,3739367.5057041026,10000000000,924970,926970,906001,20969,1337,2000,0,0.4011373575108281,0.4011373575108281
14,306,1,5000000,211.70480981782157,670199.119112087,10000000000,932170,934170,915001,19169,7460,2000,0,2.238140811028332,2.238140811028332
14,309,1,3000000,194.61708481014713,936697.0945745611,2000000000,934170,934570,924001,10569,3203,400,0,0.9608228798966986,0.9608228798966986
14,305,0,3000000,194.7486713690237,0,9000000000,926001,935001,912001,23000,0,9000,0.8999999999999999,0,0.8999999999999999
14,307,0,4000000,201.23727214410354,0,4000000000,935001,939001,918001,21000,0,4000,0.39999999999999997,0,0.39999999999999997
14,308,0,8000000,194.74049116709142,0,10000000000,939001,949001,921001,28000,0,10000,0.9999999999999999,0,0.9999999999999999
14,315,1,4000000,222.6343910989495,548434.552319229,6000000000,949294,950494,942001,8493,7293,1200,0,2.1880459480997696,2.1880459480997696
14,316,1,3000000,216.7020927448556,610736.1086397738,3000000000,950494,951094,945001,6093,4912,600,0,1.4736315525939219,1.4736315525939219
14,312,1,9000000,228.38247677963386,495452.9125110078,8000000000,951166,952766,933001,19765,18165,1600,0,5.449559245329923,5.449559245329923
14,310,0,6000000,200.8492474469347,0,6000000000,949001,955001,927001,28000,0,6000,0.6,0,0.6
14,311,0,9000000,212.94605067950897,0,10000000000,955001,965001,930001,35000,0,10000,0.9999999999999999,0,0.9999999999999999
14,313,0,8000000,236.04614739495327,0,2000000000,965001,967001,936001,31000,0,2000,0.19999999999999998,0,0.19999999999999998
14,322,1,3000000,201.77487777223405,811395.5289637905,3000000000,968814,969414,963001,6413,3697,600,0,1.1092000977000251,1.1092000977000251
14,314,0,5000000,220.06618140913884,0,3000000000,967001,970001,939001,31000,0,3000,0.3,0,0.3
14,323,1,4000000,182.00526393486535,1222153.5596499941,9000000000,970814,972614,966001,6613,3273,1800,0,0.9818733419584863,0.9818733419584863
14,317,0,10000000,206.20780610830423,0,4000000000,970001,974001,948001,26000,0,4000,0.39999999999999997,0,0.39999999999999997
14,321,1,6000000,222.91501721508132,545688.4814744968,9000000000,972614,974414,960001,14413,10995,1800,0,3.2985852938223044,3.2985852938223044
14,324,1,4000000,164.98168292268085,1802870.0116195122,8000000000,974414,976014,969001,7013,2219,1600,0,0.6656053915512433,0.6656053915512433
14,325,1,8000000,149.91546451250449,2629186.519962245,3000000000,978614,979214,972001,7213,3043,600,0,0.9128298740990288,0.9128298740990288
14,326,1,4000000,137.8888309472526,3647564.0541319675,5000000000,979214,980214,975001,5213,1097,1000,0,0.3289866832196237,0.3289866832196237
14,318,0,9000000,214.78174154243186,0,7000000000,974001,981001,951001,30000,0,7000,0.7,0,0.7
14,327,1,2000000,130.2136859166501,4557509.508997954,7000000000,981614,983014,978001,5013,439,1400,0,0.13165084983704622,0.13165084983704622
14,328,1,6000000,127.68110001092566,4917584.742813316,4000000000,983014,983814,981001,2813,1220,800,0,0.36603334647777364,0.36603334647777364
14,319,0,6000000,211.54561163021086,0,7000000000,981001,988001,954001,34000,0,7000,0.7,0,0.7
14,330,1,8000000,165.93247331369471,1762398.5181965628,5000000000,991994,992994,987001,5993,4539,1000,0,1.3617805367062414,1.3617805367062414
14,320,0,9000000,225.1323435226489,0,6000000000,988001,994001,957001,37000,0,6000,0.6,0,0.6
14,331,1,5000000,169.33958928732525,1626323.314131859,6000000000,993075,994275,990001,4274,3074,1200,0,0.9223258296587287,0.9223258296587287
14,332,1,3000000,170.36239755298115,1588040.5700455871,7000000000,994890,996290,993001,3289,1889,1400,0,0.5667361508114142,0.5667361508114142
15,1,1,7000000,154.75170596797955,2320596.4057487817,3000000000,3017,3617,1,3616,3016,600,0,0.9049397796177304,0.9049397796177304
15,2,1,10000000,151.07910279055807,2550514.4679216426,7000000000,6922,8322,3001,5321,3921,1400,0,1.176233280670089,1.176233280670089
15,3,1,6000000,143.96651867708684,3081697.067648401,10000000000,8322,10322,6001,4321,1947,2000,0,0.5840937511010952,0.5840937511010952
15,4,1,4000000,142.59409875587414,3199431.083279304,7000000000,10322,11722,9001,2721,1250,1400,0,0.37506668178332575,0.37506668178332575
15,5,1,2000000,145.34274835711616,2968959.2086826353,10000000000,13522,15522,12001,3521,674,2000,0,0.2020910217443599,0.2020910217443599
15,6,1,7000000,145.34274835711616,2968959.2086826353,5000000000,17359,18359,15001,3358,2358,1000,0,0.7073185761052596,0.7073185761052596
15,8,1,4000000,145.34274835711616,2968959.2086826353,3000000000,22348,22948,21001,1947,1347,600,0,0.4041820434887198,0.4041820434887198
15,7,0,4000000,145.34274835711616,0,5000000000,18001,23001,18001,5000,0,5000,0.49999999999999994,0,0.49999999999999994
15,9,1,10000000,145.34274835711616,2968959.2086826353,10000000000,28032,30032,24001,6031,3368,2000,0,1.0104551087217994,1.0104551087217994
15,11,1,6000000,147.72697519410596,2785444.9965076107,9000000000,32155,33955,30001,3954,2154,1800,0,0.6462163145410658,0.6462163145410658
15,12,1,2000000,157.57253060099018,2161232.9151483327,8000000000,33955,35555,33001,2554,925,1600,0,0.27761931432495324,0.27761931432495324
15,10,0,10000000,145.34274835711616,0,10000000000,27001,37001,27001,10000,0,10000,0.9999999999999999,0,0.9999999999999999
15,13,1,6000000,176.80933148451186,1370856.0835401437,4000000000,40378,41178,36001,5177,4377,800,0,1.3130481176051836,1.3130481176051836
15,14,0,9000000,200.7338299838869,0,4000000000,39001,43001,39001,4000,0,4000,0.39999999999999997,0,0.39999999999999997
15,15,0,10000000,190.32896390197683,0,2000000000,43001,45001,42001,3000,0,2000,0.19999999999999998,0,0.19999999999999998
15,20,0,5000000,154.51580534042463,0,10000000000,57001,67001,57001,10000,0,10000,0.9999999999999999,0,0.9999999999999999
15,21,0,9000000,159.05436083301836,0,4000000000,67001,71001,60001,11000,0,4000,0.39999999999999997,0,0.39999999999999997
15,22,0,7000000,169.6659411903285,0,2000000000,71001,73001,63001,10000,0,2000,0.19999999999999998,0,0.19999999999999998
15,16,1,6000000,185.66820837181578,1129254.4209699363,2000000000,72786,73186,45001,28185,5313,400,0,1.5939720638454076,1.5939720638454076
15,17,1,3000000,180.86299151567744,1253053.026917037,10000000000,73186,75186,48001,27185,2394,2000,0,0.7182457411354131,0.7182457411354131
15,23,0,5000000,174.20781411865542,0,3000000000,73001,76001,66001,10000,0,3000,0.3,0,0.3
15,24,1,6000000,155.62495076304444,2269751.740530381,10000000000,74703,76703,69001,7702,2643,2000,0,0.7930382728021997,0.7930382728021997
15,18,1,5000000,169.8104204694164,1608559.8342542418,5000000000,77786,78786,51001,27785,3108,1000,0,0.9325111618837778,0.9325111618837778
15,25,0,7000000,133.34782075459648,0,3000000000,76001,79001,72001,7000,0,3000,0.3,0,0.3
15,26,1,4000000,118.41844324259628,6569642.626941484,4000000000,78703,79503,75001,4502,609,800,0,0.18265833746860344,0.18265833746860344
15,27,1,5000000,113.54329790877136,7710493.3782223,3000000000,82503,83103,78001,5102,648,600,0,0.1945400801765339,0.1945400801765339
15,19,1,5000000,158.44899778793172,2114496.6969048916,7000000000,82186,83586,54001,29585,2365,1400,0,0.7093886702190809,0.7093886702190809
15,28,1,4000000,118.3479197113325,6584621.934253879,8000000000,84703,86303,81001,5302,607,1600,0,0.1822428093794538,0.1822428093794538
15,29,0,10000000,132.7757391242843,0,7000000000,84001,91001,84001,7000,0,7000,0.7,0,0.7
15,30,1,9000000,155.1906972083056,2294861.8248947454,2000000000,90975,91375,87001,4374,3922,400,0,1.1765414242854628,1.1765414242854628
15,31,1,7000000,179.91960982616652,1279307.7219875248,5000000000,95473,96473,90001,6472,5472,1000,0,1.6415127993892296,1.6415127993892296
15,33,1,2000000,184.23121342487002,1164615.075548521,6000000000,97718,98918,96001,2917,1717,1200,0,0.5151916822967507,0.5151916822967507
15,32,1,9000000,184.23121342487002,1164615.075548521,8000000000,101338,102938,93001,9937,7728,1600,0,2.3183625703353785,2.3183625703353785
15,34,1,8000000,192.79892764224599,972293.0424720189,10000000000,107229,109229,99001,10228,8228,2000,0,2.4683916218284248,2.4683916218284248
15,37,1,3000000,173.7056878746347,1470468.035735093,3000000000,110041,110641,108001,2640,2040,600,0,0.6120500263374213,0.6120500263374213
15,35,0,6000000,203.4160903173591,0,9000000000,102001,111001,102001,9000,0,9000,0.8999999999999999,0,0.8999999999999999
15,36,0,5000000,193.00301033921724,0,5000000000,111001,116001,105001,11000,0,5000,0.49999999999999994,0,0.49999999999999994
15,39,1,2000000,131.33335448392384,4408660.7981154695,8000000000,114455,116055,114001,2054,454,1600,0,0.13609575049558736,0.13609575049558736
15,40,1,7000000,117.19503402448417,6835489.600917137,9000000000,118025,119825,117001,2824,1024,1800,0,0.30722012944299365,0.30722012944299365
15,38,0,3000000,150.79813559855438,0,6000000000,116001,122001,111001,11000,0,6000,0.6,0,0.6
15,42,1,8000000,112.6713277635442,7939145.887971823,8000000000,124009,125609,123001,2608,1008,1600,0,0.3022995211155034,0.3022995211155034
15,41,0,3000000,110.61881259532667,0,4000000000,122001,126001,120001,6000,0,4000,0.39999999999999997,0,0.39999999999999997
15,43,0,7000000,122.75363823528815,0,2000000000,126001,128001,126001,2000,0,2000,0.19999999999999998,0,0.19999999999999998
15,44,1,3000000,139.27711944178054,3507717.7496148334,4000000000,129856,130656,129001,1655,855,800,0,0.25657708636871507,0.25657708636871507
15,45,0,2000000,160.2630500146556,0,7000000000,132001,139001,132001,7000,0,7000,0.7,0,0.7
15,46,0,6000000,174.70233083734172,0,9000000000,139001,148001,135001,13000,0,9000,0.8999999999999999,0,0.8999999999999999
15,48,0,2000000,161.03035397092063,0,3000000000,148001,151001,141001,10000,0,3000,0.3,0,0.3
15,47,1,8000000,165.13610689367724,1796218.9343260333,9000000000,152986,154786,138001,16785,4454,1800,0,1.3361400184218155,1.3361400184218155
15,49,1,6000000,162.85240495614428,1897770.6500724116,9000000000,154786,156586,144001,12585,3162,1800,0,0.9484813140783471,0.9484813140783471
15,50,0,6000000,170.39911061974473,0,6000000000,151001,157001,147001,10000,0,6000,0.6,0,0.6
15,53,0,5000000,173.91563155737322,0,4000000000,157001,161001,156001,5000,0,4000,0.39999999999999997,0,0.39999999999999997
15,51,1,6000000,173.91563155737322,1463451.9418703753,6000000000,160186,161386,150001,11385,4100,1200,0,1.229968643657336,1.229968643657336
15,52,1,10000000,173.91563155737322,1463451.9418703753,4000000000,163786,164586,153001,11585,6833,800,0,2.049947739428893,2.049947739428893
15,54,1,7000000,173.91563155737322,1463451.9418703753,4000000000,166586,167386,159001,8385,4783,800,0,1.4349634176002253,1.4349634176002253
15,55,1,4000000,173.91563155737322,1463451.9418703753,9000000000,167386,169186,162001,7185,2733,1800,0,0.8199790957715574,0.8199790957715574
15,56,0,7000000,173.91563155737322,0,8000000000,165001,173001,165001,8000,0,8000,0.7999999999999999,0,0.7999999999999999
15,58,1,7000000,175.36583988907304,1416106.5699534935,4000000000,175944,176744,171001,5743,4943,800,0,1.4829392395721788,1.4829392395721788
15,57,0,3000000,173.91563155737322,0,5000000000,173001,178001,168001,10000,0,5000,0.49999999999999994,0,0.49999999999999994
15,60,1,4000000,199.5140809567084,848583.5569380091,6000000000,182785,183985,177001,6984,4714,1200,0,1.4141212025484282,1.4141212025484282
15,59,0,7000000,183.34664354713453,0,8000000000,178001,186001,174001,12000,0,8000,0.7999999999999999,0,0.7999999999999999
15,61,0,2000000,196.08297427364772,0,2000000000,186001,188001,180001,8000,0,2000,0.19999999999999998,0,0.19999999999999998
15,62,0,5000000,175.45307435322985,0,8000000000,188001,196001,183001,13000,0,8000,0.7999999999999999,0,0.7999999999999999
15,63,0,7000000,158.10075078885615,0,4000000000,196001,200001,186001,14000,0,4000,0.39999999999999997,0,0.39999999999999997
15,65,0,2000000,149.80448925182446,0,3000000000,200001,203001,192001,11000,0,3000,0.3,0,0.3
15,66,0,10000000,149.80448925182446,0,3000000000,203001,206001,195001,11000,0,3000,0.3,0,0.3
15,69,0,7000000,149.80448925182446,0,10000000000,206001,216001,204001,12000,0,10000,0.9999999999999999,0,0.9999999999999999
15,70,0,8000000,146.41149305980048,0,8000000000,216001,224001,207001,17000,0,8000,0.7999999999999999,0,0.7999999999999999
15,73,0,10000000,145.4665081728437,0,4000000000,224001,228001,216001,12000,0,4000,0.39999999999999997,0,0.39999999999999997
15,64,1,4000000,149.80448925182446,2636845.1596287237,8000000000,226504,228104,189001,39103,1517,1600,0,0.4550892932101344,0.4550892932101344
15,75,0,8000000,165.98417876412202,0,9000000000,228001,237001,222001,15000,0,9000,0.8999999999999999,0,0.8999999999999999
15,67,1,4000000,149.80448925182446,2636845.1596287237,8000000000,240304,241904,198001,43903,1517,1600,0,0.4550892932101344,0.4550892932101344
15,76,0,9000000,142.16674751853893,0,5000000000,237001,242001,225001,17000,0,5000,0.49999999999999994,0,0.49999999999999994
15,77,0,10000000,139.11471705035376,0,3000000000,242001,245001,228001,17000,0,3000,0.3,0,0.3
15,78,0,8000000,152.06159936025924,0,2000000000,245001,247001,231001,16000,0,2000,0.19999999999999998,0,0.19999999999999998
15,68,1,9000000,149.80448925182446,2636845.1596287237,10000000000,248304,250304,201001,49303,3413,2000,0,1.0239509097228026,1.0239509097228026
15,79,0,3000000,171.19883907316665,0,9000000000,247001,256001,234001,22000,0,9000,0.8999999999999999,0,0.8999999999999999
15,71,1,2000000,140.1886799994921,3419477.218078147,2000000000,258104,258504,210001,48503,585,400,0,0.175465418172085,0.175465418172085
15,80,0,10000000,143.72463950207006,0,7000000000,256001,263001,237001,26000,0,7000,0.7,0,0.7
15,72,1,4000000,139.21859538150784,3513478.2715934375,9000000000,262104,263904,213001,50903,1138,1800,0,0.34154188733769353,0.34154188733769353
15,83,0,4000000,88.72527542927095,0,5000000000,263001,268001,246001,22000,0,5000,0.49999999999999994,0,0.49999999999999994
15,74,1,8000000,156.5971653638724,2214757.0278492076,3000000000,274304,274904,219001,55903,3612,600,0,1.0836403135068433,1.0836403135068433
15,85,0,2000000,74.57924644296155,0,10000000000,268001,278001,252001,26000,0,10000,0.9999999999999999,0,0.9999999999999999
15,89,0,4000000,92.32696518352591,0,2000000000,278001,280001,264001,16000,0,2000,0.19999999999999998,0,0.19999999999999998
15,91,0,6000000,139.2594305603753,0,2000000000,280001,282001,270001,12000,0,2000,0.19999999999999998,0,0.19999999999999998
15,92,0,2000000,162.35164458668112,0,9000000000,282001,291001,273001,18000,0,9000,0.8999999999999999,0,0.8999999999999999
15,96,1,3000000,183.44171417646533,1184629.2334058227,2000000000,294244,294644,285001,9643,2532,400,0,0.7597313780721835,0.7597313780721835
15,95,1,10000000,194.27395733859962,943289.0451927067,7000000000,296044,297444,282001,15443,10601,1400,0,3.1803613275156004,3.1803613275156004
15,81,1,6000000,116.36150566231085,7024124.456532436,4000000000,296904,297704,240001,57703,854,800,0,0.2562596962993729,0.2562596962993729
15,97,1,10000000,178.51847327377635,1319577.1322865998,2000000000,298044,298444,288001,10443,7578,400,0,2.2734555840639015,2.2734555840639015
15,94,0,7000000,217.2181069800582,0,10000000000,291001,301001,279001,22000,0,10000,0.9999999999999999,0,0.9999999999999999
15,99,1,7000000,190.5681529007405,1018299.4851021527,7000000000,300875,302275,294001,8274,6874,1400,0,2.0622616732339156,2.0622616732339156
15,82,1,10000000,91.78809617809925,16908563.746843055,9000000000,301504,303304,243001,60303,591,1800,0,0.17742488628344444,0.17742488628344444
15,84,1,6000000,78.81975894406173,28562178.61520537,9000000000,306504,308304,249001,59303,210,1800,0,0.06302040275883407,0.06302040275883407
15,98,0,5000000,180.94739152582446,0,9000000000,301001,310001,291001,19000,0,9000,0.8999999999999999,0,0.8999999999999999
15,86,1,10000000,66.1950239821695,49149666.697645016,2000000000,313304,313704,255001,58703,203,400,0,0.06103805379709205,0.06103805379709205
15,87,1,4000000,67.53874295543258,46343011.396929525,10000000000,315304,317304,258001,59303,86,2000,0,0.025893871887650067,0.025893871887650067
15,104,1,7000000,198.628857168338,863721.6077096342,5000000000,317105,318105,309001,9104,8104,1000,0,2.4313389653046373,2.4313389653046373
15,100,0,10000000,206.60258783471232,0,9000000000,310001,319001,297001,22000,0,9000,0.8999999999999999,0,0.8999999999999999
15,88,1,5000000,78.89882445258614,28467717.74646492,5000000000,318904,319904,261001,58903,176,1000,0,0.05269126290203815,0.05269126290203815
15,105,1,9000000,186.0109709130083,1121018.0514463237,7000000000,320029,321429,312001,9428,8028,1400,0,2.4085249978949874,2.4085249978949874
15,101,0,7000000,227.51966464461927,0,4000000000,319001,323001,300001,23000,0,4000,0.39999999999999997,0,0.39999999999999997
15,90,1,9000000,114.15341431599845,7555238.317352639,9000000000,323504,325304,267001,58303,1191,1800,0,0.3573679461306632,0.3573679461306632
15,107,1,10000000,174.74575817455488,1436114.0775842415,6000000000,324964,326164,318001,8163,6963,1200,0,2.088970539893633,2.088970539893633
15,93,1,7000000,189.40159582221057,1043437.4831871641,8000000000,328504,330104,276001,54103,6709,1600,0,2.012578648780741,2.012578648780741
15,102,0,3000000,238.84620679424657,0,9000000000,323001,332001,303001,29000,0,9000,0.8999999999999999,0,0.8999999999999999
15,111,1,6000000,62.97036287016294,56628670.5361179,9000000000,330367,332167,330001,2166,106,1800,0,0.03178601904227923,0.03178601904227923
15,112,1,2000000,34.8772131914234,188655926.99456775,6000000000,333767,334967,333001,1966,11,1200,0,0.0031803930550100166,0.0031803930550100166
15,113,1,6000000,14.134645379350692,443940004.8624094,4000000000,336015,336815,336001,814,14,800,0,0.00405460192883017,0.00405460192883017
15,103,0,9000000,216.7466098927501,0,6000000000,332001,338001,306001,32000,0,6000,0.6,0,0.6
15,114,1,10000000,26.741774436263626,261755803.7787268,8000000000,339039,340639,339001,1638,38,1600,0,0.01146106392558167,0.01146106392558167
15,106,0,7000000,180.13300225111448,0,3000000000,338001,341001,315001,26000,0,3000,0.3,0,0.3
15,115,1,4000000,54.06667180435646,83773475.80466641,3000000000,342049,342649,342001,648,48,600,0,0.014324342979370049,0.014324342979370049
15,108,0,4000000,146.20384741859567,0,7000000000,341001,348001,321001,27000,0,7000,0.7,0,0.7
15,109,0,5000000,117.00941671506617,0,2000000000,348001,350001,324001,26000,0,2000,0.19999999999999998,0,0.19999999999999998
15,110,0,5000000,90.30622680635042,0,3000000000,350001,353001,327001,26000,0,3000,0.3,0,0.3
15,116,0,8000000,82.82092972190065,0,5000000000,353001,358001,345001,13000,0,5000,0.49999999999999994,0,0.49999999999999994
15,119,1,4000000,166.4632142546816,1740296.9626083141,6000000000,357152,358352,354001,4351,2298,1200,0,0.6895374903151412,0.6895374903151412
15,117,0,7000000,107.9896754324228,0,6000000000,358001,364001,348001,16000,0,6000,0.6,0,0.6
15,121,1,6000000,144.13737058792213,3067417.3340921574,10000000000,362097,364097,360001,4096,1956,2000,0,0.5868128800063438,0.5868128800063438
15,118,0,10000000,137.1987674871753,0,2000000000,364001,366001,351001,15000,0,2000,0.19999999999999998,0,0.19999999999999998
15,123,1,5000000,190.811777676327,1013145.1376754823,10000000000,371547,373547,366001,7546,4935,2000,0,1.4805381225453413,1.4805381225453413
15,120,0,10000000,122.79655084732627,0,9000000000,366001,375001,357001,18000,0,9000,0.8999999999999999,0,0.8999999999999999
15,124,1,6000000,186.9716320728895,1098328.9841696646,6000000000,376947,378147,369001,9146,5463,1200,0,1.6388532269871745,1.6388532269871745
15,122,0,5000000,172.27528116360745,0,7000000000,375001,382001,363001,19000,0,7000,0.7,0,0.7
15,125,1,10000000,189.9835584991501,1030801.463824369,2000000000,381702,382102,372001,10101,9701,400,0,2.910356751793621,2.910356751793621
15,126,1,8000000,197.06458256114922,891303.5795973153,4000000000,383977,384777,375001,9776,8976,800,0,2.6926852476956316,2.6926852476956316
15,127,0,4000000,207.793320633749,0,5000000000,382001,387001,378001,9000,0,5000,0.49999999999999994,0,0.49999999999999994
15,128,0,2000000,223.62031146566272,0,3000000000,387001,390001,381001,9000,0,3000,0.3,0,0.3
15,129,1,3000000,230.29132376188207,479282.89121305104,7000000000,390643,392043,384001,8042,6259,1400,0,1.8778053973971953,1.8778053973971953
15,130,0,7000000,246.5035030177057,0,10000000000,390001,400001,387001,13000,0,10000,0.9999999999999999,0,0.9999999999999999
15,134,1,3000000,196.1467623999947,907998.2777714201,2000000000,405097,405497,399001,6496,3304,400,0,0.9911913073325965,0.9911913073325965
15,131,0,9000000,237.7473499326544,0,10000000000,400001,410001,390001,20000,0,10000,0.9999999999999999,0,0.9999999999999999
15,132,0,7000000,221.807151597959,0,2000000000,410001,412001,393001,19000,0,2000,0.19999999999999998,0,0.19999999999999998
15,137,1,3000000,196.8197208106951,895719.8405415398,8000000000,415297,416897,408001,8896,3349,1600,0,1.0047784577997876,1.0047784577997876
15,135,1,10000000,189.98381746875188,1030795.8834029206,10000000000,416897,418897,402001,16896,9701,2000,0,2.910372507596978,2.910372507596978
15,133,0,6000000,208.64660193734292,0,9000000000,412001,421001,396001,25000,0,9000,0.8999999999999999,0,0.8999999999999999
15,136,1,10000000,190.3183304361406,1023618.896946753,10000000000,419497,421497,405001,16496,9769,2000,0,2.9307782505270175,2.9307782505270175
15,139,1,3000000,161.72891207202244,1950342.172440277,9000000000,421497,423297,414001,9296,1538,1800,0,0.4614574881872733,0.4614574881872733
15,140,1,2000000,130.56392189268826,4510295.361709685,4000000000,423697,424497,417001,7496,443,800,0,0.13302898189190038,0.13302898189190038
15,138,0,6000000,192.21335281400198,0,4000000000,421001,425001,411001,14000,0,4000,0.39999999999999997,0,0.39999999999999997
15,141,1,5000000,102.18305975062592,11447585.56552276,5000000000,425097,426097,420001,6096,437,1000,0,0.1310319972202367,0.1310319972202367
15,142,0,8000000,79.63754453773674,0,2000000000,425001,427001,423001,4000,0,2000,0.19999999999999998,0,0.19999999999999998
15,146,1,3000000,68.73000654735894,43995635.35130935,6000000000,435069,436269,435001,1268,68,1200,0,0.020456574676406283,0.020456574676406283
15,143,0,6000000,68.89325438676853,0,10000000000,427001,437001,426001,11000,0,10000,0.9999999999999999,0,0.9999999999999999
15,144,0,9000000,75.22609254773243,0,2000000000,437001,439001,429001,10000,0,2000,0.19999999999999998,0,0.19999999999999998
15,147,1,5000000,73.23473834185528,36203155.39647095,7000000000,442269,443669,438001,5668,138,1400,0,0.04143285256694003,0.04143285256694003
15,145,0,8000000,95.46639722960117,0,7000000000,439001,446001,432001,14000,0,7000,0.7,0,0.7
15,149,1,2000000,108.94417698986945,9013898.53431762,9000000000,445269,447069,444001,3068,222,1800,0,0.06656387330251015,0.06656387330251015
15,150,1,9000000,98.70044478116596,13005604.355790729,3000000000,451469,452069,447001,5068,692,600,0,0.20760280923030144,0.20760280923030144
15,151,1,2000000,85.65576746489401,21557993.05981534,9000000000,453669,455469,450001,5468,93,1800,0,0.02783190431202131,0.02783190431202131
15,148,0,9000000,90.56858450919947,0,10000000000,446001,456001,441001,15000,0,10000,0.9999999999999999,0,0.9999999999999999
15,152,1,7000000,69.18882930068985,43125385.79430815,3000000000,460269,460869,453001,7868,162,600,0,0.04869521654869847,0.04869521654869847
15,153,1,10000000,66.50700414242093,48482547.9234377,8000000000,463469,465069,456001,9068,206,1600,0,0.06187793605108208,0.06187793605108208
15,154,1,9000000,79.46971058208287,27795953.476750135,5000000000,466269,467269,459001,8268,324,1000,0,0.09713644118228969,0.09713644118228969
15,155,0,5000000,102.29389082442805,0,7000000000,462001,469001,462001,7000,0,7000,0.7,0,0.7
15,157,1,2000000,112.11689658566199,8088803.8549899645,10000000000,470469,472469,468001,4468,247,2000,0,0.0741766039523707,0.0741766039523707
15,156,0,2000000,122.0901511179341,0,4000000000,469001,473001,465001,8000,0,4000,0.39999999999999997,0,0.39999999999999997
15,159,1,3000000,105.72536923558134,10085878.864613306,5000000000,477669,478669,474001,4668,297,1000,0,0.08923367136181704,0.08923367136181704
15,158,0,4000000,105.60548328567043,0,6000000000,473001,479001,471001,8000,0,6000,0.6,0,0.6
15,160,1,4000000,112.45534802756161,7997043.8495171135,3000000000,478669,479269,477001,2268,500,600,0,0.15005544831074794,0.15005544831074794
15,161,1,8000000,123.66430851300638,5563065.906885013,6000000000,481751,482951,480001,2950,1438,1200,0,0.43141678350955537,0.43141678350955537
15,162,1,10000000,139.56646946885203,3479407.416059671,9000000000,485875,487675,483001,4674,2874,1800,0,0.8622157859850209,0.8622157859850209
15,163,1,4000000,158.6700743681681,2102906.465186763,8000000000,489075,490675,486001,4674,1902,1600,0,0.5706387896303442,0.5706387896303442
15,164,1,9000000,179.76801328378755,1283590.2765529116,2000000000,496981,497381,489001,8380,7012,400,0,2.1034749556150145,2.1034749556150145
15,165,1,3000000,190.8308761704981,1012742.4467418732,9000000000,496747,498547,492001,6546,2962,1800,0,0.888676092224059,0.888676092224059
15,166,0,2000000,168.82159222090053,0,4000000000,495001,499001,495001,4000,0,4000,0.39999999999999997,0,0.39999999999999997
15,167,1,5000000,150.06800125276547,2618704.463620241,9000000000,500932,502732,498001,4731,1909,1800,0,0.572802322995363,0.572802322995363
15,168,1,3000000,131.9356396126536,4331060.835019518,8000000000,506132,507732,501001,6731,693,1600,0,0.2078012833998773,0.2078012833998773
15,171,0,3000000,103.58189899784608,0,2000000000,510001,512001,510001,2000,0,2000,0.19999999999999998,0,0.19999999999999998
15,169,1,9000000,117.20300081482559,6833716.551118694,9000000000,512932,514732,504001,10731,1317,1800,0,0.3950997937656639,0.3950997937656639
15,170,1,6000000,107.2870113294242,9547701.036283279,10000000000,515532,517532,507001,10531,628,2000,0,0.18852705935801928,0.18852705935801928
15,172,1,3000000,106.23341517620537,9906888.43626196,10000000000,521732,523732,513001,10731,303,2000,0,0.09084588019642478,0.09084588019642478
15,174,0,6000000,129.23143967316932,0,6000000000,519001,525001,519001,6000,0,6000,0.6,0,0.6
15,173,1,8000000,115.19831682798153,7298048.696586876,7000000000,527932,529332,516001,13331,1096,1400,0,0.32885502684058865,0.32885502684058865
15,175,1,2000000,146.88731224990124,2848431.821365921,6000000000,532932,534132,522001,12131,702,1200,0,0.21064221916755566,0.21064221916755566
15,176,1,3000000,166.41724820462565,1742197.4637225303,6000000000,537932,539132,525001,14131,1722,1200,0,0.5165889738336444,0.5165889738336444
15,179,0,4000000,133.74801531237765,0,9000000000,534001,543001,534001,9000,0,9000,0.8999999999999999,0,0.8999999999999999
15,177,1,9000000,168.9506839287725,1641179.8946999845,8000000000,543732,545332,528001,17331,5484,1600,0,1.6451578579041592,1.6451578579041592
15,178,1,8000000,151.44109646988164,2526636.121716822,7000000000,545332,546732,531001,15731,3166,1400,0,0.9498795570013564,0.9498795570013564
15,181,0,5000000,110.10398448739255,0,6000000000,543001,549001,540001,9000,0,6000,0.6,0,0.6
15,180,1,10000000,119.51336159609944,6342315.13253787,6000000000,548132,549332,537001,12331,1577,1200,0,0.47301339295002104,0.47301339295002104
15,182,0,4000000,164.0205334706603,0,9000000000,549001,558001,543001,15000,0,9000,0.8999999999999999,0,0.8999999999999999
15,183,0,6000000,148.26992142710537,0,2000000000,558001,560001,546001,14000,0,2000,0.19999999999999998,0,0.19999999999999998
15,185,1,6000000,118.68029533161778,6514386.378349443,4000000000,559932,560732,552001,8731,921,800,0,0.2763115196823907,0.2763115196823907
15,184,0,3000000,131.84351519889026,0,4000000000,560001,564001,549001,15000,0,4000,0.39999999999999997,0,0.39999999999999997
15,187,1,3000000,97.2800174753274,13712562.245639509,7000000000,565732,567132,558001,9131,219,1400,0,0.06563324810329982,0.06563324810329982
15,188,1,7000000,72.0262521585012,38136042.499245584,8000000000,568732,570332,561001,9331,184,1600,0,0.05506601792888034,0.05506601792888034
15,189,1,9000000,46.917725861341594,114188498.42712566,4000000000,570932,571732,564001,7731,79,800,0,0.02364511345004788,0.02364511345004788
15,186,0,10000000,109.97231106055735,0,8000000000,564001,572001,555001,17000,0,8000,0.7999999999999999,0,0.7999999999999999
15,190,0,7000000,24.14640760030364,0,7000000000,572001,579001,567001,12000,0,7000,0.7,0,0.7
15,194,1,3000000,79.78156428649419,27436507.433979925,3000000000,579110,579710,579001,709,109,600,0,0.032803008989597426,0.032803008989597426
15,191,0,10000000,11.387010143141147,0,6000000000,579001,585001,570001,15000,0,6000,0.6,0,0.6
15,192,0,8000000,31.329838812224995,0,4000000000,585001,589001,573001,16000,0,4000,0.39999999999999997,0,0.39999999999999997
15,193,0,6000000,56.05619769481333,0,7000000000,589001,596001,576001,20000,0,7000,0.7,0,0.7
15,195,0,3000000,105.11997907153521,0,7000000000,596001,603001,582001,21000,0,7000,0.7,0,0.7
15,196,0,8000000,130.54173623787906,0,8000000000,603001,611001,585001,26000,0,8000,0.7999999999999999,0,0.7999999999999999
15,202,1,6000000,209.69900047448965,696086.577231807,4000000000,611621,612421,603001,9420,8620,800,0,2.585885231630567,2.585885231630567
15,203,1,3000000,228.21048705088032,496943.0458173851,2000000000,612421,612821,606001,6820,6037,400,0,1.8110727327306817,1.8110727327306817
15,197,0,10000000,155.99115519797914,0,4000000000,611001,615001,588001,27000,0,4000,0.39999999999999997,0,0.39999999999999997
15,198,0,8000000,176.20090834045095,0,2000000000,615001,617001,591001,26000,0,2000,0.19999999999999998,0,0.19999999999999998
15,199,0,5000000,177.44194881707085,0,8000000000,617001,625001,594001,31000,0,8000,0.7999999999999999,0,0.7999999999999999
15,207,1,2000000,185.95938293078947,1122252.8889484373,9000000000,625195,626995,618001,8994,1782,1800,0,0.5346388553850873,0.5346388553850873
15,200,0,3000000,183.33618437177094,0,4000000000,625001,629001,597001,32000,0,4000,0.39999999999999997,0,0.39999999999999997
15,204,1,7000000,236.54432819241302,430723.3414245923,9000000000,633195,634995,609001,25994,16252,1800,0,4.875519383403677,4.875519383403677
15,201,0,5000000,194.35831085909342,0,6000000000,629001,635001,600001,35000,0,6000,0.6,0,0.6
15,206,1,9000000,199.12059511763215,855271.345335888,10000000000,636395,638395,615001,23394,10523,2000,0,3.156892855962148,3.156892855962148
15,205,0,9000000,216.28105834769718,0,4000000000,635001,639001,612001,27000,0,4000,0.39999999999999997,0,0.39999999999999997
15,209,1,9000000,175.21246559534518,1421022.9220444506,10000000000,642795,644795,624001,20794,6333,2000,0,1.9000397235784645,1.9000397235784645
15,208,0,3000000,177.8150828810649,0,7000000000,639001,646001,621001,25000,0,7000,0.7,0,0.7
15,212,1,3000000,207.6875434396584,723310.5777429526,2000000000,649595,649995,633001,16994,4148,400,0,1.244278775527376,1.244278775527376
15,210,0,7000000,178.38596637628197,0,4000000000,646001,650001,627001,23000,0,4000,0.39999999999999997,0,0.39999999999999997
15,211,1,9000000,186.07233539674834,1119551.3989876916,4000000000,649995,650795,630001,20794,8039,800,0,2.411680251966425,2.411680251966425
15,213,0,10000000,206.21590166619066,0,3000000000,650001,653001,636001,17000,0,3000,0.3,0,0.3
15,215,1,6000000,160.32594924091356,2018551.8954477857,3000000000,655194,655794,642001,13793,2972,600,0,0.8917283742168525,0.8917283742168525
15,216,1,8000000,137.67794957799163,3669403.1517740916,4000000000,655794,656594,645001,11593,2180,800,0,0.6540573223303747,0.6540573223303747
15,219,1,8000000,84.3259704954529,22751630.64443182,7000000000,660394,661794,654001,7793,352,1400,0,0.10548694454071451,0.10548694454071451
15,214,0,10000000,182.32225755513227,0,9000000000,653001,662001,639001,23000,0,9000,0.8999999999999999,0,0.8999999999999999
15,220,1,3000000,73.1468174290584,36340129.936171,8000000000,662194,663794,657001,6793,83,1600,0,0.024766009411105287,0.024766009411105287
15,221,1,9000000,68.36148111327023,44708094.385588646,9000000000,664194,665994,660001,5993,201,1800,0,0.06039174867784852,0.06039174867784852
15,217,0,6000000,116.23579354054408,0,4000000000,662001,666001,648001,18000,0,4000,0.39999999999999997,0,0.39999999999999997
15,223,1,8000000,85.56167658478886,21640051.796721123,10000000000,666371,668371,666001,2370,370,2000,0,0.11090546467008204,0.11090546467008204
15,218,0,10000000,96.66868210542648,0,3000000000,666001,669001,651001,18000,0,3000,0.3,0,0.3
15,222,0,9000000,72.81893778406825,0,2000000000,669001,671001,663001,8000,0,2000,0.19999999999999998,0,0.19999999999999998
15,225,1,5000000,104.89326813480456,10387492.156817442,5000000000,672482,673482,672001,1481,481,1000,0,0.1444044411639369,0.1444044411639369
15,224,0,7000000,88.30432888596123,0,5000000000,671001,676001,669001,7000,0,5000,0.49999999999999994,0,0.49999999999999994
15,226,1,3000000,125.35584110842221,5279323.152401586,5000000000,676116,677116,675001,2115,568,1000,0,0.1704763989661414,0.1704763989661414
15,227,1,7000000,136.7228561726239,3770352.86616931,8000000000,683516,685116,678001,7115,1857,1600,0,0.5569770455287932,0.5569770455287932
15,228,1,10000000,136.7228561726239,3770352.86616931,7000000000,689916,691316,681001,10315,2652,1400,0,0.7956814936125618,0.7956814936125618
15,230,0,8000000,136.7228561726239,0,6000000000,687001,693001,687001,6000,0,6000,0.6,0,0.6
15,229,1,3000000,136.7228561726239,3770352.86616931,8000000000,695116,696716,684001,12715,796,1600,0,0.23870444808376853,0.23870444808376853
15,231,0,10000000,136.7228561726239,0,7000000000,693001,700001,690001,10000,0,7000,0.7,0,0.7
15,232,0,7000000,136.7228561726239,0,3000000000,700001,703001,693001,10000,0,3000,0.3,0,0.3
15,233,0,6000000,145.2021108661992,0,4000000000,703001,707001,696001,11000,0,4000,0.39999999999999997,0,0.39999999999999997
15,234,1,3000000,168.51298495961666,1658102.530656577,4000000000,707916,708716,699001,9715,1809,800,0,0.5427891118672964,0.5427891118672964
15,236,1,2000000,209.66351804737042,696555.6376539941,9000000000,720370,722170,705001,17169,2871,1800,0,0.8613812990169825,0.8613812990169825
15,240,0,2000000,134.30458257259878,0,6000000000,717001,723001,717001,6000,0,6000,0.6,0,0.6
15,237,1,2000000,196.51949343512973,901171.9168702166,8000000000,722170,723770,708001,15769,2219,1600,0,0.6657997089876134,0.6657997089876134
15,235,1,10000000,198.02892162509997,874172.5123264443,10000000000,723716,725716,702001,23715,11439,2000,0,3.4318168984930324,3.4318168984930324
15,238,1,5000000,187.4429886658874,1087405.4015212911,6000000000,727170,728370,711001,17369,4598,1200,0,1.379430337481757,1.379430337481757
15,241,0,7000000,107.8771486460409,0,6000000000,723001,729001,720001,9000,0,6000,0.6,0,0.6
15,239,1,7000000,162.70981838844267,1904344.4923585188,8000000000,728370,729970,714001,15969,3676,1600,0,1.1027416564736998,1.1027416564736998
15,243,0,5000000,69.97316628536966,0,5000000000,729001,734001,726001,8000,0,5000,0.49999999999999994,0,0.49999999999999994
15,242,1,8000000,85.15037580656943,22002986.00959945,10000000000,736770,738770,723001,15769,364,2000,0,0.10907610444113945,0.10907610444113945
15,245,0,7000000,92.60458142014355,0,6000000000,734001,740001,732001,8000,0,6000,0.6,0,0.6
15,246,0,6000000,117.44936696295986,0,2000000000,740001,742001,735001,7000,0,2000,0.19999999999999998,0,0.19999999999999998
15,250,0,2000000,213.3867317805866,0,3000000000,747001,750001,747001,3000,0,3000,0.3,0,0.3
15,244,1,5000000,73.3327348460427,36051145.40427722,10000000000,748170,750170,729001,21169,139,2000,0,0.041607554577781466,0.041607554577781466
15,251,0,2000000,226.34748706358553,0,9000000000,750001,759001,750001,9000,0,9000,0.8999999999999999,0,0.8999999999999999
15,247,1,4000000,140.75507273274383,3366025.831242073,8000000000,760770,762370,738001,24369,1188,1600,0,0.35650350299219086,0.35650350299219086
15,255,0,10000000,205.36063546843636,0,5000000000,762001,767001,762001,5000,0,5000,0.49999999999999994,0,0.49999999999999994
15,248,1,5000000,165.47755678641136,1781620.3507528272,10000000000,765170,767170,741001,26169,2806,2000,0,0.8419302122173066,0.8419302122173066
15,253,1,4000000,237.80074369101538,421718.7039357975,6000000000,766894,768094,756001,12093,9485,1200,0,2.845498643528716,2.845498643528716
15,254,1,4000000,219.86998999408718,576428.7185649727,6000000000,768894,770094,759001,11093,6939,1200,0,2.0817838552309063,2.0817838552309063
15,256,0,8000000,206.794439480369,0,7000000000,767001,774001,765001,9000,0,7000,0.7,0,0.7
15,258,1,2000000,204.2100105283774,773582.9809213999,6000000000,776894,778094,771001,7093,2585,1200,0,0.7756116858793242,0.7756116858793242
15,259,0,7000000,213.6731452475954,0,9000000000,774001,783001,774001,9000,0,9000,0.8999999999999999,0,0.8999999999999999
15,249,1,9000000,192.33875870453156,981568.0525612764,2000000000,784370,784770,744001,40769,9169,400,0,2.7507007720500836,2.7507007720500836
15,257,1,7000000,217.96197283012467,596794.9291314797,8000000000,783894,785494,768001,17493,11729,1600,0,3.518796654415523,3.518796654415523
15,262,0,2000000,239.67697031629888,0,4000000000,783001,787001,783001,4000,0,4000,0.39999999999999997,0,0.39999999999999997
15,260,1,2000000,229.46929402427682,486164.42316733836,4000000000,786694,787494,777001,10493,4114,800,0,1.2341503643788416,1.2341503643788416
15,263,0,6000000,222.35628212398225,0,7000000000,787001,794001,786001,8000,0,7000,0.7,0,0.7
15,252,1,7000000,245.09218673797008,373854.0157239059,5000000000,794370,795370,753001,42369,18724,1000,0,5.61716582322568,5.61716582322568
15,261,1,3000000,248.3862967234706,354460.4758249252,10000000000,796094,798094,780001,18093,8464,2000,0,2.5390701118522654,2.5390701118522654
15,264,0,3000000,208.10032892813985,0,6000000000,794001,800001,789001,11000,0,6000,0.6,0,0.6
15,265,0,7000000,217.1352573858055,0,5000000000,800001,805001,792001,13000,0,5000,0.49999999999999994,0,0.49999999999999994
15,266,0,8000000,235.9502812034773,0,8000000000,805001,813001,795001,18000,0,8000,0.7999999999999999,0,0.7999999999999999
15,267,0,4000000,248.84310317949337,0,5000000000,813001,818001,798001,20000,0,5000,0.49999999999999994,0,0.49999999999999994
15,269,1,3000000,214.98233346021718,630428.1041659522,10000000000,820370,822370,804001,18369,4759,2000,0,1.4276013300369719,1.4276013300369719
15,268,0,8000000,227.25055467479064,0,8000000000,818001,826001,801001,25000,0,8000,0.7999999999999999,0,0.7999999999999999
15,271,1,2000000,240.74463586962847,401522.6732879179,10000000000,825170,827170,810001,17169,4981,2000,0,1.4943116289967537,1.4943116289967537
15,272,1,5000000,238.77218012155436,414917.0607329453,9000000000,826225,828025,813001,15024,12051,1800,0,3.615180338331402,3.615180338331402
15,270,1,8000000,221.65569178345046,558147.5070735234,5000000000,832370,833370,807001,26369,14333,1000,0,4.299938581798331,4.299938581798331
15,273,0,9000000,217.94266447852746,0,8000000000,826001,834001,816001,18000,0,8000,0.7999999999999999,0,0.7999999999999999
15,276,1,7000000,188.78447817551103,1057048.1303753965,9000000000,832825,834625,825001,9624,6622,1800,0,1.9866645043440105,1.9866645043440105
15,279,1,2000000,167.3033236370396,1706010.9497694636,9000000000,835225,837025,834001,3024,1172,1800,0,0.35169762543498273,0.35169762543498273
15,274,0,7000000,201.92111157578347,0,4000000000,834001,838001,819001,19000,0,4000,0.39999999999999997,0,0.39999999999999997
15,280,1,4000000,139.99128580022398,3438351.1219010646,9000000000,839425,841225,837001,4224,1163,1800,0,0.34900449589235666,0.34900449589235666
15,277,1,10000000,193.04474325917295,967383.1698450659,9000000000,841225,843025,828001,15024,10337,1800,0,3.1011496721412612,3.1011496721412612
15,282,1,5000000,93.75568302775035,15671991.937642379,6000000000,844825,846025,843001,3024,319,1200,0,0.09571214724767482,0.09571214724767482
15,275,0,4000000,191.84300508488704,0,9000000000,838001,847001,822001,25000,0,9000,0.8999999999999999,0,0.8999999999999999
15,278,0,6000000,193.3705055069154,0,2000000000,847001,849001,831001,18000,0,2000,0.19999999999999998,0,0.19999999999999998
15,284,1,3000000,63.750847053196054,54717240.466154635,4000000000,849056,849856,849001,855,55,800,0,0.016448197904949086,0.016448197904949086
15,285,1,2000000,67.35215289803293,46722483.35462652,10000000000,852044,854044,852001,2043,43,2000,0,0.012841783161352172,0.012841783161352172
15,281,0,8000000,117.0632790417217,0,6000000000,849001,855001,840001,15000,0,6000,0.6,0,0.6
15,286,1,9000000,82.65108650223537,24363887.050008137,5000000000,855370,856370,855001,1369,369,1000,0,0.11081975525736557,0.11081975525736557
15,283,0,10000000,74.28906581725201,0,3000000000,855001,858001,846001,12000,0,3000,0.3,0,0.3
15,287,1,3000000,111.83725005560531,8165582.857416582,8000000000,858368,859968,858001,1967,367,1600,0,0.11021870890484614,0.11021870890484614
15,288,1,5000000,80.58821874194766,26530722.378746852,4000000000,861189,861989,861001,988,188,800,0,0.05653822683703536,0.05653822683703536
15,289,0,9000000,98.7246620657675,0,4000000000,864001,868001,864001,4000,0,4000,0.39999999999999997,0,0.39999999999999997
15,290,0,4000000,124.78542102345126,0,4000000000,868001,872001,867001,5000,0,4000,0.39999999999999997,0,0.39999999999999997
15,291,0,3000000,121.94293788489765,0,2000000000,872001,874001,870001,4000,0,2000,0.19999999999999998,0,0.19999999999999998
15,292,0,4000000,97.39587106238125,0,2000000000,874001,876001,873001,3000,0,2000,0.19999999999999998,0,0.19999999999999998
15,293,0,6000000,70.48359312634395,0,2000000000,876001,878001,876001,2000,0,2000,0.19999999999999998,0,0.19999999999999998
15,294,1,5000000,57.23134193778789,72911084.19491144,2000000000,879070,879470,879001,469,69,400,0,0.02057300363261759,0.02057300363261759
15,295,0,4000000,34.95854974108628,0,5000000000,882001,887001,882001,5000,0,5000,0.49999999999999994,0,0.49999999999999994
15,296,0,7000000,10.267200202586883,0,5000000000,887001,892001,885001,7000,0,5000,0.49999999999999994,0,0.49999999999999994
15,300,1,5000000,100.7846540897968,12044945.967238205,3000000000,897416,898016,897001,1015,415,600,0,0.12453355989142192,0.12453355989142192
15,297,0,5000000,20.988272916083446,0,7000000000,892001,899001,888001,11000,0,7000,0.7,0,0.7
15,301,1,4000000,127.6675796747162,4919598.756076415,4000000000,900814,901614,900001,1613,813,800,0,0.24392233177915712,0.24392233177915712
15,298,0,6000000,46.802962513071755,0,7000000000,899001,906001,891001,15000,0,7000,0.7,0,0.7
15,299,0,6000000,73.93143039330435,0,7000000000,906001,913001,894001,19000,0,7000,0.7,0,0.7
15,302,0,10000000,154.57587133831717,0,6000000000,913001,919001,903001,16000,0,6000,0.6,0,0.6
15,303,0,6000000,151.78750179115536,0,7000000000,919001,926001,906001,20000,0,7000,0.7,0,0.7
15,304,1,2000000,124.86669892329184,5359516.979204985,7000000000,926970,928370,909001,19369,373,1400,0,0.11195038700838339,0.11195038700838339
15,305,0,4000000,97.9570400736976,0,3000000000,926001,929001,912001,17000,0,3000,0.3,0,0.3
15,306,1,9000000,73.18965227407497,36273326.0074821,5000000000,929170,930170,915001,15169,248,1000,0,0.07443486156861026,0.07443486156861026
15,308,1,2000000,86.45786546058146,20872784.12216401,10000000000,930170,932170,921001,11169,96,2000,0,0.028745566307222185,0.028745566307222185
15,310,1,6000000,140.9231411089038,3350363.4451996055,9000000000,934570,936370,927001,9369,1791,1800,0,0.53725514543177,0.53725514543177
15,307,0,6000000,68.36186071194957,0,8000000000,929001,937001,918001,19000,0,8000,0.7999999999999999,0,0.7999999999999999
15,312,1,2000000,174.0341161956471,1459510.6694019756,7000000000,936370,937770,933001,4769,1370,1400,0,0.41109668642973735,0.41109668642973735
15,309,0,6000000,112.00208256992372,0,2000000000,937001,939001,924001,15000,0,2000,0.19999999999999998,0,0.19999999999999998
15,313,1,2000000,183.144109924398,1192284.5435583666,8000000000,938770,940370,936001,4369,1677,1600,0,0.5032355768106356,0.5032355768106356
15,311,0,9000000,169.4539772327578,0,7000000000,939001,946001,930001,16000,0,7000,0.7,0,0.7
15,315,1,3000000,195.0633909784201,928208.5279265309,4000000000,945733,946533,942001,4532,3232,800,0,0.9696097082952424,0.9696097082952424
15,317,1,4000000,165.12607062484105,1796650.272861033,2000000000,950227,950627,948001,2626,2226,400,0,0.6679096194325502,0.6679096194325502
15,316,1,9000000,167.68794649586476,1690593.8922921065,6000000000,950627,951827,945001,6826,5324,1200,0,1.597071900182569,1.597071900182569
15,314,1,10000000,208.88024152609555,707011.2382758816,7000000000,953145,954545,939001,15544,14144,1400,0,4.243214022051196,4.243214022051196
15,318,1,4000000,165.12607062484105,1796650.272861033,2000000000,955875,956275,951001,5274,2226,400,0,0.6679096194325502,0.6679096194325502
15,319,1,5000000,165.12607062484105,1796650.272861033,4000000000,957874,958674,954001,4673,2783,800,0,0.8348870242906877,0.8348870242906877
15,320,1,2000000,165.12607062484105,1796650.272861033,9000000000,960274,962074,957001,5073,1113,1800,0,0.3339548097162751,0.3339548097162751
15,321,1,3000000,165.12607062484105,1796650.272861033,9000000000,963274,965074,960001,5073,1670,1800,0,0.5009322145744126,0.5009322145744126
15,322,1,8000000,156.48366687932642,2221091.501009687,7000000000,967474,968874,963001,5873,3602,1400,0,1.0805498102662512,1.0805498102662512
15,324,1,4000000,138.89004031967164,3546035.1943004495,9000000000,972874,974674,969001,5673,1128,1800,0,0.338406116760703,0.338406116760703
15,323,0,7000000,141.4154563688142,0,9000000000,966001,975001,966001,9000,0,9000,0.8999999999999999,0,0.8999999999999999
15,325,1,9000000,144.76627300583516,3015552.5385022038,10000000000,975274,977274,972001,5273,2985,2000,0,0.8953583018457587,0.8953583018457587
15,328,1,7000000,134.6116179978534,4005906.8950728,5000000000,982748,983748,981001,2747,1747,1000,0,0.5242258632078958,0.5242258632078958
15,326,1,9000000,157.8742822628182,2144999.3588455655,10000000000,984474,986474,975001,11473,4196,2000,0,1.2587416349873106,1.2587416349873106
15,329,1,10000000,113.1652707326766,7808629.281020439,8000000000,985282,986882,984001,2881,1281,1600,0,0.38419034788753054,0.38419034788753054
15,327,0,6000000,160.39523995430784,0,10000000000,978001,988001,978001,10000,0,10000,0.9999999999999999,0,0.9999999999999999
15,330,0,7000000,98.81672176307009,0,5000000000,988001,993001,987001,6000,0,5000,0.49999999999999994,0,0.49999999999999994
15,332,1,10000000,102.09493866005309,11484170.02271133,10000000000,993872,995872,993001,2871,871,2000,0,0.26122915230853766,0.26122915230853766
15,333,1,8000000,118.87634668006916,6473385.409924384,7000000000,997237,998637,996001,2636,1236,1400,0,0.3707488196702372,0.3707488196702372
16,1,0,5000000,236.89871337767963,0,10000000000,1,10001,1,10000,0,10000,0.9999999999999999,0,0.9999999999999999
16,6,1,3000000,179.29873870164286,1296960.612719898,10000000000,17903,19903,15001,4902,2313,2000,0,0.6939300940778617,0.6939300940778617
16,7,1,2000000,175.99312827494143,1396217.7600585914,4000000000,19903,20703,18001,2702,1432,800,0,0.42973239358796106,0.42973239358796106
16,4,1,9000000,199.21633718146714,853638.0621416533,7000000000,20703,22103,9001,13102,10543,1400,0,3.1629330037441092,3.1629330037441092
16,2,1,8000000,230.51820774073354,477404.98907739937,9000000000,22103,23903,3001,20902,16757,1800,0,5.0271782970640455,5.0271782970640455
16,3,1,9000000,214.616972767766,634713.1242910848,3000000000,25903,26503,6001,20502,14180,600,0,4.253890295738957,4.253890295738957
16,5,1,10000000,187.2162519654744,1092643.0163812384,5000000000,26503,27503,12001,15502,9152,1000,0,2.745635999153504,2.745635999153504
16,8,1,3000000,177.6140473048233,1346409.5140418743,5000000000,29503,30503,21001,9502,2228,1000,0,0.6684444744439093,0.6684444744439093
16,11,0,5000000,182.94408681343054,0,2000000000,30001,32001,30001,2000,0,2000,0.19999999999999998,0,0.19999999999999998
16,9,1,2000000,182.66256567780928,1204802.1606479073,5000000000,33103,34103,24001,10102,1660,1000,0,0.4980070750183064,0.4980070750183064
16,10,1,6000000,182.94408681343054,1197464.3569715659,10000000000,38703,40703,27001,13702,5011,2000,0,1.5031762653481147,1.5031762653481147
16,14,0,2000000,199.67073946875638,0,2000000000,39001,41001,39001,2000,0,2000,0.19999999999999998,0,0.19999999999999998
16,12,1,4000000,183.26896191117578,1189065.4905896739,10000000000,41103,43103,33001,10102,3364,2000,0,1.0091958849170735,1.0091958849170735
16,13,1,2000000,188.14926654122252,1071289.3887316552,10000000000,43103,45103,36001,9102,1867,2000,0,0.5600727556074885,0.5600727556074885
16,15,0,3000000,214.89800859942835,0,4000000000,42001,46001,42001,4000,0,4000,0.39999999999999997,0,0.39999999999999997
16,18,0,9000000,214.78554630142136,0,8000000000,51001,59001,51001,8000,0,8000,0.7999999999999999,0,0.7999999999999999
16,16,1,8000000,232.8727571013836,458448.20606190054,8000000000,67903,69503,45001,24502,17450,1600,0,5.235051568019327,5.235051568019327
16,23,0,3000000,187.4192404743974,0,5000000000,66001,71001,66001,5000,0,5000,0.49999999999999994,0,0.49999999999999994
16,24,0,2000000,190.14858874049,0,4000000000,71001,75001,69001,6000,0,4000,0.39999999999999997,0,0.39999999999999997
16,25,0,9000000,207.64926896090918,0,10000000000,75001,85001,72001,13000,0,10000,0.9999999999999999,0,0.9999999999999999
16,17,1,5000000,232.9911350244897,457520.15034968423,8000000000,86186,87786,48001,39785,10928,1600,0,3.2785441228185137,3.2785441228185137
16,20,1,2000000,189.73295970916595,1036219.1756206127,7000000000,87786,89186,57001,32185,1930,1400,0,0.5790280802713845,0.5790280802713845
16,27,0,3000000,169.78141830011907,0,5000000000,85001,90001,78001,12000,0,5000,0.49999999999999994,0,0.49999999999999994
16,26,1,7000000,188.35826342372135,1066577.5294722507,8000000000,90504,92104,75001,17103,6563,1600,0,1.968914534547801,1.968914534547801
16,30,0,7000000,154.55820812884707,0,3000000000,90001,93001,87001,6000,0,3000,0.3,0,0.3
16,19,1,7000000,199.41388366911667,850280.3363705027,6000000000,92186,93386,54001,39385,8233,1200,0,2.46977368542243,2.46977368542243
16,21,1,6000000,189.4850519170312,1041613.6260519349,7000000000,93386,94786,60001,34785,5760,1400,0,1.7280879924954553,1.7280879924954553
16,22,1,3000000,189.4850519170312,1041613.6260519349,8000000000,94786,96386,63001,33385,2880,1600,0,0.8640439962477277,0.8640439962477277
16,28,1,6000000,159.34109137319226,2068206.3568920011,7000000000,95504,96904,81001,15903,2901,1400,0,0.8703193441030476,0.8703193441030476
16,29,1,10000000,154.77591543906308,2319167.916534913,10000000000,103304,105304,84001,21303,4312,2000,0,1.2935673948449251,1.2935673948449251
16,34,0,4000000,215.3829939897763,0,9000000000,99001,108001,99001,9000,0,9000,0.8999999999999999,0,0.8999999999999999
16,37,1,2000000,175.185371535411,1421893.6144767182,8000000000,109408,111008,108001,3007,1407,1600,0,0.42197249772502177,0.42197249772502177
16,35,0,3000000,205.86966289378336,0,10000000000,108001,118001,102001,16000,0,10000,0.9999999999999999,0,0.9999999999999999
16,31,1,7000000,168.51796640121196,1657908.719082725,8000000000,117104,118704,90001,28703,4222,1600,0,1.2666559840290073,1.2666559840290073
16,36,0,3000000,189.85452325399044,0,2000000000,118001,120001,105001,15000,0,2000,0.19999999999999998,0,0.19999999999999998
16,38,0,5000000,162.61114998670902,0,2000000000,120001,122001,111001,11000,0,2000,0.19999999999999998,0,0.19999999999999998
16,40,1,3000000,146.42826537250247,2883611.132094059,7000000000,125590,126990,117001,9989,1040,1400,0,0.3121086577809214,0.3121086577809214
16,39,1,10000000,152.85953094262717,2435695.0913066757,6000000000,126990,128190,114001,14189,4106,1200,0,1.2316812603956073,1.2316812603956073
16,41,0,5000000,143.6238716230697,0,7000000000,122001,129001,120001,9000,0,7000,0.7,0,0.7
16,32,1,9000000,182.44283515665944,1210568.2939867782,8000000000,134504,136104,93001,43103,7435,1600,0,2.2303574390735608,2.2303574390735608
16,42,1,4000000,153.82889520502968,2375868.6339583937,10000000000,134590,136590,123001,13589,1684,2000,0,0.5050784301995269,0.5050784301995269
16,45,0,4000000,191.84440700734538,0,6000000000,132001,138001,132001,6000,0,6000,0.6,0,0.6
16,33,1,8000000,198.1988385435192,871196.6404737686,9000000000,138704,140504,96001,44503,9183,1800,0,2.7548315598357305,2.7548315598357305
16,43,1,8000000,177.32060229990196,1355260.8568366051,8000000000,142990,144590,126001,18589,5903,1600,0,1.770876793123047,1.770876793123047
16,46,0,5000000,162.71150543216052,0,7000000000,138001,145001,135001,10000,0,7000,0.7,0,0.7
16,44,1,10000000,200.86622911778875,826093.0111592027,6000000000,146790,147990,129001,18989,12105,1200,0,3.631552330639252,3.631552330639252
16,47,0,6000000,185.0554857333335,0,5000000000,145001,150001,138001,12000,0,5000,0.49999999999999994,0,0.49999999999999994
16,50,1,4000000,175.30933175390294,1417915.4529198608,7000000000,149822,151222,147001,4221,2821,1400,0,0.8463128020284174,0.8463128020284174
16,48,0,6000000,199.78834100117055,0,3000000000,150001,153001,141001,12000,0,3000,0.3,0,0.3
16,49,0,3000000,174.88371479357357,0,2000000000,153001,155001,144001,11000,0,2000,0.19999999999999998,0,0.19999999999999998
16,51,1,6000000,186.09997850617822,1118891.4900773065,3000000000,155363,155963,150001,5962,5362,600,0,1.6087350882216775,1.6087350882216775
16,52,1,2000000,204.04721634954984,776041.4274175126,8000000000,155963,157563,153001,4562,2577,1600,0,0.7731546007751957,0.7731546007751957
16,53,0,10000000,227.3899597607599,0,7000000000,156001,163001,156001,7000,0,7000,0.7,0,0.7
16,55,0,6000000,201.3923099326288,0,2000000000,163001,165001,162001,3000,0,2000,0.19999999999999998,0,0.19999999999999998
16,56,1,5000000,186.4043553675718,1111657.1720111726,7000000000,170186,171586,165001,6585,4498,1400,0,1.34933686190883,1.34933686190883
16,57,0,3000000,207.26564428288637,0,9000000000,168001,177001,168001,9000,0,9000,0.8999999999999999,0,0.8999999999999999
16,54,1,10000000,224.69118919085363,528699.7770370528,2000000000,177915,178315,159001,19314,18914,400,0,5.674297834609738,5.674297834609738
16,59,0,6000000,175.35037867082013,0,10000000000,177001,187001,174001,13000,0,10000,0.9999999999999999,0,0.9999999999999999
16,61,0,8000000,172.03700590279988,0,9000000000,187001,196001,180001,16000,0,9000,0.8999999999999999,0,0.8999999999999999
16,63,0,7000000,160.76993282327388,0,8000000000,196001,204001,186001,18000,0,8000,0.7999999999999999,0,0.7999999999999999
16,65,0,8000000,116.13564224646971,0,4000000000,204001,208001,192001,16000,0,4000,0.39999999999999997,0,0.39999999999999997
16,58,1,3000000,192.63728870600312,975538.5004948764,5000000000,207904,208904,171001,37903,3075,1000,0,0.922567381547159,0.922567381547159
16,67,0,8000000,77.96409494119713,0,7000000000,208001,215001,198001,17000,0,7000,0.7,0,0.7
16,60,1,2000000,172.25905201178833,1519966.494174873,7000000000,214904,216304,177001,39303,1316,1400,0,0.39474554360207476,0.39474554360207476
16,62,1,3000000,171.61155264142332,1542791.3346861461,5000000000,219504,220504,183001,37503,1945,1000,0,0.5833582155704091,0.5833582155704091
16,72,0,8000000,83.6926018235782,0,6000000000,215001,221001,213001,8000,0,6000,0.6,0,0.6
16,75,0,4000000,95.16838655772203,0,2000000000,222001,224001,222001,2000,0,2000,0.19999999999999998,0,0.19999999999999998
16,64,1,3000000,138.5214293891021,3583004.833194294,5000000000,224904,225904,189001,36903,837,1000,0,0.2511858180212497,0.2511858180212497
16,76,0,8000000,116.33425634781871,0,8000000000,225001,233001,225001,8000,0,8000,0.7999999999999999,0,0.7999999999999999
16,66,1,10000000,95.2088362495835,14826553.43733198,7000000000,236104,237504,195001,42503,674,1400,0,0.20233967473831507,0.20233967473831507
16,77,0,10000000,141.35348916811355,0,8000000000,233001,241001,228001,13000,0,8000,0.7999999999999999,0,0.7999999999999999
16,79,0,8000000,177.666039805023,0,2000000000,241001,243001,234001,9000,0,2000,0.19999999999999998,0,0.19999999999999998
16,68,1,10000000,58.01224439719601,70448494.63691187,5000000000,243704,244704,201001,43703,142,1000,0,0.04258430241074497,0.04258430241074497
16,69,1,2000000,46.26368121972143,117425623.04291062,9000000000,246504,248304,204001,44303,17,1800,0,0.005109617342892387,0.005109617342892387
16,81,1,5000000,210.20801245433057,689400.8199311169,5000000000,247722,248722,240001,8721,7253,1000,0,2.175802460098432,2.175802460098432
16,80,0,3000000,203.65045470118648,0,9000000000,243001,252001,237001,15000,0,9000,0.8999999999999999,0,0.8999999999999999
16,70,1,4000000,53.76121464401636,84900425.68769975,9000000000,250304,252104,207001,45103,47,1800,0,0.014134204749621819,0.014134204749621819
16,83,1,7000000,178.2563292003961,1327285.4264275732,10000000000,253164,255164,246001,9163,5274,2000,0,1.5821766427830148,1.5821766427830148
16,71,1,4000000,74.6323361553154,34099733.36256856,9000000000,254304,256104,210001,46103,117,1800,0,0.03519089100319024,0.03519089100319024
16,84,1,4000000,175.31860511651348,1417618.4062829742,3000000000,257164,257764,249001,8763,2822,600,0,0.8464901377419511,0.8464901377419511
16,82,0,4000000,188.21902188673704,0,6000000000,252001,258001,243001,15000,0,6000,0.6,0,0.6
16,85,1,2000000,181.0909144601131,1246810.6064885058,3000000000,257764,258364,252001,6363,1604,600,0,0.4812278600114165,0.4812278600114165
16,86,0,10000000,186.02261206638295,0,5000000000,258001,263001,255001,8000,0,5000,0.49999999999999994,0,0.49999999999999994
16,73,1,9000000,77.02148401582508,30807868.670609932,8000000000,265304,266904,216001,50903,292,1600,0,0.0876399477311374,0.0876399477311374
16,87,0,7000000,182.08648329845906,0,4000000000,263001,267001,258001,9000,0,4000,0.39999999999999997,0,0.39999999999999997
16,88,1,7000000,176.51644824208307,1379890.3854224794,2000000000,266644,267044,261001,6043,5073,400,0,1.5218600130741875,1.5218600130741875
16,74,1,2000000,82.66480569141865,24350163.473318614,4000000000,268704,269504,219001,50503,82,800,0,0.024640491660659382,0.024640491660659382
16,90,0,3000000,179.4595154902632,0,7000000000,267001,274001,267001,7000,0,7000,0.7,0,0.7
16,89,1,10000000,175.42193847976935,1414313.6326289498,9000000000,272644,274444,264001,10443,7071,1800,0,2.1211702487966195,2.1211702487966195
16,91,0,6000000,188.37368844931612,0,2000000000,274001,276001,270001,6000,0,2000,0.19999999999999998,0,0.19999999999999998
16,94,0,7000000,238.01731722712944,0,3000000000,279001,282001,279001,3000,0,3000,0.3,0,0.3
16,95,0,8000000,227.26271361576232,0,4000000000,282001,286001,282001,4000,0,4000,0.39999999999999997,0,0.39999999999999997
16,92,1,5000000,201.78288852130154,811267.4093372831,9000000000,285444,287244,273001,14243,6163,1800,0,1.8489587807124364,1.8489587807124364
16,78,1,2000000,168.04671552874817,1676368.746022234,5000000000,288504,289504,231001,58503,1193,1000,0,0.357916479547658,0.357916479547658
16,96,0,10000000,212.55009056690614,0,4000000000,286001,290001,285001,5000,0,4000,0.39999999999999997,0,0.39999999999999997
16,98,1,2000000,187.92524950096515,1076368.6784918902,4000000000,292859,293659,291001,2658,1858,800,0,0.5574298212027735,0.5574298212027735
16,97,0,2000000,198.5815009007637,0,8000000000,290001,298001,288001,10000,0,8000,0.7999999999999999,0,0.7999999999999999
16,93,1,10000000,218.57653350714477,590138.5348260738,3000000000,297444,298044,276001,22043,16945,600,0,5.083552120324024,5.083552120324024
16,99,0,10000000,181.69105206366103,0,4000000000,298001,302001,294001,8000,0,4000,0.39999999999999997,0,0.39999999999999997
16,101,1,5000000,190.9429783993116,1010382.7885837465,8000000000,304950,306550,300001,6549,4949,1600,0,1.4845858588926975,1.4845858588926975
16,100,0,5000000,181.82474776553377,0,6000000000,302001,308001,297001,11000,0,6000,0.6,0,0.6
16,102,0,2000000,206.8828542919881,0,6000000000,308001,314001,303001,11000,0,6000,0.6,0,0.6
16,103,0,2000000,214.53742330884842,0,8000000000,314001,322001,306001,16000,0,8000,0.7999999999999999,0,0.7999999999999999
16,104,0,10000000,209.84816701605953,0,2000000000,322001,324001,309001,15000,0,2000,0.19999999999999998,0,0.19999999999999998
16,108,1,3000000,223.20971865042074,542823.111418637,9000000000,326528,328328,321001,7327,5527,1800,0,1.6579986759368108,1.6579986759368108
16,105,0,8000000,218.56933087695543,0,6000000000,324001,330001,312001,18000,0,6000,0.6,0,0.6
16,110,1,7000000,181.931587416809,1224117.7826378567,10000000000,332719,334719,327001,7718,5718,2000,0,1.7155211939448352,1.7155211939448352
16,106,0,9000000,221.64078347632685,0,6000000000,330001,336001,315001,21000,0,6000,0.6,0,0.6
16,107,0,3000000,221.64078347632685,0,2000000000,336001,338001,318001,20000,0,2000,0.19999999999999998,0,0.19999999999999998
16,109,0,10000000,209.93473104753292,0,9000000000,338001,347001,324001,23000,0,9000,0.8999999999999999,0,0.8999999999999999
16,111,0,7000000,155.22733006787178,0,4000000000,347001,351001,330001,21000,0,4000,0.39999999999999997,0,0.39999999999999997
16,112,0,5000000,130.54826425502563,0,2000000000,351001,353001,333001,20000,0,2000,0.19999999999999998,0,0.19999999999999998
16,118,1,7000000,128.74174342457852,4762689.46946038,7000000000,352471,353871,351001,2870,1470,1400,0,0.4409273402067788,0.4409273402067788
16,113,0,10000000,112.67513878402814,0,6000000000,353001,359001,336001,23000,0,6000,0.6,0,0.6
16,114,0,8000000,97.7210934240914,0,2000000000,359001,361001,339001,22000,0,2000,0.19999999999999998,0,0.19999999999999998
16,115,0,9000000,91.52097573780563,0,5000000000,361001,366001,342001,24000,0,5000,0.49999999999999994,0,0.49999999999999994
16,120,1,6000000,167.8128400927653,1685624.9367143128,10000000000,364504,366504,357001,9503,3560,2000,0,1.0678532102809488,1.0678532102809488
16,123,1,7000000,152.34060686501152,2468487.943535697,9000000000,368837,370637,366001,4636,2836,1800,0,0.8507232151971139,0.8507232151971139
16,116,0,3000000,95.5848549719044,0,8000000000,366001,374001,345001,29000,0,8000,0.7999999999999999,0,0.7999999999999999
16,126,1,2000000,198.69508398548763,862577.493506064,3000000000,377320,377920,375001,2919,2319,600,0,0.695589676889456,0.695589676889456
16,117,0,9000000,108.93420032294725,0,5000000000,374001,379001,348001,31000,0,5000,0.49999999999999994,0,0.49999999999999994
16,125,1,10000000,181.77258346626428,1228370.240146171,3000000000,380142,380742,372001,8741,8141,600,0,2.442260404845865,2.442260404845865
16,119,0,10000000,152.57104115788155,0,4000000000,379001,383001,354001,29000,0,4000,0.39999999999999997,0,0.39999999999999997
16,121,0,8000000,164.99067185753256,0,5000000000,383001,388001,360001,28000,0,5000,0.49999999999999994,0,0.49999999999999994
16,128,1,3000000,238.2792030371094,418351.4589559371,10000000000,388172,390172,381001,9171,7171,2000,0,2.1513012103414044,2.1513012103414044
16,122,0,3000000,144.5967942244917,0,5000000000,388001,393001,363001,30000,0,5000,0.49999999999999994,0,0.49999999999999994
16,132,1,3000000,181.7165512549696,1229873.161934425,2000000000,396457,396857,393001,3856,2439,400,0,0.7317827787903113,0.7317827787903113
16,124,0,7000000,165.70295742683655,0,4000000000,393001,397001,369001,28000,0,4000,0.39999999999999997,0,0.39999999999999997
16,131,1,10000000,199.39787686933886,850551.7930313591,10000000000,401758,403758,390001,13757,11757,2000,0,3.527122068966578,3.527122068966578
16,127,0,3000000,217.95991489262425,0,7000000000,397001,404001,378001,26000,0,7000,0.7,0,0.7
16,134,1,7000000,160.7864683361134,1995840.8113984948,10000000000,405358,407358,399001,8357,3507,2000,0,1.0521881244268778,1.0521881244268778
16,129,0,5000000,237.76091562744284,0,5000000000,404001,409001,384001,25000,0,5000,0.49999999999999994,0,0.49999999999999994
16,135,1,10000000,156.15973392651514,2239294.3687985423,2000000000,412758,413158,402001,11157,4466,400,0,1.3397077408851799,1.3397077408851799
16,130,0,10000000,218.552447023592,0,6000000000,409001,415001,387001,28000,0,6000,0.6,0,0.6
16,137,1,2000000,139.36367998872595,3499218.913243708,2000000000,416558,416958,408001,8957,572,400,0,0.17146683727878334,0.17146683727878334
16,141,1,6000000,137.20351671877802,3719127.3762649307,9000000000,421614,423414,420001,3413,1613,1800,0,0.483984499021842,0.483984499021842
16,133,0,2000000,165.6009145506148,0,9000000000,415001,424001,396001,28000,0,9000,0.8999999999999999,0,0.8999999999999999
16,142,1,9000000,157.76362857135356,2150934.6784204054,4000000000,427634,428434,423001,5433,4184,800,0,1.2552682455158588,1.2552682455158588
16,136,0,9000000,146.30408777611106,0,6000000000,424001,430001,405001,25000,0,6000,0.6,0,0.6
16,138,0,10000000,154.6174715224641,0,3000000000,430001,433001,411001,22000,0,3000,0.3,0,0.3
16,143,1,8000000,148.56053076103356,2724609.9413804444,9000000000,438712,440512,426001,14511,2936,1800,0,0.8808600319442502,0.8808600319442502
16,139,0,10000000,148.43151451090162,0,9000000000,433001,442001,414001,28000,0,9000,0.8999999999999999,0,0.8999999999999999
16,145,1,6000000,95.03673237227804,14923832.158224145,9000000000,442512,444312,432001,12311,402,1800,0,0.12061245268079926,0.12061245268079926
16,140,0,2000000,140.29160844469635,0,4000000000,442001,446001,417001,29000,0,4000,0.39999999999999997,0,0.39999999999999997
16,146,1,3000000,71.27506857239773,39393570.569860265,6000000000,444912,446112,435001,11111,76,1200,0,0.02284636774429844,0.02284636774429844
16,147,1,6000000,81.07660821716708,25998695.09698638,3000000000,446112,446712,438001,8711,231,600,0,0.06923424399898616,0.06923424399898616
16,144,0,4000000,121.79283804887707,0,2000000000,446001,448001,429001,19000,0,2000,0.19999999999999998,0,0.19999999999999998
16,148,1,2000000,104.64140862966248,10480907.360115856,9000000000,448712,450512,441001,9511,191,1800,0,0.05724695194647418,0.05724695194647418
16,149,1,3000000,130.31039290862418,4544412.410352279,6000000000,450512,451712,444001,7711,660,1200,0,0.19804540581523336,0.19804540581523336
16,150,0,7000000,155.18144863352705,0,6000000000,448001,454001,447001,7000,0,6000,0.6,0,0.6
16,151,1,9000000,182.59910980067787,1206463.8450130457,6000000000,457912,459112,450001,9111,7460,1200,0,2.2379452241030933,2.2379452241030933
16,152,0,7000000,206.96287686442705,0,8000000000,454001,462001,453001,9000,0,8000,0.7999999999999999,0,0.7999999999999999
16,153,0,2000000,206.4706189751946,0,7000000000,462001,469001,456001,13000,0,7000,0.7,0,0.7
16,155,1,8000000,193.95472280921646,949473.9248157965,4000000000,470597,471397,462001,9396,8426,800,0,2.5277155457066542,2.5277155457066542
16,154,0,9000000,197.49425156191256,0,4000000000,469001,473001,459001,14000,0,4000,0.39999999999999997,0,0.39999999999999997
16,156,1,8000000,195.91309552962508,912310.6091974057,4000000000,473770,474570,465001,9569,8769,800,0,2.6306829886713374,2.6306829886713374
16,157,0,6000000,203.3786026109925,0,4000000000,473001,477001,468001,9000,0,4000,0.39999999999999997,0,0.39999999999999997
16,158,1,4000000,215.6942282491583,622181.9658776835,7000000000,479342,480742,471001,9741,6429,1400,0,1.9286962107736685,1.9286962107736685
16,159,0,10000000,232.14940297144855,0,6000000000,477001,483001,474001,9000,0,6000,0.6,0,0.6
16,160,1,3000000,251.836653408514,335474.7102770543,6000000000,487451,488651,477001,11650,8943,1200,0,2.682765563033733,2.682765563033733
16,161,0,5000000,238.77025547584438,0,7000000000,483001,490001,480001,10000,0,7000,0.7,0,0.7
16,162,1,7000000,220.58079018808507,569063.7010500176,9000000000,495302,497102,483001,14101,12301,1800,0,3.690272277295405,3.690272277295405
16,163,0,7000000,206.48906605435553,0,8000000000,490001,498001,486001,12000,0,8000,0.7999999999999999,0,0.7999999999999999
16,165,1,6000000,193.3106691313234,962106.3282076481,6000000000,498237,499437,492001,7436,6236,1200,0,1.8708950842816952,1.8708950842816952
16,164,0,2000000,197.13737748078114,0,2000000000,498001,500001,489001,11000,0,2000,0.19999999999999998,0,0.19999999999999998
16,166,1,5000000,195.43160670679654,921277.2203678811,6000000000,500428,501628,495001,6627,5427,1200,0,1.6281744157323519,1.6281744157323519
16,167,0,4000000,203.12219967300473,0,2000000000,500001,502001,498001,4000,0,2000,0.19999999999999998,0,0.19999999999999998
16,168,1,5000000,215.7518057861857,621520.9185068676,8000000000,509046,510646,501001,9645,8045,1600,0,2.4134344562425625,2.4134344562425625
16,170,0,7000000,250.67443527412203,0,4000000000,507001,511001,507001,4000,0,4000,0.39999999999999997,0,0.39999999999999997
16,169,1,6000000,232.68104735882554,459956.1537109862,10000000000,517046,519046,504001,15045,13045,2000,0,3.91341649737125,3.91341649737125
16,172,0,10000000,228.80361382635547,0,9000000000,513001,522001,513001,9000,0,9000,0.8999999999999999,0,0.8999999999999999
16,173,0,8000000,211.93814994002378,0,2000000000,522001,524001,516001,8000,0,2000,0.19999999999999998,0,0.19999999999999998
16,174,1,8000000,199.4234514795088,850118.1289911373,7000000000,528411,529811,519001,10810,9410,1400,0,2.823137065490131,2.823137065490131
16,175,1,7000000,191.9506290690395,989476.8310237486,2000000000,529811,530211,522001,8210,7074,400,0,2.1223336758954363,2.1223336758954363
16,176,0,9000000,236.2651751739981,0,6000000000,525001,531001,525001,6000,0,6000,0.6,0,0.6
16,171,1,8000000,245.1678486262014,373393.9169131969,6000000000,531426,532626,510001,22625,21425,1200,0,6.427528385680502,6.427528385680502
16,177,0,9000000,227.41843834658613,0,8000000000,531001,539001,528001,11000,0,8000,0.7999999999999999,0,0.7999999999999999
16,179,1,9000000,197.8116844374973,877995.600765457,7000000000,544252,545652,534001,11651,10251,1400,0,3.0751862510997516,3.0751862510997516
16,178,0,3000000,211.30979911021637,0,8000000000,539001,547001,531001,16000,0,8000,0.7999999999999999,0,0.7999999999999999
16,181,1,8000000,191.20065376457268,1004984.8284121031,3000000000,547961,548561,540001,8560,7960,600,0,2.3880957524424025,2.3880957524424025
16,184,1,2000000,233.18307743058887,456020.3417902619,7000000000,553387,554787,549001,5786,4386,1400,0,1.3157307800009475,1.3157307800009475
16,180,0,4000000,190.8269435902593,0,8000000000,547001,555001,537001,18000,0,8000,0.7999999999999999,0,0.7999999999999999
16,183,1,5000000,213.42334314690135,648967.7104690372,6000000000,554787,555987,546001,9986,7705,1200,0,2.311363070615462,2.311363070615462
16,182,0,8000000,199.08847606026822,0,6000000000,555001,561001,543001,18000,0,6000,0.6,0,0.6
16,185,0,5000000,249.97386463388528,0,3000000000,561001,564001,552001,12000,0,3000,0.3,0,0.3
16,188,1,2000000,197.11125995234264,890464.798353283,7000000000,563247,564647,561001,3646,2246,1400,0,0.6738054116339768,0.6738054116339768
16,186,0,6000000,227.7183791440647,0,4000000000,564001,568001,555001,13000,0,4000,0.39999999999999997,0,0.39999999999999997
16,187,0,9000000,209.68758570788114,0,10000000000,568001,578001,558001,20000,0,10000,0.9999999999999999,0,0.9999999999999999
16,189,0,8000000,191.1061328162966,0,2000000000,578001,580001,564001,16000,0,2000,0.19999999999999998,0,0.19999999999999998
16,191,1,8000000,200.3664295734193,834318.7571545284,3000000000,580556,581156,570001,11155,9589,600,0,2.8765983976978764,2.8765983976978764
16,190,0,8000000,192.19869770630604,0,8000000000,580001,588001,567001,21000,0,8000,0.7999999999999999,0,0.7999999999999999
16,192,0,4000000,210.34317911451276,0,4000000000,588001,592001,573001,19000,0,4000,0.39999999999999997,0,0.39999999999999997
16,193,0,8000000,227.3189147431423,0,5000000000,592001,597001,576001,21000,0,5000,0.49999999999999994,0,0.49999999999999994
16,194,0,10000000,249.85400937347396,0,3000000000,597001,600001,579001,21000,0,3000,0.3,0,0.3
16,196,0,4000000,210.8658706381855,0,4000000000,600001,604001,585001,19000,0,4000,0.39999999999999997,0,0.39999999999999997
16,195,1,10000000,230.07250552814867,481102.7712688366,9000000000,602787,604587,582001,22586,20786,1800,0,6.235673912432366,6.235673912432366
16,197,0,10000000,196.99239579232494,0,4000000000,604001,608001,588001,20000,0,4000,0.39999999999999997,0,0.39999999999999997
16,198,0,4000000,189.68494563354255,0,4000000000,608001,612001,591001,21000,0,4000,0.39999999999999997,0,0.39999999999999997
16,202,1,4000000,227.61370806697914,502157.13634950714,6000000000,610967,612167,603001,9166,7966,1200,0,2.3896902247044562,2.3896902247044562
16,204,1,2000000,212.7243373476575,657500.8510216686,8000000000,612167,613767,609001,4766,3042,1600,0,0.9125463473814217,0.9125463473814217
16,199,0,6000000,189.7048470651185,0,7000000000,612001,619001,594001,25000,0,7000,0.7,0,0.7
16,200,0,9000000,197.03358419315222,0,2000000000,619001,621001,597001,24000,0,2000,0.19999999999999998,0,0.19999999999999998
16,201,0,7000000,211.05834288177283,0,3000000000,621001,624001,600001,24000,0,3000,0.3,0,0.3
16,207,1,6000000,224.09208932936482,534355.3345662636,9000000000,629229,631029,618001,13028,11228,1800,0,3.3685450178223832,3.3685450178223832
16,203,0,10000000,227.0118173135487,0,8000000000,624001,632001,606001,26000,0,8000,0.7999999999999999,0,0.7999999999999999
16,209,1,9000000,201.4667220659531,816343.1979902319,3000000000,635026,635626,624001,11625,11025,600,0,3.307432470371741,3.307432470371741
16,210,1,8000000,194.61059426454668,936821.2536745806,2000000000,635626,636026,627001,9025,8540,400,0,2.561854772814193,2.561854772814193
16,205,0,3000000,205.58155291757086,0,7000000000,632001,639001,612001,27000,0,7000,0.7,0,0.7
16,206,0,2000000,205.58155291757086,0,7000000000,639001,646001,615001,31000,0,7000,0.7,0,0.7
16,208,0,5000000,212.1909074395036,0,10000000000,646001,656001,621001,35000,0,10000,0.9999999999999999,0,0.9999999999999999
16,211,0,5000000,191.98205567187784,0,3000000000,656001,659001,630001,29000,0,3000,0.3,0,0.3
16,212,0,10000000,193.72036392697592,0,6000000000,659001,665001,633001,32000,0,6000,0.6,0,0.6
16,221,1,3000000,179.56804225696732,1289266.6960325951,7000000000,664970,666370,660001,6369,2327,1400,0,0.6980712390768576,0.6980712390768576
16,218,1,6000000,233.56931412323837,453020.89228377934,10000000000,669370,671370,651001,20369,13244,2000,0,3.973326684616682,3.973326684616682
16,219,1,6000000,219.20747272846336,583400.7729360025,3000000000,671370,671970,654001,17969,10285,600,0,3.085357585217761,3.085357585217761
16,213,0,10000000,199.71152320284372,0,7000000000,665001,672001,636001,36000,0,7000,0.7,0,0.7
16,220,1,6000000,203.670158835309,781773.0773180778,2000000000,671970,672370,657001,15369,7675,400,0,2.30245841437136,2.30245841437136
16,222,1,8000000,155.47918510205793,2278142.3216186953,9000000000,672370,674170,663001,11169,3512,1800,0,1.0534899322245683,1.0534899322245683
16,224,1,7000000,111.38533341513148,8291530.911967214,8000000000,676770,678370,669001,9369,844,1600,0,0.25327047831047195,0.25327047831047195
16,225,1,2000000,88.62699419477119,19141912.724906344,9000000000,679170,680970,672001,8969,104,1800,0,0.03134482998761743,0.03134482998761743
16,214,0,2000000,209.6054448243175,0,10000000000,672001,682001,639001,43000,0,10000,0.9999999999999999,0,0.9999999999999999
16,226,1,2000000,70.76180396230725,40278442.81599033,7000000000,686170,687570,675001,12569,50,1400,0,0.01489630576686056,0.01489630576686056
16,215,0,7000000,222.82543055046477,0,9000000000,682001,691001,642001,49000,0,9000,0.8999999999999999,0,0.8999999999999999
16,216,0,10000000,238.8574189762587,0,2000000000,691001,693001,645001,48000,0,2000,0.19999999999999998,0,0.19999999999999998
16,227,1,4000000,65.66766708205793,50299169.550629586,5000000000,693170,694170,678001,16169,80,1000,0,0.023857252728439526,0.023857252728439526
16,229,1,8000000,97.91121947968983,13392930.975746091,8000000000,698370,699970,684001,15969,597,1600,0,0.17919901210170325,0.17919901210170325
16,230,1,6000000,121.3899666364564,5974551.736972868,8000000000,701370,702970,687001,15969,1004,1600,0,0.3012778329227437,0.3012778329227437
16,217,0,2000000,250.96978005329643,0,10000000000,693001,703001,648001,55000,0,10000,0.9999999999999999,0,0.9999999999999999
16,231,1,10000000,146.818262147459,2853689.5018510236,3000000000,707370,707970,690001,17969,3504,600,0,1.0512706438643984,1.0512706438643984
16,223,0,3000000,133.26051965980017,0,9000000000,703001,712001,666001,46000,0,9000,0.8999999999999999,0,0.8999999999999999
16,235,1,6000000,180.37502487872314,1266548.803335986,2000000000,712916,713316,702001,11315,4737,400,0,1.4211848728283876,1.4211848728283876
16,228,0,6000000,78.15198334015592,0,3000000000,712001,715001,681001,34000,0,3000,0.3,0,0.3
16,232,0,10000000,173.39049166548898,0,4000000000,715001,719001,693001,26000,0,4000,0.39999999999999997,0,0.39999999999999997
16,236,1,9000000,165.12607062484105,1796650.272861033,4000000000,721516,722316,705001,17315,5009,800,0,1.5027966437232378,1.5027966437232378
16,238,1,6000000,165.12607062484105,1796650.272861033,8000000000,725716,727316,711001,16315,3340,1600,0,1.0018644291488252,1.0018644291488252
16,233,0,8000000,200.63189302800288,0,9000000000,719001,728001,696001,32000,0,9000,0.8999999999999999,0,0.8999999999999999
16,234,0,2000000,207.67688484759205,0,4000000000,728001,732001,699001,33000,0,4000,0.39999999999999997,0,0.39999999999999997
16,237,0,8000000,165.12607062484105,0,3000000000,732001,735001,708001,27000,0,3000,0.3,0,0.3
16,239,1,7000000,165.12607062484105,1796650.272861033,7000000000,736116,737516,714001,23515,3896,1400,0,1.1688418340069628,1.1688418340069628
16,246,1,5000000,160.80607762146303,1994880.8043518646,9000000000,737507,739307,735001,4306,2506,1800,0,0.7519246246330737,0.7519246246330737
16,248,1,4000000,118.83217914353,6482594.863356396,3000000000,741618,742218,741001,1217,617,600,0,0.18511105896546712,0.18511105896546712
16,241,1,2000000,144.76359107178848,3015771.4058384355,8000000000,741316,742916,720001,22915,663,1600,0,0.19895407153155556,0.19895407153155556
16,247,0,7000000,138.3368457787006,0,5000000000,738001,743001,738001,5000,0,5000,0.49999999999999994,0,0.49999999999999994
16,240,1,9000000,161.11621209549338,1979773.4748295178,4000000000,743516,744316,717001,27315,4546,800,0,1.3637923905574614,1.3637923905574614
16,242,1,8000000,139.0492294117447,3530214.752520916,2000000000,747516,747916,723001,24915,2266,400,0,0.6798453262046359,0.6798453262046359
16,249,1,5000000,103.89311815515016,10764443.843441378,6000000000,747366,748566,744001,4565,464,1200,0,0.13934765435317203,0.13934765435317203
16,243,1,2000000,140.27845771892416,3410935.345790873,4000000000,749316,750116,726001,24115,586,800,0,0.17590482937192164,0.17590482937192164
16,250,0,3000000,95.66613716462057,0,4000000000,747001,751001,747001,4000,0,4000,0.39999999999999997,0,0.39999999999999997
16,251,1,8000000,95.77729376005571,14510507.517835699,8000000000,751083,752683,750001,2682,551,1600,0,0.16539738510524335,0.16539738510524335
16,244,1,9000000,147.5431696148622,2799084.749977762,9000000000,753316,755116,729001,26115,3215,1800,0,0.9646010182512162,0.9646010182512162
16,252,1,2000000,104.18183046961688,10653972.307080105,7000000000,754483,755883,753001,2882,188,1400,0,0.056317022675314216,0.056317022675314216
16,253,1,9000000,119.24852409988144,6396411.179642402,5000000000,757408,758408,756001,2407,1407,1000,0,0.42211170047872787,0.42211170047872787
16,245,1,6000000,159.8799555916876,2040852.7735043776,10000000000,757316,759316,732001,27315,2940,2000,0,0.8819842486281821,0.8819842486281821
16,254,1,2000000,134.34685147036382,4036709.2666036603,3000000000,760408,761008,759001,2007,495,600,0,0.14863592108648888,0.14863592108648888
16,255,1,5000000,150.4107034090327,2595342.4050850784,4000000000,763928,764728,762001,2727,1927,800,0,0.5779584216175238,0.5779584216175238
16,256,1,3000000,169.00506264606395,1639092.4690354909,3000000000,766831,767431,765001,2430,1830,600,0,0.5490843359981984,0.5490843359981984
16,257,0,4000000,183.76254705461614,0,6000000000,768001,774001,768001,6000,0,6000,0.6,0,0.6
16,259,1,3000000,192.06923569379867,987051.6366947026,4000000000,778369,779169,774001,5168,3039,800,0,0.911806400538265,0.911806400538265
16,260,1,2000000,181.667397735532,1231193.4636698763,9000000000,779169,780969,777001,3968,1624,1800,0,0.4873320218997523,0.4873320218997523
16,258,0,10000000,201.59807340349266,0,9000000000,774001,783001,771001,12000,0,9000,0.8999999999999999,0,0.8999999999999999
16,261,1,5000000,182.12606897421355,1218941.3610180912,4000000000,784164,784964,780001,4963,4102,800,0,1.2305760128995553,1.2305760128995553
16,262,0,8000000,187.16124946152715,0,9000000000,783001,792001,783001,9000,0,9000,0.8999999999999999,0,0.8999999999999999
16,263,1,4000000,203.40080874962123,785899.7881766383,10000000000,791091,793091,786001,7090,5090,2000,0,1.526912232390485,1.526912232390485
16,264,1,4000000,219.86149571946433,576517.4491927156,6000000000,795939,797139,789001,8138,6938,1200,0,2.081463452112912,2.081463452112912
16,265,0,4000000,201.58683612775914,0,6000000000,792001,798001,792001,6000,0,6000,0.6,0,0.6
16,268,1,4000000,121.61250758042937,5932684.944066694,5000000000,801675,802675,801001,1674,674,1000,0,0.2022692948156847,0.2022692948156847
16,269,1,9000000,102.44390513837318,11340104.902117386,5000000000,804795,805795,804001,1794,794,1000,0,0.2380930355852233,0.2380930355852233
16,266,0,5000000,171.6473879789611,0,10000000000,798001,808001,795001,13000,0,10000,0.9999999999999999,0,0.9999999999999999
16,267,0,10000000,143.55560943411436,0,4000000000,808001,812001,798001,14000,0,4000,0.39999999999999997,0,0.39999999999999997
16,271,1,6000000,93.89037224337754,15591290.615174962,9000000000,810386,812186,810001,2185,385,1800,0,0.11544906989598826,0.11544906989598826
16,270,0,5000000,92.28809728236898,0,5000000000,812001,817001,807001,10000,0,5000,0.49999999999999994,0,0.49999999999999994
16,273,1,4000000,127.80026799658908,4899876.878498812,9000000000,816817,818617,816001,2616,816,1800,0,0.24490411284939206,0.24490411284939206
16,272,0,8000000,106.84446733453264,0,4000000000,817001,821001,813001,8000,0,4000,0.39999999999999997,0,0.39999999999999997
16,275,1,4000000,163.4623993461493,1869963.062357825,7000000000,824140,825540,822001,3539,2139,1400,0,0.641723905758292,0.641723905758292
16,274,0,7000000,153.5892798993472,0,6000000000,821001,827001,819001,8000,0,6000,0.6,0,0.6
16,276,1,9000000,149.45955071523528,2660826.868702181,5000000000,828540,829540,825001,4539,3382,1000,0,1.0147221646618916,1.0147221646618916
16,277,0,5000000,142.4217163918481,0,4000000000,828001,832001,828001,4000,0,4000,0.39999999999999997,0,0.39999999999999997
16,278,0,5000000,143.65784106689054,0,3000000000,832001,835001,831001,4000,0,3000,0.3,0,0.3
16,279,1,6000000,145.34274835711616,2968959.2086826353,5000000000,836107,837107,834001,3106,2021,1000,0,0.6062730652330797,0.6062730652330797
16,280,0,7000000,145.34274835711616,0,3000000000,837001,840001,837001,3000,0,3000,0.3,0,0.3
16,281,1,10000000,145.34274835711616,2968959.2086826353,7000000000,843583,844983,840001,4982,3368,1400,0,1.0104551087217994,1.0104551087217994
16,282,0,3000000,145.34274835711616,0,4000000000,843001,847001,843001,4000,0,4000,0.39999999999999997,0,0.39999999999999997
16,283,0,6000000,147.7303100247204,0,3000000000,847001,850001,846001,4000,0,3000,0.3,0,0.3
16,284,1,3000000,157.5350348335252,2163260.718742247,2000000000,850667,851067,849001,2066,1387,400,0,0.41603861809281767,0.41603861809281767
16,285,1,8000000,175.2497067044621,1419827.2258078044,3000000000,857934,858534,852001,6533,5634,600,0,1.690346512854429,1.690346512854429
16,286,0,7000000,197.14497660351378,0,5000000000,855001,860001,855001,5000,0,5000,0.49999999999999994,0,0.49999999999999994
16,287,0,5000000,194.57211002607747,0,6000000000,860001,866001,858001,8000,0,6000,0.6,0,0.6
16,288,1,7000000,185.66820837181578,1129254.4209699363,9000000000,874770,876570,861001,15569,6199,1800,0,1.8596340744863087,1.8596340744863087
16,291,0,8000000,169.83092886750634,0,10000000000,870001,880001,870001,10000,0,10000,0.9999999999999999,0,0.9999999999999999
16,290,1,5000000,180.85524847236255,1253265.7774507257,6000000000,882970,884170,867001,17169,3990,1200,0,1.1968730232554166,1.1968730232554166
16,289,1,9000000,185.66820837181578,1129254.4209699363,2000000000,884170,884570,864001,20569,7970,400,0,2.390958095768111,2.390958095768111
16,296,0,2000000,171.53141111761423,0,9000000000,885001,894001,885001,9000,0,9000,0.8999999999999999,0,0.8999999999999999
16,292,1,6000000,159.0445236403945,2083454.4885328384,3000000000,894170,894770,873001,21769,2880,600,0,0.8639497574374921,0.8639497574374921
16,299,1,3000000,153.10664681848402,2420268.398358024,9000000000,896256,898056,894001,4055,1240,1800,0,0.37185958409017134,0.37185958409017134
16,293,1,5000000,154.55586206935018,2332192.3916750983,5000000000,899170,900170,876001,24169,2144,1000,0,0.6431716377063662,0.6431716377063662
16,297,0,6000000,171.53141111761423,0,7000000000,894001,901001,888001,13000,0,7000,0.7,0,0.7
16,301,1,10000000,118.77198491226792,6495171.762801303,2000000000,901791,902191,900001,2190,1540,400,0,0.4618815497969418,0.4618815497969418
16,294,1,3000000,157.43344022157424,2168766.900525138,3000000000,905370,905970,879001,26969,1383,600,0,0.41498235692460866,0.41498235692460866
16,298,0,6000000,172.68560246876402,0,5000000000,901001,906001,891001,15000,0,5000,0.49999999999999994,0,0.49999999999999994
16,302,1,10000000,113.51445370524405,7717928.507569426,9000000000,904297,906097,903001,3096,1296,1800,0,0.38870533680866876,0.38870533680866876
16,303,1,8000000,117.73989680647762,6715505.409366355,9000000000,907192,908992,906001,2991,1191,1800,0,0.35738188769122786,0.35738188769122786
16,304,1,5000000,112.23575945303708,8056433.720130895,7000000000,910437,911837,909001,2836,621,1400,0,0.18618659969260307,0.18618659969260307
16,295,1,8000000,167.08235484335262,1714947.1157084089,8000000000,910770,912370,882001,30369,4665,1600,0,1.3994600638216241,1.3994600638216241
16,300,0,8000000,132.6800557732774,0,9000000000,906001,915001,897001,18000,0,9000,0.8999999999999999,0,0.8999999999999999
16,307,1,2000000,102.60162279418391,11275701.991139503,5000000000,919796,920796,918001,2795,177,1000,0,0.053211764595364676,0.053211764595364676
16,308,1,3000000,112.77136161277828,7912501.5954111265,2000000000,921380,921780,921001,779,379,400,0,0.11374405289497282,0.11374405289497282
16,305,0,7000000,103.14485202859132,0,10000000000,915001,925001,912001,13000,0,10000,0.9999999999999999,0,0.9999999999999999
16,309,1,10000000,128.0203362751403,4867380.507982129,5000000000,926055,927055,924001,3054,2054,1000,0,0.6163479504181419,0.6163479504181419
16,310,1,7000000,146.73461486643157,2860074.7229512623,10000000000,929448,931448,927001,4447,2447,2000,0,0.7342465506750977,0.7342465506750977
16,306,0,5000000,99.14544568461024,0,10000000000,925001,935001,915001,20000,0,10000,0.9999999999999999,0,0.9999999999999999
16,311,1,8000000,167.7581953288721,1687796.7728031354,8000000000,934741,936341,930001,6340,4740,1600,0,1.4219721465719,1.4219721465719
16,313,1,4000000,183.4969127805697,1183216.0815053205,5000000000,940975,941975,936001,5974,3381,1000,0,1.014184998629605,1.014184998629605
16,312,1,10000000,181.12108491282842,1245987.1903206112,9000000000,941975,943775,933001,10774,8026,1800,0,2.407729407898692,2.407729407898692
16,315,1,6000000,166.94917669758064,1720361.0186060346,4000000000,948375,949175,942001,7174,3488,800,0,1.0462920169270604,1.0462920169270604
16,314,1,9000000,179.15371528383105,1301127.5355938475,2000000000,949175,949575,939001,10574,6917,400,0,2.0751232497494514,2.0751232497494514
16,316,1,10000000,156.79902072398284,2203546.4495050246,6000000000,950175,951375,945001,6374,4538,1200,0,1.361441688998151,1.361441688998151
16,317,1,5000000,151.04880601977626,2552525.5798559273,10000000000,951375,953375,948001,5374,1959,2000,0,0.5876532685265645,0.5876532685265645
16,318,1,3000000,151.22299296072669,2540989.694395109,9000000000,953375,955175,951001,4174,1181,1800,0,0.3541926997914283,0.3541926997914283
16,319,0,8000000,152.1466953305263,0,9000000000,954001,963001,954001,9000,0,9000,0.8999999999999999,0,0.8999999999999999
16,321,1,3000000,152.2997373602463,2471093.7879947317,2000000000,963375,963775,960001,3774,1214,400,0,0.3642111863064255,0.3642111863064255
16,320,0,3000000,149.73039838322742,0,7000000000,963001,970001,957001,13000,0,7000,0.7,0,0.7
16,323,1,4000000,168.08178872203854,1674986.0846837943,6000000000,969692,970892,966001,4891,2388,1200,0,0.7164238622475108,0.7164238622475108
16,324,1,3000000,180.13389964135013,1273284.3626248862,6000000000,971357,972557,969001,3556,2356,1200,0,0.7068334665986493,0.7068334665986493
16,322,0,6000000,158.56896449179453,0,6000000000,970001,976001,963001,13000,0,6000,0.6,0,0.6
16,325,0,5000000,181.28123399844785,0,10000000000,976001,986001,972001,14000,0,10000,0.9999999999999999,0,0.9999999999999999
16,326,0,3000000,194.61117799345442,0,4000000000,986001,990001,975001,15000,0,4000,0.39999999999999997,0,0.39999999999999997
16,327,1,9000000,210.87474054518714,680764.1145219628,2000000000,991221,991621,978001,13620,13220,400,0,3.966131501946101,3.966131501946101
16,328,0,9000000,219.8231637020994,0,5000000000,990001,995001,981001,14000,0,5000,0.49999999999999994,0,0.49999999999999994
16,331,1,7000000,182.27210976998097,1215072.151698789,8000000000,996608,998208,990001,8207,5761,1600,0,1.728292428613392,1.728292428613392
16,333,0,6000000,176.34697445660927,0,3000000000,996001,999001,996001,3000,0,3000,0.3,0,0.3
16,332,1,4000000,176.79225774903153,1371380.7198470633,8000000000,998208,999808,993001,6807,2917,1600,0,0.875030531371204,0.875030531371204
17,2,1,5000000,98.94601053099615,12887807.201969095,10000000000,3389,5389,3001,2388,388,2000,0,0.11638907818009715,0.11638907818009715
17,1,0,2000000,103.66855887876517,0,7000000000,1,7001,1,7000,0,7000,0.7,0,0.7
17,4,1,3000000,88.5374186431929,19210022.984974988,5000000000,10789,11789,9001,2788,156,1000,0,0.04685054258935192,0.04685054258935192
17,3,0,7000000,90.80204678309843,0,6000000000,7001,13001,6001,7000,0,6000,0.6,0,0.6
17,5,0,9000000,93.11356775465113,0,7000000000,13001,20001,12001,8000,0,7000,0.7,0,0.7
17,6,0,7000000,103.61639349060552,0,4000000000,20001,24001,15001,9000,0,4000,0.39999999999999997,0,0.39999999999999997
17,7,1,5000000,118.49459607931495,6553514.176861066,5000000000,25586,26586,18001,8585,763,1000,0,0.2288848333152541,0.2288848333152541
17,8,1,5000000,136.30680577285932,3815395.339447178,6000000000,30186,31386,21001,10385,1310,1200,0,0.39314405626373145,0.39314405626373145
17,9,1,4000000,154.34239987767458,2344913.3834185014,8000000000,32986,34586,24001,10585,1706,1600,0,0.5117459811034025,0.5117459811034025
17,10,1,2000000,161.09168072870804,1980963.2740068203,9000000000,36586,38386,27001,11385,1010,1800,0,0.302882949862267,0.302882949862267
17,11,1,4000000,162.54001968746033,1912209.81100208,9000000000,42586,44386,30001,14385,2092,1800,0,0.6275461997400528,0.6275461997400528
17,15,0,5000000,173.91563155737322,0,6000000000,42001,48001,42001,6000,0,6000,0.6,0,0.6
17,12,1,2000000,169.71833872625547,1612014.8636700346,9000000000,46986,48786,33001,15785,1241,1800,0,0.37220500475659063,0.37220500475659063
17,13,1,4000000,173.91563155737322,1463451.9418703753,7000000000,53586,54986,36001,18985,2733,1400,0,0.8199790957715574,0.8199790957715574
17,14,1,10000000,173.91563155737322,1463451.9418703753,8000000000,64986,66586,39001,27585,6833,1600,0,2.049947739428893,2.049947739428893
17,17,1,2000000,173.91563155737322,1463451.9418703753,6000000000,69786,70986,48001,22985,1367,1200,0,0.4099895478857787,0.4099895478857787
17,23,1,7000000,189.12936789404228,1049414.471704838,8000000000,73904,75504,66001,9503,6670,1600,0,2.001115914275912,2.001115914275912
17,16,1,8000000,173.91563155737322,1463451.9418703753,6000000000,75186,76386,45001,31385,5467,1200,0,1.6399581915431147,1.6399581915431147
17,24,1,9000000,169.5022701912868,1620158.2911901595,5000000000,76704,77704,69001,8703,5555,1000,0,1.666503831558702,1.666503831558702
17,25,1,7000000,153.67592003954294,2385187.980066693,7000000000,77704,79104,72001,7103,2935,1400,0,0.8804337509453998,0.8804337509453998
17,19,1,3000000,173.91563155737322,1463451.9418703753,10000000000,80186,82186,54001,28185,2050,2000,0,0.614984321828668,0.614984321828668
17,28,0,7000000,149.80448925182446,0,3000000000,81001,84001,81001,3000,0,3000,0.3,0,0.3
17,26,1,4000000,149.80448925182446,2636845.1596287237,8000000000,83504,85104,75001,10103,1517,1600,0,0.4550892932101344,0.4550892932101344
17,18,1,9000000,173.91563155737322,1463451.9418703753,8000000000,83586,85186,51001,34185,6150,1600,0,1.844952965486004,1.844952965486004
17,20,1,2000000,177.097679544369,1362033.3815201754,5000000000,85186,86186,57001,29185,1468,1000,0,0.44051783762475455,0.44051783762475455
17,29,0,5000000,146.42542163162787,0,3000000000,84001,87001,84001,3000,0,3000,0.3,0,0.3
17,27,1,6000000,149.80448925182446,2636845.1596287237,6000000000,87504,88704,78001,10703,2275,1200,0,0.6826339398152017,0.6826339398152017
17,21,1,7000000,187.94336593772073,1075956.8000074083,10000000000,96386,98386,60001,38385,6506,2000,0,1.9517512227122324,1.9517512227122324
17,34,0,7000000,163.0723183130724,0,4000000000,99001,103001,99001,4000,0,4000,0.39999999999999997,0,0.39999999999999997
17,35,0,9000000,138.88401239883584,0,3000000000,103001,106001,102001,4000,0,3000,0.3,0,0.3
17,36,1,5000000,118.04946802082587,6648475.376905475,8000000000,105753,107353,105001,2352,752,1600,0,0.22561563591112724,0.22561563591112724
17,22,1,10000000,205.87051173006785,749052.770086832,10000000000,105386,107386,63001,44385,13350,2000,0,4.005058281344094,4.005058281344094
17,30,1,7000000,140.2081374243307,3417623.7119234498,8000000000,106304,107904,87001,20903,2048,1600,0,0.614462028886765,0.614462028886765
17,31,1,9000000,139.1922734924608,3516072.9340774105,5000000000,109704,110704,90001,20703,2560,1000,0,0.7679021597737302,0.7679021597737302
17,38,1,4000000,95.05248707950787,14914895.91094153,2000000000,112390,112790,111001,1789,268,400,0,0.08045647835327385,0.08045647835327385
17,37,0,8000000,102.55606320447363,0,10000000000,108001,118001,108001,10000,0,10000,0.9999999999999999,0,0.9999999999999999
17,32,1,4000000,145.33363822597983,2969688.5898411404,2000000000,118704,119104,93001,26103,1347,400,0,0.4040827728890565,0.4040827728890565
17,39,1,2000000,97.17458515476154,13766826.999666857,9000000000,117390,119190,114001,5189,145,1800,0,0.04358302752075837,0.04358302752075837
17,40,1,3000000,108.47103576531384,9162557.310506733,5000000000,122590,123590,117001,6589,327,1000,0,0.09822585218298904,0.09822585218298904
17,41,1,3000000,126.18959148836325,5145986.319657766,6000000000,129790,130990,120001,10989,583,1200,0,0.174893585815023,0.174893585815023
17,42,0,8000000,140.4415640043929,0,8000000000,123001,131001,123001,8000,0,8000,0.7999999999999999,0,0.7999999999999999
17,33,1,4000000,157.54494787202793,2162724.3839106457,10000000000,129504,131504,96001,35503,1850,2000,0,0.5548557222211348,0.5548557222211348
17,44,0,10000000,161.21908478837116,0,4000000000,131001,135001,129001,6000,0,4000,0.39999999999999997,0,0.39999999999999997
17,43,1,6000000,160.05514362244034,2032056.6615616116,4000000000,138590,139390,126001,13389,2953,800,0,0.8858020713933838,0.8858020713933838
17,45,0,4000000,162.13326031385418,0,7000000000,135001,142001,132001,10000,0,7000,0.7,0,0.7
17,47,0,3000000,188.47223933513393,0,2000000000,142001,144001,138001,6000,0,2000,0.19999999999999998,0,0.19999999999999998
17,46,1,9000000,174.03324395068893,1459539.6355361878,2000000000,147990,148390,135001,13389,6166,400,0,1.8498983749818532,1.8498983749818532
17,49,1,10000000,160.9453748947139,1988077.7126293846,2000000000,150190,150590,144001,6589,5030,400,0,1.508995338030459,1.508995338030459
17,50,1,5000000,160.11538464494907,2029042.8485319738,9000000000,150590,152390,147001,5389,2464,1800,0,0.7392648218766105,0.7392648218766105
17,48,1,8000000,196.42123332267317,902965.2747411883,2000000000,152390,152790,141001,11789,8860,400,0,2.657909520039847,2.657909520039847
17,51,0,2000000,172.37909531030732,0,8000000000,150001,158001,150001,8000,0,8000,0.7999999999999999,0,0.7999999999999999
17,53,1,5000000,205.29722964521466,757410.6917855089,7000000000,162602,164002,156001,8001,6601,1400,0,1.9804315099697392,1.9804315099697392
17,52,0,10000000,187.65303221637532,0,10000000000,158001,168001,153001,15000,0,10000,0.9999999999999999,0,0.9999999999999999
17,54,0,5000000,225.72658527519525,0,4000000000,168001,172001,159001,13000,0,4000,0.39999999999999997,0,0.39999999999999997
17,56,0,6000000,230.87062914108418,0,4000000000,172001,176001,165001,11000,0,4000,0.39999999999999997,0,0.39999999999999997
17,58,1,6000000,199.43854441907663,849862.329969244,8000000000,178061,179661,171001,8660,7060,1600,0,2.117990098543538,2.117990098543538
17,59,1,5000000,187.57409202765717,1084391.168137009,7000000000,179661,181061,174001,7060,4611,1400,0,1.3832646779824016,1.3832646779824016
17,57,1,7000000,214.58242845116652,635120.1429212735,5000000000,182461,183461,168001,15460,11022,1000,0,3.3064610269498353,3.3064610269498353
17,60,0,4000000,181.1813881169917,0,9000000000,177001,186001,177001,9000,0,9000,0.8999999999999999,0,0.8999999999999999
17,62,1,3000000,196.3326557147333,904585.7264834885,5000000000,186317,187317,183001,4316,3316,1000,0,0.9949305783307956,0.9949305783307956
17,55,1,10000000,247.40474247677636,360105.08893098775,5000000000,189771,190771,162001,28770,27770,1000,0,8.330901429096256,8.330901429096256
17,61,0,8000000,183.3121496246226,0,8000000000,186001,194001,180001,14000,0,8000,0.7999999999999999,0,0.7999999999999999
17,63,0,4000000,214.6300034943857,0,2000000000,194001,196001,186001,10000,0,2000,0.19999999999999998,0,0.19999999999999998
17,65,1,4000000,213.15401239479408,652239.1325711231,7000000000,198134,199534,192001,7533,6133,1400,0,1.8398160123720368,1.8398160123720368
17,64,0,2000000,209.25773008421933,0,7000000000,196001,203001,189001,14000,0,7000,0.7,0,0.7
17,70,1,2000000,192.93165551562552,969638.1189602885,8000000000,209064,210664,207001,3663,2063,1600,0,0.6187875541066399,0.6187875541066399
17,66,0,9000000,218.5219615965407,0,10000000000,203001,213001,195001,18000,0,10000,0.9999999999999999,0,0.9999999999999999
17,69,1,6000000,208.51879363740815,711901.9779528553,4000000000,212429,213229,204001,9228,8428,800,0,2.5284379812738806,2.5284379812738806
17,67,0,8000000,218.63697217076532,0,2000000000,213001,215001,198001,17000,0,2000,0.19999999999999998,0,0.19999999999999998
17,68,1,8000000,219.70079858753354,578199.2943130281,8000000000,215229,216829,201001,15828,13836,1600,0,4.150817933549185,4.150817933549185
17,71,0,8000000,184.66730111202688,0,4000000000,215001,219001,210001,9000,0,4000,0.39999999999999997,0,0.39999999999999997
17,73,1,6000000,191.85473098154242,991443.1208194452,9000000000,222629,224429,216001,8428,6052,1800,0,1.8155353163500376,1.8155353163500376
17,72,0,2000000,185.2630697143929,0,7000000000,219001,226001,213001,13000,0,7000,0.7,0,0.7
17,74,1,9000000,202.81236895219192,795010.1017592186,9000000000,230322,232122,219001,13121,11321,1800,0,3.396183261099917,3.396183261099917
17,75,0,10000000,216.5588114115887,0,10000000000,226001,236001,222001,14000,0,10000,0.9999999999999999,0,0.9999999999999999
17,77,0,8000000,238.2226162647031,0,3000000000,236001,239001,228001,11000,0,3000,0.3,0,0.3
17,78,0,3000000,219.19826755702243,0,2000000000,239001,241001,231001,10000,0,2000,0.19999999999999998,0,0.19999999999999998
17,76,1,10000000,231.71368647535695,467660.30662408285,4000000000,246384,247184,225001,22183,21383,800,0,6.414912613935986,6.414912613935986
17,79,0,3000000,202.9120405495938,0,10000000000,241001,251001,234001,17000,0,10000,0.9999999999999999,0,0.9999999999999999
17,80,0,9000000,190.10773419300963,0,2000000000,251001,253001,237001,16000,0,2000,0.19999999999999998,0,0.19999999999999998
17,81,0,5000000,181.87628240097715,0,3000000000,253001,256001,240001,16000,0,3000,0.3,0,0.3
17,83,1,7000000,180.15507347837863,1272691.114524291,10000000000,255164,257164,246001,11163,5500,2000,0,1.6500468778592379,1.6500468778592379
17,82,0,8000000,178.4807222083102,0,5000000000,256001,261001,243001,18000,0,5000,0.49999999999999994,0,0.49999999999999994
17,85,1,5000000,188.44345703685227,1064664.230355767,8000000000,259764,261364,252001,9363,4696,1600,0,1.4088948959041872,1.4088948959041872
17,84,1,9000000,186.76302899664057,1103206.8853793037,2000000000,261364,261764,249001,12763,8158,400,0,2.4474103958041273,2.4474103958041273
17,87,1,10000000,176.49283413215392,1380622.0074598782,4000000000,265244,266044,258001,8043,7243,800,0,2.1729336370057695,2.1729336370057695
17,86,0,4000000,182.47427928341025,0,8000000000,261001,269001,255001,14000,0,8000,0.7999999999999999,0,0.7999999999999999
17,88,0,8000000,175.43524161353665,0,2000000000,269001,271001,261001,10000,0,2000,0.19999999999999998,0,0.19999999999999998
17,89,1,8000000,179.52555166326604,1290476.8608563251,6000000000,271444,272644,264001,8643,6199,1200,0,1.8597776316635586,1.8597776316635586
17,90,0,10000000,185.7283535166346,0,4000000000,271001,275001,267001,8000,0,4000,0.39999999999999997,0,0.39999999999999997
17,91,0,10000000,181.11725483785364,0,5000000000,275001,280001,270001,10000,0,5000,0.49999999999999994,0,0.49999999999999994
17,92,0,4000000,175.79171368412108,0,3000000000,280001,283001,273001,10000,0,3000,0.3,0,0.3
17,95,0,10000000,200.07968537560222,0,5000000000,283001,288001,282001,6000,0,5000,0.49999999999999994,0,0.49999999999999994
17,94,1,2000000,183.28372568234198,1188685.5520850068,5000000000,288244,289244,279001,10243,1683,1000,0,0.5047592266496161,0.5047592266496161
17,97,0,4000000,186.2848477466699,0,2000000000,288001,290001,288001,2000,0,2000,0.19999999999999998,0,0.19999999999999998
17,93,1,8000000,176.34032777558284,1385358.6512069064,9000000000,289244,291044,276001,15043,5775,1800,0,1.732403372880482,1.732403372880482
17,99,0,5000000,138.99745105576577,0,10000000000,294001,304001,294001,10000,0,10000,0.9999999999999999,0,0.9999999999999999
17,101,0,7000000,95.0513292910731,0,9000000000,304001,313001,300001,13000,0,9000,0.8999999999999999,0,0.8999999999999999
17,102,0,10000000,82.03048457738136,0,6000000000,313001,319001,303001,16000,0,6000,0.6,0,0.6
17,103,0,3000000,71.29446682597467,0,4000000000,319001,323001,306001,17000,0,4000,0.39999999999999997,0,0.39999999999999997
17,105,0,4000000,76.6537148480098,0,9000000000,323001,332001,312001,20000,0,9000,0.8999999999999999,0,0.8999999999999999
17,98,1,3000000,163.42302652931127,1871742.615067579,3000000000,332104,332704,291001,41703,1603,600,0,0.48083534175851717,0.48083534175851717
17,96,1,6000000,212.04381622674123,665943.1214657249,6000000000,332704,333904,285001,48903,9010,1200,0,2.7029335418890477,2.7029335418890477
17,100,1,9000000,115.92133367072685,7126289.736543006,5000000000,334504,335504,297001,38503,1263,1000,0,0.37887878542948233,0.37887878542948233
17,107,0,5000000,95.72886137419582,0,4000000000,332001,336001,318001,18000,0,4000,0.39999999999999997,0,0.39999999999999997
17,104,1,8000000,68.74232466246687,43972029.7801374,5000000000,339904,340904,309001,31903,182,1000,0,0.05458015042744522,0.05458015042744522
17,108,0,9000000,116.60578802100689,0,7000000000,336001,343001,321001,22000,0,7000,0.7,0,0.7
17,106,1,8000000,88.09086331737245,19553780.83709924,3000000000,344904,345504,315001,30503,409,600,0,0.12273841156317444,0.12273841156317444
17,109,0,4000000,135.92794341120592,0,10000000000,343001,353001,324001,29000,0,10000,0.9999999999999999,0,0.9999999999999999
17,111,1,6000000,136.7228561726239,3770352.86616931,5000000000,356704,357704,330001,27703,1591,1000,0,0.47740889616753707,0.47740889616753707
17,110,0,6000000,136.7228561726239,0,7000000000,353001,360001,327001,33000,0,7000,0.7,0,0.7
17,117,1,2000000,192.75453820857243,973182.9725683441,10000000000,359912,361912,348001,13911,2055,2000,0,0.6165335984214043,0.6165335984214043
17,112,0,5000000,137.76203903833596,0,2000000000,360001,362001,333001,29000,0,2000,0.19999999999999998,0,0.19999999999999998
17,119,1,2000000,214.21220996945993,639502.7422714,2000000000,365112,365512,354001,11511,3127,400,0,0.9382289712611812,0.9382289712611812
17,113,0,5000000,151.5678518024189,0,5000000000,362001,367001,336001,31000,0,5000,0.49999999999999994,0,0.49999999999999994
17,114,0,4000000,179.67966523788942,0,2000000000,367001,369001,339001,30000,0,2000,0.19999999999999998,0,0.19999999999999998
17,115,0,10000000,211.78295021082315,0,2000000000,369001,371001,342001,29000,0,2000,0.19999999999999998,0,0.19999999999999998
17,123,1,4000000,189.6862211653762,1037233.537383902,8000000000,369857,371457,366001,5456,3856,1600,0,1.1569236403853906,1.1569236403853906
17,116,0,8000000,198.65311701556558,0,3000000000,371001,374001,345001,29000,0,3000,0.3,0,0.3
17,121,1,6000000,224.60143120648186,529542.3294174838,10000000000,373457,375457,360001,15456,11331,2000,0,3.399161691153315,3.399161691153315
17,124,1,5000000,179.688711387221,1285837.6314061286,7000000000,375857,377257,369001,8256,3889,1400,0,1.166554752608752,1.166554752608752
17,118,1,10000000,199.2805911271843,852544.1192949766,6000000000,377312,378512,351001,27511,11730,1200,0,3.518879471576078,3.518879471576078
17,120,0,9000000,235.8797341867249,0,7000000000,374001,381001,357001,24000,0,7000,0.7,0,0.7
17,125,1,5000000,175.95873749262924,1397299.1247326804,6000000000,380457,381657,372001,9656,3578,1200,0,1.0734995631568633,1.0734995631568633
17,126,1,2000000,178.80427120178086,1311236.6069434204,9000000000,382857,384657,375001,9656,1525,1800,0,0.4575833200680996,0.4575833200680996
17,127,1,6000000,184.95747619385384,1146574.1565194828,7000000000,384657,386057,378001,8056,5233,1400,0,1.569894096919159,1.569894096919159
17,122,0,8000000,205.03320145771514,0,7000000000,381001,388001,363001,25000,0,7000,0.7,0,0.7
17,128,0,7000000,163.02090694141043,0,2000000000,388001,390001,381001,9000,0,2000,0.19999999999999998,0,0.19999999999999998
17,129,1,4000000,138.44069921811288,3591164.8959188247,5000000000,390457,391457,384001,7456,1114,1000,0,0.33415341115740427,0.33415341115740427
17,130,1,5000000,115.58505785783908,7205557.734152116,8000000000,391457,393057,387001,6056,694,1600,0,0.20817264330427385,0.20817264330427385
17,132,0,8000000,86.87099631062138,0,2000000000,393001,395001,393001,2000,0,2000,0.19999999999999998,0,0.19999999999999998
17,131,1,2000000,104.04015042280555,10708013.710329436,5000000000,395457,396457,390001,6456,187,1000,0,0.0560328008752186,0.0560328008752186
17,133,0,6000000,72.14051011740908,0,2000000000,396001,398001,396001,2000,0,2000,0.19999999999999998,0,0.19999999999999998
17,134,1,3000000,68.37237015052207,44686868.81396211,3000000000,399536,400136,399001,1135,67,600,0,0.02014014460818076,0.02014014460818076
17,135,0,10000000,57.32454448139991,0,7000000000,402001,409001,402001,7000,0,7000,0.7,0,0.7
17,137,1,10000000,7.873531609131957,612631968.4574121,9000000000,413158,414958,408001,6957,16,1800,0,0.004896904103052123,0.004896904103052123
17,136,0,2000000,34.43376540548541,0,10000000000,409001,419001,405001,14000,0,10000,0.9999999999999999,0,0.9999999999999999
17,139,1,2000000,48.337452353221884,107438922.66540118,8000000000,417958,419558,414001,5557,19,1600,0,0.005584568284145867,0.005584568284145867
17,138,0,9000000,21.110187114282077,0,6000000000,419001,425001,411001,14000,0,6000,0.6,0,0.6
17,142,1,6000000,130.57795564336269,4508416.053936919,7000000000,424332,425732,423001,2731,1331,1400,0,0.3992533028153362,0.3992533028153362
17,144,1,3000000,18.837157428869133,361400270.44238436,6000000000,429834,431034,429001,2033,8,1200,0,0.002490313576407467,0.002490313576407467
17,145,1,6000000,13.03512945850557,467263748.3899682,6000000000,432014,433214,432001,1213,13,1200,0,0.003852214100071292,0.003852214100071292
17,140,0,5000000,75.72571822043024,0,10000000000,425001,435001,417001,18000,0,10000,0.9999999999999999,0,0.9999999999999999
17,141,0,10000000,103.14566108179253,0,4000000000,435001,439001,420001,19000,0,4000,0.39999999999999997,0,0.39999999999999997
17,143,0,4000000,43.77337661181741,0,2000000000,439001,441001,426001,15000,0,2000,0.19999999999999998,0,0.19999999999999998
17,148,1,2000000,104.99373790850576,10350506.24384522,4000000000,441194,441994,441001,993,193,800,0,0.05796817912715925,0.05796817912715925
17,146,0,10000000,43.779456369397685,0,5000000000,441001,446001,435001,11000,0,5000,0.49999999999999994,0,0.49999999999999994
17,149,1,7000000,135.71428001503745,3880692.294013411,4000000000,445805,446605,444001,2604,1804,800,0,0.5411405596984812,0.5411405596984812
17,147,0,10000000,74.30963329205713,0,6000000000,446001,452001,438001,14000,0,6000,0.6,0,0.6
17,150,1,10000000,166.46017932226317,1740422.3648316164,9000000000,452747,454547,447001,7546,5746,1800,0,1.7237195181011398,1.7237195181011398
17,151,1,4000000,136.0477658765479,3843774.1806914364,10000000000,454512,456512,450001,6511,1041,2000,0,0.3121931579716627,0.3121931579716627
17,152,1,4000000,105.29743824044346,10239660.835203456,3000000000,457312,457912,453001,4911,391,600,0,0.11719138156162931,0.11719138156162931
17,153,0,9000000,77.07545653448966,0,5000000000,456001,461001,456001,5000,0,5000,0.49999999999999994,0,0.49999999999999994
17,156,1,4000000,117.47262532181698,6774038.497240755,2000000000,465591,465991,465001,990,590,400,0,0.17714691177039985,0.17714691177039985
17,154,0,4000000,67.60103697429498,0,10000000000,461001,471001,459001,12000,0,10000,0.9999999999999999,0,0.9999999999999999
17,159,1,4000000,174.0341161956471,1459510.6694019756,6000000000,476742,477942,474001,3941,2741,1200,0,0.8221933728594747,0.8221933728594747
17,155,0,3000000,87.68524676363747,0,8000000000,471001,479001,462001,17000,0,8000,0.7999999999999999,0,0.7999999999999999
17,158,1,9000000,173.74658816794073,1469097.919357843,7000000000,477942,479342,471001,8341,6126,1400,0,1.8378625171426262,1.8378625171426262
17,160,1,8000000,174.0341161956471,1459510.6694019756,6000000000,483051,484251,477001,7250,5481,1200,0,1.6443867457189494,1.6443867457189494
17,157,0,3000000,151.1565023411166,0,9000000000,479001,488001,468001,20000,0,9000,0.8999999999999999,0,0.8999999999999999
17,161,0,8000000,183.13476158283,0,3000000000,488001,491001,480001,11000,0,3000,0.3,0,0.3
17,162,0,9000000,209.14630501158751,0,4000000000,491001,495001,483001,12000,0,4000,0.39999999999999997,0,0.39999999999999997
17,169,0,9000000,68.77052929853016,0,7000000000,504001,511001,504001,7000,0,7000,0.7,0,0.7
17,171,0,3000000,75.87640278769148,0,10000000000,511001,521001,510001,11000,0,10000,0.9999999999999999,0,0.9999999999999999
17,174,0,9000000,135.5931727632332,0,4000000000,521001,525001,519001,6000,0,4000,0.39999999999999997,0,0.39999999999999997
17,175,0,3000000,158.69028073577786,0,8000000000,525001,533001,522001,11000,0,8000,0.7999999999999999,0,0.7999999999999999
17,163,1,4000000,190.4218992132995,1021409.4437417471,6000000000,535594,536794,486001,50793,3916,1200,0,1.1748471754911713,1.1748471754911713
17,164,1,7000000,156.50092811226392,2220126.687458052,5000000000,538794,539794,489001,50793,3153,1000,0,0.9458919672752587,0.9458919672752587
17,176,0,6000000,167.62957376310428,0,7000000000,533001,540001,525001,15000,0,7000,0.7,0,0.7
17,178,1,5000000,216.11231616916243,617401.7465840962,8000000000,539099,540699,531001,9698,8098,1600,0,2.4295363728707646,2.4295363728707646
17,165,1,3000000,127.13876277516623,4999170.8524654675,2000000000,540994,541394,492001,49393,600,400,0,0.18002985426196072,0.18002985426196072
17,166,1,2000000,101.95330941171062,11543261.648790028,4000000000,541394,542194,495001,47193,173,800,0,0.05197837649836971,0.05197837649836971
17,180,1,2000000,199.45639247715278,849559.9601994021,8000000000,540699,542299,537001,5298,2354,1600,0,0.7062479731968214,0.7062479731968214
17,167,1,5000000,80.20234223512425,26959755.532923795,5000000000,545794,546794,498001,48793,185,1000,0,0.05563848671284018,0.05563848671284018
17,168,1,4000000,77.92080915904305,29661138.184286144,7000000000,548594,549994,501001,48993,135,1400,0,0.04045697749507587,0.04045697749507587
17,179,0,2000000,191.63345428186594,0,10000000000,540001,550001,534001,16000,0,10000,0.9999999999999999,0,0.9999999999999999
17,170,1,4000000,65.73498992165432,50150879.09734188,2000000000,550994,551394,507001,44393,80,400,0,0.023927795915019222,0.023927795915019222
17,182,0,4000000,238.88272269044492,0,2000000000,550001,552001,543001,9000,0,2000,0.19999999999999998,0,0.19999999999999998
17,181,1,6000000,220.82139230608973,566597.2936479663,10000000000,550591,552591,540001,12590,10590,2000,0,3.176859508824907,3.176859508824907
17,183,1,4000000,218.73761496368203,588409.1716637283,6000000000,552799,553999,546001,7998,6798,1200,0,2.0393971708615575,2.0393971708615575
17,184,0,9000000,196.946994899643,0,2000000000,552001,554001,549001,5000,0,2000,0.19999999999999998,0,0.19999999999999998
17,172,1,6000000,88.85854151402668,18967143.639926005,5000000000,556794,557794,513001,44793,316,1000,0,0.0949009526247792,0.0949009526247792
17,173,1,4000000,109.62088304698152,8806297.890726637,7000000000,559994,561394,516001,45393,454,1400,0,0.13626611487486076,0.13626611487486076
17,185,0,5000000,176.1815486933862,0,9000000000,554001,563001,552001,11000,0,9000,0.8999999999999999,0,0.8999999999999999
17,188,1,6000000,139.20174208680004,3515139.30200251,2000000000,562708,563108,561001,2107,1707,400,0,0.5120707446713628,0.5120707446713628
17,186,0,9000000,161.1089510238335,0,6000000000,563001,569001,555001,14000,0,6000,0.6,0,0.6
17,187,0,3000000,147.47292259937075,0,4000000000,569001,573001,558001,15000,0,4000,0.39999999999999997,0,0.39999999999999997
17,189,0,2000000,137.75369505025986,0,3000000000,573001,576001,564001,12000,0,3000,0.3,0,0.3
17,177,1,7000000,190.83804442510933,1012591.3558228257,8000000000,579594,581194,528001,53193,6913,1600,0,2.0738869514578786,2.0738869514578786
17,190,0,7000000,139.07305166710046,0,8000000000,576001,584001,567001,17000,0,8000,0.7999999999999999,0,0.7999999999999999
17,196,1,6000000,66.23959616422798,49053772.918663144,9000000000,585123,586923,585001,1922,122,1800,0,0.03669442517672614,0.03669442517672614
17,198,1,3000000,18.547573965346572,365841508.22143275,7000000000,591064,592464,591001,1463,8,1400,0,0.002460081701432461,0.002460081701432461
17,191,0,5000000,141.80367061539692,0,9000000000,584001,593001,570001,23000,0,9000,0.8999999999999999,0,0.8999999999999999
17,199,1,7000000,5.137256076934495,735822444.6231385,10000000000,594011,596011,594001,2010,10,2000,0,0.002853949366923081,0.002853949366923081
17,200,1,7000000,28.846656652028113,240568853.5063654,3000000000,597811,598411,597001,1410,29,600,0,0.00872930959013127,0.00872930959013127
17,192,0,7000000,135.0351006220235,0,7000000000,593001,600001,573001,27000,0,7000,0.7,0,0.7
17,201,1,4000000,52.79217555661064,88571481.45299114,5000000000,600046,601046,600001,1045,45,1000,0,0.013548379007715862,0.013548379007715862
17,202,1,7000000,76.76313503238387,31146325.3261769,5000000000,604023,605023,603001,2022,225,1000,0,0.06742368411065998,0.06742368411065998
17,193,0,7000000,133.59009581552073,0,7000000000,600001,607001,576001,31000,0,7000,0.7,0,0.7
17,204,1,5000000,121.34462987705722,5983125.110408036,9000000000,609837,611637,609001,2636,836,1800,0,0.25070510349025665,0.25070510349025665
17,194,0,2000000,114.1814560250481,0,6000000000,607001,613001,579001,34000,0,6000,0.6,0,0.6
17,205,1,7000000,124.56871075836017,5409102.010271159,4000000000,613437,614237,612001,2236,1294,800,0,0.38823449733659704,0.38823449733659704
17,195,0,4000000,90.21436969795882,0,4000000000,613001,617001,582001,35000,0,4000,0.39999999999999997,0,0.39999999999999997
17,207,1,8000000,126.44838472673344,5105439.392391983,3000000000,619568,620168,618001,2167,1567,600,0,0.4700868653100512,0.4700868653100512
17,197,0,3000000,42.281686342907385,0,5000000000,617001,622001,588001,34000,0,5000,0.49999999999999994,0,0.49999999999999994
17,209,1,4000000,128.8039913977823,4753785.946736493,5000000000,624842,625842,624001,1841,841,1000,0,0.25243038147811603,0.25243038147811603
17,203,0,5000000,100.72851880177731,0,9000000000,622001,631001,606001,25000,0,9000,0.8999999999999999,0,0.8999999999999999
17,211,1,4000000,128.30866689355017,4825202.801168263,6000000000,631130,632330,630001,2329,829,1200,0,0.24869421026396232,0.24869421026396232
17,206,0,7000000,123.03380429784326,0,9000000000,631001,640001,615001,25000,0,9000,0.8999999999999999,0,0.8999999999999999
17,213,1,2000000,149.27762725874226,2673583.6391996522,7000000000,638730,640130,636001,4129,748,1400,0,0.2244178903561859,0.2244178903561859
17,208,0,2000000,139.83374449681298,0,2000000000,640001,642001,621001,21000,0,2000,0.19999999999999998,0,0.19999999999999998
17,215,1,6000000,153.92392828926896,2370101.848547762,4000000000,645930,646730,642001,4729,2532,800,0,0.7594610337538525,0.7594610337538525
17,210,0,8000000,125.47642208797639,0,8000000000,642001,650001,627001,23000,0,8000,0.7999999999999999,0,0.7999999999999999
17,212,0,7000000,137.66185818882437,0,5000000000,650001,655001,633001,22000,0,5000,0.49999999999999994,0,0.49999999999999994
17,216,1,5000000,161.33376398014147,1969260.633720486,10000000000,653130,655130,645001,10129,2539,2000,0,0.7617071982828799,0.7617071982828799
17,217,1,2000000,173.49721179315816,1477476.4842649563,6000000000,656130,657330,648001,9329,1354,1200,0,0.4060978339689106,0.4060978339689106
17,214,0,2000000,151.95771418391368,0,7000000000,655001,662001,639001,23000,0,7000,0.7,0,0.7
17,218,0,4000000,186.27015434577805,0,4000000000,662001,666001,651001,15000,0,4000,0.39999999999999997,0,0.39999999999999997
17,221,1,7000000,200.80733851132032,827056.9713807998,6000000000,670254,671454,660001,11453,8464,1200,0,2.53912375164915,2.53912375164915
17,219,0,8000000,184.03575549332797,0,6000000000,666001,672001,654001,18000,0,6000,0.6,0,0.6
17,220,0,10000000,188.83403189044074,0,5000000000,672001,677001,657001,20000,0,5000,0.49999999999999994,0,0.49999999999999994
17,223,1,5000000,237.10650644805173,426664.8899540522,10000000000,680654,682654,666001,16653,11719,2000,0,3.515639639721787,3.515639639721787
17,227,1,9000000,180.98126007960047,1249809.0139114095,4000000000,685202,686002,678001,8001,7201,800,0,2.1603300743927782,2.1603300743927782
17,222,0,9000000,217.35932117118875,0,10000000000,677001,687001,663001,24000,0,10000,0.9999999999999999,0,0.9999999999999999
17,228,1,9000000,178.51620654719275,1319643.5460460624,5000000000,687821,688821,681001,7820,6820,1000,0,2.0460070509872037,2.0460070509872037
17,224,0,10000000,228.36040155858896,0,5000000000,687001,692001,669001,23000,0,5000,0.49999999999999994,0,0.49999999999999994
17,230,1,7000000,195.62474511165507,917667.3429212539,6000000000,694629,695829,687001,8828,7628,1200,0,2.288410954360619,2.288410954360619
17,225,0,10000000,207.11000458693445,0,9000000000,692001,701001,672001,29000,0,9000,0.8999999999999999,0,0.8999999999999999
17,231,1,7000000,213.6048318741877,646774.7913870815,3000000000,700824,701424,690001,11423,10823,600,0,3.246879791799419,3.246879791799419
17,226,0,2000000,190.73475115982404,0,3000000000,701001,704001,675001,29000,0,3000,0.3,0,0.3
17,229,0,5000000,183.56538589832232,0,2000000000,704001,706001,684001,22000,0,2000,0.19999999999999998,0,0.19999999999999998
17,232,0,7000000,236.0154083952995,0,2000000000,706001,708001,693001,15000,0,2000,0.19999999999999998,0,0.19999999999999998
17,234,1,6000000,209.60224354715282,697366.584696365,9000000000,707605,709405,699001,10404,8604,1800,0,2.581138872295873,2.581138872295873
17,236,1,5000000,182.99389716599836,1196171.851404583,3000000000,709405,710005,705001,5004,4180,600,0,1.2540004166112522,1.2540004166112522
17,237,1,2000000,179.78291381552364,1283168.5521063653,10000000000,710005,712005,708001,4004,1559,2000,0,0.4675925068574034,0.4675925068574034
17,235,1,8000000,193.2694104094075,962922.6836833266,4000000000,712005,712805,702001,10804,8308,800,0,2.49241194611766,2.49241194611766
17,233,1,8000000,230.39846570669692,478394.9389957862,9000000000,712805,714605,696001,18604,16723,1800,0,5.016775480605868,5.016775480605868
17,238,0,6000000,184.1102954752938,0,5000000000,711001,716001,711001,5000,0,5000,0.49999999999999994,0,0.49999999999999994
17,239,1,4000000,195.36566842718298,922513.6957110622,5000000000,718337,719337,714001,5336,4336,1000,0,1.3007936961575999,1.3007936961575999
17,240,1,5000000,212.48462814989702,660459.2834421451,10000000000,724571,726571,717001,9570,7570,2000,0,2.271146817987603,2.271146817987603
17,242,0,4000000,248.80327007497309,0,7000000000,723001,730001,723001,7000,0,7000,0.7,0,0.7
17,241,1,4000000,230.95678145488603,473800.8952522776,10000000000,728443,730443,720001,10442,8442,2000,0,2.5327094398187113,2.5327094398187113
17,243,0,2000000,225.2369803118484,0,6000000000,730001,736001,726001,10000,0,6000,0.6,0,0.6
17,245,1,6000000,191.5787404698131,997129.2242444276,10000000000,738018,740018,732001,8017,6017,2000,0,1.8051822735051677,1.8051822735051677
17,246,1,6000000,175.05078948693722,1426228.3701033543,9000000000,740018,741818,735001,6817,4207,1800,0,1.2620699726156475,1.2620699726156475
17,247,1,7000000,159.38221293481902,2066103.0104429452,2000000000,742218,742618,738001,4617,3388,400,0,1.0164062437282775,1.0164062437282775
17,244,0,8000000,203.07574572065465,0,9000000000,736001,745001,729001,16000,0,9000,0.8999999999999999,0,0.8999999999999999
17,248,1,10000000,146.33048896248516,2891173.483038214,9000000000,747418,749218,741001,8217,3459,1800,0,1.0376409501540615,1.0376409501540615
17,249,1,6000000,144.55704756254536,3032686.0823160536,9000000000,751418,753218,744001,9217,1978,1800,0,0.5935332412068661,0.5935332412068661
17,250,1,4000000,155.25345728839665,2291211.62647673,3000000000,754818,755418,747001,8417,1746,600,0,0.523740359089081,0.523740359089081
17,251,1,6000000,153.09286364817925,2421125.650153182,7000000000,755418,756818,750001,6817,2478,1400,0,0.7434558383560622,0.7434558383560622
17,252,1,10000000,134.17232985977398,4057172.032250283,5000000000,758618,759618,753001,6617,2465,1000,0,0.7394313024326135,0.7394313024326135
17,254,0,3000000,143.80142210701533,0,2000000000,759001,761001,759001,2000,0,2000,0.19999999999999998,0,0.19999999999999998
17,253,1,9000000,148.64249896984376,2718716.7684281827,2000000000,761418,761818,756001,5817,3310,400,0,0.9931155872338244,0.9931155872338244
17,255,0,4000000,144.70274116270224,0,3000000000,762001,765001,762001,3000,0,3000,0.3,0,0.3
17,256,0,9000000,141.28602797162924,0,2000000000,765001,767001,765001,2000,0,2000,0.19999999999999998,0,0.19999999999999998
17,257,1,4000000,142.61355650848907,3197723.486892247,9000000000,769252,771052,768001,3051,1251,1800,0,0.3752669688041842,0.3752669688041842
17,258,1,4000000,149.0150468912452,2692129.8150610286,4000000000,772862,773662,771001,2661,1486,800,0,0.4457437354196818,0.4457437354196818
17,259,1,10000000,148.91591889385097,2699172.6043998245,7000000000,777706,779106,774001,5105,3705,1400,0,1.1114517075009607,1.1114517075009607
17,260,1,7000000,162.3644927316315,1920382.8631620787,6000000000,783906,785106,777001,8105,3645,1200,0,1.0935319410954156,1.0935319410954156
17,262,0,8000000,195.8053198970855,0,4000000000,783001,787001,783001,4000,0,4000,0.39999999999999997,0,0.39999999999999997
17,261,1,7000000,177.77641294614986,1341542.8653362473,9000000000,785219,787019,780001,7018,5218,1800,0,1.5653618339460598,1.5653618339460598
17,263,0,7000000,210.10856241476688,0,5000000000,787001,792001,786001,6000,0,5000,0.49999999999999994,0,0.49999999999999994
17,264,0,9000000,229.13721522266954,0,2000000000,792001,794001,789001,5000,0,2000,0.19999999999999998,0,0.19999999999999998
17,265,0,9000000,251.71698432962364,0,8000000000,794001,802001,792001,10000,0,8000,0.7999999999999999,0,0.7999999999999999
17,266,0,9000000,232.0547023871742,0,8000000000,802001,810001,795001,15000,0,8000,0.7999999999999999,0,0.7999999999999999
17,267,0,4000000,230.27883315667552,0,7000000000,810001,817001,798001,19000,0,7000,0.7,0,0.7
17,270,1,9000000,209.6806300066842,696329.3767115242,8000000000,819926,821526,807001,14525,12925,1600,0,3.877475359076453,3.877475359076453
17,268,0,8000000,230.27883315667552,0,5000000000,817001,822001,801001,21000,0,5000,0.49999999999999994,0,0.49999999999999994
17,274,1,2000000,173.7618427618676,1468587.312787051,9000000000,821526,823326,819001,4325,1362,1800,0,0.408555892302606,0.408555892302606
17,269,0,10000000,226.39793506125446,0,2000000000,822001,824001,804001,20000,0,2000,0.19999999999999998,0,0.19999999999999998
17,271,0,7000000,192.4209188212134,0,5000000000,824001,829001,810001,19000,0,5000,0.49999999999999994,0,0.49999999999999994
17,275,1,9000000,180.0301219240825,1276196.9820412667,6000000000,829053,830253,822001,8252,7052,1200,0,2.1156608564309343,2.1156608564309343
17,277,1,2000000,172.1401129893901,1524127.576642586,8000000000,830253,831853,828001,3852,1312,1600,0,0.3936678327950118,0.3936678327950118
17,278,1,2000000,147.5068032329357,2801793.1804776955,4000000000,835053,835853,831001,4852,714,800,0,0.21414856891674716,0.21414856891674716
17,272,0,10000000,179.8821419707915,0,7000000000,829001,836001,813001,23000,0,7000,0.7,0,0.7
17,281,1,7000000,127.78028212521679,4902841.237249162,7000000000,843453,844853,840001,4852,1428,1400,0,0.4283230678663067,0.4283230678663067
17,273,0,10000000,173.42179130662905,0,9000000000,836001,845001,816001,29000,0,9000,0.8999999999999999,0,0.8999999999999999
17,276,0,8000000,180.53076552211257,0,2000000000,845001,847001,825001,22000,0,2000,0.19999999999999998,0,0.19999999999999998
17,279,0,10000000,122.44362172036567,0,10000000000,847001,857001,834001,23000,0,10000,0.9999999999999999,0,0.9999999999999999
17,284,1,10000000,170.12675568528306,1596760.3528594305,5000000000,858051,859051,849001,10050,6263,1000,0,1.87880416408617,1.87880416408617
17,286,1,5000000,138.53743356941473,3581389.8722902136,10000000000,857770,859770,855001,4769,1396,2000,0,0.4188318092944139,0.4188318092944139
17,280,0,9000000,108.94906929386778,0,3000000000,857001,860001,837001,23000,0,3000,0.3,0,0.3
17,282,0,5000000,149.57673248202747,0,3000000000,860001,863001,843001,20000,0,3000,0.3,0,0.3
17,283,0,8000000,162.07476361235265,0,4000000000,863001,867001,846001,21000,0,4000,0.39999999999999997,0,0.39999999999999997
17,285,0,5000000,160.99761892649224,0,2000000000,867001,869001,852001,17000,0,2000,0.19999999999999998,0,0.19999999999999998
17,288,1,5000000,127.83948255527321,4894066.846370177,9000000000,870370,872170,861001,11169,1022,1800,0,0.30649356600278505,0.30649356600278505
17,289,1,4000000,136.8669083452973,3754910.1506149643,6000000000,873570,874770,864001,10769,1065,1200,0,0.319581548390304,0.319581548390304
17,287,0,5000000,124.50147067404467,0,10000000000,869001,879001,858001,21000,0,10000,0.9999999999999999,0,0.9999999999999999
17,290,0,8000000,149.89464633535115,0,5000000000,879001,884001,867001,17000,0,5000,0.49999999999999994,0,0.49999999999999994
17,294,0,8000000,227.61036729463794,0,7000000000,884001,891001,879001,12000,0,7000,0.7,0,0.7
17,291,1,10000000,165.9947782311239,1759785.9910907552,10000000000,892170,894170,870001,24169,5683,2000,0,1.704752745611148,1.704752745611148
17,296,0,5000000,242.8883877421891,0,4000000000,891001,895001,885001,10000,0,4000,0.39999999999999997,0,0.39999999999999997
17,292,1,5000000,185.60926835694386,1130678.2898102556,8000000000,894770,896370,873001,23369,4422,1600,0,1.3266373056934895,1.3266373056934895
17,299,1,2000000,207.8348673827373,721272.0881210627,2000000000,898056,898456,894001,4455,2773,400,0,0.831863605817632,0.831863605817632
17,297,0,6000000,246.1766638006129,0,5000000000,895001,900001,888001,12000,0,5000,0.49999999999999994,0,0.49999999999999994
17,300,1,6000000,197.95590847458934,875455.130235925,2000000000,903855,904255,897001,7254,6854,400,0,2.0560733929503856,2.0560733929503856
17,298,0,5000000,224.53747304180652,0,6000000000,900001,906001,891001,15000,0,6000,0.6,0,0.6
17,301,1,5000000,195.6266428685009,917631.960129671,3000000000,906097,906697,900001,6696,5449,600,0,1.634642280536997,1.634642280536997
17,295,1,2000000,237.6527470912129,422767.0999852738,2000000000,912370,912770,882001,30769,4731,400,0,1.4192211267643573,1.4192211267643573
17,302,0,7000000,193.97933317753208,0,10000000000,906001,916001,903001,13000,0,10000,0.9999999999999999,0,0.9999999999999999
17,303,1,9000000,193.52246613765544,957929.1978209502,9000000000,915396,917196,906001,11195,9395,1800,0,2.8185799181628726,2.8185799181628726
17,305,1,4000000,205.7672532255801,750549.6654458843,4000000000,918996,919796,912001,7795,5329,800,0,1.598828239150713,1.598828239150713
17,304,0,7000000,197.37916050079855,0,9000000000,916001,925001,909001,16000,0,9000,0.8999999999999999,0,0.8999999999999999
17,306,0,9000000,218.26589380844638,0,4000000000,925001,929001,915001,14000,0,4000,0.39999999999999997,0,0.39999999999999997
17,307,0,7000000,234.40549758911374,0,2000000000,929001,931001,918001,13000,0,2000,0.19999999999999998,0,0.19999999999999998
17,308,0,7000000,246.45167518197155,0,2000000000,931001,933001,921001,12000,0,2000,0.19999999999999998,0,0.19999999999999998
17,309,0,4000000,248.74710711885675,0,6000000000,933001,939001,924001,15000,0,6000,0.6,0,0.6
17,313,1,6000000,186.43609763133318,1110906.088928829,5000000000,943775,944775,936001,8774,5401,1000,0,1.6202989775090866,1.6202989775090866
17,310,0,8000000,230.58663296036914,0,7000000000,939001,946001,927001,19000,0,7000,0.7,0,0.7
17,314,1,4000000,183.284542992583,1188664.5234130004,10000000000,944775,946775,939001,7774,3365,2000,0,1.0095363126969181,1.0095363126969181
17,316,1,2000000,163.30848998138464,1876931.3366236796,3000000000,949575,950175,945001,5174,1066,600,0,0.3196707243853208,0.3196707243853208
17,311,0,3000000,208.64103838890372,0,5000000000,946001,951001,930001,21000,0,5000,0.49999999999999994,0,0.49999999999999994
17,318,1,9000000,150.40515749135733,2595718.414654509,10000000000,955175,957175,951001,6174,3467,2000,0,1.0401744598939369,1.0401744598939369
17,312,0,7000000,189.70168686651155,0,8000000000,951001,959001,933001,26000,0,8000,0.7999999999999999,0,0.7999999999999999
17,319,1,10000000,151.030589285747,2553735.7583080824,9000000000,960175,961975,954001,7974,3916,1800,0,1.1747495762786277,1.1747495762786277
17,320,1,5000000,152.0022661015289,2490163.491425226,3000000000,962775,963375,957001,6374,2008,600,0,0.6023700874120063,0.6023700874120063
17,321,1,7000000,149.82986951873113,2635091.182945052,2000000000,963775,964175,960001,4174,2656,400,0,0.7969363692580007,0.7969363692580007
17,322,1,9000000,152.82005136761342,2438170.9413404446,5000000000,966692,967692,963001,4691,3691,1000,0,1.1073874904421626,1.1073874904421626
17,315,0,7000000,176.66182638023417,0,9000000000,959001,968001,942001,26000,0,9000,0.8999999999999999,0,0.8999999999999999
17,323,1,4000000,159.44501309228832,2062895.928373423,3000000000,969092,969692,966001,3691,1939,600,0,0.5817065143689485,0.5817065143689485
17,317,0,3000000,154.18017155263513,0,2000000000,968001,970001,948001,22000,0,2000,0.19999999999999998,0,0.19999999999999998
17,324,1,7000000,169.21983867147492,1630880.0524818613,8000000000,973293,974893,969001,5892,4292,1600,0,1.2876483447107194,1.2876483447107194
17,326,1,2000000,181.7493686371427,1228992.6417118977,2000000000,976628,977028,975001,2027,1627,400,0,0.4882047130601559,0.4882047130601559
17,325,1,8000000,179.64596293821913,1287051.1191009257,5000000000,979292,980292,972001,8291,6216,1000,0,1.8647277985947666,1.8647277985947666
17,328,0,5000000,211.89121100224992,0,2000000000,981001,983001,981001,2000,0,2000,0.19999999999999998,0,0.19999999999999998
17,327,1,6000000,195.57625443800686,918572.0054992186,9000000000,985683,987483,978001,9482,6532,1800,0,1.9595633104687853,1.9595633104687853
17,329,1,6000000,219.17129100317862,583784.5543652239,5000000000,995608,996608,984001,12607,10278,1000,0,3.083329263408183,3.083329263408183
17,330,0,7000000,202.7015157812097,0,10000000000,987001,997001,987001,10000,0,10000,0.9999999999999999,0,0.9999999999999999
18,1,1,6000000,138.59922438455416,3575163.048597572,10000000000,1679,3679,1,3678,1678,2000,0,0.5034735410755841,0.5034735410755841
18,2,1,10000000,147.76784663789346,2782423.1981664402,9000000000,6595,8395,3001,5394,3594,1800,0,1.0781968760097091,1.0781968760097091
18,3,1,4000000,170.7481051139368,1573894.9209068043,2000000000,8542,8942,6001,2941,2541,400,0,0.7624397182174121,0.7624397182174121
18,4,1,5000000,150.41589842832445,2594990.2472927524,9000000000,11722,13522,9001,4521,1927,1800,0,0.5780368544987361,0.5780368544987361
18,5,1,4000000,123.73877848112127,5550187.642076076,3000000000,15522,16122,12001,4121,721,600,0,0.21620890632647763,0.21620890632647763
18,6,1,5000000,98.05543432161217,13321145.160922246,3000000000,16122,16722,15001,1721,375,600,0,0.11260293179600427,0.11260293179600427
18,7,1,7000000,84.86401357465951,22259791.802848745,6000000000,18359,19559,18001,1558,314,1200,0,0.09434050500558805,0.09434050500558805
18,9,1,7000000,78.16636424959263,29356339.289428607,3000000000,24239,24839,24001,838,238,600,0,0.07153480477575154,0.07153480477575154
18,8,0,9000000,79.73028784596228,0,7000000000,21001,28001,21001,7000,0,7000,0.7,0,0.7
18,10,1,10000000,69.11010418166069,43273395.20749668,4000000000,27232,28032,27001,1031,231,800,0,0.06932666100302387,0.06932666100302387
18,11,0,4000000,65.38678230345943,0,6000000000,30001,36001,30001,6000,0,6000,0.6,0,0.6
18,13,1,5000000,84.2650449474751,22808102.87022455,5000000000,36220,37220,36001,1219,219,1000,0,0.06576610113233991,0.06576610113233991
18,12,0,3000000,73.36769657008456,0,2000000000,36001,38001,33001,5000,0,2000,0.19999999999999998,0,0.19999999999999998
18,14,0,4000000,102.18115873290925,0,5000000000,39001,44001,39001,5000,0,5000,0.49999999999999994,0,0.49999999999999994
18,15,1,10000000,125.43719743361618,5266127.678868369,10000000000,43900,45900,42001,3899,1899,2000,0,0.5696785537574861,0.5696785537574861
18,16,0,4000000,150.39338948238384,0,5000000000,45001,50001,45001,5000,0,5000,0.49999999999999994,0,0.49999999999999994
18,17,1,6000000,173.42828950318346,1479802.604448812,6000000000,52874,54074,48001,6073,4055,1200,0,1.2163784511451465,1.2163784511451465
18,18,0,4000000,200.04337654618809,0,6000000000,51001,57001,51001,6000,0,6000,0.6,0,0.6
18,21,1,2000000,181.21366449580998,1243464.713311447,3000000000,61609,62209,60001,2208,1608,600,0,0.4825227395493608,0.4825227395493608
18,19,0,7000000,209.05296745083527,0,9000000000,57001,66001,54001,12000,0,9000,0.8999999999999999,0,0.8999999999999999
18,22,1,4000000,178.43941745029315,1321895.8783989584,9000000000,66027,67827,63001,4826,3026,1800,0,0.9077870803662728,0.9077870803662728
18,20,1,10000000,188.44803554295814,1064561.5261324223,9000000000,67827,69627,57001,12626,9394,1800,0,2.8180616397993195,2.8180616397993195
18,24,0,7000000,193.51848619705555,0,4000000000,69001,73001,69001,4000,0,4000,0.39999999999999997,0,0.39999999999999997
18,23,1,9000000,182.68567130456617,1204197.8132522395,6000000000,73475,74675,66001,8674,7474,1200,0,2.242156537976074,2.242156537976074
18,25,0,10000000,210.07411477857042,0,2000000000,73001,75001,72001,3000,0,2000,0.19999999999999998,0,0.19999999999999998
18,26,0,2000000,230.96391493044965,0,8000000000,75001,83001,75001,8000,0,8000,0.7999999999999999,0,0.7999999999999999
18,27,0,8000000,236.10102964620881,0,6000000000,83001,89001,78001,11000,0,6000,0.6,0,0.6
18,31,1,2000000,180.16459613364668,1272424.421021892,3000000000,93014,93614,90001,3613,1572,600,0,0.4715407768723397,0.4715407768723397
18,28,0,10000000,215.0685407027257,0,6000000000,89001,95001,81001,14000,0,6000,0.6,0,0.6
18,30,1,9000000,185.8452326534098,1124991.2719973992,9000000000,95001,96801,87001,9800,8000,1800,0,2.400018619883339,2.400018619883339
18,33,1,2000000,189.42087794116048,1043015.7371413085,6000000000,98628,99828,96001,3827,1918,1200,0,0.5752549828677337,0.5752549828677337
18,29,0,6000000,197.8425035223726,0,10000000000,95001,105001,84001,21000,0,10000,0.9999999999999999,0,0.9999999999999999
18,32,0,6000000,181.36531228435052,0,4000000000,105001,109001,93001,16000,0,4000,0.39999999999999997,0,0.39999999999999997
18,36,1,3000000,233.19814235966808,455902.8865367681,2000000000,111581,111981,105001,6980,6580,400,0,1.9741046318806668,1.9741046318806668
18,34,0,10000000,203.40416342838213,0,5000000000,109001,114001,99001,15000,0,5000,0.49999999999999994,0,0.49999999999999994
18,35,0,8000000,222.25543795372025,0,4000000000,114001,118001,102001,16000,0,4000,0.39999999999999997,0,0.39999999999999997
18,38,1,5000000,198.61209681185076,864011.454145825,8000000000,117027,118627,111001,7626,5787,1600,0,1.736088095594662,1.736088095594662
18,41,1,3000000,153.78753037876643,2378384.1534944656,2000000000,121262,121662,120001,1661,1261,400,0,0.3784081720682782,0.3784081720682782
18,37,0,7000000,218.79098358936096,0,9000000000,118001,127001,108001,19000,0,9000,0.8999999999999999,0,0.8999999999999999
18,39,0,4000000,180.17315810075596,0,2000000000,127001,129001,114001,15000,0,2000,0.19999999999999998,0,0.19999999999999998
18,40,0,8000000,166.0693942302434,0,2000000000,129001,131001,117001,14000,0,2000,0.19999999999999998,0,0.19999999999999998
18,44,1,10000000,145.97197847532243,2919112.286522985,5000000000,132427,133427,129001,4426,3426,1000,0,1.0277096958039125,1.0277096958039125
18,42,0,9000000,145.98824404725198,0,8000000000,131001,139001,123001,16000,0,8000,0.7999999999999999,0,0.7999999999999999
18,48,1,10000000,154.16031266185212,2355832.5729993572,5000000000,145246,146246,141001,5245,4245,1000,0,1.2734351474648782,1.2734351474648782
18,43,0,7000000,143.49192625370947,0,8000000000,139001,147001,126001,21000,0,8000,0.7999999999999999,0,0.7999999999999999
18,45,0,5000000,153.8084607555774,0,6000000000,147001,153001,132001,21000,0,6000,0.6,0,0.6
18,52,1,5000000,163.51349332700343,1867656.8698800716,4000000000,155678,156478,153001,3477,2677,800,0,0.8031453872446709,0.8031453872446709
18,46,0,5000000,166.20270154242385,0,4000000000,153001,157001,135001,22000,0,4000,0.39999999999999997,0,0.39999999999999997
18,53,1,3000000,146.54356655957298,2874724.724115492,5000000000,157045,158045,156001,2044,1044,1000,0,0.31307345445985824,0.31307345445985824
18,54,1,3000000,126.98387692931735,5022774.682009099,9000000000,159598,161398,159001,2397,597,1800,0,0.17918382905442254,0.17918382905442254
18,47,0,4000000,174.78948852834372,0,5000000000,157001,162001,138001,24000,0,5000,0.49999999999999994,0,0.49999999999999994
18,49,0,8000000,135.09863988952668,0,3000000000,162001,165001,144001,21000,0,3000,0.3,0,0.3
18,56,1,9000000,104.41072023504103,10567354.29440719,9000000000,165853,167653,165001,2652,852,1800,0,0.25550387777089906,0.25550387777089906
18,57,1,10000000,74.16282694180427,34791076.71467547,6000000000,169253,170453,168001,2452,287,1200,0,0.08622900706992344,0.08622900706992344
18,50,0,4000000,119.814448627868,0,7000000000,165001,172001,147001,25000,0,7000,0.7,0,0.7
18,58,1,6000000,43.08890924588364,134344668.17807063,8000000000,171046,172646,171001,1645,45,1600,0,0.013398373187495191,0.013398373187495191
18,51,0,10000000,109.8828831074248,0,4000000000,172001,176001,150001,26000,0,4000,0.39999999999999997,0,0.39999999999999997
18,60,1,6000000,18.93509176106623,359914126.97056544,5000000000,177018,178018,177001,1017,17,1000,0,0.005001192965529824,0.005001192965529824
18,55,0,7000000,113.04802740428502,0,4000000000,176001,180001,162001,18000,0,4000,0.39999999999999997,0,0.39999999999999997
18,59,0,9000000,19.17603712970958,0,4000000000,180001,184001,174001,10000,0,4000,0.39999999999999997,0,0.39999999999999997
18,62,1,9000000,75.01132981090255,33552648.175060008,2000000000,184440,184840,183001,1839,268,400,0,0.08047054843220795,0.08047054843220795
18,61,0,8000000,48.473317402463856,0,7000000000,184001,191001,180001,11000,0,7000,0.7,0,0.7
18,63,0,10000000,105.16968432014994,0,3000000000,191001,194001,186001,8000,0,3000,0.3,0,0.3
18,64,0,8000000,136.65716300289574,0,8000000000,194001,202001,189001,13000,0,8000,0.7999999999999999,0,0.7999999999999999
18,69,1,5000000,133.94572034969988,4083932.7671430656,9000000000,205225,207025,204001,3024,1224,1800,0,0.36729302011730525,0.36729302011730525
18,70,1,4000000,102.46724061864847,11330548.395133974,6000000000,207354,208554,207001,1553,353,1200,0,0.10590837779002409,0.10590837779002409
18,65,0,6000000,166.41194668652844,0,8000000000,202001,210001,192001,18000,0,8000,0.7999999999999999,0,0.7999999999999999
18,71,1,2000000,71.08671465189543,39715843.425271824,7000000000,210051,211451,210001,1450,50,1400,0,0.015107321115537746,0.015107321115537746
18,66,0,2000000,193.83807778658968,0,4000000000,210001,214001,195001,19000,0,4000,0.39999999999999997,0,0.39999999999999997
18,72,1,4000000,41.92585121377982,141069115.3716337,7000000000,213029,214429,213001,1428,28,1400,0,0.008506468597599903,0.008506468597599903
18,75,1,8000000,30.78774106685976,222538917.8782167,8000000000,222037,223637,222001,1636,36,1600,0,0.010784630494668747,0.010784630494668747
18,67,0,7000000,191.16778415831473,0,10000000000,214001,224001,198001,26000,0,10000,0.9999999999999999,0,0.9999999999999999
18,76,1,2000000,57.30198076855632,72684904.80145517,10000000000,225029,227029,225001,2028,28,2000,0,0.008254808913060416,0.008254808913060416
18,68,0,6000000,159.59068143221901,0,4000000000,224001,228001,201001,27000,0,4000,0.39999999999999997,0,0.39999999999999997
18,73,0,5000000,33.6095016327228,0,2000000000,228001,230001,216001,14000,0,2000,0.19999999999999998,0,0.19999999999999998
18,78,1,2000000,113.6583802453651,7680914.984876372,7000000000,231261,232661,231001,1660,260,1400,0,0.07811569340129304,0.07811569340129304
18,74,0,5000000,11.50208676719144,0,3000000000,230001,233001,219001,14000,0,3000,0.3,0,0.3
18,77,0,10000000,82.21168408444139,0,4000000000,233001,237001,228001,9000,0,4000,0.39999999999999997,0,0.39999999999999997
18,79,1,6000000,143.28943157120833,3139100.8813320543,9000000000,235912,237712,234001,3711,1911,1800,0,0.5734126006285543,0.5734126006285543
18,80,0,9000000,170.78889015389734,0,5000000000,237001,242001,237001,5000,0,5000,0.49999999999999994,0,0.49999999999999994
18,81,1,3000000,202.383286365253,801736.2823663625,5000000000,243743,244743,240001,4742,3742,1000,0,1.1225636406819552,1.1225636406819552
18,82,1,9000000,185.29801752852083,1138234.619517225,10000000000,250908,252908,243001,9907,7907,2000,0,2.3720944291302506,2.3720944291302506
18,83,0,2000000,168.4627258475892,0,9000000000,246001,255001,246001,9000,0,9000,0.8999999999999999,0,0.8999999999999999
18,84,1,10000000,178.79463778312817,1311516.672706531,8000000000,256626,258226,249001,9225,7625,1600,0,2.2874280307920185,2.2874280307920185
18,85,0,2000000,196.76552873915696,0,10000000000,255001,265001,252001,13000,0,10000,0.9999999999999999,0,0.9999999999999999
18,87,0,9000000,214.1941775585882,0,3000000000,265001,268001,258001,10000,0,3000,0.3,0,0.3
18,86,1,8000000,212.8897472871815,655469.0305789355,5000000000,267206,268206,255001,13205,12205,1000,0,3.66150022050657,3.66150022050657
18,89,0,10000000,188.9008218616319,0,3000000000,268001,271001,264001,7000,0,3000,0.3,0,0.3
18,90,0,6000000,170.87286092296807,0,3000000000,271001,274001,267001,7000,0,3000,0.3,0,0.3
18,88,1,10000000,209.39871370187547,700068.6922073324,4000000000,275285,276085,261001,15084,14284,800,0,4.285293762446272,4.285293762446272
18,93,1,4000000,146.8128485521618,2854102.215723802,3000000000,277402,278002,276001,2001,1401,600,0,0.4204474504763591,0.4204474504763591
18,94,1,7000000,146.39066636913708,2886516.2688439563,6000000000,281426,282626,279001,3625,2425,1200,0,0.7275205834336231,0.7275205834336231
18,91,0,4000000,163.76804144887367,0,10000000000,274001,284001,270001,14000,0,10000,0.9999999999999999,0,0.9999999999999999
18,92,0,8000000,152.34336907131862,0,2000000000,284001,286001,273001,13000,0,2000,0.19999999999999998,0,0.19999999999999998
18,95,0,2000000,150.54489629343138,0,2000000000,286001,288001,282001,6000,0,2000,0.19999999999999998,0,0.19999999999999998
18,96,0,3000000,160.70795531024592,0,6000000000,288001,294001,285001,9000,0,6000,0.6,0,0.6
18,97,1,7000000,174.52361731295852,1443367.0241029751,10000000000,292851,294851,288001,6850,4850,2000,0,1.4549313964721549,1.4549313964721549
18,98,1,9000000,178.13700710408267,1330812.6042467426,3000000000,297764,298364,291001,7363,6763,600,0,2.0288356086980674,2.0288356086980674
18,99,0,4000000,190.96147517234988,0,5000000000,294001,299001,294001,5000,0,5000,0.49999999999999994,0,0.49999999999999994
18,100,0,6000000,212.03324739295013,0,3000000000,299001,302001,297001,5000,0,3000,0.3,0,0.3
18,102,0,9000000,234.70442049522632,0,10000000000,303001,313001,303001,10000,0,10000,0.9999999999999999,0,0.9999999999999999
18,103,0,2000000,215.35240792709982,0,2000000000,313001,315001,306001,9000,0,2000,0.19999999999999998,0,0.19999999999999998
18,105,0,7000000,191.34515097070005,0,7000000000,315001,322001,312001,10000,0,7000,0.7,0,0.7
18,104,1,10000000,199.85088366079344,842910.8391187378,7000000000,320865,322265,309001,13264,11864,1400,0,3.5590952930875774,3.5590952930875774
18,101,1,10000000,234.74921810306418,444009.1412467643,6000000000,322523,323723,300001,23722,22522,1200,0,6.756617648853108,6.756617648853108
18,108,0,5000000,209.66687506613914,0,3000000000,322001,325001,321001,4000,0,3000,0.3,0,0.3
18,107,1,6000000,224.26981294859993,532669.7688321605,10000000000,330687,332687,318001,14686,11264,2000,0,3.3792043500917432,3.3792043500917432
18,109,0,4000000,198.69741467870185,0,8000000000,325001,333001,324001,9000,0,8000,0.7999999999999999,0,0.7999999999999999
18,110,0,9000000,191.99729294966636,0,3000000000,333001,336001,327001,9000,0,3000,0.3,0,0.3
18,106,1,9000000,235.12482897388782,441187.36009128805,5000000000,336253,337253,315001,22252,20399,1000,0,6.119848944542135,6.119848944542135
18,111,0,7000000,190.11203670467577,0,6000000000,336001,342001,330001,12000,0,6000,0.6,0,0.6
18,112,1,10000000,190.10744146403104,1028136.2524677092,5000000000,342727,343727,333001,10726,9726,1000,0,2.9179011952933944,2.9179011952933944
18,113,1,7000000,190.10744146403104,1028136.2524677092,7000000000,343727,345127,336001,9126,6808,1400,0,2.0425308367053763,2.0425308367053763
18,114,0,4000000,190.10744146403104,0,8000000000,342001,350001,339001,11000,0,8000,0.7999999999999999,0,0.7999999999999999
18,116,1,5000000,190.06084131140744,1029137.7980951177,8000000000,349859,351459,345001,6458,4858,1600,0,1.4575307629128234,1.4575307629128234
18,117,1,7000000,185.90951374257315,1123448.193608569,4000000000,354232,355032,348001,7031,6231,800,0,1.8692450724004461,1.8692450724004461
18,115,0,8000000,190.10744146403104,0,10000000000,350001,360001,342001,18000,0,10000,0.9999999999999999,0,0.9999999999999999
18,120,1,10000000,124.8652601807244,5359755.046662211,6000000000,358867,360067,357001,3066,1866,1200,0,0.559727072204214,0.559727072204214
18,118,0,8000000,163.34435190725145,0,8000000000,360001,368001,351001,17000,0,8000,0.7999999999999999,0,0.7999999999999999
18,119,0,2000000,142.12550228583186,0,2000000000,368001,370001,354001,16000,0,2000,0.19999999999999998,0,0.19999999999999998
18,125,1,6000000,145.43213193789055,2961814.64185957,10000000000,374366,376366,372001,4365,2026,2000,0,0.6077355329940138,0.6077355329940138
18,126,1,3000000,163.3877571912902,1873338.484693762,6000000000,377366,378566,375001,3565,1601,1200,0,0.48042572517113724,0.48042572517113724
18,121,0,8000000,113.69611295026758,0,9000000000,370001,379001,360001,19000,0,9000,0.8999999999999999,0,0.8999999999999999
18,127,1,3000000,167.43424799006922,1700743.5182908224,6000000000,379765,380965,378001,2964,1764,1200,0,0.5291803204427104,0.5291803204427104
18,122,0,3000000,110.34803351215645,0,7000000000,379001,386001,363001,23000,0,7000,0.7,0,0.7
18,123,0,2000000,115.35058083945653,0,2000000000,386001,388001,366001,22000,0,2000,0.19999999999999998,0,0.19999999999999998
18,124,0,6000000,127.585176646819,0,4000000000,388001,392001,369001,23000,0,4000,0.39999999999999997,0,0.39999999999999997
18,128,1,8000000,174.51959488836778,1443498.7761527302,8000000000,400112,401712,381001,20711,5542,1600,0,1.6626269724984282,1.6626269724984282
18,129,1,10000000,165.15849962990097,1795257.0028643964,7000000000,404512,405912,384001,21911,5570,1400,0,1.6710699332816379,1.6710699332816379
18,130,1,8000000,161.04937690037795,1983017.1410326203,2000000000,406712,407112,387001,20111,4034,400,0,1.2102769816453747,1.2102769816453747
18,131,1,9000000,162.66884458924514,1906238.779033232,7000000000,408712,410112,390001,20111,4721,1400,0,1.4164017801428486,1.4164017801428486
18,132,1,6000000,169.8679634304244,1606405.4136668802,7000000000,410112,411512,393001,18511,3735,1400,0,1.120514152085188,1.120514152085188
18,133,1,3000000,173.91563155737322,1463451.9418703753,8000000000,412712,414312,396001,18311,2050,1600,0,0.614984321828668,0.614984321828668
18,134,1,4000000,173.91563155737322,1463451.9418703753,8000000000,419912,421512,399001,22511,2733,1600,0,0.8199790957715574,0.8199790957715574
18,135,1,5000000,173.91563155737322,1463451.9418703753,3000000000,423912,424512,402001,22511,3417,600,0,1.0249738697144466,1.0249738697144466
18,136,1,6000000,173.91563155737322,1463451.9418703753,2000000000,424512,424912,405001,19911,4100,400,0,1.229968643657336,1.229968643657336
18,142,0,8000000,196.86888149222568,0,3000000000,423001,426001,423001,3000,0,3000,0.3,0,0.3
18,137,1,7000000,173.91563155737322,1463451.9418703753,10000000000,426112,428112,408001,20111,4783,2000,0,1.4349634176002253,1.4349634176002253
18,138,1,5000000,173.91563155737322,1463451.9418703753,8000000000,428112,429712,411001,18711,3417,1600,0,1.0249738697144466,1.0249738697144466
18,143,1,4000000,176.4868904479877,1380806.2330611823,5000000000,434794,435794,426001,9793,2897,1000,0,0.8690574906659109,0.8690574906659109
18,144,0,2000000,159.2002242460732,0,7000000000,429001,436001,429001,7000,0,7000,0.7,0,0.7
18,139,1,9000000,175.36583988907304,1416106.5699534935,7000000000,434912,436312,414001,22311,6355,1400,0,1.9066361651642298,1.9066361651642298
18,140,1,9000000,183.33951810779914,1187251.1238772795,5000000000,437712,438712,417001,21711,7581,1000,0,2.2741608289090878,2.2741608289090878
18,141,1,10000000,199.18304395705977,854205.5770319839,3000000000,441912,442512,420001,22511,11707,600,0,3.5120351361129916,3.5120351361129916
18,145,1,6000000,149.85363125396728,2633450.3669000254,9000000000,445594,447394,432001,15393,2278,1800,0,0.6835139263015144,0.6835139263015144
18,149,0,5000000,149.80448925182446,0,7000000000,444001,451001,444001,7000,0,7000,0.7,0,0.7
18,146,1,7000000,149.80448925182446,2636845.1596287237,6000000000,450194,451394,435001,16393,2655,1200,0,0.7964062631177352,0.7964062631177352
18,150,0,9000000,149.80448925182446,0,3000000000,451001,454001,447001,7000,0,3000,0.3,0,0.3
18,147,1,4000000,149.80448925182446,2636845.1596287237,10000000000,452794,454794,438001,16793,1517,2000,0,0.4550892932101344,0.4550892932101344
18,151,0,2000000,149.80448925182446,0,2000000000,454001,456001,450001,6000,0,2000,0.19999999999999998,0,0.19999999999999998
18,148,1,6000000,149.80448925182446,2636845.1596287237,2000000000,460994,461394,441001,20393,2275,400,0,0.6826339398152017,0.6826339398152017
18,155,0,6000000,142.38742992272878,0,3000000000,462001,465001,462001,3000,0,3000,0.3,0,0.3
18,152,1,8000000,148.16341822460765,2753385.2413213234,8000000000,469994,471594,453001,18593,2906,1600,0,0.8716542690728823,0.8716542690728823
18,158,1,3000000,148.177169968926,2752382.5116329775,7000000000,472091,473491,471001,2490,1090,1400,0,0.3269894341342961,0.3269894341342961
18,159,1,7000000,126.08174649805582,5162999.420031813,5000000000,475357,476357,474001,2356,1356,1000,0,0.40674031297626223,0.40674031297626223
18,153,1,4000000,142.05147588110444,3247507.5304202116,9000000000,474794,476594,456001,20593,1232,1800,0,0.3695141547045854,0.3695141547045854
18,160,1,3000000,108.30057432904037,9216837.799533961,7000000000,477326,478726,477001,1725,325,1400,0,0.09764737316365787,0.09764737316365787
18,154,1,5000000,138.74586300138827,3560439.175842197,7000000000,481394,482794,459001,23793,1404,1400,0,0.4212963418045712,0.4212963418045712
18,161,1,10000000,97.18166750987551,13763173.85104119,5000000000,482427,483427,480001,3426,727,1000,0,0.21797297865078183,0.21797297865078183
18,162,1,8000000,95.01892864056084,14933938.22002774,10000000000,485227,487227,483001,4226,536,2000,0,0.16070777611637543,0.16070777611637543
18,163,1,8000000,102.23089797121027,11427783.227762254,10000000000,490827,492827,486001,6826,700,2000,0,0.2100144841888079,0.2100144841888079
18,156,1,2000000,152.42999999999998,2462800.0679973024,7000000000,494794,496194,465001,31193,812,1400,0,0.24362513538823616,0.24362513538823616
18,164,1,7000000,117.27966788834281,6816682.444341131,10000000000,494827,496827,489001,7826,1027,2000,0,0.3080677466123298,0.3080677466123298
18,165,0,10000000,133.5551159634104,0,8000000000,492001,500001,492001,8000,0,8000,0.7999999999999999,0,0.7999999999999999
18,166,1,4000000,150.06334962275105,2619023.3507584054,6000000000,504827,506027,495001,11026,1527,1200,0,0.4581860637678199,0.4581860637678199
18,157,1,7000000,167.37393644172917,1703167.4992890523,5000000000,509594,510594,468001,42593,4110,1000,0,1.2329967550910854,1.2329967550910854
18,167,1,3000000,165.5777913851976,1777362.8278574867,8000000000,510627,512227,498001,14226,1688,1600,0,0.5063681910602916,0.5063681910602916
18,170,0,4000000,180.2808190019116,0,6000000000,507001,513001,507001,6000,0,6000,0.6,0,0.6
18,168,1,5000000,158.66260208379288,2103296.9222384123,4000000000,513227,514027,501001,13026,2377,800,0,0.7131660699639308,0.7131660699639308
18,169,1,9000000,167.3209281590322,1705301.4963455677,7000000000,519227,520627,504001,16626,5278,1400,0,1.5832977369609154,1.5832977369609154
18,172,1,2000000,159.2530922776697,2072716.3878684416,8000000000,524227,525827,513001,12826,965,1600,0,0.2894752043800036,0.2894752043800036
18,173,0,5000000,164.84201193870447,0,10000000000,516001,526001,516001,10000,0,10000,0.9999999999999999,0,0.9999999999999999
18,171,1,9000000,195.47387856181706,920485.6235580894,7000000000,525827,527227,510001,17226,9777,1400,0,2.9332342960048527,2.9332342960048527
18,174,0,7000000,178.67933568266932,0,5000000000,526001,531001,519001,12000,0,5000,0.49999999999999994,0,0.49999999999999994
18,176,1,4000000,188.5553799285505,1062157.12562526,10000000000,529027,531027,525001,6026,3766,2000,0,1.1297763495147632,1.1297763495147632
18,178,1,7000000,155.45729317082552,2279405.7828123383,10000000000,534072,536072,531001,5071,3071,2000,0,0.9212927403426225,0.9212927403426225
18,179,1,6000000,147.51563510353742,2801135.118574587,9000000000,536672,538472,534001,4471,2142,1800,0,0.6425966345086436,0.6425966345086436
18,175,0,2000000,195.1944274307031,0,9000000000,531001,540001,522001,18000,0,9000,0.8999999999999999,0,0.8999999999999999
18,177,0,3000000,170.66946768534788,0,5000000000,540001,545001,528001,17000,0,5000,0.49999999999999994,0,0.49999999999999994
18,180,0,10000000,171.93146454328826,0,9000000000,545001,554001,537001,17000,0,9000,0.8999999999999999,0,0.8999999999999999
18,182,0,2000000,124.87716564688677,0,10000000000,554001,564001,543001,21000,0,10000,0.9999999999999999,0,0.9999999999999999
18,185,0,10000000,70.45905051872329,0,5000000000,564001,569001,552001,17000,0,5000,0.49999999999999994,0,0.49999999999999994
18,187,0,7000000,77.87596548358168,0,6000000000,569001,575001,558001,17000,0,6000,0.6,0,0.6
18,188,0,4000000,89.42795647894451,0,2000000000,575001,577001,561001,16000,0,2000,0.19999999999999998,0,0.19999999999999998
18,189,0,7000000,97.00091752143375,0,5000000000,577001,582001,564001,18000,0,5000,0.49999999999999994,0,0.49999999999999994
18,191,0,6000000,128.62869431040644,0,5000000000,582001,587001,570001,17000,0,5000,0.49999999999999994,0,0.49999999999999994
18,181,1,5000000,149.98161554003877,2624634.3787912284,10000000000,587994,589994,540001,49993,1905,2000,0,0.571508173527325,0.571508173527325
18,193,0,6000000,130.28209585357462,0,6000000000,587001,593001,576001,17000,0,6000,0.6,0,0.6
18,194,0,9000000,132.43075360353424,0,2000000000,593001,595001,579001,16000,0,2000,0.19999999999999998,0,0.19999999999999998
18,183,1,6000000,100.80122320686392,12037653.763368942,4000000000,594394,595194,546001,49193,498,800,0,0.14953080021934767,0.14953080021934767
18,184,1,9000000,80.53452986142028,26589953.08154415,10000000000,595794,597794,549001,48793,338,2000,0,0.10154211223012823,0.10154211223012823
18,196,0,5000000,171.29054848414725,0,4000000000,595001,599001,585001,14000,0,4000,0.39999999999999997,0,0.39999999999999997
18,186,1,6000000,69.09480515928821,43302221.153066725,7000000000,598994,600394,555001,45393,139,1400,0,0.04156830647641089,0.04156830647641089
18,200,1,6000000,156.87208323981676,2199506.0579520892,4000000000,599729,600529,597001,3528,2728,800,0,0.8183655568905046,0.8183655568905046
18,201,1,9000000,130.54503054501922,4512826.685035773,10000000000,601995,603995,600001,3994,1994,2000,0,0.5982946362538178,0.5982946362538178
18,190,1,6000000,117.62677331288143,6740204.363020599,3000000000,606594,607194,567001,40193,890,600,0,0.26705421720971917,0.26705421720971917
18,198,0,9000000,212.16439027320303,0,9000000000,599001,608001,591001,17000,0,9000,0.8999999999999999,0,0.8999999999999999
18,204,1,4000000,156.32618718564078,2229917.825606774,6000000000,610890,612090,609001,3089,1794,1200,0,0.5381364219883182,0.5381364219883182
18,192,1,8000000,130.1886085646513,4560913.310771292,6000000000,611194,612394,573001,39393,1754,1200,0,0.5262103961353605,0.5262103961353605
18,199,0,6000000,184.23960621972682,0,7000000000,608001,615001,594001,21000,0,7000,0.7,0,0.7
18,195,1,9000000,147.4320521460649,2807370.5345790912,6000000000,614394,615594,582001,33593,3206,1200,0,0.9617540565961702,0.9617540565961702
18,197,1,6000000,198.04768971134203,873843.192604382,9000000000,619594,621394,588001,33393,6866,1800,0,2.059866135290614,2.059866135290614
18,202,0,4000000,117.84851505216345,0,8000000000,615001,623001,603001,20000,0,8000,0.7999999999999999,0,0.7999999999999999
18,205,1,10000000,178.9138932559459,1308054.8712228509,10000000000,621566,623566,612001,11565,7645,2000,0,2.2934817689990434,2.2934817689990434
18,208,1,6000000,160.72133181379496,1999033.7980390002,9000000000,624002,625802,621001,4801,3001,1800,0,0.9004350010318749,0.9004350010318749
18,203,0,9000000,135.39678725878244,0,5000000000,623001,628001,606001,22000,0,5000,0.49999999999999994,0,0.49999999999999994
18,210,1,10000000,141.84760061418024,3265800.9348206604,7000000000,631029,632429,627001,5428,3062,1400,0,0.9186107971289265,0.9186107971289265
18,211,1,6000000,137.16456867573348,3723246.16702632,5000000000,632429,633429,630001,3428,1611,1000,0,0.4834490977097071,0.4834490977097071
18,206,0,7000000,177.10325575776412,0,9000000000,628001,637001,615001,22000,0,9000,0.8999999999999999,0,0.8999999999999999
18,213,1,10000000,142.66024113255943,3193631.0650234874,10000000000,639132,641132,636001,5131,3131,2000,0,0.9393696200089839,0.9393696200089839
18,207,0,7000000,160.96026745753122,0,6000000000,637001,643001,618001,25000,0,6000,0.6,0,0.6
18,209,0,7000000,151.30438724637168,0,2000000000,643001,645001,624001,21000,0,2000,0.19999999999999998,0,0.19999999999999998
18,215,1,4000000,148.6544321572687,2717860.136234009,9000000000,644099,645899,642001,3898,1472,1800,0,0.4415238238354585,0.4415238238354585
18,212,0,9000000,151.28673173811376,0,4000000000,645001,649001,633001,16000,0,4000,0.39999999999999997,0,0.39999999999999997
18,216,1,9000000,158.4338555991111,2115293.4390859534,9000000000,649256,651056,645001,6055,4255,1800,0,1.276418651951526,1.276418651951526
18,218,1,3000000,105.29743824044346,10239660.835203456,7000000000,652456,653856,651001,2855,293,1400,0,0.08789353617122198,0.08789353617122198
18,214,0,8000000,137.49676359827527,0,6000000000,649001,655001,639001,16000,0,6000,0.6,0,0.6
18,219,1,7000000,79.21061797511747,28098604.005767602,6000000000,655456,656656,654001,2655,249,1200,0,0.07473680897346173,0.07473680897346173
18,220,1,5000000,65.75388201467646,50109347.60416671,3000000000,658228,658828,657001,1827,100,600,0,0.029934534607177196,0.029934534607177196
18,217,0,7000000,131.86129227335826,0,4000000000,655001,659001,648001,11000,0,4000,0.39999999999999997,0,0.39999999999999997
18,221,0,10000000,79.86203415891686,0,4000000000,660001,664001,660001,4000,0,4000,0.39999999999999997,0,0.39999999999999997
18,222,1,3000000,103.39172355657873,10959569.551041799,7000000000,666370,667770,663001,4769,274,1400,0,0.08212001354692325,0.08212001354692325
18,223,0,9000000,131.10497320849427,0,4000000000,666001,670001,666001,4000,0,4000,0.39999999999999997,0,0.39999999999999997
18,224,1,7000000,160.89744466584918,1990415.3102527075,4000000000,680970,681770,669001,12769,3517,800,0,1.0550561931385964,1.0550561931385964
18,225,1,2000000,178.55904485631635,1318389.1111872597,10000000000,684170,686170,672001,14169,1517,2000,0,0.45510084610732043,0.45510084610732043
18,228,0,7000000,169.40093417688107,0,10000000000,681001,691001,681001,10000,0,10000,0.9999999999999999,0,0.9999999999999999
18,226,1,7000000,171.32899812933007,1552884.941574872,10000000000,694170,696170,675001,21169,4508,2000,0,1.3523216973630168,1.3523216973630168
18,227,1,9000000,167.63401355333588,1692745.26230438,7000000000,696170,697570,678001,19569,5317,1400,0,1.595042124840696,1.595042124840696
18,229,1,3000000,169.60361434827973,1616332.3767405779,7000000000,699970,701370,684001,17369,1856,1400,0,0.5568161678570709,0.5568161678570709
18,234,0,4000000,182.6415812458926,0,5000000000,699001,704001,699001,5000,0,5000,0.49999999999999994,0,0.49999999999999994
18,231,1,3000000,169.60361434827973,1616332.3767405779,9000000000,702970,704770,690001,14769,1856,1800,0,0.5568161678570709,0.5568161678570709
18,230,1,10000000,169.60361434827973,1616332.3767405779,6000000000,706170,707370,687001,20369,6187,1200,0,1.856053892856903,1.856053892856903
18,232,1,3000000,169.78807054678487,1609397.5873518335,7000000000,707970,709370,693001,16369,1864,1400,0,0.5592154524606289,0.5592154524606289
18,235,0,8000000,198.49279911372096,0,8000000000,704001,712001,702001,10000,0,8000,0.7999999999999999,0,0.7999999999999999
18,233,1,9000000,172.8143772954091,1500724.1459209279,6000000000,714170,715370,696001,19369,5997,1200,0,1.7991314442023119,1.7991314442023119
18,236,0,10000000,218.40849800316835,0,6000000000,712001,718001,705001,13000,0,6000,0.6,0,0.6
18,239,1,4000000,193.93195095187383,949917.0354923245,6000000000,718212,719412,714001,5411,4211,1200,0,1.2632682172902205,1.2632682172902205
18,240,1,9000000,182.5444671853957,1207897.0259807003,3000000000,724452,725052,717001,8051,7451,600,0,2.2352898814432054,2.2352898814432054
18,242,1,2000000,180.44215832227238,1264681.396416823,5000000000,725052,726052,723001,3051,1581,1000,0,0.47442779003467495,0.47442779003467495
18,237,0,9000000,230.69367329859745,0,10000000000,718001,728001,708001,20000,0,10000,0.9999999999999999,0,0.9999999999999999
18,238,0,4000000,211.76866293198339,0,4000000000,728001,732001,711001,21000,0,4000,0.39999999999999997,0,0.39999999999999997
18,244,1,3000000,169.6593369078165,1614233.5347248958,8000000000,730859,732459,729001,3458,1858,1600,0,0.5575401456105802,0.5575401456105802
18,243,1,10000000,174.26676217798968,1451810.229906143,10000000000,732889,734889,726001,8888,6888,2000,0,2.0663857701250286,2.0663857701250286
18,245,1,6000000,171.56193313203252,1544557.965570325,7000000000,735886,737286,732001,5285,3885,1400,0,1.1653819669599472,1.1653819669599472
18,241,0,3000000,181.99081570233153,0,9000000000,732001,741001,720001,21000,0,9000,0.8999999999999999,0,0.8999999999999999
18,246,1,10000000,179.67072605185297,1286348.0024270383,2000000000,742775,743175,735001,8174,7774,400,0,2.332183821438445,2.332183821438445
18,248,1,3000000,210.8517887047677,681059.1805440908,10000000000,745406,747406,741001,6405,4405,2000,0,1.3214710640578984,1.3214710640578984
18,247,1,9000000,193.23708236257343,963562.9372373834,4000000000,747406,748206,738001,10205,9340,800,0,2.8021003046683477,2.8021003046683477
18,249,0,9000000,216.7924855708795,0,5000000000,744001,749001,744001,5000,0,5000,0.49999999999999994,0,0.49999999999999994
18,250,0,9000000,232.350769312262,0,10000000000,749001,759001,747001,12000,0,10000,0.9999999999999999,0,0.9999999999999999
18,251,1,3000000,253.3532494364341,327531.8648469138,10000000000,759160,761160,750001,11159,9159,2000,0,2.747824247331337,2.747824247331337
18,252,0,9000000,232.64780871523374,0,4000000000,759001,763001,753001,10000,0,4000,0.39999999999999997,0,0.39999999999999997
18,253,0,6000000,215.6788761098314,0,7000000000,763001,770001,756001,14000,0,7000,0.7,0,0.7
18,254,0,9000000,214.96132163717266,0,2000000000,770001,772001,759001,13000,0,2000,0.19999999999999998,0,0.19999999999999998
18,259,1,2000000,222.98693167986326,544987.5235021347,3000000000,777671,778271,774001,4270,3670,600,0,1.1009426346943698,1.1009426346943698
18,255,0,9000000,205.30942306674575,0,9000000000,772001,781001,762001,19000,0,9000,0.8999999999999999,0,0.8999999999999999
18,261,1,2000000,192.86509274619917,970968.428210014,7000000000,782061,783461,780001,3460,2060,1400,0,0.6179397625792051,0.6179397625792051
18,256,0,5000000,221.09665035906806,0,3000000000,781001,784001,765001,19000,0,3000,0.3,0,0.3
18,257,0,9000000,241.5636073583933,0,8000000000,784001,792001,768001,24000,0,8000,0.7999999999999999,0,0.7999999999999999
18,263,1,10000000,176.52698943787607,1379563.9493340757,7000000000,793250,794650,786001,8649,7249,1400,0,2.1746001709077127,2.1746001709077127
18,266,1,2000000,182.94408681343054,1197464.3569715659,5000000000,796671,797671,795001,2670,1670,1000,0,0.5010587551160383,0.5010587551160383
18,258,0,7000000,241.34442317981993,0,6000000000,792001,798001,771001,27000,0,6000,0.6,0,0.6
18,268,1,2000000,182.94408681343054,1197464.3569715659,4000000000,802671,803471,801001,2470,1670,800,0,0.5010587551160383,0.5010587551160383
18,260,0,2000000,208.1264396947202,0,10000000000,798001,808001,777001,31000,0,10000,0.9999999999999999,0,0.9999999999999999
18,262,0,5000000,182.06183400152815,0,9000000000,808001,817001,783001,34000,0,9000,0.8999999999999999,0,0.8999999999999999
18,264,0,2000000,176.78332613682775,0,2000000000,817001,819001,789001,30000,0,2000,0.19999999999999998,0,0.19999999999999998
18,265,0,10000000,182.08125136872277,0,8000000000,819001,827001,792001,35000,0,8000,0.7999999999999999,0,0.7999999999999999
18,267,0,4000000,182.94408681343054,0,5000000000,827001,832001,798001,34000,0,5000,0.49999999999999994,0,0.49999999999999994
18,273,1,2000000,233.53499031194445,453286.4468040918,6000000000,831170,832370,816001,16369,4412,1200,0,1.3236663134984865,1.3236663134984865
18,272,1,8000000,230.57845736321514,476907.85048504866,10000000000,831853,833853,813001,20852,16775,2000,0,5.032418731541181,5.032418731541181
18,274,1,5000000,213.7116679079549,645488.2159185458,10000000000,835570,837570,819001,18569,7746,2000,0,2.323822438594735,2.323822438594735
18,269,0,10000000,185.76227092711804,0,7000000000,832001,839001,804001,35000,0,7000,0.7,0,0.7
18,278,1,4000000,187.15923087040085,1093965.139937881,4000000000,844970,845770,831001,14769,3656,800,0,1.0969270922729222,1.0969270922729222
18,277,1,9000000,189.1017191883776,1050023.902727398,10000000000,845770,847770,828001,19769,8571,2000,0,2.5713700354695264,2.5713700354695264
18,270,0,8000000,195.66407258359925,0,9000000000,839001,848001,807001,41000,0,9000,0.8999999999999999,0,0.8999999999999999
18,271,0,3000000,211.40174313377835,0,5000000000,848001,853001,810001,43000,0,5000,0.49999999999999994,0,0.49999999999999994
18,284,1,9000000,139.3840683148544,3497220.8043775777,10000000000,851574,853574,849001,4573,2573,2000,0,0.7720416156224188,0.7720416156224188
18,279,1,10000000,196.56898280247572,900270.3596858792,3000000000,853970,854570,834001,20569,11108,600,0,3.3323323018729116,3.3323323018729116
18,285,1,7000000,140.13645136080763,3424458.625863189,3000000000,854045,854645,852001,2644,2044,600,0,0.6132356174899505,0.6132356174899505
18,286,1,8000000,148.3086824835283,2742815.8321337327,6000000000,858534,859734,855001,4733,2917,1200,0,0.8750131787495756,0.8750131787495756
18,275,0,7000000,197.28965761032683,0,9000000000,853001,862001,822001,40000,0,9000,0.8999999999999999,0,0.8999999999999999
18,287,1,7000000,156.80328599873152,2203310.325253817,5000000000,862887,863887,858001,5886,3177,1000,0,0.9531113143392927,0.9531113143392927
18,276,0,4000000,189.4850519170312,0,4000000000,862001,866001,825001,41000,0,4000,0.39999999999999997,0,0.39999999999999997
18,288,1,7000000,150.18354437154554,2610798.923265966,3000000000,865487,866087,861001,5086,2681,600,0,0.8043514884604807,0.8043514884604807
18,290,1,10000000,142.83597200985474,3178284.133774084,8000000000,870147,871747,867001,4746,3146,1600,0,0.9439055395080808,0.9439055395080808
18,292,1,3000000,147.53705737881586,2799539.7399449265,4000000000,874073,874873,873001,1872,1072,800,0,0.32148141609081254,0.32148141609081254
18,280,0,7000000,198.88824123109944,0,10000000000,866001,876001,837001,39000,0,10000,0.9999999999999999,0,0.9999999999999999
18,293,1,3000000,142.04224723651768,3248332.8669892084,9000000000,876925,878725,876001,2724,924,1800,0,0.2770652013979668,0.2770652013979668
18,281,0,4000000,177.31628971981115,0,5000000000,876001,881001,840001,41000,0,5000,0.49999999999999994,0,0.49999999999999994
18,294,1,6000000,144.47451159287579,3039478.022558797,3000000000,881925,882525,879001,3524,1974,600,0,0.5922069469298753,0.5922069469298753
18,295,1,6000000,145.34274835711616,2968959.2086826353,9000000000,884525,886325,882001,4324,2021,1800,0,0.6062730652330797,0.6062730652330797
18,282,0,4000000,159.10886336090766,0,8000000000,881001,889001,843001,46000,0,8000,0.7999999999999999,0,0.7999999999999999
18,283,0,8000000,146.01677985765883,0,6000000000,889001,895001,846001,49000,0,6000,0.6,0,0.6
18,298,1,5000000,145.34274835711616,2968959.2086826353,7000000000,894725,896125,891001,5124,1684,1400,0,0.5052275543608997,0.5052275543608997
18,289,0,6000000,142.9653122264279,0,2000000000,895001,897001,864001,33000,0,2000,0.19999999999999998,0,0.19999999999999998
18,299,1,2000000,145.34274835711616,2968959.2086826353,7000000000,897125,898525,894001,4524,674,1400,0,0.2020910217443599,0.2020910217443599
18,300,1,7000000,145.34274835711616,2968959.2086826353,10000000000,899359,901359,897001,4358,2358,2000,0,0.7073185761052596,0.7073185761052596
18,291,0,5000000,153.72898360426376,0,7000000000,897001,904001,870001,34000,0,7000,0.7,0,0.7
18,301,1,8000000,145.19882781896004,2980507.7722791242,8000000000,902685,904285,900001,4284,2684,1600,0,0.8052319213262029,0.8052319213262029
18,302,1,3000000,122.43882145790197,5780328.764368609,4000000000,904285,905085,903001,2084,519,800,0,0.15570048637161002,0.15570048637161002
18,303,1,10000000,99.444660490144,12652478.474698491,6000000000,908943,910143,906001,4142,790,1200,0,0.23710769443308538,0.23710769443308538
18,296,0,4000000,145.34274835711616,0,7000000000,904001,911001,885001,26000,0,7000,0.7,0,0.7
18,304,1,3000000,79.83634072275608,27373911.522579007,2000000000,912143,912543,909001,3542,110,400,0,0.032878019615780775,0.032878019615780775
18,305,1,2000000,77.85218943613597,29746942.295756713,4000000000,913943,914743,912001,2742,67,800,0,0.020170140313399126,0.020170140313399126
18,297,0,2000000,145.34274835711616,0,5000000000,911001,916001,888001,28000,0,5000,0.49999999999999994,0,0.49999999999999994
18,306,1,5000000,69.31576444070998,42887869.89290265,2000000000,916743,917143,915001,2142,117,400,0,0.034974924232556236,0.034974924232556236
18,309,1,2000000,84.03683954076335,23021054.586418,5000000000,925894,926894,924001,2893,87,1000,0,0.026063097924019042,0.026063097924019042
18,307,0,10000000,65.34433257750815,0,10000000000,918001,928001,918001,10000,0,10000,0.9999999999999999,0,0.9999999999999999
18,310,1,10000000,101.99675485033832,11525096.533502087,2000000000,930894,931294,927001,4293,868,400,0,0.2603015073478436,0.2603015073478436
18,311,1,2000000,125.33486067331788,5282732.601447288,10000000000,934094,936094,930001,6093,379,2000,0,0.11357758290389722,0.11357758290389722
18,308,0,3000000,73.18027739767042,0,9000000000,928001,937001,921001,16000,0,9000,0.8999999999999999,0,0.8999999999999999
18,312,1,7000000,150.39338948238384,2596516.5010808073,4000000000,937494,938294,933001,5293,2696,800,0,0.808775911543743,0.808775911543743
18,313,0,8000000,173.48385285092095,0,10000000000,937001,947001,936001,11000,0,10000,0.9999999999999999,0,0.9999999999999999
18,316,1,4000000,189.23283568133732,1047137.7438169628,9000000000,953496,955296,945001,10295,3820,1800,0,1.145981039348112,1.145981039348112
18,314,0,9000000,200.21347532071866,0,10000000000,947001,957001,939001,18000,0,10000,0.9999999999999999,0,0.9999999999999999
18,318,1,3000000,223.03677387372693,544502.3650929087,9000000000,959896,961696,951001,10695,5510,1800,0,1.652885382502301,1.652885382502301
18,315,0,8000000,208.76807514560267,0,8000000000,957001,965001,942001,23000,0,8000,0.7999999999999999,0,0.7999999999999999
18,319,1,5000000,238.36499344492682,417751.2449572914,5000000000,965970,966970,954001,12969,11969,1000,0,3.5906535722074313,3.5906535722074313
18,321,1,6000000,199.24517685504958,853146.8418503111,3000000000,967034,967634,960001,7633,7033,600,0,2.1098360935101708,2.1098360935101708
18,322,1,6000000,179.62572226716307,1287626.1817921114,7000000000,967661,969061,963001,6060,4660,1400,0,1.3979212487701744,1.3979212487701744
18,323,1,5000000,164.04573081918352,1843842.1714730528,5000000000,969061,970061,966001,4060,2712,1000,0,0.8135186531728169,0.8135186531728169
18,317,0,7000000,202.64013916300001,0,7000000000,965001,972001,948001,24000,0,7000,0.7,0,0.7
18,324,1,10000000,150.61398773022378,2581606.227624363,7000000000,972875,974275,969001,5274,3874,1400,0,1.1620672308187954,1.1620672308187954
18,325,1,4000000,141.27968466839098,3317433.3501585536,5000000000,974275,975275,972001,3274,1206,1000,0,0.3617254284679592,0.3617254284679592
18,320,0,7000000,219.45418701861215,0,5000000000,972001,977001,957001,20000,0,5000,0.49999999999999994,0,0.49999999999999994
18,326,1,3000000,137.42631662094422,3695673.5952280406,10000000000,975813,977813,975001,2812,812,2000,0,0.24352800018976398,0.24352800018976398
18,327,1,5000000,137.94284214847832,3641996.3612347553,5000000000,979374,980374,978001,2373,1373,1000,0,0.41186202599374677,0.41186202599374677
18,328,1,8000000,139.35809484920492,3499766.516816261,7000000000,983287,984687,981001,3686,2286,1400,0,0.6857600324101851,0.6857600324101851
18,329,1,10000000,150.14050819149375,2613740.035093268,10000000000,987827,989827,984001,5826,3826,2000,0,1.147780559550923,1.147780559550923
18,330,1,6000000,160.86577044231626,1991961.9589110396,2000000000,990013,990413,987001,3412,3012,400,0,0.9036317144249176,0.9036317144249176
18,331,0,4000000,135.42580588647053,0,5000000000,990001,995001,990001,5000,0,5000,0.49999999999999994,0,0.49999999999999994
18,332,0,7000000,110.08037518104668,0,2000000000,995001,997001,993001,4000,0,2000,0.19999999999999998,0,0.19999999999999998
18,333,1,3000000,84.9217663499765,22207724.89906682,8000000000,996136,997736,996001,1735,135,1600,0,0.04052643861946518,0.04052643861946518
19,1,0,9000000,134.86838102387085,0,3000000000,1,3001,1,3000,0,3000,0.3,0,0.3
19,2,0,10000000,142.22032379375318,0,3000000000,3001,6001,3001,3000,0,3000,0.3,0,0.3
19,3,0,8000000,163.19988756123578,0,2000000000,6001,8001,6001,2000,0,2000,0.19999999999999998,0,0.19999999999999998
19,4,1,9000000,170.350688874451,1588472.4443244159,5000000000,16186,17186,9001,8185,5666,1000,0,1.6997461993420488,1.6997461993420488
19,6,1,2000000,165.65498845492098,1774092.4402695557,8000000000,18386,19986,15001,4985,1127,1600,0,0.3382010916572284,0.3382010916572284
19,5,0,3000000,174.0563371440408,0,8000000000,12001,20001,12001,8000,0,8000,0.7999999999999999,0,0.7999999999999999
19,7,1,3000000,160.91089956867435,1989758.7594564264,3000000000,27386,27986,18001,9985,1508,600,0,0.45231613919160085,0.45231613919160085
19,8,0,10000000,165.3338446900694,0,9000000000,21001,30001,21001,9000,0,9000,0.8999999999999999,0,0.8999999999999999
19,9,0,9000000,173.58083995648826,0,3000000000,30001,33001,24001,9000,0,3000,0.3,0,0.3
19,13,0,8000000,205.21116953031574,0,2000000000,36001,38001,36001,2000,0,2000,0.19999999999999998,0,0.19999999999999998
19,10,1,6000000,173.91563155737322,1463451.9418703753,7000000000,40386,41786,27001,14785,4100,1400,0,1.229968643657336,1.229968643657336
19,11,1,2000000,177.097679544369,1362033.3815201754,4000000000,41786,42586,30001,12585,1468,800,0,0.44051783762475455,0.44051783762475455
19,14,1,3000000,178.63714423377908,1316105.9385200576,8000000000,41280,42880,39001,3879,2279,1600,0,0.6838355284773179,0.6838355284773179
19,15,0,8000000,156.92357694113397,0,7000000000,42001,49001,42001,7000,0,7000,0.7,0,0.7
19,17,1,5000000,145.09770501286366,2988655.3206057274,10000000000,49674,51674,48001,3673,1673,2000,0,0.5018979571374549,0.5018979571374549
19,19,1,4000000,98.46870822753793,13117940.296167275,4000000000,54306,55106,54001,1105,305,800,0,0.091477775695519,0.091477775695519
19,20,1,2000000,79.48035480544864,27783598.125473246,4000000000,57073,57873,57001,872,72,800,0,0.021595475045757057,0.021595475045757057
19,12,1,9000000,188.2969253599219,1067957.7247620467,9000000000,56586,58386,33001,25385,8427,1800,0,2.528189962389748,2.528189962389748
19,16,0,7000000,149.80448925182446,0,10000000000,49001,59001,45001,14000,0,10000,0.9999999999999999,0,0.9999999999999999
19,18,0,9000000,123.46325323755244,0,2000000000,59001,61001,51001,10000,0,2000,0.19999999999999998,0,0.19999999999999998
19,21,1,10000000,77.09209168261035,30716078.103496015,3000000000,60711,61311,60001,1310,326,600,0,0.09766871896508651,0.09766871896508651
19,22,1,8000000,67.3209625599634,46786233.64214115,5000000000,63172,64172,63001,1171,171,1000,0,0.05129714048703163,0.05129714048703163
19,23,1,9000000,66.68634417929951,48103345.34418662,5000000000,67601,68601,66001,2600,187,1000,0,0.056129152363127696,0.056129152363127696
19,24,0,6000000,78.71095603535758,0,8000000000,69001,77001,69001,8000,0,8000,0.7999999999999999,0,0.7999999999999999
19,25,0,6000000,91.91036611830029,0,3000000000,77001,80001,72001,8000,0,3000,0.3,0,0.3
19,26,1,10000000,114.6840289665479,7423284.683482284,4000000000,82704,83504,75001,8503,1347,800,0,0.40413376664313666,0.40413376664313666
19,27,0,4000000,141.3024037304391,0,7000000000,80001,87001,78001,9000,0,7000,0.7,0,0.7
19,29,0,8000000,193.35763548409466,0,3000000000,87001,90001,84001,6000,0,3000,0.3,0,0.3
19,30,1,2000000,213.2837351979752,650660.8964207426,2000000000,90075,90475,87001,3474,3074,400,0,0.9221393252623202,0.9221393252623202
19,28,1,2000000,164.68839060480252,1815586.521309407,10000000000,92104,94104,81001,13103,1102,2000,0,0.3304717197213372,0.3304717197213372
19,31,0,6000000,188.81992400167945,0,6000000000,90001,96001,90001,6000,0,6000,0.6,0,0.6
19,33,1,2000000,121.98736000094439,5862969.735444781,3000000000,96342,96942,96001,941,341,600,0,0.10233721596287283,0.10233721596287283
19,34,1,3000000,99.08699864260701,12820747.60045071,5000000000,99235,100235,99001,1234,234,1000,0,0.07019871446251393,0.07019871446251393
19,32,0,8000000,155.84786331547826,0,7000000000,96001,103001,93001,10000,0,7000,0.7,0,0.7
19,35,1,7000000,86.22376528544781,21070148.996574674,7000000000,102333,103733,102001,1732,332,1400,0,0.09966706929036867,0.09966706929036867
19,36,1,4000000,68.42726064953936,44580035.059617154,5000000000,105091,106091,105001,1090,90,1000,0,0.026917879234397923,0.026917879234397923
19,39,1,5000000,116.89011805965465,6903772.347233478,10000000000,114725,116725,114001,2724,724,2000,0,0.21727251777082268,0.21727251777082268
19,37,0,10000000,68.26203190647047,0,9000000000,108001,117001,108001,9000,0,9000,0.8999999999999999,0,0.8999999999999999
19,40,1,4000000,77.18512356665634,30595598.689419646,4000000000,117132,117932,117001,931,131,800,0,0.03922132762236078,0.03922132762236078
19,41,1,9000000,93.59637279296673,15768078.939313041,5000000000,120786,121786,120001,1785,571,1000,0,0.17123201947374506,0.17123201947374506
19,42,1,9000000,117.30426121842294,6811229.164743611,5000000000,124322,125322,123001,2321,1321,1000,0,0.39640422230627353,0.39640422230627353
19,38,0,3000000,87.47564518195917,0,9000000000,117001,126001,111001,15000,0,9000,0.8999999999999999,0,0.8999999999999999
19,43,1,5000000,116.2599681747763,7047532.961909681,10000000000,128122,130122,126001,4121,709,2000,0,0.212840437654873,0.212840437654873
19,44,1,10000000,96.00544255405522,14385900.480027353,4000000000,130122,130922,129001,1921,695,800,0,0.20853751936940243,0.20853751936940243
19,47,1,2000000,76.7420126136916,31174178.926575147,2000000000,138065,138465,138001,464,64,400,0,0.019246697769111608,0.019246697769111608
19,45,0,5000000,76.38170723412772,0,10000000000,132001,142001,132001,10000,0,10000,0.9999999999999999,0,0.9999999999999999
19,48,1,5000000,95.72977906586854,14536618.259169346,9000000000,142883,144683,141001,3682,344,1800,0,0.10318768597048605,0.10318768597048605
19,46,0,5000000,68.73153933966562,0,4000000000,142001,146001,135001,11000,0,4000,0.39999999999999997,0,0.39999999999999997
19,49,1,2000000,109.83728419803543,8741129.696400205,5000000000,147283,148283,144001,4282,229,1000,0,0.06864101332887139,0.06864101332887139
19,50,1,7000000,129.112571037835,4709948.897296364,3000000000,153483,154083,147001,7082,1486,600,0,0.4458647101681837,0.4458647101681837
19,51,1,4000000,158.5970321285995,2106727.0731988354,5000000000,155283,156283,150001,6282,1899,1000,0,0.56960392034927,0.56960392034927
19,52,0,6000000,184.0875033781489,0,5000000000,153001,158001,153001,5000,0,5000,0.49999999999999994,0,0.49999999999999994
19,53,0,10000000,209.8690496476315,0,4000000000,158001,162001,156001,6000,0,4000,0.39999999999999997,0,0.39999999999999997
19,54,0,10000000,202.7025258846076,0,8000000000,162001,170001,159001,11000,0,8000,0.7999999999999999,0,0.7999999999999999
19,58,0,7000000,109.35348919901915,0,6000000000,171001,177001,171001,6000,0,6000,0.6,0,0.6
19,59,0,7000000,91.17679364838405,0,9000000000,177001,186001,174001,12000,0,9000,0.8999999999999999,0,0.8999999999999999
19,62,0,10000000,69.69971018591113,0,4000000000,186001,190001,183001,7000,0,4000,0.39999999999999997,0,0.39999999999999997
19,55,1,8000000,178.05087475213367,1333365.931861222,8000000000,197904,199504,162001,37503,6000,1600,0,1.7999559930632714,1.7999559930632714
19,57,1,5000000,131.48321870109507,4389193.462446852,9000000000,200504,202304,168001,34303,1139,1800,0,0.3417484357510622,0.3417484357510622
19,56,1,10000000,155.1046163078327,2299880.1075601974,3000000000,202304,202904,165001,37903,4348,600,0,1.3044158215632018,1.3044158215632018
19,66,0,10000000,146.36183792232183,0,8000000000,195001,203001,195001,8000,0,8000,0.7999999999999999,0,0.7999999999999999
19,69,0,5000000,141.95172594935224,0,10000000000,204001,214001,204001,10000,0,10000,0.9999999999999999,0,0.9999999999999999
19,60,1,6000000,79.02527317257436,28317372.617897045,8000000000,213304,214904,177001,37903,212,1600,0,0.06356521928388124,0.06356521928388124
19,72,0,6000000,145.88083081748604,0,3000000000,214001,217001,213001,4000,0,3000,0.3,0,0.3
19,61,1,2000000,69.66309281104307,42245050.66318163,5000000000,216304,217304,180001,37303,47,1000,0,0.014202847211233804,0.014202847211233804
19,63,1,8000000,80.53704302990025,26587177.181789894,10000000000,220504,222504,186001,36503,301,2000,0,0.09026907909741579,0.09026907909741579
19,74,0,9000000,144.0594891008572,0,5000000000,219001,224001,219001,5000,0,5000,0.49999999999999994,0,0.49999999999999994
19,64,1,4000000,97.57926419070803,13559915.907142017,5000000000,223904,224904,189001,35903,295,1000,0,0.08849612403333262,0.08849612403333262
19,65,1,6000000,122.19620493288649,5824562.222764712,4000000000,230704,231504,192001,39503,1030,800,0,0.3090361011107208,0.3090361011107208
19,76,0,9000000,145.34274835711616,0,10000000000,225001,235001,225001,10000,0,10000,0.9999999999999999,0,0.9999999999999999
19,77,0,9000000,145.34274835711616,0,2000000000,235001,237001,228001,9000,0,2000,0.19999999999999998,0,0.19999999999999998
19,67,1,4000000,156.90981486191362,2197423.074652299,7000000000,241904,243304,198001,45303,1820,1400,0,0.5460942018140397,0.5460942018140397
19,80,0,4000000,170.94236338602553,0,7000000000,237001,244001,237001,7000,0,7000,0.7,0,0.7
19,68,1,5000000,146.53573284356276,2875327.406509473,7000000000,244704,246104,201001,45103,1739,1400,0,0.5216797212742242,0.5216797212742242
19,81,0,6000000,197.50697835772792,0,4000000000,244001,248001,240001,8000,0,4000,0.39999999999999997,0,0.39999999999999997
19,70,1,6000000,144.0171882102966,3077453.5865049227,3000000000,253704,254304,207001,47303,1950,600,0,0.584899154253133,0.584899154253133
19,82,0,2000000,213.30400652589722,0,10000000000,248001,258001,243001,15000,0,10000,0.9999999999999999,0,0.9999999999999999
19,83,1,10000000,196.51949343512973,901171.9168702166,7000000000,257339,258739,246001,12738,11097,1400,0,3.3289985449380675,3.3289985449380675
19,71,1,8000000,152.69254238501637,2446188.6075100065,9000000000,259104,260904,210001,50903,3270,1800,0,0.9811181331773832,0.9811181331773832
19,86,1,9000000,172.3767234866703,1515863.6342970335,8000000000,260938,262538,255001,7537,5937,1600,0,1.7811628558871642,1.7811628558871642
19,88,1,3000000,121.72461254816139,5911730.118951805,5000000000,262538,263538,261001,2537,507,1000,0,0.15223969665238657,0.15223969665238657
19,89,1,8000000,99.07617776236629,12825879.753100868,4000000000,266338,267138,264001,3137,624,800,0,0.18712166698894556,0.18712166698894556
19,84,0,2000000,196.51949343512973,0,10000000000,258001,268001,249001,19000,0,10000,0.9999999999999999,0,0.9999999999999999
19,73,1,2000000,141.9939787455792,3252653.834306696,7000000000,266904,268304,216001,52303,615,1400,0,0.18446475726117045,0.18446475726117045
19,85,0,9000000,192.321261435131,0,2000000000,268001,270001,252001,18000,0,2000,0.19999999999999998,0,0.19999999999999998
19,87,0,5000000,146.4377304522301,0,4000000000,270001,274001,258001,16000,0,4000,0.39999999999999997,0,0.39999999999999997
19,91,1,3000000,68.64444988489602,44159961.10946781,5000000000,274738,275738,270001,5737,68,1000,0,0.020380452731128918,0.020380452731128918
19,75,1,3000000,145.34274835711616,2968959.2086826353,10000000000,274904,276904,222001,54903,1010,2000,0,0.30313653261653983,0.30313653261653983
19,92,1,3000000,74.12466863332342,34847934.25502295,9000000000,275738,277538,273001,4537,86,1800,0,0.025826495005805826,0.025826495005805826
19,90,0,4000000,80.27773041136625,0,8000000000,274001,282001,267001,15000,0,8000,0.7999999999999999,0,0.7999999999999999
19,93,1,10000000,91.50956725938549,17092680.10966526,4000000000,282938,283738,276001,7737,585,800,0,0.1755137275577757,0.1755137275577757
19,94,0,8000000,113.60903177124605,0,6000000000,282001,288001,279001,9000,0,6000,0.6,0,0.6
19,78,1,7000000,145.34274835711616,2968959.2086826353,4000000000,289504,290304,231001,59303,2358,800,0,0.7073185761052596,0.7073185761052596
19,96,1,3000000,156.38066280713863,2226859.7034206893,6000000000,292138,293338,285001,8337,1347,1200,0,0.40415657915831243,0.40415657915831243
19,79,1,6000000,149.6127845473107,2650140.2034949157,5000000000,293104,294104,234001,60103,2264,1000,0,0.6792093481040061,0.6792093481040061
19,95,0,6000000,134.831195203484,0,8000000000,288001,296001,282001,14000,0,8000,0.7999999999999999,0,0.7999999999999999
19,99,0,4000000,209.77515772845936,0,5000000000,296001,301001,294001,7000,0,5000,0.49999999999999994,0,0.49999999999999994
19,97,1,7000000,179.828392919472,1281882.4381369716,9000000000,299538,301338,288001,13337,5461,1800,0,1.6382157501525978,1.6382157501525978
19,98,1,2000000,203.27275788949188,787871.1722993833,3000000000,301338,301938,291001,10937,2538,600,0,0.7615458225853273,0.7615458225853273
19,100,0,10000000,200.78849070601632,0,10000000000,301001,311001,297001,14000,0,10000,0.9999999999999999,0,0.9999999999999999
19,102,1,10000000,193.94650241754815,949633.8532390394,2000000000,313738,314138,303001,11137,10530,400,0,3.159112314464686,3.159112314464686
19,101,0,2000000,195.32835790022912,0,4000000000,311001,315001,300001,15000,0,4000,0.39999999999999997,0,0.39999999999999997
19,105,1,2000000,194.76213723411436,933927.6921388176,10000000000,314142,316142,312001,4141,2141,2000,0,0.642448023600115,0.642448023600115
19,103,1,10000000,196.58170845732317,900038.7155881989,9000000000,317112,318912,306001,12911,11111,1800,0,3.333189948433964,3.333189948433964
19,104,0,2000000,203.2574586577329,0,4000000000,315001,319001,309001,10000,0,4000,0.39999999999999997,0,0.39999999999999997
19,106,1,6000000,198.53650067430925,865320.2879308485,10000000000,325112,327112,315001,12111,6934,2000,0,2.0801546261028445,2.0801546261028445
19,108,0,6000000,213.46383042567186,0,7000000000,321001,328001,321001,7000,0,7000,0.7,0,0.7
19,110,0,9000000,193.48949377162575,0,3000000000,328001,331001,327001,4000,0,3000,0.3,0,0.3
19,107,1,7000000,206.13899194475556,745178.0999010584,6000000000,331512,332712,318001,14711,9394,1200,0,2.818118246200243,2.818118246200243
19,111,0,10000000,190.73069705739556,0,5000000000,331001,336001,330001,6000,0,5000,0.49999999999999994,0,0.49999999999999994
19,112,0,2000000,192.33623527562352,0,5000000000,336001,341001,333001,8000,0,5000,0.49999999999999994,0,0.49999999999999994
19,109,1,9000000,200.3426993928154,834711.8420626986,2000000000,342512,342912,324001,18911,10782,400,0,3.234649209394099,3.234649209394099
19,113,0,2000000,198.34194563934275,0,7000000000,341001,348001,336001,12000,0,7000,0.7,0,0.7
19,115,1,2000000,196.45279153017907,902388.8177789657,7000000000,350112,351512,342001,9511,2216,1400,0,0.6649018562494711,0.6649018562494711
19,114,0,5000000,207.83697649840843,0,6000000000,348001,354001,339001,15000,0,6000,0.6,0,0.6
19,116,1,3000000,171.35100174787422,1552095.9739415064,5000000000,354712,355712,345001,10711,1933,1000,0,0.5798610492587478,0.5798610492587478
19,117,0,5000000,147.40617761817174,0,4000000000,354001,358001,348001,10000,0,4000,0.39999999999999997,0,0.39999999999999997
19,120,1,8000000,80.48966703869513,26639560.88844426,9000000000,365512,367312,357001,10311,300,1800,0,0.09009157508452306,0.09009157508452306
19,118,0,7000000,125.46079547013879,0,10000000000,358001,368001,351001,17000,0,10000,0.9999999999999999,0,0.9999999999999999
19,119,0,8000000,102.11556198738761,0,10000000000,368001,378001,354001,24000,0,10000,0.9999999999999999,0,0.9999999999999999
19,121,0,10000000,66.22471215490486,0,3000000000,378001,381001,360001,21000,0,3000,0.3,0,0.3
19,124,1,6000000,108.99355256160803,8998552.963759521,9000000000,382512,384312,369001,15311,667,1800,0,0.20003216153188866,0.20003216153188866
19,122,0,5000000,70.04778725984143,0,6000000000,381001,387001,363001,24000,0,6000,0.6,0,0.6
19,125,1,9000000,134.0319551450325,4073723.6432174826,3000000000,388712,389312,372001,17311,2209,600,0,0.6627842820156311,0.6627842820156311
19,130,1,2000000,200.0784118789431,839105.3341830126,2000000000,390298,390698,387001,3697,2383,400,0,0.7150472956821143,0.7150472956821143
19,126,1,5000000,160.6138649058667,2004315.6717172768,6000000000,391512,392712,375001,17711,2495,1200,0,0.7483851077783649,0.7483851077783649
19,132,1,2000000,165.12607062484105,1796650.272861033,6000000000,394114,395314,393001,2313,1113,1200,0,0.3339548097162751,0.3339548097162751
19,123,0,7000000,86.73288764938016,0,10000000000,387001,397001,366001,31000,0,10000,0.9999999999999999,0,0.9999999999999999
19,133,1,5000000,165.12607062484105,1796650.272861033,5000000000,398784,399784,396001,3783,2783,1000,0,0.8348870242906877,0.8348870242906877
19,127,0,5000000,174.0341161956471,0,6000000000,397001,403001,378001,25000,0,6000,0.6,0,0.6
19,134,1,6000000,165.12607062484105,1796650.272861033,8000000000,402341,403941,399001,4940,3340,1600,0,1.0018644291488252,1.0018644291488252
19,128,1,9000000,183.06932512029422,1194217.9082499098,6000000000,403312,404512,381001,23511,7536,1200,0,2.260893913370273,2.260893913370273
19,131,0,7000000,172.59221129587513,0,2000000000,403001,405001,390001,15000,0,2000,0.19999999999999998,0,0.19999999999999998
19,136,1,7000000,164.0287490045571,1844596.1766648686,3000000000,408994,409594,405001,4593,3795,600,0,1.1384605620276822,1.1384605620276822
19,129,1,10000000,207.73088841094383,722710.0780878119,3000000000,412112,412712,384001,28711,13837,600,0,4.151042155019581,4.151042155019581
19,137,1,3000000,150.75137743980983,2572373.5276761805,8000000000,411394,412994,408001,4993,1166,1600,0,0.34987142820313427,0.34987142820313427
19,135,0,7000000,165.12607062484105,0,10000000000,405001,415001,402001,13000,0,10000,0.9999999999999999,0,0.9999999999999999
19,138,0,6000000,139.99006036144135,0,4000000000,415001,419001,411001,8000,0,4000,0.39999999999999997,0,0.39999999999999997
19,139,1,2000000,139.20470717615837,3514846.9980104375,7000000000,419594,420994,414001,6993,569,1400,0,0.17070444327722578,0.17070444327722578
19,140,1,3000000,144.9169914123254,3003284.1609441834,7000000000,423394,424794,417001,7793,999,1400,0,0.2996719430362043,0.2996719430362043
19,143,1,5000000,143.26172133546353,3141478.152911692,4000000000,427593,428393,426001,2392,1592,800,0,0.4774822319263048,0.4774822319263048
19,144,1,4000000,122.59987153337477,5751192.69398596,3000000000,429697,430297,429001,1296,696,600,0,0.20865237244699583,0.20865237244699583
19,142,0,6000000,166.68724036350233,0,8000000000,423001,431001,423001,8000,0,8000,0.7999999999999999,0,0.7999999999999999
19,141,1,10000000,156.1985060748022,2237105.9242825243,9000000000,429594,431394,420001,11393,4470,1800,0,1.3410183073750288,1.3410183073750288
19,145,0,10000000,106.2873322649506,0,4000000000,432001,436001,432001,4000,0,4000,0.39999999999999997,0,0.39999999999999997
19,146,0,8000000,96.51263181573692,0,2000000000,436001,438001,435001,3000,0,2000,0.19999999999999998,0,0.19999999999999998
19,147,1,6000000,95.21685197484739,14822040.910672829,7000000000,438406,439806,438001,1805,405,1400,0,0.12144076587346912,0.12144076587346912
19,148,1,8000000,102.62084437384047,11267882.879656855,8000000000,443209,444809,441001,3808,710,1600,0,0.21299475914264102,0.21299475914264102
19,149,1,10000000,117.24584640830564,6824190.627073279,7000000000,445466,446866,444001,2865,1465,1400,0,0.4396125729692026,0.4396125729692026
19,150,1,5000000,133.14625417186926,4180092.647509602,6000000000,449097,450297,447001,3296,1196,1200,0,0.3588437210581119,0.3588437210581119
19,151,1,9000000,148.86932927906943,2702490.5436728583,7000000000,453331,454731,450001,4730,3330,1400,0,0.9990784264985907,0.9990784264985907
19,152,1,2000000,167.54794925632487,1696185.385985553,6000000000,454731,455931,453001,2930,1179,1200,0,0.3537349189289091,0.3537349189289091
19,153,1,7000000,183.02059173765122,1195479.8805920868,10000000000,461856,463856,456001,7855,5855,2000,0,1.7566167646083097,1.7566167646083097
19,154,0,5000000,200.85045232709837,0,5000000000,459001,464001,459001,5000,0,5000,0.49999999999999994,0,0.49999999999999994
19,156,1,5000000,181.6670385623104,1231203.1178272618,5000000000,469062,470062,465001,5061,4061,1000,0,1.218320501532754,1.218320501532754
19,155,0,10000000,192.44894102072888,0,9000000000,464001,473001,462001,11000,0,9000,0.8999999999999999,0,0.8999999999999999
19,157,1,7000000,182.1391196311215,1218594.9736086766,9000000000,473745,475545,468001,7544,5744,1800,0,1.723296128311757,1.723296128311757
19,158,1,3000000,187.2310564516474,1092300.076315159,6000000000,475545,476745,471001,5744,2746,1200,0,0.8239494068664012,0.8239494068664012
19,159,0,7000000,203.55687288814397,0,3000000000,474001,477001,474001,3000,0,3000,0.3,0,0.3
19,162,0,7000000,168.49713172632934,0,2000000000,483001,485001,483001,2000,0,2000,0.19999999999999998,0,0.19999999999999998
19,160,1,3000000,221.9066499679538,555636.5939787795,6000000000,485896,487096,477001,10095,5399,1200,0,1.6197637264229077,1.6197637264229077
19,163,0,5000000,140.61629493056623,0,2000000000,486001,488001,486001,2000,0,2000,0.19999999999999998,0,0.19999999999999998
19,164,1,2000000,119.14416141800653,6417882.657235687,4000000000,494027,494827,489001,5826,312,800,0,0.09348877691360476,0.09348877691360476
19,161,1,9000000,198.31041853619286,869249.3247703293,6000000000,496827,498027,480001,18026,10354,1200,0,3.1061283834915683,3.1061283834915683
19,165,1,4000000,100.76705910167269,12052695.422590943,6000000000,501427,502627,492001,10626,332,1200,0,0.09956279138613115,0.09956279138613115
19,166,1,2000000,91.8589571027235,16862092.610837214,8000000000,502627,504227,495001,9226,119,1600,0,0.035582772188926415,0.035582772188926415
19,167,1,5000000,94.86430993793185,15022045.050059807,6000000000,506027,507227,498001,9226,333,1200,0,0.09985324867562077,0.09985324867562077
19,168,1,3000000,108.96490811265797,9007451.61444702,2000000000,512827,513227,501001,12226,333,400,0,0.09991727277851742,0.09991727277851742
19,169,1,6000000,130.66588384119243,4496663.13005776,5000000000,516227,517227,504001,13226,1334,1000,0,0.4002968307694597,0.4002968307694597
19,170,1,6000000,156.90822954835735,2197510.5430823,9000000000,520627,522427,507001,15426,2730,1800,0,0.8191086980976487,0.8191086980976487
19,175,0,4000000,145.34274835711616,0,6000000000,522001,528001,522001,6000,0,6000,0.6,0,0.6
19,178,0,4000000,145.34274835711616,0,9000000000,531001,540001,531001,9000,0,9000,0.8999999999999999,0,0.8999999999999999
19,179,0,8000000,146.8609716704884,0,3000000000,540001,543001,534001,9000,0,3000,0.3,0,0.3
19,182,1,2000000,212.4200221259757,661259.4725921998,8000000000,546255,547855,543001,4854,3025,1600,0,0.9073594025775437,0.9073594025775437
19,181,0,7000000,193.2956166083442,0,7000000000,543001,550001,540001,10000,0,7000,0.7,0,0.7
19,183,1,5000000,180.42446979276394,1265173.0942467633,3000000000,549953,550553,546001,4552,3952,600,0,1.1856085201472324,1.1856085201472324
19,184,1,10000000,149.35405250611717,2668215.3861775934,9000000000,552749,554549,549001,5548,3748,1800,0,1.1243470131913569,1.1243470131913569
19,171,1,2000000,161.46257306261407,1963068.7593397703,10000000000,553794,555794,510001,45793,1019,2000,0,0.3056439042928864,0.3056439042928864
19,185,0,10000000,119.95526874631226,0,4000000000,552001,556001,552001,4000,0,4000,0.39999999999999997,0,0.39999999999999997
19,172,1,3000000,148.18364619619808,2751910.443826813,6000000000,557794,558994,513001,45993,1090,1200,0,0.32704552650647234,0.32704552650647234
19,187,1,3000000,73.85974884874716,35245486.70032161,5000000000,558086,559086,558001,1085,85,1000,0,0.025535184338702513,0.025535184338702513
19,186,0,8000000,93.63647846859683,0,6000000000,556001,562001,555001,7000,0,6000,0.6,0,0.6
19,173,1,6000000,142.12744597719325,3240723.187621695,3000000000,563394,563994,516001,47993,1851,600,0,0.5554315798631927,0.5554315798631927
19,188,0,10000000,70.12855053400143,0,3000000000,562001,565001,561001,4000,0,3000,0.3,0,0.3
19,174,1,6000000,144.1668633910026,3064960.609576031,9000000000,568194,569994,519001,50993,1958,1800,0,0.5872832408926096,0.5872832408926096
19,189,0,9000000,88.15911807635105,0,9000000000,565001,574001,564001,10000,0,9000,0.8999999999999999,0,0.8999999999999999
19,176,1,8000000,145.34274835711616,2968959.2086826353,6000000000,573394,574594,525001,49593,2695,1200,0,0.8083640869774396,0.8083640869774396
19,177,1,2000000,145.34274835711616,2968959.2086826353,2000000000,575794,576194,528001,48193,674,400,0,0.2020910217443599,0.2020910217443599
19,190,0,4000000,114.10777361775142,0,5000000000,574001,579001,567001,12000,0,5000,0.49999999999999994,0,0.49999999999999994
19,180,1,6000000,162.38141180566205,1919593.1770722687,9000000000,585194,586994,537001,49993,3126,1800,0,0.9376986861066727,0.9376986861066727
19,191,0,7000000,139.26056620594358,0,9000000000,579001,588001,570001,18000,0,9000,0.8999999999999999,0,0.8999999999999999
19,192,0,7000000,165.55943283304637,0,9000000000,588001,597001,573001,24000,0,9000,0.8999999999999999,0,0.8999999999999999
19,195,1,9000000,229.35924703399246,487094.999818239,7000000000,600529,601929,582001,19928,18477,1400,0,5.5430665496617975,5.5430665496617975
19,200,1,3000000,191.55990864478926,997518.6851718703,10000000000,600008,602008,597001,5007,3007,2000,0,0.9022387383600057,0.9022387383600057
19,193,0,8000000,194.29055046501873,0,10000000000,597001,607001,576001,31000,0,10000,0.9999999999999999,0,0.9999999999999999
19,194,0,4000000,214.6423539285758,0,4000000000,607001,611001,579001,32000,0,4000,0.39999999999999997,0,0.39999999999999997
19,202,1,10000000,192.0790537773445,986851.2144362896,4000000000,613767,614567,603001,11566,10133,800,0,3.0399719391475477,3.0399719391475477
19,196,0,3000000,249.97855047983614,0,5000000000,611001,616001,585001,31000,0,5000,0.49999999999999994,0,0.49999999999999994
19,203,1,8000000,201.26719181227725,819566.8598362743,4000000000,615762,616562,606001,10561,9761,800,0,2.9283760942694173,2.9283760942694173
19,197,0,9000000,231.98037783398837,0,4000000000,616001,620001,588001,32000,0,4000,0.39999999999999997,0,0.39999999999999997
19,207,1,6000000,211.05853808837017,678406.9739418671,10000000000,626845,628845,618001,10844,8844,2000,0,2.6532746111690804,2.6532746111690804
19,198,0,6000000,214.00011308408227,0,10000000000,620001,630001,591001,39000,0,10000,0.9999999999999999,0,0.9999999999999999
19,199,0,10000000,200.2313102389334,0,3000000000,630001,633001,594001,39000,0,3000,0.3,0,0.3
19,205,1,10000000,229.51063787981596,485815.3854655409,6000000000,633429,634629,612001,22628,20584,1200,0,6.175185244751354,6.175185244751354
19,201,0,10000000,188.76526613760277,0,2000000000,633001,635001,600001,35000,0,2000,0.19999999999999998,0,0.19999999999999998
19,212,1,9000000,191.961465143398,989254.9540578022,10000000000,642099,644099,633001,11098,9098,2000,0,2.7293267412257394,2.7293267412257394
19,204,0,4000000,215.5711253855674,0,10000000000,635001,645001,609001,36000,0,10000,0.9999999999999999,0,0.9999999999999999
19,213,1,8000000,194.98873454638348,929621.7721668078,4000000000,645899,646699,636001,10698,8606,800,0,2.5816951279077327,2.5816951279077327
19,214,1,7000000,202.84662974769878,794476.0752189382,10000000000,647812,649812,639001,10811,8811,2000,0,2.6432514024054043,2.6432514024054043
19,206,0,4000000,225.40633753290967,0,5000000000,645001,650001,615001,35000,0,5000,0.49999999999999994,0,0.49999999999999994
19,215,1,4000000,214.3722579999567,637603.5024436911,9000000000,649812,651612,642001,9611,6273,1800,0,1.882047378034872,1.882047378034872
19,208,0,6000000,226.6985666033202,0,3000000000,650001,653001,621001,32000,0,3000,0.3,0,0.3
19,216,1,7000000,228.9387446458113,490671.3739015364,7000000000,659267,660667,645001,15666,14266,1400,0,4.279850245393385,4.279850245393385
19,219,1,3000000,227.56734827298925,502565.0346473698,9000000000,659970,661770,654001,7769,5969,1800,0,1.790813005189457,1.790813005189457
19,209,0,4000000,216.663690774435,0,9000000000,653001,662001,624001,38000,0,9000,0.8999999999999999,0,0.8999999999999999
19,218,1,4000000,243.618038946216,382961.1386118138,3000000000,664370,664970,651001,13969,10445,600,0,3.13347720959325,3.13347720959325
19,217,1,6000000,246.0350229134055,368170.77137102425,8000000000,664298,665898,648001,17897,16297,1600,0,4.8890355779656645,4.8890355779656645
19,210,0,4000000,203.3723806223451,0,10000000000,662001,672001,627001,45000,0,10000,0.9999999999999999,0,0.9999999999999999
19,223,1,8000000,146.2127302939111,2900313.873070278,9000000000,674170,675970,666001,9969,2758,1800,0,0.827496645202526,0.827496645202526
19,222,1,10000000,169.692737027841,1612977.1101484017,4000000000,675970,676770,663001,13769,6200,800,0,1.8599148004797077,1.8599148004797077
19,211,0,5000000,194.80269736325522,0,7000000000,672001,679001,630001,49000,0,7000,0.7,0,0.7
19,220,1,8000000,216.69359589060312,610831.5010311599,4000000000,678370,679170,657001,22169,13097,800,0,3.929070448967514,3.929070448967514
19,225,1,9000000,101.72097374681393,11640985.806893762,9000000000,681770,683570,672001,11569,773,1800,0,0.23193911965780997,0.23193911965780997
19,221,0,8000000,194.86197012244335,0,6000000000,679001,685001,660001,25000,0,6000,0.6,0,0.6
19,224,0,9000000,124.7165221612598,0,5000000000,685001,690001,669001,21000,0,5000,0.49999999999999994,0,0.49999999999999994
19,226,0,10000000,80.51341875737239,0,2000000000,690001,692001,675001,17000,0,2000,0.19999999999999998,0,0.19999999999999998
19,227,1,2000000,66.37393464305097,48765932.14951158,2000000000,692770,693170,678001,15169,41,400,0,0.012303671303984484,0.012303671303984484
19,229,1,3000000,85.59436955781615,21611498.983168617,4000000000,697570,698370,684001,14369,139,800,0,0.04164449678853533,0.04164449678853533
19,228,0,3000000,69.58190569393746,0,9000000000,692001,701001,681001,20000,0,9000,0.8999999999999999,0,0.8999999999999999
19,231,1,10000000,131.59203167365416,4375124.773049917,3000000000,704770,705370,690001,15369,2286,600,0,0.6856947300062228,0.6856947300062228
19,230,0,4000000,107.17896155496189,0,7000000000,701001,708001,687001,21000,0,7000,0.7,0,0.7
19,232,1,7000000,157.56071369475322,2161871.7294539725,8000000000,709370,710970,693001,17969,3238,1600,0,0.971380480806972,0.971380480806972
19,235,1,4000000,196.4682162590173,902107.2292198177,6000000000,711716,712916,702001,10915,4434,1200,0,1.330218804518187,1.330218804518187
19,234,0,10000000,211.89763212457092,0,7000000000,708001,715001,699001,16000,0,7000,0.7,0,0.7
19,236,0,2000000,176.5909425763394,0,2000000000,715001,717001,705001,12000,0,2000,0.19999999999999998,0,0.19999999999999998
19,233,1,10000000,184.44419454133003,1159288.0949409106,6000000000,716570,717770,696001,21769,8626,1200,0,2.5877950555102625,2.5877950555102625
19,237,0,5000000,172.37009311362573,0,6000000000,717001,723001,708001,15000,0,6000,0.6,0,0.6
19,238,0,4000000,172.0462568613453,0,9000000000,723001,732001,711001,21000,0,9000,0.8999999999999999,0,0.8999999999999999
19,240,0,3000000,169.7123227700334,0,4000000000,732001,736001,717001,19000,0,4000,0.39999999999999997,0,0.39999999999999997
19,239,1,8000000,172.0277550280768,1528071.4251524974,7000000000,739316,740716,714001,26715,5235,1400,0,1.5706072114793237,1.5706072114793237
19,241,0,10000000,153.66696359335015,0,10000000000,736001,746001,720001,26000,0,10000,0.9999999999999999,0,0.9999999999999999
19,242,1,2000000,128.32395333685753,4822979.189060487,7000000000,745116,746516,723001,23515,415,1400,0,0.12440443478606003,0.12440443478606003
19,243,1,2000000,105.92945246719633,10013515.447021225,7000000000,747916,749316,726001,23315,200,1400,0,0.05991901677032767,0.05991901677032767
19,245,0,5000000,77.64355027946618,0,6000000000,746001,752001,732001,20000,0,6000,0.6,0,0.6
19,244,1,5000000,86.21493664093249,21077634.114148222,5000000000,751916,752916,729001,23915,237,1000,0,0.07116548241973396,0.07116548241973396
19,249,0,10000000,78.83261824904717,0,4000000000,752001,756001,744001,12000,0,4000,0.39999999999999997,0,0.39999999999999997
19,246,1,10000000,73.22604522982238,36216673.59729878,7000000000,759316,760716,735001,25715,276,1400,0,0.08283477476031248,0.08283477476031248
19,250,0,8000000,90.47730378387725,0,6000000000,756001,762001,747001,15000,0,6000,0.6,0,0.6
19,247,1,9000000,65.71985392558321,50184179.17348942,3000000000,763916,764516,738001,26515,179,600,0,0.053801816518029594,0.053801816518029594
19,255,0,3000000,204.67041310360418,0,4000000000,762001,766001,762001,4000,0,4000,0.39999999999999997,0,0.39999999999999997
19,256,0,9000000,205.71293590827,0,4000000000,766001,770001,765001,5000,0,4000,0.39999999999999997,0,0.39999999999999997
19,248,1,4000000,67.74495479369659,45927402.464215025,5000000000,769716,770716,741001,29715,87,1000,0,0.026128192225436584,0.026128192225436584
19,257,1,9000000,189.72776549572288,1036331.8440953809,4000000000,776685,777485,768001,9484,8684,800,0,2.605343081353293,2.605343081353293
19,258,0,7000000,203.4167458691639,0,7000000000,771001,778001,771001,7000,0,7000,0.7,0,0.7
19,251,1,6000000,109.66100719945989,8794170.560355589,7000000000,778716,780116,750001,30115,682,1400,0,0.20468104270281717,0.20468104270281717
19,261,1,2000000,221.34307488602394,561295.1602312953,3000000000,783564,784164,780001,4163,3563,600,0,1.0689563041177041,1.0689563041177041
19,252,1,8000000,132.3911847518558,4273479.039592653,4000000000,783716,784516,753001,31515,1872,800,0,0.5616033161189361,0.5616033161189361
19,259,0,8000000,222.8139979893544,0,8000000000,778001,786001,774001,12000,0,8000,0.7999999999999999,0,0.7999999999999999
19,253,1,3000000,155.41793075446608,2281679.711180185,8000000000,784516,786116,756001,30115,1315,1600,0,0.3944462474684847,0.3944462474684847
19,260,1,4000000,239.84112824951436,407590.1077969114,6000000000,786815,788015,777001,11014,9814,1200,0,2.9441342590137642,2.9441342590137642
19,263,1,5000000,183.45116407371202,1184387.1555778712,2000000000,790223,790623,786001,4622,4222,400,0,1.266477766949557,1.266477766949557
19,262,0,6000000,202.41068869997946,0,6000000000,786001,792001,783001,9000,0,6000,0.6,0,0.6
19,254,1,9000000,179.24081901174188,1298622.8123944434,10000000000,792516,794516,759001,35515,6930,2000,0,2.0791256508282427,2.0791256508282427
19,265,1,4000000,154.0015876541537,2365402.1924297605,5000000000,793692,794692,792001,2691,1691,1000,0,0.5073133033530125,0.5073133033530125
19,264,0,4000000,166.92974240679823,0,4000000000,792001,796001,789001,7000,0,4000,0.39999999999999997,0,0.39999999999999997
19,266,0,5000000,143.77279088895781,0,4000000000,796001,800001,795001,5000,0,4000,0.39999999999999997,0,0.39999999999999997
19,268,1,4000000,150.2255431010319,2607932.6558789085,3000000000,802535,803135,801001,2134,1534,600,0,0.4601345810425399,0.4601345810425399
19,267,0,4000000,138.16264075356983,0,8000000000,800001,808001,798001,10000,0,8000,0.7999999999999999,0,0.7999999999999999
19,270,1,2000000,139.02969251206736,3532151.670566845,3000000000,807567,808167,807001,1166,566,600,0,0.16986813023907069,0.16986813023907069
19,269,0,10000000,143.46989684250838,0,8000000000,808001,816001,804001,12000,0,8000,0.7999999999999999,0,0.7999999999999999
19,272,1,10000000,136.15736263603233,3831735.836790337,6000000000,815611,816811,813001,3810,2610,1200,0,0.7829349745865981,0.7829349745865981
19,271,0,4000000,135.37471144936933,0,7000000000,816001,823001,810001,13000,0,7000,0.7,0,0.7
19,273,0,9000000,140.92572973023772,0,3000000000,823001,826001,816001,10000,0,3000,0.3,0,0.3
19,274,0,7000000,148.17683658386022,0,2000000000,826001,828001,819001,9000,0,2000,0.19999999999999998,0,0.19999999999999998
19,276,1,4000000,168.776314985249,1647895.6597151845,5000000000,827428,828428,825001,3427,2427,1000,0,0.7282014446275095,0.7282014446275095
19,277,1,9000000,181.40373645545452,1238305.7747440482,5000000000,835269,836269,828001,8268,7268,1000,0,2.1803984565589842,2.1803984565589842
19,275,0,7000000,157.57656075698569,0,9000000000,828001,837001,822001,15000,0,9000,0.8999999999999999,0,0.8999999999999999
19,278,0,5000000,195.199911116783,0,6000000000,837001,843001,831001,12000,0,6000,0.6,0,0.6
19,279,0,5000000,209.94223610317204,0,8000000000,843001,851001,834001,17000,0,8000,0.7999999999999999,0,0.7999999999999999
19,280,0,6000000,225.65365341602603,0,8000000000,851001,859001,837001,22000,0,8000,0.7999999999999999,0,0.7999999999999999
19,285,1,7000000,193.8298000824435,951907.9293193723,6000000000,860840,862040,852001,10039,7354,1200,0,2.2060957108546515,2.2060957108546515
19,281,0,6000000,239.68391539692433,0,4000000000,859001,863001,840001,23000,0,4000,0.39999999999999997,0,0.39999999999999997
19,287,1,2000000,180.3251269235655,1267939.003645737,5000000000,862040,863040,858001,5039,1577,1000,0,0.47320888329391625,0.47320888329391625
19,286,1,9000000,185.50862540593633,1133114.7826381447,9000000000,869640,871440,855001,16439,7943,1800,0,2.3828124399840553,2.3828124399840553
19,289,1,2000000,179.87771540688416,1280489.447413224,4000000000,871440,872240,864001,8239,1562,800,0,0.4685708275160625,0.4685708275160625
19,282,0,4000000,233.64694134526994,0,10000000000,863001,873001,843001,30000,0,10000,0.9999999999999999,0,0.9999999999999999
19,283,0,9000000,218.41709090636655,0,5000000000,873001,878001,846001,32000,0,5000,0.49999999999999994,0,0.49999999999999994
19,292,1,3000000,203.14907088145884,789781.2266917931,3000000000,881640,882240,873001,9239,3799,600,0,1.1395560815871597,1.1395560815871597
19,291,1,8000000,192.4863062661861,978582.183601645,5000000000,882840,883840,870001,13839,8175,1000,0,2.4525277899162905,2.4525277899162905
19,284,0,9000000,205.02507773440783,0,10000000000,878001,888001,849001,39000,0,10000,0.9999999999999999,0,0.9999999999999999
19,293,1,7000000,216.1200187395883,617314.1094163256,4000000000,888440,889240,876001,13239,11339,800,0,3.4018337957406537,3.4018337957406537
19,288,0,7000000,178.41295496684089,0,2000000000,888001,890001,861001,29000,0,2000,0.19999999999999998,0,0.19999999999999998
19,290,0,9000000,184.6379570944176,0,4000000000,890001,894001,867001,27000,0,4000,0.39999999999999997,0,0.39999999999999997
19,298,1,3000000,201.4071220190587,817304.4545183949,3000000000,896065,896665,891001,5664,3671,600,0,1.1011808329496189,1.1011808329496189
19,294,0,7000000,230.98280736886022,0,6000000000,894001,900001,879001,21000,0,6000,0.6,0,0.6
19,295,0,4000000,243.22471605492734,0,2000000000,900001,902001,882001,20000,0,2000,0.19999999999999998,0,0.19999999999999998
19,296,0,6000000,227.58660769034722,0,7000000000,902001,909001,885001,24000,0,7000,0.7,0,0.7
19,297,0,10000000,213.5928540471333,0,2000000000,909001,911001,888001,23000,0,2000,0.19999999999999998,0,0.19999999999999998
19,302,1,7000000,179.6583783184074,1286698.5406790639,2000000000,912890,913290,903001,10289,5440,400,0,1.6320839214535137,1.6320839214535137
19,303,1,9000000,166.0087783823494,1759199.6077373722,6000000000,915890,917090,906001,11089,5116,1200,0,1.5347888824694862,1.5347888824694862
19,299,0,10000000,191.58799988517023,0,7000000000,911001,918001,894001,24000,0,7000,0.7,0,0.7
19,304,1,7000000,146.4327261919275,2883266.7006802727,5000000000,917090,918090,909001,9089,2428,1000,0,0.7283405310734973,0.7283405310734973
19,305,1,7000000,126.8846854431219,5037962.663442799,6000000000,920090,921290,912001,9289,1389,1200,0,0.41683516538110277,0.41683516538110277
19,306,1,7000000,107.37584691167748,9518136.935283419,2000000000,921290,921690,915001,6689,735,400,0,0.2206314128782251,0.2206314128782251
19,300,0,9000000,184.54167713554577,0,8000000000,918001,926001,897001,29000,0,8000,0.7999999999999999,0,0.7999999999999999
19,301,0,4000000,180.59799472862375,0,3000000000,926001,929001,900001,29000,0,3000,0.3,0,0.3
19,307,1,8000000,166.41725391316845,1742197.227538644,10000000000,933490,935490,918001,17489,4592,2000,0,1.3775707836423847,1.3775707836423847
19,312,0,6000000,95.94327751333074,0,5000000000,933001,938001,933001,5000,0,5000,0.49999999999999994,0,0.49999999999999994
19,308,1,9000000,156.4920870203986,2220620.7938579647,6000000000,938890,940090,921001,19089,4053,1200,0,1.2158762123942795,1.2158762123942795
19,309,1,8000000,133.03367130166708,4193856.6231222516,2000000000,944690,945090,924001,21089,1908,400,0,0.5722656293894097,0.5722656293894097
19,310,1,2000000,108.70357169844975,9089129.58932169,4000000000,946890,947690,927001,20689,220,800,0,0.06601292171088709,0.06601292171088709
19,311,1,10000000,87.83511199970089,19753859.368188854,4000000000,949690,950490,930001,20489,506,800,0,0.15186905728564257,0.15186905728564257
19,316,0,5000000,191.97059826963084,0,8000000000,945001,953001,945001,8000,0,8000,0.7999999999999999,0,0.7999999999999999
19,318,1,5000000,175.6661279245375,1406542.008974418,7000000000,954556,955956,951001,4955,3555,1400,0,1.066445218435905,1.066445218435905
19,319,1,5000000,151.6112977320622,2515504.6575484197,9000000000,955989,957789,954001,3788,1988,1800,0,0.5963018178077563,0.5963018178077563
19,313,1,4000000,119.69932372407119,6304663.018087249,3000000000,959690,960290,936001,24289,634,600,0,0.19033531158721056,0.19033531158721056
19,317,1,9000000,200.1419441296602,838046.5547881715,9000000000,958740,960540,948001,12539,10739,1800,0,3.2217780558533105,3.2217780558533105
19,320,1,10000000,127.82896580978823,4895624.179659774,8000000000,960540,962140,957001,5139,2043,1600,0,0.61279213638668,0.61279213638668
19,322,1,2000000,79.09413631869302,28235869.374211192,10000000000,963072,965072,963001,2071,71,2000,0,0.02124956706833334,0.02124956706833334
19,321,0,9000000,103.43036691417086,0,8000000000,960001,968001,960001,8000,0,8000,0.7999999999999999,0,0.7999999999999999
19,323,1,5000000,54.891661479681936,80800588.13114181,10000000000,966063,968063,966001,2062,62,2000,0,0.018564221309447085,0.018564221309447085
19,314,1,10000000,144.11897862530105,3068950.5988430097,9000000000,969090,970890,939001,31889,3258,1800,0,0.9775328417247889,0.9775328417247889
19,324,0,8000000,38.39958463317015,0,3000000000,969001,972001,969001,3000,0,3000,0.3,0,0.3
19,315,1,5000000,167.888005825312,1682643.1669074062,8000000000,975090,976690,942001,34689,2972,1600,0,0.8914546051715213,0.8914546051715213
19,325,0,8000000,30.91424590702477,0,6000000000,972001,978001,972001,6000,0,6000,0.6,0,0.6
19,327,1,3000000,22.38590851406301,312075301.8058277,7000000000,978011,979411,978001,1410,10,1400,0,0.002883919345081583,0.002883919345081583
19,326,0,7000000,12.228119233962344,0,5000000000,978001,983001,975001,8000,0,5000,0.49999999999999994,0,0.49999999999999994
19,328,1,9000000,45.31569264614628,122264910.14733897,10000000000,982063,984063,981001,3062,74,2000,0,0.02208319620687804,0.02208319620687804
19,329,1,3000000,63.54189956241477,55222399.73653051,10000000000,985063,987063,984001,3062,54,2000,0,0.01629773433052449,0.01629773433052449
19,330,0,2000000,85.03948494669989,0,3000000000,987001,990001,987001,3000,0,3000,0.3,0,0.3
19,332,1,5000000,133.80736339977707,4100378.2907418394,9000000000,996863,998663,993001,5662,1219,1800,0,0.36581990578450274,0.36581990578450274
19,331,0,9000000,109.41451640436011,0,9000000000,990001,999001,990001,9000,0,9000,0.8999999999999999,0,0.8999999999999999
20,1,1,4000000,151.29657663014058,2536135.844803398,5000000000,1578,2578,1,2577,1577,1000,0,0.4731607742774616,0.4731607742774616
20,3,1,5000000,149.19297369514425,2679545.4594820854,10000000000,7894,9894,6001,3893,1866,2000,0,0.5597964366276983,0.5597964366276983
20,2,0,2000000,151.2600310723226,0,7000000000,3001,10001,3001,7000,0,7000,0.7,0,0.7
20,4,1,4000000,151.48836324945887,2523538.6898723748,9000000000,10586,12386,9001,3385,1585,1800,0,0.4755227271988799,0.4755227271988799
20,5,1,2000000,157.45115369536038,2167805.6245623445,2000000000,15586,15986,12001,3985,923,400,0,0.2767775824555918,0.2767775824555918
20,6,0,10000000,167.0474139279025,0,8000000000,15001,23001,15001,8000,0,8000,0.7999999999999999,0,0.7999999999999999
20,7,0,4000000,180.09201675810067,0,6000000000,23001,29001,18001,11000,0,6000,0.6,0,0.6
20,10,0,10000000,212.27460328546138,0,2000000000,29001,31001,27001,4000,0,2000,0.19999999999999998,0,0.19999999999999998
20,8,1,7000000,181.26610962890993,1242038.5803447575,9000000000,35303,37103,21001,16102,5636,1800,0,1.6907687355549734,1.6907687355549734
20,9,1,5000000,195.27389917753987,924237.9950280706,4000000000,37903,38703,24001,14702,5410,800,0,1.6229585973193437,1.6229585973193437
20,11,0,10000000,218.3605580227345,0,8000000000,31001,39001,30001,9000,0,8000,0.7999999999999999,0,0.7999999999999999
20,12,0,10000000,201.05520261858433,0,3000000000,39001,42001,33001,9000,0,3000,0.3,0,0.3
20,16,0,2000000,177.44748659814823,0,3000000000,45001,48001,45001,3000,0,3000,0.3,0,0.3
20,14,1,3000000,180.38061370335782,1266393.2118911014,10000000000,49503,51503,39001,12502,2369,2000,0,0.7106797411335082,0.7106797411335082
20,13,1,6000000,186.88847690534587,1100270.2323026531,2000000000,51503,51903,36001,15902,5453,400,0,1.6359617366298709,1.6359617366298709
20,15,1,2000000,176.10912781568138,1392577.996775774,10000000000,53503,55503,42001,13502,1436,2000,0,0.4308555796437799,0.4308555796437799
20,17,1,7000000,180.36372279369263,1266863.5231313137,4000000000,60903,61703,48001,13702,5525,800,0,1.6576371184872527,1.6576371184872527
20,21,0,7000000,220.67809429120962,0,3000000000,60001,63001,60001,3000,0,3000,0.3,0,0.3
20,18,1,5000000,182.53637993561722,1208109.3203576081,8000000000,61703,63303,51001,12302,4139,1600,0,1.2416094923893066,1.2416094923893066
20,19,1,10000000,189.87298412359775,1033187.6217456671,10000000000,69503,71503,54001,17502,9679,2000,0,2.903635251583076,2.903635251583076
20,20,1,8000000,203.39838372022527,785937.0651532675,8000000000,71503,73103,57001,16102,10179,1600,0,3.0536796219579876,3.0536796219579876
20,22,1,3000000,240.86630731590498,400714.2331114621,4000000000,73103,73903,63001,10902,7487,800,0,2.2459895996498265,2.2459895996498265
20,24,0,5000000,206.51846624454677,0,6000000000,69001,75001,69001,6000,0,6000,0.6,0,0.6
20,25,0,5000000,197.97458650038897,0,2000000000,75001,77001,72001,5000,0,2000,0.19999999999999998,0,0.19999999999999998
20,29,0,2000000,207.24411740746706,0,7000000000,84001,91001,84001,7000,0,7000,0.7,0,0.7
20,30,0,9000000,185.10520954311363,0,8000000000,91001,99001,87001,12000,0,8000,0.7999999999999999,0,0.7999999999999999
20,23,1,4000000,223.9406700445455,535796.676078578,4000000000,102186,102986,66001,36985,7466,800,0,2.239655551398031,2.239655551398031
20,34,0,5000000,138.81638123795042,0,5000000000,99001,104001,99001,5000,0,5000,0.49999999999999994,0,0.49999999999999994
20,26,1,2000000,193.38268407486746,960683.4858842451,9000000000,107386,109186,75001,34185,2082,1800,0,0.6245553387937547,0.6245553387937547
20,36,0,2000000,141.35846384281348,0,5000000000,105001,110001,105001,5000,0,5000,0.49999999999999994,0,0.49999999999999994
20,27,1,9000000,188.1332517127156,1071651.512455038,5000000000,116386,117386,78001,39385,8398,1000,0,2.5194757517904223,2.5194757517904223
20,28,1,9000000,190.36598882153297,1022601.4530617306,6000000000,117386,118586,81001,37585,8801,1200,0,2.6403248224575044,2.6403248224575044
20,31,1,8000000,165.7988133250657,1768019.3135682994,2000000000,120704,121104,90001,31103,4525,400,0,1.3574512346000382,1.3574512346000382
20,40,0,4000000,167.03684204390362,0,7000000000,117001,124001,117001,7000,0,7000,0.7,0,0.7
20,32,1,10000000,150.70897020416538,2575218.964946852,10000000000,125704,127704,93001,34703,3883,2000,0,1.1649494822906892,1.1649494822906892
20,33,1,5000000,141.40401444089204,3306044.264466809,9000000000,127704,129504,96001,33503,1512,1800,0,0.45371443332502276,0.45371443332502276
20,41,0,5000000,141.93065666021562,0,6000000000,124001,130001,120001,10000,0,6000,0.6,0,0.6
20,42,1,9000000,115.51806655237961,7221476.728238765,10000000000,132590,134590,123001,11589,1246,2000,0,0.3738847470686925,0.3738847470686925
20,35,1,4000000,143.61488258533655,3111345.7623984395,2000000000,136504,136904,102001,34903,1286,400,0,0.38568519593751527,0.38568519593751527
20,43,1,9000000,98.36007980883298,13170994.429372082,6000000000,137390,138590,126001,12589,683,1200,0,0.20499591086143376,0.20499591086143376
20,44,1,10000000,95.44583594898208,14693812.629997348,7000000000,139390,140790,129001,11789,681,1400,0,0.20416756872722838,0.20416756872722838
20,46,0,2000000,128.59730362647576,0,8000000000,135001,143001,135001,8000,0,8000,0.7999999999999999,0,0.7999999999999999
20,37,1,3000000,139.65834203512514,3470477.4337764513,2000000000,143904,144304,108001,36303,864,400,0,0.2593303132418446,0.2593303132418446
20,45,1,2000000,107.79099823269098,9381426.989540963,4000000000,144590,145390,132001,13389,213,800,0,0.06395615514238077,0.06395615514238077
20,47,0,10000000,147.93621091538066,0,5000000000,143001,148001,138001,10000,0,5000,0.49999999999999994,0,0.49999999999999994
20,38,1,3000000,139.36634313922428,3498957.837737001,8000000000,147704,149304,111001,38303,857,1600,0,0.25721944697169813,0.25721944697169813
20,49,1,9000000,161.05736648784497,1982629.041363483,3000000000,149590,150190,144001,6189,4539,600,0,1.361828130058647,1.361828130058647
20,39,1,3000000,148.66600485652398,2717029.7005658494,2000000000,152504,152904,114001,38903,1104,400,0,0.33124407871307615,0.33124407871307615
20,48,0,4000000,164.62151165628381,0,7000000000,148001,155001,141001,14000,0,7000,0.7,0,0.7
20,50,0,3000000,176.26550995586175,0,7000000000,155001,162001,147001,15000,0,7000,0.7,0,0.7
20,51,0,10000000,193.90588232438955,0,3000000000,162001,165001,150001,15000,0,3000,0.3,0,0.3
20,54,1,3000000,233.8372532339533,450954.5735086916,7000000000,165654,167054,159001,8053,6653,1400,0,1.9957664316329493,1.9957664316329493
20,56,1,3000000,188.4513995702871,1064486.0727356174,6000000000,167819,169019,165001,4018,2818,1200,0,0.84547841728647,0.84547841728647
20,52,0,7000000,215.87599449684066,0,7000000000,165001,172001,153001,19000,0,7000,0.7,0,0.7
20,57,0,7000000,168.5686305336791,0,3000000000,172001,175001,168001,7000,0,3000,0.3,0,0.3
20,55,1,9000000,211.37063277570041,674427.7223015908,2000000000,175346,175746,162001,13745,13345,400,0,4.003394152876493,4.003394152876493
20,59,1,6000000,143.0100171316681,3163174.002428605,6000000000,175898,177098,174001,3097,1897,1200,0,0.5690486829425145,0.5690486829425145
20,58,0,9000000,154.87676165261203,0,6000000000,175001,181001,171001,10000,0,6000,0.6,0,0.6
20,53,1,10000000,241.07893748728858,399306.2926262229,10000000000,181044,183044,156001,27043,25043,2000,0,7.51302961009983,7.51302961009983
20,62,1,4000000,140.57648807677617,3382767.264302141,5000000000,184183,185183,183001,2182,1182,1000,0,0.35473915473388556,0.35473915473388556
20,63,1,2000000,136.25307702947484,3821260.288709859,6000000000,187317,188517,186001,2516,523,1200,0,0.15701626025652735,0.15701626025652735
20,60,0,7000000,153.23845796666058,0,9000000000,181001,190001,177001,13000,0,9000,0.8999999999999999,0,0.8999999999999999
20,61,0,4000000,148.45815740470442,0,10000000000,190001,200001,180001,20000,0,10000,0.9999999999999999,0,0.9999999999999999
20,64,0,9000000,136.53175821031533,0,2000000000,200001,202001,189001,13000,0,2000,0.19999999999999998,0,0.19999999999999998
20,68,1,2000000,189.70261200099483,1036877.6681299425,6000000000,202930,204130,201001,3129,1929,1200,0,0.5786603554516977,0.5786603554516977
20,65,0,4000000,144.32439087001202,0,3000000000,202001,205001,192001,13000,0,3000,0.3,0,0.3
20,66,0,10000000,155.35797275968818,0,4000000000,205001,209001,195001,14000,0,4000,0.39999999999999997,0,0.39999999999999997
20,67,0,9000000,171.1402290520846,0,2000000000,209001,211001,198001,13000,0,2000,0.19999999999999998,0,0.19999999999999998
20,69,0,5000000,210.31928965266127,0,8000000000,211001,219001,204001,15000,0,8000,0.7999999999999999,0,0.7999999999999999
20,70,0,2000000,229.98978694715987,0,5000000000,219001,224001,207001,17000,0,5000,0.49999999999999994,0,0.49999999999999994
20,71,0,7000000,238.89661466835403,0,3000000000,224001,227001,210001,17000,0,3000,0.3,0,0.3
20,73,1,9000000,199.04857799039914,856502.4657441189,4000000000,226509,227309,216001,11308,10508,800,0,3.1523551980136717,3.1523551980136717
20,77,1,2000000,185.73899213681543,1127547.378694721,3000000000,229775,230375,228001,2374,1774,600,0,0.5321284154769408,0.5321284154769408
20,72,0,3000000,217.09954629155723,0,7000000000,227001,234001,213001,21000,0,7000,0.7,0,0.7
20,74,0,6000000,186.0425244399785,0,3000000000,234001,237001,219001,18000,0,3000,0.3,0,0.3
20,80,1,8000000,141.52407463043164,3295092.011444092,9000000000,239429,241229,237001,4228,2428,1800,0,0.7283559887446625,0.7283559887446625
20,75,0,3000000,179.30382985312949,0,5000000000,237001,242001,222001,20000,0,5000,0.49999999999999994,0,0.49999999999999994
20,82,1,5000000,175.23748600114075,1420219.4567325946,6000000000,246522,247722,243001,4721,3521,1200,0,1.0561747995277795,1.0561747995277795
20,76,0,6000000,179.19562327244495,0,8000000000,242001,250001,225001,25000,0,8000,0.7999999999999999,0,0.7999999999999999
20,84,1,8000000,131.85045013195824,4341934.456578936,9000000000,251364,253164,249001,4163,1842,1800,0,0.5527490163660806,0.5527490163660806
20,78,0,9000000,189.63653260909402,0,9000000000,250001,259001,231001,28000,0,9000,0.8999999999999999,0,0.8999999999999999
20,86,1,5000000,93.95103458717206,15555103.118249178,7000000000,258364,259764,255001,4763,321,1400,0,0.09643137615977657,0.09643137615977657
20,87,1,10000000,81.87175947785659,25158059.961669173,5000000000,261764,262764,258001,4763,397,1000,0,0.11924607877438884,0.11924607877438884
20,79,0,9000000,165.5660116086632,0,5000000000,259001,264001,234001,30000,0,5000,0.49999999999999994,0,0.49999999999999994
20,88,1,5000000,77.63022607206551,30026389.12426528,6000000000,263364,264564,261001,3563,167,1200,0,0.04995605678032735,0.04995605678032735
20,81,0,6000000,119.11091175874694,0,4000000000,264001,268001,240001,28000,0,4000,0.39999999999999997,0,0.39999999999999997
20,90,1,10000000,94.95933076849272,14967826.844755486,6000000000,270244,271444,267001,4443,668,1200,0,0.20042989748048545,0.20042989748048545
20,83,0,5000000,154.5139621522922,0,9000000000,268001,277001,246001,31000,0,9000,0.8999999999999999,0,0.8999999999999999
20,92,1,7000000,119.3465139834423,6376330.400032956,10000000000,278644,280644,273001,7643,1098,2000,0,0.3293430340418285,0.3293430340418285
20,85,0,3000000,112.50077910841324,0,7000000000,277001,284001,252001,32000,0,7000,0.7,0,0.7
20,93,1,6000000,146.33835484930128,2890564.2039739313,10000000000,283444,285444,276001,9443,2076,2000,0,0.6227157997478037,0.6227157997478037
20,89,0,3000000,82.44807881327496,0,2000000000,284001,286001,264001,22000,0,2000,0.19999999999999998,0,0.19999999999999998
20,91,0,3000000,107.16757905262206,0,2000000000,286001,288001,270001,18000,0,2000,0.19999999999999998,0,0.19999999999999998
20,94,0,6000000,175.80601383342952,0,2000000000,288001,290001,279001,11000,0,2000,0.19999999999999998,0,0.19999999999999998
20,95,0,4000000,185.37789781956212,0,9000000000,290001,299001,282001,17000,0,9000,0.8999999999999999,0,0.8999999999999999
20,96,0,7000000,203.464828655962,0,8000000000,299001,307001,285001,22000,0,8000,0.7999999999999999,0,0.7999999999999999
20,98,0,3000000,183.95388335123556,0,10000000000,307001,317001,291001,26000,0,10000,0.9999999999999999,0,0.9999999999999999
20,99,0,2000000,161.32971115079826,0,4000000000,317001,321001,294001,27000,0,4000,0.39999999999999997,0,0.39999999999999997
20,102,0,10000000,94.57348095528677,0,3000000000,321001,324001,303001,21000,0,3000,0.3,0,0.3
20,103,0,8000000,81.95334099351899,0,3000000000,324001,327001,306001,21000,0,3000,0.3,0,0.3
20,97,1,3000000,209.15102007879372,703374.7560454089,10000000000,330104,332104,288001,44103,4265,2000,0,1.279545494438952,1.279545494438952
20,100,1,2000000,137.4699858150862,3691097.9733509026,3000000000,333904,334504,297001,37503,542,600,0,0.1625532576842711,0.1625532576842711
20,104,0,6000000,71.38296225290739,0,9000000000,327001,336001,309001,27000,0,9000,0.8999999999999999,0,0.8999999999999999
20,101,1,7000000,114.93465491312872,7361931.042856635,9000000000,335504,337304,300001,37303,951,1800,0,0.28525124560052134,0.28525124560052134
20,111,0,9000000,130.12913009776094,0,4000000000,336001,340001,330001,10000,0,4000,0.39999999999999997,0,0.39999999999999997
20,105,1,8000000,68.65707538192987,44135670.90674812,2000000000,342104,342504,312001,30503,181,400,0,0.05437778446986408,0.05437778446986408
20,106,1,10000000,76.03495051619353,32122651.797408063,5000000000,343904,344904,315001,29903,311,1000,0,0.09339204057375071,0.09339204057375071
20,112,0,6000000,130.6648116364923,0,7000000000,340001,347001,333001,14000,0,7000,0.7,0,0.7
20,107,1,2000000,86.75684929733218,20623801.713314682,7000000000,346504,347904,318001,29903,97,1400,0,0.029092599334517518,0.029092599334517518
20,108,1,3000000,94.1031455372242,15464795.685009891,2000000000,347904,348304,321001,27303,194,400,0,0.05819669514757151,0.05819669514757151
20,109,1,6000000,114.23604203577787,7534504.611662348,8000000000,348304,349904,324001,25903,796,1600,0,0.23890090892158383,0.23890090892158383
20,113,0,2000000,140.8900525232353,0,3000000000,347001,350001,336001,14000,0,3000,0.3,0,0.3
20,110,1,6000000,127.82621992376997,4896030.893957554,10000000000,352704,354704,327001,27703,1225,2000,0,0.36764473897039196,0.36764473897039196
20,114,0,7000000,165.0439047647625,0,5000000000,350001,355001,339001,16000,0,5000,0.49999999999999994,0,0.49999999999999994
20,115,0,6000000,195.10174909518366,0,5000000000,355001,360001,342001,18000,0,5000,0.49999999999999994,0,0.49999999999999994
20,119,1,2000000,154.95174894140436,2308825.394015186,3000000000,364512,365112,354001,11111,866,600,0,0.25987240159229363,0.25987240159229363
20,118,0,5000000,184.82495989449043,0,6000000000,360001,366001,351001,15000,0,6000,0.6,0,0.6
20,116,1,8000000,214.51692520638085,635892.8292305388,9000000000,368112,369912,345001,24911,12581,1800,0,3.7742208901838326,3.7742208901838326
20,117,1,10000000,202.74092359462108,796125.1673488521,8000000000,371912,373512,348001,25511,12561,1600,0,3.768251680813197,3.768251680813197
20,120,0,8000000,125.54414243603723,0,8000000000,366001,374001,357001,17000,0,8000,0.7999999999999999,0,0.7999999999999999
20,121,1,10000000,98.77006125339804,12972080.323955318,10000000000,373512,375512,360001,15511,771,2000,0,0.2312659130286105,0.2312659130286105
20,122,1,6000000,77.41898087678494,30295055.314428594,4000000000,379512,380312,363001,17311,198,800,0,0.05941563668783651,0.05941563668783651
20,123,0,10000000,68.23275606334546,0,7000000000,374001,381001,366001,15000,0,7000,0.7,0,0.7
20,125,1,8000000,106.84358005982388,9696934.29679624,10000000000,386712,388712,372001,16711,825,2000,0,0.24750090353741322,0.24750090353741322
20,124,0,7000000,82.61373311986327,0,8000000000,381001,389001,369001,20000,0,8000,0.7999999999999999,0,0.7999999999999999
20,126,1,8000000,132.3885380235011,4273810.866525823,7000000000,390112,391512,375001,16511,1872,1400,0,0.5615597121523905,0.5615597121523905
20,127,1,3000000,157.63948394992926,2157617.8732225737,7000000000,394912,396312,378001,18311,1390,1400,0,0.4171266891925485,0.4171266891925485
20,129,0,2000000,210.35257307672754,0,9000000000,389001,398001,384001,14000,0,9000,0.8999999999999999,0,0.8999999999999999
20,128,1,6000000,185.39817690581532,1135796.1832639521,9000000000,397312,399112,381001,18111,5283,1800,0,1.5847913794069257,1.5847913794069257
20,131,0,7000000,242.699411824586,0,2000000000,398001,400001,390001,10000,0,2000,0.19999999999999998,0,0.19999999999999998
20,134,0,3000000,204.86892028807102,0,6000000000,400001,406001,399001,7000,0,6000,0.6,0,0.6
20,135,1,2000000,194.26000102954802,943558.3855771016,3000000000,407358,407958,402001,5957,2120,600,0,0.6358906975671955,0.6358906975671955
20,132,1,5000000,239.10360934122258,412627.87345936755,8000000000,411158,412758,393001,19757,12117,1600,0,3.635236726555528,3.635236726555528
20,137,0,8000000,189.9690211587142,0,6000000000,408001,414001,408001,6000,0,6000,0.6,0,0.6
20,133,1,7000000,220.09100027034268,574126.0340999466,8000000000,414958,416558,396001,20557,12192,1600,0,3.657733450969795,3.657733450969795
20,136,1,9000000,189.16227557311737,1048689.6963903008,5000000000,416958,417958,405001,12957,8582,1000,0,2.5746414876523356,2.5746414876523356
20,138,0,8000000,196.3762116448935,0,6000000000,414001,420001,411001,9000,0,6000,0.6,0,0.6
20,130,1,8000000,223.4407004106459,540590.3931610772,6000000000,421512,422712,387001,35711,14799,1200,0,4.439590548337553,4.439590548337553
20,139,0,8000000,211.53114427903992,0,5000000000,420001,425001,414001,11000,0,5000,0.49999999999999994,0,0.49999999999999994
20,142,1,3000000,191.9682525835978,989116.007541014,8000000000,426034,427634,423001,4633,3033,1600,0,0.9099033815431212,0.9099033815431212
20,141,1,7000000,194.59747634540383,937072.2518529177,7000000000,428434,429834,420001,9833,7470,1400,0,2.241022499436484,2.241022499436484
20,140,0,10000000,201.67182376326147,0,5000000000,425001,430001,417001,13000,0,5000,0.49999999999999994,0,0.49999999999999994
20,143,0,7000000,195.192436841185,0,4000000000,430001,434001,426001,8000,0,4000,0.39999999999999997,0,0.39999999999999997
20,145,1,4000000,195.113032112158,927270.3032555627,10000000000,436315,438315,432001,6314,4314,2000,0,1.2941210300674009,1.2941210300674009
20,146,1,3000000,191.99760831843716,988515.3423991778,7000000000,438315,439715,435001,4714,3035,1400,0,0.9104562786204748,0.9104562786204748
20,144,1,8000000,198.705581199925,862396.3201962598,6000000000,439715,440915,429001,11914,9276,1200,0,2.7829432289945535,2.7829432289945535
20,147,1,5000000,194.11786986261723,946306.8109770127,8000000000,443285,444885,438001,6884,5284,1600,0,1.5851095887720894,1.5851095887720894
20,149,0,7000000,213.88012834295756,0,6000000000,444001,450001,444001,6000,0,6000,0.6,0,0.6
20,148,1,10000000,201.61041168550793,814031.4912959336,7000000000,454547,455947,441001,14946,12285,1400,0,3.685361109585597,3.685361109585597
20,150,1,4000000,230.1544025214378,480420.6378876748,7000000000,455947,457347,447001,10346,8326,1400,0,2.4978110958683817,2.4978110958683817
20,152,0,5000000,238.0204556335442,0,10000000000,453001,463001,453001,10000,0,10000,0.9999999999999999,0,0.9999999999999999
20,153,0,7000000,220.89101475614618,0,3000000000,463001,466001,456001,10000,0,3000,0.3,0,0.3
20,155,1,7000000,178.7654040915076,1312367.0191244679,4000000000,467335,468135,462001,6134,5334,800,0,1.6001621264461472,1.6001621264461472
20,151,1,6000000,249.70264556067485,347062.7940052567,8000000000,467289,468889,450001,18888,17288,1600,0,5.186381343926876,5.186381343926876
20,154,0,3000000,205.09724961588344,0,3000000000,466001,469001,459001,10000,0,3000,0.3,0,0.3
20,156,1,8000000,151.80019104072304,2503221.6357933204,10000000000,468197,470197,465001,5196,3196,2000,0,0.9587644840083817,0.9587644840083817
20,157,1,7000000,127.2302656603373,4985290.085123062,2000000000,470197,470597,468001,2596,1404,400,0,0.42123927878675516,0.42123927878675516
20,158,1,9000000,101.58224697258865,11699806.886439102,4000000000,472397,473197,471001,2196,769,800,0,0.23077303977807442,0.23077303977807442
20,159,1,5000000,78.09303426042558,29446994.222567376,3000000000,475970,476570,474001,2569,170,600,0,0.050938985101930734,0.050938985101930734
20,160,0,10000000,64.86439470156185,0,2000000000,477001,479001,477001,2000,0,2000,0.19999999999999998,0,0.19999999999999998
20,161,0,5000000,74.84381403963859,0,2000000000,480001,482001,480001,2000,0,2000,0.19999999999999998,0,0.19999999999999998
20,162,1,6000000,96.18849203517017,14286836.837173425,9000000000,484251,486051,483001,3050,420,1800,0,0.12599009987406845,0.12599009987406845
20,163,1,4000000,122.59000367077242,5752972.756401911,10000000000,488651,490651,486001,4650,695,2000,0,0.20858781204285026,0.20858781204285026
20,164,1,8000000,151.42748825758153,2527528.751087127,4000000000,499051,499851,489001,10850,3165,800,0,0.9495440947873393,0.9495440947873393
20,165,0,4000000,173.56665491965904,0,9000000000,492001,501001,492001,9000,0,9000,0.8999999999999999,0,0.8999999999999999
20,166,0,2000000,175.1478506862131,0,8000000000,501001,509001,495001,14000,0,8000,0.7999999999999999,0,0.7999999999999999
20,167,0,3000000,189.7768713515954,0,4000000000,509001,513001,498001,15000,0,4000,0.39999999999999997,0,0.39999999999999997
20,168,0,10000000,216.95619189135854,0,6000000000,513001,519001,501001,18000,0,6000,0.6,0,0.6
20,174,0,3000000,141.6871158574413,0,7000000000,519001,526001,519001,7000,0,7000,0.7,0,0.7
20,175,0,10000000,118.59288764508598,0,3000000000,526001,529001,522001,7000,0,3000,0.3,0,0.3
20,178,0,7000000,77.0409358717818,0,8000000000,531001,539001,531001,8000,0,8000,0.7999999999999999,0,0.7999999999999999
20,179,0,6000000,70.49804039829756,0,6000000000,539001,545001,534001,11000,0,6000,0.6,0,0.6
20,180,0,3000000,65.16721952024649,0,7000000000,545001,552001,537001,15000,0,7000,0.7,0,0.7
20,170,1,5000000,165.29138513546314,1789561.732500524,10000000000,551794,553794,507001,46793,2794,2000,0,0.8381940520733395,0.8381940520733395
20,184,0,3000000,113.08506046335214,0,3000000000,552001,555001,549001,6000,0,3000,0.3,0,0.3
20,171,1,2000000,165.12607062484105,1796650.272861033,2000000000,555794,556194,510001,46193,1113,400,0,0.3339548097162751,0.3339548097162751
20,169,1,9000000,186.039249890984,1120341.8680406786,3000000000,556194,556794,504001,52793,8033,600,0,2.409978665460323,2.409978665460323
20,185,0,9000000,135.2867805811048,0,5000000000,555001,560001,552001,8000,0,5000,0.49999999999999994,0,0.49999999999999994
20,173,1,5000000,161.03492105751474,1983719.5828797654,9000000000,563994,565794,516001,49793,2521,1800,0,0.7561552615327063,0.7561552615327063
20,172,1,10000000,165.12607062484105,1796650.272861033,5000000000,565794,566794,513001,53793,5566,1000,0,1.6697740485813755,1.6697740485813755
20,187,0,6000000,181.15076511017003,0,10000000000,560001,570001,558001,12000,0,10000,0.9999999999999999,0,0.9999999999999999
20,176,1,3000000,97.79002914407994,13453610.262637753,7000000000,570394,571794,525001,46793,223,1400,0,0.06689654170370946,0.06689654170370946
20,177,1,5000000,79.81730702047022,27395644.141601805,6000000000,574594,575794,528001,47793,183,1200,0,0.054753229829050336,0.054753229829050336
20,190,0,8000000,181.66731268998288,0,6000000000,570001,576001,567001,9000,0,6000,0.6,0,0.6
20,189,1,9000000,205.4569884428369,755069.9273161968,2000000000,575920,576320,564001,12319,11919,400,0,3.575827750943304,3.575827750943304
20,194,1,4000000,90.71310434551339,17632212.378819086,2000000000,579228,579628,579001,627,227,400,0,0.06805725647006809,0.06805725647006809
20,191,0,3000000,151.88450118428804,0,6000000000,576001,582001,570001,12000,0,6000,0.6,0,0.6
20,195,1,5000000,73.24464758601817,36187752.74732683,6000000000,582139,583339,582001,1338,138,1200,0,0.041450487696028715,0.041450487696028715
20,181,1,3000000,69.87251891838449,41862422.47464631,5000000000,583394,584394,540001,44393,72,1000,0,0.021498994725999886,0.021498994725999886
20,196,1,9000000,65.53001907522992,50603782.77090556,8000000000,585179,586779,585001,1778,178,1600,0,0.053355695012435984,0.053355695012435984
20,192,0,5000000,123.2124689307052,0,7000000000,582001,589001,573001,16000,0,7000,0.7,0,0.7
20,197,1,9000000,61.549654751265635,60284264.813303456,8000000000,588150,589750,588001,1749,149,1600,0,0.0447878067081307,0.0447878067081307
20,193,0,4000000,100.80115078708178,0,3000000000,589001,592001,576001,16000,0,3000,0.3,0,0.3
20,182,1,7000000,79.64727365076594,27590649.197262656,5000000000,591794,592794,543001,49793,254,1000,0,0.07611274330610339,0.07611274330610339
20,183,1,4000000,93.20848942022398,16004931.967791125,8000000000,592794,594394,546001,48393,250,1600,0,0.07497688852504474,0.07497688852504474
20,200,1,3000000,25.385210261094986,276416261.455508,3000000000,597950,598550,597001,1549,11,600,0,0.0032559589485109367,0.0032559589485109367
20,198,0,9000000,38.16058830783402,0,7000000000,592001,599001,591001,8000,0,7000,0.7,0,0.7
20,201,1,5000000,47.95086756253737,109239816.97969294,10000000000,600150,602150,600001,2149,46,2000,0,0.013731256985526089,0.013731256985526089
20,186,1,7000000,157.3523425310218,2173174.664417608,10000000000,600394,602394,555001,47393,3221,2000,0,0.966328217599933,0.966328217599933
20,202,1,3000000,71.60357882117346,38838207.05210604,8000000000,603078,604678,603001,1677,77,1600,0,0.02317305736571577,0.02317305736571577
20,188,1,3000000,205.76981800059994,750512.4398549667,5000000000,604794,605794,561001,44793,3997,1000,0,1.199180656051379,1.199180656051379
20,203,1,4000000,80.91089234460335,26177857.7386346,4000000000,606154,606954,606001,953,153,800,0,0.045840267449730215,0.045840267449730215
20,199,0,6000000,19.112990346881816,0,8000000000,599001,607001,594001,13000,0,8000,0.7999999999999999,0,0.7999999999999999
20,204,1,4000000,65.24926129850056,51231043.54481138,4000000000,609643,610443,609001,1442,78,800,0,0.023423298003882542,0.023423298003882542
20,205,1,6000000,42.405689476767144,138259278.66872138,9000000000,615795,617595,612001,5594,43,1800,0,0.01301901772764866,0.01301901772764866
20,206,1,10000000,23.325784016834245,300378639.0550339,9000000000,617595,619395,615001,4394,33,1800,0,0.00998739460781149,0.00998739460781149
20,207,1,2000000,25.75258627788678,272362840.00173867,8000000000,619395,620995,618001,2994,7,1600,0,0.002202943690835981,0.002202943690835981
20,208,0,10000000,46.393165444923035,0,2000000000,621001,623001,621001,2000,0,2000,0.19999999999999998,0,0.19999999999999998
20,209,0,10000000,62.38384486387486,0,5000000000,624001,629001,624001,5000,0,5000,0.49999999999999994,0,0.49999999999999994
20,210,1,7000000,48.54748809155836,106471895.15940121,3000000000,640395,640995,627001,13994,66,600,0,0.019723514800371007,0.019723514800371007
20,213,0,7000000,36.67468063937294,0,6000000000,636001,642001,636001,6000,0,6000,0.6,0,0.6
20,211,1,4000000,28.185877669499725,247027390.4722236,9000000000,640995,642795,630001,12794,16,1800,0,0.004857760905404258,0.004857760905404258
20,214,0,5000000,58.582179030828144,0,5000000000,642001,647001,639001,8000,0,5000,0.49999999999999994,0,0.49999999999999994
20,212,1,4000000,21.408769231322005,324797062.0554166,10000000000,647195,649195,633001,16194,12,2000,0,0.0036946147000407816,0.0036946147000407816
20,215,0,6000000,69.53580157012645,0,9000000000,647001,656001,642001,14000,0,9000,0.8999999999999999,0,0.8999999999999999
20,217,1,5000000,85.00484809703497,22133066.99434215,10000000000,655595,657595,648001,9594,226,2000,0,0.06777189986292652,0.06777189986292652
20,219,1,2000000,120.7914078070125,6088959.991169037,2000000000,659595,659995,654001,5994,328,400,0,0.0985389953079334,0.0985389953079334
20,216,0,10000000,71.27629409558276,0,4000000000,656001,660001,645001,15000,0,4000,0.39999999999999997,0,0.39999999999999997
20,220,1,3000000,140.63767098469742,3377020.133298548,8000000000,659995,661595,657001,4594,888,1600,0,0.2665071466781317,0.2665071466781317
20,218,0,3000000,104.82912000012207,0,8000000000,660001,668001,651001,17000,0,8000,0.7999999999999999,0,0.7999999999999999
20,223,1,4000000,163.92760902300748,1849094.7983171986,5000000000,669254,670254,666001,4253,2163,1000,0,0.6489661866401232,0.6489661866401232
20,221,0,8000000,161.83081041631107,0,7000000000,668001,675001,660001,15000,0,7000,0.7,0,0.7
20,224,1,9000000,163.11698930522232,1885646.5917182888,3000000000,675854,676454,669001,7453,4773,600,0,1.431869583546742,1.431869583546742
20,226,1,9000000,140.05857703118363,3431902.6615028144,10000000000,678654,680654,675001,5653,2622,2000,0,0.7867356001343239,0.7867356001343239
20,222,0,7000000,182.84433433934998,0,7000000000,675001,682001,663001,19000,0,7000,0.7,0,0.7
20,227,1,8000000,121.08684486764032,6032159.555287313,2000000000,682654,683054,678001,5053,1326,400,0,0.39786745990436384,0.39786745990436384
20,230,1,4000000,84.48810389634738,22602124.67416782,8000000000,687933,689533,687001,2532,177,1600,0,0.053092353807405165,0.053092353807405165
20,225,0,9000000,157.3014818747745,0,9000000000,682001,691001,672001,19000,0,9000,0.8999999999999999,0,0.8999999999999999
20,228,0,2000000,104.55057436475417,0,2000000000,691001,693001,681001,12000,0,2000,0.19999999999999998,0,0.19999999999999998
20,229,0,6000000,91.78004412725016,0,5000000000,693001,698001,684001,14000,0,5000,0.49999999999999994,0,0.49999999999999994
20,234,1,9000000,87.62428031088187,19920576.279175993,10000000000,699460,701460,699001,2459,452,2000,0,0.13553824759690558,0.13553824759690558
20,231,0,2000000,140.44013279686118,0,4000000000,698001,702001,690001,12000,0,4000,0.39999999999999997,0,0.39999999999999997
20,235,1,5000000,76.02738980130779,32132964.716734234,2000000000,703110,703510,702001,1509,156,400,0,0.04668103342542895,0.04668103342542895
20,232,0,2000000,120.44706721211602,0,4000000000,702001,706001,693001,13000,0,4000,0.39999999999999997,0,0.39999999999999997
20,236,1,5000000,47.50802037551136,111336621.87526916,9000000000,705046,706846,705001,1845,45,1800,0,0.013472655939574453,0.013472655939574453
20,237,1,8000000,19.083443085564983,357677884.9541209,9000000000,708023,709823,708001,1822,22,1800,0,0.006709947975418851,0.006709947975418851
20,233,0,4000000,100.9576941099588,0,4000000000,706001,710001,696001,14000,0,4000,0.39999999999999997,0,0.39999999999999997
20,239,1,3000000,37.73022395904908,167892890.41933307,5000000000,714019,715019,714001,1018,18,1000,0,0.005360560520175331,0.005360560520175331
20,240,1,10000000,51.75936340412238,92648590.27367862,9000000000,717109,718909,717001,1908,108,1800,0,0.032380417134660895,0.032380417134660895
20,238,0,5000000,11.71134492703555,0,8000000000,711001,719001,711001,8000,0,8000,0.7999999999999999,0,0.7999999999999999
20,241,0,10000000,74.74377365372989,0,3000000000,720001,723001,720001,3000,0,3000,0.3,0,0.3
20,242,1,7000000,101.44738981363695,11757327.106618116,3000000000,723596,724196,723001,1195,595,600,0,0.17861202473629614,0.17861202473629614
20,243,1,10000000,128.73978600261844,4762969.776980406,8000000000,728101,729701,726001,3700,2100,1600,0,0.6298591300115113,0.6298591300115113
20,244,0,7000000,147.35357817168875,0,3000000000,729001,732001,729001,3000,0,3000,0.3,0,0.3
20,246,1,6000000,178.0440105704204,1333569.677162705,10000000000,739500,741500,735001,6499,4499,2000,0,1.3497607442827204,1.3497607442827204
20,245,0,3000000,160.7959116395688,0,10000000000,732001,742001,732001,10000,0,10000,0.9999999999999999,0,0.9999999999999999
20,247,0,10000000,192.53070222694348,0,3000000000,742001,745001,738001,7000,0,3000,0.3,0,0.3
20,248,1,4000000,168.23376979667302,1669010.9938720912,3000000000,745185,745785,741001,4784,2397,600,0,0.718988673175849,0.718988673175849
20,249,1,8000000,146.06131589164866,2912119.1214086176,4000000000,747180,747980,744001,3979,2747,800,0,0.824142110930922,0.824142110930922
20,250,1,3000000,129.0151812772434,4723730.435346772,9000000000,747980,749780,747001,2779,635,1800,0,0.19052738345640388,0.19052738345640388
20,251,1,8000000,114.65531823687907,7430352.63049762,9000000000,751078,752878,750001,2877,1077,1800,0,0.3229994751728585,0.3229994751728585
20,253,1,8000000,105.66755273024927,10106493.254113613,7000000000,756793,758193,756001,2192,792,1400,0,0.23747109305427339,0.23747109305427339
20,254,1,3000000,113.44943278835736,7734720.728676722,10000000000,759389,761389,759001,2388,388,2000,0,0.11635843510977992,0.11635843510977992
20,252,0,6000000,106.10054712394282,0,9000000000,753001,762001,753001,9000,0,9000,0.8999999999999999,0,0.8999999999999999
20,255,1,3000000,125.67276634179728,5228146.799205412,9000000000,762575,764375,762001,2374,574,1800,0,0.17214512800917994,0.17214512800917994
20,256,1,5000000,144.14360374293412,3066897.9152755174,4000000000,766631,767431,765001,2430,1630,800,0,0.48909355362917134,0.48909355362917134
20,257,1,8000000,166.25169172071602,1749063.9017000566,6000000000,772575,773775,768001,5774,4574,1200,0,1.3721625594509417,1.3721625594509417
20,259,0,9000000,177.43628997473994,0,4000000000,774001,778001,774001,4000,0,4000,0.39999999999999997,0,0.39999999999999997
20,258,1,8000000,190.52766544520514,1019159.2347658688,3000000000,778851,779451,771001,8450,7850,600,0,2.3548822579735065,2.3548822579735065
20,260,0,8000000,157.23219295042608,0,4000000000,778001,782001,777001,5000,0,4000,0.39999999999999997,0,0.39999999999999997
20,261,1,5000000,136.1694268182106,3830413.517060696,9000000000,781306,783106,780001,3105,1305,1800,0,0.39160262810241936,0.39160262810241936
20,263,1,7000000,107.39543053594039,9511634.402512422,7000000000,786737,788137,786001,2136,736,1400,0,0.22078224531478016,0.22078224531478016
20,262,0,9000000,118.90188097755227,0,8000000000,783001,791001,783001,8000,0,8000,0.7999999999999999,0,0.7999999999999999
20,264,0,9000000,103.57000048276521,0,4000000000,791001,795001,789001,6000,0,4000,0.39999999999999997,0,0.39999999999999997
20,265,0,8000000,111.53223973363039,0,4000000000,795001,799001,792001,7000,0,4000,0.39999999999999997,0,0.39999999999999997
20,266,0,9000000,133.37802292731743,0,3000000000,799001,802001,795001,7000,0,3000,0.3,0,0.3
20,267,0,8000000,162.088198213195,0,3000000000,802001,805001,798001,7000,0,3000,0.3,0,0.3
20,268,0,7000000,120.86853395321702,0,7000000000,805001,812001,801001,11000,0,7000,0.7,0,0.7
20,272,1,2000000,176.37394195288593,1384312.90668585,6000000000,814446,815646,813001,2645,1445,1200,0,0.4334280184069406,0.4334280184069406
20,269,0,7000000,139.39816533943338,0,4000000000,812001,816001,804001,12000,0,4000,0.39999999999999997,0,0.39999999999999997
20,271,1,5000000,190.69996670162269,1015506.6705507194,7000000000,815646,817046,810001,7045,4924,1400,0,1.477095171798857,1.477095171798857
20,274,1,4000000,119.72560628370188,6299363.520200679,8000000000,819636,821236,819001,2235,635,1600,0,0.19049543595188034,0.19049543595188034
20,270,0,9000000,169.2042233515465,0,7000000000,816001,823001,807001,16000,0,7000,0.7,0,0.7
20,275,1,3000000,93.58409373392466,15775513.62443184,8000000000,822191,823791,822001,1790,190,1600,0,0.05705044041204166,0.05705044041204166
20,276,1,4000000,63.287044487793935,55845013.01644361,4000000000,825073,825873,825001,872,72,800,0,0.021488042265236092,0.021488042265236092
20,273,0,5000000,149.59777137377415,0,3000000000,823001,826001,816001,10000,0,3000,0.3,0,0.3
20,277,0,2000000,34.00161466754182,0,5000000000,828001,833001,828001,5000,0,5000,0.49999999999999994,0,0.49999999999999994
20,278,0,10000000,12.318222274338162,0,7000000000,833001,840001,831001,9000,0,7000,0.7,0,0.7
20,279,0,6000000,26.712742277796906,0,3000000000,840001,843001,834001,9000,0,3000,0.3,0,0.3
20,280,0,6000000,56.124793095387,0,6000000000,843001,849001,837001,12000,0,6000,0.6,0,0.6
20,283,1,9000000,142.27547715611433,3227553.731557671,5000000000,849420,850420,846001,4419,2788,1000,0,0.8365468787089518,0.8365468787089518
20,285,1,3000000,174.60255038228965,1440784.6407179756,2000000000,854083,854483,852001,2482,2082,400,0,0.6246596295970435,0.6246596295970435
20,281,0,5000000,81.49552748464181,0,7000000000,849001,856001,840001,16000,0,7000,0.7,0,0.7
20,284,1,10000000,169.02552381223373,1638307.883634564,5000000000,856083,857083,849001,8082,6104,1000,0,1.8311576413491586,1.8311576413491586
20,286,1,2000000,194.04773356058556,947666.7268672981,7000000000,858283,859683,855001,4682,2110,1400,0,0.6331339731462557,0.6331339731462557
20,282,0,4000000,111.8205795012707,0,5000000000,856001,861001,843001,18000,0,5000,0.49999999999999994,0,0.49999999999999994
20,287,1,5000000,192.15609540162916,985280.276088942,6000000000,863076,864276,858001,6275,5075,1200,0,1.5224094467355336,1.5224094467355336
20,289,1,7000000,136.07839652200494,3840404.9651836213,6000000000,868076,869276,864001,5275,1823,1200,0,0.5468173328172938,0.5468173328172938
20,288,0,2000000,161.61646512654585,0,9000000000,861001,870001,861001,9000,0,9000,0.8999999999999999,0,0.8999999999999999
20,290,0,6000000,105.62759724617423,0,3000000000,870001,873001,867001,6000,0,3000,0.3,0,0.3
20,291,1,2000000,75.26201233025856,33196080.462954126,3000000000,872476,873076,870001,3075,60,600,0,0.018074422993087477,0.018074422993087477
20,292,1,8000000,45.840424299956055,119564488.8148622,10000000000,873076,875076,873001,2075,67,2000,0,0.020072849587608268,0.020072849587608268
20,293,0,9000000,44.07713806498788,0,5000000000,876001,881001,876001,5000,0,5000,0.49999999999999994,0,0.49999999999999994
20,294,0,7000000,58.29886619823749,0,5000000000,881001,886001,879001,7000,0,5000,0.49999999999999994,0,0.49999999999999994
20,296,1,10000000,109.51162541027323,8839422.835268483,2000000000,886132,886532,885001,1531,1131,400,0,0.3393886745671082,0.3393886745671082
20,295,0,6000000,82.03660463476047,0,2000000000,886001,888001,882001,6000,0,2000,0.19999999999999998,0,0.19999999999999998
20,297,1,7000000,132.90497244271936,4209659.15365348,4000000000,889664,890464,888001,2463,1663,800,0,0.4988527392241368,0.4988527392241368
20,298,1,7000000,150.39523296966564,2596391.458854749,8000000000,893697,895297,891001,4296,2696,1600,0,0.808814862195817,0.808814862195817
20,299,1,4000000,171.8315017684476,1534990.516031097,8000000000,896897,898497,894001,4496,2606,1600,0,0.7817637877677217,0.7817637877677217
20,300,1,3000000,134.96690631410354,3965026.1201700573,2000000000,898497,898897,897001,1896,757,400,0,0.22698463332226412,0.22698463332226412
20,301,1,2000000,147.09860128498846,2832417.80763107,9000000000,900707,902507,900001,2506,706,1800,0,0.2118331548345327,0.2118331548345327
20,302,1,7000000,166.8653019653877,1723781.5479340956,10000000000,907062,909062,903001,6061,4061,2000,0,1.2182518153282194,1.2182518153282194
20,303,1,7000000,186.055220297631,1119960.22117256,7000000000,912251,913651,906001,7650,6250,1400,0,1.8750665963844428,1.8750665963844428
20,304,1,4000000,209.52991600246497,698325.3298803575,4000000000,915491,916291,909001,7290,5728,800,0,1.7183967824933306,1.7183967824933306
20,305,0,9000000,234.2294825593055,0,7000000000,912001,919001,912001,7000,0,7000,0.7,0,0.7
20,308,1,2000000,238.52242179719707,416652.6240578871,9000000000,925801,927601,921001,6600,4800,1800,0,1.4400485328916104,1.4400485328916104
20,307,0,6000000,223.9032748755587,0,10000000000,919001,929001,918001,11000,0,10000,0.9999999999999999,0,0.9999999999999999
20,310,1,5000000,196.5149157188838,901255.366793253,2000000000,932549,932949,927001,5948,5548,400,0,1.6643451515158616,1.6643451515158616
20,309,0,3000000,215.51423247665105,0,7000000000,929001,936001,924001,12000,0,7000,0.7,0,0.7
20,312,1,9000000,175.96439440977824,1397121.1802648494,4000000000,939699,940499,933001,7498,6442,800,0,1.9325453211497132,1.9325453211497132
20,313,1,9000000,176.3282308650546,1385735.2290104062,8000000000,942496,944096,936001,8095,6495,1600,0,1.9484241603124635,1.9484241603124635
20,311,0,2000000,182.91312145387494,0,9000000000,936001,945001,930001,15000,0,9000,0.8999999999999999,0,0.8999999999999999
20,314,1,5000000,183.67601095407096,1178645.364758681,2000000000,945496,945896,939001,6895,4242,400,0,1.2726474348008097,1.2726474348008097
20,306,1,7000000,218.8591227250991,587108.8495986699,9000000000,945090,946890,915001,31889,11923,1800,0,3.576849508290494,3.576849508290494
20,316,1,3000000,141.27663996570695,3317712.862977913,9000000000,949096,950896,945001,5895,904,1800,0,0.27127121519255826,0.27127121519255826
20,317,0,9000000,112.58141409664387,0,4000000000,948001,952001,948001,4000,0,4000,0.39999999999999997,0,0.39999999999999997
20,315,1,8000000,172.41774966632642,1514436.4064771247,8000000000,950896,952496,942001,10495,5282,1600,0,1.5847479562267455,1.5847479562267455
20,318,0,6000000,97.1397308005329,0,5000000000,952001,957001,951001,6000,0,5000,0.49999999999999994,0,0.49999999999999994
20,320,1,6000000,66.4304184843058,48645433.72554033,6000000000,961696,962896,957001,5895,123,1200,0,0.037002445289226506,0.037002445289226506
20,319,0,10000000,80.66777361499453,0,9000000000,957001,966001,954001,12000,0,9000,0.8999999999999999,0,0.8999999999999999
20,323,1,7000000,117.53647306262,6759999.483995445,9000000000,967037,968837,966001,2836,1036,1800,0,0.3106509112865807,0.3106509112865807
20,321,0,5000000,70.2220706046183,0,7000000000,966001,973001,960001,13000,0,7000,0.7,0,0.7
20,325,1,6000000,181.7442884934765,1229128.8952887252,4000000000,976883,977683,972001,5682,4882,800,0,1.4644517811756235,1.4644517811756235
20,322,0,8000000,89.79605781992879,0,9000000000,973001,982001,963001,19000,0,9000,0.8999999999999999,0,0.8999999999999999
20,324,0,2000000,148.9353017252794,0,9000000000,982001,991001,969001,22000,0,9000,0.8999999999999999,0,0.8999999999999999
20,327,1,9000000,217.30292980077382,604037.4777781476,4000000000,992901,993701,978001,15700,14900,800,0,4.469921320000715,4.469921320000715
20,326,0,9000000,203.31283579744786,0,5000000000,991001,996001,975001,21000,0,5000,0.49999999999999994,0,0.49999999999999994
20,331,1,6000000,207.3052852678871,728633.3840049191,7000000000,998236,999636,990001,9635,8235,1400,0,2.470378162068742,2.470378162068742
