vehicle_id,task_id,execution_location,size,distance,transfer_rate,execution_cycles,start_time,end_time,release_time,response_time,transmission_time,execution_time,execution_energy,transfer_energy,total_energy
1,1,0,4000000,180.12362227092814,0,9000000000,1,9001,1,9000,0,9000,0.8999999999999999,0,0.8999999999999999
1,3,1,3000000,183.89026211303306,1173206.3323137874,4000000000,8558,9358,6001,3357,2557,800,0,0.7671284881535099,0.7671284881535099
1,2,1,9000000,178.2195253051696,1328372.1139348727,9000000000,9776,11576,3001,8575,6775,1800,0,2.0325629932128906,2.0325629932128906
1,4,0,7000000,174.2800496327678,0,8000000000,9001,17001,9001,8000,0,8000,0.7999999999999999,0,0.7999999999999999
1,5,0,10000000,153.93124861443826,0,2000000000,17001,19001,12001,7000,0,2000,0.19999999999999998,0,0.19999999999999998
1,7,1,7000000,115.7584813307431,7164544.909383026,5000000000,20057,21057,18001,3056,977,1000,0,0.29311003372311073,0.29311003372311073
1,6,0,7000000,134.19435792908735,0,6000000000,19001,25001,15001,10000,0,6000,0.6,0,0.6
1,9,1,9000000,92.84315914487185,16231834.682887789,2000000000,25290,25690,24001,1689,554,400,0,0.16633979169627952,0.16633979169627952
1,10,1,10000000,78.80699524788392,28577460.437299713,8000000000,27351,28951,27001,1950,350,1600,0,0.10497783757175136,0.10497783757175136
1,11,1,5000000,69.22982666452369,43048520.651141025,5000000000,30117,31117,30001,1116,116,1000,0,0.034844402950702597,0.034844402950702597
1,8,0,8000000,105.52037954821806,0,10000000000,25001,35001,21001,14000,0,10000,0.9999999999999999,0,0.9999999999999999
1,13,1,9000000,66.61727403609366,48249021.153162636,8000000000,36188,37788,36001,1787,187,1600,0,0.055959684475858425,0.055959684475858425
1,12,0,4000000,67.05641281786552,0,8000000000,35001,43001,33001,10000,0,8000,0.7999999999999999,0,0.7999999999999999
1,15,1,7000000,83.9798862823712,23074554.17041278,7000000000,42304,43704,42001,1703,303,1400,0,0.09100934234702196,0.09100934234702196
1,14,0,9000000,72.3964867932139,0,3000000000,43001,46001,39001,7000,0,3000,0.3,0,0.3
1,18,1,8000000,135.67610290688629,3884946.4135141578,3000000000,53060,53660,51001,2659,2059,600,0,0.6177691387586121,0.6177691387586121
1,16,0,3000000,99.35792670944781,0,9000000000,46001,55001,45001,10000,0,9000,0.8999999999999999,0,0.8999999999999999
1,20,1,3000000,176.06610690306067,1393926.5036305662,2000000000,59153,59553,57001,2552,2152,400,0,0.6456581445692404,0.6456581445692404
1,17,0,2000000,116.67081211682725,0,9000000000,55001,64001,48001,16000,0,9000,0.8999999999999999,0,0.8999999999999999
1,21,1,4000000,196.22274893599877,906601.4149585579,3000000000,64413,65013,60001,5012,4412,600,0,1.3236246714382789,1.3236246714382789
1,19,0,9000000,155.56204324963076,0,3000000000,64001,67001,54001,13000,0,3000,0.3,0,0.3
1,23,1,3000000,193.24822638254668,963342.1712538899,7000000000,69115,70515,66001,4514,3114,1400,0,0.934247484285419,0.934247484285419
1,22,1,6000000,198.36412679716057,868313.9305856697,4000000000,70515,71315,63001,8314,6910,800,0,2.0729829806898485,2.0729829806898485
1,24,1,2000000,192.04401578804794,987566.6976269817,4000000000,71315,72115,69001,3114,2025,800,0,0.6075539013635601,0.6075539013635601
1,25,1,7000000,194.85996253720256,932065.7250025843,4000000000,79789,80589,72001,8588,7510,800,0,2.253059997452623,2.253059997452623
1,26,0,5000000,201.5371402496324,0,9000000000,75001,84001,75001,9000,0,9000,0.8999999999999999,0,0.8999999999999999
1,27,0,6000000,211.68817161098065,0,2000000000,84001,86001,78001,8000,0,2000,0.19999999999999998,0,0.19999999999999998
1,28,0,10000000,224.82935239865807,0,10000000000,86001,96001,81001,15000,0,10000,0.9999999999999999,0,0.9999999999999999
1,29,0,7000000,240.4917597340915,0,2000000000,96001,98001,84001,14000,0,2000,0.19999999999999998,0,0.19999999999999998
1,30,0,6000000,249.97665971046177,0,4000000000,98001,102001,87001,15000,0,4000,0.39999999999999997,0,0.39999999999999997
1,31,0,3000000,233.35631660617204,0,8000000000,102001,110001,90001,20000,0,8000,0.7999999999999999,0,0.7999999999999999
1,37,1,2000000,222.8499192281657,546323.9683476437,7000000000,111662,113062,108001,5061,3661,1400,0,1.098249454100832,1.098249454100832
1,32,0,3000000,219.02614113388384,0,5000000000,110001,115001,93001,22000,0,5000,0.49999999999999994,0,0.49999999999999994
1,34,1,10000000,220.17305579929618,573274.0263605905,5000000000,116445,117445,99001,18444,17444,1000,0,5.233099463873136,5.233099463873136
1,33,0,4000000,209.20176528891915,0,3000000000,115001,118001,96001,22000,0,3000,0.3,0,0.3
1,35,0,3000000,240.65468123433624,0,7000000000,118001,125001,102001,23000,0,7000,0.7,0,0.7
1,36,0,2000000,243.55827988389146,0,5000000000,125001,130001,105001,25000,0,5000,0.49999999999999994,0,0.49999999999999994
1,44,1,4000000,38.68715161394029,161403756.89455852,8000000000,129026,130626,129001,1625,25,1600,0,0.007434771179359432,0.007434771179359432
1,47,1,5000000,52.5495290178704,89513905.10922478,3000000000,138057,138657,138001,656,56,600,0,0.016757173069029907,0.016757173069029907
1,38,0,9000000,206.75429209571445,0,9000000000,130001,139001,111001,28000,0,9000,0.8999999999999999,0,0.8999999999999999
1,39,0,2000000,177.13851077617196,0,5000000000,139001,144001,114001,30000,0,5000,0.49999999999999994,0,0.49999999999999994
2,1,1,6000000,186.13618938830783,1118027.779437663,4000000000,5368,6168,1,6167,5367,800,0,1.6099778852591213,1.6099778852591213
2,2,0,3000000,183.10767214947603,0,8000000000,3001,11001,3001,8000,0,8000,0.7999999999999999,0,0.7999999999999999
2,3,0,8000000,177.28988352413114,0,10000000000,11001,21001,6001,15000,0,10000,0.9999999999999999,0,0.9999999999999999
2,6,1,7000000,185.26381298030117,1139068.8400601756,4000000000,21926,22726,15001,7725,6145,800,0,1.843611137575372,1.843611137575372
2,4,0,3000000,175.22724702511312,0,2000000000,21001,23001,9001,14000,0,2000,0.19999999999999998,0,0.19999999999999998
2,9,1,2000000,189.1234623202526,1049544.6050093847,10000000000,25907,27907,24001,3906,1906,2000,0,0.571676512971676,0.571676512971676
2,8,1,6000000,211.43839764810932,673567.5581808327,10000000000,29909,31909,21001,10908,8908,2000,0,2.6723377308453355,2.6723377308453355
2,5,0,9000000,178.157256938919,0,9000000000,23001,32001,12001,20000,0,9000,0.8999999999999999,0,0.8999999999999999
2,7,0,10000000,204.14273952310916,0,7000000000,32001,39001,18001,21000,0,7000,0.7,0,0.7
2,10,0,6000000,167.94608807590603,0,3000000000,39001,42001,27001,15000,0,3000,0.3,0,0.3
2,15,1,2000000,80.2557026011236,26899964.863185126,4000000000,42075,42875,42001,874,74,800,0,0.02230486184839411,0.02230486184839411
2,16,1,4000000,71.03915117736135,39797671.89482717,4000000000,45102,45902,45001,901,101,800,0,0.030152517543519268,0.030152517543519268
2,11,0,5000000,146.589252675631,0,6000000000,42001,48001,30001,18000,0,6000,0.6,0,0.6
2,17,1,9000000,68.50598878930222,44427277.35212232,6000000000,48252,49452,48001,1451,203,1200,0,0.060773474336505096,0.060773474336505096
2,12,0,7000000,126.09522155894724,0,4000000000,48001,52001,33001,19000,0,4000,0.39999999999999997,0,0.39999999999999997
2,18,1,7000000,73.96341798483898,35089328.481527016,6000000000,51200,52400,51001,1399,199,1200,0,0.059847255301723926,0.059847255301723926
2,13,0,7000000,106.88407271431983,0,2000000000,52001,54001,36001,18000,0,2000,0.19999999999999998,0,0.19999999999999998
2,14,0,5000000,91.170367993115,0,4000000000,54001,58001,39001,19000,0,4000,0.39999999999999997,0,0.39999999999999997
2,19,0,5000000,85.89955587778084,0,5000000000,58001,63001,54001,9000,0,5000,0.49999999999999994,0,0.49999999999999994
2,22,1,10000000,122.34261440724566,5797819.856613246,4000000000,65151,65951,63001,2950,1725,800,0,0.5174358766214631,0.5174358766214631
2,20,0,4000000,88.20806369034527,0,5000000000,63001,68001,57001,11000,0,5000,0.49999999999999994,0,0.49999999999999994
2,23,1,9000000,136.7228561726239,3770352.86616931,10000000000,68388,70388,66001,4387,2387,2000,0,0.7161133442513056,0.7161133442513056
2,21,0,6000000,103.50153042346767,0,9000000000,68001,77001,60001,17000,0,9000,0.8999999999999999,0,0.8999999999999999
2,24,0,7000000,136.7228561726239,0,3000000000,77001,80001,69001,11000,0,3000,0.3,0,0.3
2,25,0,7000000,136.7228561726239,0,8000000000,80001,88001,72001,16000,0,8000,0.7999999999999999,0,0.7999999999999999
2,26,0,9000000,144.46755829597177,0,9000000000,88001,97001,75001,22000,0,9000,0.8999999999999999,0,0.8999999999999999
2,35,1,4000000,185.66820837181578,1129254.4209699363,4000000000,105543,106343,102001,4342,3542,800,0,1.0626480425636051,1.0626480425636051
2,27,0,9000000,156.8697309872112,0,10000000000,97001,107001,78001,29000,0,10000,0.9999999999999999,0,0.9999999999999999
2,38,1,2000000,163.36146822307884,1874529.107784827,8000000000,113062,114662,111001,3661,1067,1600,0,0.32008038579301307,0.32008038579301307
2,28,0,6000000,171.84272926138016,0,8000000000,107001,115001,81001,34000,0,8000,0.7999999999999999,0,0.7999999999999999
2,41,1,2000000,158.6088679740197,2106107.3940350018,4000000000,120951,121751,120001,1750,950,800,0,0.28488575734520616,0.28488575734520616
2,29,0,3000000,190.2484649083929,0,7000000000,115001,122001,84001,38000,0,7000,0.7,0,0.7
2,42,1,6000000,167.666760271677,1691438.5998779314,4000000000,126548,127348,123001,4347,3547,800,0,1.0641828796681732,1.0641828796681732
2,30,0,8000000,205.53309830779077,0,8000000000,122001,130001,87001,43000,0,8000,0.7999999999999999,0,0.7999999999999999
2,31,0,8000000,186.93584273755528,0,5000000000,130001,135001,90001,45000,0,5000,0.49999999999999994,0,0.49999999999999994
2,44,1,9000000,171.98501446347004,1529574.9784341138,6000000000,134885,136085,129001,7084,5884,1200,0,1.7651962395227572,1.7651962395227572
2,32,0,2000000,185.66820837181578,0,4000000000,135001,139001,93001,46000,0,4000,0.39999999999999997,0,0.39999999999999997
2,33,0,9000000,185.66820837181578,0,5000000000,139001,144001,96001,48000,0,5000,0.49999999999999994,0,0.49999999999999994
3,1,0,2000000,219.47007108031832,0,6000000000,1,6001,1,6000,0,6000,0.6,0,0.6
3,3,1,5000000,202.8207336541311,794879.6790359179,7000000000,12291,13691,6001,7690,6290,1400,0,1.8870780566680208,1.8870780566680208
3,4,0,9000000,192.6821984512321,0,8000000000,9001,17001,9001,8000,0,8000,0.7999999999999999,0,0.7999999999999999
3,2,1,7000000,214.59254809988164,635000.8744047234,10000000000,15500,17500,3001,14499,11024,2000,0,3.307082060270592,3.307082060270592
3,5,1,3000000,187.9598427856333,1075582.3679885683,5000000000,17500,18500,12001,6499,2789,1000,0,0.8367560000849378,0.8367560000849378
3,7,1,3000000,149.28622508456704,2672979.0456026164,8000000000,19123,20723,18001,2722,1122,1600,0,0.33670297620948886,0.33670297620948886
3,6,0,5000000,175.75685164453765,0,10000000000,17001,27001,15001,12000,0,10000,0.9999999999999999,0,0.9999999999999999
3,10,1,10000000,71.68834284596065,38696282.530460514,5000000000,27259,28259,27001,1258,258,1000,0,0.07752682696686673,0.07752682696686673
3,11,1,9000000,47.162114032346004,112999837.9627847,7000000000,30081,31481,30001,1480,80,1400,0,0.023893839572488737,0.023893839572488737
3,12,1,4000000,20.958406427970694,330866440.21647036,8000000000,33013,34613,33001,1612,12,1600,0,0.00362684108794744,0.00362684108794744
3,8,0,5000000,124.78861206055629,0,9000000000,27001,36001,21001,15000,0,9000,0.8999999999999999,0,0.8999999999999999
3,9,0,10000000,98.22430249179672,0,2000000000,36001,38001,24001,14000,0,2000,0.19999999999999998,0,0.19999999999999998
3,15,1,8000000,57.46681912199419,72159767.99450779,8000000000,42112,43712,42001,1711,111,1600,0,0.03325953043782885,0.03325953043782885
3,13,0,9000000,6.153738700984919,0,6000000000,38001,44001,36001,8000,0,6000,0.6,0,0.6
3,16,1,8000000,81.93319778941863,25094397.24390578,4000000000,45320,46120,45001,1119,319,800,0,0.09563887813973473,0.09563887813973473
3,14,0,9000000,31.03134222040683,0,6000000000,44001,50001,39001,11000,0,6000,0.6,0,0.6
3,18,1,7000000,135.0387118570079,3956826.3297560615,2000000000,52770,53170,51001,2169,1769,400,0,0.5307283729406099,0.5307283729406099
3,19,1,6000000,161.60491329164466,1956254.4904799007,2000000000,57068,57468,54001,3467,3067,400,0,0.9201256834219105,0.9201256834219105
3,17,0,8000000,108.46928828013947,0,8000000000,50001,58001,48001,10000,0,8000,0.7999999999999999,0,0.7999999999999999
3,20,1,5000000,186.11249286385902,1118592.900771367,2000000000,61471,61871,57001,4870,4470,400,0,1.3409704271908214,1.3409704271908214
3,22,0,9000000,183.25064938493398,0,10000000000,63001,73001,63001,10000,0,10000,0.9999999999999999,0,0.9999999999999999
3,24,1,8000000,158.66009265092467,2103428.070396233,10000000000,72804,74804,69001,5803,3803,2000,0,1.1409945668110726,1.1409945668110726
3,21,1,10000000,205.30215098727044,757338.4500720997,2000000000,74804,75204,60001,15203,13204,400,0,3.9612408424719434,3.9612408424719434
3,23,0,6000000,168.6152582063675,0,10000000000,73001,83001,66001,17000,0,10000,0.9999999999999999,0,0.9999999999999999
3,28,1,2000000,218.99018836468454,585710.2579205522,8000000000,84416,86016,81001,5015,3415,1600,0,1.0243972883967931,1.0243972883967931
3,29,1,2000000,240.24169600633442,404886.10806191084,6000000000,88941,90141,84001,6140,4940,1200,0,1.4818982129864886,1.4818982129864886
3,25,0,8000000,168.19585309989066,0,8000000000,83001,91001,72001,19000,0,8000,0.7999999999999999,0,0.7999999999999999
3,30,1,2000000,236.42561049937035,431586.53433907015,2000000000,91635,92035,87001,5034,4634,400,0,1.3902194629840283,1.3902194629840283
3,26,0,4000000,182.53852333137792,0,8000000000,91001,99001,75001,24000,0,8000,0.7999999999999999,0,0.7999999999999999
3,34,1,2000000,228.57921974667775,493755.1435068264,4000000000,103756,104556,99001,5555,4051,800,0,1.2151772146383821,1.2151772146383821
3,31,1,8000000,217.32868241444797,603752.4187885129,8000000000,103356,104956,90001,14955,13250,1600,0,3.9751393540018105,3.9751393540018105
3,27,0,8000000,198.237014707143,0,6000000000,99001,105001,78001,27000,0,6000,0.6,0,0.6
3,33,1,3000000,243.81896091157472,381703.6929099521,10000000000,104556,106556,96001,10555,7859,2000,0,2.3578498629100753,2.3578498629100753
3,32,0,3000000,234.52462770464,0,4000000000,105001,109001,93001,16000,0,4000,0.39999999999999997,0,0.39999999999999997
3,37,1,2000000,208.78815220217837,708253.3101965729,7000000000,110825,112225,108001,4224,2824,1400,0,0.8471545298298322,0.8471545298298322
3,38,0,6000000,194.30165336404116,0,6000000000,111001,117001,111001,6000,0,6000,0.6,0,0.6
3,39,0,2000000,184.20410961756525,0,3000000000,117001,120001,114001,6000,0,3000,0.3,0,0.3
3,36,1,7000000,226.54924519847782,511627.9634080092,2000000000,119895,120295,105001,15294,13682,400,0,4.104545001824515,4.104545001824515
3,41,1,4000000,179.0953338308958,1302809.693952219,4000000000,123895,124695,120001,4694,3070,800,0,0.9210861767229146,0.9210861767229146
3,35,1,9000000,242.96348799768248,387093.58274090575,10000000000,125251,127251,102001,25250,23250,2000,0,6.975057506461422,6.975057506461422
3,40,0,9000000,179.03917448424522,0,9000000000,120001,129001,117001,12000,0,9000,0.8999999999999999,0,0.8999999999999999
3,42,1,8000000,184.35816797744542,1161436.093231571,2000000000,131288,131688,123001,8687,6888,400,0,2.0664072814564065,2.0664072814564065
3,44,1,5000000,173.4168379944693,1480189.5323447003,6000000000,134488,135688,129001,6687,3378,1200,0,1.0133837371650094,1.0133837371650094
3,43,0,10000000,191.66167718143342,0,7000000000,129001,136001,126001,10000,0,7000,0.7,0,0.7
3,45,1,7000000,151.78970749033022,2503901.3942941516,10000000000,137688,139688,132001,7687,2796,2000,0,0.838691174015656,0.838691174015656
3,46,0,2000000,131.16738161601,0,7000000000,136001,143001,135001,8000,0,7000,0.7,0,0.7
3,48,1,8000000,96.37299673663776,14187799.076643959,6000000000,142888,144088,141001,3087,564,1200,0,0.16915942966452735,0.16915942966452735
3,47,0,8000000,112.96699031132944,0,5000000000,143001,148001,138001,10000,0,5000,0.49999999999999994,0,0.49999999999999994
4,1,0,8000000,218.64258917237515,0,4000000000,1,4001,1,4000,0,4000,0.39999999999999997,0,0.39999999999999997
4,3,1,3000000,199.3570989455856,851243.8270199922,10000000000,9525,11525,6001,5524,3524,2000,0,1.0572763894813686,1.0572763894813686
4,2,0,7000000,213.06791640225893,0,10000000000,4001,14001,3001,11000,0,10000,0.9999999999999999,0,0.9999999999999999
4,5,1,9000000,179.05946386605765,1303844.5646275238,9000000000,18904,20704,12001,8703,6903,1800,0,2.0707989842112227,2.0707989842112227
4,4,0,9000000,186.87452902950687,0,10000000000,14001,24001,9001,15000,0,10000,0.9999999999999999,0,0.9999999999999999
4,6,0,10000000,176.58283155505242,0,3000000000,24001,27001,15001,12000,0,3000,0.3,0,0.3
4,8,1,7000000,187.98747006117193,1074954.9092548408,3000000000,27513,28113,21001,7112,6512,600,0,1.953570314363903,1.953570314363903
4,7,0,6000000,179.66557377527843,0,6000000000,27001,33001,18001,15000,0,6000,0.6,0,0.6
4,9,0,9000000,200.92013263981295,0,2000000000,33001,35001,24001,11000,0,2000,0.19999999999999998,0,0.19999999999999998
4,10,0,10000000,217.52034433588042,0,4000000000,35001,39001,27001,12000,0,4000,0.39999999999999997,0,0.39999999999999997
4,12,0,9000000,227.95178481424534,0,5000000000,39001,44001,33001,11000,0,5000,0.49999999999999994,0,0.49999999999999994
4,15,1,4000000,182.45492292618474,1210250.19770478,9000000000,46650,48450,42001,6449,3305,1800,0,0.991530513505208,0.991530513505208
4,16,1,2000000,176.2890467385878,1386955.9078289066,7000000000,48450,49850,45001,4849,1442,1400,0,0.4326020723609156,0.4326020723609156
4,13,0,4000000,209.16567237479478,0,6000000000,44001,50001,36001,14000,0,6000,0.6,0,0.6
4,14,1,9000000,193.67189780657384,954995.6366907427,3000000000,49850,50450,39001,11449,9424,600,0,2.827238048286857,2.827238048286857
4,11,1,9000000,236.91927443751803,428011.22633488383,2000000000,51028,51428,30001,21427,21027,400,0,6.308245751216512,6.308245751216512
4,17,1,4000000,175.60692839406988,1408421.2220610818,4000000000,50841,51641,48001,3640,2840,800,0,0.8520178347241328,0.8520178347241328
4,19,1,4000000,190.5755671643141,1018142.1412914365,2000000000,57930,58330,54001,4329,3929,400,0,1.1786173573739818,1.1786173573739818
4,18,1,9000000,180.47075885029133,1263886.8743357118,5000000000,58330,59330,51001,8329,7121,1000,0,2.1362671413286867,2.1362671413286867
4,20,0,2000000,205.36544840844087,0,5000000000,57001,62001,57001,5000,0,5000,0.49999999999999994,0,0.49999999999999994
4,21,0,5000000,223.61109543133145,0,4000000000,62001,66001,60001,6000,0,4000,0.39999999999999997,0,0.39999999999999997
4,24,0,5000000,205.6257576277836,0,7000000000,69001,76001,69001,7000,0,7000,0.7,0,0.7
4,23,1,5000000,223.17800070795514,543130.6011137002,5000000000,75207,76207,66001,10206,9206,1000,0,2.761766685442175,2.761766685442175
4,25,0,6000000,187.67957187717582,0,7000000000,76001,83001,72001,11000,0,7000,0.7,0,0.7
4,28,1,5000000,147.46926798489235,2804592.0604482275,7000000000,82784,84184,81001,3183,1783,1400,0,0.5348371412562123,0.5348371412562123
4,29,1,2000000,140.25455892768687,3413206.6176127344,7000000000,85784,87184,84001,3183,586,1400,0,0.17578777590078976,0.17578777590078976
4,22,1,10000000,240.62795057931234,402299.8960409294,8000000000,88184,89784,63001,26783,24857,1600,0,7.457123478090047,7.457123478090047
4,26,0,3000000,171.5400944385889,0,10000000000,83001,93001,75001,18000,0,10000,0.9999999999999999,0,0.9999999999999999
4,32,1,9000000,142.60337478475043,3198616.8863390135,9000000000,95815,97615,93001,4614,2814,1800,0,0.8441148458671126,0.8441148458671126
4,33,1,2000000,160.39771725308316,2014991.570849923,6000000000,97615,98815,96001,2814,993,1200,0,0.29776799500303625,0.29776799500303625
4,27,0,2000000,158.39679321248897,0,7000000000,93001,100001,78001,22000,0,7000,0.7,0,0.7
4,30,0,5000000,137.39902255838652,0,6000000000,100001,106001,87001,19000,0,6000,0.6,0,0.6
4,36,1,8000000,100.04840678391639,12374345.425771752,8000000000,105647,107247,105001,2246,646,1600,0,0.1939496528843924,0.1939496528843924
4,31,0,7000000,139.3392137913804,0,5000000000,106001,111001,90001,21000,0,5000,0.49999999999999994,0,0.49999999999999994
4,37,1,7000000,151.13302815731578,2546939.7265242687,8000000000,110749,112349,108001,4348,2748,1600,0,0.8245189228980326,0.8245189228980326
4,38,1,4000000,161.62960279602254,1955075.513723934,10000000000,113749,115749,111001,4748,2046,2000,0,0.6137870335833205,0.6137870335833205
4,34,0,4000000,149.69513552550728,0,7000000000,111001,118001,99001,19000,0,7000,0.7,0,0.7
4,40,1,5000000,115.7632592837641,7163418.989994845,7000000000,118495,119895,117001,2894,698,1400,0,0.20939721690090327,0.20939721690090327
4,35,0,8000000,124.81518577480873,0,2000000000,118001,120001,102001,18000,0,2000,0.19999999999999998,0,0.19999999999999998
4,41,1,6000000,85.5271114910354,21670286.71156559,10000000000,121895,123895,120001,3894,277,2000,0,0.08306304498681721,0.08306304498681721
4,43,1,2000000,73.38480769205574,35970653.92472332,9000000000,126057,127857,126001,1856,56,1800,0,0.016680263896665177,0.016680263896665177
4,39,0,8000000,146.4108004895814,0,8000000000,120001,128001,114001,14000,0,8000,0.7999999999999999,0,0.7999999999999999
4,42,0,2000000,69.23449429294621,0,2000000000,128001,130001,123001,7000,0,2000,0.19999999999999998,0,0.19999999999999998
4,44,0,8000000,92.88830281580134,0,6000000000,130001,136001,129001,7000,0,6000,0.6,0,0.6
4,45,1,6000000,109.39957769571146,8873549.830567306,10000000000,135688,137688,132001,5687,676,2000,0,0.2028500469788788,0.2028500469788788
4,46,0,6000000,130.6768510486842,0,8000000000,136001,144001,135001,9000,0,8000,0.7999999999999999,0,0.7999999999999999
4,48,1,2000000,189.22027190552288,1047413.8717605296,5000000000,145888,146888,141001,5887,1909,1000,0,0.5728394631546164,0.5728394631546164
5,1,0,10000000,155.6618553146531,0,4000000000,1,4001,1,4000,0,4000,0.39999999999999997,0,0.39999999999999997
5,2,0,10000000,148.2972420512263,0,2000000000,4001,6001,3001,3000,0,2000,0.19999999999999998,0,0.19999999999999998
5,3,1,5000000,151.066658465725,2551340.289990346,3000000000,8752,9352,6001,3351,1960,600,0,0.5879262777626876,0.5879262777626876
5,4,1,7000000,157.31765190213082,2175063.5333387987,6000000000,12219,13419,9001,4418,3218,1200,0,0.9654890387392162,0.9654890387392162
5,5,1,4000000,167.92416175166693,1681211.219878923,8000000000,14380,15980,12001,3979,2379,1600,0,0.7137711108580523,0.7137711108580523
5,7,0,7000000,183.8661222194018,0,4000000000,18001,22001,18001,4000,0,4000,0.39999999999999997,0,0.39999999999999997
5,6,1,10000000,179.0865517005674,1303062.9694130067,5000000000,23898,24898,15001,9897,7674,1000,0,2.302267864577117,2.302267864577117
5,8,0,4000000,200.84476517947886,0,6000000000,22001,28001,21001,7000,0,6000,0.6,0,0.6
5,9,0,2000000,215.1743711504695,0,9000000000,28001,37001,24001,13000,0,9000,0.8999999999999999,0,0.8999999999999999
5,10,0,10000000,221.06210575311184,0,5000000000,37001,42001,27001,15000,0,5000,0.49999999999999994,0,0.49999999999999994
5,12,1,7000000,187.92640181730715,1076342.474655051,8000000000,40847,42447,33001,9446,6504,1600,0,1.951051871917452,1.951051871917452
5,13,1,7000000,180.31335862880488,1268267.155022423,10000000000,43047,45047,36001,9046,5519,2000,0,1.6558025583835858,1.6558025583835858
5,14,1,5000000,175.98571305648645,1396450.8320995837,6000000000,47047,48247,39001,9246,3581,1200,0,1.0741516747458475,1.0741516747458475
5,11,0,8000000,204.01705345387182,0,7000000000,42001,49001,30001,19000,0,7000,0.7,0,0.7
5,15,1,5000000,178.43626985565464,1321988.3037029419,5000000000,48247,49247,42001,7246,3782,1000,0,1.1346545168353157,1.1346545168353157
5,17,0,8000000,182.94408681343054,0,3000000000,49001,52001,48001,4000,0,3000,0.3,0,0.3
5,16,1,9000000,182.94408681343054,1197464.3569715659,6000000000,54647,55847,45001,10846,7516,1200,0,2.254764398022172,2.254764398022172
5,18,1,2000000,185.74687561302346,1127357.4571982967,3000000000,55847,56447,51001,5446,1774,600,0,0.5322180610674427,0.5322180610674427
5,19,0,7000000,195.73686750328872,0,7000000000,54001,61001,54001,7000,0,7000,0.7,0,0.7
5,20,1,2000000,212.81338139318217,656406.1003916084,6000000000,60048,61248,57001,4247,3047,1200,0,0.9140682873636353,0.9140682873636353
5,21,0,10000000,233.76992813448012,0,3000000000,61001,64001,60001,4000,0,3000,0.3,0,0.3
5,22,0,2000000,228.787486545921,0,2000000000,64001,66001,63001,3000,0,2000,0.19999999999999998,0,0.19999999999999998
5,23,1,8000000,208.3912670914979,713637.592996784,4000000000,79615,80415,66001,14414,11210,800,0,3.3630515314105875,3.3630515314105875
5,27,0,8000000,195.30505625815218,0,6000000000,78001,84001,78001,6000,0,6000,0.6,0,0.6
5,25,1,7000000,192.49258401299517,978455.3939729634,2000000000,83615,84015,72001,12014,7154,400,0,2.146239892932745,2.146239892932745
5,26,1,5000000,187.28266177091777,1091105.7061737028,8000000000,84015,85615,75001,10614,4583,1600,0,1.374752227499763,1.374752227499763
5,24,1,10000000,196.04863172182556,909806.1849910174,5000000000,85615,86615,69001,17614,10991,1000,0,3.2974055897736276,3.2974055897736276
5,28,0,10000000,198.7455702651005,0,7000000000,84001,91001,81001,10000,0,7000,0.7,0,0.7
5,29,0,2000000,175.71379513288082,0,5000000000,91001,96001,84001,12000,0,5000,0.49999999999999994,0,0.49999999999999994
5,30,1,8000000,159.58143062399208,2055950.580676162,6000000000,95975,97175,87001,10174,3891,1200,0,1.1673432341018075,1.1673432341018075
5,31,0,2000000,147.09894153256167,0,9000000000,96001,105001,90001,15000,0,9000,0.8999999999999999,0,0.8999999999999999
5,33,1,7000000,140.3430155013067,3404809.267168546,10000000000,105975,107975,96001,11974,2056,2000,0,0.616774637055182,0.616774637055182
5,32,0,2000000,139.4836312977261,0,4000000000,105001,109001,93001,16000,0,4000,0.39999999999999997,0,0.39999999999999997
5,36,1,10000000,147.3968303594077,2810003.2692111745,10000000000,110156,112156,105001,7155,3559,2000,0,1.067614416278655,1.067614416278655
5,35,1,5000000,165.82797954506955,1766790.8930677131,2000000000,111775,112175,102001,10174,2830,400,0,0.8489969050018823,0.8489969050018823
5,34,0,6000000,149.70390308873047,0,5000000000,109001,114001,99001,15000,0,5000,0.49999999999999994,0,0.49999999999999994
5,38,1,10000000,104.32204081592725,10600812.557485735,6000000000,113756,114956,111001,3955,943,1200,0,0.28299717438938754,0.28299717438938754
5,37,0,10000000,122.89772414491657,0,6000000000,114001,120001,108001,12000,0,6000,0.6,0,0.6
5,39,0,4000000,95.13587388572205,0,2000000000,120001,122001,114001,8000,0,2000,0.19999999999999998,0,0.19999999999999998
5,41,1,3000000,111.51419371541905,8255380.042735417,2000000000,123156,123556,120001,3555,363,400,0,0.10901981439267396,0.10901981439267396
5,40,0,10000000,97.78735552207151,0,6000000000,122001,128001,117001,11000,0,6000,0.6,0,0.6
5,42,0,10000000,126.95716758025131,0,4000000000,128001,132001,123001,9000,0,4000,0.39999999999999997,0,0.39999999999999997
5,44,1,2000000,162.49826091377102,1914150.305902228,5000000000,135156,136156,129001,7155,1045,1000,0,0.31345500828744594,0.31345500828744594
5,43,0,10000000,143.0293050392122,0,6000000000,132001,138001,126001,12000,0,6000,0.6,0,0.6
5,45,1,9000000,181.63702953968388,1232010.0579977746,2000000000,142556,142956,132001,10955,7305,400,0,2.1915405499107354,2.1915405499107354
5,46,0,7000000,202.57666993017736,0,8000000000,138001,146001,135001,11000,0,8000,0.7999999999999999,0,0.7999999999999999
5,47,1,7000000,188.5728095458091,1061767.3586762375,10000000000,144594,146594,138001,8593,6593,2000,0,1.9778343936078266,1.9778343936078266
5,49,1,9000000,133.5890788949456,4126490.0824469165,6000000000,146594,147794,144001,3793,2181,1200,0,0.6543090970908042,0.6543090970908042
5,48,0,3000000,161.17787844490323,0,2000000000,146001,148001,141001,7000,0,2000,0.19999999999999998,0,0.19999999999999998
5,50,1,3000000,106.02101395478164,9981252.28753082,6000000000,147794,148994,147001,1993,301,1200,0,0.09016904633543167,0.09016904633543167
6,1,1,3000000,222.7320731282318,547476.732141788,2000000000,7857,8257,1,8256,5480,400,0,1.643905479743592,1.643905479743592
6,2,0,7000000,217.9136464290385,0,10000000000,3001,13001,3001,10000,0,10000,0.9999999999999999,0,0.9999999999999999
6,3,0,10000000,206.78222360734978,0,2000000000,13001,15001,6001,9000,0,2000,0.19999999999999998,0,0.19999999999999998
6,6,1,2000000,190.76479182490672,1014136.681003088,6000000000,16973,18173,15001,3172,1972,1200,0,0.5916362273836075,0.5916362273836075
6,4,0,2000000,197.5051295536397,0,9000000000,15001,24001,9001,15000,0,9000,0.8999999999999999,0,0.8999999999999999
6,7,1,4000000,193.5897233842747,956607.4537486697,2000000000,24892,25292,18001,7291,4181,400,0,1.2544330438755675,1.2544330438755675
6,5,0,3000000,192.0551235973672,0,9000000000,24001,33001,12001,21000,0,9000,0.8999999999999999,0,0.8999999999999999
6,8,0,4000000,200.54315046892026,0,4000000000,33001,37001,21001,16000,0,4000,0.39999999999999997,0,0.39999999999999997
6,9,1,9000000,209.82187993629262,694465.2100181811,3000000000,37723,38323,24001,14322,12960,600,0,3.88788374284338,3.88788374284338
6,10,0,6000000,223.33969575514334,0,10000000000,37001,47001,27001,20000,0,10000,0.9999999999999999,0,0.9999999999999999
6,12,0,9000000,245.32774262198723,0,4000000000,47001,51001,33001,18000,0,4000,0.39999999999999997,0,0.39999999999999997
6,11,1,8000000,239.61166102675386,409149.2619779164,9000000000,52173,53973,30001,23972,19553,1800,0,5.865829962390445,5.865829962390445
6,16,1,8000000,193.3468660206314,961390.8369035487,7000000000,53660,55060,45001,10059,8321,1400,0,2.4963832687754017,2.4963832687754017
6,17,1,9000000,189.21888515684685,1047444.3554171522,7000000000,56593,57993,48001,9992,8592,1400,0,2.577702563421334,2.577702563421334
6,13,0,2000000,228.0650473001069,0,9000000000,51001,60001,36001,24000,0,9000,0.8999999999999999,0,0.8999999999999999
6,23,1,2000000,133.38083707939458,4151591.2494767415,5000000000,66483,67483,66001,1482,482,1000,0,0.14452289831654858,0.14452289831654858
6,14,0,2000000,213.29231233216072,0,9000000000,60001,69001,39001,30000,0,9000,0.8999999999999999,0,0.8999999999999999
6,15,0,10000000,201.55777186702576,0,10000000000,69001,79001,42001,37000,0,10000,0.9999999999999999,0,0.9999999999999999
6,27,1,2000000,126.14830359541106,5152491.579904694,7000000000,78389,79789,78001,1788,388,1400,0,0.11644851635276195,0.11644851635276195
6,18,0,9000000,189.41102871797094,0,7000000000,79001,86001,51001,35000,0,7000,0.7,0,0.7
6,29,1,9000000,85.11963345785738,22030392.184368417,8000000000,84410,86010,84001,2009,409,1600,0,0.12255796344450803,0.12255796344450803
6,19,0,10000000,193.91045484965477,0,2000000000,86001,88001,54001,34000,0,2000,0.19999999999999998,0,0.19999999999999998
6,20,0,10000000,195.13920902781172,0,3000000000,88001,91001,57001,34000,0,3000,0.3,0,0.3
6,31,1,3000000,63.07941026991297,56357564.19899269,9000000000,90054,91854,90001,1853,53,1800,0,0.015969462356857613,0.015969462356857613
6,21,0,9000000,175.36359513878585,0,7000000000,91001,98001,60001,38000,0,7000,0.7,0,0.7
6,34,1,10000000,7.280054944847589,635240300.8160567,5000000000,99017,100017,99001,1016,16,1000,0,0.004722622283482443,0.004722622283482443
6,22,0,10000000,154.06253535496552,0,4000000000,98001,102001,63001,39000,0,4000,0.39999999999999997,0,0.39999999999999997
6,24,0,3000000,188.10833713581115,0,3000000000,102001,105001,69001,36000,0,3000,0.3,0,0.3
6,25,0,8000000,174.8651803533225,0,4000000000,105001,109001,72001,37000,0,4000,0.39999999999999997,0,0.39999999999999997
6,26,0,6000000,150.2938035981524,0,5000000000,109001,114001,75001,39000,0,5000,0.49999999999999994,0,0.49999999999999994
6,39,1,6000000,135.11509834211714,3948126.300345348,2000000000,115521,115921,114001,1920,1520,400,0,0.4559124665901776,0.4559124665901776
6,28,0,2000000,105.36952595508816,0,6000000000,114001,120001,81001,39000,0,6000,0.6,0,0.6
6,40,1,5000000,162.17557707620463,1929227.792361608,6000000000,119593,120793,117001,3792,2592,1200,0,0.7775131614519293,0.7775131614519293
6,30,0,3000000,69.79069422208096,0,3000000000,120001,123001,87001,36000,0,3000,0.3,0,0.3
6,42,1,7000000,116.96413339139478,6887121.4892888805,7000000000,124017,125417,123001,2416,1016,1400,0,0.30491693855930985,0.30491693855930985
6,32,0,8000000,53.26537336769544,0,8000000000,123001,131001,93001,38000,0,8000,0.7999999999999999,0,0.7999999999999999
6,44,1,5000000,66.63219191952192,48217518.84241516,8000000000,130626,132226,129001,3225,104,1600,0,0.031109025018527203,0.031109025018527203
6,33,0,9000000,28.575531491120152,0,6000000000,131001,137001,96001,41000,0,6000,0.6,0,0.6
6,49,1,2000000,173.4924773585299,1477636.1255757445,6000000000,145655,146855,144001,2854,1354,1200,0,0.40605395984496295,0.40605395984496295
6,35,0,10000000,26.855615800051904,0,10000000000,137001,147001,102001,45000,0,10000,0.9999999999999999,0,0.9999999999999999
7,1,0,6000000,236.89322531469742,0,10000000000,1,10001,1,10000,0,10000,0.9999999999999999,0,0.9999999999999999
7,2,0,10000000,231.19806919608993,0,6000000000,10001,16001,3001,13000,0,6000,0.6,0,0.6
7,4,1,6000000,202.47535800684486,800287.0363004282,9000000000,16498,18298,9001,9297,7497,1800,0,2.2491929999529305,2.2491929999529305
7,3,0,2000000,216.73473487191663,0,3000000000,16001,19001,6001,13000,0,3000,0.3,0,0.3
7,7,1,3000000,189.7640513901408,1035545.0798974102,2000000000,21498,21898,18001,3897,2897,400,0,0.8691075043195238,0.8691075043195238
7,8,1,2000000,179.01422569170307,1305151.171607653,2000000000,23498,23898,21001,2897,1532,400,0,0.4597168611977223,0.4597168611977223
7,6,1,10000000,190.16276107587416,1026948.8797870458,10000000000,25498,27498,15001,12497,9738,2000,0,2.921274913530358,2.921274913530358
7,5,0,2000000,193.33068509680504,0,9000000000,19001,28001,12001,16000,0,9000,0.8999999999999999,0,0.8999999999999999
7,9,1,10000000,153.6325811799047,2387836.432638779,9000000000,28189,29989,24001,5988,4188,1800,0,1.256367462609122,1.256367462609122
7,10,0,8000000,131.8356450281941,0,2000000000,28001,30001,27001,3000,0,2000,0.19999999999999998,0,0.19999999999999998
7,11,0,2000000,122.28395029602208,0,2000000000,30001,32001,30001,2000,0,2000,0.19999999999999998,0,0.19999999999999998
7,12,0,6000000,121.76289911134673,0,7000000000,33001,40001,33001,7000,0,7000,0.7,0,0.7
7,13,1,8000000,115.95921912465606,7117425.754929719,6000000000,38847,40047,36001,4046,1124,1200,0,0.33720056697995004,0.33720056697995004
7,14,0,8000000,110.3809050515532,0,6000000000,40001,46001,39001,7000,0,6000,0.6,0,0.6
7,16,1,4000000,127.69673645007532,4915256.770380935,10000000000,49247,51247,45001,6246,814,2000,0,0.2441378052172439,0.2441378052172439
7,15,0,9000000,114.38739135062045,0,7000000000,46001,53001,42001,11000,0,7000,0.7,0,0.7
7,18,1,8000000,171.51273917700692,1546311.9261886775,2000000000,56447,56847,51001,5846,5174,400,0,1.552080120028226,1.552080120028226
7,17,0,10000000,148.05223841604015,0,4000000000,53001,57001,48001,9000,0,4000,0.39999999999999997,0,0.39999999999999997
7,20,1,5000000,161.5183983328215,1960392.7279349582,9000000000,60492,62292,57001,5291,2551,1800,0,0.7651528077132139,0.7651528077132139
7,19,0,10000000,167.9452791834293,0,8000000000,57001,65001,54001,11000,0,8000,0.7999999999999999,0,0.7999999999999999
7,22,1,5000000,169.28591731151175,1628363.6774153467,9000000000,67492,69292,63001,6291,3071,1800,0,0.9211701420292704,0.9211701420292704
7,21,0,10000000,162.18407936662587,0,10000000000,65001,75001,60001,15000,0,10000,0.9999999999999999,0,0.9999999999999999
7,25,1,2000000,190.1137188632109,1028001.4293000976,8000000000,73947,75547,72001,3546,1946,1600,0,0.5836567760499154,0.5836567760499154
7,26,1,4000000,190.1137188632109,1028001.4293000976,4000000000,82815,83615,75001,8614,3891,800,0,1.1673135520998308,1.1673135520998308
7,23,0,8000000,187.891990515828,0,10000000000,75001,85001,66001,19000,0,10000,0.9999999999999999,0,0.9999999999999999
7,24,0,4000000,190.1137188632109,0,3000000000,85001,88001,69001,19000,0,3000,0.3,0,0.3
7,28,1,4000000,206.94840758024688,733646.9062638291,7000000000,87615,89015,81001,8014,5452,1400,0,1.6356642272385786,1.6356642272385786
7,27,0,9000000,193.19351567793368,0,4000000000,88001,92001,78001,14000,0,4000,0.39999999999999997,0,0.39999999999999997
7,30,1,6000000,185.9788420761889,1121786.9057581744,8000000000,98375,99975,87001,12974,5349,1600,0,1.6045828229590953,1.6045828229590953
7,29,0,10000000,211.33748957532356,0,10000000000,92001,102001,84001,18000,0,10000,0.9999999999999999,0,0.9999999999999999
7,33,1,3000000,117.9371103597167,6672709.186264715,5000000000,103175,104175,96001,8174,450,1000,0,0.1348777497830393,0.1348777497830393
7,31,0,7000000,163.63238951992358,0,10000000000,102001,112001,90001,22000,0,10000,0.9999999999999999,0,0.9999999999999999
7,32,0,7000000,139.94964272909021,0,9000000000,112001,121001,93001,28000,0,9000,0.8999999999999999,0,0.8999999999999999
7,34,0,10000000,98.74715236400492,0,8000000000,121001,129001,99001,30000,0,8000,0.7999999999999999,0,0.7999999999999999
7,43,1,5000000,177.74756397768152,1342405.9673314083,8000000000,130635,132235,126001,6234,3725,1600,0,1.1173967015223238,1.1173967015223238
7,35,0,2000000,85.40818754662813,0,5000000000,129001,134001,102001,32000,0,5000,0.49999999999999994,0,0.49999999999999994
7,36,0,3000000,77.58425097917745,0,5000000000,134001,139001,105001,34000,0,5000,0.49999999999999994,0,0.49999999999999994
7,44,1,8000000,200.67747880616795,829187.5570390134,8000000000,138649,140249,129001,11248,9648,1600,0,2.894399439097082,2.894399439097082
7,46,1,4000000,193.6980005059422,954484.3508557953,5000000000,140488,141488,135001,6487,4191,1000,0,1.2572233362695513,1.2572233362695513
7,47,1,6000000,168.79472088901358,1647185.153510615,2000000000,144088,144488,138001,6487,3643,400,0,1.092773326765175,1.092773326765175
7,48,1,2000000,144.85755106310475,3008115.1935582696,7000000000,144488,145888,141001,4887,665,1400,0,0.19946044662281232,0.19946044662281232
7,37,0,9000000,79.11708033035596,0,7000000000,139001,146001,108001,38000,0,7000,0.7,0,0.7
7,49,1,5000000,122.40594307467263,5786299.023040224,7000000000,146888,148288,144001,4287,864,1400,0,0.2592330596858566,0.2592330596858566
8,1,1,4000000,200.5793072577528,830802.7802086861,10000000000,5021,7021,1,7020,4815,2000,0,1.4443861149556778,1.4443861149556778
8,2,1,8000000,193.98554172927425,948874.6385451112,3000000000,11432,12032,3001,9031,8431,600,0,2.529311989705898,2.529311989705898
8,3,0,9000000,178.89927808686096,0,7000000000,6001,13001,6001,7000,0,7000,0.7,0,0.7
8,4,0,7000000,165.2128339445819,0,4000000000,13001,17001,9001,8000,0,4000,0.39999999999999997,0,0.39999999999999997
8,5,1,7000000,157.1086506211545,2186486.575360623,10000000000,15202,17202,12001,5201,3201,2000,0,0.9604449547803152,0.9604449547803152
8,7,1,5000000,131.52122756422247,4384272.902902393,8000000000,19141,20741,18001,2740,1140,1600,0,0.34213198704099795,0.34213198704099795
8,8,1,9000000,109.2256586155469,8926836.48048793,2000000000,22009,22409,21001,1408,1008,400,0,0.3024587720298895,0.3024587720298895
8,6,0,5000000,148.1947060457964,0,8000000000,17001,25001,15001,10000,0,8000,0.7999999999999999,0,0.7999999999999999
8,9,1,5000000,88.48070637150222,19253290.131429806,6000000000,24261,25461,24001,1460,260,1200,0,0.0779087620744541,0.0779087620744541
8,10,1,5000000,70.64988888880148,40474205.2232435,7000000000,27125,28525,27001,1524,124,1400,0,0.0370606412584621,0.0370606412584621
8,11,1,9000000,57.56291340785314,71855346.51033962,4000000000,30126,30926,30001,925,125,800,0,0.03757549202843916,0.03757549202843916
8,12,1,7000000,55.02929129109331,80314557.60623427,10000000000,33088,35088,33001,2087,87,2000,0,0.02614719003117551,0.02614719003117551
8,14,1,9000000,70.08797329071515,41472637.69145157,9000000000,39218,41018,39001,2017,217,1800,0,0.0651031656121677,0.0651031656121677
8,13,0,9000000,57.93314250064462,0,6000000000,36001,42001,36001,6000,0,6000,0.6,0,0.6
8,15,0,5000000,87.94003070274648,0,3000000000,42001,45001,42001,3000,0,3000,0.3,0,0.3
8,17,1,2000000,125.89776844726042,5192182.05969182,9000000000,48386,50186,48001,2185,385,1800,0,0.11555835159516975,0.11555835159516975
8,16,0,2000000,108.71809417019782,0,7000000000,45001,52001,45001,7000,0,7000,0.7,0,0.7
8,18,0,4000000,144.79207160614834,0,7000000000,52001,59001,51001,8000,0,7000,0.7,0,0.7
8,19,0,9000000,169.09362672791664,0,6000000000,59001,65001,54001,11000,0,6000,0.6,0,0.6
8,20,0,6000000,150.385970090298,0,6000000000,65001,71001,57001,14000,0,6000,0.6,0,0.6
8,24,1,2000000,77.83439663799031,29769236.015497524,5000000000,70388,71388,69001,2387,67,1000,0,0.020155035207744226,0.020155035207744226
8,21,0,3000000,126.3811156779366,0,8000000000,71001,79001,60001,19000,0,8000,0.7999999999999999,0,0.7999999999999999
8,27,1,4000000,99.38951302828686,12678251.965249931,9000000000,78317,80117,78001,2116,316,1800,0,0.09465027223698531,0.09465027223698531
8,28,1,7000000,116.93538044578291,6893584.09272946,2000000000,83329,83729,81001,2728,1015,400,0,0.3046310847523906,0.3046310847523906
8,22,0,9000000,102.93476477847513,0,6000000000,79001,85001,63001,22000,0,6000,0.6,0,0.6
8,30,1,3000000,158.13616822220024,2131032.7771417415,8000000000,89775,91375,87001,4374,1408,1600,0,0.42233043510814955,0.42233043510814955
8,23,0,3000000,84.67989194608128,0,8000000000,85001,93001,66001,27000,0,8000,0.7999999999999999,0,0.7999999999999999
8,25,0,9000000,78.24810796434632,0,10000000000,93001,103001,72001,31000,0,10000,0.9999999999999999,0,0.9999999999999999
8,26,0,3000000,86.32719907421998,0,7000000000,103001,110001,75001,35000,0,7000,0.7,0,0.7
8,34,1,10000000,162.56569533576263,1911017.8964160194,8000000000,110175,111775,99001,12774,5233,1600,0,1.569844011208001,1.569844011208001
8,36,1,9000000,167.34673465592329,1704262.1691538747,6000000000,113375,114575,105001,9574,5281,1200,0,1.5842632952067963,1.5842632952067963
8,37,1,9000000,161.68839692445465,1952271.5130700713,4000000000,115175,115975,108001,7974,4610,800,0,1.3830043525831497,1.3830043525831497
8,29,0,7000000,136.81337142253318,0,7000000000,110001,117001,84001,33000,0,7000,0.7,0,0.7
8,38,1,6000000,155.98648050392063,2249105.8930907943,10000000000,115975,117975,111001,6974,2668,2000,0,0.8003180310582805,0.8003180310582805
8,39,1,6000000,153.67352960090426,2385333.965823037,3000000000,117975,118575,114001,4574,2515,600,0,0.7546113147216796,0.7546113147216796
8,41,1,8000000,159.60081735379677,2054965.9086201382,7000000000,123894,125294,120001,5293,3893,1400,0,1.1679025865745598,1.1679025865745598
8,31,0,5000000,107.30048695136475,0,9000000000,117001,126001,90001,36000,0,9000,0.8999999999999999,0,0.8999999999999999
8,42,1,7000000,165.33721329452723,1787602.8074508645,5000000000,126917,127917,123001,4916,3916,1000,0,1.1747576090432619,1.1747576090432619
8,43,1,7000000,147.67706829430222,2789140.325312299,2000000000,128511,128911,126001,2910,2510,400,0,0.7529201671718915,0.7529201671718915
8,32,0,9000000,123.42427840583066,0,4000000000,126001,130001,93001,37000,0,4000,0.39999999999999997,0,0.39999999999999997
8,33,0,7000000,142.37688857395358,0,6000000000,130001,136001,96001,40000,0,6000,0.6,0,0.6
8,35,0,3000000,175.58644167474893,0,8000000000,136001,144001,102001,42000,0,8000,0.7999999999999999,0,0.7999999999999999
8,40,0,6000000,154.91264667547324,0,5000000000,144001,149001,117001,32000,0,5000,0.49999999999999994,0,0.49999999999999994
9,1,0,4000000,65.96626789503864,0,10000000000,1,10001,1,10000,0,10000,0.9999999999999999,0,0.9999999999999999
9,4,1,8000000,108.86482306052771,9038627.268367948,5000000000,9886,10886,9001,1885,885,1000,0,0.26552704616984985,0.26552704616984985
9,2,0,9000000,69.18880400758496,0,4000000000,10001,14001,3001,11000,0,4000,0.39999999999999997,0,0.39999999999999997
9,3,0,4000000,83.76943655057012,0,7000000000,14001,21001,6001,15000,0,7000,0.7,0,0.7
9,6,1,8000000,167.31902760893632,1705378.0699282612,7000000000,19692,21092,15001,6091,4691,1400,0,1.4073125732764693,1.4073125732764693
9,7,1,5000000,174.0341161956471,1459510.6694019756,10000000000,22892,24892,18001,6891,3426,2000,0,1.0277417160743434,1.0277417160743434
9,5,0,10000000,137.67942838347346,0,4000000000,21001,25001,12001,13000,0,4000,0.39999999999999997,0,0.39999999999999997
9,8,1,2000000,174.0341161956471,1459510.6694019756,2000000000,25292,25692,21001,4691,1370,400,0,0.41109668642973735,0.41109668642973735
9,10,1,4000000,178.31161768095762,1325655.0313944134,9000000000,31051,32851,27001,5850,3017,1800,0,0.9052128733202627,0.9052128733202627
9,11,1,5000000,170.94592419826802,1566700.70256201,2000000000,33415,33815,30001,3814,3191,400,0,0.9574260083927103,0.9574260083927103
9,9,0,2000000,174.0341161956471,0,9000000000,25001,34001,24001,10000,0,9000,0.8999999999999999,0,0.8999999999999999
9,12,0,4000000,167.6156809490091,0,7000000000,34001,41001,33001,8000,0,7000,0.7,0,0.7
9,13,1,4000000,169.51110789561844,1619824.2055935727,4000000000,41123,41923,36001,5922,2469,800,0,0.7408211309944395,0.7408211309944395
9,14,0,2000000,172.41144103568067,0,2000000000,41001,43001,39001,4000,0,2000,0.19999999999999998,0,0.19999999999999998
9,15,1,6000000,182.12061113448968,1219086.258006272,9000000000,48573,50373,42001,8372,4922,1800,0,1.4765157003276952,1.4765157003276952
9,16,1,4000000,198.10727598955066,872798.668039971,7000000000,53973,55373,45001,10372,4583,1400,0,1.3748875243987475,1.3748875243987475
9,19,0,6000000,208.50002398081398,0,8000000000,54001,62001,54001,8000,0,8000,0.7999999999999999,0,0.7999999999999999
9,17,1,7000000,218.36322423888137,592438.3784070764,7000000000,62292,63692,48001,15691,11816,1400,0,3.544672452933236,3.544672452933236
9,18,1,5000000,230.3141597904914,479093.4624826209,10000000000,63248,65248,51001,14247,10436,2000,0,3.130913104568636,3.130913104568636
9,20,1,7000000,190.2463584408385,1025157.7938532208,9000000000,67248,69048,57001,12047,6828,1800,0,2.0484651363833577,2.0484651363833577
9,21,0,10000000,179.34203773794923,0,8000000000,62001,70001,60001,10000,0,8000,0.7999999999999999,0,0.7999999999999999
9,24,1,2000000,171.17795097500144,1558314.3957906032,10000000000,70284,72284,69001,3283,1283,2000,0,0.3850314170367353,0.3850314170367353
9,22,1,10000000,179.00225948294622,1305497.0619254871,6000000000,73884,75084,63001,12083,7660,1200,0,2.2979752980640784,2.2979752980640784
9,23,1,8000000,177.4309806657225,1351922.991514754,10000000000,75084,77084,66001,11083,5917,2000,0,1.7752490452957934,1.7752490452957934
9,25,0,5000000,166.45192609279113,0,6000000000,72001,78001,72001,6000,0,6000,0.6,0,0.6
9,26,0,10000000,168.5700581360759,0,5000000000,78001,83001,75001,8000,0,5000,0.49999999999999994,0,0.49999999999999994
9,27,1,9000000,177.22480102965275,1358166.2150501695,7000000000,84628,86028,78001,8027,6627,1400,0,1.9879746455777243,1.9879746455777243
9,28,1,4000000,191.5608232389911,997499.7660769424,10000000000,86028,88028,81001,7027,4010,2000,0,1.203007800913547,1.203007800913547
9,30,1,9000000,172.2571548586589,1520032.7552650762,3000000000,92922,93522,87001,6521,5921,600,0,1.776277511552145,1.776277511552145
9,29,0,7000000,210.43555426780904,0,10000000000,84001,94001,84001,10000,0,10000,0.9999999999999999,0,0.9999999999999999
9,31,0,8000000,177.9098423359427,0,5000000000,94001,99001,90001,9000,0,5000,0.49999999999999994,0,0.49999999999999994
9,32,0,3000000,188.17005208055824,0,5000000000,99001,104001,93001,11000,0,5000,0.49999999999999994,0,0.49999999999999994
9,34,0,6000000,217.12045182340609,0,3000000000,104001,107001,99001,8000,0,3000,0.3,0,0.3
9,35,0,4000000,235.51325504098494,0,2000000000,107001,109001,102001,7000,0,2000,0.19999999999999998,0,0.19999999999999998
9,33,1,10000000,201.7312253965657,812094.124753358,5000000000,108492,109492,96001,13491,12314,1000,0,3.694153064967849,3.694153064967849
9,36,0,6000000,253.06671551193767,0,4000000000,109001,113001,105001,8000,0,4000,0.39999999999999997,0,0.39999999999999997
9,38,0,9000000,219.16032943943117,0,3000000000,113001,116001,111001,5000,0,3000,0.3,0,0.3
9,37,1,7000000,236.46190221682647,431322.4294297856,6000000000,124230,125430,108001,17429,16229,1200,0,4.868747500045917,4.868747500045917
9,40,0,9000000,193.7788907492248,0,9000000000,117001,126001,117001,9000,0,9000,0.8999999999999999,0,0.8999999999999999
9,41,1,6000000,179.7816525677746,1283204.2420778666,5000000000,125430,126430,120001,6429,4676,1000,0,1.402738504889367,1.402738504889367
9,39,1,8000000,207.0742110935111,731874.6898445387,3000000000,126430,127030,114001,13029,10931,600,0,3.2792498952379354,3.2792498952379354
9,42,1,10000000,167.46371577150674,1699560.7361147888,2000000000,128885,129285,123001,6284,5884,400,0,1.7651619834769936,1.7651619834769936
9,43,1,7000000,157.10527043991868,2186671.9302905346,3000000000,129285,129885,126001,3884,3201,600,0,0.9603635419241794,0.9603635419241794
9,45,1,3000000,148.18394312475291,2751888.802388295,5000000000,133091,134091,132001,2090,1090,1000,0,0.32704809846201366,0.32704809846201366
9,44,0,5000000,153.74737201006073,0,9000000000,129001,138001,129001,9000,0,9000,0.8999999999999999,0,0.8999999999999999
9,46,1,7000000,144.75543858522207,3016436.83457154,8000000000,137322,138922,135001,3921,2321,1600,0,0.6961856372829659,0.6961856372829659
9,47,0,10000000,144.7132602770043,0,5000000000,138001,143001,138001,5000,0,5000,0.49999999999999994,0,0.49999999999999994
9,48,1,7000000,147.75676803449647,2783241.8857114003,10000000000,143516,145516,141001,4515,2515,2000,0,0.7545158079076685,0.7545158079076685
9,49,1,5000000,152.25216188941292,2474131.4941453133,8000000000,146022,147622,144001,3621,2021,1600,0,0.606273354326373,0.606273354326373
10,1,1,9000000,137.7542522029719,3661482.631754719,10000000000,2459,4459,1,4458,2458,2000,0,0.7374062016801263,0.7374062016801263
10,3,1,3000000,145.07158129695839,2990764.5980060506,3000000000,7004,7604,6001,1603,1003,600,0,0.3009263920671095,0.3009263920671095
10,2,0,5000000,140.05544330728458,0,10000000000,3001,13001,3001,10000,0,10000,0.9999999999999999,0,0.9999999999999999
10,5,1,3000000,139.7862829465038,3458088.6174295675,3000000000,12869,13469,12001,1468,868,600,0,0.2602593801280255,0.2602593801280255
10,4,1,8000000,167.394338016553,1702347.0601005561,9000000000,13700,15500,9001,6499,4699,1800,0,1.4098182775128323,1.4098182775128323
10,6,1,6000000,112.04284225241699,8109050.731588036,9000000000,15741,17541,15001,2540,740,1800,0,0.2219741939692486,0.2219741939692486
10,7,1,8000000,84.58013301006328,22517762.62314848,3000000000,18356,18956,18001,955,355,600,0,0.10658252510099635,0.10658252510099635
10,8,1,8000000,60.237049230519226,63873048.94392661,4000000000,21126,21926,21001,925,125,800,0,0.03757453322929569,0.03757453322929569
10,9,1,3000000,34.3777907958031,192521124.72347847,8000000000,24017,25617,24001,1616,16,1600,0,0.004674811666993355,0.004674811666993355
10,10,0,2000000,17.538990848962783,0,6000000000,27001,33001,27001,6000,0,6000,0.6,0,0.6
10,11,0,9000000,31.7293870095216,0,3000000000,33001,36001,30001,6000,0,3000,0.3,0,0.3
10,13,1,5000000,79.12505860977294,28199356.609612502,6000000000,36178,37378,36001,1377,177,1200,0,0.05319270296715511,0.05319270296715511
10,14,1,3000000,100.73386769106013,12067330.256600427,7000000000,39250,40650,39001,1649,249,1400,0,0.07458153384902431,0.07458153384902431
10,12,0,7000000,57.345357266303594,0,5000000000,36001,41001,33001,8000,0,5000,0.49999999999999994,0,0.49999999999999994
10,15,1,9000000,128.46918541035433,4801915.806448042,7000000000,44050,45450,42001,3449,1874,1400,0,0.5622755810034035,0.5622755810034035
10,17,1,2000000,151.40539257239152,2528978.9464942547,2000000000,48792,49192,48001,1191,791,400,0,0.23724989914674366,0.23724989914674366
10,18,1,4000000,125.9625761883267,5181879.2705986155,5000000000,51773,52773,51001,1772,772,1000,0,0.23157621730183128,0.23157621730183128
10,16,0,10000000,156.30801674898188,0,10000000000,45001,55001,45001,10000,0,10000,0.9999999999999999,0,0.9999999999999999
10,19,1,2000000,98.72652581753294,12993032.929235434,6000000000,54155,55355,54001,1354,154,1200,0,0.04617859457971116,0.04617859457971116
10,20,1,10000000,71.2186639863456,39489782.547369786,7000000000,57254,58654,57001,1653,253,1400,0,0.07596901797069568,0.07596901797069568
10,21,0,8000000,44.37258838517311,0,2000000000,60001,62001,60001,2000,0,2000,0.19999999999999998,0,0.19999999999999998
10,23,1,7000000,20.09195112476637,342934449.3446056,6000000000,66021,67221,66001,1220,20,1200,0,0.006123619263137272,0.006123619263137272
10,24,1,9000000,43.12426810973147,134144796.05076264,9000000000,69068,70868,69001,1867,67,1800,0,0.020127504603147443,0.020127504603147443
10,22,0,10000000,20.960918395910046,0,9000000000,63001,72001,63001,9000,0,9000,0.8999999999999999,0,0.8999999999999999
10,25,1,6000000,69.94074206069024,41738576.45364486,7000000000,72145,73545,72001,1544,144,1400,0,0.04312557238263964,0.04312557238263964
10,26,1,2000000,97.44492290519811,13628193.71230825,7000000000,75148,76548,75001,1547,147,1400,0,0.04402637742506641,0.04402637742506641
10,27,1,2000000,125.19743328039918,5305132.111594791,9000000000,78378,80178,78001,2177,377,1800,0,0.11309803175092512,0.11309803175092512
10,28,0,5000000,145.540584717803,0,5000000000,81001,86001,81001,5000,0,5000,0.49999999999999994,0,0.49999999999999994
10,29,0,9000000,152.931234873717,0,3000000000,86001,89001,84001,5000,0,3000,0.3,0,0.3
10,30,1,9000000,164.77218849065517,1811941.905527802,7000000000,92845,94245,87001,7244,4967,1400,0,1.4901139996613273,1.4901139996613273
10,31,0,4000000,147.12677016777062,0,8000000000,90001,98001,90001,8000,0,8000,0.7999999999999999,0,0.7999999999999999
10,33,1,3000000,161.77091580379954,1948344.4405043086,10000000000,97541,99541,96001,3540,1540,2000,0,0.46193064290369745,0.46193064290369745
10,32,0,4000000,151.6916770953502,0,6000000000,98001,104001,93001,11000,0,6000,0.6,0,0.6
10,36,1,2000000,169.12726864701625,1634413.3847043193,2000000000,106225,106625,105001,1624,1224,400,0,0.36710418894944724,0.36710418894944724
10,34,0,9000000,174.56348329476015,0,5000000000,104001,109001,99001,10000,0,5000,0.49999999999999994,0,0.49999999999999994
10,38,1,3000000,146.87076802413745,2849690.4571517603,4000000000,112054,112854,111001,1853,1053,800,0,0.3158237757863504,0.3158237757863504
10,35,0,8000000,184.48279377763117,0,4000000000,109001,113001,102001,11000,0,4000,0.39999999999999997,0,0.39999999999999997
10,37,0,3000000,156.33544095949577,0,10000000000,113001,123001,108001,15000,0,10000,0.9999999999999999,0,0.9999999999999999
10,41,1,9000000,143.79670406514887,3095971.489226141,3000000000,122908,123508,120001,3507,2907,600,0,0.8721010543526947,0.8721010543526947
10,42,1,2000000,151.44088285532413,2526650.1307301866,4000000000,123793,124593,123001,1592,792,800,0,0.23746857259837698,0.23746857259837698
10,43,1,3000000,161.99838178204126,1937569.93810412,5000000000,127549,128549,126001,2548,1548,1000,0,0.46449936195884367,0.46449936195884367
10,39,0,2000000,141.61847372429912,0,6000000000,123001,129001,114001,15000,0,6000,0.6,0,0.6
10,44,1,8000000,176.09890317659563,1392898.3450452245,5000000000,134744,135744,129001,6743,5743,1000,0,1.7230259541460486,1.7230259541460486
10,40,0,6000000,140.41983478127298,0,8000000000,129001,137001,117001,20000,0,8000,0.7999999999999999,0,0.7999999999999999
10,45,0,7000000,192.5377105919772,0,9000000000,137001,146001,132001,14000,0,9000,0.8999999999999999,0,0.8999999999999999
11,1,1,9000000,154.96519996437908,2308036.558736449,5000000000,3900,4900,1,4899,3899,1000,0,1.1698254907531163,1.1698254907531163
11,2,1,5000000,150.64018720115823,2579842.44344575,8000000000,4939,6539,3001,3538,1938,1600,0,0.5814308559078262,0.5814308559078262
11,3,0,4000000,141.85320370016316,0,4000000000,6001,10001,6001,4000,0,4000,0.39999999999999997,0,0.39999999999999997
11,4,1,9000000,137.2170579774979,3717696.6900012977,5000000000,11576,12576,9001,3575,2421,1000,0,0.7262561271503452,0.7262561271503452
11,5,1,3000000,153.47744101332944,2397346.9864646425,6000000000,15032,16232,12001,4231,1251,1200,0,0.37541499210643103,0.37541499210643103
11,6,1,9000000,151.69015327304535,2510367.932462427,2000000000,18773,19173,15001,4172,3585,400,0,1.0755395514280501,1.0755395514280501
11,7,0,5000000,123.61246903124301,0,7000000000,18001,25001,18001,7000,0,7000,0.7,0,0.7
11,8,0,6000000,95.54679534134047,0,2000000000,25001,27001,21001,6000,0,2000,0.19999999999999998,0,0.19999999999999998
11,9,0,5000000,70.35455138084525,0,2000000000,27001,29001,24001,5000,0,2000,0.19999999999999998,0,0.19999999999999998
11,12,1,6000000,14.126376039168694,444108502.988251,2000000000,33015,33415,33001,414,14,400,0,0.004053063582184148,0.004053063582184148
11,10,0,4000000,42.40860761685067,0,9000000000,29001,38001,27001,11000,0,9000,0.8999999999999999,0,0.8999999999999999
11,11,0,3000000,14.50882490072853,0,3000000000,38001,41001,30001,11000,0,3000,0.3,0,0.3
11,13,0,9000000,42.02810726168858,0,3000000000,41001,44001,36001,8000,0,3000,0.3,0,0.3
11,14,0,4000000,70.07086769835234,0,4000000000,44001,48001,39001,9000,0,4000,0.39999999999999997,0,0.39999999999999997
11,16,1,10000000,123.19761767177155,5644608.360007058,9000000000,46773,48573,45001,3572,1772,1800,0,0.5314806287103059,0.5314806287103059
11,15,0,10000000,98.13495299840926,0,3000000000,48001,51001,42001,9000,0,3000,0.3,0,0.3
11,17,0,2000000,126.5706810442292,0,7000000000,51001,58001,48001,10000,0,7000,0.7,0,0.7
11,19,1,8000000,147.5809920010026,2796271.3128592856,6000000000,57173,58373,54001,4372,2861,1200,0,0.8582858140277939,0.8582858140277939
11,20,1,9000000,125.09249058196899,5322315.141974543,9000000000,58692,60492,57001,3491,1691,1800,0,0.5072980325246802,0.5072980325246802
11,18,0,5000000,134.55644057420665,0,3000000000,58001,61001,51001,10000,0,3000,0.3,0,0.3
11,21,0,6000000,129.14247055093844,0,10000000000,61001,71001,60001,11000,0,10000,0.9999999999999999,0,0.9999999999999999
11,22,0,6000000,138.9897078923472,0,7000000000,71001,78001,63001,15000,0,7000,0.7,0,0.7
11,26,1,4000000,130.3708326275475,4536250.458132335,10000000000,77615,79615,75001,4614,882,2000,0,0.26453565804522705,0.26453565804522705
11,23,0,6000000,151.5758668126295,0,2000000000,78001,80001,66001,14000,0,2000,0.19999999999999998,0,0.19999999999999998
11,27,1,4000000,127.69170568208415,4916005.610030729,6000000000,81615,82815,78001,4814,814,1200,0,0.24410061647437764,0.24410061647437764
11,24,0,8000000,150.49532384761991,0,4000000000,80001,84001,69001,15000,0,4000,0.39999999999999997,0,0.39999999999999997
11,25,0,8000000,138.545713033641,0,7000000000,84001,91001,72001,19000,0,7000,0.7,0,0.7
11,30,1,9000000,169.33958928732525,1626323.314131859,6000000000,92535,93735,87001,6734,5534,1200,0,1.6601864933857116,1.6601864933857116
11,32,1,8000000,173.16578097303173,1488704.0125519673,6000000000,98375,99575,93001,6574,5374,1200,0,1.6121404790774159,1.6121404790774159
11,28,0,7000000,146.00854255830376,0,9000000000,91001,100001,81001,19000,0,9000,0.8999999999999999,0,0.8999999999999999
11,29,0,3000000,166.85246237319967,0,2000000000,100001,102001,84001,18000,0,2000,0.19999999999999998,0,0.19999999999999998
11,33,1,9000000,163.74023940375804,1857464.8601350635,6000000000,100846,102046,96001,6045,4845,1200,0,1.4535941206466068,1.4535941206466068
11,31,0,3000000,173.1944860554169,0,4000000000,102001,106001,90001,16000,0,4000,0.39999999999999997,0,0.39999999999999997
11,35,1,7000000,165.28507252622663,1789831.773704768,2000000000,106343,106743,102001,4742,3911,400,0,1.173294625144136,1.173294625144136
11,34,0,3000000,160.9459514868268,0,4000000000,106001,110001,99001,11000,0,4000,0.39999999999999997,0,0.39999999999999997
11,36,0,9000000,178.06387196733647,0,9000000000,110001,119001,105001,14000,0,9000,0.8999999999999999,0,0.8999999999999999
11,40,1,3000000,185.85145170269723,1124841.8674981226,4000000000,119668,120468,117001,3467,2667,800,0,0.8001124655875259,0.8001124655875259
11,37,0,5000000,193.03771341372652,0,6000000000,119001,125001,108001,17000,0,6000,0.6,0,0.6
11,38,0,7000000,207.33818992168324,0,3000000000,125001,128001,111001,17000,0,3000,0.3,0,0.3
11,44,1,3000000,99.12981085425314,12800466.40258972,7000000000,129235,130635,129001,1634,234,1400,0,0.07030993806740643,0.07030993806740643
11,45,1,9000000,85.70393281524483,21516125.158819973,6000000000,132419,133619,132001,1618,418,1200,0,0.12548727896264378,0.12548727896264378
11,39,0,4000000,211.01167029337503,0,8000000000,128001,136001,114001,22000,0,8000,0.7999999999999999,0,0.7999999999999999
11,48,1,3000000,88.42647680417898,19294768.681375895,4000000000,141156,141956,141001,955,155,800,0,0.0466447675461752,0.0466447675461752
11,41,0,10000000,163.58828931191863,0,10000000000,136001,146001,120001,26000,0,10000,0.9999999999999999,0,0.9999999999999999
11,49,1,9000000,103.49035365675391,10920854.060288452,4000000000,146089,146889,144001,2888,824,800,0,0.24723341096718998,0.24723341096718998
12,1,1,9000000,132.78421743565764,4224552.848432764,3000000000,2131,2731,1,2730,2130,600,0,0.6391208956000285,0.6391208956000285
12,2,1,3000000,137.76533744015586,3660333.691355762,6000000000,3821,5021,3001,2020,820,1200,0,0.24587922192051465,0.24587922192051465
12,3,1,2000000,152.23711636785558,2475093.11608453,7000000000,7021,8421,6001,2420,808,1400,0,0.24241512212242305,0.24241512212242305
12,4,0,7000000,169.86847147131215,0,5000000000,9001,14001,9001,5000,0,5000,0.49999999999999994,0,0.49999999999999994
12,5,0,7000000,188.09489227514925,0,4000000000,14001,18001,12001,6000,0,4000,0.39999999999999997,0,0.39999999999999997
12,6,1,5000000,208.5456125167825,711537.6472218834,2000000000,22409,22809,15001,7808,7027,400,0,2.1081105207244857,2.1081105207244857
12,8,0,3000000,223.98403737766668,0,4000000000,21001,25001,21001,4000,0,4000,0.39999999999999997,0,0.39999999999999997
12,9,1,3000000,217.19726149286504,605208.8923232022,7000000000,28958,30358,24001,6357,4957,1400,0,1.4870898485069999,1.4870898485069999
12,10,0,8000000,235.57304875558245,0,7000000000,27001,34001,27001,7000,0,7000,0.7,0,0.7
12,7,1,8000000,229.93741235388387,482230.6268162032,8000000000,35088,36688,18001,18687,16590,1600,0,4.976871784036922,4.976871784036922
12,11,0,6000000,229.24244284163439,0,8000000000,34001,42001,30001,12000,0,8000,0.7999999999999999,0,0.7999999999999999
12,15,1,2000000,176.4916592930102,1380658.419396175,3000000000,43450,44050,42001,2049,1449,600,0,0.43457526609833547,0.43457526609833547
12,12,0,7000000,210.23327424553895,0,3000000000,42001,45001,33001,12000,0,3000,0.3,0,0.3
12,13,1,8000000,194.4787456253253,939347.857752266,6000000000,45450,46650,36001,10649,8517,1200,0,2.5549640425463678,2.5549640425463678
12,14,0,7000000,182.96439435037627,0,6000000000,45001,51001,39001,12000,0,6000,0.6,0,0.6
12,17,1,6000000,180.09633672010105,1274337.6460420224,4000000000,52709,53509,48001,5508,4708,800,0,1.4124984893843773,1.4124984893843773
12,18,1,3000000,189.97961601182374,1030886.4233844372,6000000000,53911,55111,51001,4110,2910,1200,0,0.8730350692225315,0.8730350692225315
12,16,0,2000000,175.49893589420986,0,8000000000,51001,59001,45001,14000,0,8000,0.7999999999999999,0,0.7999999999999999
12,20,0,8000000,222.7587969082254,0,3000000000,59001,62001,57001,5000,0,3000,0.3,0,0.3
12,19,1,9000000,204.6098739064173,767585.483666734,5000000000,65726,66726,54001,12725,11725,1000,0,3.5175235298903478,3.5175235298903478
12,21,0,2000000,241.48568694645232,0,5000000000,62001,67001,60001,7000,0,5000,0.49999999999999994,0,0.49999999999999994
12,22,1,2000000,221.91041660994645,555599.0149991746,9000000000,66601,68401,63001,5400,3600,1800,0,1.079915521450108,1.079915521450108
12,23,0,6000000,207.69813672731874,0,4000000000,67001,71001,66001,5000,0,4000,0.39999999999999997,0,0.39999999999999997
12,25,1,4000000,184.56911388420332,1156177.7730866983,2000000000,76207,76607,72001,4606,3460,400,0,1.0379026720054543,1.0379026720054543
12,24,1,7000000,193.80507759086186,952390.5448480737,4000000000,76607,77407,69001,8406,7350,800,0,2.2049777912641857,2.2049777912641857
12,27,0,5000000,181.67775097683256,0,7000000000,78001,85001,78001,7000,0,7000,0.7,0,0.7
12,26,1,10000000,180.81135611459806,1254472.628404587,8000000000,84184,85784,75001,10783,7971,1600,0,2.3914431706774977,2.3914431706774977
12,28,1,5000000,184.09292680600194,1168090.142594212,2000000000,87184,87584,81001,6583,4280,400,0,1.28414746884915,1.28414746884915
12,29,1,2000000,195.72959714871942,915714.968999339,3000000000,87584,88184,84001,4183,2184,600,0,0.6552257201339177,0.6552257201339177
12,32,1,5000000,184.2188204283156,1164925.979681445,4000000000,97293,98093,93001,5092,4292,800,0,1.2876354602463091,1.2876354602463091
12,34,1,7000000,130.63182843396172,4501210.680903987,10000000000,100556,102556,99001,3555,1555,2000,0,0.466541148342395,0.466541148342395
12,31,1,8000000,212.422417366906,661229.7843536885,4000000000,102556,103356,90001,13355,12099,800,0,3.6296005666862885,3.6296005666862885
12,30,1,10000000,213.23541661740902,651248.1939303726,7000000000,102356,103756,87001,16755,15355,1400,0,4.606538686724928,4.606538686724928
12,33,0,2000000,156.34465325043894,0,8000000000,96001,104001,96001,8000,0,8000,0.7999999999999999,0,0.7999999999999999
12,35,0,3000000,112.00285710641487,0,4000000000,104001,108001,102001,6000,0,4000,0.39999999999999997,0,0.39999999999999997
12,37,1,6000000,91.45726105673624,17127516.591987614,9000000000,108356,110156,108001,2155,350,1800,0,0.10509404503172715,0.10509404503172715
12,36,0,10000000,96.89810008457333,0,9000000000,108001,117001,105001,12000,0,9000,0.8999999999999999,0,0.8999999999999999
12,39,1,9000000,112.40946801760073,8009408.664303194,3000000000,116956,117556,114001,3555,1124,600,0,0.3371035382466523,0.3371035382466523
12,38,0,9000000,97.1190429318576,0,6000000000,117001,123001,111001,12000,0,6000,0.6,0,0.6
12,40,1,2000000,134.07824730358016,4068256.168580073,6000000000,121956,123156,117001,6155,492,1200,0,0.14748333810292374,0.14748333810292374
12,41,0,4000000,159.6242099432289,0,6000000000,123001,129001,120001,9000,0,6000,0.6,0,0.6
12,42,0,6000000,160.5617849925691,0,2000000000,129001,131001,123001,8000,0,2000,0.19999999999999998,0,0.19999999999999998
12,43,0,10000000,148.02994629466025,0,4000000000,131001,135001,126001,9000,0,4000,0.39999999999999997,0,0.39999999999999997
12,48,1,5000000,145.34274835711616,2968959.2086826353,2000000000,142685,143085,141001,2084,1684,400,0,0.5052275543608997,0.5052275543608997
12,44,0,10000000,142.16604693104463,0,10000000000,135001,145001,129001,16000,0,10000,0.9999999999999999,0,0.9999999999999999
12,45,0,6000000,143.93993504236408,0,2000000000,145001,147001,132001,15000,0,2000,0.19999999999999998,0,0.19999999999999998
12,49,1,3000000,145.34274835711616,2968959.2086826353,4000000000,146889,147689,144001,3688,1010,800,0,0.30313653261653983,0.30313653261653983
13,1,1,4000000,120.75001656314585,6096969.813949739,10000000000,657,2657,1,2656,656,2000,0,0.19681908171079104,0.19681908171079104
13,2,0,3000000,127.24996856581144,0,10000000000,3001,13001,3001,10000,0,10000,0.9999999999999999,0,0.9999999999999999
13,3,0,10000000,146.36605617423737,0,2000000000,13001,15001,6001,9000,0,2000,0.19999999999999998,0,0.19999999999999998
13,4,0,2000000,169.90728824862106,0,6000000000,15001,21001,9001,12000,0,6000,0.6,0,0.6
13,7,1,3000000,189.54850619300592,1040229.5452181884,7000000000,21057,22457,18001,4456,2884,1400,0,0.8651936528213345,0.8651936528213345
13,8,1,2000000,209.98510637661897,692318.7456744038,7000000000,23890,25290,21001,4289,2889,1400,0,0.8666528297100001,0.8666528297100001
13,5,0,7000000,184.60826769134692,0,10000000000,21001,31001,12001,19000,0,10000,0.9999999999999999,0,0.9999999999999999
13,6,0,5000000,171.16096342332267,0,9000000000,31001,40001,15001,25000,0,9000,0.8999999999999999,0,0.8999999999999999
13,14,1,3000000,165.1147058865442,1797138.8614949766,4000000000,40670,41470,39001,2469,1669,800,0,0.5007960259961891,0.5007960259961891
13,9,0,4000000,230.29183767558936,0,3000000000,40001,43001,24001,19000,0,3000,0.3,0,0.3
13,10,0,6000000,246.32989302965242,0,4000000000,43001,47001,27001,20000,0,4000,0.39999999999999997,0,0.39999999999999997
13,17,1,9000000,165.87394068991065,1764857.2539825845,3000000000,53101,53701,48001,5700,5100,600,0,1.5298687720534725,1.5298687720534725
13,11,0,9000000,222.88674904533917,0,8000000000,47001,55001,30001,25000,0,8000,0.7999999999999999,0,0.7999999999999999
13,18,1,10000000,164.20975001503413,1836579.2407449097,7000000000,56446,57846,51001,6845,5445,1400,0,1.6334715831717728,1.6334715831717728
13,12,0,4000000,203.25237440187504,0,5000000000,55001,60001,33001,27000,0,5000,0.49999999999999994,0,0.49999999999999994
13,21,1,4000000,98.05623131652578,13320749.708629057,6000000000,60301,61501,60001,1500,300,1200,0,0.09008501970595928,0.09008501970595928
13,22,1,9000000,95.20716622187636,14827493.79845755,5000000000,63608,64608,63001,1607,607,1000,0,0.18209415810248872,0.18209415810248872
13,13,0,2000000,182.9835621032665,0,8000000000,60001,68001,36001,32000,0,8000,0.7999999999999999,0,0.7999999999999999
13,15,0,3000000,150.98788461330264,0,6000000000,68001,74001,42001,32000,0,6000,0.6,0,0.6
13,25,1,4000000,152.02736727313274,2488547.337205049,8000000000,75204,76804,72001,4803,1607,1600,0,0.482209030971358,0.482209030971358
13,16,0,3000000,157.39635605693033,0,4000000000,74001,78001,45001,33000,0,4000,0.39999999999999997,0,0.39999999999999997
13,26,1,3000000,181.81956027886542,1227111.9662814362,4000000000,77446,78246,75001,3245,2445,800,0,0.7334294055719334,0.7334294055719334
13,19,0,7000000,136.36094638861968,0,2000000000,78001,80001,54001,26000,0,2000,0.19999999999999998,0,0.19999999999999998
13,20,0,6000000,113.08018615124398,0,2000000000,80001,82001,57001,25000,0,2000,0.19999999999999998,0,0.19999999999999998
13,23,0,3000000,105.36076878990588,0,6000000000,82001,88001,66001,22000,0,6000,0.6,0,0.6
13,24,0,4000000,125.59642232165692,0,3000000000,88001,91001,69001,22000,0,3000,0.3,0,0.3
13,27,0,10000000,213.64483471406467,0,9000000000,91001,100001,78001,22000,0,9000,0.8999999999999999,0,0.8999999999999999
13,30,1,7000000,220.61269523760416,568735.8741055924,4000000000,99309,100109,87001,13108,12308,800,0,3.6923993994620266,3.6923993994620266
13,31,1,6000000,221.64078347632685,558297.1140666986,4000000000,100748,101548,90001,11547,10747,800,0,3.224089744775141,3.224089744775141
13,28,0,7000000,211.88263850537635,0,4000000000,100001,104001,81001,23000,0,4000,0.39999999999999997,0,0.39999999999999997
13,29,0,3000000,212.30544905866176,0,8000000000,104001,112001,84001,28000,0,8000,0.7999999999999999,0,0.7999999999999999
13,33,1,9000000,221.64078347632685,558297.1140666986,7000000000,112349,113749,96001,17748,16120,1400,0,4.8361346171627115,4.8361346171627115
13,37,1,4000000,183.15362950266638,1192038.7192789142,5000000000,112756,113756,108001,5755,3356,1000,0,1.0066787098374639,1.0066787098374639
13,32,0,3000000,221.64078347632685,0,8000000000,112001,120001,93001,27000,0,8000,0.7999999999999999,0,0.7999999999999999
13,39,1,8000000,134.00117312919318,4077364.2458240883,9000000000,119556,121356,114001,7355,1962,1800,0,0.5886155504644959,0.5886155504644959
13,41,1,7000000,100.73682147060234,12066027.012224782,10000000000,123556,125556,120001,5555,580,2000,0,0.17404237516395163,0.17404237516395163
13,34,0,10000000,221.64078347632685,0,10000000000,120001,130001,99001,31000,0,10000,0.9999999999999999,0,0.9999999999999999
13,44,1,7000000,102.6083529738198,11272963.496776491,7000000000,133756,135156,129001,6155,621,1400,0,0.1862864188818225,0.1862864188818225
13,35,0,3000000,223.22003427111997,0,8000000000,130001,138001,102001,36000,0,8000,0.7999999999999999,0,0.7999999999999999
13,45,1,8000000,119.13689646788687,6419380.605496412,4000000000,137356,138156,132001,6155,1246,800,0,0.3738678460574636,0.3738678460574636
13,46,1,2000000,140.14973778070365,3423190.560058472,7000000000,138156,139556,135001,4555,584,1400,0,0.1752750802133993,0.1752750802133993
13,36,0,2000000,209.7801175040189,0,5000000000,138001,143001,105001,38000,0,5000,0.49999999999999994,0,0.49999999999999994
13,47,1,3000000,163.98866820606847,1846377.311188492,9000000000,142956,144756,138001,6755,1625,1800,0,0.4874409984060518,0.4874409984060518
13,48,1,5000000,169.5314203916195,1619056.6705862614,10000000000,144089,146089,141001,5088,3088,2000,0,0.9264654086856942,0.9264654086856942
14,1,0,8000000,199.09251116001323,0,9000000000,1,9001,1,9000,0,9000,0.8999999999999999,0,0.8999999999999999
14,3,0,4000000,192.60199635517802,0,2000000000,9001,11001,6001,5000,0,2000,0.19999999999999998,0,0.19999999999999998
14,2,1,9000000,196.7388637254978,897184.1397570916,10000000000,13032,15032,3001,12031,10031,2000,0,3.009415659901224,3.009415659901224
14,5,1,4000000,201.01072458951037,823733.7374855722,7000000000,16857,18257,12001,6256,4856,1400,0,1.456781415391546,1.456781415391546
14,4,1,8000000,193.20777054766714,964143.9128397126,9000000000,18257,20057,9001,11056,8298,1800,0,2.489254942170647,2.489254942170647
14,6,0,5000000,215.19817331938486,0,6000000000,15001,21001,15001,6000,0,6000,0.6,0,0.6
14,7,0,6000000,234.59019523415725,0,10000000000,21001,31001,18001,13000,0,10000,0.9999999999999999,0,0.9999999999999999
14,10,0,2000000,214.0234410058861,0,4000000000,31001,35001,27001,8000,0,4000,0.39999999999999997,0,0.39999999999999997
14,11,0,4000000,186.767198940285,0,2000000000,35001,37001,30001,7000,0,2000,0.19999999999999998,0,0.19999999999999998
14,13,1,7000000,126.84310347827352,5044346.325697881,7000000000,38323,39723,36001,3722,1388,1400,0,0.41630765701033956,0.41630765701033956
14,9,1,7000000,228.16453054758537,497342.1629527015,7000000000,39723,41123,24001,17122,14075,1400,0,4.222445142258561,4.222445142258561
14,12,0,5000000,155.26957783158937,0,7000000000,37001,44001,33001,11000,0,7000,0.7,0,0.7
14,14,1,8000000,97.27600834738234,13714621.064895501,8000000000,43523,45123,39001,6122,583,1600,0,0.17499572089112525,0.17499572089112525
14,8,1,8000000,250.12917342845077,344707.1869588084,8000000000,45123,46723,21001,25722,23208,1600,0,6.962430987221609,6.962430987221609
14,15,0,5000000,72.17717090604205,0,5000000000,44001,49001,42001,7000,0,5000,0.49999999999999994,0,0.49999999999999994
14,17,1,3000000,87.251455575251,20219382.044551123,2000000000,50373,50773,48001,2772,148,400,0,0.044511746106629356,0.044511746106629356
14,16,0,2000000,67.31858584373263,0,8000000000,49001,57001,45001,12000,0,8000,0.7999999999999999,0,0.7999999999999999
14,21,1,2000000,208.7757265584292,708421.1115480915,4000000000,64692,65492,60001,5491,2823,800,0,0.8469538671551415,0.8469538671551415
14,18,0,5000000,116.2517311699056,0,9000000000,57001,66001,51001,15000,0,9000,0.8999999999999999,0,0.8999999999999999
14,19,0,7000000,149.07828178510775,0,2000000000,66001,68001,54001,14000,0,2000,0.19999999999999998,0,0.19999999999999998
14,23,1,8000000,157.51920676539734,2164117.421846386,3000000000,71388,71988,66001,5987,3697,600,0,1.108997125466678,1.108997125466678
14,22,1,10000000,191.44625355435923,999873.2102055883,8000000000,73779,75379,63001,12378,10001,1600,0,3.0003804176163067,3.0003804176163067
14,20,0,5000000,176.37795128643486,0,10000000000,68001,78001,57001,21000,0,10000,0.9999999999999999,0,0.9999999999999999
14,24,0,2000000,128.5562931170621,0,7000000000,78001,85001,69001,16000,0,7000,0.7,0,0.7
14,29,1,6000000,49.575006807866394,101855108.00829852,6000000000,84129,85329,84001,1328,59,1200,0,0.01767216230189798,0.01767216230189798
14,30,1,6000000,66.79511434229305,47874870.23725773,6000000000,87975,89175,87001,2174,125,1200,0,0.03759801313464832,0.03759801313464832
14,31,1,9000000,85.69518189490003,21523724.987285282,4000000000,93175,93975,90001,3974,418,800,0,0.12544297056364417,0.12544297056364417
14,25,0,3000000,103.75044385447221,0,9000000000,85001,94001,72001,22000,0,9000,0.8999999999999999,0,0.8999999999999999
14,26,0,4000000,81.85536573737852,0,2000000000,94001,96001,75001,21000,0,2000,0.19999999999999998,0,0.19999999999999998
14,32,1,3000000,78.23246640621781,29274886.362591557,7000000000,99975,101375,93001,8374,102,1400,0,0.03074307407560258,0.03074307407560258
14,33,1,5000000,78.72712366141671,28673297.507036865,6000000000,101975,103175,96001,7174,174,1200,0,0.05231348084857966,0.05231348084857966
14,27,0,8000000,62.38667966801887,0,10000000000,96001,106001,78001,28000,0,10000,0.9999999999999999,0,0.9999999999999999
14,28,0,7000000,47.62449894749548,0,4000000000,106001,110001,81001,29000,0,4000,0.39999999999999997,0,0.39999999999999997
14,36,1,10000000,127.92223653454472,4881833.682502438,3000000000,112775,113375,105001,8374,2048,600,0,0.6145231884389379,0.6145231884389379
14,34,0,7000000,88.90298645152481,0,4000000000,110001,114001,99001,15000,0,4000,0.39999999999999997,0,0.39999999999999997
14,37,1,7000000,152.87575510851943,2434678.540573126,3000000000,114575,115175,108001,7174,2875,600,0,0.8625368667789948,0.8625368667789948
14,35,0,10000000,105.44413592040105,0,9000000000,114001,123001,102001,21000,0,9000,0.8999999999999999,0,0.8999999999999999
14,38,0,7000000,173.96286097900318,0,3000000000,123001,126001,111001,15000,0,3000,0.3,0,0.3
14,43,1,5000000,151.78970749033022,2503901.3942941516,6000000000,128257,129457,126001,3456,1997,1200,0,0.5990651242968972,0.5990651242968972
14,39,0,4000000,185.7547334524749,0,7000000000,126001,133001,114001,19000,0,7000,0.7,0,0.7
14,41,1,9000000,203.3900088499924,786065.8186140904,9000000000,131688,133488,120001,13487,11449,1800,0,3.43482687589744,3.43482687589744
14,45,1,2000000,117.01711755123695,6875231.872869766,3000000000,133888,134488,132001,2487,291,600,0,0.08726978392796461,0.08726978392796461
14,40,0,8000000,213.25083821640658,0,8000000000,133001,141001,117001,24000,0,8000,0.7999999999999999,0,0.7999999999999999
14,42,0,5000000,178.37692956209335,0,3000000000,141001,144001,123001,21000,0,3000,0.3,0,0.3
14,49,1,5000000,153.9381934413939,2369237.708619076,6000000000,146111,147311,144001,3310,2110,1200,0,0.6331150287466444,0.6331150287466444
14,50,1,6000000,124.0891880866339,5490077.183661753,6000000000,148288,149488,147001,2487,1093,1200,0,0.327864243030449,0.327864243030449
15,1,1,7000000,154.75170596797955,2320596.4057487817,7000000000,3017,4417,1,4416,3016,1400,0,0.9049397796177304,0.9049397796177304
15,2,1,5000000,151.07910279055807,2550514.4679216426,4000000000,4961,5761,3001,2760,1960,800,0,0.5881166403350445,0.5881166403350445
15,3,1,4000000,143.96651867708684,3081697.067648401,8000000000,7299,8899,6001,2898,1298,1600,0,0.3893958340673968,0.3893958340673968
15,4,1,6000000,142.59409875587414,3199431.083279304,9000000000,11342,13142,9001,4141,1875,1800,0,0.5626000226749887,0.5626000226749887
15,5,0,7000000,145.34274835711616,0,3000000000,12001,15001,12001,3000,0,3000,0.3,0,0.3
15,6,1,7000000,145.34274835711616,2968959.2086826353,4000000000,17359,18159,15001,3158,2358,800,0,0.7073185761052596,0.7073185761052596
15,7,0,2000000,145.34274835711616,0,3000000000,18001,21001,18001,3000,0,3000,0.3,0,0.3
15,8,0,3000000,145.34274835711616,0,2000000000,21001,23001,21001,2000,0,2000,0.19999999999999998,0,0.19999999999999998
15,9,1,9000000,145.34274835711616,2968959.2086826353,8000000000,27907,29507,24001,5506,3031,1600,0,0.9094095978496195,0.9094095978496195
15,10,0,10000000,145.34274835711616,0,9000000000,27001,36001,27001,9000,0,9000,0.8999999999999999,0,0.8999999999999999
15,12,1,8000000,157.57253060099018,2161232.9151483327,2000000000,38133,38533,33001,5532,3702,400,0,1.110477257299813,1.110477257299813
15,11,0,8000000,147.72697519410596,0,9000000000,36001,45001,30001,15000,0,9000,0.8999999999999999,0,0.8999999999999999
15,14,1,7000000,200.7338299838869,828262.1743170572,4000000000,47452,48252,39001,9251,8451,800,0,2.5354290768277,2.5354290768277
15,13,0,9000000,176.80933148451186,0,5000000000,45001,50001,36001,14000,0,5000,0.49999999999999994,0,0.49999999999999994
15,15,0,7000000,190.32896390197683,0,3000000000,50001,53001,42001,11000,0,3000,0.3,0,0.3
15,18,1,7000000,169.8104204694164,1608559.8342542418,9000000000,55373,57173,51001,6172,4352,1800,0,1.305515626637289,1.305515626637289
15,16,0,4000000,185.66820837181578,0,8000000000,53001,61001,45001,16000,0,8000,0.7999999999999999,0,0.7999999999999999
15,17,0,4000000,180.86299151567744,0,4000000000,61001,65001,48001,17000,0,4000,0.39999999999999997,0,0.39999999999999997
15,21,1,7000000,159.05436083301836,2082946.47636404,6000000000,65492,66692,60001,6691,3361,1200,0,1.008187211639604,1.008187211639604
15,19,0,3000000,158.44899778793172,0,7000000000,65001,72001,54001,18000,0,7000,0.7,0,0.7
15,23,1,10000000,174.20781411865542,1453756.590206981,4000000000,72880,73680,66001,7679,6879,800,0,2.0636191919672537,2.0636191919672537
15,20,0,10000000,154.51580534042463,0,5000000000,72001,77001,57001,20000,0,5000,0.49999999999999994,0,0.49999999999999994
15,27,1,7000000,113.54329790877136,7710493.3782223,2000000000,78909,79309,78001,1308,908,400,0,0.27235611224714745,0.27235611224714745
15,28,1,2000000,118.3479197113325,6584621.934253879,10000000000,81305,83305,81001,2304,304,2000,0,0.0911214046897269,0.0911214046897269
15,22,0,4000000,169.6659411903285,0,8000000000,77001,85001,63001,22000,0,8000,0.7999999999999999,0,0.7999999999999999
15,30,1,6000000,155.1906972083056,2294861.8248947454,2000000000,89616,90016,87001,3015,2615,400,0,0.7843609495236419,0.7843609495236419
15,24,0,7000000,155.62495076304444,0,10000000000,85001,95001,69001,26000,0,10000,0.9999999999999999,0,0.9999999999999999
15,25,0,7000000,133.34782075459648,0,10000000000,95001,105001,72001,33000,0,10000,0.9999999999999999,0,0.9999999999999999
15,33,1,10000000,184.23121342487002,1164615.075548521,7000000000,104588,105988,96001,9987,8587,1400,0,2.5759584114837537,2.5759584114837537
15,35,1,4000000,203.4160903173591,785664.9342140731,7000000000,107092,108492,102001,6491,5091,1400,0,1.5273686628262213,1.5273686628262213
15,26,0,8000000,118.41844324259628,0,7000000000,105001,112001,75001,37000,0,7000,0.7,0,0.7
15,29,0,6000000,132.7757391242843,0,2000000000,112001,114001,84001,30000,0,2000,0.19999999999999998,0,0.19999999999999998
15,38,1,4000000,150.79813559855438,2569240.6583551117,10000000000,112558,114558,111001,3557,1557,2000,0,0.4670640705056677,0.4670640705056677
15,36,1,10000000,193.00301033921724,968214.5558407315,6000000000,115329,116529,105001,11528,10328,1200,0,3.0984867784754635,3.0984867784754635
15,31,0,7000000,179.91960982616652,0,3000000000,114001,117001,90001,27000,0,3000,0.3,0,0.3
15,32,0,5000000,184.23121342487002,0,2000000000,117001,119001,93001,26000,0,2000,0.19999999999999998,0,0.19999999999999998
15,40,1,10000000,117.19503402448417,6835489.600917137,10000000000,118464,120464,117001,3463,1463,2000,0,0.4388858992042767,0.4388858992042767
15,34,0,2000000,192.79892764224599,0,2000000000,119001,121001,99001,22000,0,2000,0.19999999999999998,0,0.19999999999999998
15,37,0,10000000,173.7056878746347,0,2000000000,121001,123001,108001,15000,0,2000,0.19999999999999998,0,0.19999999999999998
15,39,0,7000000,131.33335448392384,0,9000000000,123001,132001,114001,18000,0,9000,0.8999999999999999,0,0.8999999999999999
15,41,0,8000000,110.61881259532667,0,4000000000,132001,136001,120001,16000,0,4000,0.39999999999999997,0,0.39999999999999997
15,42,0,6000000,112.6713277635442,0,7000000000,136001,143001,123001,20000,0,7000,0.7,0,0.7
15,47,1,8000000,165.13610689367724,1796218.9343260333,8000000000,142455,144055,138001,6054,4454,1600,0,1.3361400184218155,1.3361400184218155
15,48,1,5000000,161.03035397092063,1983941.571990808,8000000000,144055,145655,141001,4654,2520,1600,0,0.756070653076143,0.756070653076143
15,49,1,4000000,162.85240495614428,1897770.6500724116,2000000000,146855,147255,144001,3254,2108,400,0,0.6323208760522314,0.6323208760522314
15,43,0,4000000,122.75363823528815,0,6000000000,143001,149001,126001,23000,0,6000,0.6,0,0.6
16,1,0,9000000,236.89871337767963,0,2000000000,1,2001,1,2000,0,2000,0.19999999999999998,0,0.19999999999999998
16,2,0,7000000,230.51820774073354,0,10000000000,3001,13001,3001,10000,0,10000,0.9999999999999999,0,0.9999999999999999
16,5,1,5000000,187.2162519654744,1092643.0163812384,8000000000,18298,19898,12001,7897,4576,1600,0,1.372817999576752,1.372817999576752
16,4,1,8000000,199.21633718146714,853638.0621416533,8000000000,19898,21498,9001,12497,9372,1600,0,2.8114960033280973,2.8114960033280973
16,3,0,4000000,214.616972767766,0,9000000000,13001,22001,6001,16000,0,9000,0.8999999999999999,0,0.8999999999999999
16,6,1,8000000,179.29873870164286,1296960.612719898,8000000000,21898,23498,15001,8497,6168,1600,0,1.8504802508742977,1.8504802508742977
16,7,0,10000000,175.99312827494143,0,5000000000,22001,27001,18001,9000,0,5000,0.49999999999999994,0,0.49999999999999994
16,9,0,3000000,182.66256567780928,0,4000000000,27001,31001,24001,7000,0,4000,0.39999999999999997,0,0.39999999999999997
16,8,1,10000000,177.6140473048233,1346409.5140418743,10000000000,29989,31989,21001,10988,7427,2000,0,2.2281482481463644,2.2281482481463644
16,10,1,4000000,182.94408681343054,1197464.3569715659,8000000000,31989,33589,27001,6588,3340,1600,0,1.0021175102320765,1.0021175102320765
16,11,1,7000000,182.94408681343054,1197464.3569715659,6000000000,35847,37047,30001,7046,5846,1200,0,1.7537056429061337,1.7537056429061337
16,14,0,2000000,199.67073946875638,0,3000000000,39001,42001,39001,3000,0,3000,0.3,0,0.3
16,12,1,9000000,183.26896191117578,1189065.4905896739,3000000000,42447,43047,33001,10046,7569,600,0,2.270690741063415,2.270690741063415
16,13,1,7000000,188.14926654122252,1071289.3887316552,2000000000,46647,47047,36001,11046,6534,400,0,1.9602546446262095,1.9602546446262095
16,15,0,10000000,214.89800859942835,0,8000000000,42001,50001,42001,8000,0,8000,0.7999999999999999,0,0.7999999999999999
16,16,0,9000000,232.8727571013836,0,4000000000,50001,54001,45001,9000,0,4000,0.39999999999999997,0,0.39999999999999997
16,19,0,3000000,199.41388366911667,0,8000000000,54001,62001,54001,8000,0,8000,0.7999999999999999,0,0.7999999999999999
16,18,1,6000000,214.78554630142136,632731.5644951814,5000000000,63692,64692,51001,13691,9483,1000,0,2.844808289967503,2.844808289967503
16,21,1,5000000,189.4850519170312,1041613.6260519349,4000000000,66692,67492,60001,7491,4800,800,0,1.440073327079546,1.440073327079546
16,17,1,9000000,232.9911350244897,457520.15034968423,7000000000,69292,70692,48001,22691,19671,1400,0,5.901379421073325,5.901379421073325
16,20,0,5000000,189.73295970916595,0,9000000000,62001,71001,57001,14000,0,9000,0.8999999999999999,0,0.8999999999999999
16,23,1,5000000,187.4192404743974,1087952.5175507148,4000000000,70692,71492,66001,5491,4596,800,0,1.3787366413535393,1.3787366413535393
16,22,0,3000000,189.4850519170312,0,5000000000,71001,76001,63001,13000,0,5000,0.49999999999999994,0,0.49999999999999994
16,24,1,7000000,190.14858874049,1027252.910188782,9000000000,75815,77615,69001,8614,6814,1800,0,2.0442872238873244,2.0442872238873244
16,26,1,3000000,188.35826342372135,1066577.5294722507,2000000000,77814,78214,75001,3213,2813,400,0,0.8438205148062005,0.8438205148062005
16,25,1,4000000,207.64926896090918,723841.348026069,6000000000,80415,81615,72001,9614,5526,1200,0,1.6578218462822356,1.6578218462822356
16,27,1,6000000,169.78141830011907,1609647.041388431,8000000000,81729,83329,78001,5328,3728,1600,0,1.118257576796076,1.118257576796076
16,28,0,10000000,159.34109137319226,0,6000000000,81001,87001,81001,6000,0,6000,0.6,0,0.6
16,29,1,9000000,154.77591543906308,2319167.916534913,3000000000,89175,89775,84001,5774,3881,600,0,1.1642106553604326,1.1642106553604326
16,30,1,9000000,154.55820812884707,2332053.056694709,3000000000,95375,95975,87001,8974,3859,600,0,1.1577781184047302,1.1577781184047302
16,31,0,4000000,168.51796640121196,0,10000000000,90001,100001,90001,10000,0,10000,0.9999999999999999,0,0.9999999999999999
16,35,1,2000000,205.86966289378336,749065.0601386619,4000000000,105956,106756,102001,4755,2670,800,0,0.8009985139193811,0.8009985139193811
16,36,1,3000000,189.85452325399044,1033586.670575833,2000000000,107956,108356,105001,3355,2903,400,0,0.870754263402595,0.870754263402595
16,33,1,3000000,198.1988385435192,871196.6404737686,5000000000,107975,108975,96001,12974,3444,1000,0,1.0330618349383989,1.0330618349383989
16,32,0,2000000,182.44283515665944,0,9000000000,100001,109001,93001,16000,0,9000,0.8999999999999999,0,0.8999999999999999
16,34,0,4000000,215.3829939897763,0,5000000000,109001,114001,99001,15000,0,5000,0.49999999999999994,0,0.49999999999999994
16,38,1,5000000,162.61114998670902,1908910.059733644,6000000000,114956,116156,111001,5155,2619,1200,0,0.7857887239639251,0.7857887239639251
16,39,1,3000000,152.85953094262717,2435695.0913066757,10000000000,117556,119556,114001,5555,1232,2000,0,0.3695043781186822,0.3695043781186822
16,37,0,7000000,175.185371535411,0,10000000000,114001,124001,108001,16000,0,10000,0.9999999999999999,0,0.9999999999999999
16,40,0,4000000,146.42826537250247,0,4000000000,124001,128001,117001,11000,0,4000,0.39999999999999997,0,0.39999999999999997
16,45,1,2000000,191.84440700734538,991655.0929958594,10000000000,134018,136018,132001,4017,2017,2000,0,0.6050490782912817,0.6050490782912817
16,41,0,5000000,143.6238716230697,0,10000000000,128001,138001,120001,18000,0,10000,0.9999999999999999,0,0.9999999999999999
16,46,1,2000000,162.71150543216052,1904266.5475807702,8000000000,140156,141756,135001,6755,1050,1600,0,0.31508194100361403,0.31508194100361403
16,42,0,10000000,153.82889520502968,0,4000000000,138001,142001,123001,19000,0,4000,0.39999999999999997,0,0.39999999999999997
16,44,1,7000000,200.86622911778875,826093.0111592027,4000000000,141756,142556,129001,13555,8474,800,0,2.5420866314474764,2.5420866314474764
16,47,1,3000000,185.0554857333335,1144166.226951225,2000000000,146156,146556,138001,8555,2622,400,0,0.786598991300559,0.786598991300559
17,1,1,10000000,103.66855887876517,10851316.584117478,10000000000,2657,4657,1,4656,922,2000,0,0.27646414854313145,0.27646414854313145
17,2,1,10000000,98.94601053099615,12887807.201969095,8000000000,5657,7257,3001,4256,776,1600,0,0.2327781563601943,0.2327781563601943
17,3,0,3000000,90.80204678309843,0,2000000000,6001,8001,6001,2000,0,2000,0.19999999999999998,0,0.19999999999999998
17,4,0,6000000,88.5374186431929,0,8000000000,9001,17001,9001,8000,0,8000,0.7999999999999999,0,0.7999999999999999
17,7,1,5000000,118.49459607931495,6553514.176861066,2000000000,19173,19573,18001,1572,763,400,0,0.2288848333152541,0.2288848333152541
17,5,0,2000000,93.11356775465113,0,7000000000,17001,24001,12001,12000,0,7000,0.7,0,0.7
17,6,0,10000000,103.61639349060552,0,10000000000,24001,34001,15001,19000,0,10000,0.9999999999999999,0,0.9999999999999999
17,11,1,9000000,162.54001968746033,1912209.81100208,7000000000,34708,36108,30001,6107,4707,1400,0,1.411978949415119,1.411978949415119
17,12,1,6000000,169.71833872625547,1612014.8636700346,5000000000,36723,37723,33001,4722,3722,1000,0,1.116615014269772,1.116615014269772
17,8,0,6000000,136.30680577285932,0,10000000000,34001,44001,21001,23000,0,10000,0.9999999999999999,0,0.9999999999999999
17,9,0,9000000,154.34239987767458,0,7000000000,44001,51001,24001,27000,0,7000,0.7,0,0.7
17,16,1,6000000,173.91563155737322,1463451.9418703753,7000000000,50773,52173,45001,7172,4100,1400,0,1.229968643657336,1.229968643657336
17,10,0,10000000,161.09168072870804,0,8000000000,51001,59001,27001,32000,0,8000,0.7999999999999999,0,0.7999999999999999
17,13,0,4000000,173.91563155737322,0,7000000000,59001,66001,36001,30000,0,7000,0.7,0,0.7
17,14,0,10000000,173.91563155737322,0,8000000000,66001,74001,39001,35000,0,8000,0.7999999999999999,0,0.7999999999999999
17,25,1,10000000,153.67592003954294,2385187.980066693,5000000000,76194,77194,72001,5193,4193,1000,0,1.257762501350571,1.257762501350571
17,15,0,6000000,173.91563155737322,0,10000000000,74001,84001,42001,42000,0,10000,0.9999999999999999,0,0.9999999999999999
17,29,1,8000000,146.42542163162787,2883830.731213811,6000000000,86775,87975,84001,3974,2774,1200,0,0.8322263765425076,0.8322263765425076
17,17,0,10000000,173.91563155737322,0,10000000000,84001,94001,48001,46000,0,10000,0.9999999999999999,0,0.9999999999999999
17,18,0,3000000,173.91563155737322,0,2000000000,94001,96001,51001,45000,0,2000,0.19999999999999998,0,0.19999999999999998
17,19,0,4000000,173.91563155737322,0,2000000000,96001,98001,54001,44000,0,2000,0.19999999999999998,0,0.19999999999999998
17,31,1,8000000,139.1922734924608,3516072.9340774105,6000000000,97175,98375,90001,8374,2275,1200,0,0.682579697576649,0.682579697576649
17,32,1,6000000,145.33363822597983,2969688.5898411404,3000000000,101375,101975,93001,8974,2020,600,0,0.6061241593335848,0.6061241593335848
17,20,0,8000000,177.097679544369,0,6000000000,98001,104001,57001,47000,0,6000,0.6,0,0.6
17,35,1,9000000,138.88401239883584,3546635.972109003,5000000000,104956,105956,102001,3955,2538,1000,0,0.7612847840130736,0.7612847840130736
17,36,1,9000000,118.04946802082587,6648475.376905475,6000000000,106756,107956,105001,2955,1354,1200,0,0.40610814464002903,0.40610814464002903
17,21,0,2000000,187.94336593772073,0,7000000000,104001,111001,60001,51000,0,7000,0.7,0,0.7
17,38,1,4000000,95.05248707950787,14914895.91094153,3000000000,112156,112756,111001,1755,268,600,0,0.08045647835327385,0.08045647835327385
17,39,1,7000000,97.17458515476154,13766826.999666857,4000000000,116156,116956,114001,2955,508,800,0,0.1525405963226543,0.1525405963226543
17,22,0,9000000,205.87051173006785,0,8000000000,111001,119001,63001,56000,0,8000,0.7999999999999999,0,0.7999999999999999
17,40,1,4000000,108.47103576531384,9162557.310506733,3000000000,121356,121956,117001,4955,437,600,0,0.13096780291065205,0.13096780291065205
17,23,0,7000000,189.12936789404228,0,6000000000,119001,125001,66001,59000,0,6000,0.6,0,0.6
17,42,1,2000000,140.4415640043929,3395483.8365075667,9000000000,127356,129156,123001,6155,589,1800,0,0.17670530295238615,0.17670530295238615
17,24,0,7000000,169.5022701912868,0,5000000000,125001,130001,69001,61000,0,5000,0.49999999999999994,0,0.49999999999999994
17,43,1,4000000,160.05514362244034,2032056.6615616116,4000000000,132956,133756,126001,7755,1968,800,0,0.5905347142622559,0.5905347142622559
17,26,0,2000000,149.80448925182446,0,9000000000,130001,139001,75001,64000,0,9000,0.8999999999999999,0,0.8999999999999999
17,27,0,5000000,149.80448925182446,0,6000000000,139001,145001,78001,67000,0,6000,0.6,0,0.6
17,46,1,7000000,174.03324395068893,1459539.6355361878,7000000000,144756,146156,135001,11155,4796,1400,0,1.438809847208108,1.438809847208108
18,1,1,4000000,138.59922438455416,3575163.048597572,8000000000,1120,2720,1,2719,1119,1600,0,0.3356490273837227,0.3356490273837227
18,2,1,4000000,147.76784663789346,2782423.1981664402,9000000000,4439,6239,3001,3238,1438,1800,0,0.4312787504038837,0.4312787504038837
18,4,1,4000000,150.41589842832445,2594990.2472927524,4000000000,10542,11342,9001,2341,1541,800,0,0.4624294835989889,0.4624294835989889
18,3,1,10000000,170.7481051139368,1573894.9209068043,3000000000,12355,12955,6001,6954,6354,600,0,1.9060992955435303,1.9060992955435303
18,5,0,4000000,123.73877848112127,0,2000000000,12001,14001,12001,2000,0,2000,0.19999999999999998,0,0.19999999999999998
18,6,1,6000000,98.05543432161217,13321145.160922246,9000000000,15451,17251,15001,2250,450,1800,0,0.13512351815520512,0.13512351815520512
18,7,1,2000000,84.86401357465951,22259791.802848745,5000000000,18159,19159,18001,1158,90,1000,0,0.02695443000159659,0.02695443000159659
18,8,1,9000000,79.73028784596228,27495249.337220274,3000000000,21328,21928,21001,927,327,600,0,0.09819878215634198,0.09819878215634198
18,10,1,4000000,69.11010418166069,43273395.20749668,2000000000,29507,29907,27001,2906,92,400,0,0.027730664401209547,0.027730664401209547
18,9,0,7000000,78.16636424959263,0,9000000000,24001,33001,24001,9000,0,9000,0.8999999999999999,0,0.8999999999999999
18,12,1,8000000,73.36769657008456,35997081.79840567,6000000000,33223,34423,33001,1422,222,1200,0,0.06667207118178944,0.06667207118178944
18,13,1,3000000,84.2650449474751,22808102.87022455,10000000000,36133,38133,36001,2132,132,2000,0,0.03945966067940395,0.03945966067940395
18,11,0,3000000,65.38678230345943,0,6000000000,33001,39001,30001,9000,0,6000,0.6,0,0.6
18,14,1,3000000,102.18115873290925,11448373.325570865,5000000000,39263,40263,39001,1262,262,1000,0,0.07861378856241327,0.07861378856241327
18,15,0,6000000,125.43719743361618,0,3000000000,42001,45001,42001,3000,0,3000,0.3,0,0.3
18,16,1,2000000,150.39338948238384,2596516.5010808073,5000000000,45902,46902,45001,1901,770,1000,0,0.23107883186964084,0.23107883186964084
18,17,0,5000000,173.42828950318346,0,3000000000,48001,51001,48001,3000,0,3000,0.3,0,0.3
18,18,0,6000000,200.04337654618809,0,5000000000,51001,56001,51001,5000,0,5000,0.49999999999999994,0,0.49999999999999994
18,19,0,8000000,209.05296745083527,0,4000000000,56001,60001,54001,6000,0,4000,0.39999999999999997,0,0.39999999999999997
18,20,0,10000000,188.44803554295814,0,6000000000,60001,66001,57001,9000,0,6000,0.6,0,0.6
18,21,0,6000000,181.21366449580998,0,5000000000,66001,71001,60001,11000,0,5000,0.49999999999999994,0,0.49999999999999994
18,22,0,6000000,178.43941745029315,0,9000000000,71001,80001,63001,17000,0,9000,0.8999999999999999,0,0.8999999999999999
18,23,0,8000000,182.68567130456617,0,2000000000,80001,82001,66001,16000,0,2000,0.19999999999999998,0,0.19999999999999998
18,27,1,2000000,236.10102964620881,433957.59501852276,3000000000,82610,83210,78001,5209,4609,600,0,1.3826235717210802,1.3826235717210802
18,28,1,2000000,215.0685407027257,629422.3127511187,6000000000,84179,85379,81001,4378,3178,1200,0,0.9532550528396145,0.9532550528396145
18,24,0,4000000,193.51848619705555,0,7000000000,82001,89001,69001,20000,0,7000,0.7,0,0.7
18,25,0,6000000,210.07411477857042,0,2000000000,89001,91001,72001,19000,0,2000,0.19999999999999998,0,0.19999999999999998
18,30,1,5000000,185.8452326534098,1124991.2719973992,7000000000,91445,92845,87001,5844,4444,1400,0,1.3333436777129661,1.3333436777129661
18,26,1,8000000,230.96391493044965,473742.5551122768,5000000000,91888,92888,75001,17887,16887,1000,0,5.066042672546486,5.066042672546486
18,29,1,10000000,197.8425035223726,877451.9596710526,6000000000,95398,96598,84001,12597,11397,1200,0,3.41899059764442,3.41899059764442
18,31,0,2000000,180.16459613364668,0,9000000000,91001,100001,90001,10000,0,9000,0.8999999999999999,0,0.8999999999999999
18,32,1,7000000,181.36531228435052,1239346.5350240914,6000000000,99541,100741,93001,7740,5648,1200,0,1.694441337151258,1.694441337151258
18,33,1,9000000,189.42087794116048,1043015.7371413085,4000000000,104630,105430,96001,9429,8629,800,0,2.5886474229048013,2.5886474229048013
18,34,1,6000000,203.40416342838213,785848.2244818511,8000000000,106636,108236,99001,9235,7635,1600,0,2.2905186318730055,2.2905186318730055
18,37,0,5000000,218.79098358936096,0,7000000000,108001,115001,108001,7000,0,7000,0.7,0,0.7
18,39,1,4000000,180.17315810075596,1272184.692080805,4000000000,117145,117945,114001,3944,3144,800,0,0.943259266889355,0.943259266889355
18,38,0,9000000,198.61209681185076,0,3000000000,115001,118001,111001,7000,0,3000,0.3,0,0.3
18,35,1,9000000,222.25543795372025,552170.2123026238,8000000000,118300,119900,102001,17899,16299,1600,0,4.889796551575352,4.889796551575352
18,40,0,10000000,166.0693942302434,0,5000000000,118001,123001,117001,6000,0,5000,0.49999999999999994,0,0.49999999999999994
18,36,1,10000000,233.19814235966808,455902.8865367681,2000000000,126935,127335,105001,22334,21934,400,0,6.580348772935555,6.580348772935555
18,43,1,9000000,143.49192625370947,3121795.9958834257,9000000000,128884,130684,126001,4683,2883,1800,0,0.8648867522286435,0.8648867522286435
18,41,0,7000000,153.78753037876643,0,8000000000,123001,131001,120001,11000,0,8000,0.7999999999999999,0,0.7999999999999999
18,44,1,8000000,145.97197847532243,2919112.286522985,3000000000,131742,132342,129001,3341,2741,600,0,0.8221677566431299,0.8221677566431299
18,42,0,3000000,145.98824404725198,0,10000000000,131001,141001,123001,18000,0,10000,0.9999999999999999,0,0.9999999999999999
18,45,0,10000000,153.8084607555774,0,2000000000,141001,143001,132001,11000,0,2000,0.19999999999999998,0,0.19999999999999998
18,49,1,10000000,135.09863988952668,3949998.843950097,7000000000,147311,148711,144001,4710,2532,1400,0,0.759493893167808,0.759493893167808
19,1,1,6000000,134.86838102387085,3976311.190578214,5000000000,4657,5657,1,5656,1509,1000,0,0.4526808677009642,0.4526808677009642
19,2,1,5000000,142.22032379375318,3232452.6701945188,3000000000,7257,7857,3001,4856,1547,600,0,0.46404391743491014,0.46404391743491014
19,3,1,9000000,163.19988756123578,1881867.718754749,8000000000,10886,12486,6001,6485,4782,1600,0,1.4347448405069712,1.4347448405069712
19,4,1,10000000,170.350688874451,1588472.4443244159,6000000000,15296,16496,9001,7495,6295,1200,0,1.888606888157832,1.888606888157832
19,5,0,8000000,174.0563371440408,0,5000000000,12001,17001,12001,5000,0,5000,0.49999999999999994,0,0.49999999999999994
19,6,1,4000000,165.65498845492098,1774092.4402695557,3000000000,18173,18773,15001,3772,2255,600,0,0.6764021833144568,0.6764021833144568
19,7,1,6000000,160.91089956867435,1989758.7594564264,9000000000,21092,22892,18001,4891,3015,1800,0,0.9046322783832017,0.9046322783832017
19,8,1,7000000,165.3338446900694,1787746.7078522092,6000000000,25692,26892,21001,5891,3916,1200,0,1.1746630497353456,1.1746630497353456
19,10,1,3000000,173.91563155737322,1463451.9418703753,10000000000,29051,31051,27001,4050,2050,2000,0,0.614984321828668,0.614984321828668
19,9,0,7000000,173.58083995648826,0,8000000000,24001,32001,24001,8000,0,8000,0.7999999999999999,0,0.7999999999999999
19,11,0,4000000,177.097679544369,0,9000000000,32001,41001,30001,11000,0,9000,0.8999999999999999,0,0.8999999999999999
19,14,1,3000000,178.63714423377908,1316105.9385200576,3000000000,41280,41880,39001,2879,2279,600,0,0.6838355284773179,0.6838355284773179
19,12,1,7000000,188.2969253599219,1067957.7247620467,8000000000,41923,43523,33001,10522,6555,1600,0,1.966369970747582,1.966369970747582
19,15,1,5000000,156.92357694113397,2196663.943926236,2000000000,44277,44677,42001,2676,2276,400,0,0.6828536536721932,0.6828536536721932
19,13,0,5000000,205.21116953031574,0,10000000000,41001,51001,36001,15000,0,10000,0.9999999999999999,0,0.9999999999999999
19,18,1,7000000,123.46325323755244,5598017.627506745,2000000000,52400,52800,51001,1799,1250,400,0,0.37513279516686726,0.37513279516686726
19,19,1,5000000,98.46870822753793,13117940.296167275,6000000000,54382,55582,54001,1581,381,1200,0,0.11434721961939874,0.11434721961939874
19,16,0,3000000,149.80448925182446,0,8000000000,51001,59001,45001,14000,0,8000,0.7999999999999999,0,0.7999999999999999
19,17,0,5000000,145.09770501286366,0,6000000000,59001,65001,48001,17000,0,6000,0.6,0,0.6
19,22,1,7000000,67.3209625599634,46786233.64214115,10000000000,63151,65151,63001,2150,150,2000,0,0.04488499792615268,0.04488499792615268
19,23,1,10000000,66.68634417929951,48103345.34418662,3000000000,66209,66809,66001,808,208,600,0,0.06236572484791966,0.06236572484791966
19,20,0,3000000,79.48035480544864,0,2000000000,65001,67001,57001,10000,0,2000,0.19999999999999998,0,0.19999999999999998
19,25,1,3000000,91.91036611830029,16828471.546691786,8000000000,72179,73779,72001,1778,178,1600,0,0.05348079280420009,0.05348079280420009
19,21,0,4000000,77.09209168261035,0,7000000000,67001,74001,60001,14000,0,7000,0.7,0,0.7
19,27,1,5000000,141.3024037304391,3315348.5886431555,2000000000,80117,80517,78001,2516,1508,400,0,0.45244111136255877,0.45244111136255877
19,24,0,4000000,78.71095603535758,0,7000000000,74001,81001,69001,12000,0,7000,0.7,0,0.7
19,28,1,3000000,164.68839060480252,1815586.521309407,2000000000,83729,84129,81001,3128,1652,400,0,0.49570757958200584,0.49570757958200584
19,26,0,10000000,114.6840289665479,0,10000000000,81001,91001,75001,16000,0,10000,0.9999999999999999,0,0.9999999999999999
19,32,1,3000000,155.84786331547826,2256994.292000044,5000000000,94330,95330,93001,2329,1329,1000,0,0.3987604236262652,0.3987604236262652
19,29,0,2000000,193.35763548409466,0,6000000000,91001,97001,84001,13000,0,6000,0.6,0,0.6
19,34,1,6000000,99.08699864260701,12820747.60045071,6000000000,99469,100669,99001,1668,468,1200,0,0.14039742892502785,0.14039742892502785
19,30,0,9000000,213.2837351979752,0,6000000000,97001,103001,87001,16000,0,6000,0.6,0,0.6
19,35,1,6000000,86.22376528544781,21070148.996574674,6000000000,102286,103486,102001,1485,285,1200,0,0.08542891653460172,0.08542891653460172
19,31,0,3000000,188.81992400167945,0,9000000000,103001,112001,90001,22000,0,9000,0.8999999999999999,0,0.8999999999999999
19,33,0,2000000,121.98736000094439,0,3000000000,112001,115001,96001,19000,0,3000,0.3,0,0.3
19,39,1,9000000,116.89011805965465,6903772.347233478,3000000000,115305,115905,114001,1904,1304,600,0,0.39109053198748084,0.39109053198748084
19,40,1,9000000,77.18512356665634,30595598.689419646,6000000000,117295,118495,117001,1494,294,1200,0,0.08824798715031175,0.08824798715031175
19,41,1,3000000,93.59637279296673,15768078.939313041,8000000000,120295,121895,120001,1894,190,1600,0,0.057077339824581685,0.057077339824581685
19,36,0,3000000,68.42726064953936,0,10000000000,115001,125001,105001,20000,0,10000,0.9999999999999999,0,0.9999999999999999
19,43,1,10000000,116.2599681747763,7047532.961909681,2000000000,127857,128257,126001,2256,1419,400,0,0.425680875309746,0.425680875309746
19,44,1,7000000,96.00544255405522,14385900.480027353,9000000000,129488,131288,129001,2287,487,1800,0,0.1459762635585817,0.1459762635585817
19,37,0,5000000,68.26203190647047,0,7000000000,125001,132001,108001,24000,0,7000,0.7,0,0.7
19,45,1,7000000,76.38170723412772,31653575.597543854,2000000000,133488,133888,132001,1887,221,400,0,0.06634321590395457,0.06634321590395457
19,46,1,3000000,68.73153933966562,43992697.28424364,4000000000,139688,140488,135001,5487,68,800,0,0.020457940875617614,0.020457940875617614
19,38,0,8000000,87.47564518195917,0,9000000000,132001,141001,111001,30000,0,9000,0.8999999999999999,0,0.8999999999999999
19,48,1,5000000,95.72977906586854,14536618.259169346,7000000000,141488,142888,141001,1887,344,1400,0,0.10318768597048605,0.10318768597048605
20,1,0,2000000,151.29657663014058,0,5000000000,1,5001,1,5000,0,5000,0.49999999999999994,0,0.49999999999999994
20,2,1,8000000,151.2600310723226,2538545.0893753823,6000000000,6152,7352,3001,4351,3151,1200,0,0.9454234277912819,0.9454234277912819
20,3,1,2000000,149.19297369514425,2679545.4594820854,7000000000,7352,8752,6001,2751,746,1400,0,0.22391857465107934,0.22391857465107934
20,4,0,3000000,151.48836324945887,0,5000000000,9001,14001,9001,5000,0,5000,0.49999999999999994,0,0.49999999999999994
20,5,0,10000000,157.45115369536038,0,3000000000,14001,17001,12001,5000,0,3000,0.3,0,0.3
20,6,0,4000000,167.0474139279025,0,5000000000,17001,22001,15001,7000,0,5000,0.49999999999999994,0,0.49999999999999994
20,8,1,3000000,181.26610962890993,1242038.5803447575,3000000000,24898,25498,21001,4497,2415,600,0,0.7246151723807029,0.7246151723807029
20,7,0,7000000,180.09201675810067,0,8000000000,22001,30001,18001,12000,0,8000,0.7999999999999999,0,0.7999999999999999
20,9,1,7000000,195.27389917753987,924237.9950280706,10000000000,33589,35589,24001,11588,7574,2000,0,2.272142036247081,2.272142036247081
20,11,1,4000000,218.3605580227345,592467.1954892967,9000000000,37047,38847,30001,8846,6751,1800,0,2.0254285961081178,2.0254285961081178
20,12,0,5000000,201.05520261858433,0,7000000000,33001,40001,33001,7000,0,7000,0.7,0,0.7
20,13,1,2000000,186.88847690534587,1100270.2323026531,4000000000,40047,40847,36001,4846,1818,800,0,0.5453205788766237,0.5453205788766237
20,10,1,10000000,212.27460328546138,663065.0091173142,8000000000,45047,46647,27001,19646,15081,1600,0,4.524443242742762,4.524443242742762
20,14,1,9000000,180.38061370335782,1266393.2118911014,6000000000,51247,52447,39001,13446,7107,1200,0,2.1320392234005245,2.1320392234005245
20,15,1,7000000,176.10912781568138,1392577.996775774,2000000000,52447,52847,42001,10846,5027,400,0,1.5079945287532297,1.5079945287532297
20,16,1,4000000,177.44748659814823,1351424.7272724984,9000000000,52847,54647,45001,9646,2960,1800,0,0.8879517858326375,0.8879517858326375
20,17,0,2000000,180.36372279369263,0,8000000000,48001,56001,48001,8000,0,8000,0.7999999999999999,0,0.7999999999999999
20,18,0,7000000,182.53637993561722,0,4000000000,56001,60001,51001,9000,0,4000,0.39999999999999997,0,0.39999999999999997
20,20,1,3000000,203.39838372022527,785937.0651532675,10000000000,61248,63248,57001,6247,3817,2000,0,1.1451298582342453,1.1451298582342453
20,19,1,10000000,189.87298412359775,1033187.6217456671,10000000000,65248,67248,54001,13247,9679,2000,0,2.903635251583076,2.903635251583076
20,22,0,5000000,240.86630731590498,0,9000000000,63001,72001,63001,9000,0,9000,0.8999999999999999,0,0.8999999999999999
20,21,1,6000000,220.67809429120962,568064.6294044383,8000000000,72284,73884,60001,13883,10562,1600,0,3.168653541916751,3.168653541916751
20,23,0,5000000,223.9406700445455,0,2000000000,72001,74001,66001,8000,0,2000,0.19999999999999998,0,0.19999999999999998
20,24,0,6000000,206.51846624454677,0,9000000000,74001,83001,69001,14000,0,9000,0.8999999999999999,0,0.8999999999999999
20,28,1,2000000,190.36598882153297,1022601.4530617306,5000000000,86615,87615,81001,6614,1956,1000,0,0.586738849435001,0.586738849435001
20,25,0,6000000,197.97458650038897,0,10000000000,83001,93001,72001,21000,0,10000,0.9999999999999999,0,0.9999999999999999
20,30,1,3000000,185.10520954311363,1142947.0020822687,9000000000,91375,93175,87001,6174,2625,1800,0,0.7874380862457685,0.7874380862457685
20,29,1,5000000,207.24411740746706,729489.6491492075,7000000000,93975,95375,84001,11374,6854,1400,0,2.0562320544910087,2.0562320544910087
20,26,0,8000000,193.38268407486746,0,8000000000,93001,101001,75001,26000,0,8000,0.7999999999999999,0,0.7999999999999999
20,32,1,9000000,150.70897020416538,2575218.964946852,9000000000,104175,105975,93001,12974,3495,1800,0,1.0484545340616203,1.0484545340616203
20,34,1,2000000,138.81638123795042,3553385.091112482,6000000000,108975,110175,99001,11174,563,1200,0,0.16885307519882514,0.16885307519882514
20,27,0,9000000,188.1332517127156,0,10000000000,101001,111001,78001,33000,0,10000,0.9999999999999999,0,0.9999999999999999
20,35,1,9000000,143.61488258533655,3111345.7623984395,3000000000,112175,112775,102001,10774,2893,600,0,0.8677916908594094,0.8677916908594094
20,31,0,3000000,165.7988133250657,0,7000000000,111001,118001,90001,28000,0,7000,0.7,0,0.7
20,33,0,7000000,141.40401444089204,0,8000000000,118001,126001,96001,30000,0,8000,0.7999999999999999,0,0.7999999999999999
20,41,1,6000000,141.93065666021562,3258333.1458657244,9000000000,125556,127356,120001,7355,1841,1800,0,0.5524296993031227,0.5524296993031227
20,42,1,9000000,115.51806655237961,7221476.728238765,10000000000,129156,131156,123001,8155,1246,2000,0,0.3738847470686925,0.3738847470686925
20,43,1,5000000,98.36007980883298,13170994.429372082,9000000000,131156,132956,126001,6955,380,1800,0,0.11388661714524098,0.11388661714524098
20,36,0,6000000,141.35846384281348,0,7000000000,126001,133001,105001,28000,0,7000,0.7,0,0.7
20,45,1,5000000,107.79099823269098,9381426.989540963,6000000000,136156,137356,132001,5355,533,1200,0,0.15989038785595194,0.15989038785595194
20,46,1,3000000,128.59730362647576,4783428.011496131,3000000000,139556,140156,135001,5155,627,600,0,0.1881495859950244,0.1881495859950244
20,37,0,2000000,139.65834203512514,0,10000000000,133001,143001,108001,35000,0,10000,0.9999999999999999,0,0.9999999999999999
20,38,0,8000000,139.36634313922428,0,5000000000,143001,148001,111001,37000,0,5000,0.49999999999999994,0,0.49999999999999994
20,47,1,8000000,147.93621091538066,2770017.948565027,9000000000,146556,148356,138001,10355,2888,1800,0,0.8664203786994557,0.8664203786994557
20,48,1,7000000,164.62151165628381,1818501.8106513869,2000000000,148356,148756,141001,7755,3849,400,0,1.1547967605530074,1.1547967605530074
