vehicle_id,task_id,execution_location,size,distance,transfer_rate,execution_cycles,start_time,end_time,release_time,response_time,transmission_time,execution_time,execution_energy,transfer_energy,total_energy
1,1,0,8000000,180.12362227092814,0,5000000000,1,5001,1,5000,0,5000,0.49999999999999994,0,0.49999999999999994
1,2,0,5000000,178.2195253051696,0,5000000000,5001,10001,3001,7000,0,5000,0.49999999999999994,0,0.49999999999999994
1,4,1,4000000,174.2800496327678,1451371.9489850937,5000000000,12222,13222,9001,4221,2756,1000,0,0.8268039084254925,0.8268039084254925
1,3,1,8000000,183.89026211303306,1173206.3323137874,10000000000,13222,15222,6001,9221,6819,2000,0,2.0456759684093595,2.0456759684093595
1,5,0,9000000,153.93124861443826,0,4000000000,12001,16001,12001,4000,0,4000,0.39999999999999997,0,0.39999999999999997
1,6,1,4000000,134.19435792908735,4054582.2074223715,4000000000,15988,16788,15001,1787,987,800,0,0.29596144278521824,0.29596144278521824
1,7,1,7000000,115.7584813307431,7164544.909383026,3000000000,18978,19578,18001,1577,977,600,0,0.29311003372311073,0.29311003372311073
1,8,0,9000000,105.52037954821806,0,2000000000,21001,23001,21001,2000,0,2000,0.19999999999999998,0,0.19999999999999998
1,9,0,9000000,92.84315914487185,0,6000000000,24001,30001,24001,6000,0,6000,0.6,0,0.6
1,11,1,4000000,69.22982666452369,43048520.651141025,3000000000,30934,31534,30001,1533,93,600,0,0.027875522360562077,0.027875522360562077
1,12,1,2000000,67.05641281786552,47330635.66949557,8000000000,33043,34643,33001,1642,42,1600,0,0.012676778824390434,0.012676778824390434
1,10,0,6000000,78.80699524788392,0,5000000000,30001,35001,27001,8000,0,5000,0.49999999999999994,0,0.49999999999999994
1,13,1,7000000,66.61727403609366,48249021.153162636,9000000000,36146,37946,36001,1945,145,1800,0,0.043524199036778774,0.043524199036778774
1,14,1,2000000,72.3964867932139,37532255.61956763,10000000000,39054,41054,39001,2053,53,2000,0,0.015986249429868718,0.015986249429868718
1,16,1,2000000,99.35792670944781,12693042.093320874,6000000000,45159,46359,45001,1358,158,1200,0,0.047269992141263144,0.047269992141263144
1,15,0,9000000,83.9798862823712,0,7000000000,42001,49001,42001,7000,0,7000,0.7,0,0.7
1,17,1,6000000,116.67081211682725,6953396.473790331,5000000000,48864,49864,48001,1863,863,1000,0,0.2588662974684099,0.2588662974684099
1,18,0,5000000,135.67610290688629,0,6000000000,51001,57001,51001,6000,0,6000,0.6,0,0.6
1,19,1,9000000,155.56204324963076,2273368.128798877,10000000000,58603,60603,54001,6602,3959,2000,0,1.1876651061465051,1.1876651061465051
1,20,1,4000000,176.06610690306067,1393926.5036305662,2000000000,60603,61003,57001,4002,2870,400,0,0.8608775260923206,0.8608775260923206
1,21,1,2000000,196.22274893599877,906601.4149585579,4000000000,62207,63007,60001,3006,2206,800,0,0.6618123357191394,0.6618123357191394
1,22,0,4000000,198.36412679716057,0,9000000000,63001,72001,63001,9000,0,9000,0.8999999999999999,0,0.8999999999999999
1,24,1,5000000,192.04401578804794,987566.6976269817,9000000000,74797,76597,69001,7596,5063,1800,0,1.5188847534089003,1.5188847534089003
1,23,1,9000000,193.24822638254668,963342.1712538899,8000000000,76597,78197,66001,12196,9342,1600,0,2.8027424528562572,2.8027424528562572
1,26,1,3000000,201.5371402496324,815209.27603018,2000000000,80197,80597,75001,5596,3680,400,0,1.1040109901382928,1.1040109901382928
1,25,1,9000000,194.85996253720256,932065.7250025843,5000000000,81657,82657,72001,10656,9656,1000,0,2.89679142529623,2.89679142529623
1,27,0,9000000,211.68817161098065,0,5000000000,78001,83001,78001,5000,0,5000,0.49999999999999994,0,0.49999999999999994
1,28,0,8000000,224.82935239865807,0,8000000000,83001,91001,81001,10000,0,8000,0.7999999999999999,0,0.7999999999999999
1,29,0,7000000,240.4917597340915,0,5000000000,91001,96001,84001,12000,0,5000,0.49999999999999994,0,0.49999999999999994
1,31,0,7000000,233.35631660617204,0,7000000000,96001,103001,90001,13000,0,7000,0.7,0,0.7
1,33,1,5000000,209.20176528891915,702695.8575383634,3000000000,104009,104609,96001,8608,7115,600,0,2.13463617852352,2.13463617852352
1,32,1,7000000,219.02614113388384,585327.3349104042,10000000000,105236,107236,93001,14235,11959,2000,0,3.5877360833002037,3.5877360833002037
1,30,1,7000000,249.97665971046177,345547.18335376406,3000000000,108636,109236,87001,22235,20258,600,0,6.077317660697188,6.077317660697188
1,34,0,9000000,220.17305579929618,0,9000000000,103001,112001,99001,13000,0,9000,0.8999999999999999,0,0.8999999999999999
1,39,1,5000000,177.13851077617196,1360789.7631211272,2000000000,117675,118075,114001,4074,3674,400,0,1.102301061230486,1.102301061230486
1,37,0,8000000,222.8499192281657,0,8000000000,112001,120001,108001,12000,0,8000,0.7999999999999999,0,0.7999999999999999
1,42,1,5000000,88.23129433483335,19444915.924015187,3000000000,123258,123858,123001,857,257,600,0,0.0771409866651799,0.0771409866651799
1,43,1,2000000,66.34530880175329,48827119.30823293,10000000000,126042,128042,126001,2041,41,2000,0,0.012288253095832988,0.012288253095832988
1,35,1,10000000,240.65468123433624,402121.68159886874,8000000000,126869,128469,102001,26468,24868,1600,0,7.460428366040235,7.460428366040235
1,38,0,8000000,206.75429209571445,0,9000000000,120001,129001,111001,18000,0,9000,0.8999999999999999,0,0.8999999999999999
1,36,1,9000000,243.55827988389146,383336.1305748733,6000000000,128642,129842,105001,24841,23478,1200,0,7.043426863914242,7.043426863914242
1,40,0,9000000,146.23604001750044,0,2000000000,129001,131001,117001,14000,0,2000,0.19999999999999998,0,0.19999999999999998
1,41,0,2000000,118.07586925362858,0,8000000000,131001,139001,120001,19000,0,8000,0.7999999999999999,0,0.7999999999999999
1,47,1,4000000,52.5495290178704,89513905.10922478,8000000000,139141,140741,138001,2740,45,1600,0,0.013405738455223925,0.013405738455223925
1,48,1,10000000,82.88216032416142,24133906.28876266,3000000000,141415,142015,141001,1014,414,600,0,0.12430644107526323,0.12430644107526323
1,44,0,5000000,38.68715161394029,0,9000000000,139001,148001,129001,19000,0,9000,0.8999999999999999,0,0.8999999999999999
1,50,1,8000000,125.02979844820993,5332612.6578746,10000000000,150062,152062,147001,5061,1500,2000,0,0.4500608152095861,0.4500608152095861
1,51,1,2000000,131.4272422293034,4396452.426442074,7000000000,153262,154662,150001,4661,455,1400,0,0.1364736705420382,0.1364736705420382
1,45,0,9000000,8.699522975428026,0,7000000000,148001,155001,132001,23000,0,7000,0.7,0,0.7
1,54,1,3000000,127.83488921260896,4894746.959842024,9000000000,159614,161414,159001,2413,613,1800,0,0.18387058766957118,0.18387058766957118
1,46,0,3000000,22.301569451498256,0,8000000000,155001,163001,135001,28000,0,8000,0.7999999999999999,0,0.7999999999999999
1,55,1,6000000,137.6231404960663,3675105.5766043887,7000000000,163634,165034,162001,3033,1633,1400,0,0.489781847753911,0.489781847753911
1,56,1,7000000,151.1376197377741,2546635.6345836003,3000000000,167750,168350,165001,3349,2749,600,0,0.8246173781132103,0.8246173781132103
1,49,0,2000000,113.2194881634783,0,10000000000,163001,173001,144001,29000,0,10000,0.9999999999999999,0,0.9999999999999999
1,52,0,10000000,144.1366969234414,0,7000000000,173001,180001,153001,27000,0,7000,0.7,0,0.7
1,58,1,9000000,190.16259700582552,1026952.39884013,8000000000,179836,181436,171001,10435,8764,1600,0,2.6291384128898856,2.6291384128898856
1,60,1,3000000,234.7241855881068,444197.99757245864,3000000000,185636,186236,177001,9235,6754,600,0,2.0261234965454564,2.0261234965454564
1,53,0,9000000,124.8780048687518,0,9000000000,180001,189001,156001,33000,0,9000,0.8999999999999999,0,0.8999999999999999
1,61,1,3000000,234.13914345961035,448640.4957724106,3000000000,188836,189436,180001,9435,6687,600,0,2.0060605506653997,2.0060605506653997
1,57,0,7000000,168.80238149978808,0,7000000000,189001,196001,168001,28000,0,7000,0.7,0,0.7
1,65,1,9000000,156.38601120304847,2226559.738239588,6000000000,196043,197243,192001,5242,4042,1200,0,1.2126330830605665,1.2126330830605665
1,62,1,9000000,214.07004577941302,641195.67829292,7000000000,197243,198643,183001,15642,14036,1400,0,4.210883029012788,4.210883029012788
1,67,1,5000000,132.1549155347617,4303225.779931267,2000000000,199163,199563,198001,1562,1162,400,0,0.34857571429216494,0.34857571429216494
1,59,0,10000000,213.49964871165477,0,7000000000,196001,203001,174001,29000,0,7000,0.7,0,0.7
1,63,0,4000000,192.23506573983843,0,5000000000,203001,208001,186001,22000,0,5000,0.49999999999999994,0,0.49999999999999994
1,70,1,5000000,163.5409578668292,1866418.6803755658,7000000000,209680,211080,207001,4079,2679,1400,0,0.803678197058211,0.803678197058211
1,64,0,5000000,172.2073198211969,0,9000000000,208001,217001,189001,28000,0,9000,0.8999999999999999,0,0.8999999999999999
1,71,1,9000000,174.43828392872936,1446165.2737232689,10000000000,216224,218224,210001,8223,6223,2000,0,1.8670065234305016,1.8670065234305016
1,66,0,2000000,142.03217945240436,0,2000000000,217001,219001,195001,24000,0,2000,0.19999999999999998,0,0.19999999999999998
1,73,1,8000000,161.04644299083418,1983159.6813363528,7000000000,220824,222224,216001,6223,4034,1400,0,1.2101899925591262,1.2101899925591262
1,68,0,10000000,127.80933807824839,0,4000000000,219001,223001,201001,22000,0,4000,0.39999999999999997,0,0.39999999999999997
1,74,1,7000000,163.366319968346,1874309.3024219077,6000000000,224024,225224,219001,6223,3735,1200,0,1.12041272872437,1.12041272872437
1,69,0,9000000,141.0629735260107,0,7000000000,223001,230001,204001,26000,0,7000,0.7,0,0.7
1,72,0,4000000,166.15556836892344,0,8000000000,230001,238001,213001,25000,0,8000,0.7999999999999999,0,0.7999999999999999
1,75,0,6000000,171.9222815693184,0,10000000000,238001,248001,222001,26000,0,10000,0.9999999999999999,0,0.9999999999999999
1,76,0,8000000,176.60684075086107,0,4000000000,248001,252001,225001,27000,0,4000,0.39999999999999997,0,0.39999999999999997
1,77,0,4000000,187.8779736956943,0,7000000000,252001,259001,228001,31000,0,7000,0.7,0,0.7
1,78,0,9000000,208.29083441188672,0,3000000000,259001,262001,231001,31000,0,3000,0.3,0,0.3
1,79,0,9000000,184.02722624655303,0,8000000000,262001,270001,234001,36000,0,8000,0.7999999999999999,0,0.7999999999999999
1,80,0,9000000,163.05261635435352,0,6000000000,270001,276001,237001,39000,0,6000,0.6,0,0.6
1,83,0,9000000,149.80448925182446,0,4000000000,276001,280001,246001,34000,0,4000,0.39999999999999997,0,0.39999999999999997
1,93,1,10000000,150.05387965660867,2619672.7017757474,10000000000,279818,281818,276001,5817,3817,2000,0,1.1451812273977766,1.1451812273977766
1,94,1,6000000,124.8297312341896,5365638.09414659,7000000000,281818,283218,279001,4217,1118,1400,0,0.3354680223333795,0.3354680223333795
1,95,1,9000000,105.42162207061703,10194746.106182655,9000000000,284218,286018,282001,4017,883,1800,0,0.2648422993450098,0.2648422993450098
1,81,1,3000000,150.31483293407868,2601851.8541069594,2000000000,285623,286023,240001,46022,1153,400,0,0.34590747300979957,0.34590747300979957
1,86,0,6000000,149.80448925182446,0,9000000000,280001,289001,255001,34000,0,9000,0.8999999999999999,0,0.8999999999999999
1,97,1,10000000,97.37861828964304,13662042.321799204,9000000000,288733,290533,288001,2532,732,1800,0,0.2195864958794037,0.2195864958794037
1,82,1,10000000,149.80448925182446,2636845.1596287237,9000000000,292623,294423,243001,51422,3792,1800,0,1.1377232330253362,1.1377232330253362
1,87,0,2000000,149.80448925182446,0,6000000000,289001,295001,258001,37000,0,6000,0.6,0,0.6
1,100,1,7000000,147.30427726308562,2816935.920183994,4000000000,299486,300286,297001,3285,2485,800,0,0.7454908664954062,0.7454908664954062
1,84,1,8000000,149.80448925182446,2636845.1596287237,8000000000,302423,304023,249001,55022,3034,1600,0,0.9101785864202688,0.9101785864202688
1,96,0,3000000,95.3646921035244,0,10000000000,295001,305001,285001,20000,0,10000,0.9999999999999999,0,0.9999999999999999
1,101,1,6000000,168.15393245476,1672146.4702880406,9000000000,304373,306173,300001,6172,3588,1800,0,1.076460723975894,1.076460723975894
1,85,1,10000000,149.80448925182446,2636845.1596287237,5000000000,307223,308223,252001,56222,3792,1000,0,1.1377232330253362,1.1377232330253362
1,102,1,6000000,186.11618951611925,1118504.7185825887,3000000000,308365,308965,303001,5964,5364,600,0,1.6092913781186617,1.6092913781186617
1,98,0,5000000,110.89331269287611,0,6000000000,305001,311001,291001,20000,0,6000,0.6,0,0.6
1,88,1,9000000,146.43006692616103,2883472.0233555757,3000000000,313823,314423,261001,53422,3121,600,0,0.9363711449705469,0.9363711449705469
1,105,1,7000000,153.19818569421767,2414584.6092949742,5000000000,314900,315900,312001,3899,2899,1000,0,0.8697148121942065,0.8697148121942065
1,89,1,10000000,140.11161158162443,3426830.906144504,7000000000,316223,317623,264001,53622,2918,1400,0,0.8754444214393037,0.8754444214393037
1,90,1,10000000,139.6827011479947,3468114.47430407,8000000000,317623,319223,267001,52222,2883,1600,0,0.8650233497848987,0.8650233497848987
1,107,1,6000000,97.97578884602049,13360733.797042888,9000000000,318450,320250,318001,2249,449,1800,0,0.13472313926338322,0.13472313926338322
1,91,1,9000000,148.11088413752714,2757220.0044884044,7000000000,319223,320623,270001,50622,3264,1400,0,0.9792472111781949,0.9792472111781949
1,99,0,7000000,129.6935314501074,0,10000000000,311001,321001,294001,27000,0,10000,0.9999999999999999,0,0.9999999999999999
1,92,1,2000000,163.75523808416025,1856793.120034616,6000000000,320623,321823,273001,48822,1077,1200,0,0.3231377763769473,0.3231377763769473
1,109,1,6000000,44.67966539713566,125611617.75335224,7000000000,324049,325449,324001,1448,48,1400,0,0.014329884704887998,0.014329884704887998
1,103,0,6000000,206.1724853126624,0,9000000000,321001,330001,306001,24000,0,9000,0.8999999999999999,0,0.8999999999999999
1,104,0,10000000,181.14287951779946,0,5000000000,330001,335001,309001,26000,0,5000,0.49999999999999994,0,0.49999999999999994
1,106,0,10000000,125.25435122182382,0,8000000000,335001,343001,315001,28000,0,8000,0.7999999999999999,0,0.7999999999999999
1,108,0,6000000,72.39684661641006,0,2000000000,343001,345001,321001,24000,0,2000,0.19999999999999998,0,0.19999999999999998
1,116,1,4000000,131.725290662044,4357970.731226517,4000000000,345919,346719,345001,1718,918,800,0,0.27535751706672645,0.27535751706672645
1,110,0,10000000,18.256048312819484,0,2000000000,345001,347001,327001,20000,0,2000,0.19999999999999998,0,0.19999999999999998
1,111,0,5000000,11.973641885408119,0,6000000000,347001,353001,330001,23000,0,6000,0.6,0,0.6
1,119,1,2000000,159.33459793779875,2068538.7352949756,9000000000,354968,356768,354001,2767,967,1800,0,0.2900598329450376,0.2900598329450376
1,112,0,2000000,35.42965565737266,0,9000000000,353001,362001,333001,29000,0,9000,0.8999999999999999,0,0.8999999999999999
1,123,1,5000000,137.97281181450205,3638911.481100478,5000000000,367375,368375,366001,2374,1374,1000,0,0.41221118122564787,0.41221118122564787
1,113,0,8000000,62.63594894307891,0,9000000000,362001,371001,336001,35000,0,9000,0.8999999999999999,0,0.8999999999999999
1,124,1,5000000,168.86714097183028,1644393.2769703178,3000000000,372042,372642,369001,3641,3041,600,0,0.9121905452956165,0.9121905452956165
1,114,0,6000000,90.45699364891576,0,4000000000,371001,375001,339001,36000,0,4000,0.39999999999999997,0,0.39999999999999997
1,115,0,9000000,117.66398471919955,0,2000000000,375001,377001,342001,35000,0,2000,0.19999999999999998,0,0.19999999999999998
1,126,1,3000000,142.16461620248558,3237410.1511096973,6000000000,375928,377128,375001,2127,927,1200,0,0.27799999320182034,0.27799999320182034
1,117,0,3000000,135.88169928286888,0,7000000000,377001,384001,348001,36000,0,7000,0.7,0,0.7
1,129,1,7000000,125.61346424647317,5237676.455079867,2000000000,385337,385737,384001,1736,1336,400,0,0.40094114594712554,0.40094114594712554
1,118,0,7000000,145.40675121877936,0,4000000000,384001,388001,351001,37000,0,4000,0.39999999999999997,0,0.39999999999999997
1,130,1,7000000,129.71933471923145,4625187.782643488,3000000000,388514,389114,387001,2113,1513,600,0,0.45403561945754395,0.45403561945754395
1,120,0,7000000,175.16604693832656,0,9000000000,388001,397001,357001,40000,0,9000,0.8999999999999999,0,0.8999999999999999
1,133,1,7000000,155.28318518113932,2289485.127228442,9000000000,399058,400858,396001,4857,3057,1800,0,0.9172367948693229,0.9172367948693229
1,134,1,5000000,156.12633986614816,2241181.379547167,9000000000,401658,403458,399001,4457,2231,1800,0,0.6692898726041872,0.6692898726041872
1,121,0,5000000,168.43198864823742,0,7000000000,397001,404001,360001,44000,0,7000,0.7,0,0.7
1,136,1,8000000,169.80751279021786,1608668.793572612,4000000000,409974,410774,405001,5773,4973,800,0,1.4919168007666512,1.4919168007666512
1,122,0,4000000,151.33535740202944,0,10000000000,404001,414001,363001,51000,0,10000,0.9999999999999999,0,0.9999999999999999
1,125,0,7000000,155.56466597527853,0,8000000000,414001,422001,372001,50000,0,8000,0.7999999999999999,0,0.7999999999999999
1,138,1,10000000,192.66557813994697,974969.5201841989,7000000000,421258,422658,411001,11657,10257,1400,0,3.077019268697976,3.077019268697976
1,140,1,6000000,212.21318455741624,663829.4366062335,3000000000,427385,427985,417001,10984,9038,600,0,2.711539893744895,2.711539893744895
1,127,0,2000000,132.8414491038094,0,9000000000,422001,431001,378001,53000,0,9000,0.8999999999999999,0,0.8999999999999999
1,141,1,10000000,212.21318455741624,663829.4366062335,2000000000,435065,435465,420001,15464,15064,400,0,4.5192331562414925,4.5192331562414925
1,145,1,5000000,174.77939037541006,1435019.9298289192,8000000000,435485,437085,432001,5084,3484,1600,0,1.0452816499759885,1.0452816499759885
1,128,0,3000000,126.75888686794309,0,10000000000,431001,441001,381001,60000,0,10000,0.9999999999999999,0,0.9999999999999999
1,131,0,10000000,138.54936809671852,0,4000000000,441001,445001,390001,55000,0,4000,0.39999999999999997,0,0.39999999999999997
1,132,0,4000000,149.69770205317118,0,3000000000,445001,448001,393001,55000,0,3000,0.3,0,0.3
1,135,0,3000000,161.08991340242255,0,4000000000,448001,452001,402001,50000,0,4000,0.39999999999999997,0,0.39999999999999997
1,137,0,7000000,181.62310563361697,0,3000000000,452001,455001,408001,47000,0,3000,0.3,0,0.3
1,152,1,4000000,116.10790886068013,7082766.223455448,8000000000,454731,456331,453001,3330,565,1600,0,0.16942532933334056,0.16942532933334056
1,154,1,3000000,163.62535164209729,1862620.304464506,3000000000,460612,461212,459001,2211,1611,600,0,0.48319026580070784,0.48319026580070784
1,139,0,5000000,207.07638421606651,0,9000000000,455001,464001,414001,50000,0,9000,0.8999999999999999,0,0.8999999999999999
1,142,0,2000000,212.21318455741624,0,9000000000,464001,473001,423001,50000,0,9000,0.8999999999999999,0,0.8999999999999999
1,143,0,6000000,220.0081400766799,0,5000000000,473001,478001,426001,52000,0,5000,0.49999999999999994,0,0.49999999999999994
1,156,1,5000000,147.0670554543063,2834801.6520387023,3000000000,478742,479342,465001,14341,1764,600,0,0.5291375496840303,0.5291375496840303
1,144,0,2000000,203.05069243910498,0,2000000000,478001,480001,429001,51000,0,2000,0.19999999999999998,0,0.19999999999999998
1,146,0,4000000,148.05021107718824,0,5000000000,480001,485001,435001,50000,0,5000,0.49999999999999994,0,0.49999999999999994
1,157,1,9000000,142.03952196483905,3248576.643087532,7000000000,483942,485342,468001,17341,2770,1400,0,0.8311332305319568,0.8311332305319568
1,159,1,10000000,145.34274835711616,2968959.2086826353,9000000000,487942,489742,474001,15741,3368,1800,0,1.0104551087217994,1.0104551087217994
1,147,0,10000000,123.84001009366887,0,10000000000,485001,495001,438001,57000,0,10000,0.9999999999999999,0,0.9999999999999999
1,148,0,3000000,107.14790945230803,0,4000000000,495001,499001,441001,58000,0,4000,0.39999999999999997,0,0.39999999999999997
1,163,1,10000000,167.82899034433828,1684983.71512775,5000000000,498142,499142,486001,13141,5935,1000,0,1.7804326374587838,1.7804326374587838
1,167,1,9000000,188.30285207611703,1067824.2680941862,2000000000,506589,506989,498001,8988,8428,400,0,2.5285059355495463,2.5285059355495463
1,149,0,9000000,94.53093091681689,0,8000000000,499001,507001,444001,63000,0,8000,0.7999999999999999,0,0.7999999999999999
1,168,1,6000000,188.30285207611703,1067824.2680941862,5000000000,506989,507989,501001,6988,5619,1000,0,1.6856706236996977,1.6856706236996977
1,150,0,2000000,91.78397463609865,0,2000000000,507001,509001,447001,62000,0,2000,0.19999999999999998,0,0.19999999999999998
1,172,1,4000000,187.645882715289,1082745.0139981455,6000000000,516695,517895,513001,4894,3694,1200,0,1.1082941823660575,1.1082941823660575
1,151,0,9000000,99.6331711830955,0,10000000000,509001,519001,450001,69000,0,10000,0.9999999999999999,0,0.9999999999999999
1,171,1,9000000,188.30285207611703,1067824.2680941862,3000000000,519363,519963,510001,9962,8428,600,0,2.5285059355495463,2.5285059355495463
1,153,0,6000000,138.1692429594951,0,6000000000,519001,525001,456001,69000,0,6000,0.6,0,0.6
1,175,1,4000000,200.80453381335792,827102.9154706515,8000000000,527633,529233,522001,7232,4836,1600,0,1.450847261633888,1.450847261633888
1,155,0,4000000,158.6592969226827,0,5000000000,525001,530001,462001,68000,0,5000,0.49999999999999994,0,0.49999999999999994
1,174,1,9000000,185.77896813148683,1126584.7242806484,9000000000,529233,531033,519001,12032,7989,1800,0,2.396624010434737,2.396624010434737
1,158,0,6000000,144.2243672199674,0,4000000000,530001,534001,471001,63000,0,4000,0.39999999999999997,0,0.39999999999999997
1,179,1,3000000,196.64671723677466,898856.5233070301,9000000000,537339,539139,534001,5138,3338,1800,0,1.0012721459580256,1.0012721459580256
1,160,0,3000000,145.34274835711616,0,8000000000,534001,542001,477001,65000,0,8000,0.7999999999999999,0,0.7999999999999999
1,161,0,8000000,146.36535997291165,0,2000000000,542001,544001,480001,64000,0,2000,0.19999999999999998,0,0.19999999999999998
1,178,1,9000000,211.86315630614018,668206.9785274172,9000000000,544470,546270,531001,15269,13469,1800,0,4.040664175567596,4.040664175567596
1,162,0,5000000,153.05033453083334,0,7000000000,544001,551001,483001,68000,0,7000,0.7,0,0.7
1,182,1,8000000,181.99081570233153,1222538.4417593116,10000000000,549545,551545,543001,8544,6544,2000,0,1.963128453078535,1.963128453078535
1,164,0,8000000,187.02922552371328,0,4000000000,551001,555001,489001,66000,0,4000,0.39999999999999997,0,0.39999999999999997
1,165,0,4000000,207.2652339395105,0,8000000000,555001,563001,492001,71000,0,8000,0.7999999999999999,0,0.7999999999999999
1,166,0,6000000,189.87309024714375,0,5000000000,563001,568001,495001,73000,0,5000,0.49999999999999994,0,0.49999999999999994
1,169,0,6000000,188.30285207611703,0,8000000000,568001,576001,504001,72000,0,8000,0.7999999999999999,0,0.7999999999999999
1,170,0,7000000,188.30285207611703,0,2000000000,576001,578001,507001,71000,0,2000,0.19999999999999998,0,0.19999999999999998
1,173,0,3000000,182.45644329537942,0,4000000000,578001,582001,516001,66000,0,4000,0.39999999999999997,0,0.39999999999999997
1,192,1,4000000,240.3128970737942,404407.81678835826,10000000000,582892,584892,573001,11891,9891,2000,0,2.9673016944378325,2.9673016944378325
1,195,1,3000000,190.48346411171758,1020098.8803949174,8000000000,584942,586542,582001,4541,2941,1600,0,0.8822674127939217,0.8822674127939217
1,176,0,6000000,219.62123075877707,0,8000000000,582001,590001,525001,65000,0,8000,0.7999999999999999,0,0.7999999999999999
1,193,1,8000000,220.17412041382158,573262.982506153,4000000000,589956,590756,576001,14755,13955,800,0,4.186560223211761,4.186560223211761
1,197,1,9000000,161.6912876440781,1952133.777960358,7000000000,592611,594011,588001,6010,4610,1400,0,1.3831019320924987,1.3831019320924987
1,199,1,2000000,182.41513780385665,1211297.5572103972,3000000000,595652,596252,594001,2251,1651,600,0,0.4953365887914381,0.4953365887914381
1,191,1,10000000,246.42671324351184,365841.4578241344,4000000000,597335,598135,570001,28134,27334,800,0,8.200273467754839,8.200273467754839
1,177,0,6000000,235.16935216987778,0,10000000000,590001,600001,528001,72000,0,10000,0.9999999999999999,0,0.9999999999999999
1,200,1,3000000,166.4312020025091,1741620.2612473615,8000000000,598724,600324,597001,3323,1723,1600,0,0.5167601801757941,0.5167601801757941
1,180,0,7000000,183.5973989467171,0,2000000000,600001,602001,537001,65000,0,2000,0.19999999999999998,0,0.19999999999999998
1,181,0,4000000,181.99081570233153,0,2000000000,602001,604001,540001,64000,0,2000,0.19999999999999998,0,0.19999999999999998
1,201,1,9000000,157.1767123336024,2182758.495184028,10000000000,604124,606124,600001,6123,4123,2000,0,1.2369668957684499,1.2369668957684499
1,202,1,3000000,150.32233100906865,2601342.01979254,8000000000,606124,607724,603001,4723,1153,1600,0,0.3459752670553394,0.3459752670553394
1,183,0,3000000,180.44215832227238,0,7000000000,604001,611001,546001,65000,0,7000,0.7,0,0.7
1,184,0,7000000,174.28416910322065,0,10000000000,611001,621001,549001,72000,0,10000,0.9999999999999999,0,0.9999999999999999
1,185,0,2000000,169.7064527353041,0,2000000000,621001,623001,552001,71000,0,2000,0.19999999999999998,0,0.19999999999999998
1,207,1,10000000,153.53101641036577,2394057.3645408093,10000000000,622178,624178,618001,6177,4177,2000,0,1.253102805485788,1.253102805485788
1,208,1,7000000,165.29731576767966,1789308.077588302,3000000000,624913,625513,621001,4512,3912,600,0,1.1736380259516073,1.1736380259516073
1,209,1,4000000,180.82440349687315,1254113.730654198,9000000000,627191,628991,624001,4990,3190,1800,0,0.956851018108246,0.956851018108246
1,186,0,2000000,171.21411448826294,0,6000000000,623001,629001,555001,74000,0,6000,0.6,0,0.6
1,187,0,2000000,178.51519067014996,0,4000000000,629001,633001,558001,75000,0,4000,0.39999999999999997,0,0.39999999999999997
1,210,1,6000000,200.33062297112744,834911.9737477043,6000000000,634187,635387,627001,8386,7186,1200,0,2.155915900834749,2.155915900834749
1,188,0,3000000,190.97425192941583,0,5000000000,633001,638001,561001,77000,0,5000,0.49999999999999994,0,0.49999999999999994
1,212,1,6000000,224.08631640508526,534410.197585568,3000000000,644228,644828,633001,11827,11227,600,0,3.368199200038263,3.368199200038263
1,189,0,6000000,207.6812273654025,0,9000000000,638001,647001,564001,83000,0,9000,0.8999999999999999,0,0.8999999999999999
1,190,0,4000000,226.15037165567514,0,3000000000,647001,650001,567001,83000,0,3000,0.3,0,0.3
1,217,1,2000000,177.9412816071639,1336623.546932447,4000000000,649497,650297,648001,2296,1496,800,0,0.4488922863711334,0.4488922863711334
1,215,1,6000000,216.49064668017414,613115.5001284409,6000000000,651787,652987,642001,10986,9786,1200,0,2.9358253047311966,2.9358253047311966
1,194,0,6000000,205.97813597564186,0,5000000000,650001,655001,579001,76000,0,5000,0.49999999999999994,0,0.49999999999999994
1,218,1,10000000,164.28919197561353,1833074.2309797977,9000000000,656456,658256,651001,7255,5455,1800,0,1.636594933963186,1.636594933963186
1,196,0,7000000,174.84247567453397,0,5000000000,655001,660001,585001,75000,0,5000,0.49999999999999994,0,0.49999999999999994
1,219,1,8000000,152.42709798457756,2462984.4616029477,10000000000,658256,660256,654001,6255,3248,2000,0,0.9744275846702027,0.9744275846702027
1,198,0,7000000,196.92071500987396,0,2000000000,660001,662001,591001,71000,0,2000,0.19999999999999998,0,0.19999999999999998
1,213,1,10000000,246.55298862516352,365094.44322104356,8000000000,663391,664991,636001,28990,27390,1600,0,8.217051931912515,8.217051931912515
1,203,0,7000000,145.01832884156403,0,3000000000,662001,665001,606001,59000,0,3000,0.3,0,0.3
1,222,1,3000000,146.80887745637182,2854405.005281221,10000000000,664052,666052,663001,3051,1051,2000,0,0.3153021376906289,0.3153021376906289
1,223,1,6000000,155.42308354938783,2281381.8795130756,9000000000,668631,670431,666001,4430,2630,1800,0,0.7889954839056499,0.7889954839056499
1,204,0,7000000,145.0117957271063,0,9000000000,665001,674001,609001,65000,0,9000,0.8999999999999999,0,0.8999999999999999
1,205,0,4000000,150.17325727305777,0,2000000000,674001,676001,612001,64000,0,2000,0.19999999999999998,0,0.19999999999999998
1,225,1,7000000,183.01132560582138,1195720.0187905836,7000000000,677855,679255,672001,7254,5854,1400,0,1.7562639806967977,1.7562639806967977
1,206,0,5000000,150.5079114199649,0,4000000000,676001,680001,615001,65000,0,4000,0.39999999999999997,0,0.39999999999999997
1,211,0,6000000,206.0116744264752,0,2000000000,680001,682001,630001,52000,0,2000,0.19999999999999998,0,0.19999999999999998
1,214,0,7000000,237.13792273695918,0,6000000000,682001,688001,639001,49000,0,6000,0.6,0,0.6
1,230,1,3000000,226.92814215076982,508231.474889258,4000000000,692904,693704,687001,6703,5903,800,0,1.7708466406888852,1.7708466406888852
1,216,0,3000000,196.15992302200777,0,10000000000,688001,698001,645001,53000,0,10000,0.9999999999999999,0,0.9999999999999999
1,232,1,6000000,185.3511168026781,1136941.0776135002,9000000000,698278,700078,693001,7077,5277,1800,0,1.583195501897333,1.583195501897333
1,235,1,2000000,144.26035491430068,3057188.8826022632,10000000000,703072,705072,702001,3071,654,2000,0,0.19625872755669682,0.19625872755669682
1,229,1,9000000,237.73214549151734,422204.2442434977,7000000000,705318,706718,684001,22717,21317,1400,0,6.395009137906321,6.395009137906321
1,220,0,6000000,145.29894424943356,0,10000000000,698001,708001,657001,51000,0,10000,0.9999999999999999,0,0.9999999999999999
1,236,1,2000000,140.49281583056126,3390646.4313420733,9000000000,706718,708518,705001,3517,590,1800,0,0.17695740683953007,0.17695740683953007
1,238,1,2000000,150.48118287679694,2590569.8056665864,8000000000,711773,713373,711001,2372,772,1600,0,0.23160927711253565,0.23160927711253565
1,221,0,4000000,143.57461927513512,0,8000000000,708001,716001,660001,56000,0,8000,0.7999999999999999,0,0.7999999999999999
1,239,1,6000000,161.60648811232798,1956179.2631002453,9000000000,717068,718868,714001,4867,3067,1800,0,0.9201610680338544,0.9201610680338544
1,224,0,10000000,168.5071669098974,0,4000000000,716001,720001,669001,51000,0,4000,0.39999999999999997,0,0.39999999999999997
1,226,0,6000000,201.97290635132234,0,8000000000,720001,728001,675001,53000,0,8000,0.7999999999999999,0,0.7999999999999999
1,242,1,4000000,219.79369690689492,577226.2819435488,10000000000,729931,731931,723001,8930,6930,2000,0,2.0789074190446457,2.0789074190446457
1,227,0,7000000,222.90527539742087,0,7000000000,728001,735001,678001,57000,0,7000,0.7,0,0.7
1,245,1,4000000,210.47415922150634,685936.905666323,8000000000,737832,739432,732001,7431,5831,1600,0,1.7494320397213694,1.7494320397213694
1,246,1,3000000,194.32149778138293,942372.2885848959,6000000000,739432,740632,735001,5631,3183,1200,0,0.9550365719597678,0.9550365719597678
1,228,0,5000000,238.34586381978602,0,7000000000,735001,742001,681001,61000,0,7000,0.7,0,0.7
1,248,1,8000000,162.44300692858403,1916721.6667545906,2000000000,747332,747732,741001,6731,4174,400,0,1.2521379820700314,1.2521379820700314
1,247,1,10000000,179.62488942237374,1287649.8507928525,8000000000,747732,749332,738001,11331,7766,1600,0,2.329825921350274,2.329825921350274
1,249,1,8000000,149.34694171626012,2668714.2988446644,3000000000,749332,749932,744001,5931,2998,600,0,0.8993094543837099,0.8993094543837099
1,231,0,5000000,206.66518236026113,0,8000000000,742001,750001,690001,60000,0,8000,0.7999999999999999,0,0.7999999999999999
1,243,1,9000000,242.95907145031654,387121.6547015874,10000000000,749250,751250,726001,25249,23249,2000,0,6.97455171315925,6.97455171315925
1,251,1,3000000,141.83241695747836,3267168.418790227,5000000000,751943,752943,750001,2942,918,1000,0,0.27546789287748247,0.27546789287748247
1,233,0,6000000,169.53619466060928,0,6000000000,750001,756001,696001,60000,0,6000,0.6,0,0.6
1,253,1,5000000,148.7761529950281,2709141.349569331,8000000000,758747,760347,756001,4346,1846,1600,0,0.5536809661992916,0.5536809661992916
1,254,1,2000000,150.10936846179854,2615870.6931739408,10000000000,760347,762347,759001,3346,765,2000,0,0.22936913570142717,0.22936913570142717
1,255,1,6000000,164.6815183923199,1815885.817331625,3000000000,765305,765905,762001,3904,3304,600,0,0.991251753177428,0.991251753177428
1,234,0,5000000,154.29633048131765,0,10000000000,756001,766001,699001,67000,0,10000,0.9999999999999999,0,0.9999999999999999
1,237,0,3000000,142.2414426248553,0,2000000000,766001,768001,708001,60000,0,2000,0.19999999999999998,0,0.19999999999999998
1,240,0,3000000,178.90382500103237,0,2000000000,768001,770001,717001,53000,0,2000,0.19999999999999998,0,0.19999999999999998
1,241,0,8000000,199.4975250473048,0,3000000000,770001,773001,720001,53000,0,3000,0.3,0,0.3
1,244,0,8000000,233.99057780175679,0,3000000000,773001,776001,729001,47000,0,3000,0.3,0,0.3
1,257,1,10000000,202.99798668952363,792122.2004836164,4000000000,780625,781425,768001,13424,12624,800,0,3.7872944328140306,3.7872944328140306
1,250,0,6000000,141.0312447651229,0,7000000000,776001,783001,747001,36000,0,7000,0.7,0,0.7
1,259,1,7000000,199.14946849037787,854778.3790325457,5000000000,782190,783190,774001,9189,8189,1000,0,2.4567771617911296,2.4567771617911296
1,260,1,9000000,179.63304289578798,1287418.156738953,5000000000,783992,784992,777001,7991,6991,1000,0,2.09722069388794,2.09722069388794
1,263,1,5000000,183.66099912610733,1179027.6333627724,3000000000,790242,790842,786001,4841,4241,600,0,1.2722348124460525,1.2722348124460525
1,252,0,3000000,142.09148954107,0,10000000000,783001,793001,753001,40000,0,10000,0.9999999999999999,0,0.9999999999999999
1,264,1,6000000,169.0043336722464,1639120.4302121869,6000000000,792661,793861,789001,4860,3660,1200,0,1.0981499387247506,1.0981499387247506
1,262,1,10000000,197.3696197493424,885839.8738148266,5000000000,794290,795290,783001,12289,11289,1000,0,3.3866165756127518,3.3866165756127518
1,266,1,6000000,151.21416765634095,2541572.615369796,10000000000,797362,799362,795001,4361,2361,2000,0,0.7082229282432295,0.7082229282432295
1,267,1,4000000,149.6474433460191,2647730.4305257727,4000000000,800162,800962,798001,2961,1511,800,0,0.45321834359161334,0.45321834359161334
1,256,0,8000000,182.60819176586796,0,9000000000,793001,802001,765001,37000,0,9000,0.8999999999999999,0,0.8999999999999999
1,258,0,2000000,216.14119297348202,0,4000000000,802001,806001,771001,35000,0,4000,0.39999999999999997,0,0.39999999999999997
1,268,1,10000000,160.62804269491673,2003617.8600339673,5000000000,805992,806992,801001,5991,4991,1000,0,1.4972915044534196,1.4972915044534196
1,261,0,7000000,163.03694857301517,0,10000000000,806001,816001,780001,36000,0,10000,0.9999999999999999,0,0.9999999999999999
1,270,1,9000000,190.52985724027613,1019112.6689493541,5000000000,815832,816832,807001,9831,8831,1000,0,2.6493635907632695,2.6493635907632695
1,265,0,3000000,156.90939678680814,0,7000000000,816001,823001,792001,31000,0,7000,0.7,0,0.7
1,269,0,10000000,174.38977177575526,0,3000000000,823001,826001,804001,22000,0,3000,0.3,0,0.3
1,271,0,5000000,204.895072659154,0,7000000000,826001,833001,810001,23000,0,7000,0.7,0,0.7
1,273,1,7000000,240.39858755824667,403833.1277482949,3000000000,833335,833935,816001,17934,17334,600,0,5.200167731927404,5.200167731927404
1,277,1,5000000,193.92163494566563,950117.8562730221,4000000000,837376,838176,828001,10175,5263,800,0,1.5787515097168807,1.5787515097168807
1,278,1,6000000,182.79030089148605,1201465.8518812952,9000000000,839176,840976,831001,9975,4994,1800,0,1.4981699206694057,1.4981699206694057
1,276,1,8000000,209.38041575085288,700312.258695528,5000000000,840976,841976,825001,16975,11423,1000,0,3.427042680175956,3.427042680175956
1,272,0,5000000,220.22347967462505,0,9000000000,833001,842001,813001,29000,0,9000,0.8999999999999999,0,0.8999999999999999
1,279,1,4000000,176.79337798684656,1371346.2898873661,9000000000,841976,843776,834001,9775,2917,1800,0,0.8750525004873573,0.8750525004873573
1,274,0,4000000,242.6042235823606,0,2000000000,842001,844001,819001,25000,0,2000,0.19999999999999998,0,0.19999999999999998
1,283,1,3000000,206.98492336399767,733131.9516037605,6000000000,850093,851293,846001,5292,4092,1200,0,1.2276098429910303,1.2276098429910303
1,275,0,2000000,224.02353916497256,0,9000000000,844001,853001,822001,31000,0,9000,0.8999999999999999,0,0.8999999999999999
1,280,0,2000000,176.48802933910278,0,5000000000,853001,858001,837001,21000,0,5000,0.49999999999999994,0,0.49999999999999994
1,288,1,2000000,188.382430178613,1066034.352106228,3000000000,862877,863477,861001,2476,1876,600,0,0.5628336449144852,0.5628336449144852
1,286,1,5000000,218.87652455208624,586922.9164295398,7000000000,863520,864920,855001,9919,8519,1400,0,2.5557018784085512,2.5557018784085512
1,281,0,7000000,182.03996539221822,0,8000000000,858001,866001,840001,26000,0,8000,0.7999999999999999,0,0.7999999999999999
1,285,1,5000000,239.35719124354713,410887.0136037535,6000000000,864920,866120,852001,14119,12169,1200,0,3.6506386192252664,3.6506386192252664
1,284,1,9000000,225.23212315298187,523657.31333232217,10000000000,866188,868188,849001,19187,17187,2000,0,5.156043716487795,5.156043716487795
1,282,0,2000000,192.3577076698514,0,5000000000,866001,871001,843001,28000,0,5000,0.49999999999999994,0,0.49999999999999994
1,287,1,8000000,201.5535090242787,814945.9758941119,10000000000,871920,873920,858001,15919,9817,2000,0,2.9449804907213117,2.9449804907213117
1,289,0,5000000,180.20007602662102,0,4000000000,871001,875001,864001,11000,0,4000,0.39999999999999997,0,0.39999999999999997
1,291,1,9000000,179.91363539209587,1279476.1612858374,7000000000,879720,881120,870001,11119,7034,1400,0,2.110238613032521,2.110238613032521
1,290,0,4000000,177.22220656565585,0,8000000000,875001,883001,867001,16000,0,8000,0.7999999999999999,0,0.7999999999999999
1,292,1,7000000,186.50980805308873,1109164.392467701,8000000000,883320,884920,873001,11919,6311,1600,0,1.8933171802674436,1.8933171802674436
1,293,0,9000000,187.01539000841615,0,10000000000,883001,893001,876001,17000,0,10000,0.9999999999999999,0,0.9999999999999999
1,294,1,6000000,188.48224133854097,1063794.6179155328,7000000000,892920,894320,879001,15319,5640,1400,0,1.6920559379469648,1.6920559379469648
1,298,0,5000000,234.7686904167589,0,3000000000,893001,896001,891001,5000,0,3000,0.3,0,0.3
1,295,1,3000000,196.8365883162986,895414.7500178573,3000000000,896120,896720,882001,14719,3350,600,0,1.0051208113134737,1.0051208113134737
1,299,1,2000000,215.53055676632027,624065.8707240482,8000000000,897206,898806,894001,4805,3205,1600,0,0.9614369702734638,0.9614369702734638
1,300,0,2000000,199.49825888964546,0,3000000000,897001,900001,897001,3000,0,3000,0.3,0,0.3
1,296,1,4000000,212.5944670023188,659101.6238090699,8000000000,902320,903920,885001,18919,6069,1600,0,1.8206600570409441,1.8206600570409441
1,297,1,2000000,231.80822353833784,466900.34207099845,4000000000,905120,905920,888001,17919,4284,800,0,1.285070808341284,1.285070808341284
1,301,1,8000000,187.60904802274328,1083589.2415119854,3000000000,907604,908204,900001,8203,7383,600,0,2.21486141432261,2.21486141432261
1,302,0,6000000,180.7057079895375,0,6000000000,903001,909001,903001,6000,0,6000,0.6,0,0.6
1,303,0,4000000,179.32460065479026,0,8000000000,909001,917001,906001,11000,0,8000,0.7999999999999999,0,0.7999999999999999
1,304,0,5000000,183.52868685848543,0,2000000000,917001,919001,909001,10000,0,2000,0.19999999999999998,0,0.19999999999999998
1,305,0,7000000,177.10018210041454,0,8000000000,919001,927001,912001,15000,0,8000,0.7999999999999999,0,0.7999999999999999
1,311,1,8000000,173.46542854413383,1478548.6008177984,3000000000,935412,936012,930001,6011,5411,600,0,1.6232134666878983,1.6232134666878983
1,306,0,2000000,179.6923150833112,0,10000000000,927001,937001,915001,22000,0,10000,0.9999999999999999,0,0.9999999999999999
1,307,0,10000000,184.32271916397065,0,3000000000,937001,940001,918001,22000,0,3000,0.3,0,0.3
1,308,0,4000000,184.32271916397065,0,6000000000,940001,946001,921001,25000,0,6000,0.6,0,0.6
1,315,1,4000000,210.82045915897254,681462.2066720416,5000000000,947871,948871,942001,6870,5870,1000,0,1.7609193705110464,1.7609193705110464
1,309,0,8000000,184.54139183391888,0,3000000000,946001,949001,924001,25000,0,3000,0.3,0,0.3
1,310,0,9000000,178.73954486906362,0,9000000000,949001,958001,927001,31000,0,9000,0.8999999999999999,0,0.8999999999999999
1,319,1,5000000,184.36728180455444,1161208.2956309256,10000000000,958776,960776,954001,6775,4306,2000,0,1.2917579091053573,1.2917579091053573
1,316,1,7000000,233.46516935080487,453827.2332859839,5000000000,960425,961425,945001,16424,15424,1000,0,4.627311553770647,4.627311553770647
1,321,1,4000000,176.63652227101846,1376177.6482228928,3000000000,962908,963508,960001,3507,2907,600,0,0.8719804463832143,0.8719804463832143
1,312,0,9000000,173.8218032929126,0,7000000000,958001,965001,933001,32000,0,7000,0.7,0,0.7
1,320,1,10000000,184.10882542670242,1167689.9633276109,2000000000,965565,965965,957001,8964,8564,400,0,2.569175118582663,2.569175118582663
1,323,1,10000000,121.05349974288231,6038538.017272149,2000000000,967657,968057,966001,2056,1656,400,0,0.49680899439881654,0.49680899439881654
1,313,0,9000000,178.12647473073736,0,4000000000,965001,969001,936001,33000,0,4000,0.39999999999999997,0,0.39999999999999997
1,324,1,5000000,93.74025069307206,15681269.746969176,7000000000,969320,970720,969001,1719,319,1400,0,0.09565551924071168,0.09565551924071168
1,314,0,7000000,191.93802254894678,0,2000000000,969001,971001,939001,32000,0,2000,0.19999999999999998,0,0.19999999999999998
1,326,1,9000000,65.37766744080118,50943167.9890834,4000000000,976238,977038,975001,2037,177,800,0,0.05300023745242114,0.05300023745242114
1,317,0,5000000,216.68662279891666,0,8000000000,971001,979001,948001,31000,0,8000,0.7999999999999999,0,0.7999999999999999
1,318,0,2000000,196.2561285667278,0,3000000000,979001,982001,951001,31000,0,3000,0.3,0,0.3
1,322,0,3000000,151.59684561362087,0,6000000000,982001,988001,963001,25000,0,6000,0.6,0,0.6
1,331,1,5000000,93.920809728196,15573121.108068256,4000000000,990322,991122,990001,1121,321,800,0,0.09631980574676628,0.09631980574676628
1,332,1,9000000,107.11639697077192,9604790.97229824,9000000000,993938,995738,993001,2737,937,1800,0,0.28110970949677444,0.28110970949677444
1,325,0,4000000,73.42511967984804,0,9000000000,988001,997001,972001,25000,0,9000,0.8999999999999999,0,0.8999999999999999
1,333,1,7000000,91.93752498300138,16810741.492670733,9000000000,996417,998217,996001,2216,416,1800,0,0.12492012924686118,0.12492012924686118
2,1,1,6000000,186.13618938830783,1118027.779437663,9000000000,5368,7168,1,7167,5367,1800,0,1.6099778852591213,1.6099778852591213
2,3,1,2000000,177.28988352413114,1356191.6207827418,2000000000,7476,7876,6001,1875,1475,400,0,0.4424153569491183,0.4424153569491183
2,2,0,7000000,183.10767214947603,0,5000000000,3001,8001,3001,5000,0,5000,0.49999999999999994,0,0.49999999999999994
2,4,0,4000000,175.22724702511312,0,2000000000,9001,11001,9001,2000,0,2000,0.19999999999999998,0,0.19999999999999998
2,5,1,6000000,178.157256938919,1330213.1961047444,8000000000,16512,18112,12001,6111,4511,1600,0,1.353166548994499,1.353166548994499
2,6,0,3000000,185.26381298030117,0,4000000000,15001,19001,15001,4000,0,4000,0.39999999999999997,0,0.39999999999999997
2,7,0,8000000,204.14273952310916,0,9000000000,19001,28001,18001,10000,0,9000,0.8999999999999999,0,0.8999999999999999
2,11,1,3000000,146.589252675631,2871212.9962330014,10000000000,31896,33896,30001,3895,1045,2000,0,0.3134563688520461,0.3134563688520461
2,12,1,5000000,126.09522155894724,5160869.9011761295,5000000000,33970,34970,33001,1969,969,1000,0,0.2906486752665785,0.2906486752665785
2,8,0,8000000,211.43839764810932,0,9000000000,28001,37001,21001,16000,0,9000,0.8999999999999999,0,0.8999999999999999
2,13,1,3000000,106.88407271431983,9683191.075536927,8000000000,36311,37911,36001,1910,310,1600,0,0.09294456682505313,0.09294456682505313
2,9,0,8000000,189.1234623202526,0,4000000000,37001,41001,24001,17000,0,4000,0.39999999999999997,0,0.39999999999999997
2,14,1,7000000,91.170367993115,17320069.946935628,8000000000,39511,41111,39001,2110,404,1600,0,0.12124662350867381,0.12124662350867381
2,10,0,5000000,167.94608807590603,0,8000000000,41001,49001,27001,22000,0,8000,0.7999999999999999,0,0.7999999999999999
2,17,1,2000000,68.50598878930222,44427277.35212232,5000000000,50480,51480,48001,3479,45,1000,0,0.013505216519223354,0.013505216519223354
2,18,1,10000000,73.96341798483898,35089328.481527016,8000000000,56080,57680,51001,6679,285,1600,0,0.08549607900246275,0.08549607900246275
2,15,0,8000000,80.2557026011236,0,9000000000,49001,58001,42001,16000,0,9000,0.8999999999999999,0,0.8999999999999999
2,22,1,5000000,122.34261440724566,5797819.856613246,3000000000,64680,65280,63001,2279,862,600,0,0.25871793831073153,0.25871793831073153
2,16,0,7000000,71.03915117736135,0,10000000000,58001,68001,45001,23000,0,10000,0.9999999999999999,0,0.9999999999999999
2,23,1,10000000,136.7228561726239,3770352.86616931,7000000000,68653,70053,66001,4052,2652,1400,0,0.7956814936125618,0.7956814936125618
2,19,0,8000000,85.89955587778084,0,4000000000,68001,72001,54001,18000,0,4000,0.39999999999999997,0,0.39999999999999997
2,20,0,3000000,88.20806369034527,0,6000000000,72001,78001,57001,21000,0,6000,0.6,0,0.6
2,27,1,3000000,156.8697309872112,2199635.995596264,4000000000,79365,80165,78001,2164,1364,800,0,0.4091586070612713,0.4091586070612713
2,21,0,2000000,103.50153042346767,0,4000000000,78001,82001,60001,22000,0,4000,0.39999999999999997,0,0.39999999999999997
2,24,0,10000000,136.7228561726239,0,4000000000,82001,86001,69001,17000,0,4000,0.39999999999999997,0,0.39999999999999997
2,28,1,10000000,171.84272926138016,1534593.6322417425,7000000000,91014,92414,81001,11413,6516,1400,0,1.9549149279458329,1.9549149279458329
2,25,0,3000000,136.7228561726239,0,7000000000,86001,93001,72001,21000,0,7000,0.7,0,0.7
2,26,0,3000000,144.46755829597177,0,3000000000,93001,96001,75001,21000,0,3000,0.3,0,0.3
2,31,1,6000000,186.93584273755528,1099163.9593930317,6000000000,100819,102019,90001,12018,5459,1200,0,1.6376082791087658,1.6376082791087658
2,29,0,6000000,190.2484649083929,0,9000000000,96001,105001,84001,21000,0,9000,0.8999999999999999,0,0.8999999999999999
2,35,1,6000000,185.66820837181578,1129254.4209699363,3000000000,109236,109836,102001,7835,5313,600,0,1.5939720638454076,1.5939720638454076
2,37,1,3000000,173.84507614540018,1465805.1790909974,8000000000,110048,111648,108001,3647,2047,1600,0,0.6139970119072201,0.6139970119072201
2,38,1,3000000,163.36146822307884,1874529.107784827,5000000000,112601,113601,111001,2600,1600,1000,0,0.4801205786895196,0.4801205786895196
2,30,0,3000000,205.53309830779077,0,9000000000,105001,114001,87001,27000,0,9000,0.8999999999999999,0,0.8999999999999999
2,36,1,10000000,183.3665891049948,1186555.9019437665,7000000000,113601,115001,105001,10000,8428,1400,0,2.5283258842550316,2.5283258842550316
2,39,1,10000000,156.2660055802285,2233302.3166415654,5000000000,118479,119479,114001,5478,4478,1000,0,1.3433022379663282,1.3433022379663282
2,32,0,6000000,185.66820837181578,0,9000000000,114001,123001,93001,30000,0,9000,0.8999999999999999,0,0.8999999999999999
2,43,1,3000000,171.53141111761423,1545645.9059319743,3000000000,128042,128642,126001,2641,1941,600,0,0.5822808422976602,0.5822808422976602
2,33,0,6000000,185.66820837181578,0,10000000000,123001,133001,96001,37000,0,10000,0.9999999999999999,0,0.9999999999999999
2,46,1,3000000,144.94658084963575,3000882.841321488,3000000000,136001,136601,135001,1600,1000,600,0,0.2999117418405013,0.2999117418405013
2,45,1,9000000,164.54777452156566,1821722.786402815,5000000000,136941,137941,132001,5940,4940,1000,0,1.4821135356886195,1.4821135356886195
2,34,0,9000000,185.66820837181578,0,7000000000,133001,140001,99001,41000,0,7000,0.7,0,0.7
2,48,1,7000000,125.37948795556632,5275483.620696156,2000000000,142328,142728,141001,1727,1327,400,0,0.398067769893461,0.398067769893461
2,40,0,2000000,154.64392972244335,0,4000000000,140001,144001,117001,27000,0,4000,0.39999999999999997,0,0.39999999999999997
2,49,1,3000000,130.40358315629217,4531835.246030029,2000000000,145728,146128,144001,2127,662,400,0,0.1985950395677814,0.1985950395677814
2,50,1,9000000,139.388672423551,3496769.784357491,3000000000,152062,152662,147001,5661,2574,600,0,0.7721411950189645,0.7721411950189645
2,41,0,5000000,158.6088679740197,0,9000000000,144001,153001,120001,33000,0,9000,0.8999999999999999,0,0.8999999999999999
2,42,0,3000000,167.666760271677,0,3000000000,153001,156001,123001,33000,0,3000,0.3,0,0.3
2,52,1,6000000,165.90889457771695,1763388.4607984822,7000000000,156404,157804,153001,4803,3403,1400,0,1.0207620385498835,1.0207620385498835
2,44,0,5000000,171.98501446347004,0,7000000000,156001,163001,129001,34000,0,7000,0.7,0,0.7
2,47,0,4000000,127.48192067897315,0,4000000000,163001,167001,138001,29000,0,4000,0.39999999999999997,0,0.39999999999999997
2,51,0,7000000,151.1943851470682,0,7000000000,167001,174001,150001,24000,0,7000,0.7,0,0.7
2,53,0,3000000,182.61143803168517,0,3000000000,174001,177001,156001,21000,0,3000,0.3,0,0.3
2,55,1,8000000,219.77517716976138,577420.0936980236,4000000000,176233,177033,162001,15032,13855,800,0,4.1564192624982335,4.1564192624982335
2,58,1,5000000,212.9390985704598,654864.3383593921,6000000000,178636,179836,171001,8835,7635,1200,0,2.2905507478967255,2.2905507478967255
2,60,1,8000000,176.49244743047788,1380633.9924214452,8000000000,184036,185636,177001,8635,5794,1600,0,1.738331819420674,1.738331819420674
2,54,0,4000000,200.7401965227692,0,10000000000,177001,187001,159001,28000,0,10000,0.9999999999999999,0,0.9999999999999999
2,61,1,8000000,161.23199093232088,1974170.0129261392,7000000000,186236,187636,180001,7635,4052,1400,0,1.215700767555825,1.215700767555825
2,62,1,8000000,147.67171462402675,2789537.0945432847,6000000000,187636,188836,183001,5835,2868,1200,0,0.8603578008318038,0.8603578008318038
2,56,0,5000000,236.24729120140194,0,2000000000,187001,189001,165001,24000,0,2000,0.19999999999999998,0,0.19999999999999998
2,57,0,5000000,231.96740503786302,0,9000000000,189001,198001,168001,30000,0,9000,0.8999999999999999,0,0.8999999999999999
2,59,0,7000000,194.0664118285284,0,4000000000,198001,202001,174001,28000,0,4000,0.39999999999999997,0,0.39999999999999997
2,68,1,2000000,169.33958928732525,1626323.314131859,8000000000,202231,203831,201001,2830,1230,1600,0,0.36893033186349145,0.36893033186349145
2,67,1,9000000,160.96911287573153,1986921.2515451866,3000000000,203831,204431,198001,6430,4530,600,0,1.358886265824711,1.358886265824711
2,63,0,9000000,137.10335152723292,0,4000000000,202001,206001,186001,20000,0,4000,0.39999999999999997,0,0.39999999999999997
2,69,1,5000000,170.69777297902866,1575731.9265524514,4000000000,207174,207974,204001,3973,3173,800,0,0.9519385719891165,0.9519385719891165
2,64,0,8000000,130.23757061616283,0,3000000000,206001,209001,189001,20000,0,3000,0.3,0,0.3
2,70,1,6000000,161.13380930146226,1978920.536015263,9000000000,210033,211833,207001,4832,3032,1800,0,0.9095868011074685,0.9095868011074685
2,72,1,4000000,133.90637363471538,4088601.3739889003,6000000000,215633,216833,213001,3832,978,1200,0,0.2934988985803872,0.2934988985803872
2,65,0,2000000,127.67297286426758,0,8000000000,209001,217001,192001,25000,0,8000,0.7999999999999999,0,0.7999999999999999
2,73,1,5000000,115.74577746077821,7167539.607392482,6000000000,216833,218033,216001,2032,698,1200,0,0.20927683447370485,0.20927683447370485
2,74,1,2000000,105.20104799858221,10274686.797923746,10000000000,219196,221196,219001,2195,195,2000,0,0.058395940606310724,0.058395940606310724
2,75,1,9000000,122.61111735890837,5749164.880712733,7000000000,223566,224966,222001,2965,1565,1400,0,0.469633426075141,0.469633426075141
2,66,0,2000000,141.62410035018755,0,10000000000,217001,227001,195001,32000,0,10000,0.9999999999999999,0,0.9999999999999999
2,78,1,3000000,169.42026590700416,1623262.3257515177,4000000000,232949,233749,231001,2748,1848,800,0,0.5544390365761303,0.5544390365761303
2,71,0,3000000,152.9613156977933,0,7000000000,227001,234001,210001,24000,0,7000,0.7,0,0.7
2,76,0,9000000,144.70181201353353,0,3000000000,234001,237001,225001,12000,0,3000,0.3,0,0.3
2,79,1,8000000,173.2521702605771,1485767.3109707555,10000000000,239385,241385,234001,7384,5384,2000,0,1.6153269642417374,1.6153269642417374
2,81,1,4000000,169.60328564034364,1616344.767880389,9000000000,242476,244276,240001,4275,2475,1800,0,0.7424158656284902,0.7424158656284902
2,77,0,7000000,166.53009727974103,0,10000000000,237001,247001,228001,19000,0,10000,0.9999999999999999,0,0.9999999999999999
2,83,1,5000000,178.1989037564485,1328981.4780578308,7000000000,249763,251163,246001,5162,3762,1400,0,1.128683901744135,1.128683901744135
2,80,0,5000000,173.30453485122652,0,5000000000,247001,252001,237001,15000,0,5000,0.49999999999999994,0,0.49999999999999994
2,84,1,8000000,189.68686433171908,1037219.5704272588,5000000000,256714,257714,249001,8713,7713,1000,0,2.3138784384982003,2.3138784384982003
2,82,0,8000000,171.33062919396522,0,8000000000,252001,260001,243001,17000,0,8000,0.7999999999999999,0,0.7999999999999999
2,85,1,6000000,205.01940420360216,761502.9289215317,8000000000,259880,261480,252001,9479,7879,1600,0,2.3637466536723974,2.3637466536723974
2,86,0,7000000,215.98786192747036,0,10000000000,260001,270001,255001,15000,0,10000,0.9999999999999999,0,0.9999999999999999
2,88,1,4000000,232.10952263963665,464488.5167622473,6000000000,270143,271343,261001,10342,8612,1200,0,2.5834869037553214,2.5834869037553214
2,90,1,2000000,236.7779195786634,429031.18531057995,6000000000,271663,272863,267001,5862,4662,1200,0,1.3984997374157173,1.3984997374157173
2,89,1,4000000,251.121258757597,339304.8653263763,3000000000,276050,276650,264001,12649,11789,600,0,3.536642478868447,3.536642478868447
2,87,0,10000000,216.7924855708795,0,7000000000,270001,277001,258001,19000,0,7000,0.7,0,0.7
2,91,0,6000000,218.07494055943246,0,4000000000,277001,281001,270001,11000,0,4000,0.39999999999999997,0,0.39999999999999997
2,92,0,4000000,205.18956357475886,0,5000000000,281001,286001,273001,13000,0,5000,0.49999999999999994,0,0.49999999999999994
2,93,0,3000000,190.29465625707937,0,10000000000,286001,296001,276001,20000,0,10000,0.9999999999999999,0,0.9999999999999999
2,99,1,5000000,156.7897579563155,2204059.341326547,7000000000,296270,297670,294001,3669,2269,1400,0,0.6805624385308982,0.6805624385308982
2,94,0,10000000,175.5180503538026,0,6000000000,296001,302001,279001,23000,0,6000,0.6,0,0.6
2,102,1,6000000,102.17131936115929,11452451.682802862,2000000000,303525,303925,303001,924,524,400,0,0.15717158647374183,0.15717158647374183
2,103,1,3000000,79.35692849398848,27927244.997723784,10000000000,306108,308108,306001,2107,107,2000,0,0.03222659449843172,0.03222659449843172
2,95,0,7000000,162.90697529571898,0,8000000000,302001,310001,282001,28000,0,8000,0.7999999999999999,0,0.7999999999999999
2,104,1,6000000,62.057756968810914,58950180.215929694,7000000000,309103,310503,309001,1502,102,1400,0,0.030534257798818375,0.030534257798818375
2,96,0,10000000,198.01784591293787,0,3000000000,310001,313001,285001,28000,0,3000,0.3,0,0.3
2,105,1,4000000,45.192168569343984,122908535.11495495,8000000000,312034,313634,312001,1633,33,1600,0,0.009763357759309829,0.009763357759309829
2,106,1,6000000,20.657039962201775,335004168.7813411,5000000000,316234,317234,315001,2233,18,1000,0,0.005373067465243602,0.005373067465243602
2,97,0,9000000,184.61541701602277,0,8000000000,313001,321001,288001,33000,0,8000,0.7999999999999999,0,0.7999999999999999
2,108,1,10000000,43.92860116143014,129669393.15232202,8000000000,321078,322678,321001,1677,77,1600,0,0.02313576031373814,0.02313576031373814
2,109,1,5000000,62.66864287664125,57385730.714899406,10000000000,324088,326088,324001,2087,87,2000,0,0.02613890215064467,0.02613890215064467
2,110,1,8000000,91.14275944911917,17338732.7227637,3000000000,327462,328062,327001,1061,461,600,0,0.1384184206755252,0.1384184206755252
2,98,0,2000000,168.0065108857392,0,9000000000,321001,330001,291001,39000,0,9000,0.8999999999999999,0,0.8999999999999999
2,111,1,7000000,119.88674864220813,6266989.8491913695,9000000000,331118,332918,330001,2917,1117,1800,0,0.3350891018709665,0.3350891018709665
2,100,0,10000000,147.8089892394911,0,5000000000,330001,335001,297001,38000,0,5000,0.49999999999999994,0,0.49999999999999994
2,112,1,8000000,145.081423345651,2989969.7169779153,5000000000,335677,336677,333001,3676,2676,1000,0,0.8026837149460424,0.8026837149460424
2,101,0,3000000,127.5380794116016,0,7000000000,335001,342001,300001,42000,0,7000,0.7,0,0.7
2,107,0,9000000,20.11721899269383,0,3000000000,342001,345001,318001,27000,0,3000,0.3,0,0.3
2,113,0,8000000,173.99524246369495,0,3000000000,345001,348001,336001,12000,0,3000,0.3,0,0.3
2,117,1,3000000,181.5566371686808,1234175.0457210708,6000000000,352231,353431,348001,5430,2431,1200,0,0.7292320510938317,0.7292320510938317
2,114,0,2000000,202.93869640854595,0,10000000000,348001,358001,339001,19000,0,10000,0.9999999999999999,0,0.9999999999999999
2,119,1,8000000,210.56940186076423,684702.5903139194,4000000000,365685,366485,354001,12484,11684,800,0,3.5051714919022854,3.5051714919022854
2,115,0,6000000,187.53447283099715,0,9000000000,358001,367001,342001,25000,0,9000,0.8999999999999999,0,0.8999999999999999
2,116,0,5000000,176.6981281734473,0,4000000000,367001,371001,345001,26000,0,4000,0.39999999999999997,0,0.39999999999999997
2,122,1,6000000,207.9417776686542,719797.2752614274,6000000000,371337,372537,363001,9536,8336,1200,0,2.5007041035911777,2.5007041035911777
2,121,1,7000000,229.67789619377828,484406.52509644703,4000000000,374452,375252,360001,15251,14451,800,0,4.335201718395273,4.335201718395273
2,118,0,6000000,193.23398872869132,0,5000000000,371001,376001,351001,25000,0,5000,0.49999999999999994,0,0.49999999999999994
2,128,1,5000000,181.33719447482366,1240108.82567359,4000000000,385033,385833,381001,4832,4032,800,0,1.2095712641874352,1.2095712641874352
2,120,0,9000000,232.0018484840153,0,10000000000,376001,386001,357001,29000,0,10000,0.9999999999999999,0,0.9999999999999999
2,129,1,7000000,175.9131322556676,1398734.7162844213,3000000000,389006,389606,384001,5605,5005,600,0,1.5013568874435388,1.5013568874435388
2,123,0,2000000,190.70615957540545,0,5000000000,386001,391001,366001,25000,0,5000,0.49999999999999994,0,0.49999999999999994
2,130,1,6000000,176.12641170477525,1392036.6832594383,6000000000,392171,393371,387001,6370,4310,1200,0,1.293069372126976,1.293069372126976
2,124,0,5000000,179.46966122439753,0,6000000000,391001,397001,369001,28000,0,6000,0.6,0,0.6
2,133,1,9000000,148.20915120194167,2750052.29523729,8000000000,399274,400874,396001,4873,3273,1600,0,0.9817995114769367,0.9817995114769367
2,132,1,9000000,176.62231597394478,1376616.264519347,5000000000,403274,404274,393001,11273,6538,1000,0,1.961330887618649,1.961330887618649
2,125,0,6000000,175.22210962090375,0,8000000000,397001,405001,372001,33000,0,8000,0.7999999999999999,0,0.7999999999999999
2,137,1,4000000,70.31411593698667,41067684.9560372,7000000000,408098,409498,408001,1497,97,1400,0,0.029220054680087162,0.029220054680087162
2,126,0,3000000,178.41633221204836,0,7000000000,405001,412001,375001,37000,0,7000,0.7,0,0.7
2,127,0,3000000,185.81692334122852,0,3000000000,412001,415001,378001,37000,0,3000,0.3,0,0.3
2,140,1,2000000,100.22303377966564,12295257.391046787,7000000000,417164,418564,417001,1563,163,1400,0,0.04879930374104332,0.04879930374104332
2,131,0,5000000,182.69117685318025,0,7000000000,415001,422001,390001,32000,0,7000,0.7,0,0.7
2,134,0,8000000,119.07322327038939,0,2000000000,422001,424001,399001,25000,0,2000,0.19999999999999998,0,0.19999999999999998
2,142,1,3000000,112.80777455477092,7902829.77835903,5000000000,423381,424381,423001,1380,380,1000,0,0.11388325767366825,0.11388325767366825
2,135,0,2000000,98.67683112058273,0,4000000000,424001,428001,402001,26000,0,4000,0.39999999999999997,0,0.39999999999999997
2,143,1,8000000,105.83280824016725,10047705.441776948,9000000000,426797,428597,426001,2596,796,1800,0,0.23886050540665107,0.23886050540665107
2,144,1,5000000,105.52132296365511,10158857.231777638,10000000000,430381,432381,429001,3380,492,2000,0,0.14765440302752675,0.14765440302752675
2,136,0,2000000,87.47614303340077,0,5000000000,428001,433001,405001,28000,0,5000,0.49999999999999994,0,0.49999999999999994
2,138,0,5000000,66.05221949336749,0,2000000000,433001,435001,411001,24000,0,2000,0.19999999999999998,0,0.19999999999999998
2,146,1,4000000,123.07580306461546,5666132.174880741,2000000000,436915,437315,435001,2314,706,400,0,0.21178468185402985,0.21178468185402985
2,139,0,8000000,77.86260334717821,0,3000000000,435001,438001,414001,24000,0,3000,0.3,0,0.3
2,141,0,6000000,122.03209127110786,0,4000000000,438001,442001,420001,22000,0,4000,0.39999999999999997,0,0.39999999999999997
2,149,1,5000000,178.9986033465066,1305602.767433828,6000000000,447831,449031,444001,5030,3830,1200,0,1.1488946235525077,1.1488946235525077
2,145,0,8000000,111.93255111896632,0,10000000000,442001,452001,432001,20000,0,10000,0.9999999999999999,0,0.9999999999999999
2,150,1,6000000,191.50329318317213,998690.6903330666,6000000000,453009,454209,447001,7208,6008,1200,0,1.802359847171194,1.802359847171194
2,147,0,4000000,138.73549257489955,0,10000000000,452001,462001,438001,24000,0,10000,0.9999999999999999,0,0.9999999999999999
2,154,1,9000000,117.33477660097199,6804470.110123002,9000000000,460737,462537,459001,3536,1323,1800,0,0.39679798078372236,0.39679798078372236
2,155,1,10000000,107.32386873384688,9535421.668827713,5000000000,464832,465832,462001,3831,1049,1000,0,0.3146163960223503,0.3146163960223503
2,156,1,2000000,103.58205105132832,10885006.476647934,2000000000,465832,466232,465001,1231,184,400,0,0.05512169434967314,0.05512169434967314
2,148,0,4000000,157.84644753683872,0,6000000000,462001,468001,441001,27000,0,6000,0.6,0,0.6
2,151,0,4000000,169.335756708381,0,5000000000,468001,473001,450001,23000,0,5000,0.49999999999999994,0,0.49999999999999994
2,158,1,9000000,115.29870988003297,7273901.469105392,6000000000,472238,473438,471001,2437,1237,1200,0,0.3711900706199791,0.3711900706199791
2,159,1,8000000,129.45836164574308,4661412.925059347,5000000000,475717,476717,474001,2716,1716,1000,0,0.514865350610286,0.514865350610286
2,160,1,3000000,147.2627536072852,2820053.0988592226,5000000000,478065,479065,477001,2064,1064,1000,0,0.31914292690590507,0.31914292690590507
2,152,0,9000000,150.4961850014811,0,8000000000,473001,481001,453001,28000,0,8000,0.7999999999999999,0,0.7999999999999999
2,153,0,3000000,132.20925610561468,0,3000000000,481001,484001,456001,28000,0,3000,0.3,0,0.3
2,161,1,7000000,166.77691596860754,1727395.1916080455,8000000000,484053,485653,480001,5652,4052,1600,0,1.2157032798297267,1.2157032798297267
2,162,1,4000000,186.02303352004563,1120729.5583330032,4000000000,486570,487370,483001,4369,3569,800,0,1.0707311064275893,1.0707311064275893
2,157,0,9000000,106.25101270105627,0,4000000000,484001,488001,468001,20000,0,4000,0.39999999999999997,0,0.39999999999999997
2,163,1,5000000,204.26668573215755,772729.37458838,5000000000,495284,496284,486001,10283,6471,1000,0,1.941171190494764,1.941171190494764
2,165,0,10000000,238.5043976533767,0,5000000000,492001,497001,492001,5000,0,5000,0.49999999999999994,0,0.49999999999999994
2,166,0,8000000,237.6504813796934,0,3000000000,497001,500001,495001,5000,0,3000,0.3,0,0.3
2,164,1,6000000,224.28613376666874,532515.3116557241,2000000000,502884,503284,489001,14283,11267,400,0,3.3801844953591047,3.3801844953591047
2,167,0,3000000,227.4265569365197,0,4000000000,500001,504001,498001,6000,0,4000,0.39999999999999997,0,0.39999999999999997
2,168,0,3000000,208.72308377369276,0,5000000000,504001,509001,501001,8000,0,5000,0.49999999999999994,0,0.49999999999999994
2,169,0,7000000,188.09698695088122,0,4000000000,509001,513001,504001,9000,0,4000,0.39999999999999997,0,0.39999999999999997
2,170,1,7000000,172.2198574497146,1521336.1555484694,4000000000,513684,514484,507001,7483,4601,800,0,1.3803655374527741,1.3803655374527741
2,171,0,8000000,157.05768526245384,0,6000000000,513001,519001,510001,9000,0,6000,0.6,0,0.6
2,173,1,8000000,141.16083947044237,3328365.282024099,6000000000,518405,519605,516001,3604,2404,1200,0,0.7210747008334594,0.7210747008334594
2,174,1,3000000,140.94419072810342,3348408.1559767746,4000000000,519897,520697,519001,1696,896,800,0,0.26878443668629104,0.26878443668629104
2,172,0,6000000,146.23559963292115,0,4000000000,519001,523001,513001,10000,0,4000,0.39999999999999997,0,0.39999999999999997
2,176,1,5000000,156.72725512813653,2207524.0744374013,9000000000,527961,529761,525001,4760,2265,1800,0,0.6794942883611734,0.6794942883611734
2,175,0,9000000,146.68197605704663,0,10000000000,523001,533001,522001,11000,0,10000,0.9999999999999999,0,0.9999999999999999
2,177,0,8000000,170.85029353208614,0,5000000000,533001,538001,528001,10000,0,5000,0.49999999999999994,0,0.49999999999999994
2,178,0,8000000,189.08288896671746,0,6000000000,538001,544001,531001,13000,0,6000,0.6,0,0.6
2,179,0,5000000,209.68785777912848,0,8000000000,544001,552001,534001,18000,0,8000,0.7999999999999999,0,0.7999999999999999
2,180,0,2000000,222.01885888365433,0,6000000000,552001,558001,537001,21000,0,6000,0.6,0,0.6
2,186,1,2000000,192.96121060980104,969048.1646640896,3000000000,563361,563961,555001,8960,2064,600,0,0.619164270547877,0.619164270547877
2,181,0,5000000,205.51364382930876,0,10000000000,558001,568001,540001,28000,0,10000,0.9999999999999999,0,0.9999999999999999
2,189,1,2000000,229.56892145932997,485323.8681349589,6000000000,568572,569772,564001,5771,4121,1200,0,1.2362878469293663,1.2362878469293663
2,188,1,3000000,231.93054908743693,465919.27657482796,8000000000,572761,574361,561001,13360,6439,1600,0,1.9316650871719352,1.9316650871719352
2,182,0,6000000,189.437183520026,0,7000000000,568001,575001,543001,32000,0,7000,0.7,0,0.7
2,191,1,3000000,190.40841840632996,1021696.6961912418,4000000000,575972,576772,570001,6771,2936,800,0,0.880887648315873,0.880887648315873
2,183,0,2000000,179.455159023083,0,6000000000,575001,581001,546001,35000,0,6000,0.6,0,0.6
2,192,1,10000000,179.24249412457968,1298574.702236241,8000000000,581471,583071,573001,10070,7701,1600,0,2.3102251990846425,2.3102251990846425
2,193,1,8000000,175.21156268922442,1421051.9270862548,4000000000,583471,584271,576001,8270,5630,800,0,1.6888897261629237,1.6888897261629237
2,194,1,9000000,178.73229282924788,1313330.9838911705,2000000000,587471,587871,579001,8870,6853,400,0,2.055841241177735,2.055841241177735
2,184,0,10000000,176.64394583455163,0,8000000000,581001,589001,549001,40000,0,8000,0.7999999999999999,0,0.7999999999999999
2,185,0,6000000,181.33737452604745,0,3000000000,589001,592001,552001,40000,0,3000,0.3,0,0.3
2,187,0,9000000,210.35290585109587,0,3000000000,592001,595001,558001,37000,0,3000,0.3,0,0.3
2,199,1,4000000,146.67760906150605,2864436.37923043,8000000000,598181,599781,594001,5780,1396,1600,0,0.4189305821909707,0.4189305821909707
2,198,1,8000000,172.45705436426778,1513070.6312269347,5000000000,599781,600781,591001,9780,5287,1000,0,1.5861784311112181,1.5861784311112181
2,197,1,8000000,196.66468849287608,898530.0551361535,3000000000,600781,601381,588001,13380,8903,600,0,2.6710291840336158,2.6710291840336158
2,190,0,4000000,207.69663670844554,0,8000000000,595001,603001,567001,36000,0,8000,0.7999999999999999,0,0.7999999999999999
2,201,1,5000000,98.77298618549506,12970674.058348605,8000000000,608381,609981,600001,9980,385,1600,0,0.11564549330684333,0.11564549330684333
2,195,0,7000000,187.64353359495234,0,7000000000,603001,610001,582001,28000,0,7000,0.7,0,0.7
2,203,1,8000000,71.89627598144428,38350494.37066806,2000000000,615181,615581,606001,9580,209,400,0,0.06258067958142445,0.06258067958142445
2,196,0,7000000,213.77604660017457,0,7000000000,610001,617001,585001,32000,0,7000,0.7,0,0.7
2,205,1,8000000,77.30186090903636,30445161.132628985,9000000000,618181,619981,612001,7980,263,1800,0,0.07883026105675127,0.07883026105675127
2,206,1,9000000,89.48360855486328,18504509.78816359,10000000000,623381,625381,615001,10380,486,2000,0,0.14591037703290335,0.14591037703290335
2,200,0,10000000,121.61337303109396,0,10000000000,617001,627001,597001,30000,0,10000,0.9999999999999999,0,0.9999999999999999
2,208,1,3000000,121.86290206621541,5886005.088188233,4000000000,629581,630381,621001,9380,510,800,0,0.15290506659705053,0.15290506659705053
2,209,1,7000000,136.7228561726239,3770352.86616931,9000000000,632581,634381,624001,10380,1857,1800,0,0.5569770455287932,0.5569770455287932
2,202,0,4000000,84.01828848530542,0,10000000000,627001,637001,603001,34000,0,10000,0.9999999999999999,0,0.9999999999999999
2,204,0,2000000,68.71950232648663,0,4000000000,637001,641001,609001,32000,0,4000,0.39999999999999997,0,0.39999999999999997
2,212,1,9000000,136.7228561726239,3770352.86616931,3000000000,641381,641981,633001,8980,2387,600,0,0.7161133442513056,0.7161133442513056
2,207,0,5000000,99.0158936736926,0,2000000000,641001,643001,618001,25000,0,2000,0.19999999999999998,0,0.19999999999999998
2,210,0,6000000,136.7228561726239,0,3000000000,643001,646001,627001,19000,0,3000,0.3,0,0.3
2,211,0,10000000,136.7228561726239,0,9000000000,646001,655001,630001,25000,0,9000,0.8999999999999999,0,0.8999999999999999
2,216,1,7000000,215.1806166921175,628117.6964557612,8000000000,656714,658314,645001,13313,11144,1600,0,3.3433224566821362,3.3433224566821362
2,217,1,8000000,197.34838230905265,886218.9171495474,5000000000,658327,659327,648001,11326,9027,1000,0,2.7081344728223686,2.7081344728223686
2,219,1,5000000,196.51949343512973,901171.9168702166,9000000000,660527,662327,654001,8326,5548,1800,0,1.6644992724690337,1.6644992724690337
2,213,0,10000000,137.76203903833596,0,10000000000,655001,665001,636001,29000,0,10000,0.9999999999999999,0,0.9999999999999999
2,220,1,7000000,192.39209391240587,980487.4192060312,3000000000,667727,668327,657001,11326,7139,600,0,2.1417918872437096,2.1417918872437096
2,214,0,10000000,151.59460478526273,0,5000000000,665001,670001,639001,31000,0,5000,0.49999999999999994,0,0.49999999999999994
2,221,1,6000000,204.5068781239399,769124.7475913602,9000000000,671127,672927,660001,12926,7801,1800,0,2.3403225622852393,2.3403225622852393
2,215,0,6000000,180.90993228675976,0,3000000000,670001,673001,642001,31000,0,3000,0.3,0,0.3
2,218,0,8000000,196.51949343512973,0,3000000000,673001,676001,651001,25000,0,3000,0.3,0,0.3
2,223,1,5000000,238.8032684030937,414701.6610061454,2000000000,678058,678458,666001,12457,12057,400,0,3.6170580951152056,3.6170580951152056
2,224,1,6000000,216.4112326105094,614012.1273761701,2000000000,678773,679173,669001,10172,9772,400,0,2.931538189142709,2.931538189142709
2,225,1,7000000,198.18723470496278,871399.4646825801,4000000000,680034,680834,672001,8833,8033,800,0,2.409916559640022,2.409916559640022
2,222,0,7000000,224.98858748834348,0,6000000000,676001,682001,663001,19000,0,6000,0.6,0,0.6
2,226,1,9000000,185.4796261048636,1133818.0466576642,10000000000,682939,684939,675001,9938,7938,2000,0,2.381334472457216,2.381334472457216
2,228,1,8000000,180.85752984047969,1253203.0891247534,5000000000,687385,688385,681001,7384,6384,1000,0,1.915092630098908,1.915092630098908
2,227,0,5000000,179.51642403969615,0,9000000000,682001,691001,678001,13000,0,9000,0.8999999999999999,0,0.8999999999999999
2,231,1,3000000,184.00238802798188,1170372.321163964,2000000000,692564,692964,690001,2963,2563,400,0,0.7689860600128752,0.7689860600128752
2,229,0,9000000,176.96939000855485,0,3000000000,691001,694001,684001,10000,0,3000,0.3,0,0.3
2,230,0,4000000,178.72470730148086,0,4000000000,694001,698001,687001,11000,0,4000,0.39999999999999997,0,0.39999999999999997
2,232,0,9000000,184.32271916397065,0,6000000000,698001,704001,693001,11000,0,6000,0.6,0,0.6
2,233,0,3000000,184.32271916397065,0,3000000000,704001,707001,696001,11000,0,3000,0.3,0,0.3
2,234,0,2000000,182.6782291352749,0,3000000000,707001,710001,699001,11000,0,3000,0.3,0,0.3
2,235,0,3000000,177.78784463511562,0,2000000000,710001,712001,702001,10000,0,2000,0.19999999999999998,0,0.19999999999999998
2,237,1,5000000,169.99579553624264,1601632.1590912368,10000000000,711123,713123,708001,5122,3122,2000,0,0.9365446313534921,0.9365446313534921
2,238,1,7000000,177.3013922675172,1355842.8184139358,5000000000,716164,717164,711001,6163,5163,1000,0,1.5488521025295388,1.5488521025295388
2,236,0,10000000,173.39161513752617,0,9000000000,712001,721001,705001,16000,0,9000,0.8999999999999999,0,0.8999999999999999
2,239,0,5000000,185.48594825484759,0,8000000000,721001,729001,714001,15000,0,8000,0.7999999999999999,0,0.7999999999999999
2,240,0,6000000,197.2393231584412,0,3000000000,729001,732001,717001,15000,0,3000,0.3,0,0.3
2,241,0,7000000,211.94464489578402,0,2000000000,732001,734001,720001,14000,0,2000,0.19999999999999998,0,0.19999999999999998
2,242,0,7000000,228.98535084148943,0,6000000000,734001,740001,723001,17000,0,6000,0.6,0,0.6
2,245,1,3000000,198.00506306657917,874591.3766901214,3000000000,740950,741550,732001,9549,3430,600,0,1.0290519938648803,1.0290519938648803
2,243,0,10000000,230.8227406474501,0,5000000000,740001,745001,726001,19000,0,5000,0.49999999999999994,0,0.49999999999999994
2,249,1,4000000,183.82182677799716,1174940.2484674577,3000000000,747546,748146,744001,4145,3404,600,0,1.0213285327191992,1.0213285327191992
2,244,0,9000000,213.25044548605283,0,6000000000,745001,751001,729001,22000,0,6000,0.6,0,0.6
2,251,1,9000000,136.84561008669584,3757188.461162686,9000000000,752396,754196,750001,4195,2395,1800,0,0.7186224561023132,0.7186224561023132
2,252,1,9000000,117.92648981462985,6675005.426674242,2000000000,756996,757396,753001,4395,1348,400,0,0.40449405317491244,0.40449405317491244
2,246,0,8000000,186.400436158288,0,9000000000,751001,760001,735001,25000,0,9000,0.8999999999999999,0,0.8999999999999999
2,253,1,5000000,100.29789628900494,12261536.534573004,8000000000,758996,760596,756001,4595,408,1600,0,0.12233377079377891,0.12233377079377891
2,254,1,7000000,84.57745444265868,22520212.945019558,4000000000,762196,762996,759001,3995,311,800,0,0.09324956229885135,0.09324956229885135
2,247,0,7000000,199.99825049234806,0,4000000000,760001,764001,738001,26000,0,4000,0.39999999999999997,0,0.39999999999999997
2,248,0,2000000,209.80484384303432,0,9000000000,764001,773001,741001,32000,0,9000,0.8999999999999999,0,0.8999999999999999
2,250,0,3000000,159.0450785154951,0,2000000000,773001,775001,747001,28000,0,2000,0.19999999999999998,0,0.19999999999999998
2,259,1,4000000,70.09482862522735,41460299.32276937,8000000000,774097,775697,774001,1696,96,1600,0,0.028943351099758655,0.028943351099758655
2,260,1,8000000,78.99407382835749,28354385.339963563,4000000000,777283,778083,777001,1082,282,800,0,0.08464299159457936,0.08464299159457936
2,261,1,7000000,89.26252573168651,18666628.98707992,3000000000,780376,780976,780001,975,375,600,0,0.11250022708725352,0.11250022708725352
2,255,0,7000000,78.18126693780295,0,9000000000,775001,784001,762001,22000,0,9000,0.8999999999999999,0,0.8999999999999999
2,262,1,4000000,104.25893390976145,10624699.702673605,4000000000,783377,784177,783001,1176,376,800,0,0.11294436864865286,0.11294436864865286
2,256,0,7000000,75.0933845288651,0,5000000000,784001,789001,765001,24000,0,5000,0.49999999999999994,0,0.49999999999999994
2,264,1,4000000,141.38216648502734,3308042.125655392,9000000000,790905,792705,789001,3704,1209,1800,0,0.3627523333797495,0.3627523333797495
2,257,0,4000000,67.67557905182633,0,8000000000,789001,797001,768001,29000,0,8000,0.7999999999999999,0,0.7999999999999999
2,266,1,6000000,181.29996276888758,1241119.09692674,9000000000,799835,801635,795001,6634,4834,1800,0,1.4503040074535647,1.4503040074535647
2,258,0,3000000,65.2783769712452,0,8000000000,797001,805001,771001,34000,0,8000,0.7999999999999999,0,0.7999999999999999
2,263,0,8000000,122.27969291750777,0,4000000000,805001,809001,786001,23000,0,4000,0.39999999999999997,0,0.39999999999999997
2,268,1,4000000,213.1409796355455,652397.955666928,8000000000,807997,809597,801001,8596,6131,1600,0,1.8393681181500239,1.8393681181500239
2,271,1,4000000,179.5885720194913,1288682.4981572824,2000000000,813105,813505,810001,3504,3104,400,0,0.9311835938766209,0.9311835938766209
2,265,0,6000000,160.9344338542874,0,9000000000,809001,818001,792001,26000,0,9000,0.8999999999999999,0,0.8999999999999999
2,267,0,2000000,202.0100089104498,0,7000000000,818001,825001,798001,27000,0,7000,0.7,0,0.7
2,269,0,8000000,193.51187172884258,0,4000000000,825001,829001,804001,25000,0,4000,0.39999999999999997,0,0.39999999999999997
2,275,1,8000000,199.8062361389154,843660.1090687141,2000000000,831483,831883,822001,9882,9482,400,0,2.8447475164486242,2.8447475164486242
2,276,1,7000000,213.77936336325826,644674.6428996668,2000000000,835859,836259,825001,11258,10858,400,0,3.257457111318137,3.257457111318137
2,270,0,9000000,184.78560117065396,0,10000000000,829001,839001,807001,32000,0,10000,0.9999999999999999,0,0.9999999999999999
2,272,0,8000000,178.5358263766687,0,3000000000,839001,842001,813001,29000,0,3000,0.3,0,0.3
2,273,0,8000000,181.7092457746716,0,4000000000,842001,846001,816001,30000,0,4000,0.39999999999999997,0,0.39999999999999997
2,281,1,5000000,196.8195399344283,895723.1128373197,8000000000,845583,847183,840001,7182,5582,1600,0,1.6746246451635645,1.6746246451635645
2,277,1,7000000,230.2274234317015,479813.45204888436,6000000000,846259,847459,828001,19458,14589,1200,0,4.376700967912938,4.376700967912938
2,283,1,4000000,181.52249502472137,1235095.933910949,8000000000,849240,850840,846001,4839,3239,1600,0,0.971584447047917,0.971584447047917
2,279,1,9000000,224.75027252486257,528146.0780588951,8000000000,851042,852642,834001,18641,17041,1600,0,5.112222001010325,5.112222001010325
2,278,1,9000000,242.05021503811975,392952.8845006223,3000000000,853905,854505,831001,23504,22904,600,0,6.8710527559334516,6.8710527559334516
2,274,0,10000000,188.90540754568147,0,10000000000,846001,856001,819001,37000,0,10000,0.9999999999999999,0,0.9999999999999999
2,286,1,6000000,146.14414049150238,2905654.2415828463,9000000000,857066,858866,855001,3865,2065,1800,0,0.6194818276174028,0.6194818276174028
2,288,1,3000000,102.38773217529533,11363148.723144948,4000000000,861265,862065,861001,1064,264,800,0,0.07920339880501973,0.07920339880501973
2,280,0,2000000,209.55627501938469,0,9000000000,856001,865001,837001,28000,0,9000,0.8999999999999999,0,0.8999999999999999
2,282,0,9000000,187.31219848157247,0,2000000000,865001,867001,843001,24000,0,2000,0.19999999999999998,0,0.19999999999999998
2,290,1,3000000,59.35574529900205,66401683.61406396,7000000000,869654,871054,867001,4053,45,1400,0,0.013553873200428593,0.013553873200428593
2,284,0,6000000,179.78519877898734,0,5000000000,867001,872001,849001,23000,0,5000,0.49999999999999994,0,0.49999999999999994
2,292,1,7000000,19.42731324707562,352562411.4243417,2000000000,873021,873421,873001,420,20,400,0,0.005956392207314621,0.005956392207314621
2,285,0,8000000,168.09023320823852,0,5000000000,872001,877001,852001,25000,0,5000,0.49999999999999994,0,0.49999999999999994
2,294,1,10000000,33.23334470076703,201653985.86166057,8000000000,879051,880651,879001,1650,50,1600,0,0.014876968522001204,0.014876968522001204
2,287,0,9000000,124.24372700462585,0,8000000000,877001,885001,858001,27000,0,8000,0.7999999999999999,0,0.7999999999999999
2,298,1,8000000,118.88129583748646,6472354.444586503,7000000000,892237,893637,891001,2636,1236,1400,0,0.37080787533312043,0.37080787533312043
2,289,0,5000000,80.9627926889877,0,10000000000,885001,895001,864001,31000,0,10000,0.9999999999999999,0,0.9999999999999999
2,291,0,3000000,38.24959084748485,0,4000000000,895001,899001,870001,29000,0,4000,0.39999999999999997,0,0.39999999999999997
2,301,1,3000000,119.89473424633805,6265390.809915395,5000000000,902495,903495,900001,3494,479,1000,0,0.14364626681797574,0.14364626681797574
2,293,0,7000000,16.10212718866673,0,9000000000,899001,908001,876001,32000,0,9000,0.8999999999999999,0,0.8999999999999999
2,302,1,7000000,136.6017049673979,3783401.0956904897,6000000000,908495,909695,903001,6694,1850,1200,0,0.5550561378205499,0.5550561378205499
2,295,0,2000000,54.06667180435646,0,7000000000,908001,915001,882001,33000,0,7000,0.7,0,0.7
2,303,1,5000000,166.31371320489478,1746487.6398195534,10000000000,917695,919695,906001,13694,2863,2000,0,0.8588666565971115,0.8588666565971115
2,296,0,7000000,75.58361264189472,0,9000000000,915001,924001,885001,39000,0,9000,0.8999999999999999,0,0.8999999999999999
2,305,1,2000000,192.00652931606265,988332.8945347483,3000000000,924895,925495,912001,13494,2024,600,0,0.6070829002230532,0.6070829002230532
2,297,0,3000000,97.00956241525878,0,7000000000,924001,931001,888001,43000,0,7000,0.7,0,0.7
2,306,1,5000000,203.11744410562082,790270.5536529237,10000000000,931695,933695,915001,18694,6327,2000,0,1.898084134688359,1.898084134688359
2,299,0,3000000,140.81248950288474,0,9000000000,931001,940001,894001,46000,0,9000,0.8999999999999999,0,0.8999999999999999
2,309,1,7000000,204.30402859464124,772167.5811845368,3000000000,945295,945895,924001,21894,9065,600,0,2.7196168955688527,2.7196168955688527
2,311,1,6000000,167.90806115252477,1681848.6934554775,2000000000,945895,946295,930001,16294,3568,400,0,1.0702508537208375,1.0702508537208375
2,300,0,2000000,162.76582442269634,0,7000000000,940001,947001,897001,50000,0,7000,0.7,0,0.7
2,308,1,7000000,225.26461794964598,523356.3181622395,9000000000,946295,948095,921001,27094,13375,1800,0,4.012562621531214,4.012562621531214
2,304,0,7000000,185.4390263671592,0,2000000000,947001,949001,909001,40000,0,2000,0.19999999999999998,0,0.19999999999999998
2,307,1,10000000,217.98456023305866,596548.6295766032,6000000000,948095,949295,918001,31294,16763,1200,0,5.028927821239372,5.028927821239372
2,310,0,3000000,183.82461478267808,0,5000000000,949001,954001,927001,27000,0,5000,0.49999999999999994,0,0.49999999999999994
2,313,1,4000000,143.84233625744542,3092127.696298693,3000000000,953495,954095,936001,18094,1294,600,0,0.38808229085636137,0.38808229085636137
2,312,0,3000000,153.21495749436477,0,5000000000,954001,959001,933001,26000,0,5000,0.49999999999999994,0,0.49999999999999994
2,315,1,3000000,142.6032433011255,3198628.425436224,5000000000,959895,960895,942001,18894,938,1000,0,0.2813706002369623,0.2813706002369623
2,316,1,7000000,151.13953586007864,2546508.7466033357,6000000000,964295,965495,945001,20494,2749,1200,0,0.824658467323581,0.824658467323581
2,314,0,9000000,140.3831286159416,0,9000000000,959001,968001,939001,29000,0,9000,0.8999999999999999,0,0.8999999999999999
2,322,1,4000000,234.2062736136673,448127.9383143657,9000000000,972086,973886,963001,10885,8926,1800,0,2.6778067096503797,2.6778067096503797
2,318,1,10000000,179.80456640474958,1282556.0335971352,5000000000,972895,973895,951001,22894,7797,1000,0,2.3390790900464724,2.3390790900464724
2,319,1,8000000,200.31558351760853,835161.2926737294,6000000000,973895,975095,954001,21094,9579,1200,0,2.873696399789451,2.873696399789451
2,325,1,4000000,187.42264137504836,1087874.1458462856,4000000000,975886,976686,972001,4685,3677,800,0,1.1030687737012894,1.1030687737012894
2,317,0,7000000,162.4282934097382,0,9000000000,968001,977001,948001,29000,0,9000,0.8999999999999999,0,0.8999999999999999
2,323,1,7000000,212.73609801817835,657356.1292550924,5000000000,976686,977686,966001,11685,10649,1000,0,3.194615379002693,3.194615379002693
2,324,1,7000000,197.39683710738632,885354.3967505653,5000000000,977686,978686,969001,9685,7906,1000,0,2.371931519973738,2.371931519973738
2,321,1,4000000,243.65057459402797,382757.1678016083,8000000000,980495,982095,960001,22094,10450,1600,0,3.135147035631707,3.135147035631707
2,327,1,9000000,156.3561002967265,2228237.936552786,10000000000,982040,984040,978001,6039,4039,2000,0,1.2117197879581287,1.2117197879581287
2,320,0,6000000,220.37137223332797,0,9000000000,977001,986001,957001,29000,0,9000,0.8999999999999999,0,0.8999999999999999
2,329,1,3000000,144.18510672049317,3063442.1719736336,4000000000,986926,987726,984001,3725,979,800,0,0.29378716798828025,0.29378716798828025
2,326,0,5000000,170.32164424993087,0,8000000000,986001,994001,975001,19000,0,8000,0.7999999999999999,0,0.7999999999999999
2,331,1,4000000,152.69659622925457,2445933.20323988,2000000000,997726,998126,990001,8125,1635,400,0,0.49061029075139156,0.49061029075139156
3,3,0,10000000,202.8207336541311,0,2000000000,6001,8001,6001,2000,0,2000,0.19999999999999998,0,0.19999999999999998
3,2,1,5000000,214.59254809988164,635000.8744047234,9000000000,10875,12675,3001,9674,7874,1800,0,2.362201471621851,2.362201471621851
3,4,0,10000000,192.6821984512321,0,5000000000,9001,14001,9001,5000,0,5000,0.49999999999999994,0,0.49999999999999994
3,1,1,8000000,219.47007108031832,580624.7856211544,8000000000,15113,16713,1,16712,13778,1600,0,4.133478383001635,4.133478383001635
3,6,0,7000000,175.75685164453765,0,5000000000,15001,20001,15001,5000,0,5000,0.49999999999999994,0,0.49999999999999994
3,5,1,9000000,187.9598427856333,1075582.3679885683,9000000000,20369,22169,12001,10168,8368,1800,0,2.5102680002548134,2.5102680002548134
3,7,1,8000000,149.28622508456704,2672979.0456026164,3000000000,22169,22769,18001,4768,2993,600,0,0.8978746032253037,0.8978746032253037
3,8,1,6000000,124.78861206055629,5372456.6570814205,10000000000,22769,24769,21001,3768,1117,2000,0,0.335042256251137,0.335042256251137
3,9,0,6000000,98.22430249179672,0,3000000000,24001,27001,24001,3000,0,3000,0.3,0,0.3
3,10,1,10000000,71.68834284596065,38696282.530460514,4000000000,27259,28059,27001,1058,258,800,0,0.07752682696686673,0.07752682696686673
3,11,0,5000000,47.162114032346004,0,5000000000,30001,35001,30001,5000,0,5000,0.49999999999999994,0,0.49999999999999994
3,13,1,10000000,6.153738700984919,683732242.6357965,9000000000,36016,37816,36001,1815,15,1800,0,0.00438768250629071,0.00438768250629071
3,14,1,7000000,31.03134222040683,220370467.0102871,7000000000,39033,40433,39001,1432,32,1400,0,0.009529407585735932,0.009529407585735932
3,12,0,9000000,20.958406427970694,0,10000000000,35001,45001,33001,12000,0,10000,0.9999999999999999,0,0.9999999999999999
3,16,1,9000000,81.93319778941863,25094397.24390578,10000000000,45360,47360,45001,2359,359,2000,0,0.10759373790720157,0.10759373790720157
3,17,1,8000000,108.46928828013947,9163111.811210163,4000000000,48874,49674,48001,1673,873,800,0,0.26191975493127095,0.26191975493127095
3,15,0,8000000,57.46681912199419,0,6000000000,45001,51001,42001,9000,0,6000,0.6,0,0.6
3,18,1,2000000,135.0387118570079,3956826.3297560615,2000000000,51506,51906,51001,905,505,400,0,0.15163667798303143,0.15163667798303143
3,19,1,2000000,161.60491329164466,1956254.4904799007,10000000000,55023,57023,54001,3022,1022,2000,0,0.3067085611406368,0.3067085611406368
3,21,0,2000000,205.30215098727044,0,3000000000,60001,63001,60001,3000,0,3000,0.3,0,0.3
3,20,1,9000000,186.11249286385902,1118592.900771367,4000000000,65047,65847,57001,8846,8046,800,0,2.4137467689434784,2.4137467689434784
3,22,1,8000000,183.25064938493398,1189536.9644908751,4000000000,69726,70526,63001,7525,6725,800,0,2.0175917786860924,2.0175917786860924
3,23,0,5000000,168.6152582063675,0,6000000000,66001,72001,66001,6000,0,6000,0.6,0,0.6
3,24,0,8000000,158.66009265092467,0,5000000000,72001,77001,69001,8000,0,5000,0.49999999999999994,0,0.49999999999999994
3,25,0,7000000,168.19585309989066,0,9000000000,77001,86001,72001,14000,0,9000,0.8999999999999999,0,0.8999999999999999
3,26,0,6000000,182.53852333137792,0,4000000000,86001,90001,75001,15000,0,4000,0.39999999999999997,0,0.39999999999999997
3,27,0,10000000,198.237014707143,0,3000000000,90001,93001,78001,15000,0,3000,0.3,0,0.3
3,32,1,2000000,234.52462770464,445707.1401446176,6000000000,97488,98688,93001,5687,4487,1200,0,1.3461754276705538,1.3461754276705538
3,28,0,6000000,218.99018836468454,0,10000000000,93001,103001,81001,22000,0,10000,0.9999999999999999,0,0.9999999999999999
3,29,0,3000000,240.24169600633442,0,4000000000,103001,107001,84001,23000,0,4000,0.39999999999999997,0,0.39999999999999997
3,30,0,7000000,236.42561049937035,0,9000000000,107001,116001,87001,29000,0,9000,0.8999999999999999,0,0.8999999999999999
3,31,0,2000000,217.32868241444797,0,4000000000,116001,120001,90001,30000,0,4000,0.39999999999999997,0,0.39999999999999997
3,39,1,4000000,184.20410961756525,1165295.165042097,8000000000,118830,120430,114001,6429,3433,1600,0,1.0297820123167243,1.0297820123167243
3,33,0,5000000,243.81896091157472,0,3000000000,120001,123001,96001,27000,0,3000,0.3,0,0.3
3,41,1,10000000,179.0953338308958,1302809.693952219,9000000000,129962,131762,120001,11761,7676,1800,0,2.3027154418072864,2.3027154418072864
3,34,0,7000000,228.57921974667775,0,9000000000,123001,132001,99001,33000,0,9000,0.8999999999999999,0,0.8999999999999999
3,42,1,8000000,184.35816797744542,1161436.093231571,2000000000,132562,132962,123001,9961,6888,400,0,2.0664072814564065,2.0664072814564065
3,45,1,4000000,151.78970749033022,2503901.3942941516,2000000000,133762,134162,132001,2161,1598,400,0,0.47925209943751773,0.47925209943751773
3,43,1,8000000,191.66167718143342,995416.2611150978,5000000000,134162,135162,126001,9161,8037,1000,0,2.411051631115049,2.411051631115049
3,35,0,3000000,242.96348799768248,0,6000000000,132001,138001,102001,36000,0,6000,0.6,0,0.6
3,36,0,9000000,226.54924519847782,0,9000000000,138001,147001,105001,42000,0,9000,0.8999999999999999,0,0.8999999999999999
3,50,1,6000000,77.0150926766955,30816192.46704379,3000000000,148288,148888,147001,1887,195,600,0,0.058410850137472374,0.058410850137472374
3,37,0,10000000,208.78815220217837,0,9000000000,147001,156001,108001,48000,0,9000,0.8999999999999999,0,0.8999999999999999
3,38,0,5000000,194.30165336404116,0,3000000000,156001,159001,111001,48000,0,3000,0.3,0,0.3
3,40,0,5000000,179.03917448424522,0,2000000000,159001,161001,117001,44000,0,2000,0.19999999999999998,0,0.19999999999999998
3,44,0,6000000,173.4168379944693,0,10000000000,161001,171001,129001,42000,0,10000,0.9999999999999999,0,0.9999999999999999
3,59,1,6000000,46.17304841571542,117880691.9042041,6000000000,174619,175819,174001,1818,51,1200,0,0.015269676237248186,0.015269676237248186
3,46,0,7000000,131.16738161601,0,10000000000,171001,181001,135001,46000,0,10000,0.9999999999999999,0,0.9999999999999999
3,61,1,8000000,24.91563765991141,281691038.54213667,7000000000,180029,181429,180001,1428,28,1400,0,0.008519972848341061,0.008519972848341061
3,47,0,2000000,112.96699031132944,0,6000000000,181001,187001,138001,49000,0,6000,0.6,0,0.6
3,48,0,3000000,96.37299673663776,0,4000000000,187001,191001,141001,50000,0,4000,0.39999999999999997,0,0.39999999999999997
3,64,1,4000000,69.12049840676791,43253822.3592678,3000000000,190616,191216,189001,2215,92,600,0,0.027743212843312597,0.027743212843312597
3,49,0,5000000,83.81104521481643,0,2000000000,191001,193001,144001,49000,0,2000,0.19999999999999998,0,0.19999999999999998
3,65,1,8000000,80.5673488455466,26553728.81873851,7000000000,193915,195315,192001,3314,301,1400,0,0.0903827864019746,0.0903827864019746
3,51,0,9000000,79.81153049528618,0,4000000000,193001,197001,150001,47000,0,4000,0.39999999999999997,0,0.39999999999999997
3,67,1,3000000,113.4876645279125,7724841.694064506,8000000000,199772,201372,198001,3371,388,1600,0,0.11650724191429425,0.11650724191429425
3,68,1,5000000,137.14501558569305,3725316.040886595,3000000000,203572,204172,201001,3171,1342,600,0,0.402650401613446,0.402650401613446
3,52,0,2000000,74.04672646376741,0,10000000000,197001,207001,153001,54000,0,10000,0.9999999999999999,0,0.9999999999999999
3,53,0,3000000,57.0729445534397,0,4000000000,207001,211001,156001,55000,0,4000,0.39999999999999997,0,0.39999999999999997
3,70,1,2000000,191.93120772818577,989874.6529707076,10000000000,209021,211021,207001,4020,2020,2000,0,0.60613735102656,0.60613735102656
3,54,0,4000000,35.21232170703886,0,7000000000,211001,218001,159001,59000,0,7000,0.7,0,0.7
3,55,0,6000000,21.033594557278978,0,6000000000,218001,224001,162001,62000,0,6000,0.6,0,0.6
3,56,0,6000000,29.24881194168407,0,9000000000,224001,233001,165001,68000,0,9000,0.8999999999999999,0,0.8999999999999999
3,57,0,3000000,49.79025004958298,0,3000000000,233001,236001,168001,68000,0,3000,0.3,0,0.3
3,73,1,4000000,170.5327112315992,1581775.009791334,4000000000,239423,240223,216001,24222,2529,800,0,0.7586413949973219,0.7586413949973219
3,58,0,3000000,61.6683387160705,0,10000000000,236001,246001,171001,75000,0,10000,0.9999999999999999,0,0.9999999999999999
3,60,0,2000000,24.810910906292833,0,2000000000,246001,248001,177001,71000,0,2000,0.19999999999999998,0,0.19999999999999998
3,74,1,10000000,145.7417970247382,2937226.247680506,7000000000,250223,251623,219001,32622,3405,1400,0,1.0213717797085142,1.0213717797085142
3,85,1,4000000,157.2654981233964,2177907.081532605,5000000000,253838,254838,252001,2837,1837,1000,0,0.5509876937245429,0.5509876937245429
3,62,0,7000000,46.40205275631672,0,7000000000,248001,255001,183001,72000,0,7000,0.7,0,0.7
3,63,0,2000000,68.51490713706029,0,2000000000,255001,257001,186001,71000,0,2000,0.19999999999999998,0,0.19999999999999998
3,77,1,2000000,86.49557965584135,20841187.323915314,9000000000,257823,259623,228001,31622,96,1800,0,0.02878914673500864,0.02878914673500864
3,87,1,3000000,158.47166876132778,2113304.504885504,7000000000,259421,260821,258001,2820,1420,1400,0,0.4258733173186326,0.4258733173186326
3,66,0,4000000,101.0807226923116,0,6000000000,257001,263001,195001,68000,0,6000,0.6,0,0.6
3,79,1,8000000,68.36129021602798,44708466.589134164,9000000000,265623,267423,234001,33422,179,1800,0,0.05368110747469228,0.05368110747469228
3,69,0,6000000,167.9268888534531,0,6000000000,263001,269001,204001,65000,0,6000,0.6,0,0.6
3,71,0,5000000,218.30819613564674,0,2000000000,269001,271001,210001,61000,0,2000,0.19999999999999998,0,0.19999999999999998
3,72,0,7000000,193.7066661217419,0,3000000000,271001,274001,213001,61000,0,3000,0.3,0,0.3
3,75,0,7000000,122.07024289318015,0,6000000000,274001,280001,222001,58000,0,6000,0.6,0,0.6
3,81,1,5000000,89.17914105888212,18728202.14956291,9000000000,279423,281223,240001,41222,267,1800,0,0.08009311240988543,0.08009311240988543
3,76,0,4000000,100.31055976316749,0,4000000000,280001,284001,225001,59000,0,4000,0.39999999999999997,0,0.39999999999999997
3,94,1,4000000,143.58127175923744,3114198.1014364385,5000000000,283218,284218,279001,5217,1284,1000,0,0.38533194129380993,0.38533194129380993
3,95,1,6000000,158.87472580621503,2092247.4326465973,7000000000,286018,287418,282001,5417,2868,1400,0,0.86031889532448,0.86031889532448
3,82,1,9000000,111.65438504599804,8216266.427487291,8000000000,289823,291423,243001,48422,1095,1600,0,0.3286164127987896,0.3286164127987896
3,78,0,3000000,73.58930153222003,0,9000000000,284001,293001,231001,62000,0,9000,0.8999999999999999,0,0.8999999999999999
3,98,1,8000000,159.204405089809,2075216.886458126,7000000000,294856,296256,291001,5255,3855,1400,0,1.1565056238994842,1.1565056238994842
3,80,0,5000000,73.88349274364336,0,9000000000,293001,302001,237001,65000,0,9000,0.8999999999999999,0,0.8999999999999999
3,99,1,10000000,175.70149714786155,1405420.7452735717,9000000000,301116,302916,294001,8915,7115,1800,0,2.1345920857430034,2.1345920857430034
3,101,1,3000000,184.61928203738637,1154931.5763893428,3000000000,302599,303199,300001,3198,2598,600,0,0.7792669439462949,0.7792669439462949
3,83,0,9000000,137.4958417553054,0,2000000000,302001,304001,246001,58000,0,2000,0.19999999999999998,0,0.19999999999999998
3,100,1,5000000,205.06399123200543,760844.3304873462,4000000000,303573,304373,297001,7372,6572,800,0,1.9714939572976775,1.9714939572976775
3,84,1,8000000,161.32160301707893,1969846.4634348112,8000000000,304023,305623,249001,56622,4061,1600,0,1.2183690681227675,1.2183690681227675
3,102,1,7000000,173.302259073562,1484067.8969165934,4000000000,307718,308518,303001,5517,4717,800,0,1.4150295982839542,1.4150295982839542
3,86,0,8000000,145.73078912844736,0,7000000000,304001,311001,255001,56000,0,7000,0.7,0,0.7
3,104,1,7000000,194.29314784623773,942918.847214576,10000000000,316425,318425,309001,9424,7424,2000,0,2.227126975140536,2.227126975140536
3,105,1,4000000,211.5406391216591,672272.3564659301,6000000000,318425,319625,312001,7624,5950,1200,0,1.784990842563098,1.784990842563098
3,88,0,3000000,174.85128109339092,0,10000000000,311001,321001,261001,60000,0,10000,0.9999999999999999,0,0.9999999999999999
3,89,0,6000000,193.08419225819603,0,10000000000,321001,331001,264001,67000,0,10000,0.9999999999999999,0,0.9999999999999999
3,90,0,4000000,183.49388899906182,0,6000000000,331001,337001,267001,70000,0,6000,0.6,0,0.6
3,106,1,10000000,235.86338121887422,435703.92810250766,8000000000,338891,340491,315001,25490,22951,1600,0,6.885409578621455,6.885409578621455
3,107,1,5000000,213.11131551374746,652759.6358576416,8000000000,342779,344379,318001,26378,7660,1600,0,2.2979362043873843,2.2979362043873843
3,91,0,7000000,167.46945661821445,0,8000000000,337001,345001,270001,75000,0,8000,0.7999999999999999,0,0.7999999999999999
3,110,1,9000000,169.58110419501338,1617181.20340377,2000000000,349779,350179,327001,23178,5565,400,0,1.6695717179479714,1.6695717179479714
3,117,1,3000000,164.82776980836695,1809529.5171371442,4000000000,349659,350459,348001,2458,1658,800,0,0.497366852254441,0.497366852254441
3,92,0,4000000,154.86094149268237,0,9000000000,345001,354001,273001,81000,0,9000,0.8999999999999999,0,0.8999999999999999
3,113,1,6000000,163.87606323072322,1851392.7474347006,4000000000,355979,356779,336001,20778,3241,800,0,0.972241034482872,0.972241034482872
3,93,0,6000000,146.728711914199,0,4000000000,354001,358001,276001,82000,0,4000,0.39999999999999997,0,0.39999999999999997
3,120,1,5000000,113.74541485264362,7658636.642064894,6000000000,357654,358854,357001,1853,653,1200,0,0.19585731378889068,0.19585731378889068
3,114,1,3000000,155.46476513988628,2278974.4513984662,9000000000,358379,360179,339001,21178,1316,1800,0,0.394914475433336,0.394914475433336
3,96,0,3000000,186.48444680455262,0,3000000000,358001,361001,285001,76000,0,3000,0.3,0,0.3
3,123,1,10000000,103.0665323953416,11088384.901503231,3000000000,366903,367503,366001,1502,902,600,0,0.2705533787516066,0.2705533787516066
3,115,1,4000000,155.83418912420981,2257774.315445216,7000000000,366579,367979,342001,25978,1772,1400,0,0.5314968780497307,0.5314968780497307
3,97,0,3000000,202.13649497307506,0,8000000000,361001,369001,288001,81000,0,8000,0.7999999999999999,0,0.7999999999999999
3,124,1,8000000,99.14878718370689,12791489.02780213,9000000000,371007,372807,369001,3806,625,1800,0,0.18762475539662601,0.18762475539662601
3,125,1,9000000,104.27780444562495,10617550.10491538,5000000000,372849,373849,372001,1848,848,1000,0,0.25429595088513296,0.25429595088513296
3,103,0,10000000,180.19087657259453,0,8000000000,369001,377001,306001,71000,0,8000,0.7999999999999999,0,0.7999999999999999
3,116,1,3000000,164.8061364148799,1810467.9944556574,7000000000,375979,377379,345001,32378,1657,1400,0,0.4971090363133415,0.4971090363133415
3,126,1,10000000,117.14889030631062,6845770.1253059115,5000000000,376462,377462,375001,2461,1461,1000,0,0.4382268094148051,0.4382268094148051
3,127,1,3000000,135.5531969375861,3898680.9857832026,6000000000,378770,379970,378001,1969,769,1200,0,0.2308473053532488,0.2308473053532488
3,108,0,8000000,192.24404932272935,0,7000000000,377001,384001,321001,63000,0,7000,0.7,0,0.7
3,109,0,9000000,179.1801975665838,0,3000000000,384001,387001,324001,63000,0,3000,0.3,0,0.3
3,128,1,10000000,157.49677457014792,2165332.2971274345,9000000000,385619,387419,381001,6418,4618,1800,0,1.3854686433023926,1.3854686433023926
3,111,0,4000000,168.02141440899732,0,4000000000,387001,391001,330001,61000,0,4000,0.39999999999999997,0,0.39999999999999997
3,112,0,10000000,170.17000029382382,0,3000000000,391001,394001,333001,61000,0,3000,0.3,0,0.3
3,132,1,4000000,168.9269765312811,1642090.9791934246,8000000000,395437,397037,393001,4036,2436,1600,0,0.7307755874704492,0.7307755874704492
3,133,1,6000000,157.261765219649,2178110.7848846638,8000000000,399759,401359,396001,5358,2755,1600,0,0.8264042455927302,0.8264042455927302
3,134,1,5000000,150.8983850145521,2562539.6806992996,2000000000,401359,401759,399001,2758,1951,400,0,0.5853567893202966,0.5853567893202966
3,118,0,3000000,140.01474565202057,0,9000000000,394001,403001,351001,52000,0,9000,0.8999999999999999,0,0.8999999999999999
3,119,0,5000000,121.96279965628864,0,2000000000,403001,405001,354001,51000,0,2000,0.19999999999999998,0,0.19999999999999998
3,135,1,9000000,150.43888626282765,2593432.6666670474,3000000000,405471,406071,402001,4070,3470,600,0,1.0410912281250424,1.0410912281250424
3,121,0,3000000,117.07509086052421,0,8000000000,405001,413001,360001,53000,0,8000,0.7999999999999999,0,0.7999999999999999
3,138,1,6000000,158.68586956625975,2102081.397823813,5000000000,413855,414855,411001,3854,2854,1000,0,0.856294148201614,0.856294148201614
3,122,0,7000000,113.4960937653803,0,3000000000,413001,416001,363001,53000,0,3000,0.3,0,0.3
3,139,1,2000000,169.95015416291918,1603334.3852551198,10000000000,415248,417248,414001,3247,1247,2000,0,0.37422012870043264,0.37422012870043264
3,129,0,4000000,177.72506632436517,0,9000000000,416001,425001,384001,41000,0,9000,0.8999999999999999,0,0.8999999999999999
3,130,0,6000000,183.1157123242023,0,5000000000,425001,430001,387001,43000,0,5000,0.49999999999999994,0,0.49999999999999994
3,131,0,5000000,182.28370552520596,0,6000000000,430001,436001,390001,46000,0,6000,0.6,0,0.6
3,143,1,10000000,215.29211086335698,626823.1962155562,4000000000,441954,442754,426001,16753,15953,800,0,4.786038580117159,4.786038580117159
3,144,1,10000000,216.15270643690772,616942.3726874882,2000000000,445210,445610,429001,16609,16209,400,0,4.8626908003280365,4.8626908003280365
3,136,0,3000000,149.10231151796407,0,10000000000,436001,446001,405001,41000,0,10000,0.9999999999999999,0,0.9999999999999999
3,150,1,4000000,179.7373263960494,1284459.3396708178,2000000000,450115,450515,447001,3514,3114,400,0,0.9342452212676011,0.9342452212676011
3,137,0,4000000,151.7041357379554,0,6000000000,446001,452001,408001,44000,0,6000,0.6,0,0.6
3,140,0,5000000,179.3210096447151,0,3000000000,452001,455001,417001,38000,0,3000,0.3,0,0.3
3,151,1,9000000,186.55685085249482,1108054.598667504,8000000000,458123,459723,450001,9722,8122,1600,0,2.4367030318243317,2.4367030318243317
3,153,1,3000000,218.3773362782869,592285.8813169926,6000000000,461066,462266,456001,6265,5065,1200,0,1.5195364745125812,1.5195364745125812
3,141,0,10000000,186.22416599356808,0,8000000000,455001,463001,420001,43000,0,8000,0.7999999999999999,0,0.7999999999999999
3,152,1,8000000,200.04123674882635,839725.638955373,3000000000,462528,463128,453001,10127,9527,600,0,2.8580763628768366,2.8580763628768366
3,142,0,9000000,204.002906842035,0,2000000000,463001,465001,423001,42000,0,2000,0.19999999999999998,0,0.19999999999999998
3,145,0,2000000,219.16974654363224,0,9000000000,465001,474001,432001,42000,0,9000,0.8999999999999999,0,0.8999999999999999
3,158,1,5000000,189.4850519170312,1041613.6260519349,2000000000,475801,476201,471001,5200,4800,400,0,1.440073327079546,1.440073327079546
3,159,1,2000000,189.4850519170312,1041613.6260519349,2000000000,476201,476601,474001,2600,1920,400,0,0.5760293308318184,0.5760293308318184
3,156,1,9000000,203.1347897333197,790002.1367230697,10000000000,476601,478601,465001,13600,11392,2000,0,3.417712275057388,3.417712275057388
3,146,0,9000000,200.71438538380852,0,10000000000,474001,484001,435001,49000,0,10000,0.9999999999999999,0,0.9999999999999999
3,161,1,3000000,182.01794664263193,1221815.8330142573,8000000000,482456,484056,480001,4055,2455,1600,0,0.7366085589017719,0.7366085589017719
3,147,0,8000000,185.47660175882027,0,4000000000,484001,488001,438001,50000,0,4000,0.39999999999999997,0,0.39999999999999997
3,148,0,3000000,178.98539856647523,0,5000000000,488001,493001,441001,52000,0,5000,0.49999999999999994,0,0.49999999999999994
3,163,1,9000000,179.21638457462532,1299324.8347950566,7000000000,493267,494667,486001,8666,6927,1400,0,2.0780023037317474,2.0780023037317474
3,149,0,4000000,175.9304322736689,0,4000000000,493001,497001,444001,53000,0,4000,0.39999999999999997,0,0.39999999999999997
3,165,1,3000000,201.6094405031669,814047.0884738668,9000000000,496574,498374,492001,6373,3685,1800,0,1.1055871493715101,1.1055871493715101
3,154,0,2000000,240.35584141018913,0,10000000000,497001,507001,459001,48000,0,10000,0.9999999999999999,0,0.9999999999999999
3,169,1,2000000,246.98979614550876,362525.03444165195,6000000000,509518,510718,504001,6717,5517,1200,0,1.6550581146046879,1.6550581146046879
3,166,1,8000000,220.23139876048552,572669.1924354084,10000000000,508971,510971,495001,15970,13970,2000,0,4.190901189905894,4.190901189905894
3,155,0,5000000,222.477017464726,0,9000000000,507001,516001,462001,54000,0,9000,0.8999999999999999,0,0.8999999999999999
3,171,1,5000000,209.07455536243523,704399.2895853791,4000000000,517099,517899,510001,7898,7098,800,0,2.1294740386278987,2.1294740386278987
3,157,0,8000000,190.3524583502929,0,6000000000,516001,522001,468001,54000,0,6000,0.6,0,0.6
3,172,1,8000000,211.0736328867251,678213.8407083884,5000000000,524797,525797,513001,12796,11796,1000,0,3.538706903258154,3.538706903258154
3,160,0,9000000,187.97340902372335,0,5000000000,522001,527001,477001,50000,0,5000,0.49999999999999994,0,0.49999999999999994
3,162,0,8000000,177.4040613965757,0,3000000000,527001,530001,483001,47000,0,3000,0.3,0,0.3
3,173,1,6000000,211.11727167619418,677655.8813527265,9000000000,529381,531181,516001,15180,8854,1800,0,2.6562154177823514,2.6562154177823514
3,164,0,6000000,187.60172333963243,0,10000000000,530001,540001,489001,51000,0,10000,0.9999999999999999,0,0.9999999999999999
3,167,0,2000000,242.44559245323478,0,5000000000,540001,545001,498001,47000,0,5000,0.49999999999999994,0,0.49999999999999994
3,178,1,5000000,204.0092399868202,776616.3295723706,6000000000,547781,548981,531001,17980,6438,1200,0,1.931455653045497,1.931455653045497
3,168,0,9000000,228.1211472003418,0,4000000000,545001,549001,501001,48000,0,4000,0.39999999999999997,0,0.39999999999999997
3,180,1,6000000,167.73422131455467,1688750.707391182,10000000000,551781,553781,537001,16780,3553,2000,0,1.065876681574084,1.065876681574084
3,170,0,5000000,230.7653936360476,0,5000000000,549001,554001,507001,47000,0,5000,0.49999999999999994,0,0.49999999999999994
3,181,1,2000000,163.38859752136926,1873300.4417541225,8000000000,553781,555381,540001,15380,1068,1600,0,0.3202903210966905,0.3202903210966905
3,186,1,4000000,196.51949343512973,901171.9168702166,6000000000,559440,560640,555001,5639,4439,1200,0,1.3315994179752269,1.3315994179752269
3,174,0,6000000,191.81554942183385,0,8000000000,554001,562001,519001,43000,0,8000,0.7999999999999999,0,0.7999999999999999
3,185,1,9000000,197.7894216079313,878388.5726001408,9000000000,562922,564722,552001,12721,10246,1800,0,3.073810480033523,3.073810480033523
3,188,1,6000000,187.4802442925654,1086547.7879164116,7000000000,567922,569322,561001,8321,5522,1400,0,1.6566229484040644,1.6566229484040644
3,187,1,8000000,196.51949343512973,901171.9168702166,2000000000,569322,569722,558001,11721,8877,400,0,2.6631988359504537,2.6631988359504537
3,175,0,2000000,174.8087083071092,0,10000000000,562001,572001,522001,50000,0,10000,0.9999999999999999,0,0.9999999999999999
3,190,1,2000000,129.6925017107774,4628896.45669315,4000000000,571322,572122,567001,5121,432,800,0,0.12962052740074373,0.12962052740074373
3,192,1,4000000,76.71459900175452,31210369.70159309,5000000000,577122,578122,573001,5121,128,1000,0,0.038448759546053944,0.038448759546053944
3,193,1,6000000,66.86548960412986,47727650.18198131,9000000000,578122,579922,576001,3921,126,1800,0,0.037713987450393206,0.037713987450393206
3,176,0,9000000,209.03731532910575,0,8000000000,572001,580001,525001,55000,0,8000,0.7999999999999999,0,0.7999999999999999
3,177,0,6000000,218.29599744383773,0,2000000000,580001,582001,528001,54000,0,2000,0.19999999999999998,0,0.19999999999999998
3,194,1,10000000,40.86196887082166,147481348.988186,9000000000,582122,583922,579001,4921,68,1800,0,0.020341555190414723,0.020341555190414723
3,179,0,8000000,184.41052030727533,0,4000000000,582001,586001,534001,52000,0,4000,0.39999999999999997,0,0.39999999999999997
3,182,0,8000000,162.21524589261026,0,4000000000,586001,590001,543001,47000,0,4000,0.39999999999999997,0,0.39999999999999997
3,198,1,5000000,76.99576936429689,30841373.460804384,6000000000,591722,592922,591001,1921,162,1200,0,0.04863596629074631,0.04863596629074631
3,199,1,8000000,106.40173870759821,9848428.651962018,4000000000,595767,596567,594001,2566,812,800,0,0.24369369823498377,0.24369369823498377
3,183,0,10000000,180.12350790499278,0,8000000000,590001,598001,546001,52000,0,8000,0.7999999999999999,0,0.7999999999999999
3,200,1,3000000,124.568404501302,5409153.259052273,8000000000,597967,599567,597001,2566,555,1600,0,0.16638463672550613,0.16638463672550613
3,184,0,3000000,213.40207801237548,0,9000000000,598001,607001,549001,58000,0,9000,0.8999999999999999,0,0.8999999999999999
3,202,1,10000000,139.610262158625,3475147.254488757,6000000000,610367,611567,603001,8566,2878,1200,0,0.863272770995525,0.863272770995525
3,189,0,4000000,162.22449876637006,0,6000000000,607001,613001,564001,49000,0,6000,0.6,0,0.6
3,191,0,7000000,100.05718065186525,0,4000000000,613001,617001,570001,47000,0,4000,0.39999999999999997,0,0.39999999999999997
3,205,1,2000000,132.48734430125768,4261444.706450418,4000000000,619167,619967,612001,7966,469,800,0,0.1407973214088167,0.1407973214088167
3,206,1,4000000,142.9945331122837,3164514.6867894316,9000000000,619967,621767,615001,6766,1264,1800,0,0.3792050657908192,0.3792050657908192
3,195,0,9000000,11.678171945985355,0,7000000000,617001,624001,582001,42000,0,7000,0.7,0,0.7
3,207,1,7000000,153.99232773096196,2365961.962484496,4000000000,627167,627967,618001,9966,2959,800,0,0.8875882340030481,0.8875882340030481
3,208,1,2000000,148.27229039844227,2745459.001401001,4000000000,627967,628767,621001,7766,728,800,0,0.21854269165695844,0.21854269165695844
3,196,0,5000000,18.30014480817022,0,7000000000,624001,631001,585001,46000,0,7000,0.7,0,0.7
3,209,1,10000000,137.30171521142773,3708767.66717246,7000000000,629767,631167,624001,7166,2696,1400,0,0.808894023358217,0.808894023358217
3,210,1,8000000,130.20178339792432,4559124.674259513,3000000000,632167,632767,627001,5766,1755,600,0,0.5264168390810249,0.5264168390810249
3,211,1,2000000,127.67331475292714,4918744.325285411,3000000000,632767,633367,630001,3366,407,600,0,0.1219823516574395,0.1219823516574395
3,197,0,3000000,47.59721105274971,0,4000000000,631001,635001,588001,47000,0,4000,0.39999999999999997,0,0.39999999999999997
3,201,0,7000000,128.94595030476918,0,6000000000,635001,641001,600001,41000,0,6000,0.6,0,0.6
3,213,1,10000000,162.93115754821113,1894151.8873803504,2000000000,641280,641680,636001,5679,5279,400,0,1.583822300622924,1.583822300622924
3,203,0,7000000,124.71072969075274,0,7000000000,641001,648001,606001,42000,0,7000,0.7,0,0.7
3,216,1,5000000,173.3880252497271,1481163.624342614,3000000000,648377,648977,645001,3976,3376,600,0,1.012717282106996,1.012717282106996
3,218,1,9000000,160.9340759441579,1988628.4652330112,8000000000,655527,657127,651001,6126,4526,1600,0,1.357719678262594,1.357719678262594
3,204,0,9000000,126.18963863962841,0,10000000000,648001,658001,609001,49000,0,10000,0.9999999999999999,0,0.9999999999999999
3,219,1,5000000,163.35406484076236,1874864.575128957,6000000000,657127,658327,654001,4326,2667,1200,0,0.8000577854519583,0.8000577854519583
3,220,1,6000000,171.39836201084304,1550399.4999606356,9000000000,662327,664127,657001,7126,3870,1800,0,1.160991086520411,1.160991086520411
3,212,0,9000000,142.88687868380356,0,7000000000,658001,665001,633001,32000,0,7000,0.7,0,0.7
3,214,0,3000000,169.33958928732525,0,5000000000,665001,670001,639001,31000,0,5000,0.49999999999999994,0,0.49999999999999994
3,222,1,4000000,198.26487258210918,870043.5461356237,7000000000,669727,671127,663001,8126,4597,1400,0,1.3792413096216936,1.3792413096216936
3,224,1,4000000,176.8836976660088,1368573.8906146407,6000000000,672062,673262,669001,4261,2923,1200,0,0.8768251449405247,0.8768251449405247
3,225,1,2000000,159.29879158361499,2070372.7386814915,8000000000,673262,674862,672001,2861,966,1600,0,0.2898028885282307,0.2898028885282307
3,223,1,8000000,197.62763394829176,881250.9540532904,7000000000,676062,677462,666001,11461,9078,1400,0,2.7234013069276846,2.7234013069276846
3,215,0,2000000,173.19181071863645,0,10000000000,670001,680001,642001,38000,0,10000,0.9999999999999999,0,0.9999999999999999
3,226,1,4000000,149.85363125396728,2633450.3669000254,10000000000,681062,683062,675001,8061,1519,2000,0,0.45567595086767626,0.45567595086767626
3,217,0,6000000,164.43354554348085,0,7000000000,680001,687001,648001,39000,0,7000,0.7,0,0.7
3,230,1,10000000,146.6802484999258,2864234.247880683,5000000000,693662,694662,687001,7661,3491,1000,0,1.0474003661606146,1.0474003661606146
3,221,0,4000000,182.52373790825126,0,10000000000,687001,697001,660001,37000,0,10000,0.9999999999999999,0,0.9999999999999999
3,231,1,9000000,159.62429013154608,2053774.4841021863,6000000000,696862,698062,690001,8061,4382,1200,0,1.314652616876927,1.314652616876927
3,233,1,4000000,135.70115585358886,3882154.0879047113,7000000000,697542,698942,696001,2941,1030,1400,0,0.309106741470859,0.309106741470859
3,234,1,9000000,115.4712518335191,7232626.542180702,5000000000,700245,701245,699001,2244,1244,1000,0,0.373308366504698,0.373308366504698
3,227,0,5000000,145.63609614377884,0,8000000000,697001,705001,678001,27000,0,8000,0.7999999999999999,0,0.7999999999999999
3,228,0,9000000,139.65659347127155,0,2000000000,705001,707001,681001,26000,0,2000,0.19999999999999998,0,0.19999999999999998
3,237,1,7000000,98.28872773619563,13205981.168351868,4000000000,711282,712082,708001,4081,530,800,0,0.15901885465599858,0.15901885465599858
3,238,1,4000000,110.74916026769688,8472833.09743969,2000000000,712882,713282,711001,2281,472,400,0,0.14162913233386062,0.14162913233386062
3,229,0,2000000,139.64230770078242,0,9000000000,707001,716001,684001,32000,0,9000,0.8999999999999999,0,0.8999999999999999
3,240,1,10000000,143.15964969222304,3150254.1014788663,10000000000,720175,722175,717001,5174,3174,2000,0,0.9523041327338229,0.9523041327338229
3,232,0,2000000,159.54114829723395,0,8000000000,716001,724001,693001,31000,0,8000,0.7999999999999999,0,0.7999999999999999
3,241,1,5000000,162.18696433437557,1928693.2181762755,10000000000,724375,726375,720001,6374,2592,2000,0,0.7777286640839453,0.7777286640839453
3,235,0,9000000,100.93785910152836,0,4000000000,724001,728001,702001,26000,0,4000,0.39999999999999997,0,0.39999999999999997
3,236,0,8000000,94.7591325414073,0,10000000000,728001,738001,705001,33000,0,10000,0.9999999999999999,0,0.9999999999999999
3,247,1,6000000,121.31295272970642,5989124.298671012,9000000000,739003,740803,738001,2802,1002,1800,0,0.3005447725303381,0.3005447725303381
3,239,0,2000000,128.2689600020208,0,6000000000,738001,744001,714001,30000,0,6000,0.6,0,0.6
3,249,1,6000000,72.95464687050439,36641483.746174306,6000000000,744165,745365,744001,1364,164,1200,0,0.04912464823938621,0.04912464823938621
3,242,0,9000000,179.79154624175186,0,7000000000,744001,751001,723001,28000,0,7000,0.7,0,0.7
3,253,1,9000000,21.535628618640352,323111456.7532471,8000000000,756029,757629,756001,1628,28,1600,0,0.00835624965803032,0.00835624965803032
3,254,1,3000000,46.3662506571321,116912536.49245355,6000000000,759027,760227,759001,1226,26,1200,0,0.007698062389212581,0.007698062389212581
3,243,0,3000000,196.86753008050874,0,10000000000,751001,761001,726001,35000,0,10000,0.9999999999999999,0,0.9999999999999999
3,244,0,6000000,194.9758459399523,0,3000000000,761001,764001,729001,35000,0,3000,0.3,0,0.3
3,245,0,10000000,170.996623650878,0,3000000000,764001,767001,732001,35000,0,3000,0.3,0,0.3
3,256,1,10000000,96.1092029932618,14329647.773102397,9000000000,765699,767499,765001,2498,698,1800,0,0.20935615777180364,0.20935615777180364
3,257,1,9000000,119.34217192593744,6377218.57837977,9000000000,769412,771212,768001,3211,1411,1800,0,0.42338206959905966,0.42338206959905966
3,246,0,9000000,146.1482931819596,0,10000000000,767001,777001,735001,42000,0,10000,0.9999999999999999,0,0.9999999999999999
3,248,0,10000000,96.96907806099837,0,6000000000,777001,783001,741001,42000,0,6000,0.6,0,0.6
3,261,1,3000000,153.50102703239477,2395898.0752782067,3000000000,782438,783038,780001,3037,1252,600,0,0.3756420230420252,0.3756420230420252
3,262,1,7000000,169.46653769992463,1621509.9342933972,2000000000,787318,787718,783001,4717,4317,400,0,1.2950891977822594,1.2950891977822594
3,263,1,3000000,186.6519370378996,1105815.6216779673,8000000000,788714,790314,786001,4313,2713,1600,0,0.8138788983956818,0.8138788983956818
3,250,0,5000000,48.287419686705135,0,10000000000,783001,793001,747001,46000,0,10000,0.9999999999999999,0,0.9999999999999999
3,251,0,3000000,24.062445844094874,0,3000000000,793001,796001,750001,46000,0,3000,0.3,0,0.3
3,264,1,5000000,205.99902524041224,747194.9559172604,6000000000,795738,796938,789001,7937,6692,1200,0,2.0075081986582637,2.0075081986582637
3,252,0,9000000,3.611993909186394,0,3000000000,796001,799001,753001,46000,0,3000,0.3,0,0.3
3,255,0,6000000,71.23475907167796,0,5000000000,799001,804001,762001,42000,0,5000,0.49999999999999994,0,0.49999999999999994
3,258,0,10000000,124.02617344738168,0,10000000000,804001,814001,771001,43000,0,10000,0.9999999999999999,0,0.9999999999999999
3,259,0,7000000,130.06235504557034,0,2000000000,814001,816001,774001,42000,0,2000,0.19999999999999998,0,0.19999999999999998
3,273,1,2000000,188.10812635290367,1072219.948496212,5000000000,817866,818866,816001,2865,1865,1000,0,0.5595866788726508,0.5595866788726508
3,260,0,8000000,140.08565415487772,0,6000000000,816001,822001,777001,45000,0,6000,0.6,0,0.6
3,270,1,9000000,215.43569620654793,625160.9982787829,7000000000,821397,822797,807001,15796,14396,1400,0,4.3188874664826225,4.3188874664826225
3,274,1,8000000,188.91611498228525,1054126.4023623595,2000000000,826590,826990,819001,7989,7589,400,0,2.276766803887521,2.276766803887521
3,265,0,6000000,223.08912142908264,0,9000000000,822001,831001,792001,39000,0,9000,0.8999999999999999,0,0.8999999999999999
3,275,1,10000000,195.69025243992104,916446.9714864749,6000000000,832913,834113,822001,12112,10912,1200,0,3.2735118270225794,3.2735118270225794
3,277,1,5000000,224.24032844249933,532948.9463762149,10000000000,837383,839383,828001,11382,9382,2000,0,2.814528502587812,2.814528502587812
3,266,0,10000000,212.99275950135026,0,9000000000,831001,840001,795001,45000,0,9000,0.8999999999999999,0,0.8999999999999999
3,267,0,3000000,200.16198490222865,0,8000000000,840001,848001,798001,50000,0,8000,0.7999999999999999,0,0.7999999999999999
3,281,1,3000000,202.25234238445793,803803.0316475955,3000000000,847459,848059,840001,8058,3732,600,0,1.1196772897897944,1.1196772897897944
3,282,1,7000000,192.84657580574267,971338.9077302935,7000000000,850259,851659,843001,8658,7207,1400,0,2.1619642570552684,2.1619642570552684
3,283,1,5000000,186.86977952574352,1100707.308300294,7000000000,851659,853059,846001,7058,4543,1400,0,1.3627600986099488,1.3627600986099488
3,268,0,2000000,191.58182403349227,0,6000000000,848001,854001,801001,53000,0,6000,0.6,0,0.6
3,284,1,2000000,186.87296781503744,1100632.7625408557,6000000000,853059,854259,849001,5258,1817,1200,0,0.5451409592922488,0.5451409592922488
3,269,0,4000000,187.81536465369385,0,9000000000,854001,863001,804001,59000,0,9000,0.8999999999999999,0,0.8999999999999999
3,271,0,7000000,204.04271636105995,0,4000000000,863001,867001,810001,57000,0,4000,0.39999999999999997,0,0.39999999999999997
3,289,1,10000000,131.28870933937915,4414480.674081487,8000000000,866763,868363,864001,4362,2265,1600,0,0.6795816363210616,0.6795816363210616
3,272,0,8000000,193.3417828613359,0,3000000000,867001,870001,813001,57000,0,3000,0.3,0,0.3
3,276,0,3000000,207.74860697487227,0,5000000000,870001,875001,825001,50000,0,5000,0.49999999999999994,0,0.49999999999999994
3,278,0,5000000,244.47507562121743,0,6000000000,875001,881001,831001,50000,0,6000,0.6,0,0.6
3,294,1,7000000,160.37415034848982,2016159.837560984,4000000000,882473,883273,879001,4272,3472,800,0,1.0415840851886229,1.0415840851886229
3,295,1,5000000,140.95868969311547,3347062.1721190712,3000000000,883495,884095,882001,2094,1494,600,0,0.44815420893431723,0.44815420893431723
3,293,1,10000000,180.04861149145248,1275677.4488826075,9000000000,884095,885895,876001,9894,7839,1800,0,2.3516916463701403,2.3516916463701403
3,279,0,8000000,234.11876580060803,0,5000000000,881001,886001,834001,52000,0,5000,0.49999999999999994,0,0.49999999999999994
3,296,1,2000000,124.3000024135157,5454296.539207274,3000000000,885895,886495,885001,1494,367,600,0,0.11000502002173938,0.11000502002173938
3,280,0,2000000,215.55462254379984,0,2000000000,886001,888001,837001,51000,0,2000,0.19999999999999998,0,0.19999999999999998
3,297,1,6000000,111.70841910975197,8201250.656879019,7000000000,888733,890133,888001,2132,732,1400,0,0.21947872041811106,0.21947872041811106
3,285,0,10000000,192.82952315452104,0,6000000000,888001,894001,852001,42000,0,6000,0.6,0,0.6
3,286,0,9000000,192.17207107173508,0,7000000000,894001,901001,855001,46000,0,7000,0.7,0,0.7
3,287,0,2000000,168.09835037858042,0,6000000000,901001,907001,858001,49000,0,6000,0.6,0,0.6
3,302,1,9000000,118.88129583748646,6472354.444586503,2000000000,908095,908495,903001,5494,1391,400,0,0.41715885974976047,0.41715885974976047
3,288,0,8000000,144.49894117259134,0,10000000000,907001,917001,861001,56000,0,10000,0.9999999999999999,0,0.9999999999999999
3,290,0,4000000,148.45785462547957,0,4000000000,917001,921001,867001,54000,0,4000,0.39999999999999997,0,0.39999999999999997
3,304,1,10000000,160.5536483546855,2007282.8085826107,10000000000,922895,924895,909001,15894,4982,2000,0,1.494557711137062,1.494557711137062
3,291,0,5000000,168.62343846571272,0,4000000000,921001,925001,870001,55000,0,4000,0.39999999999999997,0,0.39999999999999997
3,292,0,5000000,190.46053895754898,0,6000000000,925001,931001,873001,58000,0,6000,0.6,0,0.6
3,306,1,8000000,189.62566202916742,1038549.6848107313,8000000000,934695,936295,915001,21294,7703,1600,0,2.310914956791291,2.310914956791291
3,298,0,4000000,104.65240083247011,0,9000000000,931001,940001,891001,49000,0,9000,0.8999999999999999,0,0.8999999999999999
3,299,0,5000000,104.83569811853218,0,8000000000,940001,948001,894001,54000,0,8000,0.7999999999999999,0,0.7999999999999999
3,309,1,7000000,226.7316369631729,509989.4538653318,2000000000,954095,954495,924001,30494,13726,400,0,4.117732208153716,4.117732208153716
3,300,0,10000000,128.9208846541165,0,7000000000,948001,955001,897001,58000,0,7000,0.7,0,0.7
3,313,1,8000000,161.6496124338069,1954120.6569102888,7000000000,956495,957895,936001,21894,4094,1400,0,1.228173906003687,1.228173906003687
3,314,1,8000000,149.39275116283255,2665502.2019429887,2000000000,959495,959895,939001,20894,3001,400,0,0.9003931785351917,0.9003931785351917
3,301,0,4000000,155.68079714595495,0,6000000000,955001,961001,900001,61000,0,6000,0.6,0,0.6
3,316,1,8000000,152.90901248781904,2432596.387574665,5000000000,965495,966495,945001,21494,3289,1000,0,0.9866001660854377,0.9866001660854377
3,317,1,3000000,141.47577213077864,3299492.9243473527,6000000000,966495,967695,948001,19694,909,1200,0,0.27276918624640545,0.27276918624640545
3,303,0,3000000,132.82092380344307,0,9000000000,961001,970001,906001,64000,0,9000,0.8999999999999999,0,0.8999999999999999
3,319,1,7000000,144.69918382630914,3021033.44916304,4000000000,972095,972895,954001,18894,2317,800,0,0.6951263649801007,0.6951263649801007
3,305,0,2000000,184.5808475980106,0,6000000000,970001,976001,912001,64000,0,6000,0.6,0,0.6
3,323,1,3000000,194.62697140941182,936508.010975398,4000000000,979695,980495,966001,14494,3203,800,0,0.9610168727362258,0.9610168727362258
3,307,0,6000000,198.85353026788337,0,7000000000,976001,983001,918001,65000,0,7000,0.7,0,0.7
3,324,1,4000000,212.75949332520986,657068.3546904402,9000000000,982095,983895,969001,14894,6088,1800,0,1.826294009495172,1.826294009495172
3,308,0,9000000,211.66403615163344,0,5000000000,983001,988001,921001,67000,0,5000,0.49999999999999994,0,0.49999999999999994
3,328,1,4000000,210.68229280126982,683243.141727938,7000000000,987726,989126,981001,8125,5854,1400,0,1.7563293748769608,1.7563293748769608
3,325,1,8000000,231.18150185514406,471967.3483728785,2000000000,989576,989976,972001,17975,16950,400,0,5.085097535399581,5.085097535399581
3,329,1,6000000,193.9192099818891,950165.0705015409,8000000000,992326,993926,984001,9925,6315,1600,0,1.8944076728161319,1.8944076728161319
3,330,1,4000000,185.4132209417656,1135430.489374655,10000000000,993926,995926,987001,8925,3523,2000,0,1.0568678675001117,1.0568678675001117
3,310,0,7000000,215.4054493275414,0,9000000000,988001,997001,927001,70000,0,9000,0.8999999999999999,0,0.8999999999999999
4,1,0,6000000,218.64258917237515,0,7000000000,1,7001,1,7000,0,7000,0.7,0,0.7
4,2,1,4000000,213.06791640225893,653289.2305637868,5000000000,9124,10124,3001,7123,6123,1000,0,1.8368586896257317,1.8368586896257317
4,3,0,8000000,199.3570989455856,0,4000000000,7001,11001,6001,5000,0,4000,0.39999999999999997,0,0.39999999999999997
4,4,1,7000000,186.87452902950687,1100596.2618966282,3000000000,15361,15961,9001,6960,6360,600,0,1.9080566350290213,1.9080566350290213
4,5,0,3000000,179.05946386605765,0,6000000000,12001,18001,12001,6000,0,6000,0.6,0,0.6
4,6,0,10000000,176.58283155505242,0,3000000000,18001,21001,15001,6000,0,3000,0.3,0,0.3
4,7,1,8000000,179.66557377527843,1286494.2553212661,8000000000,24219,25819,18001,7818,6218,1600,0,1.865534952894653,1.865534952894653
4,9,0,10000000,200.92013263981295,0,2000000000,24001,26001,24001,2000,0,2000,0.19999999999999998,0,0.19999999999999998
4,8,1,8000000,187.98747006117193,1074954.9092548408,7000000000,28443,29843,21001,8842,7442,1400,0,2.2326517878444605,2.2326517878444605
4,11,0,6000000,236.91927443751803,0,3000000000,30001,33001,30001,3000,0,3000,0.3,0,0.3
4,10,1,4000000,217.52034433588042,601636.149393401,7000000000,33650,35050,27001,8049,6649,1400,0,1.9945610003818732,1.9945610003818732
4,12,0,9000000,227.95178481424534,0,3000000000,33001,36001,33001,3000,0,3000,0.3,0,0.3
4,14,0,6000000,193.67189780657384,0,3000000000,39001,42001,39001,3000,0,3000,0.3,0,0.3
4,13,1,5000000,209.16567237479478,703178.6453187951,2000000000,44434,44834,36001,8833,7111,400,0,2.133170581879596,2.133170581879596
4,15,0,8000000,182.45492292618474,0,10000000000,42001,52001,42001,10000,0,10000,0.9999999999999999,0,0.9999999999999999
4,16,0,8000000,176.2890467385878,0,5000000000,52001,57001,45001,12000,0,5000,0.49999999999999994,0,0.49999999999999994
4,19,1,4000000,190.5755671643141,1018142.1412914365,4000000000,57930,58730,54001,4729,3929,800,0,1.1786173573739818,1.1786173573739818
4,17,0,9000000,175.60692839406988,0,10000000000,57001,67001,48001,19000,0,10000,0.9999999999999999,0,0.9999999999999999
4,21,1,7000000,223.61109543133145,538950.6567571157,6000000000,73614,74814,60001,14813,12988,1200,0,3.8964606011165674,3.8964606011165674
4,25,1,4000000,187.67957187717582,1081973.5965448571,3000000000,75928,76528,72001,4527,3697,600,0,1.1090843656740283,1.1090843656740283
4,18,0,3000000,180.47075885029133,0,10000000000,67001,77001,51001,26000,0,10000,0.9999999999999999,0,0.9999999999999999
4,20,0,4000000,205.36544840844087,0,3000000000,77001,80001,57001,23000,0,3000,0.3,0,0.3
4,22,0,9000000,240.62795057931234,0,3000000000,80001,83001,63001,20000,0,3000,0.3,0,0.3
4,29,1,4000000,140.25455892768687,3413206.6176127344,4000000000,85173,85973,84001,1972,1172,800,0,0.3515755518015795,0.3515755518015795
4,23,0,9000000,223.17800070795514,0,10000000000,83001,93001,66001,27000,0,10000,0.9999999999999999,0,0.9999999999999999
4,31,1,7000000,139.3392137913804,3501618.52104618,10000000000,92000,94000,90001,3999,1999,2000,0,0.599722667497367,0.599722667497367
4,24,0,4000000,205.6257576277836,0,3000000000,93001,96001,69001,27000,0,3000,0.3,0,0.3
4,32,1,3000000,142.60337478475043,3198616.8863390135,7000000000,96000,97400,93001,4399,938,1400,0,0.28137161528903754,0.28137161528903754
4,33,1,2000000,160.39771725308316,2014991.570849923,8000000000,97400,99000,96001,2999,993,1600,0,0.29776799500303625,0.29776799500303625
4,26,0,10000000,171.5400944385889,0,8000000000,96001,104001,75001,29000,0,8000,0.7999999999999999,0,0.7999999999999999
4,36,1,4000000,100.04840678391639,12374345.425771752,3000000000,105324,105924,105001,923,323,600,0,0.0969748264421962,0.0969748264421962
4,27,0,7000000,158.39679321248897,0,5000000000,104001,109001,78001,31000,0,5000,0.49999999999999994,0,0.49999999999999994
4,37,1,5000000,151.13302815731578,2546939.7265242687,4000000000,109964,110764,108001,2763,1963,800,0,0.588942087784309,0.588942087784309
4,39,1,2000000,146.4108004895814,2884960.1300060297,4000000000,114694,115494,114001,1493,693,800,0,0.2079751445295523,0.2079751445295523
4,28,0,7000000,147.46926798489235,0,9000000000,109001,118001,81001,37000,0,9000,0.8999999999999999,0,0.8999999999999999
4,41,1,6000000,85.5271114910354,21670286.71156559,3000000000,120430,121030,120001,1029,277,600,0,0.08306304498681721,0.08306304498681721
4,30,0,6000000,137.39902255838652,0,5000000000,118001,123001,87001,36000,0,5000,0.49999999999999994,0,0.49999999999999994
4,42,1,4000000,69.23449429294621,43039778.64598587,8000000000,123094,124694,123001,1693,93,1600,0,0.027881184284666825,0.027881184284666825
4,34,0,4000000,149.69513552550728,0,7000000000,123001,130001,99001,31000,0,7000,0.7,0,0.7
4,35,0,4000000,124.81518577480873,0,3000000000,130001,133001,102001,31000,0,3000,0.3,0,0.3
4,46,1,5000000,130.6768510486842,4495199.836413303,8000000000,136183,137783,135001,2782,1112,1600,0,0.333689280696549,0.333689280696549
4,47,1,6000000,164.46658019184326,1825277.6981273775,7000000000,141288,142688,138001,4687,3287,1400,0,0.9861513137681401,0.9861513137681401
4,38,0,3000000,161.62960279602254,0,10000000000,133001,143001,111001,32000,0,10000,0.9999999999999999,0,0.9999999999999999
4,40,0,6000000,115.7632592837641,0,6000000000,143001,149001,117001,32000,0,6000,0.6,0,0.6
4,48,1,7000000,189.22027190552288,1047413.8717605296,8000000000,148888,150488,141001,9487,6683,1600,0,2.004938121041157,2.004938121041157
4,43,0,3000000,73.38480769205574,0,3000000000,149001,152001,126001,26000,0,3000,0.3,0,0.3
4,50,1,5000000,190.65249854119403,1016511.3058772117,3000000000,154014,154614,147001,7613,4919,600,0,1.475635333642999,1.475635333642999
4,51,1,7000000,166.80610300585525,1726200.8466513674,9000000000,154614,156414,150001,6413,4055,1800,0,1.2165444154854634,1.2165444154854634
4,52,1,6000000,139.33666602872339,3501868.518307796,3000000000,156414,157014,153001,4013,1713,600,0,0.5140113029914133,0.5140113029914133
4,53,1,4000000,113.41044043649593,7744812.068182341,7000000000,157014,158414,156001,2413,516,1400,0,0.1549424297756566,0.1549424297756566
4,44,0,6000000,92.88830281580134,0,9000000000,152001,161001,129001,32000,0,9000,0.8999999999999999,0,0.8999999999999999
4,54,1,4000000,91.39421535305179,17169615.857642155,8000000000,161214,162814,159001,3813,233,1600,0,0.06989090553624022,0.06989090553624022
4,45,0,10000000,109.39957769571146,0,2000000000,161001,163001,132001,31000,0,2000,0.19999999999999998,0,0.19999999999999998
4,49,0,9000000,218.26073398575377,0,4000000000,163001,167001,144001,23000,0,4000,0.39999999999999997,0,0.39999999999999997
4,55,0,8000000,78.19628763566723,0,7000000000,167001,174001,162001,12000,0,7000,0.7,0,0.7
4,56,0,5000000,68.80335020912864,0,4000000000,174001,178001,165001,13000,0,4000,0.39999999999999997,0,0.39999999999999997
4,57,0,6000000,72.20562374219894,0,8000000000,178001,186001,168001,18000,0,8000,0.7999999999999999,0,0.7999999999999999
4,63,1,10000000,136.7228561726239,3770352.86616931,7000000000,191623,193023,186001,7022,2652,1400,0,0.7956814936125618,0.7956814936125618
4,58,0,6000000,85.84191167489224,0,8000000000,186001,194001,171001,23000,0,8000,0.7999999999999999,0,0.7999999999999999
4,59,0,7000000,92.26065900480006,0,7000000000,194001,201001,174001,27000,0,7000,0.7,0,0.7
4,65,1,7000000,136.7228561726239,3770352.86616931,7000000000,204023,205423,192001,13422,1857,1400,0,0.5569770455287932,0.5569770455287932
4,66,1,10000000,136.7228561726239,3770352.86616931,8000000000,207423,209023,195001,14022,2652,1600,0,0.7956814936125618,0.7956814936125618
4,60,0,5000000,114.77240260620147,0,9000000000,201001,210001,177001,33000,0,9000,0.8999999999999999,0,0.8999999999999999
4,61,0,2000000,135.79848784136,0,2000000000,210001,212001,180001,32000,0,2000,0.19999999999999998,0,0.19999999999999998
4,71,1,2000000,188.3723326287595,1066261.2650066663,6000000000,211877,213077,210001,3076,1876,1200,0,0.56271386731492,0.56271386731492
4,67,1,6000000,144.45870863329768,3040780.5996291046,7000000000,214023,215423,198001,17422,1973,1400,0,0.5919532636519559,0.5919532636519559
4,62,0,3000000,136.7228561726239,0,7000000000,212001,219001,183001,36000,0,7000,0.7,0,0.7
4,73,1,2000000,183.3665891049948,1186555.9019437665,9000000000,219024,220824,216001,4823,1686,1800,0,0.5056651768510063,0.5056651768510063
4,68,1,5000000,157.61006313049938,2159205.4812231823,2000000000,223823,224223,201001,23222,2316,400,0,0.6946999778595668,0.6946999778595668
4,64,0,6000000,136.7228561726239,0,7000000000,219001,226001,189001,37000,0,7000,0.7,0,0.7
4,75,1,7000000,161.2359872981215,1973976.948197538,5000000000,226224,227224,222001,5223,3546,1000,0,1.063842210476437,1.063842210476437
4,76,1,6000000,154.68384918924147,2324606.1309041213,4000000000,227582,228382,225001,3381,2581,800,0,0.7743247236898221,0.7743247236898221
4,78,1,2000000,169.27700759406164,1628702.6916871634,9000000000,232229,234029,231001,3028,1228,1800,0,0.36839136022944957,0.36839136022944957
4,77,1,10000000,157.6211740217665,2158605.7446328886,7000000000,234029,235429,228001,7428,4633,1400,0,1.3897859798896284,1.3897859798896284
4,69,0,4000000,178.05766734403772,0,10000000000,226001,236001,204001,32000,0,10000,0.9999999999999999,0,0.9999999999999999
4,70,1,8000000,203.71433773792165,781098.7922629876,7000000000,237423,238823,207001,31822,10242,1400,0,3.072594688114619,3.072594688114619
4,80,1,6000000,135.10668266225767,3949083.6492886343,3000000000,239278,239878,237001,2877,1519,600,0,0.4558019428948389,0.4558019428948389
4,72,0,7000000,185.66820837181578,0,9000000000,236001,245001,213001,32000,0,9000,0.8999999999999999,0,0.8999999999999999
4,74,0,3000000,173.85181304777925,0,7000000000,245001,252001,219001,33000,0,7000,0.7,0,0.7
4,79,0,6000000,159.73429500266997,0,7000000000,252001,259001,234001,25000,0,7000,0.7,0,0.7
4,85,1,9000000,177.1318345188126,1360993.0088696587,2000000000,259098,259498,252001,7497,6613,400,0,1.9838456056746556,1.9838456056746556
4,81,0,8000000,124.6586804037328,0,10000000000,259001,269001,240001,29000,0,10000,0.9999999999999999,0,0.9999999999999999
4,82,0,4000000,130.13376579504646,0,9000000000,269001,278001,243001,35000,0,9000,0.8999999999999999,0,0.8999999999999999
4,83,0,8000000,142.34388571343695,0,2000000000,278001,280001,246001,34000,0,2000,0.19999999999999998,0,0.19999999999999998
4,84,0,4000000,156.57318320836427,0,4000000000,280001,284001,249001,35000,0,4000,0.39999999999999997,0,0.39999999999999997
4,90,1,9000000,208.80390082563113,708040.7050412463,3000000000,288379,288979,267001,21978,12711,600,0,3.813340081687414,3.813340081687414
4,86,0,5000000,200.47425695086142,0,6000000000,284001,290001,255001,35000,0,6000,0.6,0,0.6
4,87,0,6000000,222.78491892406004,0,6000000000,290001,296001,258001,38000,0,6000,0.6,0,0.6
4,88,0,10000000,237.99515163128848,0,4000000000,296001,300001,261001,39000,0,4000,0.39999999999999997,0,0.39999999999999997
4,95,1,8000000,192.84230370953364,971424.407102114,8000000000,301579,303179,282001,21178,8235,1600,0,2.470598826273589,2.470598826273589
4,89,0,9000000,224.7863690262379,0,8000000000,300001,308001,264001,44000,0,8000,0.7999999999999999,0,0.7999999999999999
4,91,0,6000000,196.39657252610087,0,3000000000,308001,311001,270001,41000,0,3000,0.3,0,0.3
4,98,1,4000000,187.0848930298756,1095691.7701546056,8000000000,310579,312179,291001,21178,3651,1600,0,1.095198515391492,1.095198515391492
4,99,1,6000000,159.72275010154314,2048786.1989093574,5000000000,312179,313179,294001,19178,2929,1000,0,0.8785689795051357,0.8785689795051357
4,97,1,7000000,208.12056722006113,717339.2856297331,6000000000,313979,315179,288001,27178,9758,1200,0,2.9274850019631447,2.9274850019631447
4,92,0,7000000,190.9989931910637,0,5000000000,311001,316001,273001,43000,0,5000,0.49999999999999994,0,0.49999999999999994
4,102,1,5000000,84.99378094896117,22142995.415482864,4000000000,319779,320579,303001,17578,226,800,0,0.06774151246724133,0.06774151246724133
4,103,1,5000000,67.33852537737968,46750325.56823316,6000000000,320579,321779,306001,15778,107,1200,0,0.032085338054185654,0.032085338054185654
4,93,0,9000000,200.03459300830943,0,7000000000,316001,323001,276001,47000,0,7000,0.7,0,0.7
4,94,0,10000000,192.2539367607332,0,6000000000,323001,329001,279001,50000,0,6000,0.6,0,0.6
4,104,1,8000000,69.68469846386654,42205404.462326445,10000000000,327379,329379,309001,20378,190,2000,0,0.056864755369002505,0.056864755369002505
4,96,0,10000000,200.25798585824236,0,3000000000,329001,332001,285001,47000,0,3000,0.3,0,0.3
4,106,1,5000000,113.04096956413636,7841227.808034533,3000000000,334379,334979,315001,19978,638,600,0,0.1912965720066214,0.1912965720066214
4,100,0,6000000,134.58048484085649,0,10000000000,332001,342001,297001,45000,0,10000,0.9999999999999999,0,0.9999999999999999
4,108,1,8000000,169.03846574078932,1637811.864852851,4000000000,344379,345179,321001,24178,4885,800,0,1.4653697726238097,1.4653697726238097
4,110,1,6000000,174.0341161956471,1459510.6694019756,3000000000,346579,347179,327001,20178,4111,600,0,1.233290059289212,1.233290059289212
4,101,0,3000000,109.98609957626464,0,7000000000,342001,349001,300001,49000,0,7000,0.7,0,0.7
4,105,0,5000000,88.13506056048296,0,10000000000,349001,359001,312001,47000,0,10000,0.9999999999999999,0,0.9999999999999999
4,107,0,7000000,141.00304819400182,0,4000000000,359001,363001,318001,45000,0,4000,0.39999999999999997,0,0.39999999999999997
4,114,1,4000000,196.53424561638104,900903.0560114225,10000000000,363223,365223,339001,26222,4440,2000,0,1.331996813633614,1.331996813633614
4,109,0,10000000,174.0341161956471,0,3000000000,363001,366001,324001,42000,0,3000,0.3,0,0.3
4,115,1,3000000,168.71608725904002,1650223.2363721454,8000000000,365223,366823,342001,24822,1818,1600,0,0.5453807582897464,0.5453807582897464
4,117,1,2000000,165.12607062484105,1796650.272861033,8000000000,366823,368423,348001,20422,1113,1600,0,0.3339548097162751,0.3339548097162751
4,111,0,9000000,174.0341161956471,0,3000000000,366001,369001,330001,39000,0,3000,0.3,0,0.3
4,116,1,10000000,165.12607062484105,1796650.272861033,5000000000,368423,369423,345001,24422,5566,1000,0,1.6697740485813755,1.6697740485813755
4,113,1,6000000,208.5287136103803,711767.1894171286,8000000000,369979,371579,336001,35578,8430,1600,0,2.528916795777048,2.528916795777048
4,118,1,6000000,164.02476398397897,1844773.1699464065,7000000000,370223,371623,351001,20622,3252,1400,0,0.9757297153515588,0.9757297153515588
4,122,1,9000000,85.84064887918775,21397791.61411442,4000000000,371623,372423,363001,9422,421,800,0,0.12618124564868766,0.12618124564868766
4,112,0,8000000,183.05062960831356,0,5000000000,369001,374001,333001,41000,0,5000,0.49999999999999994,0,0.49999999999999994
4,124,1,6000000,73.5898471258094,35655612.05956116,8000000000,372423,374023,369001,5022,168,1600,0,0.05048293651482346,0.05048293651482346
4,125,1,5000000,66.00694811911845,49556454.54189991,10000000000,374023,376023,372001,4022,101,2000,0,0.030268509195542876,0.030268509195542876
4,127,1,3000000,77.24027770535265,30524419.85540571,5000000000,378099,379099,378001,1098,98,1000,0,0.029484589855050588,0.029484589855050588
4,119,0,10000000,149.7822502835366,0,6000000000,374001,380001,354001,26000,0,6000,0.6,0,0.6
4,120,0,6000000,126.0344528293752,0,4000000000,380001,384001,357001,27000,0,4000,0.39999999999999997,0,0.39999999999999997
4,121,0,2000000,104.66140883821507,0,3000000000,384001,387001,360001,27000,0,3000,0.3,0,0.3
4,123,0,9000000,77.73622064391861,0,3000000000,387001,390001,366001,24000,0,3000,0.3,0,0.3
4,126,0,6000000,66.97865704834634,0,2000000000,390001,392001,375001,17000,0,2000,0.19999999999999998,0,0.19999999999999998
4,131,1,7000000,149.14319193312178,2683059.0693922406,4000000000,392610,393410,390001,3409,2609,800,0,0.7826886943922879,0.7826886943922879
4,128,0,6000000,87.83643036918113,0,3000000000,392001,395001,381001,14000,0,3000,0.3,0,0.3
4,129,0,10000000,104.87553098792874,0,3000000000,395001,398001,384001,14000,0,3000,0.3,0,0.3
4,130,0,9000000,126.30831524488005,0,8000000000,398001,406001,387001,19000,0,8000,0.7999999999999999,0,0.7999999999999999
4,135,1,3000000,193.18410390091623,964613.316486437,3000000000,405474,406074,402001,4073,3110,600,0,0.9330163544478235,0.9330163544478235
4,132,0,10000000,171.2728948199335,0,5000000000,406001,411001,393001,18000,0,5000,0.49999999999999994,0,0.49999999999999994
4,133,0,9000000,195.55164151701717,0,2000000000,411001,413001,396001,17000,0,2000,0.19999999999999998,0,0.19999999999999998
4,134,0,6000000,215.89313212791188,0,4000000000,413001,417001,399001,18000,0,4000,0.39999999999999997,0,0.39999999999999997
4,136,0,8000000,195.9243080886085,0,3000000000,417001,420001,405001,15000,0,3000,0.3,0,0.3
4,137,1,9000000,212.7990437008588,656582.2213601718,3000000000,422780,423380,408001,15379,13707,600,0,4.112203943638157,4.112203943638157
4,142,1,4000000,177.80874247347907,1340576.4516689077,7000000000,425985,427385,423001,4384,2984,1400,0,0.8951373108979339,0.8951373108979339
4,138,0,3000000,233.02734345994674,0,9000000000,420001,429001,411001,18000,0,9000,0.8999999999999999,0,0.8999999999999999
4,143,1,7000000,163.4057137923886,1872525.7722756895,2000000000,429739,430139,426001,4138,3738,400,0,1.1214798915412842,1.1214798915412842
4,144,1,9000000,150.8992438682182,2562482.3657399933,9000000000,432513,434313,429001,5312,3512,1800,0,1.053665787557642,1.053665787557642
4,139,0,10000000,230.5856066626883,0,10000000000,429001,439001,414001,25000,0,10000,0.9999999999999999,0,0.9999999999999999
4,146,1,6000000,137.69326054676748,3667812.1210063407,8000000000,437833,439433,435001,4432,1636,1600,0,0.49075578045315266,0.49075578045315266
4,140,0,9000000,214.5642095038219,0,4000000000,439001,443001,417001,26000,0,4000,0.39999999999999997,0,0.39999999999999997
4,148,1,5000000,140.64673263179628,3376169.9637570195,5000000000,442482,443482,441001,2481,1481,1000,0,0.44429042853363704,0.44429042853363704
4,149,1,10000000,155.76936316233687,2261476.7598597696,2000000000,448423,448823,444001,4822,4422,400,0,1.3265668050402715,1.3265668050402715
4,141,0,4000000,195.36960689933323,0,8000000000,443001,451001,420001,31000,0,8000,0.7999999999999999,0,0.7999999999999999
4,151,1,9000000,127.84251327316747,4893618.166389808,5000000000,452903,453903,450001,3902,1839,1000,0,0.5517390013270863,0.5517390013270863
4,145,0,2000000,142.08099274709477,0,10000000000,451001,461001,432001,29000,0,10000,0.9999999999999999,0,0.9999999999999999
4,156,1,9000000,122.75831947367153,5722702.158256515,8000000000,467137,468737,465001,3736,1573,1600,0,0.47180508880835853,0.47180508880835853
4,147,0,10000000,138.36489222342493,0,9000000000,461001,470001,438001,32000,0,9000,0.8999999999999999,0,0.8999999999999999
4,158,1,6000000,73.12728697278465,36370633.44248837,9000000000,471166,472966,471001,1965,165,1800,0,0.04949047705881389,0.04949047705881389
4,150,0,6000000,153.61595001821914,0,10000000000,470001,480001,447001,33000,0,10000,0.9999999999999999,0,0.9999999999999999
4,162,1,4000000,111.98894811542793,8123824.230383025,8000000000,483493,485093,483001,2092,492,1600,0,0.14771368335518775,0.14771368335518775
4,152,0,3000000,102.17229614724337,0,7000000000,480001,487001,453001,34000,0,7000,0.7,0,0.7
4,164,1,7000000,163.81263931699533,1854225.0949536185,6000000000,492776,493976,489001,4975,3775,1200,0,1.1325485809221718,1.1325485809221718
4,153,0,6000000,76.74338017053981,0,7000000000,487001,494001,456001,38000,0,7000,0.7,0,0.7
4,165,1,9000000,187.16523849262177,1093825.7500060566,5000000000,500229,501229,492001,9228,8228,1000,0,2.46840047419349,2.46840047419349
4,167,1,5000000,178.51417534750567,1319703.062535796,4000000000,501790,502590,498001,4589,3789,800,0,1.1366193218630296,1.1366193218630296
4,154,0,8000000,160.7056769376863,0,10000000000,494001,504001,459001,45000,0,10000,0.9999999999999999,0,0.9999999999999999
4,155,0,6000000,149.51650209926663,0,2000000000,504001,506001,462001,44000,0,2000,0.19999999999999998,0,0.19999999999999998
4,168,1,5000000,180.4898058063114,1263358.0945823812,7000000000,504959,506359,501001,5358,3958,1400,0,1.1873118211158047,1.1873118211158047
4,169,1,10000000,188.5916575567435,1061346.0734271158,2000000000,513423,513823,504001,9822,9422,400,0,2.826599235735538,2.826599235735538
4,157,0,4000000,96.13915799506466,0,10000000000,506001,516001,468001,48000,0,10000,0.9999999999999999,0,0.9999999999999999
4,170,1,7000000,202.2565820931423,803736.0104646782,3000000000,515710,516310,507001,9309,8709,600,0,2.6127981982366197,2.6127981982366197
4,172,1,3000000,241.84127356594863,394308.919910155,8000000000,520609,522209,513001,9208,7608,1600,0,2.282474360978364,2.282474360978364
4,175,1,2000000,193.43708693009205,959610.3529008377,2000000000,524085,524485,522001,2484,2084,400,0,0.6252537795014823,0.6252537795014823
4,159,0,10000000,68.9805661037948,0,9000000000,516001,525001,474001,51000,0,9000,0.8999999999999999,0,0.8999999999999999
4,160,0,8000000,79.39424790247719,0,2000000000,525001,527001,477001,50000,0,2000,0.19999999999999998,0,0.19999999999999998
4,174,1,7000000,208.27719270241758,715194.5970729045,2000000000,535161,535561,519001,16560,9788,400,0,2.9362637925324444,2.9362637925324444
4,161,0,7000000,99.28369705042212,0,9000000000,527001,536001,480001,56000,0,9000,0.8999999999999999,0,0.8999999999999999
4,173,1,8000000,226.94719319700786,508061.44222518615,4000000000,537161,537961,516001,21960,15746,800,0,4.723838104085563,4.723838104085563
4,163,0,10000000,133.92681284940673,0,9000000000,536001,545001,486001,59000,0,9000,0.8999999999999999,0,0.8999999999999999
4,177,1,9000000,179.81847541340125,1282162.7608589542,10000000000,544361,546361,528001,18360,7019,2000,0,2.1058168919140967,2.1058168919140967
4,179,1,6000000,143.57898523112635,3114392.261872298,7000000000,546361,547761,534001,13760,1927,1400,0,0.5779618778393326,0.5779618778393326
4,178,1,8000000,170.3512621027505,1588451.2974195315,8000000000,547761,549361,531001,18360,5036,1600,0,1.5109056248050188,1.5109056248050188
4,166,0,4000000,182.87649958373544,0,5000000000,545001,550001,495001,55000,0,5000,0.49999999999999994,0,0.49999999999999994
4,180,1,4000000,116.75144196111673,6935101.490113337,10000000000,550961,552961,537001,15960,577,2000,0,0.17303279580128958,0.17303279580128958
4,181,1,9000000,90.03981397137605,18103824.292455405,3000000000,552961,553561,540001,13560,497,600,0,0.14913975944437327,0.14913975944437327
4,182,1,4000000,158.01476671501308,2137493.160470621,9000000000,554561,556361,543001,13360,1871,1800,0,0.5614053051452996,0.5614053051452996
4,171,0,5000000,220.36255058425877,0,7000000000,550001,557001,510001,47000,0,7000,0.7,0,0.7
4,183,1,6000000,134.295085911585,4042765.54840649,8000000000,557361,558961,546001,12960,1484,1600,0,0.4452397692736582,0.4452397692736582
4,176,0,4000000,183.6905781470569,0,3000000000,557001,560001,525001,35000,0,3000,0.3,0,0.3
4,187,1,3000000,85.10917988090355,22039720.239355586,4000000000,563961,564761,558001,6760,136,800,0,0.04083536407113282,0.04083536407113282
4,188,1,2000000,98.40136686042527,13150799.924123218,10000000000,564761,566761,561001,5760,152,2000,0,0.04562460104798551,0.04562460104798551
4,184,0,6000000,108.52520306362017,0,7000000000,560001,567001,549001,18000,0,7000,0.7,0,0.7
4,185,0,6000000,84.78587264397298,0,4000000000,567001,571001,552001,19000,0,4000,0.39999999999999997,0,0.39999999999999997
4,189,1,6000000,116.06747175673297,7092171.7745892815,7000000000,569761,571161,564001,7160,846,1400,0,0.2538009593125289,0.2538009593125289
4,190,1,10000000,135.11240357568954,3948432.819888349,2000000000,576161,576561,567001,9560,2533,400,0,0.759795122988779,0.759795122988779
4,186,0,7000000,78.44476528105615,0,9000000000,571001,580001,555001,25000,0,9000,0.8999999999999999,0,0.8999999999999999
4,193,1,7000000,165.80893854071923,1767592.7404885623,4000000000,580671,581471,576001,5470,3960,800,0,1.1880564747168856,1.1880564747168856
4,191,1,10000000,156.83323021604832,2201653.5049717417,8000000000,581161,582761,570001,12760,4542,1600,0,1.362612233589638,1.362612233589638
4,194,1,7000000,143.3944019130454,3130115.5426875,2000000000,583071,583471,579001,4470,2236,400,0,0.6709017515043395,0.6709017515043395
4,195,1,4000000,122.39493821232962,5788299.034605727,5000000000,585871,586871,582001,4870,691,1000,0,0.2073147902044661,0.2073147902044661
4,192,1,8000000,179.7684824990187,1283576.9938935072,8000000000,586961,588561,573001,15560,6233,1600,0,1.869774864630456,1.869774864630456
4,198,1,5000000,79.79233171176293,27424190.254711334,5000000000,591183,592183,591001,1182,182,1000,0,0.05469623664612332,0.05469623664612332
4,196,0,4000000,104.80898100830868,0,8000000000,585001,593001,585001,8000,0,8000,0.7999999999999999,0,0.7999999999999999
4,199,1,3000000,77.98709957422449,29578508.316726983,10000000000,595803,597803,594001,3802,101,2000,0,0.030427497910401377,0.030427497910401377
4,197,0,9000000,89.44959753962007,0,7000000000,593001,600001,588001,12000,0,7000,0.7,0,0.7
4,201,1,10000000,97.45430980721171,13623409.70398062,3000000000,600735,601335,600001,1334,734,600,0,0.2202091888290955,0.2202091888290955
4,200,0,9000000,84.52126359680153,0,8000000000,600001,608001,597001,11000,0,8000,0.7999999999999999,0,0.7999999999999999
4,203,1,8000000,127.98075636594746,4873205.555195946,4000000000,607745,608545,606001,2544,1642,800,0,0.4924889731854331,0.4924889731854331
4,204,1,5000000,149.467953086941,2660239.5006876444,7000000000,610881,612281,609001,3280,1880,1400,0,0.563859005782098,0.563859005782098
4,202,0,5000000,109.40365258984731,0,6000000000,608001,614001,603001,11000,0,6000,0.6,0,0.6
4,205,1,3000000,172.190684126639,1522356.6181555777,4000000000,614281,615081,612001,3080,1971,800,0,0.591188680278082,0.591188680278082
4,207,0,3000000,154.98340362761428,0,3000000000,618001,621001,618001,3000,0,3000,0.3,0,0.3
4,206,1,9000000,171.29244495890646,1554196.703175071,6000000000,621474,622674,615001,7673,5791,1200,0,1.7372318410431355,1.7372318410431355
4,208,0,5000000,145.19722896804885,0,4000000000,621001,625001,621001,4000,0,4000,0.39999999999999997,0,0.39999999999999997
4,209,1,4000000,138.92039231156812,3543012.041517594,6000000000,625130,626330,624001,2329,1129,1200,0,0.3386948692068229,0.3386948692068229
4,210,1,6000000,151.53682390759022,2520367.8972726464,10000000000,631085,633085,627001,6084,2381,2000,0,0.7141814502350333,0.7141814502350333
4,211,1,3000000,143.93127283533622,3084653.101981655,5000000000,633085,634085,630001,4084,973,1000,0,0.2917670059631076,0.2917670059631076
4,212,0,7000000,138.05591982961104,0,5000000000,633001,638001,633001,5000,0,5000,0.49999999999999994,0,0.49999999999999994
4,213,1,4000000,135.4706233838171,3907942.0175010925,10000000000,637485,639485,636001,3484,1024,2000,0,0.3070669919425601,0.3070669919425601
4,214,1,9000000,142.32281089129742,3223356.6633241293,9000000000,642485,644285,639001,5284,2792,1800,0,0.83763612966602,0.83763612966602
4,215,1,9000000,153.50999250863123,2395347.601996398,3000000000,647485,648085,642001,6084,3757,600,0,1.1271850472765164,1.1271850472765164
4,216,0,3000000,170.37294738308657,0,10000000000,645001,655001,645001,10000,0,10000,0.9999999999999999,0,0.9999999999999999
4,218,1,5000000,213.76301948653327,644870.9486765029,5000000000,658754,659754,651001,8753,7753,1000,0,2.3260467897933936,2.3260467897933936
4,217,0,4000000,191.47814757825498,0,8000000000,655001,663001,648001,15000,0,8000,0.7999999999999999,0,0.7999999999999999
4,219,1,6000000,234.5297859547908,445668.0507680772,4000000000,668754,669554,654001,15553,13463,800,0,4.038880500627828,4.038880500627828
4,220,0,3000000,230.13088210842102,0,8000000000,663001,671001,657001,14000,0,8000,0.7999999999999999,0,0.7999999999999999
4,222,1,10000000,192.6370060502395,975544.1875850671,9000000000,673252,675052,663001,12051,10251,1800,0,3.075206677645651,3.075206677645651
4,225,1,2000000,167.7727093421335,1687219.580070946,6000000000,674862,676062,672001,4061,1185,1200,0,0.3556146497391706,0.3556146497391706
4,221,0,9000000,207.20458923489127,0,7000000000,671001,678001,660001,18000,0,7000,0.7,0,0.7
4,223,1,8000000,216.42956845126312,613804.9608617746,3000000000,679034,679634,666001,13633,13033,600,0,3.910036824450603,3.910036824450603
4,224,1,9000000,191.88451735353735,990831.8621071909,4000000000,683062,683862,669001,14861,9083,800,0,2.7249830200836906,2.7249830200836906
4,226,0,3000000,139.9200378787827,0,9000000000,678001,687001,675001,12000,0,9000,0.8999999999999999,0,0.8999999999999999
4,227,1,3000000,113.45820904632684,7732451.602067928,7000000000,685662,687062,678001,9061,388,1400,0,0.11639258107471485,0.11639258107471485
4,230,1,10000000,68.65964535300193,44130728.271459445,6000000000,690262,691462,687001,4461,227,1200,0,0.06797984346748663,0.06797984346748663
4,228,0,2000000,91.34028081848668,0,8000000000,687001,695001,681001,14000,0,8000,0.7999999999999999,0,0.7999999999999999
4,232,1,8000000,85.09866332675263,22049109.055002365,3000000000,694662,695262,693001,2261,363,600,0,0.10884793548859983,0.10884793548859983
4,233,1,4000000,94.01411649321605,15517576.791618967,6000000000,698062,699262,696001,3261,258,1200,0,0.0773316617739001,0.0773316617739001
4,229,0,2000000,77.83028330926211,0,5000000000,695001,700001,684001,16000,0,5000,0.49999999999999994,0,0.49999999999999994
4,231,0,7000000,72.87422109360759,0,6000000000,700001,706001,690001,16000,0,6000,0.6,0,0.6
4,234,0,2000000,117.6430167923281,0,7000000000,706001,713001,699001,14000,0,7000,0.7,0,0.7
4,237,1,10000000,136.7228561726239,3770352.86616931,8000000000,713462,715062,708001,7061,2652,1600,0,0.7956814936125618,0.7956814936125618
4,235,0,2000000,136.51533613480942,0,3000000000,713001,716001,702001,14000,0,3000,0.3,0,0.3
4,236,0,6000000,136.7228561726239,0,2000000000,716001,718001,705001,13000,0,2000,0.19999999999999998,0,0.19999999999999998
4,238,0,7000000,136.7228561726239,0,7000000000,718001,725001,711001,14000,0,7000,0.7,0,0.7
4,239,0,2000000,136.7228561726239,0,5000000000,725001,730001,714001,16000,0,5000,0.49999999999999994,0,0.49999999999999994
4,242,1,10000000,136.7228561726239,3770352.86616931,3000000000,733462,734062,723001,11061,2652,600,0,0.7956814936125618,0.7956814936125618
4,244,1,2000000,159.78143603059777,2045820.1310281465,6000000000,736062,737262,729001,8261,978,1200,0,0.2932809150228003,0.2932809150228003
4,240,0,2000000,136.7228561726239,0,8000000000,730001,738001,717001,21000,0,8000,0.7999999999999999,0,0.7999999999999999
4,241,0,10000000,136.7228561726239,0,8000000000,738001,746001,720001,26000,0,8000,0.7999999999999999,0,0.7999999999999999
4,248,1,4000000,195.39467572070637,921969.49620686,4000000000,747750,748550,741001,7549,4339,800,0,1.301561499525749,1.301561499525749
4,250,1,8000000,150.6327308389515,2580344.2641821653,2000000000,750150,750550,747001,3549,3100,400,0,0.9301084484401833,0.9301084484401833
4,243,0,3000000,140.610658557593,0,6000000000,746001,752001,726001,26000,0,6000,0.6,0,0.6
4,245,0,3000000,193.92234554068287,0,8000000000,752001,760001,732001,28000,0,8000,0.7999999999999999,0,0.7999999999999999
4,254,1,8000000,89.64512981751994,18387099.525923338,10000000000,759436,761436,759001,2435,435,2000,0,0.1305262962554982,0.1305262962554982
4,246,0,10000000,207.57209879942917,0,3000000000,760001,763001,735001,28000,0,3000,0.3,0,0.3
4,247,0,9000000,196.51949343512973,0,4000000000,763001,767001,738001,29000,0,4000,0.39999999999999997,0,0.39999999999999997
4,249,0,5000000,180.77631620320182,0,5000000000,767001,772001,744001,28000,0,5000,0.49999999999999994,0,0.49999999999999994
4,258,1,8000000,101.20800363607614,11860263.98225225,10000000000,771676,773676,771001,2675,675,2000,0,0.2023563728085117,0.2023563728085117
4,259,1,5000000,92.61292026493929,16376768.814477505,5000000000,774306,775306,774001,1305,305,1000,0,0.09159315961485391,0.09159315961485391
4,260,1,5000000,88.44038217918327,19284123.032158397,5000000000,777260,778260,777001,1259,259,1000,0,0.07778419570848957,0.07778419570848957
4,251,0,6000000,120.03767950106335,0,7000000000,772001,779001,750001,29000,0,7000,0.7,0,0.7
4,252,0,10000000,100.85107634527259,0,3000000000,779001,782001,753001,29000,0,3000,0.3,0,0.3
4,253,0,4000000,90.03930086356732,0,2000000000,782001,784001,756001,28000,0,2000,0.19999999999999998,0,0.19999999999999998
4,261,1,2000000,92.40596571650558,16508339.47921408,8000000000,783569,785169,780001,5168,121,1600,0,0.03634526663056995,0.03634526663056995
4,262,1,3000000,103.58509641835546,10883818.356656875,6000000000,786569,787769,783001,4768,276,1200,0,0.08269156747269055,0.08269156747269055
4,255,0,3000000,99.80073997721658,0,7000000000,784001,791001,762001,29000,0,7000,0.7,0,0.7
4,265,1,10000000,158.13381200742617,2131157.932754336,7000000000,796693,798093,792001,6092,4692,1400,0,1.4076854436230173,1.4076854436230173
4,256,0,5000000,117.81762389388102,0,8000000000,791001,799001,765001,34000,0,8000,0.7999999999999999,0,0.7999999999999999
4,266,1,5000000,160.91816802337766,1989404.1967405712,9000000000,798093,799893,795001,4892,2513,1800,0,0.753994589162721,0.753994589162721
4,257,0,5000000,140.69515734381196,0,3000000000,799001,802001,768001,34000,0,3000,0.3,0,0.3
4,263,0,10000000,119.97801465268543,0,6000000000,802001,808001,786001,22000,0,6000,0.6,0,0.6
4,267,1,10000000,164.78093093559093,1811562.1940513125,4000000000,808093,808893,798001,10892,5520,800,0,1.6560292601883615,1.6560292601883615
4,264,0,8000000,139.75567895438093,0,3000000000,808001,811001,789001,22000,0,3000,0.3,0,0.3
4,268,1,8000000,173.11177545158503,1490543.5297476358,4000000000,812893,813693,801001,12692,5367,800,0,1.6101508960334385,1.6101508960334385
4,269,0,9000000,173.91563155737322,0,7000000000,811001,818001,804001,14000,0,7000,0.7,0,0.7
4,273,1,2000000,173.91563155737322,1463451.9418703753,9000000000,820093,821893,816001,5892,1367,1800,0,0.4099895478857787,0.4099895478857787
4,270,0,4000000,173.91563155737322,0,5000000000,818001,823001,807001,16000,0,5000,0.49999999999999994,0,0.49999999999999994
4,274,1,2000000,174.3564395140025,1448855.448767584,5000000000,824093,825093,819001,6092,1380,1000,0,0.41411998727020566,0.41411998727020566
4,271,0,5000000,173.91563155737322,0,5000000000,823001,828001,810001,18000,0,5000,0.49999999999999994,0,0.49999999999999994
4,275,1,4000000,179.69519331356642,1285653.7550866418,6000000000,827493,828693,822001,6692,3111,1200,0,0.9333772761540533,0.9333772761540533
4,276,1,7000000,194.21231783797853,944479.3379774485,7000000000,832412,833812,825001,8811,7411,1400,0,2.223447264073597,2.223447264073597
4,272,0,7000000,173.91563155737322,0,7000000000,828001,835001,813001,22000,0,7000,0.7,0,0.7
4,277,1,5000000,200.5368148246102,831503.1264141763,5000000000,834014,835014,828001,7013,6013,1000,0,1.8039619483677585,1.8039619483677585
4,278,1,7000000,177.67259693042143,1344652.0572611664,9000000000,837014,838814,831001,7813,5206,1800,0,1.5617423025234887,1.5617423025234887
4,279,0,3000000,158.52240220233858,0,8000000000,835001,843001,834001,9000,0,8000,0.7999999999999999,0,0.7999999999999999
4,280,0,4000000,143.30553827399692,0,2000000000,843001,845001,837001,8000,0,2000,0.19999999999999998,0,0.19999999999999998
4,281,0,6000000,119.90544316251868,0,3000000000,845001,848001,840001,8000,0,3000,0.3,0,0.3
4,282,0,10000000,98.25201982656644,0,5000000000,848001,853001,843001,10000,0,5000,0.49999999999999994,0,0.49999999999999994
4,283,0,2000000,79.78921230341855,0,3000000000,853001,856001,846001,10000,0,3000,0.3,0,0.3
4,286,1,8000000,65.18114144443925,51384446.04009389,10000000000,855157,857157,855001,2156,156,2000,0,0.04670674075433926,0.04670674075433926
4,288,1,6000000,80.99326206543361,26088630.769407883,2000000000,862487,862887,861001,1886,230,400,0,0.06899557189910942,0.06899557189910942
4,284,0,6000000,77.51102760252891,0,9000000000,856001,865001,849001,16000,0,9000,0.8999999999999999,0,0.8999999999999999
4,289,1,10000000,96.75895204062512,13983235.906155398,2000000000,865448,865848,864001,1847,715,400,0,0.2145426151810401,0.2145426151810401
4,285,0,6000000,69.90656621519896,0,8000000000,865001,873001,852001,21000,0,8000,0.7999999999999999,0,0.7999999999999999
4,291,1,7000000,141.67473486828908,3281411.552013708,6000000000,872134,873334,870001,3333,2133,1200,0,0.6399684912157058,0.6399684912157058
4,287,0,4000000,71.24196305549134,0,3000000000,873001,876001,858001,18000,0,3000,0.3,0,0.3
4,290,0,2000000,118.29822526141294,0,3000000000,876001,879001,867001,12000,0,3000,0.3,0,0.3
4,292,1,10000000,164.02795981173452,1844631.2267125326,10000000000,879540,881540,873001,8539,5421,2000,0,1.626341328584437,1.626341328584437
4,293,1,6000000,189.2139331550401,1047553.2198585055,7000000000,881729,883129,876001,7128,5728,1400,0,1.718289787933761,1.718289787933761
4,295,0,8000000,197.06949535633365,0,3000000000,882001,885001,882001,3000,0,3000,0.3,0,0.3
4,298,1,4000000,111.47914064971975,8265195.048326491,4000000000,891485,892285,891001,1284,484,800,0,0.14518713629667723,0.14518713629667723
4,294,1,9000000,214.8737471167662,631697.8487888651,3000000000,893248,893848,879001,14847,14247,600,0,4.2741953374966,4.2741953374966
4,296,0,6000000,169.48030210027363,0,10000000000,885001,895001,885001,10000,0,10000,0.9999999999999999,0,0.9999999999999999
4,299,1,3000000,97.2730512526465,13716139.864676438,8000000000,894220,895820,894001,1819,219,1600,0,0.06561612880004201,0.06561612880004201
4,297,0,6000000,138.82428641992004,0,3000000000,895001,898001,888001,10000,0,3000,0.3,0,0.3
4,303,1,6000000,84.48922594035291,22601093.93634626,2000000000,906266,906666,906001,665,265,400,0,0.07964216267891817,0.07964216267891817
4,300,0,3000000,81.53438783728004,0,10000000000,898001,908001,897001,11000,0,10000,0.9999999999999999,0,0.9999999999999999
4,304,1,7000000,109.1201173019898,8959361.082518104,7000000000,909782,911182,909001,2181,781,1400,0,0.23439171394683617,0.23439171394683617
4,305,1,8000000,74.99104613218843,33581682.87756188,8000000000,912239,913839,912001,1838,238,1600,0,0.07146753212905828,0.07146753212905828
4,301,0,5000000,67.11721165245169,0,7000000000,908001,915001,900001,15000,0,7000,0.7,0,0.7
4,302,0,3000000,68.34353005222945,0,7000000000,915001,922001,903001,19000,0,7000,0.7,0,0.7
4,308,1,2000000,117.1431338150043,6847053.952615384,6000000000,921293,922493,921001,1492,292,1200,0,0.08762892831753089,0.08762892831753089
4,306,0,8000000,87.09289580671893,0,2000000000,922001,924001,915001,9000,0,2000,0.19999999999999998,0,0.19999999999999998
4,307,0,9000000,113.69983157419355,0,7000000000,924001,931001,918001,13000,0,7000,0.7,0,0.7
4,313,1,10000000,109.56238861945278,8824013.69532181,2000000000,938401,938801,936001,2800,1133,400,0,0.3399813399644311,0.3399813399644311
4,309,0,8000000,107.1349840154933,0,8000000000,931001,939001,924001,15000,0,8000,0.7999999999999999,0,0.7999999999999999
4,310,0,6000000,105.11238366624553,0,3000000000,939001,942001,927001,15000,0,3000,0.3,0,0.3
4,314,1,10000000,89.3184650562245,18625453.692535337,10000000000,941601,943601,939001,4600,537,2000,0,0.16106990194833926,0.16106990194833926
4,311,0,10000000,111.55197757099604,0,2000000000,942001,944001,930001,14000,0,2000,0.19999999999999998,0,0.19999999999999998
4,315,1,8000000,74.11202668933028,34866793.69515952,2000000000,943601,944001,942001,2000,229,400,0,0.06883340122935327,0.06883340122935327
4,312,0,7000000,124.40889759177195,0,6000000000,944001,950001,933001,17000,0,6000,0.6,0,0.6
4,316,0,5000000,73.15017429917715,0,2000000000,950001,952001,945001,7000,0,2000,0.19999999999999998,0,0.19999999999999998
4,317,0,5000000,78.84760808039775,0,3000000000,952001,955001,948001,7000,0,3000,0.3,0,0.3
4,320,1,5000000,136.10669087153647,3837295.958154101,2000000000,958304,958704,957001,1703,1303,400,0,0.39090026319511784,0.39090026319511784
4,318,0,6000000,94.10408705258239,0,6000000000,955001,961001,951001,10000,0,6000,0.6,0,0.6
4,321,1,10000000,162.33099549993523,1921947.5120236557,5000000000,965204,966204,960001,6203,5203,1000,0,1.5609167166283549,1.5609167166283549
4,319,0,9000000,111.87584949398152,0,7000000000,961001,968001,954001,14000,0,7000,0.7,0,0.7
4,322,1,6000000,186.2334956445805,1115710.913596125,8000000000,968379,969979,963001,6978,5378,1600,0,1.6133211372812473,1.6133211372812473
4,324,0,7000000,199.06094795313322,0,2000000000,969001,971001,969001,2000,0,2000,0.19999999999999998,0,0.19999999999999998
4,326,0,8000000,157.11882891620593,0,2000000000,975001,977001,975001,2000,0,2000,0.19999999999999998,0,0.19999999999999998
4,323,1,7000000,213.62449906319267,646537.7088766267,9000000000,976828,978628,966001,12627,10827,1800,0,3.2480704082191827,3.2480704082191827
4,325,1,6000000,171.64695657074725,1541532.362969072,9000000000,976874,978674,972001,6673,3892,1800,0,1.1676692901426382,1.1676692901426382
4,327,0,5000000,133.1226626085882,0,8000000000,978001,986001,978001,8000,0,8000,0.7999999999999999,0,0.7999999999999999
4,330,1,2000000,110.79229034549292,8460391.187637094,4000000000,988607,989407,987001,2406,236,800,0,0.07091870655777256,0.07091870655777256
4,328,0,4000000,109.29300114828943,0,7000000000,986001,993001,981001,12000,0,7000,0.7,0,0.7
4,332,1,9000000,159.49306599347818,2060446.12583621,4000000000,997369,998169,993001,5168,4368,800,0,1.310395824547091,1.310395824547091
5,1,1,8000000,155.6618553146531,2267633.5096717393,6000000000,3529,4729,1,4728,3528,1200,0,1.058372082509674,1.058372082509674
5,3,1,6000000,151.066658465725,2551340.289990346,4000000000,8353,9153,6001,3152,2352,800,0,0.7055115333152251,0.7055115333152251
5,2,0,3000000,148.2972420512263,0,10000000000,3001,13001,3001,10000,0,10000,0.9999999999999999,0,0.9999999999999999
5,6,1,2000000,179.0865517005674,1303062.9694130067,3000000000,17975,18575,15001,3574,1535,600,0,0.4604535729154234,0.4604535729154234
5,4,0,7000000,157.31765190213082,0,8000000000,13001,21001,9001,12000,0,8000,0.7999999999999999,0,0.7999999999999999
5,5,0,9000000,167.92416175166693,0,3000000000,21001,24001,12001,12000,0,3000,0.3,0,0.3
5,7,0,2000000,183.8661222194018,0,4000000000,24001,28001,18001,10000,0,4000,0.39999999999999997,0,0.39999999999999997
5,8,0,2000000,200.84476517947886,0,4000000000,28001,32001,21001,11000,0,4000,0.39999999999999997,0,0.39999999999999997
5,9,0,4000000,215.1743711504695,0,4000000000,32001,36001,24001,12000,0,4000,0.39999999999999997,0,0.39999999999999997
5,11,0,5000000,204.01705345387182,0,6000000000,36001,42001,30001,12000,0,6000,0.6,0,0.6
5,14,1,2000000,175.98571305648645,1396450.8320995837,9000000000,42006,43806,39001,4805,1432,1800,0,0.42966066989833895,0.42966066989833895
5,12,0,2000000,187.92640181730715,0,3000000000,42001,45001,33001,12000,0,3000,0.3,0,0.3
5,10,1,10000000,221.06210575311184,564143.0707879511,3000000000,46606,47206,27001,20205,17726,600,0,5.317799961293211,5.317799961293211
5,13,0,3000000,180.31335862880488,0,8000000000,45001,53001,36001,17000,0,8000,0.7999999999999999,0,0.7999999999999999
5,16,1,10000000,182.94408681343054,1197464.3569715659,2000000000,53352,53752,45001,8751,8351,400,0,2.505293775580191,2.505293775580191
5,15,0,5000000,178.43626985565464,0,3000000000,53001,56001,42001,14000,0,3000,0.3,0,0.3
5,21,1,2000000,233.76992813448012,451472.669695117,2000000000,65060,65460,60001,5459,4430,400,0,1.328984100865252,1.328984100865252
5,17,0,3000000,182.94408681343054,0,10000000000,56001,66001,48001,18000,0,10000,0.9999999999999999,0,0.9999999999999999
5,18,0,4000000,185.74687561302346,0,3000000000,66001,69001,51001,18000,0,3000,0.3,0,0.3
5,19,0,8000000,195.73686750328872,0,4000000000,69001,73001,54001,19000,0,4000,0.39999999999999997,0,0.39999999999999997
5,20,0,10000000,212.81338139318217,0,8000000000,73001,81001,57001,24000,0,8000,0.7999999999999999,0,0.7999999999999999
5,23,1,5000000,208.3912670914979,713637.592996784,2000000000,81219,81619,66001,15618,7006,400,0,2.101907207131617,2.101907207131617
5,22,0,5000000,228.787486545921,0,6000000000,81001,87001,63001,24000,0,6000,0.6,0,0.6
5,26,1,4000000,187.28266177091777,1091105.7061737028,7000000000,86819,88219,75001,13218,3666,1400,0,1.0998017819998105,1.0998017819998105
5,24,0,3000000,196.04863172182556,0,3000000000,87001,90001,69001,21000,0,3000,0.3,0,0.3
5,27,1,2000000,195.30505625815218,923652.1190990335,4000000000,90819,91619,78001,13618,2165,800,0,0.6495952183656153,0.6495952183656153
5,30,1,2000000,159.58143062399208,2055950.580676162,3000000000,94014,94614,87001,7613,973,600,0,0.2918358085254519,0.2918358085254519
5,25,0,6000000,192.49258401299517,0,9000000000,90001,99001,72001,27000,0,9000,0.8999999999999999,0,0.8999999999999999
5,28,0,3000000,198.7455702651005,0,7000000000,99001,106001,81001,25000,0,7000,0.7,0,0.7
5,36,1,8000000,147.3968303594077,2810003.2692111745,2000000000,108817,109217,105001,4216,2847,400,0,0.854091533022924,0.854091533022924
5,29,0,2000000,175.71379513288082,0,9000000000,106001,115001,84001,31000,0,9000,0.8999999999999999,0,0.8999999999999999
5,39,1,10000000,95.13587388572205,14867702.724552797,7000000000,115806,117206,114001,3205,673,1400,0,0.20177965995013775,0.20177965995013775
5,34,1,6000000,149.70390308873047,2643810.6698501604,3000000000,116614,117214,99001,18213,2269,600,0,0.6808354397412338,0.6808354397412338
5,31,0,7000000,147.09894153256167,0,4000000000,115001,119001,90001,29000,0,4000,0.39999999999999997,0,0.39999999999999997
5,35,1,4000000,165.82797954506955,1766790.8930677131,6000000000,121614,122814,102001,20813,2264,1200,0,0.6791975240015058,0.6791975240015058
5,41,1,2000000,111.51419371541905,8255380.042735417,6000000000,124606,125806,120001,5805,242,1200,0,0.07267987626178264,0.07267987626178264
5,32,0,8000000,139.4836312977261,0,7000000000,119001,126001,93001,33000,0,7000,0.7,0,0.7
5,43,1,8000000,143.0293050392122,3161504.938279973,5000000000,132006,133006,126001,7005,2530,1000,0,0.7591321370213414,0.7591321370213414
5,33,0,4000000,140.3430155013067,0,9000000000,126001,135001,96001,39000,0,9000,0.8999999999999999,0,0.8999999999999999
5,37,0,3000000,122.89772414491657,0,4000000000,135001,139001,108001,31000,0,4000,0.39999999999999997,0,0.39999999999999997
5,45,1,10000000,181.63702953968388,1232010.0579977746,10000000000,140997,142997,132001,10996,8117,2000,0,2.435045055456373,2.435045055456373
5,38,0,2000000,104.32204081592725,0,7000000000,139001,146001,111001,35000,0,7000,0.7,0,0.7
5,46,1,10000000,202.57666993017736,798696.1138595623,2000000000,147521,147921,135001,12920,12520,400,0,3.7561219441810145,3.7561219441810145
5,40,0,5000000,97.78735552207151,0,2000000000,146001,148001,117001,31000,0,2000,0.19999999999999998,0,0.19999999999999998
5,51,1,10000000,81.1624623825571,25906418.722376924,2000000000,150387,150787,150001,786,386,400,0,0.11580141709856331,0.11580141709856331
5,42,0,6000000,126.95716758025131,0,8000000000,148001,156001,123001,33000,0,8000,0.7999999999999999,0,0.7999999999999999
5,53,1,7000000,26.68247552233485,262379405.75132516,5000000000,156028,157028,156001,1027,27,1000,0,0.008003676942504829,0.008003676942504829
5,44,0,9000000,162.49826091377102,0,3000000000,156001,159001,129001,30000,0,3000,0.3,0,0.3
5,54,1,8000000,4.587046980356718,768507929.5071806,5000000000,159011,160011,159001,1010,10,1000,0,0.0031229345955337672,0.0031229345955337672
5,47,0,10000000,188.5728095458091,0,5000000000,159001,164001,138001,26000,0,5000,0.49999999999999994,0,0.49999999999999994
5,55,1,4000000,23.14033923692568,302646509.90344155,10000000000,162014,164014,162001,2013,13,2000,0,0.003965021768738904,0.003965021768738904
5,57,1,9000000,78.35268789263075,29127391.19691291,10000000000,168310,170310,168001,2309,309,2000,0,0.09269625218911337,0.09269625218911337
5,48,0,9000000,161.17787844490323,0,7000000000,164001,171001,141001,30000,0,7000,0.7,0,0.7
5,58,1,2000000,105.97773020781302,9996488.439328754,6000000000,173110,174310,171001,3309,200,1200,0,0.06002107676526147,0.06002107676526147
5,49,0,4000000,133.5890788949456,0,8000000000,171001,179001,144001,35000,0,8000,0.7999999999999999,0,0.7999999999999999
5,60,1,6000000,126.8735784156811,5039666.845445911,2000000000,180510,180910,177001,3909,1191,400,0,0.3571664665942289,0.3571664665942289
5,61,1,6000000,136.19206621532695,3827933.594015871,8000000000,181568,183168,180001,3167,1567,1600,0,0.4702275929796438,0.4702275929796438
5,50,0,4000000,106.02101395478164,0,9000000000,179001,188001,147001,41000,0,9000,0.8999999999999999,0,0.8999999999999999
5,63,1,3000000,167.42061193293972,1701291.190146382,9000000000,187764,189564,186001,3563,1763,1800,0,0.5290099691414746,0.5290099691414746
5,52,0,6000000,53.72365773102198,0,2000000000,188001,190001,153001,37000,0,2000,0.19999999999999998,0,0.19999999999999998
5,56,0,2000000,50.73337855889359,0,3000000000,190001,193001,165001,28000,0,3000,0.3,0,0.3
5,59,0,8000000,122.53790025947069,0,3000000000,193001,196001,174001,22000,0,3000,0.3,0,0.3
5,66,1,4000000,167.54677466307726,1696232.3962982702,9000000000,197359,199159,195001,4158,2358,1800,0,0.7074502306516428,0.7074502306516428
5,65,1,8000000,182.2501632372382,1215652.6275419577,3000000000,200559,201159,192001,9158,6581,600,0,1.974248190334426,1.974248190334426
5,62,0,4000000,150.04342038223467,0,8000000000,196001,204001,183001,21000,0,8000,0.7999999999999999,0,0.7999999999999999
5,68,1,6000000,141.1635873729483,3328112.016056152,10000000000,203289,205289,201001,4288,1803,2000,0,0.5408471804182298,0.5408471804182298
5,64,0,2000000,186.4713331855596,0,4000000000,204001,208001,189001,19000,0,4000,0.39999999999999997,0,0.39999999999999997
5,70,1,6000000,126.93840592980516,5029730.131974354,4000000000,209352,210152,207001,3151,1193,800,0,0.35787208314761687,0.35787208314761687
5,71,1,7000000,125.5052994897028,5255112.970492494,7000000000,213352,214752,210001,4751,1332,1400,0,0.3996108193661142,0.3996108193661142
5,67,0,10000000,153.08497640199712,0,7000000000,208001,215001,198001,17000,0,7000,0.7,0,0.7
5,72,1,10000000,128.6267102898928,4779196.8691164125,4000000000,217952,218752,213001,5751,2092,800,0,0.6277205317458802,0.6277205317458802
5,73,1,2000000,135.85278061195504,3865307.0370359253,3000000000,218752,219352,216001,3351,517,600,0,0.15522699600601572,0.15522699600601572
5,69,0,9000000,132.54477054942603,0,5000000000,215001,220001,204001,16000,0,5000,0.49999999999999994,0,0.49999999999999994
5,74,1,3000000,146.24206816097757,2898033.34290259,3000000000,225552,226152,219001,7151,1035,600,0,0.31055543311954614,0.31055543311954614
5,75,1,8000000,154.86209090671608,2314091.92618815,3000000000,227152,227752,222001,5751,3457,600,0,1.0371238812251338,1.0371238812251338
5,76,1,10000000,155.19927899317062,2294362.273667109,4000000000,229552,230352,225001,5351,4359,800,0,1.307552880568011,1.307552880568011
5,77,0,7000000,157.85173074755943,0,3000000000,228001,231001,228001,3000,0,3000,0.3,0,0.3
5,78,0,2000000,163.86063865370477,0,5000000000,231001,236001,231001,5000,0,5000,0.49999999999999994,0,0.49999999999999994
5,79,1,5000000,172.8830243256983,1498366.5526357393,10000000000,238448,240448,234001,6447,3337,2000,0,1.001090152046832,1.001090152046832
5,80,1,4000000,183.98074790586102,1170918.6170514575,3000000000,242248,242848,237001,5847,3416,600,0,1.0248363827554245,1.0248363827554245
5,82,0,9000000,208.64431288678824,0,7000000000,243001,250001,243001,7000,0,7000,0.7,0,0.7
5,83,1,3000000,212.21318455741624,663829.4366062335,6000000000,250520,251720,246001,5719,4519,1200,0,1.3557699468724476,1.3557699468724476
5,81,1,10000000,194.15063662012545,945672.3089452338,7000000000,251720,253120,240001,13119,10574,1400,0,3.1723462468157533,3.1723462468157533
5,84,0,10000000,212.21318455741624,0,9000000000,250001,259001,249001,10000,0,9000,0.8999999999999999,0,0.8999999999999999
5,87,1,3000000,219.9654429677535,575432.7931021377,4000000000,263214,264014,258001,6013,5213,800,0,1.5640401638358703,1.5640401638358703
5,85,0,4000000,212.21318455741624,0,7000000000,259001,266001,252001,14000,0,7000,0.7,0,0.7
5,86,0,8000000,212.21318455741624,0,2000000000,266001,268001,255001,13000,0,2000,0.19999999999999998,0,0.19999999999999998
5,90,1,10000000,153.85741516092094,2374136.167464511,9000000000,271213,273013,267001,6012,4212,1800,0,1.2636174963813842,1.2636174963813842
5,91,1,7000000,130.82172334899124,4475925.057673378,3000000000,273013,273613,270001,3612,1564,600,0,0.4691767562997574,0.4691767562997574
5,92,1,2000000,114.09139713405209,7570845.673966117,2000000000,273613,274013,273001,1012,264,400,0,0.07925138430218188,0.07925138430218188
5,88,0,9000000,204.77330221491272,0,8000000000,268001,276001,261001,15000,0,8000,0.7999999999999999,0,0.7999999999999999
5,89,0,9000000,178.704736646794,0,6000000000,276001,282001,264001,18000,0,6000,0.6,0,0.6
5,93,0,3000000,99.35973027338595,0,3000000000,282001,285001,276001,9000,0,3000,0.3,0,0.3
5,96,1,10000000,103.58885654354908,10882351.594734196,2000000000,287418,287818,285001,2817,919,400,0,0.2756757097842395,0.2756757097842395
5,97,1,10000000,120.23147424863427,6198412.043097831,8000000000,290533,292133,288001,4132,1613,1600,0,0.48399492953047785,0.48399492953047785
5,94,0,8000000,91.98014187855983,0,9000000000,285001,294001,279001,15000,0,9000,0.8999999999999999,0,0.8999999999999999
5,99,1,5000000,164.68115162337182,1815901.7924358929,3000000000,296754,297354,294001,3353,2753,600,0,0.8260358606661571,0.8260358606661571
5,95,0,2000000,93.47630769344711,0,6000000000,294001,300001,282001,18000,0,6000,0.6,0,0.6
5,98,0,9000000,141.1151618359983,0,4000000000,300001,304001,291001,13000,0,4000,0.39999999999999997,0,0.39999999999999997
5,100,0,5000000,159.27054247411854,0,3000000000,304001,307001,297001,10000,0,3000,0.3,0,0.3
5,101,0,9000000,148.16842106197936,0,10000000000,307001,317001,300001,17000,0,10000,0.9999999999999999,0,0.9999999999999999
5,103,0,4000000,143.0358171927577,0,2000000000,317001,319001,306001,13000,0,2000,0.19999999999999998,0,0.19999999999999998
5,107,0,4000000,156.98647107314693,0,3000000000,319001,322001,318001,4000,0,3000,0.3,0,0.3
5,108,0,7000000,171.8185956175873,0,5000000000,322001,327001,321001,6000,0,5000,0.49999999999999994,0,0.49999999999999994
5,102,1,2000000,142.4633444083074,3210935.201263615,3000000000,330623,331223,303001,28222,623,600,0,0.1868614476442499,0.1868614476442499
5,109,0,2000000,190.0212072375081,0,7000000000,327001,334001,324001,10000,0,7000,0.7,0,0.7
5,104,1,8000000,145.34274835711616,2968959.2086826353,2000000000,336023,336423,309001,27422,2695,400,0,0.8083640869774396,0.8083640869774396
5,110,0,2000000,205.96716364508205,0,3000000000,334001,337001,327001,10000,0,3000,0.3,0,0.3
5,105,1,2000000,145.34274835711616,2968959.2086826353,5000000000,337423,338423,312001,26422,674,1000,0,0.2020910217443599,0.2020910217443599
5,106,1,7000000,147.73101840845752,2785145.8839264214,10000000000,341623,343623,315001,28622,2513,2000,0,0.7540000012636603,0.7540000012636603
5,112,0,7000000,188.30285207611703,0,9000000000,337001,346001,333001,13000,0,9000,0.8999999999999999,0,0.8999999999999999
5,114,0,10000000,188.30285207611703,0,8000000000,346001,354001,339001,15000,0,8000,0.7999999999999999,0,0.7999999999999999
5,111,1,9000000,189.7750376103243,1035307.0192307348,9000000000,354179,355979,330001,25978,8693,1800,0,2.607922046163836,2.607922046163836
5,115,0,3000000,188.30285207611703,0,2000000000,354001,356001,342001,14000,0,2000,0.19999999999999998,0,0.19999999999999998
5,116,0,10000000,188.30285207611703,0,3000000000,356001,359001,345001,14000,0,3000,0.3,0,0.3
5,113,1,7000000,188.30285207611703,1067824.2680941862,10000000000,361379,363379,336001,27378,6555,2000,0,1.9666157276496472,1.9666157276496472
5,119,0,5000000,181.5172079996825,0,6000000000,359001,365001,354001,11000,0,6000,0.6,0,0.6
5,120,0,4000000,189.08699056254505,0,5000000000,365001,370001,357001,13000,0,5000,0.49999999999999994,0,0.49999999999999994
5,124,0,6000000,213.38044638626099,0,2000000000,370001,372001,369001,3000,0,2000,0.19999999999999998,0,0.19999999999999998
5,125,0,10000000,196.50331320362005,0,3000000000,372001,375001,372001,3000,0,3000,0.3,0,0.3
5,117,1,2000000,188.30285207611703,1067824.2680941862,3000000000,378379,378979,348001,30978,1873,600,0,0.5618902078998992,0.5618902078998992
5,126,1,6000000,185.75221882927804,1127228.7559500826,3000000000,381370,381970,375001,6969,5323,600,0,1.5968364810591382,1.5968364810591382
5,123,1,7000000,232.76341572506618,459307.5047839878,5000000000,381970,382970,366001,16969,15240,1000,0,4.572100342640013,4.572100342640013
5,127,1,4000000,181.99081570233153,1222538.4417593116,4000000000,382970,383770,378001,5769,3272,800,0,0.9815642265392674,0.9815642265392674
5,118,1,2000000,186.23985073018073,1115559.8066625688,8000000000,383179,384779,351001,33778,1793,1600,0,0.5378465559771518,0.5378465559771518
5,128,1,9000000,181.99081570233153,1222538.4417593116,3000000000,388363,388963,381001,7962,7362,600,0,2.208519509713352,2.208519509713352
5,129,0,2000000,181.99081570233153,0,7000000000,384001,391001,384001,7000,0,7000,0.7,0,0.7
5,130,0,4000000,175.72018779867042,0,6000000000,391001,397001,387001,10000,0,6000,0.6,0,0.6
5,131,1,10000000,172.24910391639196,1520313.9871523622,3000000000,397037,397637,390001,7636,6578,600,0,1.973276589804437,1.973276589804437
5,133,0,5000000,171.9187985649039,0,2000000000,397001,399001,396001,3000,0,2000,0.19999999999999998,0,0.19999999999999998
5,132,1,9000000,169.52460853811164,1619314.0153064376,6000000000,398559,399759,393001,6758,5558,1200,0,1.6673727112088599,1.6673727112088599
5,121,1,6000000,203.7388941758544,780724.3104144785,10000000000,400579,402579,360001,42578,7685,2000,0,2.305551365557451,2.305551365557451
5,134,0,6000000,179.15039966463934,0,5000000000,399001,404001,399001,5000,0,5000,0.49999999999999994,0,0.49999999999999994
5,122,1,6000000,221.4096592292215,560622.8892184782,4000000000,406779,407579,363001,44578,10702,800,0,3.21071442963958,3.21071442963958
5,135,0,3000000,190.6961449531689,0,10000000000,404001,414001,402001,12000,0,10000,0.9999999999999999,0,0.9999999999999999
5,138,1,3000000,241.88883087071216,393999.7591164266,2000000000,418615,419015,411001,8014,7614,400,0,2.2842653559441666,2.2842653559441666
5,136,0,6000000,205.8255518637081,0,10000000000,414001,424001,405001,19000,0,10000,0.9999999999999999,0,0.9999999999999999
5,142,1,2000000,213.904476343998,643174.3801454048,9000000000,426111,427911,423001,4910,3110,1800,0,0.9328729789646717,0.9328729789646717
5,137,0,4000000,222.78403623240155,0,7000000000,424001,431001,408001,23000,0,7000,0.7,0,0.7
5,139,1,6000000,246.6675438723141,364418.4083509285,10000000000,430466,432466,414001,18465,16465,2000,0,4.939377261827651,4.939377261827651
5,141,0,8000000,215.39805941558524,0,3000000000,431001,434001,420001,14000,0,3000,0.3,0,0.3
5,143,1,4000000,202.70256091130176,796724.7073948374,9000000000,432466,434266,426001,8265,5021,1800,0,1.5061664196706142,1.5061664196706142
5,140,1,8000000,227.84520381171072,500126.48126559623,2000000000,434266,434666,417001,17665,15996,400,0,4.7987860869248005,4.7987860869248005
5,146,1,3000000,162.1827493909263,1928891.0670416951,10000000000,436556,438556,435001,3555,1555,2000,0,0.4665893348660241,0.4665893348660241
5,145,1,10000000,173.01412312294045,1493876.9040270206,9000000000,438695,440495,432001,8494,6694,1800,0,2.0081975910551577,2.0081975910551577
5,148,1,4000000,142.3356266013537,3222221.4563947604,3000000000,442242,442842,441001,1841,1241,600,0,0.37241388161527583,0.37241388161527583
5,144,0,10000000,187.2134452970726,0,10000000000,434001,444001,429001,15000,0,10000,0.9999999999999999,0,0.9999999999999999
5,151,1,2000000,63.35954939865023,55667155.93485922,3000000000,450037,450637,450001,636,36,600,0,0.010778348380185076,0.010778348380185076
5,147,0,2000000,155.43485966796513,0,10000000000,444001,454001,438001,16000,0,10000,0.9999999999999999,0,0.9999999999999999
5,149,0,5000000,115.46470456377567,0,4000000000,454001,458001,444001,14000,0,4000,0.39999999999999997,0,0.39999999999999997
5,156,1,9000000,56.136152344099926,76506654.97902302,6000000000,465119,466319,465001,1318,118,1200,0,0.035291047566258116,0.035291047566258116
5,150,0,10000000,88.45981517050552,0,10000000000,458001,468001,447001,21000,0,10000,0.9999999999999999,0,0.9999999999999999
5,152,0,8000000,46.084419275933136,0,4000000000,468001,472001,453001,19000,0,4000,0.39999999999999997,0,0.39999999999999997
5,158,1,6000000,108.96700509787354,9006799.807933742,2000000000,471667,472067,471001,1066,666,400,0,0.19984900723722643,0.19984900723722643
5,153,0,3000000,22.667108329030395,0,3000000000,472001,475001,456001,19000,0,3000,0.3,0,0.3
5,154,0,5000000,17.277167013141952,0,2000000000,475001,477001,459001,18000,0,2000,0.19999999999999998,0,0.19999999999999998
5,155,0,10000000,39.63272006814575,0,10000000000,477001,487001,462001,25000,0,10000,0.9999999999999999,0,0.9999999999999999
5,161,1,7000000,187.91255838820354,1076657.3287195554,7000000000,487374,488774,480001,8773,6502,1400,0,1.9504813128402547,1.9504813128402547
5,164,1,2000000,177.54251687976034,1348560.486161128,7000000000,490484,491884,489001,2883,1483,1400,0,0.44491886434251576,0.44491886434251576
5,157,0,6000000,82.00246947501034,0,6000000000,487001,493001,468001,25000,0,6000,0.6,0,0.6
5,163,1,7000000,178.53788309487715,1319008.6060059287,2000000000,493284,493684,486001,7683,5307,400,0,1.5921048508993283,1.5921048508993283
5,162,1,9000000,201.87852609923624,809739.7779651523,6000000000,496284,497484,483001,14483,11115,1200,0,3.3344045500457016,3.3344045500457016
5,159,0,9000000,133.84257357059454,0,8000000000,493001,501001,474001,27000,0,8000,0.7999999999999999,0,0.7999999999999999
5,166,1,5000000,196.61401832015943,899450.9150709414,9000000000,503284,505084,495001,10083,5559,1800,0,1.6676841113466343,1.6676841113466343
5,160,0,3000000,160.7336461354623,0,6000000000,501001,507001,477001,30000,0,6000,0.6,0,0.6
5,167,1,3000000,213.74029708971588,645143.9904885595,8000000000,506684,508284,498001,10283,4650,1600,0,1.3950374075691867,1.3950374075691867
5,165,0,8000000,184.18883380921872,0,3000000000,507001,510001,492001,18000,0,3000,0.3,0,0.3
5,168,0,7000000,234.30851478339412,0,3000000000,510001,513001,501001,12000,0,3000,0.3,0,0.3
5,170,0,5000000,208.38901026685645,0,3000000000,513001,516001,507001,9000,0,3000,0.3,0,0.3
5,169,1,6000000,228.78772453958277,491963.7908052226,9000000000,516310,518110,504001,14109,12196,1800,0,3.658805858565011,3.658805858565011
5,173,1,4000000,149.09594394214756,2686399.114597054,4000000000,518110,518910,516001,2909,1489,800,0,0.4466946082134909,0.4466946082134909
5,174,1,2000000,126.5066705751124,5096361.360045431,5000000000,519393,520393,519001,1392,392,1000,0,0.11773105508253272,0.11773105508253272
5,171,0,3000000,193.15370071525936,0,8000000000,516001,524001,510001,14000,0,8000,0.7999999999999999,0,0.7999999999999999
5,176,1,2000000,162.9461705594826,1893462.9955901166,4000000000,526057,526857,525001,1856,1056,800,0,0.3168797073919071,0.3168797073919071
5,172,0,5000000,173.0083379493601,0,9000000000,524001,533001,513001,20000,0,9000,0.8999999999999999,0,0.8999999999999999
5,177,1,10000000,141.98708462391923,3253271.570485129,10000000000,531075,533075,528001,5074,3074,2000,0,0.9221486540555355,0.9221486540555355
5,179,1,10000000,104.02246920737846,10714780.903402321,7000000000,534934,536334,534001,2333,933,1400,0,0.279987059655825,0.279987059655825
5,175,0,6000000,179.29941048425118,0,5000000000,533001,538001,522001,16000,0,5000,0.49999999999999994,0,0.49999999999999994
5,180,1,5000000,89.75170193372384,18310105.561682172,10000000000,537274,539274,537001,2273,273,2000,0,0.08192197444994923,0.08192197444994923
5,181,1,5000000,80.34510128190769,26800126.93147981,2000000000,540188,540588,540001,587,187,400,0,0.05596988416640962,0.05596988416640962
5,178,0,7000000,122.24996891615143,0,4000000000,538001,542001,531001,11000,0,4000,0.39999999999999997,0,0.39999999999999997
5,182,1,8000000,77.70994595288303,29925688.9283176,5000000000,545643,546643,543001,3642,267,1000,0,0.08019865493318573,0.08019865493318573
5,183,1,10000000,82.47886153433498,24536916.030502394,8000000000,548043,549643,546001,3642,408,1600,0,0.12226475390267597,0.12226475390267597
5,184,1,7000000,93.53432792296095,15805687.799377205,3000000000,551443,552043,549001,3042,443,600,0,0.13286356320936232,0.13286356320936232
5,187,1,2000000,66.91698289672063,47620230.238833524,5000000000,558043,559043,558001,1042,42,1000,0,0.01259968708657586,0.01259968708657586
5,185,0,8000000,95.10155624383864,0,8000000000,552001,560001,552001,8000,0,8000,0.7999999999999999,0,0.7999999999999999
5,188,1,6000000,67.6562266166241,46105746.468365386,9000000000,561131,562931,561001,1930,130,1800,0,0.03904068663621002,0.03904068663621002
5,186,0,2000000,78.99815504174767,0,7000000000,560001,567001,555001,12000,0,7000,0.7,0,0.7
5,190,1,2000000,101.57441853143928,11703136.745249184,7000000000,567172,568572,567001,1571,171,1400,0,0.05126830635757258,0.05126830635757258
5,191,1,3000000,123.43253379883281,5603381.5331175085,7000000000,572972,574372,570001,4371,535,1400,0,0.1606172977300859,0.1606172977300859
5,189,0,5000000,80.76228946730036,0,10000000000,567001,577001,564001,13000,0,10000,0.9999999999999999,0,0.9999999999999999
5,193,1,6000000,156.0147957727087,2247498.73532924,5000000000,578671,579671,576001,3670,2670,1000,0,0.8008903283037064,0.8008903283037064
5,192,0,3000000,139.59468256348444,0,5000000000,577001,582001,573001,9000,0,5000,0.49999999999999994,0,0.49999999999999994
5,194,0,8000000,174.29361807019782,0,4000000000,582001,586001,579001,7000,0,4000,0.39999999999999997,0,0.39999999999999997
5,196,0,2000000,183.70234892346912,0,4000000000,586001,590001,585001,5000,0,4000,0.39999999999999997,0,0.39999999999999997
5,195,1,6000000,193.90169287553942,950506.2166716562,2000000000,589834,590234,582001,8233,6312,400,0,1.89372775099039,1.89372775099039
5,198,1,4000000,172.2791679222999,1519264.1346707465,6000000000,593634,594834,591001,3833,2633,1200,0,0.7898560708537116,0.7898560708537116
5,197,0,5000000,182.30489022513905,0,9000000000,590001,599001,588001,11000,0,9000,0.8999999999999999,0,0.8999999999999999
5,199,0,5000000,157.68122938384263,0,7000000000,599001,606001,594001,12000,0,7000,0.7,0,0.7
5,203,1,8000000,131.86839082964488,4339641.714598997,9000000000,609224,611024,606001,5023,1843,1800,0,0.5530410475883656,0.5530410475883656
5,205,1,9000000,143.43669893022496,3126503.939115448,4000000000,614880,615680,612001,3679,2879,800,0,0.863584390929597,0.863584390929597
5,200,0,5000000,145.6962930207904,0,10000000000,606001,616001,597001,19000,0,10000,0.9999999999999999,0,0.9999999999999999
5,207,1,2000000,168.78797646751985,1647445.4580660185,9000000000,619674,621474,618001,3473,1214,1800,0,0.3642002210527543,0.3642002210527543
5,201,0,2000000,137.02288276050834,0,9000000000,616001,625001,600001,25000,0,9000,0.8999999999999999,0,0.8999999999999999
5,208,1,8000000,184.329948733243,1162141.7781067372,7000000000,627885,629285,621001,8284,6884,1400,0,2.0651525013668097,2.0651525013668097
5,202,0,6000000,132.4647186989804,0,8000000000,625001,633001,603001,30000,0,8000,0.7999999999999999,0,0.7999999999999999
5,210,1,10000000,165.70302501765016,1772061.1809133815,5000000000,634085,635085,627001,8084,5643,1000,0,1.6929438059546547,1.6929438059546547
5,212,1,3000000,135.99987058817374,3849049.7113538655,8000000000,635085,636685,633001,3684,779,1600,0,0.23382394811508783,0.23382394811508783
5,204,0,6000000,135.61716742359727,0,9000000000,633001,642001,609001,33000,0,9000,0.8999999999999999,0,0.8999999999999999
5,214,1,5000000,125.43737282006502,5266099.275918346,9000000000,640685,642485,639001,3484,949,1800,0,0.2848408131725579,0.2848408131725579
5,215,1,7000000,129.15915646983768,4703374.064392948,6000000000,644285,645485,642001,3484,1488,1200,0,0.4464879831476984,0.4464879831476984
5,217,1,4000000,150.92954647781855,2560461.1581287137,5000000000,649685,650685,648001,2684,1562,1000,0,0.46866557463305064,0.46866557463305064
5,206,0,2000000,154.7279961739309,0,9000000000,642001,651001,615001,36000,0,9000,0.8999999999999999,0,0.8999999999999999
5,209,0,8000000,182.91655201211293,0,2000000000,651001,653001,624001,29000,0,2000,0.19999999999999998,0,0.19999999999999998
5,218,1,10000000,155.10072404731065,2300107.336684035,2000000000,655349,655749,651001,4748,4348,400,0,1.3042869574621547,1.3042869574621547
5,211,0,2000000,148.34743981612888,0,8000000000,653001,661001,630001,31000,0,8000,0.7999999999999999,0,0.7999999999999999
5,213,0,8000000,128.05968608426306,0,3000000000,661001,664001,636001,28000,0,3000,0.3,0,0.3
5,220,1,10000000,165.52451329032812,1779624.272240366,6000000000,664154,665354,657001,8353,5619,1200,0,1.685749091421025,1.685749091421025
5,216,0,2000000,139.2071585802972,0,9000000000,664001,673001,645001,28000,0,9000,0.8999999999999999,0,0.8999999999999999
5,226,1,2000000,165.63389810060022,1774985.1731802428,9000000000,676128,677928,675001,2927,1127,1800,0,0.33803099263357755,0.33803099263357755
5,223,1,9000000,205.02956859926326,761352.7273576112,3000000000,677924,678524,666001,12523,11821,600,0,3.54631946925672,3.54631946925672
5,219,0,3000000,157.6769209491358,0,6000000000,673001,679001,654001,25000,0,6000,0.6,0,0.6
5,227,1,5000000,135.9427250719949,3855355.7884576707,2000000000,679298,679698,678001,1697,1297,400,0,0.3890691501133992,0.3890691501133992
5,221,0,7000000,177.9412403013984,0,3000000000,679001,682001,660001,22000,0,3000,0.3,0,0.3
5,228,1,7000000,113.74986109881627,7657500.634537666,4000000000,683105,683905,681001,2904,914,800,0,0.274240917529717,0.274240917529717
5,222,0,4000000,190.92302113679222,0,2000000000,682001,684001,663001,21000,0,2000,0.19999999999999998,0,0.19999999999999998
5,225,1,10000000,197.68401553995201,880252.1220606082,7000000000,683905,685305,672001,13304,11360,1400,0,3.4081144763130036,3.4081144763130036
5,230,1,10000000,91.6239019033789,17016819.554358236,5000000000,687589,688589,687001,1588,588,1000,0,0.1762961633586612,0.1762961633586612
5,224,0,3000000,221.1528396833285,0,6000000000,684001,690001,669001,21000,0,6000,0.6,0,0.6
5,231,1,4000000,100.59356092712892,12129428.769226976,10000000000,690331,692331,690001,2330,330,2000,0,0.09893293598825244,0.09893293598825244
5,232,1,8000000,120.61680023943595,6122836.499985894,10000000000,694308,696308,693001,3307,1307,2000,0,0.3919751899312564,0.3919751899312564
5,229,0,2000000,96.55717943270707,0,9000000000,690001,699001,684001,15000,0,9000,0.8999999999999999,0,0.8999999999999999
5,233,0,7000000,147.29237930049203,0,7000000000,699001,706001,696001,10000,0,7000,0.7,0,0.7
5,234,1,8000000,166.08231603635588,1756123.5297760938,8000000000,704862,706462,699001,7461,4555,1600,0,1.3666464569869983,1.3666464569869983
5,235,0,9000000,150.2491597314275,0,9000000000,706001,715001,702001,13000,0,9000,0.8999999999999999,0,0.8999999999999999
5,238,1,9000000,166.98878824639692,1718748.532775891,6000000000,720662,721862,711001,10861,5236,1200,0,1.5709104319288196,1.5709104319288196
5,236,0,7000000,142.40295818556578,0,10000000000,715001,725001,705001,20000,0,10000,0.9999999999999999,0,0.9999999999999999
5,237,0,10000000,144.24509419734176,0,7000000000,725001,732001,708001,24000,0,7000,0.7,0,0.7
5,242,1,9000000,196.51949343512973,901171.9168702166,9000000000,735950,737750,723001,14749,9987,1800,0,2.9960986904442604,2.9960986904442604
5,245,1,9000000,140.37710247757641,3401580.1237588953,3000000000,737750,738350,732001,6349,2646,600,0,0.7937487584494648,0.7937487584494648
5,239,0,2000000,201.0408366476821,0,7000000000,732001,739001,714001,25000,0,7000,0.7,0,0.7
5,244,1,9000000,172.41741704363864,1514447.9711154858,5000000000,738350,739350,729001,10349,5943,1000,0,1.7828278366085306,1.7828278366085306
5,240,0,9000000,203.72043319215672,0,5000000000,739001,744001,717001,27000,0,5000,0.49999999999999994,0,0.49999999999999994
5,248,1,3000000,68.8057817338049,43850637.63967921,4000000000,744150,744950,741001,3949,68,800,0,0.02052421694287098,0.02052421694287098
5,241,0,8000000,196.51949343512973,0,6000000000,744001,750001,720001,30000,0,6000,0.6,0,0.6
5,250,1,5000000,77.95598052747457,29617265.71142426,2000000000,749750,750150,747001,3149,169,400,0,0.050646133732102264,0.050646133732102264
5,251,1,4000000,103.61668301967595,10871504.29615566,9000000000,750550,752350,750001,2349,368,1800,0,0.1103803086776445,0.1103803086776445
5,243,0,4000000,192.3306104082239,0,4000000000,750001,754001,726001,28000,0,4000,0.39999999999999997,0,0.39999999999999997
5,252,1,5000000,68.83542184079353,43794058.47794227,7000000000,753115,754515,753001,1514,114,1400,0,0.03425122156137925,0.03425122156137925
5,253,1,8000000,82.77550181062024,24239752.49825324,7000000000,756331,757731,756001,1730,330,1400,0,0.09901091193785697,0.09901091193785697
5,254,1,8000000,109.18680185810005,8938794.367491588,8000000000,761436,763036,759001,4035,895,1600,0,0.2684925842715733,0.2684925842715733
5,246,0,10000000,109.56302752297418,0,10000000000,754001,764001,735001,29000,0,10000,0.9999999999999999,0,0.9999999999999999
5,255,1,8000000,139.7614381723371,3460490.125647717,3000000000,764313,764913,762001,2912,2312,600,0,0.6935433747411084,0.6935433747411084
5,247,0,2000000,83.51685458636481,0,4000000000,764001,768001,738001,30000,0,4000,0.39999999999999997,0,0.39999999999999997
5,256,1,4000000,169.4724484982736,1621286.2515352315,8000000000,767468,769068,765001,4067,2467,1600,0,0.7401530722065235,0.7401530722065235
5,249,0,6000000,66.07896261292247,0,2000000000,768001,770001,744001,26000,0,2000,0.19999999999999998,0,0.19999999999999998
5,257,1,10000000,174.0341161956471,1459510.6694019756,9000000000,775306,777106,768001,9105,6852,1800,0,2.055483432148687,2.055483432148687
5,258,0,10000000,174.0341161956471,0,10000000000,771001,781001,771001,10000,0,10000,0.9999999999999999,0,0.9999999999999999
5,259,1,8000000,177.72732513600715,1343011.8839926466,5000000000,782569,783569,774001,9568,5957,1000,0,1.7870281183700536,1.7870281183700536
5,260,0,8000000,173.47293160605778,0,4000000000,781001,785001,777001,8000,0,4000,0.39999999999999997,0,0.39999999999999997
5,261,1,4000000,167.9024478678021,1682071.0116641931,7000000000,785169,786569,780001,6568,2378,1400,0,0.7134062662507656,0.7134062662507656
5,263,1,4000000,169.60361434827973,1616332.3767405779,4000000000,788476,789276,786001,3275,2475,800,0,0.7424215571427613,0.7424215571427613
5,262,0,3000000,169.06145421118325,0,5000000000,785001,790001,783001,7000,0,5000,0.49999999999999994,0,0.49999999999999994
5,264,0,10000000,169.60361434827973,0,8000000000,790001,798001,789001,9000,0,8000,0.7999999999999999,0,0.7999999999999999
5,265,0,3000000,169.60361434827973,0,7000000000,798001,805001,792001,13000,0,7000,0.7,0,0.7
5,266,0,5000000,169.60361434827973,0,3000000000,805001,808001,795001,13000,0,3000,0.3,0,0.3
5,267,0,3000000,169.60361434827973,0,4000000000,808001,812001,798001,14000,0,4000,0.39999999999999997,0,0.39999999999999997
5,268,1,7000000,169.78807054678487,1609397.5873518335,9000000000,811093,812893,801001,11892,4349,1800,0,1.3048360557414673,1.3048360557414673
5,269,0,7000000,172.81989613467545,0,6000000000,812001,818001,804001,14000,0,6000,0.6,0,0.6
5,270,1,5000000,183.1294957127333,1192662.0493843306,3000000000,817893,818493,807001,11492,4192,600,0,1.257690727037321,1.257690727037321
5,271,1,6000000,200.58913878871905,830640.8448591353,8000000000,818493,820093,810001,10092,7223,1600,0,2.1670015520429335,2.1670015520429335
5,272,1,5000000,222.62437085817893,548532.9238364855,3000000000,825093,825693,813001,12692,9115,600,0,2.734566941777849,2.734566941777849
5,274,0,2000000,205.1307692668265,0,8000000000,819001,827001,819001,8000,0,8000,0.7999999999999999,0,0.7999999999999999
5,275,0,5000000,187.61945528116215,0,7000000000,827001,834001,822001,12000,0,7000,0.7,0,0.7
5,276,1,8000000,175.53323474487672,1410764.8939696,10000000000,832376,834376,825001,9375,5671,2000,0,1.7012047934130947,1.7012047934130947
5,273,1,8000000,224.60958951033237,529465.6787894065,10000000000,834376,836376,816001,20375,15110,2000,0,4.532871716042983,4.532871716042983
5,277,0,8000000,169.76021824915284,0,5000000000,834001,839001,828001,11000,0,5000,0.49999999999999994,0,0.49999999999999994
5,278,1,6000000,171.6101267408191,1542842.0667810289,5000000000,838176,839176,831001,8175,3889,1000,0,1.166678066897348,1.166678066897348
5,280,0,8000000,195.91044331530668,0,6000000000,839001,845001,837001,8000,0,6000,0.6,0,0.6
5,279,1,10000000,180.634362733119,1259353.8726011608,8000000000,843776,845376,834001,11375,7941,1600,0,2.382173958621799,2.382173958621799
5,281,1,7000000,213.6118716270236,646689.9166665352,8000000000,851293,852893,840001,12892,10824,1600,0,3.247305928047835,3.247305928047835
5,282,0,6000000,216.7924855708795,0,8000000000,845001,853001,843001,10000,0,8000,0.7999999999999999,0,0.7999999999999999
5,283,1,3000000,232.36784846445516,462433.04664504697,5000000000,852893,853893,846001,7892,6487,1000,0,1.9462276896720563,1.9462276896720563
5,286,1,2000000,211.75433171484354,669575.2946499218,9000000000,857988,859788,855001,4787,2987,1800,0,0.8960904095389327,0.8960904095389327
5,284,0,4000000,252.56679373979466,0,8000000000,853001,861001,849001,12000,0,8000,0.7999999999999999,0,0.7999999999999999
5,285,1,4000000,229.43452769799057,486458.1734823703,5000000000,860224,861224,852001,9223,8223,1000,0,2.466810232439211,2.466810232439211
5,287,1,5000000,194.8618343852895,932030.1420963954,9000000000,865076,866876,858001,8875,5365,1800,0,1.6093900103124157,1.6093900103124157
5,289,1,2000000,161.98526476195295,1938189.2484402326,8000000000,866876,868476,864001,4475,1032,1600,0,0.3095672935358882,0.3095672935358882
5,288,1,9000000,176.90575174368982,1367897.9902117723,2000000000,869076,869476,861001,8475,6579,400,0,1.9738313962885472,1.9738313962885472
5,291,1,5000000,148.14814544907406,2754499.408531702,3000000000,871816,872416,870001,2415,1815,600,0,0.5445635585739993,0.5445635585739993
5,290,0,10000000,156.57209521495201,0,7000000000,867001,874001,867001,7000,0,7000,0.7,0,0.7
5,292,1,7000000,144.3776731354263,3047470.8799875136,10000000000,875298,877298,873001,4297,2297,2000,0,0.6890960021277067,0.6890960021277067
5,293,1,3000000,146.2658100856109,2896189.4251963943,4000000000,877298,878098,876001,2097,1036,800,0,0.31075315453130964,0.31075315453130964
5,294,1,8000000,152.74864712985186,2442656.7713649203,3000000000,882276,882876,879001,3875,3275,600,0,0.982536731371766,0.982536731371766
5,295,0,7000000,157.57792040765102,0,4000000000,882001,886001,882001,4000,0,4000,0.39999999999999997,0,0.39999999999999997
5,296,1,5000000,149.8999229486126,2630257.4187155315,2000000000,886902,887302,885001,2301,1901,400,0,0.5702863869242558,0.5702863869242558
5,297,0,4000000,129.01995853355402,0,6000000000,888001,894001,888001,6000,0,6000,0.6,0,0.6
5,299,1,2000000,161.00380150791474,1985232.7987748436,5000000000,895008,896008,894001,2007,1007,1000,0,0.3022315571102195,0.3022315571102195
5,298,1,10000000,155.19763303607436,2294458.075454052,10000000000,896008,898008,891001,7007,4358,2000,0,1.3074982855837658,1.3074982855837658
5,300,0,3000000,177.35348572836116,0,4000000000,897001,901001,897001,4000,0,4000,0.39999999999999997,0,0.39999999999999997
5,301,1,5000000,197.37505237491388,885742.9453848783,7000000000,905646,907046,900001,7045,5645,1400,0,1.6934935895517758,1.6934935895517758
5,302,1,5000000,205.9175711298091,748371.8037715872,10000000000,909682,911682,903001,8681,6681,2000,0,2.004351302975893,2.004351302975893
5,303,1,4000000,225.52333027870972,520967.5807350982,8000000000,913679,915279,906001,9278,7678,1600,0,2.303406285486652,2.303406285486652
5,304,0,8000000,250.56051404800397,0,10000000000,909001,919001,909001,10000,0,10000,0.9999999999999999,0,0.9999999999999999
5,305,0,4000000,233.08901861735143,0,9000000000,919001,928001,912001,16000,0,9000,0.8999999999999999,0,0.8999999999999999
5,307,0,10000000,192.75063605601926,0,5000000000,928001,933001,918001,15000,0,5000,0.49999999999999994,0,0.49999999999999994
5,306,1,5000000,211.65140868890998,670872.6220785235,5000000000,933695,934695,915001,19694,7453,1000,0,2.235893894958244,2.235893894958244
5,309,0,2000000,176.58367988010673,0,4000000000,933001,937001,924001,13000,0,4000,0.39999999999999997,0,0.39999999999999997
5,308,1,5000000,180.5800722671248,1260855.8635962484,9000000000,937895,939695,921001,18694,3966,1800,0,1.1896681003026452,1.1896681003026452
5,310,0,3000000,181.37095936229701,0,9000000000,937001,946001,927001,19000,0,9000,0.8999999999999999,0,0.8999999999999999
5,315,1,7000000,200.02061943709708,840069.905968464,6000000000,950334,951534,942001,9533,8333,1200,0,2.4997919638354875,2.4997919638354875
5,314,1,7000000,221.99156425414006,554790.1915118764,3000000000,951618,952218,939001,13217,12617,600,0,3.7852147210411617,3.7852147210411617
5,312,0,4000000,213.66740532893644,0,9000000000,946001,955001,933001,22000,0,9000,0.8999999999999999,0,0.8999999999999999
5,318,1,7000000,176.64506701292282,1375913.9148510837,5000000000,956089,957089,951001,6088,5088,1000,0,1.5262582762870631,1.5262582762870631
5,311,1,10000000,194.23007104977333,944136.3220056975,2000000000,957895,958295,930001,28294,10592,400,0,3.1775072413556567,3.1775072413556567
5,313,1,2000000,237.79412881734484,421765.4938642079,6000000000,958295,959495,936001,23494,4742,1200,0,1.422591484435606,1.422591484435606
5,316,0,9000000,184.1154034837933,0,8000000000,955001,963001,945001,18000,0,8000,0.7999999999999999,0,0.7999999999999999
5,320,1,7000000,166.14728526220347,1753411.420513483,6000000000,961971,963171,957001,6170,3992,1200,0,1.1976652914608137,1.1976652914608137
5,324,1,8000000,72.13038888013847,37965159.04963574,3000000000,969979,970579,969001,1578,211,600,0,0.06321585527568144,0.06321585527568144
5,317,0,4000000,176.02784836496753,0,8000000000,963001,971001,948001,23000,0,8000,0.7999999999999999,0,0.7999999999999999
5,325,1,2000000,65.8605268730823,49875574.17418963,8000000000,972041,973641,972001,1640,40,1600,0,0.012029936696157317,0.012029936696157317
5,319,0,8000000,184.83825632157428,0,3000000000,971001,974001,954001,20000,0,3000,0.3,0,0.3
5,321,0,10000000,131.6878885850935,0,7000000000,974001,981001,960001,21000,0,7000,0.7,0,0.7
5,328,1,2000000,90.29633270515474,17922433.440211903,4000000000,981113,981913,981001,912,112,800,0,0.03347759677844874,0.03347759677844874
5,322,0,7000000,104.28014432287675,0,2000000000,981001,983001,963001,20000,0,2000,0.19999999999999998,0,0.19999999999999998
5,323,0,8000000,91.22535886473673,0,4000000000,983001,987001,966001,21000,0,4000,0.39999999999999997,0,0.39999999999999997
5,330,1,10000000,71.37847644773602,39217837.42842162,8000000000,987256,988856,987001,1855,255,1600,0,0.076495803866683,0.076495803866683
5,331,1,4000000,85.17544305725681,21980667.966333404,3000000000,990183,990783,990001,782,182,600,0,0.05459342736253397,0.05459342736253397
5,326,0,3000000,69.19475413642282,0,8000000000,987001,995001,975001,20000,0,8000,0.7999999999999999,0,0.7999999999999999
5,332,1,9000000,104.60380968205693,10494939.058564765,6000000000,993859,995059,993001,2058,858,1200,0,0.25726685833364316,0.25726685833364316
5,333,1,7000000,114.80402649733155,7393832.039397822,7000000000,996948,998348,996001,2347,947,1400,0,0.2840205172108604,0.2840205172108604
6,1,0,3000000,222.7320731282318,0,6000000000,1,6001,1,6000,0,6000,0.6,0,0.6
6,5,0,4000000,192.0551235973672,0,3000000000,12001,15001,12001,3000,0,3000,0.3,0,0.3
6,2,1,7000000,217.9136464290385,597322.3201477416,8000000000,15219,16819,3001,13818,11719,1600,0,3.515689819661496,3.515689819661496
6,3,1,8000000,206.78222360734978,735996.1756932989,10000000000,19819,21819,6001,15818,10870,2000,0,3.260886509008326,3.260886509008326
6,6,1,4000000,190.76479182490672,1014136.681003088,3000000000,21819,22419,15001,7418,3944,600,0,1.183272454767215,1.183272454767215
6,4,1,10000000,197.5051295536397,883426.0591488355,5000000000,25219,26219,9001,17218,11320,1000,0,3.395869941724884,3.395869941724884
6,7,0,8000000,193.5897233842747,0,9000000000,18001,27001,18001,9000,0,9000,0.8999999999999999,0,0.8999999999999999
6,8,0,7000000,200.54315046892026,0,3000000000,27001,30001,21001,9000,0,3000,0.3,0,0.3
6,9,0,8000000,209.82187993629262,0,4000000000,30001,34001,24001,10000,0,4000,0.39999999999999997,0,0.39999999999999997
6,10,0,6000000,223.33969575514334,0,6000000000,34001,40001,27001,13000,0,6000,0.6,0,0.6
6,14,1,5000000,213.29231233216072,650556.7130018016,9000000000,46687,48487,39001,9486,7686,1800,0,2.3057175032115085,2.3057175032115085
6,11,0,10000000,239.61166102675386,0,10000000000,40001,50001,30001,20000,0,10000,0.9999999999999999,0,0.9999999999999999
6,15,1,7000000,201.55777186702576,814877.4232704707,4000000000,50591,51391,42001,9390,8590,800,0,2.577074710907749,2.577074710907749
6,12,0,8000000,245.32774262198723,0,3000000000,50001,53001,33001,20000,0,3000,0.3,0,0.3
6,16,1,10000000,193.3468660206314,961390.8369035487,9000000000,55403,57203,45001,12202,10402,1800,0,3.120479085969252,3.120479085969252
6,19,1,3000000,193.91045484965477,950335.5579042289,7000000000,57203,58603,54001,4602,3157,1400,0,0.9470339108269992,0.9470339108269992
6,13,0,9000000,228.0650473001069,0,6000000000,53001,59001,36001,23000,0,6000,0.6,0,0.6
6,17,0,3000000,189.21888515684685,0,3000000000,59001,62001,48001,14000,0,3000,0.3,0,0.3
6,20,1,6000000,195.13920902781172,926776.0312613024,9000000000,63475,65275,57001,8274,6474,1800,0,1.942216824004692,1.942216824004692
6,18,0,5000000,189.41102871797094,0,5000000000,62001,67001,51001,16000,0,5000,0.49999999999999994,0,0.49999999999999994
6,21,0,7000000,175.36359513878585,0,2000000000,67001,69001,60001,9000,0,2000,0.19999999999999998,0,0.19999999999999998
6,25,1,2000000,174.8651803533225,1432233.6339419342,7000000000,73397,74797,72001,2796,1396,1400,0,0.4189260647012045,0.4189260647012045
6,22,0,3000000,154.06253535496552,0,9000000000,69001,78001,63001,15000,0,9000,0.8999999999999999,0,0.8999999999999999
6,24,1,9000000,188.10833713581115,1072215.1781840555,10000000000,78197,80197,69001,11196,8394,2000,0,2.5181512581950414,2.5181512581950414
6,23,0,6000000,133.38083707939458,0,7000000000,78001,85001,66001,19000,0,7000,0.7,0,0.7
6,30,1,5000000,69.79069422208096,42011476.9816723,4000000000,87120,87920,87001,919,119,800,0,0.03570452904225152,0.03570452904225152
6,26,0,10000000,150.2938035981524,0,9000000000,85001,94001,75001,19000,0,9000,0.8999999999999999,0,0.8999999999999999
6,33,1,4000000,28.575531491120152,243198316.08806413,10000000000,96017,98017,96001,2016,16,2000,0,0.004934244690927342,0.004934244690927342
6,27,0,2000000,126.14830359541106,0,10000000000,94001,104001,78001,26000,0,10000,0.9999999999999999,0,0.9999999999999999
6,35,1,2000000,26.855615800051904,260562896.90028605,10000000000,102009,104009,102001,2008,8,2000,0,0.002302706974545236,0.002302706974545236
6,36,1,6000000,53.79042665753823,84792031.2517591,3000000000,105072,105672,105001,671,71,600,0,0.021228409951113858,0.021228409951113858
6,28,0,9000000,105.36952595508816,0,4000000000,104001,108001,81001,27000,0,4000,0.39999999999999997,0,0.39999999999999997
6,37,1,8000000,81.05950715369544,26017119.64762021,2000000000,108308,108708,108001,707,307,400,0,0.09224695248766819,0.09224695248766819
6,29,0,10000000,85.11963345785738,0,2000000000,108001,110001,84001,26000,0,2000,0.19999999999999998,0,0.19999999999999998
6,38,1,10000000,108.066130216641,9292126.18082455,10000000000,112077,114077,111001,3076,1076,2000,0,0.32285398859422193,0.32285398859422193
6,31,0,7000000,63.07941026991297,0,5000000000,110001,115001,90001,25000,0,5000,0.49999999999999994,0,0.49999999999999994
6,32,0,8000000,53.26537336769544,0,3000000000,115001,118001,93001,25000,0,3000,0.3,0,0.3
6,34,0,9000000,7.280054944847589,0,2000000000,118001,120001,99001,21000,0,2000,0.19999999999999998,0,0.19999999999999998
6,39,0,4000000,135.11509834211714,0,7000000000,120001,127001,114001,13000,0,7000,0.7,0,0.7
6,40,0,8000000,162.17557707620463,0,10000000000,127001,137001,117001,20000,0,10000,0.9999999999999999,0,0.9999999999999999
6,47,1,4000000,120.95051880831267,6058288.833137865,2000000000,140741,141141,138001,3140,660,400,0,0.19807573277724777,0.19807573277724777
6,48,1,7000000,150.70982184316983,2575161.783450962,9000000000,143928,145728,141001,4727,2718,1800,0,0.8154827450047818,0.8154827450047818
6,41,0,6000000,144.03221445218426,0,10000000000,137001,147001,120001,27000,0,10000,0.9999999999999999,0,0.9999999999999999
6,49,1,6000000,173.4924773585299,1477636.1255757445,10000000000,148062,150062,144001,6061,4061,2000,0,1.2181618795348887,1.2181618795348887
6,42,0,7000000,116.96413339139478,0,10000000000,147001,157001,123001,34000,0,10000,0.9999999999999999,0,0.9999999999999999
6,43,0,10000000,89.90989711928275,0,2000000000,157001,159001,126001,33000,0,2000,0.19999999999999998,0,0.19999999999999998
6,44,0,6000000,66.63219191952192,0,3000000000,159001,162001,129001,33000,0,3000,0.3,0,0.3
6,53,1,5000000,189.85202685249374,1033640.64733435,8000000000,161414,163014,156001,7013,4837,1600,0,1.4511813209632782,1.4511813209632782
6,45,0,3000000,72.69378859297397,0,4000000000,162001,166001,132001,34000,0,4000,0.39999999999999997,0,0.39999999999999997
6,57,1,4000000,165.12607062484105,1796650.272861033,2000000000,173223,173623,168001,5622,2226,400,0,0.6679096194325502,0.6679096194325502
6,46,0,9000000,93.90627082362498,0,10000000000,166001,176001,135001,41000,0,10000,0.9999999999999999,0,0.9999999999999999
6,54,1,9000000,216.31721729903975,615075.7248778883,2000000000,176823,177223,159001,18222,14632,400,0,4.389703398774246,4.389703398774246
6,50,0,3000000,174.0341161956471,0,2000000000,176001,178001,147001,31000,0,2000,0.19999999999999998,0,0.19999999999999998
6,60,1,4000000,165.12607062484105,1796650.272861033,7000000000,181823,183223,177001,6222,2226,1400,0,0.6679096194325502,0.6679096194325502
6,51,0,4000000,174.0341161956471,0,7000000000,178001,185001,150001,35000,0,7000,0.7,0,0.7
6,63,1,8000000,149.81823687388663,2635894.9113555895,2000000000,193023,193423,186001,7422,3035,400,0,0.910506708617502,0.910506708617502
6,52,0,4000000,175.1478506862131,0,9000000000,185001,194001,153001,41000,0,9000,0.8999999999999999,0,0.8999999999999999
6,64,1,6000000,125.45376239874189,5263445.893107419,10000000000,194423,196423,189001,7422,1140,2000,0,0.3419812868898555,0.3419812868898555
6,55,0,7000000,184.33608029900165,0,4000000000,194001,198001,162001,36000,0,4000,0.39999999999999997,0,0.39999999999999997
6,56,0,7000000,165.14443738739737,0,6000000000,198001,204001,165001,39000,0,6000,0.6,0,0.6
6,58,0,8000000,165.12607062484105,0,2000000000,204001,206001,171001,35000,0,2000,0.19999999999999998,0,0.19999999999999998
6,59,0,9000000,165.12607062484105,0,4000000000,206001,210001,174001,36000,0,4000,0.39999999999999997,0,0.39999999999999997
6,67,1,6000000,76.85498292238442,31025527.931730263,6000000000,210823,212023,198001,14022,193,1200,0,0.05801674040682846,0.05801674040682846
6,61,0,4000000,165.12607062484105,0,8000000000,210001,218001,180001,38000,0,8000,0.7999999999999999,0,0.7999999999999999
6,68,1,4000000,72.11971783084009,37982631.61105005,7000000000,217223,218623,201001,17622,105,1400,0,0.03159338753270828,0.03159338753270828
6,62,0,9000000,164.02476398397897,0,10000000000,218001,228001,183001,45000,0,10000,0.9999999999999999,0,0.9999999999999999
6,65,0,8000000,103.28530679627188,0,3000000000,228001,231001,192001,39000,0,3000,0.3,0,0.3
6,71,1,3000000,79.16336589610123,28154196.97589499,2000000000,232423,232823,210001,22822,107,400,0,0.03196681477971332,0.03196681477971332
6,66,0,2000000,83.56151327016524,0,5000000000,231001,236001,195001,41000,0,5000,0.49999999999999994,0,0.49999999999999994
6,79,1,2000000,186.772692061768,1102980.3329569334,9000000000,236853,238653,234001,4652,1813,1800,0,0.5439806876623859,0.5439806876623859
6,73,1,10000000,112.62071301496898,7952668.6250484465,3000000000,238823,239423,216001,23422,1257,600,0,0.3772318628429868,0.3772318628429868
6,69,0,6000000,65.35462646209521,0,4000000000,236001,240001,204001,36000,0,4000,0.39999999999999997,0,0.39999999999999997
6,70,0,5000000,68.7992107512869,0,3000000000,240001,243001,207001,36000,0,3000,0.3,0,0.3
6,78,1,7000000,202.21815076792691,804343.7862290551,10000000000,241170,243170,231001,12169,8703,2000,0,2.6108239237419526,2.6108239237419526
6,80,1,5000000,180.1171424379146,1273754.1093415609,4000000000,243970,244770,237001,7769,3925,800,0,1.1776213234557429,1.1776213234557429
6,81,1,6000000,178.63569016296822,1316148.4021864396,6000000000,246370,247570,240001,7569,4559,1200,0,1.3676269309826812,1.3676269309826812
6,72,0,6000000,92.40482238498166,0,5000000000,243001,248001,213001,35000,0,5000,0.49999999999999994,0,0.49999999999999994
6,74,0,7000000,135.5931727632332,0,6000000000,248001,254001,219001,35000,0,6000,0.6,0,0.6
6,84,1,2000000,210.2469262557719,688892.9960810343,2000000000,253970,254370,249001,5369,2903,400,0,0.8709625492105049,0.8709625492105049
6,75,0,10000000,158.08928363428052,0,7000000000,254001,261001,222001,39000,0,7000,0.7,0,0.7
6,76,0,2000000,182.69957991194184,0,6000000000,261001,267001,225001,42000,0,6000,0.6,0,0.6
6,90,1,4000000,181.04437135685828,1248082.1949042748,5000000000,270206,271206,267001,4205,3205,1000,0,0.9614751375345415,0.9614751375345415
6,89,1,9000000,188.03506162415562,1073875.0980758169,8000000000,272382,273982,264001,9981,8381,1600,0,2.514258878744739,2.514258878744739
6,82,0,8000000,183.50970682773158,0,7000000000,267001,274001,243001,31000,0,7000,0.7,0,0.7
6,87,1,10000000,217.6432842979539,600283.5538664844,10000000000,274660,276660,258001,18659,16659,2000,0,4.997638167290624,4.997638167290624
6,93,1,10000000,130.32141228516517,4542922.98018203,4000000000,278202,279002,276001,3001,2201,800,0,0.6603677881150856,0.6603677881150856
6,94,1,9000000,103.45679533022465,10934008.404651994,3000000000,279824,280424,279001,1423,823,600,0,0.24693597261652508,0.24693597261652508
6,83,0,7000000,194.31395137766103,0,8000000000,274001,282001,246001,36000,0,8000,0.7999999999999999,0,0.7999999999999999
6,77,1,9000000,208.21740369143018,716012.349761862,7000000000,283023,284423,228001,56422,12570,1400,0,3.770884679430447,3.770884679430447
6,85,0,6000000,230.11466294002213,0,7000000000,282001,289001,252001,37000,0,7000,0.7,0,0.7
6,99,1,4000000,31.49512978223769,216297455.72933018,7000000000,294996,296396,294001,2395,18,1400,0,0.005547915466475266,0.005547915466475266
6,86,0,7000000,238.0400991429805,0,8000000000,289001,297001,255001,42000,0,8000,0.7999999999999999,0,0.7999999999999999
6,88,0,3000000,200.57277906037,0,3000000000,297001,300001,261001,39000,0,3000,0.3,0,0.3
6,91,0,9000000,179.51757239891592,0,2000000000,300001,302001,270001,32000,0,2000,0.19999999999999998,0,0.19999999999999998
6,103,1,7000000,135.0295649108001,3957869.6999758785,10000000000,307770,309770,306001,3769,1769,2000,0,0.5305884627815813,0.5305884627815813
6,92,0,7000000,157.25793111954644,0,10000000000,302001,312001,273001,39000,0,10000,0.9999999999999999,0,0.9999999999999999
6,95,0,2000000,79.04382834858136,0,6000000000,312001,318001,282001,36000,0,6000,0.6,0,0.6
6,96,0,9000000,52.56803971996677,0,4000000000,318001,322001,285001,37000,0,4000,0.39999999999999997,0,0.39999999999999997
6,108,1,7000000,184.80817866101054,1150254.2748061665,8000000000,327087,328687,321001,7686,6086,1600,0,1.8256832823802185,1.8256832823802185
6,97,0,8000000,27.36606840596581,0,9000000000,322001,331001,288001,43000,0,9000,0.8999999999999999,0,0.8999999999999999
6,98,0,8000000,14.297475301604836,0,4000000000,331001,335001,291001,44000,0,4000,0.39999999999999997,0,0.39999999999999997
6,110,1,10000000,172.3123237032105,1518107.3596097862,9000000000,334054,335854,327001,8853,6587,1800,0,1.976144823361583,1.976144823361583
6,112,1,4000000,124.56822227197442,5409183.753425989,4000000000,335854,336654,333001,3653,739,800,0,0.22184493163870828,0.22184493163870828
6,100,0,7000000,57.08835695656346,0,3000000000,335001,338001,297001,41000,0,3000,0.3,0,0.3
6,115,1,10000000,114.77146160958311,7401810.856484079,7000000000,343352,344752,342001,2751,1351,1400,0,0.40530622278357226,0.40530622278357226
6,101,0,8000000,83.62993961494888,0,7000000000,338001,345001,300001,45000,0,7000,0.7,0,0.7
6,102,0,8000000,108.10873230225206,0,4000000000,345001,349001,303001,46000,0,4000,0.39999999999999997,0,0.39999999999999997
6,116,1,5000000,125.73695757413577,5217855.370163319,9000000000,347631,349431,345001,4430,958,1800,0,0.2874744303142787,0.2874744303142787
6,104,0,4000000,162.00847879046336,0,4000000000,349001,353001,309001,44000,0,4000,0.39999999999999997,0,0.39999999999999997
6,117,1,10000000,140.1223422584706,3425805.8429487906,4000000000,353431,354231,348001,6230,2919,800,0,0.8757063702762925,0.8757063702762925
6,118,1,3000000,156.23674663791482,2234950.078379483,8000000000,354231,355831,351001,4830,1342,1600,0,0.40269355844071997,0.40269355844071997
6,105,0,4000000,120.63998010609926,0,8000000000,353001,361001,312001,49000,0,8000,0.7999999999999999,0,0.7999999999999999
6,122,1,4000000,162.6572780419001,1906773.9425882073,3000000000,365099,365699,363001,2698,2098,600,0,0.6293352207085178,0.6293352207085178
6,106,0,4000000,138.5621553671854,0,5000000000,361001,366001,315001,51000,0,5000,0.49999999999999994,0,0.49999999999999994
6,123,1,2000000,145.30659585855,2971854.976694856,5000000000,366674,367674,366001,1673,673,1000,0,0.2018941047612253,0.2018941047612253
6,107,0,4000000,162.78575490502848,0,2000000000,366001,368001,318001,50000,0,2000,0.19999999999999998,0,0.19999999999999998
6,120,1,10000000,194.7443144227836,934267.4229168617,3000000000,367705,368305,357001,11304,10704,600,0,3.2110720404161657,3.2110720404161657
6,109,0,9000000,187.10896557888404,0,2000000000,368001,370001,324001,46000,0,2000,0.19999999999999998,0,0.19999999999999998
6,111,0,7000000,148.81964655246298,0,2000000000,370001,372001,330001,42000,0,2000,0.19999999999999998,0,0.19999999999999998
6,124,1,5000000,168.8645625938137,1644492.5754704284,5000000000,373532,374532,369001,5531,3040,1000,0,0.9121354649904123,0.9121354649904123
6,113,0,6000000,106.92696619655861,0,9000000000,372001,381001,336001,45000,0,9000,0.8999999999999999,0,0.8999999999999999
6,128,1,2000000,149.65587091724797,2647144.8839764283,3000000000,381757,382357,381001,1356,756,600,0,0.22665929758204453,0.22665929758204453
6,126,1,7000000,192.3201895277768,981944.6336261292,3000000000,382357,382957,375001,7956,7129,600,0,2.1386134493602875,2.1386134493602875
6,114,0,4000000,108.24042313294976,0,2000000000,381001,383001,339001,44000,0,2000,0.19999999999999998,0,0.19999999999999998
6,125,1,9000000,181.39141683111694,1238639.3466928178,9000000000,382732,384532,372001,12531,7266,1800,0,2.179811264036649,2.179811264036649
6,119,0,3000000,174.84799255353212,0,2000000000,383001,385001,354001,31000,0,2000,0.19999999999999998,0,0.19999999999999998
6,121,0,9000000,181.6083271769222,0,4000000000,385001,389001,360001,29000,0,4000,0.39999999999999997,0,0.39999999999999997
6,131,1,10000000,110.49488766454304,8546634.823788162,5000000000,391171,392171,390001,2170,1170,1000,0,0.35101534836260817,0.35101534836260817
6,127,0,7000000,170.07414412543727,0,6000000000,389001,395001,378001,17000,0,6000,0.6,0,0.6
6,129,0,6000000,133.46222124631373,0,5000000000,395001,400001,384001,16000,0,5000,0.49999999999999994,0,0.49999999999999994
6,134,1,2000000,122.6371448623948,5744475.026686868,2000000000,400874,401274,399001,2273,348,400,0,0.10444818668592083,0.10444818668592083
6,130,0,6000000,119.40880034570313,0,4000000000,400001,404001,387001,17000,0,4000,0.39999999999999997,0,0.39999999999999997
6,135,1,7000000,114.32631411884135,7511931.4818902025,6000000000,404274,405474,402001,3473,932,1200,0,0.27955526552161575,0.27955526552161575
6,132,0,9000000,108.09603137950991,0,2000000000,404001,406001,393001,13000,0,2000,0.19999999999999998,0,0.19999999999999998
6,133,0,3000000,112.65787367068489,0,5000000000,406001,411001,396001,15000,0,5000,0.49999999999999994,0,0.49999999999999994
6,136,0,3000000,89.47603757431371,0,10000000000,411001,421001,405001,16000,0,10000,0.9999999999999999,0,0.9999999999999999
6,141,1,7000000,115.83319256586164,7146963.840185974,9000000000,420980,422780,420001,2779,979,1800,0,0.29383106546476595,0.29383106546476595
6,137,0,7000000,72.36934779310917,0,3000000000,421001,424001,408001,16000,0,3000,0.3,0,0.3
6,138,0,7000000,69.75517901919544,0,4000000000,424001,428001,411001,17000,0,4000,0.39999999999999997,0,0.39999999999999997
6,139,0,8000000,83.12171617573829,0,2000000000,428001,430001,414001,16000,0,2000,0.19999999999999998,0,0.19999999999999998
6,140,0,3000000,103.79857417132466,0,2000000000,430001,432001,417001,15000,0,2000,0.19999999999999998,0,0.19999999999999998
6,142,0,10000000,141.44933262479537,0,8000000000,432001,440001,423001,17000,0,8000,0.7999999999999999,0,0.7999999999999999
6,146,1,2000000,189.8597790475908,1033473.0421893944,6000000000,439942,441142,435001,6141,1935,1200,0,0.5805666674467973,0.5805666674467973
6,143,0,4000000,172.30909233119414,0,10000000000,440001,450001,426001,24000,0,10000,0.9999999999999999,0,0.9999999999999999
6,149,1,5000000,118.58107648356041,6535256.828569583,4000000000,451342,452142,444001,8141,765,800,0,0.2295242619146332,0.2295242619146332
6,144,0,10000000,196.0276197376278,0,6000000000,450001,456001,429001,27000,0,6000,0.6,0,0.6
6,145,0,7000000,215.9080489467681,0,3000000000,456001,459001,432001,27000,0,3000,0.3,0,0.3
6,147,0,8000000,166.82433035981288,0,6000000000,459001,465001,438001,27000,0,6000,0.6,0,0.6
6,152,1,2000000,72.07147077727774,38061738.959492095,9000000000,463342,465142,453001,12141,53,1800,0,0.01576386198850665,0.01576386198850665
6,153,1,5000000,68.5346751652038,44371754.39829628,4000000000,467142,467942,456001,11941,113,800,0,0.033805289431097965,0.033805289431097965
6,148,0,7000000,142.05101689181953,0,4000000000,465001,469001,441001,28000,0,4000,0.39999999999999997,0,0.39999999999999997
6,150,0,4000000,97.1925496115829,0,2000000000,469001,471001,447001,24000,0,2000,0.19999999999999998,0,0.19999999999999998
6,154,1,2000000,75.71818275685173,32557872.40135832,8000000000,469542,471142,459001,12141,61,1600,0,0.018428722632839113,0.018428722632839113
6,151,0,2000000,83.52070701329106,0,3000000000,471001,474001,450001,24000,0,3000,0.3,0,0.3
6,156,1,2000000,94.58451987508309,15183037.949342685,6000000000,474142,475342,465001,10341,132,1200,0,0.0395177830683072,0.0395177830683072
6,155,0,6000000,86.78113274208862,0,6000000000,474001,480001,462001,18000,0,6000,0.6,0,0.6
6,162,1,2000000,174.72559343152912,1436770.5890891692,5000000000,485394,486394,483001,3393,1392,1000,0,0.4176032030140357,0.4176032030140357
6,157,0,9000000,115.43668957484881,0,7000000000,480001,487001,468001,19000,0,7000,0.7,0,0.7
6,163,1,8000000,143.42267080207372,3127701.1848047273,7000000000,488559,489959,486001,3958,2558,1400,0,0.7673367301390206,0.7673367301390206
6,164,1,2000000,114.04174016560778,7583370.609184323,10000000000,489959,491959,489001,2958,264,2000,0,0.07912049020436003,0.07912049020436003
6,158,0,4000000,138.69952343104856,0,5000000000,487001,492001,471001,21000,0,5000,0.49999999999999994,0,0.49999999999999994
6,165,1,9000000,88.38672807610877,19325236.954886936,4000000000,492467,493267,492001,1266,466,800,0,0.13971368145720087,0.13971368145720087
6,159,0,4000000,166.29108093941775,0,3000000000,492001,495001,474001,21000,0,3000,0.3,0,0.3
6,166,1,7000000,70.71801538504884,40354916.80167201,7000000000,495174,496574,495001,1573,173,1400,0,0.05203826860356683,0.05203826860356683
6,167,1,10000000,73.465203327834,35846766.57526521,9000000000,499974,501774,498001,3773,279,1800,0,0.08368955659364948,0.08368955659364948
6,160,0,6000000,198.0758422927945,0,9000000000,495001,504001,477001,27000,0,9000,0.8999999999999999,0,0.8999999999999999
6,169,1,7000000,121.82388353685002,5893249.577073667,7000000000,505189,506589,504001,2588,1188,1400,0,0.35633990594417847,0.35633990594417847
6,161,0,7000000,207.08113434110794,0,4000000000,504001,508001,480001,28000,0,4000,0.39999999999999997,0,0.39999999999999997
6,171,1,4000000,174.55703394592837,1442273.0602714587,4000000000,512774,513574,510001,3573,2773,800,0,0.8320199780852462,0.8320199780852462
6,168,0,8000000,94.75870091975723,0,9000000000,508001,517001,501001,16000,0,9000,0.8999999999999999,0,0.8999999999999999
6,172,1,4000000,202.1015017262366,806192.0531399498,7000000000,517963,519363,513001,6362,4962,1400,0,1.488479073102061,1.488479073102061
6,170,0,6000000,146.94729429288583,0,3000000000,517001,520001,507001,13000,0,3000,0.3,0,0.3
6,173,1,6000000,209.0294266365384,705004.8320926337,3000000000,524512,525112,516001,9111,8511,600,0,2.5531739898252073,2.5531739898252073
6,174,0,4000000,198.94296117229177,0,7000000000,520001,527001,519001,8000,0,7000,0.7,0,0.7
6,175,1,4000000,194.17599079185874,945181.7091876948,7000000000,526233,527633,522001,5632,4232,1400,0,1.269597145538608,1.269597145538608
6,176,0,5000000,195.29334269247377,0,3000000000,527001,530001,525001,5000,0,3000,0.3,0,0.3
6,177,0,9000000,202.33281197077255,0,9000000000,530001,539001,528001,11000,0,9000,0.8999999999999999,0,0.8999999999999999
6,178,1,8000000,194.6735824399397,935617.2037013756,7000000000,539552,540952,531001,9951,8551,1400,0,2.5651516352044514,2.5651516352044514
6,179,0,5000000,198.16584216256848,0,7000000000,539001,546001,534001,12000,0,7000,0.7,0,0.7
6,180,0,3000000,207.69748794821763,0,3000000000,546001,549001,537001,12000,0,3000,0.3,0,0.3
6,182,1,5000000,197.28315006609157,887384.4382987153,3000000000,548636,549236,543001,6235,5635,600,0,1.6903609475908608,1.6903609475908608
6,181,0,7000000,209.84021826141907,0,8000000000,549001,557001,540001,17000,0,8000,0.7999999999999999,0,0.7999999999999999
6,183,1,9000000,191.29912728499315,1002931.4215527064,4000000000,557334,558134,546001,12133,8974,800,0,2.6921082957197076,2.6921082957197076
6,184,1,7000000,191.6862879811699,994908.6580524655,2000000000,558934,559334,549001,10333,7036,400,0,2.1107465323608214,2.1107465323608214
6,185,0,9000000,198.4778811354051,0,4000000000,557001,561001,552001,9000,0,4000,0.39999999999999997,0,0.39999999999999997
6,187,0,7000000,187.95277731387742,0,3000000000,561001,564001,558001,6000,0,3000,0.3,0,0.3
6,188,1,4000000,158.02124066086813,2137148.0373426457,5000000000,564722,565722,561001,4721,1872,1000,0,0.5614959651985988,0.5614959651985988
6,186,1,7000000,208.57161767603955,711184.5926492425,7000000000,566522,567922,555001,12921,9843,1400,0,2.9528198750443457,2.9528198750443457
6,189,0,3000000,130.68185222133945,0,4000000000,564001,568001,564001,4000,0,4000,0.39999999999999997,0,0.39999999999999997
6,191,1,7000000,77.36845998208835,30359703.95778005,4000000000,573322,574122,570001,4121,231,800,0,0.06917063496140742,0.06917063496140742
6,190,0,6000000,103.04144457450118,0,9000000000,568001,577001,567001,10000,0,9000,0.8999999999999999,0,0.8999999999999999
6,192,0,9000000,64.76762540034953,0,7000000000,577001,584001,573001,11000,0,7000,0.7,0,0.7
6,193,0,10000000,78.84499286574898,0,2000000000,584001,586001,576001,10000,0,2000,0.19999999999999998,0,0.19999999999999998
6,195,1,7000000,133.9356894184668,4085122.344957029,3000000000,589122,589722,582001,7721,1714,600,0,0.5140604913809723,0.5140604913809723
6,196,1,5000000,165.38189048381324,1785695.641187682,7000000000,590322,591722,585001,6721,2800,1400,0,0.8400087704768864,0.8400087704768864
6,194,0,8000000,104.00013124991719,0,8000000000,586001,594001,579001,15000,0,8000,0.7999999999999999,0,0.7999999999999999
6,197,1,9000000,174.0341161956471,1459510.6694019756,8000000000,594167,595767,588001,7766,6166,1600,0,1.849935088933818,1.849935088933818
6,198,1,7000000,175.1478506862131,1423100.4763447372,7000000000,596567,597967,591001,6966,4919,1400,0,1.4756512522530336,1.4756512522530336
6,199,0,2000000,189.78626557261725,0,5000000000,594001,599001,594001,5000,0,5000,0.49999999999999994,0,0.49999999999999994
6,201,0,6000000,182.03183924797332,0,5000000000,600001,605001,600001,5000,0,5000,0.49999999999999994,0,0.49999999999999994
6,200,1,3000000,215.71656218287922,621925.446096961,3000000000,611381,611981,597001,14980,4824,600,0,1.4471187915660326,1.4471187915660326
6,203,0,8000000,124.31240847156009,0,8000000000,606001,614001,606001,8000,0,8000,0.7999999999999999,0,0.7999999999999999
6,202,1,6000000,150.89444058678902,2562802.929509758,4000000000,614381,615181,603001,12180,2341,800,0,0.7023559943972455,0.7023559943972455
6,204,1,6000000,101.11935521946329,11898655.266856804,9000000000,615581,617381,609001,8380,504,1800,0,0.1512775989916964,0.1512775989916964
6,205,1,5000000,80.51720064681831,26609102.80888462,4000000000,617381,618181,612001,6180,188,800,0,0.05637168644029437,0.05637168644029437
6,206,1,4000000,76.94947043352542,30901800.335728306,2000000000,622981,623381,615001,8380,129,400,0,0.038832688936009135,0.038832688936009135
6,207,0,8000000,70.00846805922836,0,7000000000,618001,625001,618001,7000,0,7000,0.7,0,0.7
6,208,0,8000000,65.21225114961142,0,7000000000,625001,632001,621001,11000,0,7000,0.7,0,0.7
6,209,1,5000000,72.24055509199796,37785282.38673371,5000000000,631581,632581,624001,8580,132,1000,0,0.039697996289863514,0.039697996289863514
6,212,0,9000000,123.54063299174082,0,2000000000,633001,635001,633001,2000,0,2000,0.19999999999999998,0,0.19999999999999998
6,210,1,9000000,82.68692339179152,24328057.17412529,10000000000,634981,636981,627001,9980,370,2000,0,0.11098296837577527,0.11098296837577527
6,211,1,6000000,100.36504570815485,12231383.475905087,6000000000,638581,639781,630001,9780,491,1200,0,0.1471624206326182,0.1471624206326182
6,213,0,10000000,148.53689709967693,0,6000000000,636001,642001,636001,6000,0,6000,0.6,0,0.6
6,214,0,5000000,171.54091407008414,0,9000000000,642001,651001,639001,12000,0,9000,0.8999999999999999,0,0.8999999999999999
6,217,1,3000000,189.52366870657607,1040771.0340031683,5000000000,650883,651883,648001,3882,2882,1000,0,0.8647435128342169,0.8647435128342169
6,216,1,9000000,210.73468556457428,682567.1280540928,9000000000,658187,659987,645001,14986,13186,1800,0,3.9556548931638966,3.9556548931638966
6,215,0,9000000,198.23951674678793,0,10000000000,651001,661001,642001,19000,0,10000,0.9999999999999999,0,0.9999999999999999
6,218,0,6000000,201.31761274165763,0,6000000000,661001,667001,651001,16000,0,6000,0.6,0,0.6
6,219,0,10000000,221.4291229716633,0,2000000000,667001,669001,654001,15000,0,2000,0.19999999999999998,0,0.19999999999999998
6,222,1,7000000,200.72035272986147,828483.3767833763,5000000000,672754,673754,663001,10753,8449,1000,0,2.534752125206596,2.534752125206596
6,225,1,2000000,161.84899907012084,1944637.474155071,3000000000,673754,674354,672001,2353,1028,600,0,0.30854079897884057,0.30854079897884057
6,220,0,8000000,240.0783732450718,0,7000000000,669001,676001,657001,19000,0,7000,0.7,0,0.7
6,226,1,2000000,156.3603843689315,2227997.475865003,6000000000,676724,677924,675001,2923,898,1200,0,0.26930012556098365,0.26930012556098365
6,221,0,5000000,220.72532546130725,0,2000000000,676001,678001,660001,18000,0,2000,0.19999999999999998,0,0.19999999999999998
6,223,0,5000000,180.93410651394612,0,6000000000,678001,684001,666001,18000,0,6000,0.6,0,0.6
6,228,1,10000000,138.7337842776589,3561649.165187255,2000000000,683809,684209,681001,3208,2808,400,0,0.8423064318976161,0.8423064318976161
6,224,0,7000000,165.12041454647576,0,5000000000,684001,689001,669001,20000,0,5000,0.49999999999999994,0,0.49999999999999994
6,232,1,8000000,135.16880150389738,3942023.865875981,7000000000,695614,697014,693001,4013,2029,1400,0,0.608824320110168,0.608824320110168
6,227,0,8000000,145.64278835562024,0,10000000000,689001,699001,678001,21000,0,10000,0.9999999999999999,0,0.9999999999999999
6,233,1,4000000,140.55163108267374,3385105.615015692,6000000000,699614,700814,696001,4813,1182,1200,0,0.35449410933503095,0.35449410933503095
6,229,0,3000000,151.12012738215913,0,7000000000,699001,706001,684001,22000,0,7000,0.7,0,0.7
6,230,0,7000000,143.32817517850424,0,2000000000,706001,708001,687001,21000,0,2000,0.19999999999999998,0,0.19999999999999998
6,235,1,10000000,164.27258596613132,1833806.2080259856,8000000000,707454,709054,702001,7053,5453,1600,0,1.6359416752271618,1.6359416752271618
6,231,0,4000000,138.08712068835382,0,7000000000,708001,715001,690001,25000,0,7000,0.7,0,0.7
6,234,0,4000000,150.7335297802052,0,2000000000,715001,717001,699001,18000,0,2000,0.19999999999999998,0,0.19999999999999998
6,236,0,6000000,181.68669736664813,0,9000000000,717001,726001,705001,21000,0,9000,0.8999999999999999,0,0.8999999999999999
6,241,1,5000000,206.46748920834972,740471.183987087,8000000000,726753,728353,720001,8352,6752,1600,0,2.025737169032304,2.025737169032304
6,237,0,4000000,201.41250234282884,0,8000000000,726001,734001,708001,26000,0,8000,0.7999999999999999,0,0.7999999999999999
6,240,1,10000000,226.17469531315828,515013.356753128,9000000000,736418,738218,717001,21217,19417,1800,0,5.825091642114541,5.825091642114541
6,238,0,9000000,220.91956771639758,0,7000000000,734001,741001,711001,30000,0,7000,0.7,0,0.7
6,249,1,10000000,89.70373124904,18344715.975167725,5000000000,744546,745546,744001,1545,545,1000,0,0.16353482954224757,0.16353482954224757
6,239,0,7000000,240.81665100237564,0,5000000000,741001,746001,714001,32000,0,5000,0.49999999999999994,0,0.49999999999999994
6,242,0,7000000,192.73459808762928,0,5000000000,746001,751001,723001,28000,0,5000,0.49999999999999994,0,0.49999999999999994
6,252,1,7000000,71.49526697621322,39020376.07275213,8000000000,754196,755796,753001,2795,179,1600,0,0.05381803589193049,0.05381803589193049
6,243,0,5000000,211.21141825194962,0,5000000000,751001,756001,726001,30000,0,5000,0.49999999999999994,0,0.49999999999999994
6,253,1,4000000,84.98841921109019,22147807.303729057,8000000000,757396,758996,756001,2995,181,1600,0,0.05418143582087037,0.05418143582087037
6,244,0,7000000,200.69033858160688,0,4000000000,756001,760001,729001,31000,0,4000,0.39999999999999997,0,0.39999999999999997
6,245,0,8000000,176.26250650663064,0,4000000000,760001,764001,732001,32000,0,4000,0.39999999999999997,0,0.39999999999999997
6,255,1,4000000,106.25399098386846,9899720.025409272,8000000000,765796,767396,762001,5395,404,1600,0,0.121215549219574,0.121215549219574
6,246,0,4000000,152.28644227244914,0,9000000000,764001,773001,735001,38000,0,9000,0.8999999999999999,0,0.8999999999999999
6,258,1,7000000,136.7228561726239,3770352.86616931,2000000000,772858,773258,771001,2257,1857,400,0,0.5569770455287932,0.5569770455287932
6,260,1,5000000,136.7228561726239,3770352.86616931,6000000000,778327,779527,777001,2526,1326,1200,0,0.3978407468062809,0.3978407468062809
6,247,0,3000000,128.1990830700438,0,7000000000,773001,780001,738001,42000,0,7000,0.7,0,0.7
6,248,0,9000000,105.79224215413907,0,3000000000,780001,783001,741001,42000,0,3000,0.3,0,0.3
6,263,1,5000000,179.86457711289347,1280860.3218012922,5000000000,789905,790905,786001,4904,3904,1000,0,1.1710878809100187,1.1710878809100187
6,250,0,5000000,76.5228972269085,0,8000000000,783001,791001,747001,44000,0,8000,0.7999999999999999,0,0.7999999999999999
6,251,0,6000000,68.70239733808421,0,4000000000,791001,795001,750001,45000,0,4000,0.39999999999999997,0,0.39999999999999997
6,265,1,2000000,192.938433703604,969502.778882596,9000000000,794064,795864,792001,3863,2063,1800,0,0.6188739352470266,0.6188739352470266
6,254,0,9000000,88.28060092681748,0,3000000000,795001,798001,759001,39000,0,3000,0.3,0,0.3
6,266,1,5000000,160.9731816173116,1986723.1153329783,9000000000,799893,801693,795001,6692,2517,1800,0,0.7550121043156018,0.7550121043156018
6,267,1,7000000,130.3658256599482,4536925.929755319,6000000000,802693,803893,798001,5892,1543,1200,0,0.462868478021032,0.462868478021032
6,256,0,4000000,128.66252679004873,0,10000000000,798001,808001,765001,43000,0,10000,0.9999999999999999,0,0.9999999999999999
6,268,1,9000000,102.28239535716789,11406511.864885043,8000000000,806493,808093,801001,7092,789,1600,0,0.2367068944461411,0.2367068944461411
6,257,0,2000000,136.7228561726239,0,3000000000,808001,811001,768001,43000,0,3000,0.3,0,0.3
6,270,1,7000000,68.13887289939572,45144359.37020171,6000000000,815093,816293,807001,9292,155,1200,0,0.0465174393721963,0.0465174393721963
6,259,0,4000000,136.7228561726239,0,7000000000,811001,818001,774001,44000,0,7000,0.7,0,0.7
6,261,0,3000000,137.76203903833596,0,4000000000,818001,822001,780001,42000,0,4000,0.39999999999999997,0,0.39999999999999997
6,274,1,9000000,69.1849875334238,43132596.119243264,4000000000,821893,822693,819001,3692,209,800,0,0.06259766958000046,0.06259766958000046
6,262,0,3000000,151.57676932828463,0,7000000000,822001,829001,783001,46000,0,7000,0.7,0,0.7
6,264,0,9000000,212.2467651108021,0,9000000000,829001,838001,789001,49000,0,9000,0.8999999999999999,0,0.8999999999999999
6,269,0,6000000,79.36739002890295,0,4000000000,838001,842001,804001,38000,0,4000,0.39999999999999997,0,0.39999999999999997
6,281,1,7000000,104.90727191191277,10382327.462901438,8000000000,842165,843765,840001,3764,674,1600,0,0.20226678531416073,0.20226678531416073
6,282,1,4000000,131.52839997506243,4383345.135031368,9000000000,843914,845714,843001,2713,913,1800,0,0.2737635214735179,0.2737635214735179
6,271,0,8000000,66.76715435002455,0,6000000000,842001,848001,810001,38000,0,6000,0.6,0,0.6
6,272,0,2000000,80.33000995891886,0,7000000000,848001,855001,813001,42000,0,7000,0.7,0,0.7
6,285,1,6000000,209.89972010462517,693440.5612683698,4000000000,861134,861934,852001,9933,8653,800,0,2.595752398313168,2.595752398313168
6,273,0,4000000,65.96626789503864,0,10000000000,855001,865001,816001,49000,0,10000,0.9999999999999999,0,0.9999999999999999
6,288,1,5000000,196.08249003926895,909181.8913444314,10000000000,867720,869720,861001,8719,5499,2000,0,1.6498348837347718,1.6498348837347718
6,275,0,2000000,83.80789759921194,0,6000000000,865001,871001,822001,49000,0,6000,0.6,0,0.6
6,289,1,5000000,198.0210342362649,874310.9568341515,6000000000,874520,875720,864001,11719,5719,1200,0,1.7156367403097017,1.7156367403097017
6,276,0,9000000,104.76012218396845,0,9000000000,871001,880001,825001,55000,0,9000,0.8999999999999999,0,0.8999999999999999
6,277,0,2000000,100.2339233992165,0,10000000000,880001,890001,828001,62000,0,10000,0.9999999999999999,0,0.9999999999999999
6,293,1,4000000,223.02611192414219,544606.1020295563,9000000000,889320,891120,876001,15119,7345,1800,0,2.20342738637709,2.20342738637709
6,294,1,2000000,239.75520348889196,408173.06843298615,9000000000,891120,892920,879001,13919,4900,1800,0,1.4699646948865466,1.4699646948865466
6,278,0,2000000,80.69624650502647,0,8000000000,890001,898001,831001,67000,0,8000,0.7999999999999999,0,0.7999999999999999
6,292,1,10000000,209.56238212045596,697894.7688485831,7000000000,899120,900520,873001,27519,14329,1400,0,4.298642336794599,4.298642336794599
6,300,1,2000000,194.4185361533205,940504.4684324657,7000000000,899890,901290,897001,4289,2127,1400,0,0.6379555016894467,0.6379555016894467
6,279,0,8000000,67.92329570920421,0,8000000000,898001,906001,834001,72000,0,8000,0.7999999999999999,0,0.7999999999999999
6,299,1,9000000,196.82576482767698,895610.5046770052,10000000000,905908,907908,894001,13907,10049,2000,0,3.0147033625668933,3.0147033625668933
6,280,0,5000000,80.3803383919227,0,6000000000,906001,912001,837001,75000,0,6000,0.6,0,0.6
6,301,1,10000000,194.28479919952562,943079.876067893,4000000000,913708,914508,900001,14507,10604,800,0,3.1810667114521567,3.1810667114521567
6,304,1,3000000,201.52317236486726,815434.0404267126,10000000000,916108,918108,909001,9107,3679,2000,0,1.103706683043345,1.103706683043345
6,283,0,4000000,157.65543219312173,0,7000000000,912001,919001,846001,73000,0,7000,0.7,0,0.7
6,284,0,4000000,186.46849868007195,0,7000000000,919001,926001,849001,77000,0,7000,0.7,0,0.7
6,286,0,7000000,204.4331785694289,0,2000000000,926001,928001,855001,73000,0,2000,0.19999999999999998,0,0.19999999999999998
6,287,0,6000000,196.19227940976677,0,4000000000,928001,932001,858001,74000,0,4000,0.39999999999999997,0,0.39999999999999997
6,290,0,3000000,194.73602671308663,0,3000000000,932001,935001,867001,68000,0,3000,0.3,0,0.3
6,312,1,2000000,196.1540048023491,907865.0249682561,2000000000,935204,935604,933001,2603,2203,400,0,0.6608911936231702,0.6608911936231702
6,291,0,9000000,199.8884433878057,0,10000000000,935001,945001,870001,75000,0,10000,0.9999999999999999,0,0.9999999999999999
6,313,1,9000000,190.84433578180938,1012458.7710872006,4000000000,945317,946117,936001,10116,8889,800,0,2.6667752575254795,2.6667752575254795
6,308,1,10000000,249.2392601497605,349644.77361467655,4000000000,949601,950401,921001,29400,28600,800,0,8.58013683140629,8.58013683140629
6,295,0,9000000,252.68517427819148,0,7000000000,945001,952001,882001,70000,0,7000,0.7,0,0.7
6,296,0,3000000,233.6851257568611,0,2000000000,952001,954001,885001,69000,0,2000,0.19999999999999998,0,0.19999999999999998
6,316,1,6000000,208.06227192838205,718139.5753573205,2000000000,955601,956001,945001,11000,8355,400,0,2.5064765426754048,2.5064765426754048
6,320,1,4000000,154.91033019137234,2311256.494034091,6000000000,958732,959932,957001,2931,1731,1200,0,0.5191981085169425,0.5191981085169425
6,297,0,7000000,217.57259225371195,0,10000000000,954001,964001,888001,76000,0,10000,0.9999999999999999,0,0.9999999999999999
6,321,1,10000000,132.7855959808894,4224382.45634131,4000000000,963810,964610,960001,4609,2367,800,0,0.7101629719857955,0.7101629719857955
6,324,1,4000000,119.61216033497598,6322277.16452895,5000000000,969634,970634,969001,1633,633,1000,0,0.1898050289115105,0.1898050289115105
6,298,0,9000000,205.11207716758173,0,7000000000,964001,971001,891001,80000,0,7000,0.7,0,0.7
6,302,0,7000000,193.3046036699592,0,6000000000,971001,977001,903001,74000,0,6000,0.6,0,0.6
6,327,1,7000000,63.61385147906076,55047909.151552245,9000000000,978833,980633,978001,2632,127,1800,0,0.03814858788221177,0.03814858788221177
6,328,1,9000000,54.61549688504169,81784355.09538433,10000000000,981833,983833,981001,2832,110,2000,0,0.033013649087909484,0.033013649087909484
6,303,0,3000000,194.9927508908985,0,9000000000,977001,986001,906001,80000,0,9000,0.8999999999999999,0,0.8999999999999999
6,329,1,9000000,57.07062642025228,73428242.07316688,9000000000,984233,986033,984001,2032,123,1800,0,0.03677059294582608,0.03677059294582608
6,305,0,10000000,212.39360560054533,0,2000000000,986001,988001,912001,76000,0,2000,0.19999999999999998,0,0.19999999999999998
6,331,1,4000000,90.62895618950931,17690365.97243937,5000000000,991399,992399,990001,2398,226,1000,0,0.06783353164482492,0.06783353164482492
6,306,0,2000000,227.07861303962554,0,8000000000,988001,996001,915001,81000,0,8000,0.7999999999999999,0,0.7999999999999999
7,2,0,2000000,231.19806919608993,0,2000000000,3001,5001,3001,2000,0,2000,0.19999999999999998,0,0.19999999999999998
7,4,0,4000000,202.47535800684486,0,3000000000,9001,12001,9001,3000,0,3000,0.3,0,0.3
7,1,1,7000000,236.89322531469742,428198.95858118497,6000000000,16775,17975,1,17974,16348,1200,0,4.9042622778865255,4.9042622778865255
7,6,0,3000000,190.16276107587416,0,3000000000,15001,18001,15001,3000,0,3000,0.3,0,0.3
7,7,0,6000000,189.7640513901408,0,4000000000,18001,22001,18001,4000,0,4000,0.39999999999999997,0,0.39999999999999997
7,3,1,8000000,216.73473487191663,610369.8150588513,7000000000,22575,23975,6001,17974,13107,1400,0,3.9320424123014575,3.9320424123014575
7,5,1,10000000,193.33068509680504,961710.5976820661,9000000000,26375,28175,12001,16174,10398,1800,0,3.11944155261537,3.11944155261537
7,9,0,10000000,153.6325811799047,0,5000000000,24001,29001,24001,5000,0,5000,0.49999999999999994,0,0.49999999999999994
7,8,1,3000000,179.01422569170307,1305151.171607653,5000000000,28175,29175,21001,8174,2299,1000,0,0.6895752917965834,0.6895752917965834
7,10,1,9000000,131.8356450281941,4343827.603648477,6000000000,31175,32375,27001,5374,2072,1200,0,0.621571629070226,0.621571629070226
7,11,0,3000000,122.28395029602208,0,3000000000,30001,33001,30001,3000,0,3000,0.3,0,0.3
7,12,0,3000000,121.76289911134673,0,6000000000,33001,39001,33001,6000,0,6000,0.6,0,0.6
7,14,1,8000000,110.3809050515532,8579969.646177165,7000000000,40606,42006,39001,3005,932,1400,0,0.2797212693018475,0.2797212693018475
7,15,1,3000000,114.38739135062045,7496705.201067521,3000000000,46006,46606,42001,4605,400,600,0,0.12005273995192463,0.12005273995192463
7,13,0,4000000,115.95921912465606,0,8000000000,39001,47001,36001,11000,0,8000,0.7999999999999999,0,0.7999999999999999
7,16,0,7000000,127.69673645007532,0,2000000000,47001,49001,45001,4000,0,2000,0.19999999999999998,0,0.19999999999999998
7,17,1,7000000,148.05223841604015,2761508.690715174,3000000000,50536,51136,48001,3135,2535,600,0,0.7604538805402575,0.7604538805402575
7,18,1,7000000,171.51273917700692,1546311.9261886775,8000000000,55528,57128,51001,6127,4527,1600,0,1.3580701050246977,1.3580701050246977
7,20,0,2000000,161.5183983328215,0,10000000000,57001,67001,57001,10000,0,10000,0.9999999999999999,0,0.9999999999999999
7,19,1,10000000,167.9452791834293,1680375.5686587745,3000000000,74019,74619,54001,20618,5951,600,0,1.7853151735564152,1.7853151735564152
7,22,1,3000000,169.28591731151175,1628363.6774153467,2000000000,76219,76619,63001,13618,1842,400,0,0.5527020852175623,0.5527020852175623
7,21,0,2000000,162.18407936662587,0,10000000000,67001,77001,60001,17000,0,10000,0.9999999999999999,0,0.9999999999999999
7,24,0,8000000,190.1137188632109,0,3000000000,77001,80001,69001,11000,0,3000,0.3,0,0.3
7,27,0,8000000,193.19351567793368,0,3000000000,80001,83001,78001,5000,0,3000,0.3,0,0.3
7,23,1,8000000,187.891990515828,1077125.334767098,7000000000,81619,83019,66001,17018,7427,1400,0,2.228152957259093,2.228152957259093
7,25,1,2000000,190.1137188632109,1028001.4293000976,5000000000,84219,85219,72001,13218,1946,1000,0,0.5836567760499154,0.5836567760499154
7,28,0,3000000,206.94840758024688,0,5000000000,83001,88001,81001,7000,0,5000,0.49999999999999994,0,0.49999999999999994
7,30,0,3000000,185.9788420761889,0,3000000000,88001,91001,87001,4000,0,3000,0.3,0,0.3
7,26,1,6000000,190.1137188632109,1028001.4293000976,3000000000,91619,92219,75001,17218,5837,600,0,1.7509703281497462,1.7509703281497462
7,32,0,5000000,139.94964272909021,0,3000000000,93001,96001,93001,3000,0,3000,0.3,0,0.3
7,29,1,4000000,211.33748957532356,674848.9195728729,8000000000,94614,96214,84001,12213,5927,1600,0,1.7781757741562467,1.7781757741562467
7,33,0,2000000,117.9371103597167,0,2000000000,96001,98001,96001,2000,0,2000,0.19999999999999998,0,0.19999999999999998
7,31,1,2000000,163.63238951992358,1862303.9785822842,7000000000,102614,104014,90001,14013,1074,1400,0,0.32218155945559535,0.32218155945559535
7,34,0,8000000,98.74715236400492,0,7000000000,99001,106001,99001,7000,0,7000,0.7,0,0.7
7,35,0,8000000,85.40818754662813,0,10000000000,106001,116001,102001,14000,0,10000,0.9999999999999999,0,0.9999999999999999
7,36,0,3000000,77.58425097917745,0,7000000000,116001,123001,105001,18000,0,7000,0.7,0,0.7
7,38,1,8000000,88.88297587277334,18948808.93338366,8000000000,126814,128414,111001,17413,422,1600,0,0.1266570373070639,0.1266570373070639
7,39,1,10000000,104.44491801902096,10554485.44513169,4000000000,129014,129814,114001,15813,947,800,0,0.28423934218259456,0.28423934218259456
7,40,1,4000000,124.70284439418371,5386713.156956801,2000000000,129814,130214,117001,13213,743,400,0,0.22277035458073927,0.22277035458073927
7,37,0,3000000,79.11708033035596,0,8000000000,123001,131001,108001,23000,0,8000,0.7999999999999999,0,0.7999999999999999
7,41,0,7000000,147.22572940895895,0,5000000000,131001,136001,120001,16000,0,5000,0.49999999999999994,0,0.49999999999999994
7,46,1,3000000,193.6980005059422,954484.3508557953,2000000000,138144,138544,135001,3543,3143,400,0,0.9429175022021635,0.9429175022021635
7,43,1,7000000,177.74756397768152,1342405.9673314083,4000000000,138614,139414,126001,13413,5215,800,0,1.5643553821312532,1.5643553821312532
7,42,0,3000000,170.7585078407515,0,5000000000,136001,141001,123001,18000,0,5000,0.49999999999999994,0,0.49999999999999994
7,44,1,7000000,200.67747880616795,829187.5570390134,3000000000,142214,142814,129001,13813,8442,600,0,2.532599509209947,2.532599509209947
7,48,1,9000000,144.85755106310475,3008115.1935582696,10000000000,144288,146288,141001,5287,2992,2000,0,0.8975720098026555,0.8975720098026555
7,49,1,6000000,122.40594307467263,5786299.023040224,10000000000,146288,148288,144001,4287,1037,2000,0,0.3110796716230279,0.3110796716230279
7,45,0,3000000,216.8492822215467,0,10000000000,141001,151001,132001,19000,0,10000,0.9999999999999999,0,0.9999999999999999
7,50,1,9000000,104.17370493555465,10657062.815142438,9000000000,150488,152288,147001,5287,845,1800,0,0.2533531092791924,0.2533531092791924
7,53,1,9000000,78.04651497664713,29504665.849049766,9000000000,156306,158106,156001,2105,305,1800,0,0.09151094995664752,0.09151094995664752
7,47,0,7000000,168.79472088901358,0,8000000000,151001,159001,138001,21000,0,8000,0.7999999999999999,0,0.7999999999999999
7,55,1,7000000,55.55111610039894,78497136.30409807,5000000000,162361,163361,162001,1360,89,1000,0,0.02675256829579866,0.02675256829579866
7,51,0,6000000,87.93436472733511,0,5000000000,159001,164001,150001,14000,0,5000,0.49999999999999994,0,0.49999999999999994
7,56,1,7000000,31.630365157550706,215123311.7144882,8000000000,165034,166634,165001,1633,33,1600,0,0.009761843025116316,0.009761843025116316
7,52,0,10000000,78.08983160437724,0,5000000000,164001,169001,153001,16000,0,5000,0.49999999999999994,0,0.49999999999999994
7,58,1,3000000,37.34560750610429,170566214.43481827,10000000000,171019,173019,171001,2018,18,2000,0,0.005276543206297952,0.005276543206297952
7,54,0,2000000,74.38472491042768,0,6000000000,169001,175001,159001,16000,0,6000,0.6,0,0.6
7,57,0,9000000,20.978007531698548,0,4000000000,175001,179001,168001,11000,0,4000,0.39999999999999997,0,0.39999999999999997
7,62,1,8000000,21.008553020139235,330183942.4635191,4000000000,183025,183825,183001,824,24,800,0,0.007268675702680992,0.007268675702680992
7,63,1,5000000,38.98570250745783,159425632.41081336,3000000000,186032,186632,186001,631,31,600,0,0.009408775598485627,0.009408775598485627
7,59,0,2000000,62.16375793016382,0,8000000000,179001,187001,174001,13000,0,8000,0.7999999999999999,0,0.7999999999999999
7,60,0,6000000,55.03901343592562,0,2000000000,187001,189001,177001,12000,0,2000,0.19999999999999998,0,0.19999999999999998
7,64,1,6000000,62.993498870915275,56571040.45663932,2000000000,191216,191616,189001,2615,106,400,0,0.03181840011197368,0.03181840011197368
7,61,0,10000000,32.82879833317081,0,4000000000,189001,193001,180001,13000,0,4000,0.39999999999999997,0,0.39999999999999997
7,65,1,5000000,68.73032081985362,43995032.93463571,9000000000,192115,193915,192001,1914,114,1800,0,0.03409475797480546,0.03409475797480546
7,66,0,3000000,77.65716579942897,0,4000000000,195001,199001,195001,4000,0,4000,0.39999999999999997,0,0.39999999999999997
7,67,1,5000000,97.76503464940828,13466165.306959838,7000000000,198372,199772,198001,1771,371,1400,0,0.11139028563868451,0.11139028563868451
7,68,1,8000000,112.04417432423696,8108685.994689491,4000000000,202772,203572,201001,2571,987,800,0,0.29597890479071437,0.29597890479071437
7,69,1,6000000,135.3800003693308,3918137.000044338,6000000000,205972,207172,204001,3171,1531,1200,0,0.4594020066117216,0.4594020066117216
7,70,1,5000000,167.9360143030672,1680742.1315901123,6000000000,211021,212221,207001,5220,2975,1200,0,0.8924629018378231,0.8924629018378231
7,71,1,2000000,191.9685612281344,989109.6898185564,5000000000,213221,214221,210001,4220,2022,1000,0,0.6066061289017043,0.6066061289017043
7,73,0,7000000,190.72713283641636,0,7000000000,216001,223001,216001,7000,0,7000,0.7,0,0.7
7,74,0,10000000,167.24367133018814,0,10000000000,223001,233001,219001,14000,0,10000,0.9999999999999999,0,0.9999999999999999
7,76,0,9000000,116.38698294912537,0,10000000000,233001,243001,225001,18000,0,10000,0.9999999999999999,0,0.9999999999999999
7,78,0,5000000,82.48669286618296,0,8000000000,243001,251001,231001,20000,0,8000,0.7999999999999999,0,0.7999999999999999
7,75,1,10000000,141.0890902940408,3334986.6076281937,4000000000,252623,253423,222001,31422,2999,800,0,0.8995538372292198,0.8995538372292198
7,72,1,9000000,218.30819613564674,593033.489290811,3000000000,259623,260223,213001,47222,15176,600,0,4.552862610219265,4.552862610219265
7,79,0,8000000,71.0909790339112,0,10000000000,251001,261001,234001,27000,0,10000,0.9999999999999999,0,0.9999999999999999
7,77,1,6000000,95.34326405153122,14751089.464310503,6000000000,260223,261423,228001,33422,407,1200,0,0.12202488530457407,0.12202488530457407
7,83,0,7000000,96.84541083603284,0,2000000000,261001,263001,246001,17000,0,2000,0.19999999999999998,0,0.19999999999999998
7,86,0,9000000,154.52679055749527,0,6000000000,263001,269001,255001,14000,0,6000,0.6,0,0.6
7,80,1,6000000,69.0560496987773,43375334.306287386,9000000000,272023,273823,237001,36822,138,1800,0,0.04149823923637367,0.04149823923637367
7,89,0,7000000,207.5815418094778,0,7000000000,269001,276001,264001,12000,0,7000,0.7,0,0.7
7,90,1,7000000,203.4566600040411,785041.8652219287,6000000000,277579,278779,267001,11778,8917,1200,0,2.6750165730414097,2.6750165730414097
7,81,1,7000000,76.68994197415984,31242961.041997347,7000000000,278023,279423,240001,39422,224,1400,0,0.06721513998552002,0.06721513998552002
7,91,0,3000000,192.0034353859326,0,4000000000,276001,280001,270001,10000,0,4000,0.39999999999999997,0,0.39999999999999997
7,92,1,7000000,167.1120641964547,1713742.2694062802,7000000000,279979,281379,273001,8378,4085,1400,0,1.2253884597988807,1.2253884597988807
7,93,1,6000000,139.91377701999184,3445797.236787979,4000000000,283379,284179,276001,8178,1741,800,0,0.522375484193574,0.522375484193574
7,94,1,2000000,113.56235511823446,7705585.787215015,5000000000,285379,286379,279001,7378,260,1000,0,0.07786559212610551,0.07786559212610551
7,82,1,2000000,88.12350991648023,19528409.810585517,5000000000,287823,288823,243001,45822,102,1000,0,0.03072446788139225,0.03072446788139225
7,95,1,9000000,90.00845349188045,18126146.170528773,6000000000,289979,291179,282001,9178,497,1200,0,0.14895609770541954,0.14895609770541954
7,96,1,6000000,72.65579123511075,37115542.62412451,10000000000,295179,297179,285001,12178,162,2000,0,0.048497202862663485,0.048497202862663485
7,97,0,3000000,70.32634854732615,0,10000000000,288001,298001,288001,10000,0,10000,0.9999999999999999,0,0.9999999999999999
7,84,1,4000000,118.70130327843921,6509977.8167103175,7000000000,300423,301823,249001,52822,614,1400,0,0.18433242536092007,0.18433242536092007
7,85,1,6000000,133.40703467208914,4148423.132228638,2000000000,306023,306423,252001,54422,1446,400,0,0.4338998078609677,0.4338998078609677
7,98,1,8000000,87.0243213130674,20403955.1580464,10000000000,304979,306979,291001,15978,392,2000,0,0.11762425379834009,0.11762425379834009
7,99,0,6000000,110.8587051160169,0,9000000000,298001,307001,294001,13000,0,9000,0.8999999999999999,0,0.8999999999999999
7,100,0,6000000,134.66848666261905,0,5000000000,307001,312001,297001,15000,0,5000,0.49999999999999994,0,0.49999999999999994
7,87,1,4000000,182.02115151816832,1221730.5090555823,4000000000,311623,312423,258001,54422,3274,800,0,0.9822133368246813,0.9822133368246813
7,88,1,4000000,211.18679054334814,676768.204260349,9000000000,314423,316223,261001,55222,5910,1800,0,1.7731329463261347,1.7731329463261347
7,101,0,8000000,158.69805827419566,0,10000000000,312001,322001,300001,22000,0,10000,0.9999999999999999,0,0.9999999999999999
7,102,1,6000000,184.59605656676416,1155508.2983973837,3000000000,324779,325379,303001,22378,5193,600,0,1.557756013086609,1.557756013086609
7,103,1,2000000,206.02125327256894,746874.2062203682,8000000000,325379,326979,306001,20978,2678,1600,0,0.8033481341340735,0.8033481341340735
7,109,1,3000000,192.36349601730572,981066.6615584008,3000000000,327059,327659,324001,3658,3058,600,0,0.917368855007642,0.917368855007642
7,104,0,4000000,220.87490690433805,0,9000000000,322001,331001,309001,22000,0,9000,0.8999999999999999,0,0.8999999999999999
7,112,1,3000000,195.9342902607913,911918.4093154818,10000000000,336291,338291,333001,5290,3290,2000,0,0.9869303994812122,0.9869303994812122
7,110,1,10000000,188.76063599172366,1057578.3940693308,3000000000,338291,338891,327001,11890,9456,600,0,2.836669146063636,2.836669146063636
7,105,0,7000000,240.83766358275443,0,9000000000,331001,340001,312001,28000,0,9000,0.8999999999999999,0,0.8999999999999999
7,111,1,10000000,192.1964874809111,984457.8942768803,4000000000,340491,341291,330001,11290,10158,800,0,3.0473624290489414,3.0473624290489414
7,106,0,7000000,239.1404817257003,0,2000000000,340001,342001,315001,27000,0,2000,0.19999999999999998,0,0.19999999999999998
7,115,1,4000000,118.78447036544802,6492560.630064644,3000000000,342617,343217,342001,1216,616,600,0,0.18482692243846663,0.18482692243846663
7,107,0,9000000,218.60242359132252,0,2000000000,342001,344001,318001,26000,0,2000,0.19999999999999998,0,0.19999999999999998
7,116,1,3000000,179.91390163075226,1279468.6545397504,4000000000,347346,348146,345001,3145,2345,800,0,0.7034169979910507,0.7034169979910507
7,108,0,5000000,202.66154173892986,0,8000000000,344001,352001,321001,31000,0,8000,0.7999999999999999,0,0.7999999999999999
7,118,1,6000000,131.89931197697732,4335693.616199121,4000000000,352385,353185,351001,2184,1384,800,0,0.41515848658558285,0.41515848658558285
7,119,1,3000000,110.62725025959922,8508120.632949926,6000000000,355216,356416,354001,2415,353,1200,0,0.10578129281741895,0.10578129281741895
7,113,0,7000000,171.44077023858708,0,9000000000,352001,361001,336001,25000,0,9000,0.8999999999999999,0,0.8999999999999999
7,114,0,3000000,144.52208135783263,0,4000000000,361001,365001,339001,26000,0,4000,0.39999999999999997,0,0.39999999999999997
7,117,0,10000000,156.60692832694218,0,3000000000,365001,368001,348001,20000,0,3000,0.3,0,0.3
7,125,1,9000000,8.829099614343473,579589473.2282962,10000000000,373956,375956,372001,3955,16,2000,0,0.0046584697009093,0.0046584697009093
7,120,0,7000000,89.36859627408272,0,9000000000,368001,377001,357001,20000,0,9000,0.8999999999999999,0,0.8999999999999999
7,126,1,10000000,23.569524814895992,297426806.86139405,4000000000,376756,377556,375001,2555,34,800,0,0.010086515172111071,0.010086515172111071
7,121,0,9000000,72.45173979967629,0,2000000000,377001,379001,360001,19000,0,2000,0.19999999999999998,0,0.19999999999999998
7,122,0,4000000,63.55476378683186,0,3000000000,379001,382001,363001,19000,0,3000,0.3,0,0.3
7,128,1,8000000,77.63459280501182,30020863.429736372,8000000000,381267,382867,381001,1866,266,1600,0,0.07994440285227584,0.07994440285227584
7,129,1,5000000,104.98376112523309,10354171.929691564,10000000000,385467,387467,384001,3466,483,2000,0,0.14486914165473808,0.14486914165473808
7,123,0,5000000,56.47638798648511,0,6000000000,382001,388001,366001,22000,0,6000,0.6,0,0.6
7,130,1,4000000,132.3700135982466,4276134.205916606,6000000000,390467,391667,387001,4666,935,1200,0,0.28062730078481607,0.28062730078481607
7,124,0,8000000,33.24902554963083,0,5000000000,388001,393001,369001,24000,0,5000,0.49999999999999994,0,0.49999999999999994
7,127,0,3000000,50.38993252624973,0,4000000000,393001,397001,378001,19000,0,4000,0.39999999999999997,0,0.39999999999999997
7,131,0,2000000,159.76863428095015,0,6000000000,397001,403001,390001,13000,0,6000,0.6,0,0.6
7,132,0,2000000,146.09097576510334,0,4000000000,403001,407001,393001,14000,0,4000,0.39999999999999997,0,0.39999999999999997
7,134,0,3000000,91.27741998983105,0,6000000000,407001,413001,399001,14000,0,6000,0.6,0,0.6
7,136,0,4000000,72.1481427342381,0,5000000000,413001,418001,405001,13000,0,5000,0.49999999999999994,0,0.49999999999999994
7,137,0,7000000,93.3773098777214,0,2000000000,418001,420001,408001,12000,0,2000,0.19999999999999998,0,0.19999999999999998
7,133,1,6000000,118.68268660592412,6513884.381220415,6000000000,423179,424379,396001,28378,921,1200,0,0.27633281382601993,0.27633281382601993
7,142,1,2000000,188.57587146822365,1061698.905322459,6000000000,426742,427942,423001,4941,1884,1200,0,0.565131975734465,0.565131975734465
7,135,1,9000000,67.5337611865354,46353100.70783285,3000000000,428179,428779,402001,26778,194,600,0,0.058248530492454154,0.058248530492454154
7,139,0,3000000,150.83618796562052,0,10000000000,420001,430001,414001,16000,0,10000,0.9999999999999999,0,0.9999999999999999
7,143,1,5000000,165.59978291048577,1776430.4143444092,6000000000,431342,432542,426001,6541,2815,1200,0,0.8443899563347513,0.8443899563347513
7,141,0,9000000,214.88129862787034,0,4000000000,430001,434001,420001,14000,0,4000,0.39999999999999997,0,0.39999999999999997
7,144,1,10000000,165.12607062484105,1796650.272861033,3000000000,434742,435342,429001,6341,5566,600,0,1.6697740485813755,1.6697740485813755
7,138,1,5000000,120.69728248804938,6107193.259123938,10000000000,434979,436979,411001,25978,819,2000,0,0.24561200806263192,0.24561200806263192
7,145,1,6000000,165.12607062484105,1796650.272861033,4000000000,436742,437542,432001,5541,3340,800,0,1.0018644291488252,1.0018644291488252
7,146,1,2000000,161.02578209715364,1984163.8246358081,4000000000,437542,438342,435001,3341,1008,800,0,0.3023943852570387,0.3023943852570387
7,140,1,6000000,182.45251930296826,1210313.4420861069,8000000000,439779,441379,417001,24378,4957,1600,0,1.4872180522902432,1.4872180522902432
7,147,1,4000000,141.5984208951498,3288332.347306632,2000000000,441142,441542,438001,3541,1216,400,0,0.3649266172815171,0.3649266172815171
7,148,1,3000000,117.47761403773913,6772940.289168924,9000000000,443342,445142,441001,4141,443,1800,0,0.13288172663196987,0.13288172663196987
7,149,1,7000000,95.87256750499593,14458318.136583798,4000000000,450542,451342,444001,7341,484,800,0,0.145245109435404,0.145245109435404
7,150,1,2000000,86.06499869284843,21205222.56206049,6000000000,452142,453342,447001,6341,94,1200,0,0.028294916417123357,0.028294916417123357
7,151,1,2000000,81.29652514099239,25763065.987028178,8000000000,455942,457542,450001,7541,78,1600,0,0.023289153562006275,0.023289153562006275
7,152,0,6000000,64.30547799371372,0,5000000000,453001,458001,453001,5000,0,5000,0.49999999999999994,0,0.49999999999999994
7,153,1,5000000,49.282204699059456,103151599.66418742,10000000000,465142,467142,456001,11141,48,2000,0,0.014541703714564652,0.014541703714564652
7,154,0,6000000,47.19315628351217,0,9000000000,459001,468001,459001,9000,0,9000,0.8999999999999999,0,0.8999999999999999
7,155,0,4000000,59.41943453113634,0,6000000000,468001,474001,462001,12000,0,6000,0.6,0,0.6
7,156,1,7000000,78.55592211921392,28879932.48714815,8000000000,475342,476942,465001,11941,242,1600,0,0.07271485142614237,0.07271485142614237
7,157,0,10000000,82.06751488865733,0,4000000000,474001,478001,468001,10000,0,4000,0.39999999999999997,0,0.39999999999999997
7,160,0,8000000,92.59342201258147,0,2000000000,478001,480001,477001,3000,0,2000,0.19999999999999998,0,0.19999999999999998
7,158,1,4000000,77.01502775432856,30816277.031845484,5000000000,485342,486342,471001,15341,130,1000,0,0.03894045989916051,0.03894045989916051
7,159,1,5000000,81.44257915857035,25607909.725985944,8000000000,486342,487942,474001,13941,195,1600,0,0.05857565166585449,0.05857565166585449
7,162,0,6000000,131.2053280168149,0,10000000000,483001,493001,483001,10000,0,10000,0.9999999999999999,0,0.9999999999999999
7,161,1,6000000,110.1895693793201,8636280.276861573,10000000000,491542,493542,480001,13541,695,2000,0,0.20842306436285793,0.20842306436285793
7,164,1,7000000,105.77279139740993,10069008.206981963,9000000000,494342,496142,489001,7141,695,1800,0,0.20856075959336656,0.20856075959336656
7,163,1,10000000,154.1393376137318,2357094.418770489,3000000000,496142,496742,486001,10741,4243,600,0,1.2727534273170376,1.2727534273170376
7,165,0,8000000,120.83082429578965,0,5000000000,493001,498001,492001,6000,0,5000,0.49999999999999994,0,0.49999999999999994
7,166,0,5000000,140.01843092964586,0,5000000000,498001,503001,495001,8000,0,5000,0.49999999999999994,0,0.49999999999999994
7,168,1,4000000,174.7815004512777,1434951.317810708,6000000000,503789,504989,501001,3988,2788,1200,0,0.8362653039901234,0.8362653039901234
7,167,0,5000000,160.44524455402222,0,6000000000,503001,509001,498001,11000,0,6000,0.6,0,0.6
7,170,1,2000000,161.98474989948897,1938213.5622941481,8000000000,508033,509633,507001,2632,1032,1600,0,0.3095634101795344,0.3095634101795344
7,169,1,8000000,167.37834746465865,1702990.070617455,8000000000,509633,511233,504001,7232,4698,1600,0,1.4092859620313753,1.4092859620313753
7,171,1,2000000,156.0604100981412,2244912.683327003,5000000000,511233,512233,510001,2232,891,1000,0,0.26727097425935903,0.26727097425935903
7,172,1,6000000,153.67187934036596,2385434.7548388448,5000000000,517181,518181,513001,5180,2515,1000,0,0.7545794310025488,0.7545794310025488
7,173,1,6000000,154.9807746141437,2307123.600183423,4000000000,519781,520581,516001,4580,2601,800,0,0.7801922705211349,0.7801922705211349
7,174,1,5000000,159.9048182513585,2039601.5609760322,7000000000,525181,526581,519001,7580,2451,1400,0,0.7354377583836468,0.7354377583836468
7,175,1,2000000,165.15471685664932,1795419.455711263,5000000000,527381,528381,522001,6380,1114,1000,0,0.3341837463615473,0.3341837463615473
7,177,0,5000000,125.34139340217979,0,3000000000,528001,531001,528001,3000,0,3000,0.3,0,0.3
7,176,1,5000000,145.93588249638947,2921943.69390115,3000000000,531181,531781,525001,6780,1711,600,0,0.5133569148272388,0.5133569148272388
7,178,1,9000000,106.07430037478447,9962533.387844492,6000000000,540181,541381,531001,10380,903,1200,0,0.271015402898858,0.271015402898858
7,179,0,6000000,91.02793692048614,0,10000000000,534001,544001,534001,10000,0,10000,0.9999999999999999,0,0.9999999999999999
7,180,0,2000000,79.71597706859022,0,5000000000,544001,549001,537001,12000,0,5000,0.49999999999999994,0,0.49999999999999994
7,181,1,4000000,70.64911110551922,40475569.290691935,5000000000,549781,550781,540001,10780,99,1000,0,0.02964751382202204,0.02964751382202204
7,182,1,2000000,68.63340294637882,44181225.937461965,4000000000,556381,557181,543001,14180,45,800,0,0.013580428955260168,0.013580428955260168
7,185,0,7000000,89.08431567902394,0,7000000000,552001,559001,552001,7000,0,7000,0.7,0,0.7
7,183,1,5000000,74.66518934550425,34051923.94525542,6000000000,560181,561381,546001,15380,147,1200,0,0.04405037443439376,0.04405037443439376
7,184,1,5000000,85.8230277955748,21413001.397916522,9000000000,563581,565381,549001,16380,234,1800,0,0.07005089908348623,0.07005089908348623
7,186,1,2000000,105.19622474214559,10276443.226696376,2000000000,568781,569181,555001,14180,195,400,0,0.058385959690927546,0.058385959690927546
7,190,0,5000000,136.7228561726239,0,3000000000,567001,570001,567001,3000,0,3000,0.3,0,0.3
7,187,1,8000000,124.32837890039421,5449502.106547923,7000000000,570381,571781,558001,13780,1468,1400,0,0.4404072065806246,0.4404072065806246
7,188,1,4000000,136.7228561726239,3770352.86616931,8000000000,571781,573381,561001,12380,1061,1600,0,0.31827259744502473,0.31827259744502473
7,191,0,3000000,136.7228561726239,0,5000000000,570001,575001,570001,5000,0,5000,0.49999999999999994,0,0.49999999999999994
7,189,1,3000000,136.7228561726239,3770352.86616931,8000000000,575781,577381,564001,13380,796,1600,0,0.23870444808376853,0.23870444808376853
7,193,0,7000000,136.7228561726239,0,5000000000,576001,581001,576001,5000,0,5000,0.49999999999999994,0,0.49999999999999994
7,192,1,10000000,136.7228561726239,3770352.86616931,7000000000,584581,585981,573001,12980,2652,1400,0,0.7956814936125618,0.7956814936125618
7,194,0,2000000,140.60193028546942,0,9000000000,581001,590001,579001,11000,0,9000,0.8999999999999999,0,0.8999999999999999
7,195,0,3000000,159.3613469446089,0,7000000000,590001,597001,582001,15000,0,7000,0.7,0,0.7
7,196,1,6000000,185.82807349805896,1125403.6262499802,10000000000,595381,597381,585001,12380,5331,2000,0,1.5994261596596058,1.5994261596596058
7,200,1,8000000,141.35379619946536,3310638.635888685,9000000000,599567,601367,597001,4366,2416,1800,0,0.724935658631846,0.724935658631846
7,201,1,6000000,115.96001595377606,7117239.466226234,5000000000,601367,602367,600001,2366,843,1000,0,0.2529070447245204,0.2529070447245204
7,198,1,10000000,195.9850938209332,910979.1645560825,8000000000,604367,605967,591001,14966,10977,1600,0,3.293159840227401,3.293159840227401
7,197,1,7000000,213.8820527767583,643442.9466624144,7000000000,605181,606581,588001,18580,10879,1400,0,3.2636926255744254,3.2636926255744254
7,199,0,7000000,168.2307608613835,0,10000000000,597001,607001,594001,13000,0,10000,0.9999999999999999,0,0.9999999999999999
7,202,1,9000000,93.16723941386262,16030364.949683635,5000000000,609367,610367,603001,7366,561,1000,0,0.16843035130359185,0.16843035130359185
7,204,0,7000000,68.28996558792512,0,3000000000,609001,612001,609001,3000,0,3000,0.3,0,0.3
7,203,1,3000000,75.43309220759811,32955130.644438956,8000000000,611567,613167,606001,7166,91,1600,0,0.027309859873120283,0.027309859873120283
7,205,1,9000000,80.54411027505358,26579372.86247403,6000000000,617967,619167,612001,7166,339,1200,0,0.10158253221286431,0.10158253221286431
7,206,0,9000000,101.25905638509577,0,6000000000,615001,621001,615001,6000,0,6000,0.6,0,0.6
7,209,0,5000000,170.00917916394985,0,2000000000,624001,626001,624001,2000,0,2000,0.19999999999999998,0,0.19999999999999998
7,207,1,7000000,124.75345325881769,5378295.248429865,4000000000,626367,627167,618001,9166,1302,800,0,0.3904582963557221,0.3904582963557221
7,208,1,5000000,146.36081579439215,2888825.2877131356,5000000000,628767,629767,621001,8766,1731,1000,0,0.5192422007588546,0.5192422007588546
7,211,0,8000000,213.96577763745304,0,3000000000,630001,633001,630001,3000,0,3000,0.3,0,0.3
7,210,1,9000000,195.3733443947766,922369.6496485273,6000000000,636758,637958,627001,10957,9757,1200,0,2.9272428912083632,2.9272428912083632
7,212,0,2000000,226.55091833846097,0,10000000000,633001,643001,633001,10000,0,10000,0.9999999999999999,0,0.9999999999999999
7,213,0,5000000,244.03859735705745,0,7000000000,643001,650001,636001,14000,0,7000,0.7,0,0.7
7,216,1,7000000,208.53520086546538,711679.0604490386,3000000000,656732,657332,645001,12331,9836,600,0,2.9507682840562866,2.9507682840562866
7,217,0,9000000,201.75387232962842,0,9000000000,650001,659001,648001,11000,0,9000,0.8999999999999999,0,0.8999999999999999
7,214,1,7000000,240.07769492395582,405990.46934199304,4000000000,658732,659532,639001,20531,17242,800,0,5.172535215921606,5.172535215921606
7,215,1,10000000,222.86207438682789,546205.2395759164,8000000000,660309,661909,642001,19908,18308,1600,0,5.492440904318776,5.492440904318776
7,219,1,5000000,208.33139225762397,714454.2986969253,7000000000,661909,663309,654001,9308,6998,1400,0,2.0995044787830532,2.0995044787830532
7,218,0,5000000,218.39700593185796,0,7000000000,659001,666001,651001,15000,0,7000,0.7,0,0.7
7,221,1,4000000,221.4404208811029,560312.6423128996,7000000000,667140,668540,660001,8539,7139,1400,0,2.1416614750053684,2.1416614750053684
7,220,0,9000000,208.38338369457387,0,4000000000,666001,670001,657001,13000,0,4000,0.39999999999999997,0,0.39999999999999997
7,222,0,8000000,237.7422776874151,0,7000000000,670001,677001,663001,14000,0,7000,0.7,0,0.7
7,224,1,2000000,233.64884014263797,452406.36532749474,2000000000,677527,677927,669001,8926,4421,400,0,1.3262412865602873,1.3262412865602873
7,226,0,5000000,209.60946209558386,0,8000000000,677001,685001,675001,10000,0,8000,0.7999999999999999,0,0.7999999999999999
7,225,1,9000000,218.32827576839424,592816.2483145957,5000000000,687940,688940,672001,16939,15182,1000,0,4.554531033311294,4.554531033311294
7,227,1,6000000,221.2162121093298,562578.8192744189,5000000000,688666,689666,678001,11665,10665,1000,0,3.1995516687271204,3.1995516687271204
7,228,0,5000000,240.84197661537328,0,9000000000,685001,694001,681001,13000,0,9000,0.8999999999999999,0,0.8999999999999999
7,231,1,3000000,210.148886506686,690173.30503394,5000000000,694348,695348,690001,5347,4347,1000,0,1.3040202995908998,1.3040202995908998
7,223,1,10000000,251.6139600658119,336661.1774903403,10000000000,696948,698948,666001,32947,29703,2000,0,8.911036378960201,8.911036378960201
7,232,1,4000000,183.08601530428263,1193786.0895538772,9000000000,698948,700748,693001,7747,3351,1800,0,1.0052052126427817,1.0052052126427817
7,230,0,7000000,224.816739812675,0,7000000000,694001,701001,687001,14000,0,7000,0.7,0,0.7
7,233,1,3000000,153.5361328808304,2393743.4967471496,4000000000,700748,701548,696001,5547,1253,800,0,0.3759801337206794,0.3759801337206794
7,234,1,2000000,126.76691208671136,5056068.943425834,9000000000,703348,705148,699001,6147,396,1800,0,0.11866926790627558,0.11866926790627558
7,235,1,10000000,98.8203723935505,12947916.617807379,7000000000,705148,706548,702001,4547,772,1400,0,0.23169750690810556,0.23169750690810556
7,236,1,5000000,74.3387227493182,34530292.65660592,9000000000,706948,708748,705001,3747,145,1800,0,0.04344011835975673,0.04344011835975673
7,237,1,10000000,65.5625655385754,50531585.41729326,8000000000,708748,710348,708001,2347,198,1600,0,0.05936880814694011,0.05936880814694011
7,229,1,10000000,244.81282584864707,375558.94639046857,5000000000,711148,712148,684001,28147,26627,1000,0,7.988093557171982,7.988093557171982
7,238,1,6000000,81.8480011973414,25182727.423148144,3000000000,712148,712748,711001,1747,238,600,0,0.07147756355991158,0.07147756355991158
7,239,0,7000000,107.80800016696347,0,2000000000,714001,716001,714001,2000,0,2000,0.19999999999999998,0,0.19999999999999998
7,240,0,7000000,138.02357805824337,0,6000000000,717001,723001,717001,6000,0,6000,0.6,0,0.6
7,241,1,4000000,168.31480564703747,1665835.9083167051,6000000000,726380,727580,720001,7579,2401,1200,0,0.7203590665857219,0.7203590665857219
7,243,0,2000000,178.44274431873094,0,2000000000,726001,728001,726001,2000,0,2000,0.19999999999999998,0,0.19999999999999998
7,242,1,4000000,174.0341161956471,1459510.6694019756,5000000000,729780,730780,723001,7779,2741,1000,0,0.8221933728594747,0.8221933728594747
7,244,1,5000000,180.67931951388348,1258111.7894860858,7000000000,734550,735950,729001,6949,3974,1400,0,1.1922628915294728,1.1922628915294728
7,245,0,10000000,190.5149232999872,0,6000000000,732001,738001,732001,6000,0,6000,0.6,0,0.6
7,247,0,3000000,225.55003214364652,0,4000000000,738001,742001,738001,4000,0,4000,0.39999999999999997,0,0.39999999999999997
7,246,1,7000000,204.76822238814304,765226.4573852576,6000000000,746550,747750,735001,12749,9148,1200,0,2.744285668291711,2.744285668291711
7,248,0,4000000,233.86323866738869,0,9000000000,742001,751001,741001,10000,0,9000,0.8999999999999999,0,0.8999999999999999
7,251,1,2000000,182.1661277515664,1217878.5192836884,5000000000,751643,752643,750001,2642,1642,1000,0,0.4926599742911124,0.4926599742911124
7,249,0,6000000,212.14142099080982,0,7000000000,751001,758001,744001,14000,0,7000,0.7,0,0.7
7,253,1,2000000,177.52450450571607,1349102.8044957512,4000000000,757483,758283,756001,2282,1482,800,0,0.4447400138822331,0.4447400138822331
7,250,0,6000000,194.50251669322947,0,6000000000,758001,764001,747001,17000,0,6000,0.6,0,0.6
7,255,1,6000000,178.5225615993676,1319457.3572500162,9000000000,767119,768919,762001,6918,4547,1800,0,1.3641971755354945,1.3641971755354945
7,252,0,7000000,176.3364874324086,0,10000000000,764001,774001,753001,21000,0,10000,0.9999999999999999,0,0.9999999999999999
7,258,1,4000000,173.25002655122452,1485840.0967098328,5000000000,775719,776719,771001,5718,2692,1000,0,0.8076239177130956,0.8076239177130956
7,254,0,5000000,180.13359847624207,0,5000000000,774001,779001,759001,20000,0,5000,0.49999999999999994,0,0.49999999999999994
7,259,1,4000000,174.9616223633057,1429109.4017843073,10000000000,779919,781919,774001,7918,2799,2000,0,0.8396837908292718,0.8396837908292718
7,256,0,9000000,184.2816160120157,0,3000000000,779001,782001,765001,17000,0,3000,0.3,0,0.3
7,261,1,4000000,204.87761346716238,763602.0577210813,6000000000,785239,786439,780001,6438,5238,1200,0,1.5714991701061136,1.5714991701061136
7,257,0,10000000,178.58126945455396,0,5000000000,782001,787001,768001,19000,0,5000,0.49999999999999994,0,0.49999999999999994
7,260,0,9000000,186.0000779569729,0,3000000000,787001,790001,777001,13000,0,3000,0.3,0,0.3
7,265,0,9000000,187.08509427530566,0,3000000000,792001,795001,792001,3000,0,3000,0.3,0,0.3
7,262,1,8000000,229.57983469808494,485231.9035282116,8000000000,799649,801249,783001,18248,16487,1600,0,4.946088628033633,4.946088628033633
7,264,1,9000000,197.7903104300107,878372.8793795066,5000000000,801693,802693,789001,13692,10246,1000,0,3.07386539746914,3.07386539746914
7,266,0,8000000,187.01977756376462,0,9000000000,795001,804001,795001,9000,0,9000,0.8999999999999999,0,0.8999999999999999
7,267,1,3000000,186.54983516476236,1108220.0191284872,7000000000,805093,806493,798001,8492,2707,1400,0,0.8121131043163856,0.8121131043163856
7,263,1,10000000,221.36090756951646,561115.0134301954,3000000000,808893,809493,786001,23492,17822,600,0,5.346497470563956,5.346497470563956
7,270,0,9000000,171.60230563719128,0,3000000000,807001,810001,807001,3000,0,3000,0.3,0,0.3
7,271,1,5000000,165.12607062484105,1796650.272861033,5000000000,812784,813784,810001,3783,2783,1000,0,0.8348870242906877,0.8348870242906877
7,268,1,5000000,195.62889612733596,917589.9513752415,7000000000,813693,815093,801001,14092,5449,1400,0,1.6347171171086488,1.6347171171086488
7,269,1,7000000,206.69286296338345,737263.303697853,8000000000,813784,815384,804001,11383,9495,1600,0,2.8483717953506433,2.8483717953506433
7,273,0,3000000,165.12607062484105,0,2000000000,816001,818001,816001,2000,0,2000,0.19999999999999998,0,0.19999999999999998
7,272,1,6000000,165.12607062484105,1796650.272861033,10000000000,816341,818341,813001,5340,3340,2000,0,1.0018644291488252,1.0018644291488252
7,274,0,3000000,165.12607062484105,0,9000000000,819001,828001,819001,9000,0,9000,0.8999999999999999,0,0.8999999999999999
7,276,1,6000000,164.02476398397897,1844773.1699464065,8000000000,828432,830032,825001,5031,3252,1600,0,0.9757297153515588,0.9757297153515588
7,275,0,2000000,165.12607062484105,0,3000000000,828001,831001,822001,9000,0,3000,0.3,0,0.3
7,277,0,5000000,149.72827421699614,0,6000000000,831001,837001,828001,9000,0,6000,0.6,0,0.6
7,279,1,6000000,96.42262027138653,14161300.74407398,10000000000,835014,837014,834001,3013,424,2000,0,0.12710696796360593,0.12710696796360593
7,281,1,3000000,74.91533888330216,33690296.49277239,6000000000,840090,841290,840001,1289,89,1200,0,0.026713923405010036,0.026713923405010036
7,278,0,9000000,122.67557947692764,0,9000000000,837001,846001,831001,15000,0,9000,0.8999999999999999,0,0.8999999999999999
7,283,1,2000000,68.90243682192956,43666420.70126952,2000000000,846559,846959,846001,958,46,400,0,0.013740535412891218,0.013740535412891218
7,280,0,6000000,79.11935540687887,0,2000000000,846001,848001,837001,11000,0,2000,0.19999999999999998,0,0.19999999999999998
7,285,1,5000000,98.73600457786402,12988467.603894407,4000000000,852386,853186,852001,1185,385,800,0,0.11548706481357711,0.11548706481357711
7,282,0,2000000,66.00057272478774,0,7000000000,848001,855001,843001,12000,0,7000,0.7,0,0.7
7,287,1,7000000,153.0185207744474,2425755.9304579217,8000000000,860887,862487,858001,4486,2886,1600,0,0.8657095190955888,0.8657095190955888
7,284,0,5000000,80.24171982204763,0,9000000000,855001,864001,849001,15000,0,9000,0.8999999999999999,0,0.8999999999999999
7,289,1,5000000,208.76807514560267,708524.4642378419,2000000000,871058,871458,864001,7457,7057,400,0,2.117075804310507,2.117075804310507
7,286,0,7000000,125.25812867834165,0,10000000000,864001,874001,855001,19000,0,10000,0.9999999999999999,0,0.9999999999999999
7,288,0,9000000,177.8452732011734,0,4000000000,874001,878001,861001,17000,0,4000,0.39999999999999997,0,0.39999999999999997
7,292,1,5000000,178.59890817135474,1317223.1244397005,8000000000,877009,878609,873001,5608,3796,1600,0,1.1387592368893813,1.1387592368893813
7,290,0,3000000,198.8248455299287,0,6000000000,878001,884001,867001,17000,0,6000,0.6,0,0.6
7,291,0,9000000,184.49677097445363,0,7000000000,884001,891001,870001,21000,0,7000,0.7,0,0.7
7,293,0,3000000,181.39528218782317,0,9000000000,891001,900001,876001,24000,0,9000,0.8999999999999999,0,0.8999999999999999
7,300,1,2000000,188.83708242821376,1055879.3518502023,8000000000,898895,900495,897001,3494,1894,1600,0,0.5682467404525229,0.5682467404525229
7,301,1,5000000,182.77339877564236,1201906.6570434496,9000000000,906295,908095,900001,8094,4160,1800,0,1.2480170495850529,1.2480170495850529
7,294,0,3000000,193.15008568468198,0,9000000000,900001,909001,879001,30000,0,9000,0.8999999999999999,0,0.8999999999999999
7,302,1,5000000,180.00869423447307,1276799.401829932,8000000000,912695,914295,903001,11294,3916,1600,0,1.1748125804650074,1.1748125804650074
7,297,1,10000000,228.06932476771186,498170.26690296095,10000000000,914295,916295,888001,28294,20073,2000,0,6.022037442440082,6.022037442440082
7,295,0,3000000,212.57483035392502,0,10000000000,909001,919001,882001,37000,0,10000,0.9999999999999999,0,0.9999999999999999
7,296,0,9000000,237.60225272501097,0,4000000000,919001,923001,885001,38000,0,4000,0.39999999999999997,0,0.39999999999999997
7,307,1,7000000,101.81370094442103,11601865.399012258,8000000000,927495,929095,918001,11094,603,1600,0,0.1810053752372258,0.1810053752372258
7,298,0,5000000,210.82113200530924,0,7000000000,923001,930001,891001,39000,0,7000,0.7,0,0.7
7,308,1,7000000,78.36397258944956,29113589.037855297,4000000000,930895,931695,921001,10694,240,800,0,0.07213126479423233,0.07213126479423233
7,299,0,8000000,198.09166615483858,0,9000000000,930001,939001,894001,45000,0,9000,0.8999999999999999,0,0.8999999999999999
7,311,1,5000000,20.559610891259606,336355286.8267358,3000000000,940695,941295,930001,11294,15,600,0,0.004459570159135581,0.004459570159135581
7,303,0,8000000,178.6174129249441,0,3000000000,939001,942001,906001,36000,0,3000,0.3,0,0.3
7,312,1,6000000,49.0876328620561,104021518.28846893,7000000000,943895,945295,933001,12294,58,1400,0,0.017304111972373845,0.017304111972373845
7,304,0,3000000,160.4330595606778,0,7000000000,942001,949001,909001,40000,0,7000,0.7,0,0.7
7,313,1,10000000,81.16413493655925,25904624.72944875,5000000000,951095,952095,936001,16094,386,1000,0,0.11580943678329209,0.11580943678329209
7,305,0,2000000,140.8541930508283,0,9000000000,949001,958001,912001,46000,0,9000,0.8999999999999999,0,0.8999999999999999
7,315,1,7000000,139.22896896838668,3512456.350298729,9000000000,960895,962695,942001,20694,1993,1800,0,0.5978721984178959,0.5978721984178959
7,306,0,6000000,121.31568777367589,0,6000000000,958001,964001,915001,49000,0,6000,0.6,0,0.6
7,316,1,9000000,171.98618374741622,1529533.820218231,10000000000,967695,969695,945001,24694,5884,2000,0,1.7652437391771887,1.7652437391771887
7,318,1,2000000,150.1825136292504,2610869.316808242,4000000000,969695,970495,951001,19494,766,800,0,0.22980851478751652,0.22980851478751652
7,309,0,6000000,46.53549720374755,0,7000000000,964001,971001,924001,47000,0,7000,0.7,0,0.7
7,310,0,9000000,18.036019516512003,0,9000000000,971001,980001,927001,53000,0,9000,0.8999999999999999,0,0.8999999999999999
7,314,0,5000000,106.93809798196331,0,2000000000,980001,982001,939001,43000,0,2000,0.19999999999999998,0,0.19999999999999998
7,325,1,5000000,200.6118044881707,830267.6674392999,8000000000,983895,985495,972001,13494,6022,1600,0,1.8066462886917896,1.8066462886917896
7,328,1,5000000,141.70640528924585,3278544.6853439813,8000000000,985495,987095,981001,6094,1525,1600,0,0.4575200718493857,0.4575200718493857
7,329,1,5000000,124.49809155163791,5420935.0932093905,4000000000,987095,987895,984001,3894,922,800,0,0.2767050285990319,0.2767050285990319
7,317,0,3000000,125.73897764814217,0,6000000000,982001,988001,948001,40000,0,6000,0.6,0,0.6
7,319,0,5000000,178.95386779837992,0,6000000000,988001,994001,954001,40000,0,6000,0.6,0,0.6
7,332,1,4000000,152.82699499761156,2437735.2655778653,9000000000,994642,996442,993001,3441,1641,1800,0,0.49226017974332414,0.49226017974332414
7,331,1,9000000,166.27439790899857,1748120.1802407622,6000000000,996442,997642,990001,7641,5148,1200,0,1.5445162355074116,1.5445162355074116
8,1,0,3000000,200.5793072577528,0,5000000000,1,5001,1,5000,0,5000,0.49999999999999994,0,0.49999999999999994
8,2,1,9000000,193.98554172927425,948874.6385451112,2000000000,12486,12886,3001,9885,9485,400,0,2.8454759884191354,2.8454759884191354
8,3,0,10000000,178.89927808686096,0,7000000000,6001,13001,6001,7000,0,7000,0.7,0,0.7
8,4,1,8000000,165.2128339445819,1792925.6030939128,5000000000,13463,14463,9001,5462,4462,1000,0,1.3385943041130686,1.3385943041130686
8,5,0,7000000,157.1086506211545,0,4000000000,13001,17001,12001,5000,0,4000,0.39999999999999997,0,0.39999999999999997
8,7,1,8000000,131.52122756422247,4384272.902902393,7000000000,19826,21226,18001,3225,1825,1400,0,0.5474111792655968,0.5474111792655968
8,6,0,8000000,148.1947060457964,0,6000000000,17001,23001,15001,8000,0,6000,0.6,0,0.6
8,9,1,6000000,88.48070637150222,19253290.131429806,5000000000,24313,25313,24001,1312,312,1000,0,0.09349051448934492,0.09349051448934492
8,8,0,3000000,109.2256586155469,0,3000000000,23001,26001,21001,5000,0,3000,0.3,0,0.3
8,10,1,5000000,70.64988888880148,40474205.2232435,6000000000,28244,29444,27001,2443,124,1200,0,0.0370606412584621,0.0370606412584621
8,11,0,8000000,57.56291340785314,0,3000000000,30001,33001,30001,3000,0,3000,0.3,0,0.3
8,12,1,6000000,55.02929129109331,80314557.60623427,5000000000,33076,34076,33001,1075,75,1000,0,0.02241187716957901,0.02241187716957901
8,14,1,3000000,70.08797329071515,41472637.69145157,6000000000,39073,40273,39001,1272,72,1200,0,0.0217010552040559,0.0217010552040559
8,13,0,2000000,57.93314250064462,0,8000000000,36001,44001,36001,8000,0,8000,0.7999999999999999,0,0.7999999999999999
8,16,1,4000000,108.71809417019782,9084567.393095875,4000000000,45441,46241,45001,1240,440,800,0,0.1320921457318904,0.1320921457318904
8,15,0,7000000,87.94003070274648,0,9000000000,44001,53001,42001,11000,0,9000,0.8999999999999999,0,0.8999999999999999
8,18,1,10000000,144.79207160614834,3013448.1669593607,2000000000,54319,54719,51001,3718,3318,400,0,0.9955372828022025,0.9955372828022025
8,17,0,4000000,125.89776844726042,0,2000000000,53001,55001,48001,7000,0,2000,0.19999999999999998,0,0.19999999999999998
8,19,1,8000000,169.09362672791664,1635699.8271835619,2000000000,58892,59292,54001,5291,4891,400,0,1.4672618778302693,1.4672618778302693
8,20,1,3000000,150.385970090298,2597019.827648801,4000000000,61080,61880,57001,4879,1155,800,0,0.3465510699680759,0.3465510699680759
8,21,1,5000000,126.3811156779366,5115941.176139981,10000000000,61880,63880,60001,3879,977,2000,0,0.293201182022144,0.293201182022144
8,22,1,10000000,102.93476477847513,11141095.527715545,3000000000,65280,65880,63001,2879,898,600,0,0.2692733396403381,0.2692733396403381
8,23,1,8000000,84.67989194608128,22426721.011110052,3000000000,66947,67547,66001,1546,357,600,0,0.1070151984684277,0.1070151984684277
8,24,1,2000000,77.83439663799031,29769236.015497524,2000000000,70053,70453,69001,1452,67,400,0,0.020155035207744226,0.020155035207744226
8,25,1,4000000,78.24810796434632,29255649.28078987,3000000000,72138,72738,72001,737,137,600,0,0.0410177189534452,0.0410177189534452
8,27,1,3000000,99.38951302828686,12678251.965249931,2000000000,78856,79256,78001,1255,237,400,0,0.07098770417773898,0.07098770417773898
8,26,0,4000000,86.32719907421998,0,6000000000,75001,81001,75001,6000,0,6000,0.6,0,0.6
8,28,1,5000000,116.93538044578291,6893584.09272946,10000000000,82014,84014,81001,3013,725,2000,0,0.2175936319659933,0.2175936319659933
8,29,1,6000000,136.81337142253318,3760640.3229808905,9000000000,86614,88414,84001,4413,1595,1800,0,0.47864189218000536,0.47864189218000536
8,31,1,7000000,107.30048695136475,9543209.311256591,8000000000,97214,98814,90001,8813,734,1600,0,0.22005175947707312,0.22005175947707312
8,30,1,8000000,158.13616822220024,2131032.7771417415,10000000000,98814,100814,87001,13813,3754,2000,0,1.1262144936217322,1.1262144936217322
8,34,0,7000000,162.56569533576263,0,8000000000,99001,107001,99001,8000,0,8000,0.7999999999999999,0,0.7999999999999999
8,32,1,3000000,123.42427840583066,5604824.073226838,7000000000,105814,107214,93001,14213,535,1400,0,0.1605759588956817,0.1605759588956817
8,37,0,6000000,161.68839692445465,0,2000000000,108001,110001,108001,2000,0,2000,0.19999999999999998,0,0.19999999999999998
8,33,1,4000000,142.37688857395358,3218569.847020114,7000000000,111214,112614,96001,16613,1243,1400,0,0.37283640158097237,0.37283640158097237
8,38,0,8000000,155.98648050392063,0,5000000000,111001,116001,111001,5000,0,5000,0.49999999999999994,0,0.49999999999999994
8,35,1,8000000,175.58644167474893,1409072.2732950747,7000000000,123814,125214,102001,23213,5677,1400,0,1.7032483325980643,1.7032483325980643
8,39,0,6000000,153.67352960090426,0,10000000000,116001,126001,114001,12000,0,10000,0.9999999999999999,0,0.9999999999999999
8,36,1,7000000,167.34673465592329,1704262.1691538747,8000000000,125214,126814,105001,21813,4107,1600,0,1.2322047851608415,1.2322047851608415
8,41,1,4000000,159.60081735379677,2054965.9086201382,10000000000,130214,132214,120001,12213,1947,2000,0,0.5839512932872799,0.5839512932872799
8,40,0,3000000,154.91264667547324,0,10000000000,126001,136001,117001,19000,0,10000,0.9999999999999999,0,0.9999999999999999
8,42,1,7000000,165.33721329452723,1787602.8074508645,8000000000,136014,137614,123001,14613,3916,1600,0,1.1747576090432619,1.1747576090432619
8,43,1,10000000,147.67706829430222,2789140.325312299,2000000000,138214,138614,126001,12613,3585,400,0,1.0756002388169879,1.0756002388169879
8,46,1,3000000,91.58167720674261,17044789.608058084,9000000000,140414,142214,135001,7213,176,1800,0,0.052802059790431004,0.052802059790431004
8,48,1,3000000,71.89936995551491,38345374.41494704,4000000000,142814,143614,141001,2613,78,800,0,0.02347088830743506,0.02347088830743506
8,44,0,9000000,127.43162087959173,0,9000000000,136001,145001,129001,16000,0,9000,0.8999999999999999,0,0.8999999999999999
8,49,1,2000000,68.36967237013793,44692126.49794751,8000000000,144214,145814,144001,1813,45,1600,0,0.013425183517001706,0.013425183517001706
8,50,1,4000000,72.63464806826009,37149332.07472386,9000000000,147814,149614,147001,2613,108,1800,0,0.03230206124799943,0.03230206124799943
8,45,0,7000000,108.39977721379327,0,8000000000,145001,153001,132001,21000,0,8000,0.7999999999999999,0,0.7999999999999999
8,47,0,6000000,81.34736934898393,0,10000000000,153001,163001,138001,25000,0,10000,0.9999999999999999,0,0.9999999999999999
8,55,1,10000000,135.79848784136,3871329.159655624,5000000000,164799,165799,162001,3798,2583,1000,0,0.774927647915856,0.774927647915856
8,51,0,3000000,84.7740172458519,0,9000000000,163001,172001,150001,22000,0,9000,0.8999999999999999,0,0.8999999999999999
8,57,1,6000000,141.64341777858937,3284249.474909736,7000000000,171823,173223,168001,5222,1827,1400,0,0.5480704233193099,0.5480704233193099
8,52,0,5000000,87.24467032432413,0,6000000000,172001,178001,153001,25000,0,6000,0.6,0,0.6
8,53,0,6000000,100.02298385871126,0,8000000000,178001,186001,156001,30000,0,8000,0.7999999999999999,0,0.7999999999999999
8,54,0,7000000,118.19598047311085,0,3000000000,186001,189001,159001,30000,0,3000,0.3,0,0.3
8,56,0,10000000,137.77200368725133,0,6000000000,189001,195001,165001,30000,0,6000,0.6,0,0.6
8,58,0,5000000,138.76665918007825,0,2000000000,195001,197001,171001,26000,0,2000,0.19999999999999998,0,0.19999999999999998
8,59,0,5000000,141.50184309753706,0,4000000000,197001,201001,174001,27000,0,4000,0.39999999999999997,0,0.39999999999999997
8,64,1,7000000,153.00100130391309,2426848.6867373833,8000000000,199623,201223,189001,12222,2884,1600,0,0.8653197092494491,0.8653197092494491
8,60,0,8000000,150.16277867700768,0,9000000000,201001,210001,177001,33000,0,9000,0.8999999999999999,0,0.8999999999999999
8,61,0,5000000,140.53879926909866,0,2000000000,210001,212001,180001,32000,0,2000,0.19999999999999998,0,0.19999999999999998
8,67,1,2000000,141.9469654483674,3256869.2540713493,10000000000,212023,214023,198001,16022,614,2000,0,0.18422600147363963,0.18422600147363963
8,62,0,2000000,138.74690915476273,0,9000000000,212001,221001,183001,38000,0,9000,0.8999999999999999,0,0.8999999999999999
8,73,1,4000000,203.7675401039135,780287.7471118843,9000000000,222224,224024,216001,8023,5126,1800,0,1.537894199212555,1.537894199212555
8,63,0,7000000,142.80935543583968,0,5000000000,221001,226001,186001,40000,0,5000,0.49999999999999994,0,0.49999999999999994
8,75,1,3000000,180.6837139866236,1257990.4590604438,5000000000,225224,226224,222001,4223,2385,1000,0,0.7154267296050748,0.7154267296050748
8,65,0,9000000,154.42676354829166,0,3000000000,226001,229001,192001,37000,0,3000,0.3,0,0.3
8,77,1,7000000,123.36095006119238,5615905.112588382,6000000000,229247,230447,228001,2446,1246,1200,0,0.3739379419521755,0.3739379419521755
8,66,0,2000000,145.91711894085626,0,2000000000,229001,231001,195001,36000,0,2000,0.19999999999999998,0,0.19999999999999998
8,70,1,7000000,149.6127845473107,2650140.2034949157,9000000000,230223,232023,207001,25022,2641,1800,0,0.7924109061213406,0.7924109061213406
8,68,0,5000000,144.91082292223723,0,4000000000,231001,235001,201001,34000,0,4000,0.39999999999999997,0,0.39999999999999997
8,72,1,3000000,203.30526456538206,787370.138625529,9000000000,235623,237423,213001,24422,3810,1800,0,1.1430456348917208,1.1430456348917208
8,69,0,4000000,145.34274835711616,0,6000000000,235001,241001,204001,37000,0,6000,0.6,0,0.6
8,81,1,2000000,184.44276212418853,1159323.8205037762,2000000000,241726,242126,240001,2125,1725,400,0,0.5175430620749897,0.5175430620749897
8,82,1,7000000,120.75001656314585,6096969.813949739,10000000000,244149,246149,243001,3148,1148,2000,0,0.3444333929938843,0.3444333929938843
8,71,0,2000000,172.2218363042271,0,7000000000,241001,248001,210001,38000,0,7000,0.7,0,0.7
8,74,0,7000000,195.39467572070637,0,7000000000,248001,255001,219001,36000,0,7000,0.7,0,0.7
8,85,1,6000000,167.4116178764186,1701652.5427951193,5000000000,255527,256527,252001,4526,3526,1000,0,1.0577952635638155,1.0577952635638155
8,76,0,8000000,152.22256600123387,0,6000000000,255001,261001,225001,36000,0,6000,0.6,0,0.6
8,87,1,9000000,168.65937329422275,1652418.7516352714,2000000000,263448,263848,258001,5847,5447,400,0,1.6339683856334952,1.6339683856334952
8,78,0,3000000,121.7970217205659,0,4000000000,261001,265001,231001,34000,0,4000,0.39999999999999997,0,0.39999999999999997
8,88,1,9000000,161.4069372734642,1965740.2153871409,4000000000,265579,266379,261001,5378,4578,800,0,1.3735283934597895,1.3735283934597895
8,79,0,10000000,140.6642701612602,0,3000000000,265001,268001,234001,34000,0,3000,0.3,0,0.3
8,80,0,4000000,161.82456488432155,0,2000000000,268001,270001,237001,33000,0,2000,0.19999999999999998,0,0.19999999999999998
8,90,1,6000000,146.64475305990328,2866954.006595788,9000000000,269094,270894,267001,3893,2093,1800,0,0.6278440448848757,0.6278440448848757
8,92,1,4000000,139.7881314704507,3457910.0202828976,2000000000,274158,274558,273001,1557,1157,400,0,0.347030429641378,0.347030429641378
8,83,0,8000000,127.46542197788384,0,8000000000,270001,278001,246001,32000,0,8000,0.7999999999999999,0,0.7999999999999999
8,84,0,2000000,145.85114192216662,0,2000000000,278001,280001,249001,31000,0,2000,0.19999999999999998,0,0.19999999999999998
8,86,0,3000000,189.2605318073475,0,3000000000,280001,283001,255001,28000,0,3000,0.3,0,0.3
8,89,0,5000000,156.82140319484458,0,9000000000,283001,292001,264001,28000,0,9000,0.8999999999999999,0,0.8999999999999999
8,95,1,8000000,117.0340292393627,6871442.151522193,8000000000,291179,292779,282001,10778,1164,1600,0,0.3492716590022287,0.3492716590022287
8,96,1,10000000,90.3488749238196,17885540.82814377,7000000000,297179,298579,285001,13578,559,1400,0,0.1677332560880325,0.1677332560880325
8,91,0,3000000,139.24410113178945,0,9000000000,292001,301001,270001,31000,0,9000,0.8999999999999999,0,0.8999999999999999
8,97,1,7000000,71.74322267643127,38604692.9608227,6000000000,300379,301579,288001,13578,181,1200,0,0.05439753146414474,0.05439753146414474
8,93,0,3000000,162.8645388044924,0,10000000000,301001,311001,276001,35000,0,10000,0.9999999999999999,0,0.9999999999999999
8,100,1,2000000,65.98655393335832,49600775.224213,4000000000,313179,313979,297001,16978,40,800,0,0.01209658512972405,0.01209658512972405
8,101,1,8000000,69.84556177739573,41911466.047239944,10000000000,315179,317179,300001,17178,191,2000,0,0.057263565948632585,0.057263565948632585
8,94,0,9000000,143.72254276904516,0,8000000000,311001,319001,279001,40000,0,8000,0.7999999999999999,0,0.7999999999999999
8,103,1,4000000,105.22862965942305,10264649.617690092,7000000000,321779,323179,306001,17178,390,1400,0,0.11690608493171756,0.11690608493171756
8,98,0,3000000,66.85910259643038,0,5000000000,319001,324001,291001,33000,0,5000,0.49999999999999994,0,0.49999999999999994
8,99,0,6000000,82.83222199120338,0,7000000000,324001,331001,294001,37000,0,7000,0.7,0,0.7
8,106,1,4000000,67.96636373972059,45485531.61774432,2000000000,333979,334379,315001,19378,88,400,0,0.02638201549637092,0.02638201549637092
8,102,0,9000000,85.52187673338327,0,7000000000,331001,338001,303001,35000,0,7000,0.7,0,0.7
8,107,1,9000000,78.08344766978462,29458868.781325344,4000000000,338979,339779,318001,21778,306,800,0,0.09165321384341792,0.09165321384341792
8,104,0,5000000,100.0939803384799,0,6000000000,338001,344001,309001,35000,0,6000,0.6,0,0.6
8,111,1,3000000,177.08315786657974,1362476.0164598364,10000000000,347779,349779,330001,19778,2202,2000,0,0.6605620863246443,0.6605620863246443
8,105,0,2000000,80.92804334716118,0,6000000000,344001,350001,312001,38000,0,6000,0.6,0,0.6
8,112,1,2000000,204.6234595543727,767382.7338721375,9000000000,351979,353779,333001,20778,2606,1800,0,0.7818784206577848,0.7818784206577848
8,108,0,7000000,100.45206667859054,0,4000000000,350001,354001,321001,33000,0,4000,0.39999999999999997,0,0.39999999999999997
8,118,1,4000000,197.83704253753896,877548.2595352827,9000000000,356416,358216,351001,7215,4558,1800,0,1.3674461626024714,1.3674461626024714
8,113,1,2000000,218.6873258787532,588948.393708127,6000000000,357179,358379,336001,22378,3396,1200,0,1.0187649824839322,1.0187649824839322
8,109,0,9000000,126.24031764852307,0,5000000000,354001,359001,324001,35000,0,5000,0.49999999999999994,0,0.49999999999999994
8,120,1,5000000,188.88716870131753,1054768.0129543531,10000000000,361741,363741,357001,6740,4740,2000,0,1.4221136606129854,1.4221136606129854
8,110,0,9000000,150.40101329445892,0,6000000000,359001,365001,327001,38000,0,6000,0.6,0,0.6
8,114,0,6000000,235.968225191444,0,5000000000,365001,370001,339001,31000,0,5000,0.49999999999999994,0,0.49999999999999994
8,115,0,4000000,246.43233006243318,0,2000000000,370001,372001,342001,30000,0,2000,0.19999999999999998,0,0.19999999999999998
8,123,1,4000000,209.21593940233137,702506.3740606759,9000000000,372156,373956,366001,7955,5694,1800,0,1.7081695544820144,1.7081695544820144
8,116,0,6000000,226.59517382327456,0,7000000000,372001,379001,345001,34000,0,7000,0.7,0,0.7
8,124,1,7000000,197.70669690225466,879850.7065292026,3000000000,378556,379156,369001,10155,7956,600,0,2.3867685556382514,2.3867685556382514
8,117,0,3000000,210.12633652162688,0,5000000000,379001,384001,348001,36000,0,5000,0.49999999999999994,0,0.49999999999999994
8,127,1,8000000,198.77051894081274,861276.6009424826,7000000000,387467,388867,378001,10866,9289,1400,0,2.7865612480052455,2.7865612480052455
8,128,1,6000000,197.31895119323943,886744.5342252369,8000000000,388867,390467,381001,9466,6766,1600,0,2.0298969212961535,2.0298969212961535
8,129,1,7000000,193.09678868381008,966347.5873637937,10000000000,391667,393667,384001,9666,7244,2000,0,2.173131104646126,2.173131104646126
8,119,0,10000000,190.55558611596774,0,10000000000,384001,394001,354001,40000,0,10000,0.9999999999999999,0,0.9999999999999999
8,121,0,3000000,192.96972430928125,0,6000000000,394001,400001,360001,40000,0,6000,0.6,0,0.6
8,133,1,4000000,228.86240844664727,491324.1223760902,3000000000,404142,404742,396001,8741,8141,600,0,2.4423795725654296,2.4423795725654296
8,134,1,2000000,250.57661223665713,342257.5024815888,5000000000,404845,405845,399001,6844,5844,1000,0,1.7530660267477294,1.7530660267477294
8,122,0,7000000,203.0560045898668,0,10000000000,400001,410001,363001,47000,0,10000,0.9999999999999999,0,0.9999999999999999
8,125,0,7000000,192.5206051309833,0,2000000000,410001,412001,372001,40000,0,2000,0.19999999999999998,0,0.19999999999999998
8,126,0,6000000,192.8442506272873,0,6000000000,412001,418001,375001,43000,0,6000,0.6,0,0.6
8,130,0,8000000,192.56597466842368,0,3000000000,418001,421001,387001,34000,0,3000,0.3,0,0.3
8,131,0,2000000,198.81737650416775,0,5000000000,421001,426001,390001,36000,0,5000,0.49999999999999994,0,0.49999999999999994
8,132,0,8000000,211.27254364919258,0,9000000000,426001,435001,393001,42000,0,9000,0.8999999999999999,0,0.8999999999999999
8,137,1,6000000,198.13609514674502,872294.0372207239,2000000000,436979,437379,408001,29378,6878,400,0,2.063524365860741,2.063524365860741
8,139,1,4000000,138.79476431047388,3555545.6457759636,5000000000,437379,438379,414001,24378,1125,1000,0,0.33750094065748143,0.33750094065748143
8,136,0,5000000,218.6501280585035,0,4000000000,435001,439001,405001,34000,0,4000,0.39999999999999997,0,0.39999999999999997
8,140,1,2000000,111.41150972857339,8284171.869737362,7000000000,438379,439779,417001,22778,241,1400,0,0.0724272757053533,0.0724272757053533
8,135,1,9000000,235.10814554157838,441312.2189042427,3000000000,441379,441979,402001,39978,20394,600,0,6.118117478604993,6.118117478604993
8,143,1,2000000,74.39000268853337,34454667.929547206,7000000000,441979,443379,426001,17378,58,1400,0,0.01741418611918937,0.01741418611918937
8,144,1,4000000,98.34806810507257,13176876.546446513,3000000000,443379,443979,429001,14978,304,600,0,0.0910686228083097,0.0910686228083097
8,145,1,2000000,128.2332195649785,4836196.0158979455,4000000000,446779,447579,432001,15578,414,800,0,0.12406445024718397,0.12406445024718397
8,138,0,10000000,167.60318016075945,0,9000000000,439001,448001,411001,37000,0,9000,0.8999999999999999,0,0.8999999999999999
8,146,1,3000000,160.74192110336375,1998023.8288202786,3000000000,448579,449179,435001,14178,1501,600,0,0.45044507829088287,0.45044507829088287
8,148,1,3000000,174.0341161956471,1459510.6694019756,5000000000,449179,450179,441001,9178,2055,1000,0,0.616645029644606,0.616645029644606
8,149,1,10000000,174.0341161956471,1459510.6694019756,6000000000,451779,452979,444001,8978,6852,1200,0,2.055483432148687,2.055483432148687
8,141,0,2000000,83.47131782834144,0,6000000000,448001,454001,420001,34000,0,6000,0.6,0,0.6
8,151,1,5000000,198.4071856057638,867564.9147774788,8000000000,455764,457364,450001,7363,5763,1600,0,1.7289772493678288,1.7289772493678288
8,142,0,2000000,65.6769038551605,0,10000000000,454001,464001,423001,41000,0,10000,0.9999999999999999,0,0.9999999999999999
8,147,0,7000000,174.0341161956471,0,2000000000,464001,466001,438001,28000,0,2000,0.19999999999999998,0,0.19999999999999998
8,153,1,3000000,171.61155264142332,1542791.3346861461,4000000000,467942,468742,456001,12741,1945,800,0,0.5833582155704091,0.5833582155704091
8,150,0,4000000,178.20142115033764,0,7000000000,466001,473001,447001,26000,0,7000,0.7,0,0.7
8,152,0,2000000,203.90827374091518,0,3000000000,473001,476001,453001,23000,0,3000,0.3,0,0.3
8,154,0,9000000,165.12607062484105,0,3000000000,476001,479001,459001,20000,0,3000,0.3,0,0.3
8,156,1,8000000,144.7800490399143,3014428.6125928313,5000000000,479342,480342,465001,15341,2654,1000,0,0.796170786720228,0.796170786720228
8,160,1,6000000,161.22579694329318,1974469.2912598676,6000000000,480040,481240,477001,4239,3039,1200,0,0.9116373741378665,0.9116373741378665
8,157,1,6000000,138.77093643843446,3557929.0536759933,9000000000,482142,483942,468001,15941,1686,1800,0,0.50591228010583,0.50591228010583
8,155,0,4000000,161.11621209549338,0,10000000000,479001,489001,462001,27000,0,10000,0.9999999999999999,0,0.9999999999999999
8,159,1,9000000,156.11757140053138,2241677.1889388952,9000000000,489742,491542,474001,17541,4015,1800,0,1.2044553128892093,1.2044553128892093
8,166,1,3000000,127.40533937005932,4958863.124944493,10000000000,496230,498230,495001,3229,605,2000,0,0.18149321272304206,0.18149321272304206
8,158,0,7000000,143.02340263047859,0,10000000000,489001,499001,471001,28000,0,10000,0.9999999999999999,0,0.9999999999999999
8,161,0,10000000,133.3812179431572,0,5000000000,499001,504001,480001,24000,0,5000,0.49999999999999994,0,0.49999999999999994
8,168,1,9000000,165.53458248958128,1779196.6010642552,6000000000,506758,507958,501001,6957,5058,1200,0,1.5175388702883938,1.5175388702883938
8,162,0,7000000,110.76496287183961,0,10000000000,504001,514001,483001,31000,0,10000,0.9999999999999999,0,0.9999999999999999
8,163,0,6000000,96.99116506156628,0,2000000000,514001,516001,486001,30000,0,2000,0.19999999999999998,0,0.19999999999999998
8,174,1,10000000,96.01226848689709,14382191.873401856,10000000000,519696,521696,519001,2695,695,2000,0,0.2085912930662635,0.2085912930662635
8,164,0,5000000,95.79320330795912,0,6000000000,516001,522001,489001,33000,0,6000,0.6,0,0.6
8,165,0,6000000,107.53061936025473,0,8000000000,522001,530001,492001,38000,0,8000,0.7999999999999999,0,0.7999999999999999
8,179,1,8000000,40.60114530404289,149092493.81059125,6000000000,534360,535560,534001,1559,54,1200,0,0.01609738987295354,0.01609738987295354
8,167,0,4000000,144.5660143325533,0,7000000000,530001,537001,498001,39000,0,7000,0.7,0,0.7
8,182,1,8000000,122.11089427237854,5840214.02826218,5000000000,544371,545371,543001,2370,1370,1000,0,0.4109438435622104,0.4109438435622104
8,169,0,6000000,184.9475914955369,0,9000000000,537001,546001,504001,42000,0,9000,0.8999999999999999,0,0.8999999999999999
8,184,1,8000000,134.60036032641221,4007210.6938617085,6000000000,550997,552197,549001,3196,1996,1200,0,0.5989203421912274,0.5989203421912274
8,170,0,7000000,206.8516927656141,0,7000000000,546001,553001,507001,46000,0,7000,0.7,0,0.7
8,171,0,10000000,181.49214252964234,0,5000000000,553001,558001,510001,48000,0,5000,0.49999999999999994,0,0.49999999999999994
8,186,1,5000000,166.86098675244614,1723957.7565717378,8000000000,559488,561088,555001,6087,2900,1600,0,0.8700909255357276,0.8700909255357276
8,188,1,2000000,207.64693159302882,723873.7771346415,10000000000,563764,565764,561001,4763,2763,2000,0,0.828873788431763,0.828873788431763
8,172,0,3000000,152.37925219661625,0,8000000000,558001,566001,513001,53000,0,8000,0.7999999999999999,0,0.7999999999999999
8,190,1,3000000,208.6444727281315,710196.6505448174,7000000000,571225,572625,567001,5624,4224,1400,0,1.2672546389927037,1.2672546389927037
8,173,0,6000000,123.28889041596567,0,9000000000,566001,575001,516001,59000,0,9000,0.8999999999999999,0,0.8999999999999999
8,175,0,9000000,68.95826708959557,0,2000000000,575001,577001,522001,55000,0,2000,0.19999999999999998,0,0.19999999999999998
8,176,0,2000000,40.1273684659236,0,7000000000,577001,584001,525001,59000,0,7000,0.7,0,0.7
8,194,1,6000000,207.75335978029332,722399.0051003048,7000000000,587307,588707,579001,9706,8306,1400,0,2.4916977837615804,2.4916977837615804
8,196,1,4000000,188.91279310835466,1054200.0088883312,7000000000,588795,590195,585001,5194,3794,1400,0,1.1383039175511076,1.1383039175511076
8,177,0,5000000,14.81492490699825,0,7000000000,584001,591001,528001,63000,0,7000,0.7,0,0.7
8,198,1,3000000,157.19967970705295,2181502.234501917,6000000000,592376,593576,591001,2575,1375,1200,0,0.41255974244073557,0.41255974244073557
8,178,0,6000000,11.558689372069784,0,3000000000,591001,594001,531001,63000,0,3000,0.3,0,0.3
8,197,1,9000000,182.73989438543524,1202781.0422653507,9000000000,595484,597284,588001,9283,7483,1800,0,2.2447976024919267,2.2447976024919267
8,180,0,9000000,69.73507653971568,0,4000000000,594001,598001,537001,61000,0,4000,0.39999999999999997,0,0.39999999999999997
8,199,1,8000000,132.44178872244206,4267140.77525037,8000000000,597284,598884,594001,4883,1875,1600,0,0.5624375023950745,0.5624375023950745
8,181,0,8000000,98.87881117812856,0,8000000000,598001,606001,540001,66000,0,8000,0.7999999999999999,0,0.7999999999999999
8,203,1,6000000,26.432131960929674,265029055.59830156,7000000000,606024,607424,606001,1423,23,1400,0,0.0067917081617202705,0.0067917081617202705
8,204,1,6000000,3.9654760117796535,810521503.1010529,8000000000,611024,612624,609001,3623,7,1600,0,0.0022207924072504,0.0022207924072504
8,183,0,8000000,125.9802226541928,0,10000000000,606001,616001,546001,70000,0,10000,0.9999999999999999,0,0.9999999999999999
8,185,0,5000000,148.71559434033813,0,3000000000,616001,619001,552001,67000,0,3000,0.3,0,0.3
8,207,1,10000000,72.994205249458,36579228.68102393,5000000000,618274,619274,618001,1273,273,1000,0,0.08201375775745372,0.08201375775745372
8,187,0,10000000,184.9739581670891,0,4000000000,619001,623001,558001,65000,0,4000,0.39999999999999997,0,0.39999999999999997
8,189,0,10000000,222.66141672952682,0,7000000000,623001,630001,564001,66000,0,7000,0.7,0,0.7
8,210,1,6000000,125.7362986571499,5217960.88475538,4000000000,629285,630085,627001,3084,1150,800,0,0.3449623406068105,0.3449623406068105
8,191,0,4000000,195.48276906162346,0,2000000000,630001,632001,570001,62000,0,2000,0.19999999999999998,0,0.19999999999999998
8,192,0,2000000,188.55322855894042,0,9000000000,632001,641001,573001,68000,0,9000,0.8999999999999999,0,0.8999999999999999
8,193,0,8000000,217.46243560670422,0,2000000000,641001,643001,576001,67000,0,2000,0.19999999999999998,0,0.19999999999999998
8,195,0,6000000,195.75211365397823,0,10000000000,643001,653001,582001,71000,0,10000,0.9999999999999999,0,0.9999999999999999
8,200,0,10000000,105.27643658483136,0,6000000000,653001,659001,597001,62000,0,6000,0.6,0,0.6
8,220,1,6000000,155.33565720722336,2286441.651908625,4000000000,659754,660554,657001,3553,2624,800,0,0.7872494793372208,0.7872494793372208
8,201,0,10000000,78.12507471996429,0,5000000000,659001,664001,600001,64000,0,5000,0.49999999999999994,0,0.49999999999999994
8,202,0,7000000,52.18865777158868,0,4000000000,664001,668001,603001,65000,0,4000,0.39999999999999997,0,0.39999999999999997
8,223,1,6000000,171.04507154548472,1563110.3091550216,3000000000,671154,671754,666001,5753,3839,600,0,1.1515502069543864,1.1515502069543864
8,205,0,3000000,18.67661907305498,0,4000000000,668001,672001,612001,60000,0,4000,0.39999999999999997,0,0.39999999999999997
8,224,1,8000000,183.23740365984239,1189878.1335694748,5000000000,675724,676724,669001,7723,6723,1000,0,2.017013282528625,2.017013282528625
8,206,0,3000000,45.816565781385194,0,6000000000,672001,678001,615001,63000,0,6000,0.6,0,0.6
8,208,0,9000000,100.18856471673796,0,7000000000,678001,685001,621001,64000,0,7000,0.7,0,0.7
8,231,1,2000000,212.21318455741624,663829.4366062335,7000000000,693014,694414,690001,4413,3013,1400,0,0.9038466312482984,0.9038466312482984
8,209,0,3000000,122.04121312081422,0,10000000000,685001,695001,624001,71000,0,10000,0.9999999999999999,0,0.9999999999999999
8,232,1,2000000,215.30618314391253,626660.04685067,8000000000,697014,698614,693001,5613,3192,1600,0,0.957456922641467,0.957456922641467
8,229,1,10000000,212.21318455741624,663829.4366062335,8000000000,700814,702414,684001,18413,15064,1600,0,4.5192331562414925,4.5192331562414925
8,211,0,4000000,123.45522913185984,0,10000000000,695001,705001,630001,75000,0,10000,0.9999999999999999,0,0.9999999999999999
8,236,1,5000000,127.58054436315906,4932587.904925335,4000000000,707282,708082,705001,3081,1014,800,0,0.30410000367194784,0.30410000367194784
8,235,1,10000000,153.72926461802902,2381933.0644502942,10000000000,708082,710082,702001,8081,4198,2000,0,1.2594812359651022,1.2594812359651022
8,212,0,3000000,127.06612333741835,0,9000000000,705001,714001,633001,81000,0,9000,0.8999999999999999,0,0.8999999999999999
8,213,0,9000000,130.55902305087915,0,6000000000,714001,720001,636001,84000,0,6000,0.6,0,0.6
8,242,1,3000000,141.6108488075684,3287204.05321037,9000000000,726375,728175,723001,5174,913,1800,0,0.27378890553540064,0.27378890553540064
8,214,0,4000000,137.4121464791232,0,9000000000,720001,729001,639001,90000,0,9000,0.8999999999999999,0,0.8999999999999999
8,244,1,3000000,171.2176375260446,1556885.56538455,5000000000,732175,733175,729001,4174,1927,1000,0,0.5780771689393244,0.5780771689393244
8,245,1,3000000,149.3555235001371,2668112.191566517,4000000000,733175,733975,732001,1974,1124,800,0,0.3373171498727671,0.3373171498727671
8,215,0,10000000,127.81007667629342,0,9000000000,729001,738001,642001,96000,0,9000,0.8999999999999999,0,0.8999999999999999
8,246,1,6000000,149.8179702171939,2635913.338884201,10000000000,737277,739277,735001,4276,2276,2000,0,0.6828752574854952,0.6828752574854952
8,216,0,9000000,125.44248801741772,0,7000000000,738001,745001,645001,100000,0,7000,0.7,0,0.7
8,247,1,8000000,163.55227482367835,1865908.771903939,7000000000,744614,746014,738001,8013,4287,1400,0,1.2862365170999674,1.2862365170999674
8,217,0,4000000,128.69107389403516,0,10000000000,745001,755001,648001,107000,0,10000,0.9999999999999999,0,0.9999999999999999
8,218,0,3000000,137.32261066554184,0,2000000000,755001,757001,651001,106000,0,2000,0.19999999999999998,0,0.19999999999999998
8,219,0,4000000,148.7407866054231,0,9000000000,757001,766001,654001,112000,0,9000,0.8999999999999999,0,0.8999999999999999
8,253,1,6000000,218.31130525009462,592999.8453754975,5000000000,766119,767119,756001,11118,10118,1000,0,3.0354139449399176,3.0354139449399176
8,254,1,8000000,202.39888265501867,801490.5603763845,6000000000,770719,771919,759001,12918,9981,1200,0,2.994420793768234,2.994420793768234
8,257,1,4000000,179.26843698766385,1297829.8918340874,3000000000,771919,772519,768001,4518,3082,600,0,0.9246204048391622,0.9246204048391622
8,255,1,10000000,189.05841663358973,1050979.2603150355,4000000000,772519,773319,762001,11318,9515,800,0,2.854480686042023,2.854480686042023
8,256,1,9000000,181.12682766503696,1245830.5349506927,4000000000,773319,774119,765001,9118,7224,800,0,2.1672289482829705,2.1672289482829705
8,251,1,10000000,240.36133403690374,404082.8457094385,3000000000,774748,775348,750001,25347,24747,600,0,7.424220136672648,7.424220136672648
8,221,0,9000000,156.1640538024036,0,10000000000,766001,776001,660001,116000,0,10000,0.9999999999999999,0,0.9999999999999999
8,252,1,10000000,234.32447097987867,447227.2428747679,6000000000,778719,779919,753001,26918,22360,1200,0,6.707999228124072,6.707999228124072
8,222,0,8000000,161.5525035398709,0,5000000000,776001,781001,663001,118000,0,5000,0.49999999999999994,0,0.49999999999999994
8,259,1,10000000,177.28339798187537,1356388.2311283024,8000000000,781919,783519,774001,9518,7373,1600,0,2.2117561411635593,2.2117561411635593
8,225,0,10000000,194.71154922089246,0,5000000000,781001,786001,672001,114000,0,5000,0.49999999999999994,0,0.49999999999999994
8,263,1,3000000,129.73699279696592,4622749.192453878,8000000000,788039,789639,786001,3638,649,1600,0,0.19468934232234567,0.19468934232234567
8,262,1,10000000,156.24308144682755,2234593.196330231,6000000000,789639,790839,783001,7838,4475,1200,0,1.3425262391950181,1.3425262391950181
8,226,0,2000000,209.83018872412046,0,7000000000,786001,793001,675001,118000,0,7000,0.7,0,0.7
8,227,0,8000000,212.21318455741624,0,6000000000,793001,799001,678001,121000,0,6000,0.6,0,0.6
8,267,1,6000000,67.25910272966776,46912940.0621283,6000000000,798449,799649,798001,1648,128,1200,0,0.038368944636942445,0.038368944636942445
8,228,0,8000000,212.21318455741624,0,9000000000,799001,808001,681001,127000,0,9000,0.8999999999999999,0,0.8999999999999999
8,271,1,5000000,109.00676355162555,8994452.422395334,10000000000,812250,814250,810001,4249,556,2000,0,0.166769462948644,0.166769462948644
8,230,0,5000000,212.21318455741624,0,7000000000,808001,815001,687001,128000,0,7000,0.7,0,0.7
8,233,0,3000000,211.39892738611513,0,5000000000,815001,820001,696001,124000,0,5000,0.49999999999999994,0,0.49999999999999994
8,273,1,6000000,160.30577438133665,2019554.149810486,10000000000,820250,822250,816001,6249,2971,2000,0,0.8912858316618602,0.8912858316618602
8,234,0,4000000,182.29211310421528,0,5000000000,820001,825001,699001,126000,0,5000,0.49999999999999994,0,0.49999999999999994
8,237,0,4000000,109.11722916203476,0,3000000000,825001,828001,708001,120000,0,3000,0.3,0,0.3
8,238,0,5000000,95.06742133875302,0,4000000000,828001,832001,711001,121000,0,4000,0.39999999999999997,0,0.39999999999999997
8,239,0,4000000,91.75183594893346,0,2000000000,832001,834001,714001,120000,0,2000,0.19999999999999998,0,0.19999999999999998
8,278,1,4000000,219.76807070181965,577494.4854664432,9000000000,837927,839727,831001,8726,6926,1800,0,2.077941920139303,2.077941920139303
8,240,0,9000000,100.13218863082945,0,8000000000,834001,842001,717001,125000,0,8000,0.7999999999999999,0,0.7999999999999999
8,279,1,4000000,228.54879260236754,494017.2358427679,8000000000,842098,843698,834001,9697,8097,1600,0,2.42906504659268,2.42906504659268
8,241,0,8000000,117.90562030709135,0,3000000000,842001,845001,720001,125000,0,3000,0.3,0,0.3
8,277,1,9000000,231.13249814770745,472366.4254604819,9000000000,847054,848854,828001,20853,19053,1800,0,5.715901585020423,5.715901585020423
8,283,1,2000000,193.00177667576017,968239.1459085287,5000000000,848854,849854,846001,3853,2066,1000,0,0.6196816174345042,0.6196816174345042
8,282,1,7000000,198.95801893866957,858053.691770396,6000000000,851854,853054,843001,10053,8158,1200,0,2.447399294637535,2.447399294637535
8,284,1,3000000,192.3581516338728,981174.9577884646,8000000000,853054,854654,849001,5653,3058,1600,0,0.9172676013140101,0.9172676013140101
8,243,0,3000000,168.51038692021328,0,10000000000,845001,855001,726001,129000,0,10000,0.9999999999999999,0,0.9999999999999999
8,286,1,2000000,206.8089555604399,735617.6458313533,7000000000,857720,859120,855001,4119,2719,1400,0,0.8156411192691199,0.8156411192691199
8,287,1,3000000,220.82801135725512,566529.6304951999,8000000000,863296,864896,858001,6895,5295,1600,0,1.5886194676407583,1.5886194676407583
8,248,0,7000000,180.47135174315068,0,10000000000,855001,865001,741001,124000,0,10000,0.9999999999999999,0,0.9999999999999999
8,249,0,5000000,197.92117269256465,0,2000000000,865001,867001,744001,123000,0,2000,0.19999999999999998,0,0.19999999999999998
8,250,0,6000000,218.55345272953252,0,9000000000,867001,876001,747001,129000,0,9000,0.8999999999999999,0,0.8999999999999999
8,289,1,4000000,249.37698891437438,348874.85341764777,3000000000,877320,877920,864001,13919,11465,600,0,3.4396288188860855,3.4396288188860855
8,293,1,3000000,168.15035801329714,1672287.0213679117,2000000000,881920,882320,876001,6319,1794,400,0,0.5381851252207951,0.5381851252207951
8,258,0,2000000,183.62309794794336,0,10000000000,876001,886001,771001,115000,0,10000,0.9999999999999999,0,0.9999999999999999
8,294,1,6000000,142.39511929838045,3216958.0870554335,7000000000,884920,886320,879001,7319,1865,1400,0,0.559534800046956,0.559534800046956
8,290,1,7000000,230.40027886267848,478379.92990664876,8000000000,886320,887920,867001,20919,14633,1600,0,4.389816270949734,4.389816270949734
8,295,1,8000000,118.5741219659669,6536722.74419222,7000000000,887920,889320,882001,7319,1224,1400,0,0.36715646263754476,0.36715646263754476
8,260,0,9000000,180.66887114276219,0,8000000000,886001,894001,777001,117000,0,8000,0.7999999999999999,0,0.7999999999999999
8,261,0,8000000,182.76249177552813,0,4000000000,894001,898001,780001,118000,0,4000,0.39999999999999997,0,0.39999999999999997
8,296,1,10000000,92.85347597155426,16225375.526250768,9000000000,896720,898520,885001,13519,616,1800,0,0.1848955665245682,0.1848955665245682
8,299,1,7000000,80.55873447367456,26563231.631480988,5000000000,905920,906920,894001,12919,264,1000,0,0.07905664601106813,0.07905664601106813
8,264,0,9000000,109.66380077309013,0,10000000000,898001,908001,789001,119000,0,10000,0.9999999999999999,0,0.9999999999999999
8,300,1,5000000,103.54635145672684,10898945.894088779,2000000000,908320,908720,897001,11719,459,400,0,0.13762798848405602,0.13762798848405602
8,265,0,2000000,96.01633246484677,0,3000000000,908001,911001,792001,119000,0,3000,0.3,0,0.3
8,302,1,4000000,159.33440808563606,2068548.4542222386,2000000000,911120,911520,903001,8519,1934,400,0,0.5801169402392329,0.5801169402392329
8,303,1,4000000,189.32602171914985,1045092.5170798367,9000000000,914920,916720,906001,10719,3827,1800,0,1.1482237030583673,1.1482237030583673
8,266,0,3000000,77.25851927133989,0,7000000000,911001,918001,795001,123000,0,7000,0.7,0,0.7
8,268,0,7000000,66.29443792657113,0,4000000000,918001,922001,801001,121000,0,4000,0.39999999999999997,0,0.39999999999999997
8,305,1,9000000,185.47752020123625,1133869.1382160096,5000000000,924122,925122,912001,13121,7937,1000,0,2.3812271707545425,2.3812271707545425
8,306,1,9000000,165.24546135976018,1791527.4172338787,6000000000,925122,926322,915001,11321,5024,1200,0,1.5070938764469508,1.5070938764469508
8,308,1,7000000,165.12607062484105,1796650.272861033,3000000000,927522,928122,921001,7121,3896,600,0,1.1688418340069628,1.1688418340069628
8,269,0,10000000,72.64172148290537,0,7000000000,922001,929001,804001,125000,0,7000,0.7,0,0.7
8,270,0,2000000,89.40415258812087,0,4000000000,929001,933001,807001,126000,0,4000,0.39999999999999997,0,0.39999999999999997
8,272,0,5000000,133.4637407687946,0,3000000000,933001,936001,813001,123000,0,3000,0.3,0,0.3
8,312,1,8000000,165.12607062484105,1796650.272861033,9000000000,937540,939340,933001,6339,4453,1800,0,1.3358192388651005,1.3358192388651005
8,313,1,4000000,156.2374935794862,2234907.994506731,2000000000,939340,939740,936001,3739,1790,400,0,0.5369348550139548,0.5369348550139548
8,314,1,5000000,133.53790847545875,4132640.76834794,6000000000,940211,941411,939001,2410,1210,1200,0,0.36296404262585796,0.36296404262585796
8,274,0,9000000,187.6731509832986,0,7000000000,936001,943001,819001,124000,0,7000,0.7,0,0.7
8,275,0,2000000,204.97705261809188,0,4000000000,943001,947001,822001,125000,0,4000,0.39999999999999997,0,0.39999999999999997
8,317,1,6000000,74.05043821612405,34958831.98025339,3000000000,948173,948773,948001,772,172,600,0,0.051489134448677684,0.051489134448677684
8,318,1,9000000,57.07280438177195,73421209.88506146,4000000000,951435,952235,951001,1234,123,800,0,0.03677411478545182,0.03677411478545182
8,276,0,2000000,221.14543743880404,0,9000000000,947001,956001,825001,131000,0,9000,0.8999999999999999,0,0.8999999999999999
8,280,0,6000000,222.7162510909341,0,6000000000,956001,962001,837001,125000,0,6000,0.6,0,0.6
8,323,1,10000000,80.82630326818119,26269847.134428777,5000000000,968140,969140,966001,3139,381,1000,0,0.11419937027605521,0.11419937027605521
8,281,0,10000000,209.88466594775332,0,10000000000,962001,972001,840001,132000,0,10000,0.9999999999999999,0,0.9999999999999999
8,325,1,7000000,81.64354842851944,25396138.967413884,6000000000,972277,973477,972001,1476,276,1200,0,0.08268973495122772,0.08268973495122772
8,285,0,10000000,197.0694611044542,0,3000000000,972001,975001,852001,123000,0,3000,0.3,0,0.3
8,288,0,6000000,238.4173336819284,0,5000000000,975001,980001,861001,119000,0,5000,0.49999999999999994,0,0.49999999999999994
8,327,1,10000000,108.98646934367582,9000752.441766145,10000000000,979112,981112,978001,3111,1111,2000,0,0.33330546744948963,0.33330546744948963
8,328,1,6000000,128.56221295544037,4788482.999995611,10000000000,982547,984547,981001,3546,1253,2000,0,0.37590192969290065,0.37590192969290065
8,329,1,3000000,149.92492254458566,2628535.0736923334,2000000000,985547,985947,984001,1946,1141,400,0,0.3423960399112193,0.3423960399112193
8,291,0,7000000,216.65718266422647,0,8000000000,980001,988001,870001,118000,0,8000,0.7999999999999999,0,0.7999999999999999
8,292,0,4000000,195.72321298200686,0,6000000000,988001,994001,873001,121000,0,6000,0.6,0,0.6
8,297,0,9000000,71.96069830122553,0,5000000000,994001,999001,888001,111000,0,5000,0.49999999999999994,0,0.49999999999999994
9,1,0,8000000,65.96626789503864,0,5000000000,1,5001,1,5000,0,5000,0.49999999999999994,0,0.49999999999999994
9,4,1,8000000,108.86482306052771,9038627.268367948,3000000000,11086,11686,9001,2685,885,600,0,0.26552704616984985,0.26552704616984985
9,2,0,9000000,69.18880400758496,0,8000000000,5001,13001,3001,10000,0,8000,0.7999999999999999,0,0.7999999999999999
9,5,1,3000000,137.67942838347346,3669249.4454615912,5000000000,12819,13819,12001,1818,818,1000,0,0.24528177039399404,0.24528177039399404
9,3,0,5000000,83.76943655057012,0,5000000000,13001,18001,6001,12000,0,5000,0.49999999999999994,0,0.49999999999999994
9,6,1,3000000,167.31902760893632,1705378.0699282612,6000000000,18619,19819,15001,4818,1759,1200,0,0.527742214978676,0.527742214978676
9,7,0,2000000,174.0341161956471,0,2000000000,18001,20001,18001,2000,0,2000,0.19999999999999998,0,0.19999999999999998
9,9,0,3000000,174.0341161956471,0,3000000000,24001,27001,24001,3000,0,3000,0.3,0,0.3
9,11,0,2000000,170.94592419826802,0,6000000000,30001,36001,30001,6000,0,6000,0.6,0,0.6
9,8,1,9000000,174.0341161956471,1459510.6694019756,10000000000,34419,36419,21001,15418,6166,2000,0,1.849935088933818,1.849935088933818
9,13,0,6000000,169.51110789561844,0,2000000000,36001,38001,36001,2000,0,2000,0.19999999999999998,0,0.19999999999999998
9,10,1,7000000,178.31161768095762,1325655.0313944134,4000000000,40819,41619,27001,14618,5280,800,0,1.5841225283104596,1.5841225283104596
9,15,0,3000000,182.12061113448968,0,6000000000,42001,48001,42001,6000,0,6000,0.6,0,0.6
9,12,1,10000000,167.6156809490091,1693477.3185615928,6000000000,50219,51419,33001,18418,5905,1200,0,1.7715029112690701,1.7715029112690701
9,14,1,5000000,172.41144103568067,1514655.7638805227,5000000000,53219,54219,39001,15218,3301,1000,0,0.990324029901702,0.990324029901702
9,18,1,5000000,230.3141597904914,479093.4624826209,7000000000,61437,62837,51001,11836,10436,1400,0,3.130913104568636,3.130913104568636
9,16,1,4000000,198.10727598955066,872798.668039971,6000000000,62019,63219,45001,18218,4583,1200,0,1.3748875243987475,1.3748875243987475
9,19,0,8000000,208.50002398081398,0,10000000000,54001,64001,54001,10000,0,10000,0.9999999999999999,0,0.9999999999999999
9,21,1,5000000,179.34203773794923,1295719.7293301767,6000000000,63860,65060,60001,5059,3859,1200,0,1.1576577604289673,1.1576577604289673
9,20,1,8000000,190.2463584408385,1025157.7938532208,10000000000,65460,67460,57001,10459,7804,2000,0,2.3411030130095516,2.3411030130095516
9,22,1,9000000,179.00225948294622,1305497.0619254871,5000000000,69895,70895,63001,7894,6894,1000,0,2.0681777682576707,2.0681777682576707
9,23,1,8000000,177.4309806657225,1351922.991514754,9000000000,71918,73718,66001,7717,5917,1800,0,1.7752490452957934,1.7752490452957934
9,24,0,5000000,171.17795097500144,0,5000000000,69001,74001,69001,5000,0,5000,0.49999999999999994,0,0.49999999999999994
9,17,1,9000000,218.36322423888137,592438.3784070764,3000000000,75619,76219,48001,28218,15191,600,0,4.55743601091416,4.55743601091416
9,25,0,4000000,166.45192609279113,0,6000000000,74001,80001,72001,8000,0,6000,0.6,0,0.6
9,26,1,9000000,168.5700581360759,1655883.6841034289,4000000000,80436,81236,75001,6235,5435,800,0,1.630549310872583,1.630549310872583
9,27,0,10000000,177.22480102965275,0,5000000000,80001,85001,78001,7000,0,5000,0.49999999999999994,0,0.49999999999999994
9,28,0,2000000,191.5608232389911,0,7000000000,85001,92001,81001,11000,0,7000,0.7,0,0.7
9,31,1,10000000,177.9098423359427,1337559.893167605,5000000000,97477,98477,90001,8476,7476,1000,0,2.2428902177198284,2.2428902177198284
9,29,0,6000000,210.43555426780904,0,9000000000,92001,101001,84001,17000,0,9000,0.8999999999999999,0,0.8999999999999999
9,32,1,8000000,188.17005208055824,1070819.6178105923,3000000000,100472,101072,93001,8071,7471,600,0,2.2412738430278876,2.2412738430278876
9,30,0,2000000,172.2571548586589,0,9000000000,101001,110001,87001,23000,0,9000,0.8999999999999999,0,0.8999999999999999
9,34,1,6000000,217.12045182340609,606062.1648239528,8000000000,108901,110501,99001,11500,9900,1600,0,2.9699923612998655,2.9699923612998655
9,37,1,2000000,236.46190221682647,431322.4294297856,9000000000,112638,114438,108001,6437,4637,1800,0,1.3910707142988334,1.3910707142988334
9,33,0,9000000,201.7312253965657,0,5000000000,110001,115001,96001,19000,0,5000,0.49999999999999994,0,0.49999999999999994
9,35,1,7000000,235.51325504098494,438292.7984953596,10000000000,117972,119972,102001,17971,15971,2000,0,4.791317601405294,4.791317601405294
9,40,1,4000000,193.7788907492248,952902.0787118163,5000000000,121199,122199,117001,5198,4198,1000,0,1.2593109269131029,1.2593109269131029
9,39,0,8000000,207.0742110935111,0,8000000000,115001,123001,114001,9000,0,8000,0.7999999999999999,0,0.7999999999999999
9,42,1,5000000,167.46371577150674,1699560.7361147888,3000000000,125943,126543,123001,3542,2942,600,0,0.8825809917384968,0.8825809917384968
9,38,1,9000000,219.16032943943117,583900.8863698327,4000000000,126543,127343,111001,16342,15414,800,0,4.624072446243671,4.624072446243671
9,36,1,7000000,253.06671551193767,329014.3898716247,8000000000,126277,127877,105001,22876,21276,1600,0,6.382699555540355,6.382699555540355
9,41,0,10000000,179.7816525677746,0,5000000000,123001,128001,120001,8000,0,5000,0.49999999999999994,0,0.49999999999999994
9,43,1,4000000,157.10527043991868,2186671.9302905346,3000000000,127830,128430,126001,2429,1829,600,0,0.5487791668138168,0.5487791668138168
9,44,0,4000000,153.74737201006073,0,4000000000,129001,133001,129001,4000,0,4000,0.39999999999999997,0,0.39999999999999997
9,47,1,5000000,144.7132602770043,3019882.442122167,6000000000,139657,140857,138001,2856,1656,1200,0,0.49670807680377865,0.49670807680377865
9,45,0,3000000,148.18394312475291,0,10000000000,133001,143001,132001,11000,0,10000,0.9999999999999999,0,0.9999999999999999
9,49,1,2000000,152.25216188941292,2474131.4941453133,4000000000,144809,145609,144001,1608,808,800,0,0.24250934173054917,0.24250934173054917
9,46,0,3000000,144.75543858522207,0,3000000000,143001,146001,135001,11000,0,3000,0.3,0,0.3
9,48,0,8000000,147.75676803449647,0,2000000000,146001,148001,141001,7000,0,2000,0.19999999999999998,0,0.19999999999999998
9,50,1,5000000,157.3111903203329,2175415.584454095,2000000000,149299,149699,147001,2698,2298,400,0,0.6895234228895231,0.6895234228895231
9,51,1,4000000,151.8343126569222,2501010.753819155,8000000000,151600,153200,150001,3199,1599,1600,0,0.47980601369568143,0.47980601369568143
9,52,1,9000000,131.59622676961524,4374583.488180652,7000000000,155058,156458,153001,3457,2057,1400,0,0.6172016164041493,0.6172016164041493
9,53,1,8000000,149.7863979138293,2638096.29507738,10000000000,159033,161033,156001,5032,3032,2000,0,0.9097469279185671,0.9097469279185671
9,54,1,9000000,143.84819011722047,3091635.027208133,10000000000,161912,163912,159001,4911,2911,2000,0,0.8733243012963937,0.8733243012963937
9,55,1,2000000,144.79005836037226,3013612.3206045027,9000000000,163912,165712,162001,3711,664,1800,0,0.19909661103311577,0.19909661103311577
9,56,0,5000000,141.49213299685604,0,2000000000,165001,167001,165001,2000,0,2000,0.19999999999999998,0,0.19999999999999998
9,57,1,4000000,141.99195787085972,3252834.8963992195,2000000000,169231,169631,168001,1630,1230,400,0,0.36890897885052826,0.36890897885052826
9,58,0,10000000,147.22197254486167,0,2000000000,171001,173001,171001,2000,0,2000,0.19999999999999998,0,0.19999999999999998
9,59,1,9000000,154.39166072038998,2341970.1410458707,9000000000,177844,179644,174001,5643,3843,1800,0,1.1528755011343745,1.1528755011343745
9,60,0,7000000,158.11820546666976,0,10000000000,177001,187001,177001,10000,0,10000,0.9999999999999999,0,0.9999999999999999
9,62,1,8000000,187.48125292945957,1086524.581094918,5000000000,190364,191364,183001,8363,7363,1000,0,2.2088777757622933,2.2088777757622933
9,61,0,10000000,171.42801696338904,0,8000000000,187001,195001,180001,15000,0,8000,0.7999999999999999,0,0.7999999999999999
9,63,0,8000000,203.61793756936055,0,2000000000,195001,197001,186001,11000,0,2000,0.19999999999999998,0,0.19999999999999998
9,66,1,3000000,244.64205791318878,376605.9177565965,6000000000,202967,204167,195001,9166,7966,1200,0,2.3897659531247126,2.3897659531247126
9,64,0,10000000,217.9319694308295,0,10000000000,197001,207001,189001,18000,0,10000,0.9999999999999999,0,0.9999999999999999
9,65,0,4000000,237.89819524325947,0,6000000000,207001,213001,192001,21000,0,6000,0.6,0,0.6
9,70,1,3000000,203.8706109276175,778719.4639629148,5000000000,213833,214833,207001,7832,3852,1000,0,1.1557435529091398,1.1557435529091398
9,68,1,9000000,230.27883315667552,479386.5424324428,7000000000,221196,222596,201001,21595,18774,1400,0,5.632198155375828,5.632198155375828
9,67,0,9000000,230.28668415694383,0,10000000000,213001,223001,198001,25000,0,10000,0.9999999999999999,0,0.9999999999999999
9,73,1,9000000,173.02792057930998,1493405.3647635204,3000000000,222596,223196,216001,7195,6026,600,0,1.8079485072879344,1.8079485072879344
9,69,0,2000000,221.92024558385836,0,4000000000,223001,227001,204001,23000,0,4000,0.39999999999999997,0,0.39999999999999997
9,71,0,7000000,188.57921439013364,0,3000000000,227001,230001,210001,20000,0,3000,0.3,0,0.3
9,75,1,10000000,179.51873439839085,1290671.1532622245,7000000000,229749,231149,222001,9148,7748,1400,0,2.324372085342867,2.324372085342867
9,72,0,8000000,178.02164278536472,0,2000000000,230001,232001,213001,19000,0,2000,0.19999999999999998,0,0.19999999999999998
9,77,1,5000000,170.2542105206212,1592036.603602724,9000000000,231149,232949,228001,4948,3141,1800,0,0.9421893922574089,0.9421893922574089
9,80,1,5000000,108.07997871946498,9287658.411065757,7000000000,237539,238939,237001,1938,538,1400,0,0.16150464773907153,0.16150464773907153
9,74,0,10000000,174.1591329790086,0,8000000000,232001,240001,219001,21000,0,8000,0.7999999999999999,0,0.7999999999999999
9,81,1,4000000,125.5361354351806,5250134.887915361,4000000000,241385,242185,240001,2184,762,800,0,0.2285655560511659,0.2285655560511659
9,76,0,8000000,180.15952181330854,0,3000000000,240001,243001,225001,18000,0,3000,0.3,0,0.3
9,82,1,6000000,145.81200636435943,2931686.499100612,8000000000,245048,246648,243001,3647,2047,1600,0,0.6139810653534091,0.6139810653534091
9,78,0,10000000,145.91963027639565,0,4000000000,243001,247001,231001,16000,0,4000,0.39999999999999997,0,0.39999999999999997
9,83,1,2000000,160.18910949249954,2025361.985583808,7000000000,247648,249048,246001,3047,987,1400,0,0.29624334033654276,0.29624334033654276
9,79,0,4000000,122.31989085999052,0,5000000000,247001,252001,234001,18000,0,5000,0.49999999999999994,0,0.49999999999999994
9,84,1,7000000,168.26267619409836,1667877.543976718,4000000000,253198,253998,249001,4997,4197,800,0,1.2590852413498972,1.2590852413498972
9,85,0,4000000,168.82025263575454,0,4000000000,252001,256001,252001,4000,0,4000,0.39999999999999997,0,0.39999999999999997
9,86,1,4000000,170.64137013045809,1577793.663980086,2000000000,257714,258114,255001,3113,2535,400,0,0.7605557224592491,0.7605557224592491
9,88,1,4000000,142.40638749719056,3215962.37479295,5000000000,262245,263245,261001,2244,1244,1000,0,0.3731386938496935,0.3731386938496935
9,89,1,5000000,121.05665863553313,6037933.412191483,6000000000,264829,266029,264001,2028,828,1200,0,0.2484293710446156,0.2484293710446156
9,87,0,3000000,163.82938472691643,0,10000000000,258001,268001,258001,10000,0,10000,0.9999999999999999,0,0.9999999999999999
9,90,1,3000000,94.98994525737976,14950407.501350548,9000000000,267202,269002,267001,2001,201,1800,0,0.06019902801436672,0.06019902801436672
9,91,1,8000000,68.96209466076273,43553127.48265335,5000000000,270549,271549,270001,1548,184,1000,0,0.05510511273744668,0.05510511273744668
9,93,1,7000000,17.557932680130662,381573848.692583,3000000000,278779,279379,276001,3378,18,600,0,0.005503521814179346,0.005503521814179346
9,92,0,8000000,43.02037889186935,0,7000000000,273001,280001,273001,7000,0,7000,0.7,0,0.7
9,94,1,5000000,11.323965736437053,507821119.6709799,6000000000,284179,285379,279001,6378,10,1200,0,0.0029537960157542445,0.0029537960157542445
9,95,0,4000000,36.20230103184054,0,8000000000,282001,290001,282001,8000,0,8000,0.7999999999999999,0,0.7999999999999999
9,96,0,2000000,59.75320660851605,0,3000000000,290001,293001,285001,8000,0,3000,0.3,0,0.3
9,100,0,7000000,71.44731485507344,0,3000000000,297001,300001,297001,3000,0,3000,0.3,0,0.3
9,97,1,2000000,69.09587324869705,43300208.02983578,9000000000,298579,300379,288001,12378,46,1800,0,0.013856746359892154,0.013856746359892154
9,98,1,9000000,87.04252294137618,20389092.8431193,9000000000,306979,308779,291001,17778,441,1800,0,0.13242374345806993,0.13242374345806993
9,102,0,10000000,116.13548381093526,0,6000000000,303001,309001,303001,6000,0,6000,0.6,0,0.6
9,99,1,7000000,66.16438090090472,49215706.385489486,9000000000,308779,310579,294001,16578,142,1800,0,0.04266930527322785,0.04266930527322785
9,101,1,9000000,89.65187616553263,18382214.434712406,7000000000,317179,318579,300001,18578,490,1400,0,0.14688110671266044,0.14688110671266044
9,106,0,8000000,175.1478506862131,0,8000000000,315001,323001,315001,8000,0,8000,0.7999999999999999,0,0.7999999999999999
9,103,1,3000000,145.7204337078366,2938914.4485162995,8000000000,323179,324779,306001,18778,1021,1600,0,0.30623552191332476,0.30623552191332476
9,104,1,6000000,172.00076337039903,1529020.7402019566,2000000000,331179,331579,309001,22578,3924,400,0,1.1772240576424438,1.1772240576424438
9,105,1,3000000,174.0341161956471,1459510.6694019756,6000000000,331579,332779,312001,20778,2055,1200,0,0.616645029644606,0.616645029644606
9,107,0,8000000,189.7768713515954,0,10000000000,323001,333001,318001,15000,0,10000,0.9999999999999999,0,0.9999999999999999
9,108,0,5000000,216.3553597672126,0,3000000000,333001,336001,321001,15000,0,3000,0.3,0,0.3
9,110,0,9000000,153.4295737463935,0,10000000000,336001,346001,327001,19000,0,10000,0.9999999999999999,0,0.9999999999999999
9,116,1,9000000,136.47467897012987,3797141.782564984,6000000000,347371,348571,345001,3570,2370,1200,0,0.7110611493090309,0.7110611493090309
9,114,0,9000000,162.41590716429226,0,4000000000,346001,350001,339001,11000,0,4000,0.39999999999999997,0,0.39999999999999997
9,117,1,8000000,143.32922974745935,3135690.4628167287,6000000000,350552,351752,348001,3751,2551,1200,0,0.7653816690325127,0.7653816690325127
9,109,1,4000000,184.19580885568487,1165503.5468067212,6000000000,350623,351823,324001,27822,3432,1200,0,1.0295978963665904,1.0295978963665904
9,111,1,10000000,139.7505849719421,3461539.846332826,5000000000,354223,355223,330001,25222,2889,1000,0,0.8666663199553274,0.8666663199553274
9,118,1,6000000,163.80014285708057,1854783.7881334801,10000000000,354236,356236,351001,5235,3235,2000,0,0.9704635179129906,0.9704635179129906
9,112,1,10000000,139.91404825820746,3445771.1448408854,9000000000,356623,358423,333001,25422,2902,1800,0,0.8706323995114105,0.8706323995114105
9,115,0,9000000,156.6334603461215,0,9000000000,350001,359001,342001,17000,0,9000,0.8999999999999999,0,0.8999999999999999
9,113,1,9000000,148.43141210673704,2733925.094995855,8000000000,359823,361423,336001,25422,3292,1600,0,0.9875910663909736,0.9875910663909736
9,121,1,5000000,136.36094638861968,3809496.6306073368,7000000000,361314,362714,360001,2713,1313,1400,0,0.39375280921586203,0.39375280921586203
9,120,1,10000000,161.51337313052437,1960633.4299218196,6000000000,362714,363914,357001,6913,5100,1200,0,1.5301177436924684,1.5301177436924684
9,122,1,4000000,115.13069312741932,7314368.838848217,6000000000,363914,365114,363001,2113,547,1200,0,0.16406063550234667,0.16406063550234667
9,119,0,10000000,163.17541481485497,0,10000000000,359001,369001,354001,15000,0,10000,0.9999999999999999,0,0.9999999999999999
9,123,0,3000000,100.22784044366112,0,2000000000,369001,371001,366001,5000,0,2000,0.19999999999999998,0,0.19999999999999998
9,126,1,6000000,114.34448040898171,7507398.793622324,5000000000,375800,376800,375001,1799,799,1000,0,0.23976347194039216,0.23976347194039216
9,127,1,6000000,131.93127794423881,4331616.747539621,2000000000,379386,379786,378001,1785,1385,400,0,0.41554922905458075,0.41554922905458075
9,124,0,5000000,94.65355143891857,0,10000000000,371001,381001,369001,12000,0,10000,0.9999999999999999,0,0.9999999999999999
9,125,0,5000000,99.78195528250582,0,8000000000,381001,389001,372001,17000,0,8000,0.7999999999999999,0,0.7999999999999999
9,128,0,6000000,148.88047353498038,0,5000000000,389001,394001,381001,13000,0,5000,0.49999999999999994,0,0.49999999999999994
9,132,1,4000000,184.70807264437573,1152730.0758070233,4000000000,396471,397271,393001,4270,3470,800,0,1.0410069323123048,1.0410069323123048
9,131,1,5000000,207.28070846077304,728977.2745842964,10000000000,396860,398860,390001,8859,6859,2000,0,2.0576773135422965,2.0576773135422965
9,129,0,9000000,168.99525585057114,0,5000000000,394001,399001,384001,15000,0,5000,0.49999999999999994,0,0.49999999999999994
9,133,1,8000000,158.6513652635867,2103884.2606402435,4000000000,400858,401658,396001,5657,3802,800,0,1.1407471622367877,1.1407471622367877
9,130,0,8000000,185.5304980319948,0,5000000000,399001,404001,387001,17000,0,5000,0.49999999999999994,0,0.49999999999999994
9,135,1,9000000,106.5695120566853,9790571.652640063,9000000000,403458,405258,402001,3257,919,1800,0,0.27577552116396953,0.27577552116396953
9,134,0,5000000,132.60078921333763,0,10000000000,404001,414001,399001,15000,0,10000,0.9999999999999999,0,0.9999999999999999
9,139,1,7000000,9.071940255535159,571763188.6101024,3000000000,414013,414613,414001,612,12,600,0,0.0036728492526860363,0.0036728492526860363
9,136,0,7000000,82.3568898149997,0,3000000000,414001,417001,405001,12000,0,3000,0.3,0,0.3
9,137,0,9000000,56.435813097713044,0,6000000000,417001,423001,408001,15000,0,6000,0.6,0,0.6
9,138,0,2000000,30.801365229482876,0,3000000000,423001,426001,411001,15000,0,3000,0.3,0,0.3
9,144,1,6000000,119.17282114643417,6411977.503584545,2000000000,430139,430539,429001,1538,936,400,0,0.2807246280876266,0.2807246280876266
9,145,1,7000000,124.16734031137173,5476779.36435129,2000000000,434313,434713,432001,2712,1278,400,0,0.38343702754743697,0.38343702754743697
9,140,0,9000000,16.48787433236921,0,10000000000,426001,436001,417001,19000,0,10000,0.9999999999999999,0,0.9999999999999999
9,146,1,7000000,122.97967840257186,5683187.533773345,8000000000,436233,437833,435001,2832,1232,1600,0,0.3695109456656813,0.3695109456656813
9,141,0,6000000,42.51936617589684,0,5000000000,436001,441001,420001,21000,0,5000,0.49999999999999994,0,0.49999999999999994
9,142,0,7000000,68.59553921356698,0,7000000000,441001,448001,423001,25000,0,7000,0.7,0,0.7
9,150,1,2000000,125.58482113695112,5242286.92072276,4000000000,447383,448183,447001,1182,382,800,0,0.11445386509238935,0.11445386509238935
9,143,0,8000000,94.67948299394115,0,7000000000,448001,455001,426001,29000,0,7000,0.7,0,0.7
9,154,1,4000000,155.20337141956674,2294124.0983029967,5000000000,460745,461745,459001,2744,1744,1000,0,0.5230754521464905,0.5230754521464905
9,147,0,8000000,126.2466985706953,0,9000000000,455001,464001,438001,26000,0,9000,0.8999999999999999,0,0.8999999999999999
9,155,1,9000000,155.84895251492708,2256932.1746247713,6000000000,465989,467189,462001,5188,3988,1200,0,1.196314196038652,1.196314196038652
9,148,0,6000000,139.84749586603257,0,7000000000,464001,471001,441001,30000,0,7000,0.7,0,0.7
9,157,1,4000000,170.64911748966063,1577510.2703085956,10000000000,470537,472537,468001,4536,2536,2000,0,0.7606923533786273,0.7606923533786273
9,159,1,4000000,190.86231712939048,1012079.9493340887,9000000000,478009,479809,474001,5808,3952,1800,0,1.1856770809357065,1.1856770809357065
9,149,0,8000000,129.41813976409958,0,9000000000,471001,480001,444001,36000,0,9000,0.8999999999999999,0,0.8999999999999999
9,151,0,4000000,127.37945242463555,0,6000000000,480001,486001,450001,36000,0,6000,0.6,0,0.6
9,164,1,3000000,137.51151406336854,3686753.146041811,6000000000,491273,492473,489001,3472,814,1200,0,0.24411723930208404,0.24411723930208404
9,165,1,7000000,116.08360521624061,7088417.362339028,2000000000,492989,493389,492001,1388,988,400,0,0.296257950492216,0.296257950492216
9,161,1,7000000,222.6723085612578,548062.5050393698,10000000000,492773,494773,480001,14772,12772,2000,0,3.831679745815028,3.831679745815028
9,152,0,2000000,135.1806439546727,0,10000000000,486001,496001,453001,43000,0,10000,0.9999999999999999,0,0.9999999999999999
9,166,1,3000000,98.49932487078274,13103032.904042237,5000000000,495230,496230,495001,1229,229,1000,0,0.0686863878455463,0.0686863878455463
9,167,1,9000000,91.48190258187685,17111094.765045058,4000000000,498527,499327,498001,1326,526,800,0,0.15779235852960283,0.15779235852960283
9,153,0,2000000,146.8664784761996,0,5000000000,496001,501001,456001,45000,0,5000,0.49999999999999994,0,0.49999999999999994
9,168,1,2000000,97.11430018282581,13797969.03306242,8000000000,501146,502746,501001,1745,145,1600,0,0.04348466057303737,0.04348466057303737
9,156,0,8000000,161.00295059408072,0,7000000000,501001,508001,465001,43000,0,7000,0.7,0,0.7
9,170,1,7000000,137.42982572935182,3695305.655848259,3000000000,508895,509495,507001,2494,1894,600,0,0.5682885789640977,0.5682885789640977
9,158,0,2000000,183.00919157244533,0,4000000000,508001,512001,471001,41000,0,4000,0.39999999999999997,0,0.39999999999999997
9,160,0,5000000,204.4401183721042,0,2000000000,512001,514001,477001,37000,0,2000,0.19999999999999998,0,0.19999999999999998
9,171,1,6000000,165.25530127653994,1791106.011848614,6000000000,513351,514551,510001,4550,3350,1200,0,1.0049656402762037,1.0049656402762037
9,162,0,10000000,196.30578799413942,0,6000000000,514001,520001,483001,37000,0,6000,0.6,0,0.6
9,173,1,8000000,145.18789067962928,2981387.6629115306,4000000000,520581,521381,516001,5380,2683,800,0,0.8049942749331144,0.8049942749331144
9,174,1,5000000,142.03122191968916,3249319.2228057124,10000000000,523181,525181,519001,6180,1539,2000,0,0.4616351602120473,0.4616351602120473
9,163,0,7000000,165.85284712660194,0,7000000000,520001,527001,486001,41000,0,7000,0.7,0,0.7
9,169,0,2000000,113.72869119092161,0,2000000000,527001,529001,504001,25000,0,2000,0.19999999999999998,0,0.19999999999999998
9,172,0,10000000,156.54054682413755,0,2000000000,529001,531001,513001,18000,0,2000,0.19999999999999998,0,0.19999999999999998
9,176,1,6000000,143.88833760941156,3088258.766898391,3000000000,531781,532381,525001,7380,1943,600,0,0.5828527127627265,0.5828527127627265
9,175,0,4000000,143.48749666782814,0,4000000000,531001,535001,522001,13000,0,4000,0.39999999999999997,0,0.39999999999999997
9,177,1,5000000,143.91774907911812,3085788.2551180543,8000000000,534381,535981,528001,7980,1620,1600,0,0.48609945854584047,0.48609945854584047
9,179,0,10000000,144.35167647104072,0,7000000000,535001,542001,534001,8000,0,7000,0.7,0,0.7
9,178,1,7000000,143.9202087964022,3085581.753728188,10000000000,541381,543381,531001,12380,2269,2000,0,0.6805847867951164,0.6805847867951164
9,180,0,4000000,148.55473402083152,0,5000000000,542001,547001,537001,10000,0,5000,0.49999999999999994,0,0.49999999999999994
9,181,0,4000000,161.38973511348235,0,2000000000,547001,549001,540001,9000,0,2000,0.19999999999999998,0,0.19999999999999998
9,184,1,3000000,188.78611442582314,1057011.7513746854,7000000000,552734,554134,549001,5133,2838,1400,0,0.8514569481649703,0.8514569481649703
9,182,0,2000000,180.91667944111734,0,8000000000,549001,557001,543001,14000,0,8000,0.7999999999999999,0,0.7999999999999999
9,185,0,10000000,185.66820837181578,0,3000000000,557001,560001,552001,8000,0,3000,0.3,0,0.3
9,186,0,2000000,185.66820837181578,0,3000000000,560001,563001,555001,8000,0,3000,0.3,0,0.3
9,187,1,7000000,185.66820837181578,1129254.4209699363,4000000000,565722,566522,558001,8521,6199,800,0,1.8596340744863087,1.8596340744863087
9,183,1,7000000,204.35851364697288,771348.8099304393,8000000000,567181,568781,546001,22780,9075,1600,0,2.722503714226744,2.722503714226744
9,188,1,7000000,185.66820837181578,1129254.4209699363,8000000000,569722,571322,561001,10321,6199,1600,0,1.8596340744863087,1.8596340744863087
9,190,1,2000000,184.99160656635212,1145734.9158542254,4000000000,572522,573322,567001,6321,1746,800,0,0.5236813434743395,0.5236813434743395
9,189,0,9000000,185.66820837181578,0,10000000000,564001,574001,564001,10000,0,10000,0.9999999999999999,0,0.9999999999999999
9,191,1,4000000,177.6023856821749,1346759.8964390017,10000000000,575122,577122,570001,7121,2970,2000,0,0.8910274230565872,0.8910274230565872
9,192,0,10000000,165.6603326086242,0,6000000000,574001,580001,573001,7000,0,6000,0.6,0,0.6
9,193,1,8000000,156.52971762575945,2218518.6572987842,9000000000,583922,585722,576001,9721,3606,1800,0,1.081802937335755,1.081802937335755
9,196,0,3000000,172.09180398845263,0,3000000000,585001,588001,585001,3000,0,3000,0.3,0,0.3
9,194,1,9000000,154.8217559001318,2316466.063428387,8000000000,587522,589122,579001,10121,3885,1600,0,1.1655685540257732,1.1655685540257732
9,195,1,7000000,160.7821196526529,1996053.7864287621,3000000000,589722,590322,582001,8321,3507,600,0,1.052075858014434,1.052075858014434
9,197,0,6000000,153.74405029138526,0,3000000000,588001,591001,588001,3000,0,3000,0.3,0,0.3
9,200,1,10000000,113.50951413868357,7719202.643266718,3000000000,598296,598896,597001,1895,1295,600,0,0.3886411768988641,0.3886411768988641
9,198,0,2000000,132.68956289022884,0,9000000000,591001,600001,591001,9000,0,9000,0.8999999999999999,0,0.8999999999999999
9,201,1,7000000,118.08219213751073,6641437.429246683,3000000000,601055,601655,600001,1654,1054,600,0,0.3161966099013894,0.3161966099013894
9,199,0,9000000,118.51762569339633,0,2000000000,600001,602001,594001,8000,0,2000,0.19999999999999998,0,0.19999999999999998
9,202,1,3000000,111.17755618828829,8350225.11058373,9000000000,603360,605160,603001,2159,359,1800,0,0.10778152541771233,0.10778152541771233
9,203,1,6000000,102.3770565117009,11367534.515927276,9000000000,606529,608329,606001,2328,528,1800,0,0.15834568150886058,0.15834568150886058
9,204,1,2000000,99.16858827269854,12782129.43859808,6000000000,609157,610357,609001,1356,156,1200,0,0.04694053544694873,0.04694053544694873
9,205,1,8000000,103.8350889632209,10786812.987392096,4000000000,612743,613543,612001,1542,742,800,0,0.22249389164391573,0.22249389164391573
9,206,1,10000000,115.31990331248116,7268816.2768195355,8000000000,616377,617977,615001,2976,1376,1600,0,0.41272194615333535,0.41272194615333535
9,207,0,8000000,131.83081013177457,0,2000000000,618001,620001,618001,2000,0,2000,0.19999999999999998,0,0.19999999999999998
9,208,0,8000000,151.683830713758,0,6000000000,621001,627001,621001,6000,0,6000,0.6,0,0.6
9,209,1,10000000,172.82537429440157,1500346.1584287996,10000000000,630666,632666,624001,8665,6665,2000,0,1.9995385619153887,1.9995385619153887
9,211,1,2000000,183.15583092001194,1191981.8810054837,6000000000,632666,633866,630001,3865,1678,1200,0,0.5033633560720541,0.5033633560720541
9,210,0,6000000,178.02828118026642,0,10000000000,627001,637001,627001,10000,0,10000,0.9999999999999999,0,0.9999999999999999
9,213,1,3000000,162.842746844924,1898215.0402636721,4000000000,637581,638381,636001,2380,1580,800,0,0.4741296327917543,0.4741296327917543
9,212,1,10000000,175.52850765616395,1410915.394459651,5000000000,640089,641089,633001,8088,7088,1000,0,2.1262791601681634,2.1262791601681634
9,214,1,10000000,154.04282683721434,2362911.239373325,4000000000,643233,644033,639001,5032,4232,800,0,1.2696202675795978,1.2696202675795978
9,215,1,9000000,151.2381436675285,2539989.359281022,3000000000,645544,646144,642001,4143,3543,600,0,1.062996579152706,1.062996579152706
9,216,0,7000000,152.14688297825887,0,9000000000,645001,654001,645001,9000,0,9000,0.8999999999999999,0,0.8999999999999999
9,217,1,9000000,144.05173098578163,3074564.825524289,8000000000,654073,655673,648001,7672,2927,1600,0,0.8781730596750659,0.8781730596750659
9,218,0,5000000,149.05026836607843,0,9000000000,654001,663001,651001,12000,0,9000,0.8999999999999999,0,0.8999999999999999
9,219,0,9000000,156.78663846131786,0,7000000000,663001,670001,654001,16000,0,7000,0.7,0,0.7
9,222,1,7000000,183.79208824103392,1175694.7142909663,6000000000,668955,670155,663001,7154,5954,1200,0,1.786177971605886,1.786177971605886
9,220,0,9000000,169.05821867037403,0,4000000000,670001,674001,657001,17000,0,4000,0.39999999999999997,0,0.39999999999999997
9,223,1,8000000,198.5843309528725,864491.8916761493,7000000000,675255,676655,666001,10654,9254,1400,0,2.776197235750446,2.776197235750446
9,221,0,3000000,180.86217736165844,0,8000000000,674001,682001,660001,22000,0,8000,0.7999999999999999,0,0.7999999999999999
9,224,0,6000000,218.92829191312848,0,3000000000,682001,685001,669001,16000,0,3000,0.3,0,0.3
9,230,1,3000000,190.35484890067812,1022839.1629595968,2000000000,689934,690334,687001,3333,2933,400,0,0.8799037352029421,0.8799037352029421
9,226,0,8000000,231.70807884059633,0,7000000000,685001,692001,675001,17000,0,7000,0.7,0,0.7
9,227,0,8000000,213.54960501017086,0,4000000000,692001,696001,678001,18000,0,4000,0.39999999999999997,0,0.39999999999999997
9,225,1,10000000,238.82406097376372,414557.67449380487,9000000000,696876,698676,672001,26675,24122,1800,0,7.236628784313657,7.236628784313657
9,228,0,3000000,199.7786127191797,0,4000000000,696001,700001,681001,19000,0,4000,0.39999999999999997,0,0.39999999999999997
9,231,1,8000000,195.86458842782173,913209.0041665557,5000000000,699676,700676,690001,10675,8760,1000,0,2.628094980502706,2.628094980502706
9,229,0,8000000,191.77539492854655,0,6000000000,700001,706001,684001,22000,0,6000,0.6,0,0.6
9,232,0,10000000,207.59198491271283,0,7000000000,706001,713001,693001,20000,0,7000,0.7,0,0.7
9,235,1,5000000,238.2943492825627,418245.41334859893,3000000000,713956,714556,702001,12555,11955,600,0,3.586411116838192,3.586411116838192
9,233,1,10000000,224.58993855469126,529650.331101932,9000000000,714881,716681,696001,20680,18880,1800,0,5.664114272823225,5.664114272823225
9,236,0,5000000,218.81483793381108,0,9000000000,713001,722001,705001,17000,0,9000,0.8999999999999999,0,0.8999999999999999
9,234,1,8000000,245.8773143256612,369113.8617810162,10000000000,720675,722675,699001,23674,21674,2000,0,6.502058710067749,6.502058710067749
9,239,1,6000000,190.69267474132297,1015660.9201732257,7000000000,722380,723780,714001,9779,5907,1400,0,1.772245012334433,1.772245012334433
9,237,0,2000000,203.7724645284539,0,2000000000,722001,724001,708001,16000,0,2000,0.19999999999999998,0,0.19999999999999998
9,238,0,4000000,194.07379550057755,0,3000000000,724001,727001,711001,16000,0,3000,0.3,0,0.3
9,241,1,3000000,203.17663054593658,789355.1335165215,6000000000,728580,729780,720001,9779,3801,1200,0,1.140171212912195,1.140171212912195
9,240,0,9000000,193.7618873772652,0,3000000000,727001,730001,717001,13000,0,3000,0.3,0,0.3
9,245,1,2000000,227.6109648061798,502181.26152939576,6000000000,735984,737184,732001,5183,3983,1200,0,1.1947877110601395,1.1947877110601395
9,242,0,2000000,213.45799821042075,0,8000000000,730001,738001,723001,15000,0,8000,0.7999999999999999,0,0.7999999999999999
9,243,0,8000000,231.642833042596,0,2000000000,738001,740001,726001,14000,0,2000,0.19999999999999998,0,0.19999999999999998
9,244,0,5000000,249.4878259554963,0,2000000000,740001,742001,729001,13000,0,2000,0.19999999999999998,0,0.19999999999999998
9,246,0,10000000,209.70633657569817,0,5000000000,742001,747001,735001,12000,0,5000,0.49999999999999994,0,0.49999999999999994
9,250,1,3000000,195.76577152301167,915042.5924499547,6000000000,750280,751480,747001,4479,3279,1200,0,0.983560773483036,0.983560773483036
9,247,0,3000000,196.72523478191607,0,5000000000,747001,752001,738001,14000,0,5000,0.49999999999999994,0,0.49999999999999994
9,251,1,5000000,186.8456520767877,1101271.6386743982,5000000000,754541,755541,750001,5540,4540,1000,0,1.3620617723394308,1.3620617723394308
9,253,1,9000000,134.27842306193497,4044717.384985157,5000000000,758283,759283,756001,3282,2225,1000,0,0.6675373686238175,0.6675373686238175
9,248,0,6000000,189.76078651818452,0,9000000000,752001,761001,741001,20000,0,9000,0.8999999999999999,0,0.8999999999999999
9,249,0,6000000,189.47760421749058,0,6000000000,761001,767001,744001,23000,0,6000,0.6,0,0.6
9,252,0,9000000,160.29059267467943,0,2000000000,767001,769001,753001,16000,0,2000,0.19999999999999998,0,0.19999999999999998
9,255,1,10000000,172.32892531435343,1517528.5555417356,9000000000,768919,770719,762001,8718,6590,1800,0,1.9768985493185949,1.9768985493185949
9,254,0,4000000,187.429746038349,0,2000000000,769001,771001,759001,12000,0,2000,0.19999999999999998,0,0.19999999999999998
9,256,0,6000000,146.91541273807863,0,3000000000,771001,774001,765001,9000,0,3000,0.3,0,0.3
9,257,0,7000000,122.83661424835836,0,9000000000,774001,783001,768001,15000,0,9000,0.8999999999999999,0,0.8999999999999999
9,258,0,2000000,101.62313516124168,0,5000000000,783001,788001,771001,17000,0,5000,0.49999999999999994,0,0.49999999999999994
9,263,1,4000000,92.42048528329639,16499068.478032699,8000000000,786439,788039,786001,2038,242,1600,0,0.07273137884103652,0.07273137884103652
9,259,0,9000000,81.53651513279192,0,5000000000,788001,793001,774001,19000,0,5000,0.49999999999999994,0,0.49999999999999994
9,265,1,3000000,83.64688936236657,23390210.417756453,8000000000,793388,794988,792001,2987,128,1600,0,0.038477635896630225,0.038477635896630225
9,260,0,10000000,67.36738454177954,0,2000000000,793001,795001,777001,18000,0,2000,0.19999999999999998,0,0.19999999999999998
9,266,1,6000000,105.2202499521836,10267697.814609831,2000000000,796849,797249,795001,2248,584,400,0,0.1753070680984391,0.1753070680984391
9,261,0,6000000,61.754378792114764,0,9000000000,795001,804001,780001,24000,0,9000,0.8999999999999999,0,0.8999999999999999
9,268,1,10000000,119.3341744849312,6378854.868542379,2000000000,803603,804003,801001,3002,1568,400,0,0.4703038494878823,0.4703038494878823
9,270,1,3000000,69.97599159711851,41674741.00390171,7000000000,808250,809650,807001,2649,72,1400,0,0.021595815074549336,0.021595815074549336
9,262,0,4000000,70.60804840809584,0,7000000000,804001,811001,783001,28000,0,7000,0.7,0,0.7
9,271,1,7000000,57.840180670533876,70984006.38832712,7000000000,810850,812250,810001,2249,99,1400,0,0.029584128972823545,0.029584128972823545
9,272,1,2000000,37.28167914673367,171014239.54562554,5000000000,814250,815250,813001,2249,12,1000,0,0.0035084797710071606,0.0035084797710071606
9,273,1,6000000,13.563015888805896,455828211.17909276,7000000000,816850,818250,816001,2249,13,1400,0,0.0039488560730893164,0.0039488560730893164
9,264,0,10000000,120.18256945164714,0,10000000000,811001,821001,789001,32000,0,10000,0.9999999999999999,0,0.9999999999999999
9,267,0,8000000,127.59167566890878,0,3000000000,821001,824001,798001,26000,0,3000,0.3,0,0.3
9,276,1,6000000,64.29553794782339,53422539.17614722,5000000000,825113,826113,825001,1112,112,1000,0,0.03369364368969731,0.03369364368969731
9,269,0,5000000,95.03754679072892,0,7000000000,824001,831001,804001,27000,0,7000,0.7,0,0.7
9,274,0,6000000,14.24774017169036,0,10000000000,831001,841001,819001,22000,0,10000,0.9999999999999999,0,0.9999999999999999
9,275,0,8000000,38.98883558148406,0,6000000000,841001,847001,822001,25000,0,6000,0.6,0,0.6
9,283,1,4000000,93.51376903964459,15818172.885883015,4000000000,846254,847054,846001,1053,253,800,0,0.07586211180375607,0.07586211180375607
9,277,0,3000000,89.29911813674309,0,4000000000,847001,851001,828001,23000,0,4000,0.39999999999999997,0,0.39999999999999997
9,286,1,2000000,86.42448727068043,20900794.200444818,9000000000,855208,857008,855001,2007,96,1800,0,0.028707043103042975,0.028707043103042975
9,287,1,5000000,110.10503212841819,8661301.817106612,5000000000,858793,859793,858001,1792,577,1000,0,0.1731841277066926,0.1731841277066926
9,278,0,9000000,114.3425174639775,0,9000000000,851001,860001,831001,29000,0,9000,0.8999999999999999,0,0.8999999999999999
9,279,0,4000000,139.41886959805692,0,6000000000,860001,866001,834001,32000,0,6000,0.6,0,0.6
9,280,0,8000000,164.50268113316574,0,7000000000,866001,873001,837001,36000,0,7000,0.7,0,0.7
9,291,1,5000000,175.1478506862131,1423100.4763447372,5000000000,875720,876720,870001,6719,3513,1000,0,1.0540366087521669,1.0540366087521669
9,281,0,4000000,143.68258523565058,0,9000000000,873001,882001,840001,42000,0,9000,0.8999999999999999,0,0.8999999999999999
9,292,1,6000000,189.80505420035576,1034656.9362335555,5000000000,882320,883320,873001,10319,5799,1000,0,1.7397070825741623,1.7397070825741623
9,295,1,4000000,159.54663424842283,2057719.391740512,9000000000,883945,885745,882001,3744,1944,1800,0,0.5831698942123424,0.5831698942123424
9,282,0,8000000,118.59281765773166,0,4000000000,882001,886001,843001,43000,0,4000,0.39999999999999997,0,0.39999999999999997
9,296,1,8000000,134.57653918867138,4009971.2415100215,5000000000,887345,888345,885001,3344,1995,1000,0,0.598508032964406,0.598508032964406
9,293,1,7000000,217.6430591587979,600286.0273984956,3000000000,888345,888945,876001,12944,11661,600,0,3.4983323018543793,3.4983323018543793
9,284,0,10000000,70.4559812932869,0,10000000000,886001,896001,849001,47000,0,10000,0.9999999999999999,0,0.9999999999999999
9,285,0,5000000,69.13383903704471,0,2000000000,896001,898001,852001,46000,0,2000,0.19999999999999998,0,0.19999999999999998
9,300,1,10000000,59.456076224385995,66108866.07905265,6000000000,897152,898352,897001,1351,151,1200,0,0.045379692285337565,0.045379692285337565
9,288,0,10000000,136.83333877385294,0,5000000000,898001,903001,861001,42000,0,5000,0.49999999999999994,0,0.49999999999999994
9,289,0,6000000,165.07846376799125,0,2000000000,903001,905001,864001,41000,0,2000,0.19999999999999998,0,0.19999999999999998
9,303,1,10000000,59.628023613062986,65610012.829834595,2000000000,906153,906553,906001,552,152,400,0,0.0457247281414312,0.0457247281414312
9,290,0,6000000,174.0341161956471,0,4000000000,905001,909001,867001,42000,0,4000,0.39999999999999997,0,0.39999999999999997
9,304,1,6000000,77.64434622044287,30008525.47212074,9000000000,909201,911001,909001,2000,200,1800,0,0.05998295389996021,0.05998295389996021
9,306,1,6000000,77.29971086621215,30447924.425510436,5000000000,915518,916518,915001,1517,197,1000,0,0.05911733012881138,0.05911733012881138
9,294,0,6000000,187.95680487814212,0,9000000000,909001,918001,879001,39000,0,9000,0.8999999999999999,0,0.8999999999999999
9,297,0,5000000,113.28802452157068,0,4000000000,918001,922001,888001,34000,0,4000,0.39999999999999997,0,0.39999999999999997
9,307,1,9000000,79.20057828071711,28110405.607094534,9000000000,920922,922722,918001,4721,320,1800,0,0.09604984139106734,0.09604984139106734
9,298,0,7000000,93.86525928158939,0,7000000000,922001,929001,891001,38000,0,7000,0.7,0,0.7
9,310,1,3000000,120.36883359075965,6171341.489923745,3000000000,929722,930322,927001,3321,486,600,0,0.14583539113326893,0.14583539113326893
9,311,1,10000000,140.52047893456665,3388038.978247356,10000000000,932953,934953,930001,4952,2952,2000,0,0.885467971077449,0.885467971077449
9,312,1,6000000,102.55978402863376,11292743.91429406,5000000000,934953,935953,933001,2952,531,1000,0,0.15939438755195776,0.15939438755195776
9,299,0,6000000,75.95907450726348,0,8000000000,929001,937001,894001,43000,0,8000,0.7999999999999999,0,0.7999999999999999
9,313,1,3000000,109.49034660644743,8845891.651105069,6000000000,936340,937540,936001,1539,339,1200,0,0.10174214601504507,0.10174214601504507
9,301,0,7000000,47.75406370142751,0,2000000000,937001,939001,900001,39000,0,2000,0.19999999999999998,0,0.19999999999999998
9,314,1,10000000,128.5802628710954,4785882.001167045,6000000000,941411,942611,939001,3610,2089,1200,0,0.6268437038916641,0.6268437038916641
9,302,0,6000000,47.822510389982654,0,7000000000,939001,946001,903001,43000,0,7000,0.7,0,0.7
9,305,0,4000000,83.29936374306828,0,5000000000,946001,951001,912001,39000,0,5000,0.49999999999999994,0,0.49999999999999994
9,316,1,9000000,173.08547050518135,1491440.54227615,2000000000,951035,951435,945001,6434,6034,400,0,1.8103302970961326,1.8103302970961326
9,308,0,10000000,88.30857829225879,0,9000000000,951001,960001,921001,39000,0,9000,0.8999999999999999,0,0.8999999999999999
9,320,1,4000000,153.64003254360497,2387380.8182420917,10000000000,958676,960676,957001,3675,1675,2000,0,0.5026428925082845,0.5026428925082845
9,309,0,9000000,102.34199235895308,0,3000000000,960001,963001,924001,39000,0,3000,0.3,0,0.3
9,315,0,3000000,150.90048939615806,0,5000000000,963001,968001,942001,26000,0,5000,0.49999999999999994,0,0.49999999999999994
9,322,1,6000000,162.5627275853847,1911155.6181804924,10000000000,966140,968140,963001,5139,3139,2000,0,0.94183853103165,0.94183853103165
9,317,0,10000000,169.04228612983198,0,5000000000,968001,973001,948001,25000,0,5000,0.49999999999999994,0,0.49999999999999994
9,326,1,8000000,91.78188546766727,16912643.902824957,7000000000,975474,976874,975001,1873,473,1400,0,0.14190566618617936,0.14190566618617936
9,318,0,4000000,162.95624105875785,0,7000000000,973001,980001,951001,29000,0,7000,0.7,0,0.7
9,319,0,6000000,156.0604100981412,0,2000000000,980001,982001,954001,28000,0,2000,0.19999999999999998,0,0.19999999999999998
9,328,1,6000000,70.24006620156335,41199817.90136912,7000000000,981147,982547,981001,1546,146,1400,0,0.043689513490305594,0.043689513490305594
9,329,1,5000000,69.21256027629668,43080875.29376899,5000000000,984547,985547,984001,1546,116,1000,0,0.034818234071881844,0.034818234071881844
9,330,1,6000000,78.29602544190863,29196804.69353691,7000000000,987207,988607,987001,1606,206,1400,0,0.06165058193503117,0.06165058193503117
9,321,0,7000000,155.8978207031773,0,9000000000,982001,991001,960001,31000,0,9000,0.8999999999999999,0,0.8999999999999999
9,332,1,10000000,119.56643007132065,6331542.395849989,2000000000,994580,994980,993001,1979,1579,400,0,0.47381819664768426,0.47381819664768426
9,323,0,9000000,157.46720198187305,0,6000000000,991001,997001,966001,31000,0,6000,0.6,0,0.6
10,1,1,3000000,137.7542522029719,3661482.631754719,7000000000,820,2220,1,2219,819,1400,0,0.24580206722670875,0.24580206722670875
10,2,0,3000000,140.05544330728458,0,5000000000,3001,8001,3001,5000,0,5000,0.49999999999999994,0,0.49999999999999994
10,5,1,5000000,139.7862829465038,3458088.6174295675,6000000000,13447,14647,12001,2646,1446,1200,0,0.43376563354670916,0.43376563354670916
10,3,0,2000000,145.07158129695839,0,7000000000,8001,15001,6001,9000,0,7000,0.7,0,0.7
10,4,1,7000000,167.394338016553,1702347.0601005561,10000000000,13113,15113,9001,6112,4112,2000,0,1.2335909928237283,1.2335909928237283
10,8,1,2000000,60.237049230519226,63873048.94392661,5000000000,21032,22032,21001,1031,31,1000,0,0.009393633307323922,0.009393633307323922
10,6,0,8000000,112.04284225241699,0,9000000000,15001,24001,15001,9000,0,9000,0.8999999999999999,0,0.8999999999999999
10,7,0,7000000,84.58013301006328,0,4000000000,24001,28001,18001,10000,0,4000,0.39999999999999997,0,0.39999999999999997
10,11,1,6000000,31.7293870095216,214267403.1219803,6000000000,30029,31229,30001,1228,28,1200,0,0.008400717858960925,0.008400717858960925
10,9,0,10000000,34.3777907958031,0,5000000000,28001,33001,24001,9000,0,5000,0.49999999999999994,0,0.49999999999999994
10,13,1,6000000,79.12505860977294,28199356.609612502,5000000000,36214,37214,36001,1213,213,1000,0,0.06383124356058613,0.06383124356058613
10,10,0,9000000,17.538990848962783,0,6000000000,33001,39001,27001,12000,0,6000,0.6,0,0.6
10,15,1,4000000,128.46918541035433,4801915.806448042,8000000000,42834,44434,42001,2433,833,1600,0,0.2499002582237349,0.2499002582237349
10,12,0,2000000,57.345357266303594,0,10000000000,39001,49001,33001,16000,0,10000,0.9999999999999999,0,0.9999999999999999
10,16,1,7000000,156.30801674898188,2230939.0241499417,6000000000,48647,49847,45001,4846,3138,1200,0,0.9413076633953124,0.9413076633953124
10,14,0,2000000,100.73386769106013,0,2000000000,49001,51001,39001,12000,0,2000,0.19999999999999998,0,0.19999999999999998
10,17,1,6000000,151.40539257239152,2528978.9464942547,6000000000,50373,51573,48001,3572,2372,1200,0,0.711749697440231,0.711749697440231
10,19,1,4000000,98.72652581753294,12993032.929235434,9000000000,54309,56109,54001,2108,308,1800,0,0.09235718915942231,0.09235718915942231
10,18,0,2000000,125.9625761883267,0,10000000000,51001,61001,51001,10000,0,10000,0.9999999999999999,0,0.9999999999999999
10,21,1,3000000,44.37258838517311,127256691.84243016,7000000000,60025,61425,60001,1424,24,1400,0,0.007072319631838177,0.007072319631838177
10,23,1,4000000,20.09195112476637,342934449.3446056,5000000000,66013,67013,66001,1012,12,1000,0,0.0034992110075070127,0.0034992110075070127
10,20,0,3000000,71.2186639863456,0,8000000000,61001,69001,57001,12000,0,8000,0.7999999999999999,0,0.7999999999999999
10,25,1,2000000,69.94074206069024,41738576.45364486,8000000000,72049,73649,72001,1648,48,1600,0,0.014375190794213216,0.014375190794213216
10,22,0,10000000,20.960918395910046,0,8000000000,69001,77001,63001,14000,0,8000,0.7999999999999999,0,0.7999999999999999
10,24,0,6000000,43.12426810973147,0,4000000000,77001,81001,69001,12000,0,4000,0.39999999999999997,0,0.39999999999999997
10,28,1,3000000,145.540584717803,2953174.327578887,9000000000,82017,83817,81001,2816,1016,1800,0,0.30475681425073564,0.30475681425073564
10,26,0,9000000,97.44492290519811,0,8000000000,81001,89001,75001,14000,0,8000,0.7999999999999999,0,0.7999999999999999
10,27,0,6000000,125.19743328039918,0,9000000000,89001,98001,78001,20000,0,9000,0.8999999999999999,0,0.8999999999999999
10,33,1,9000000,161.77091580379954,1948344.4405043086,8000000000,100863,102463,96001,6462,4619,1600,0,1.3857919287110925,1.3857919287110925
10,29,0,10000000,152.931234873717,0,7000000000,98001,105001,84001,21000,0,7000,0.7,0,0.7
10,34,1,3000000,174.56348329476015,1442062.0458789857,7000000000,103863,105263,99001,6262,2080,1400,0,0.6241062945744609,0.6241062945744609
10,30,0,6000000,164.77218849065517,0,5000000000,105001,110001,87001,23000,0,5000,0.49999999999999994,0,0.49999999999999994
10,31,0,7000000,147.12677016777062,0,7000000000,110001,117001,90001,27000,0,7000,0.7,0,0.7
10,32,0,5000000,151.6916770953502,0,6000000000,117001,123001,93001,30000,0,6000,0.6,0,0.6
10,35,0,3000000,184.48279377763117,0,4000000000,123001,127001,102001,25000,0,4000,0.39999999999999997,0,0.39999999999999997
10,44,1,3000000,176.09890317659563,1392898.3450452245,9000000000,131155,132955,129001,3954,2154,1800,0,0.6461347328047682,0.6461347328047682
10,36,0,6000000,169.12726864701625,0,8000000000,127001,135001,105001,30000,0,8000,0.7999999999999999,0,0.7999999999999999
10,37,0,5000000,156.33544095949577,0,2000000000,135001,137001,108001,29000,0,2000,0.19999999999999998,0,0.19999999999999998
10,45,1,5000000,192.5377105919772,977544.5886265638,8000000000,137116,138716,132001,6715,5115,1600,0,1.5344568600266906,1.5344568600266906
10,38,0,7000000,146.87076802413745,0,7000000000,137001,144001,111001,33000,0,7000,0.7,0,0.7
10,39,0,9000000,141.61847372429912,0,3000000000,144001,147001,114001,33000,0,3000,0.3,0,0.3
10,49,1,7000000,193.01438340185945,967987.8982349441,9000000000,152403,154203,144001,10202,7231,1800,0,2.1694486096667096,2.1694486096667096
10,40,0,4000000,140.41983478127298,0,8000000000,147001,155001,117001,38000,0,8000,0.7999999999999999,0,0.7999999999999999
10,50,1,6000000,182.523910214525,1208436.747762207,6000000000,154203,155403,147001,8402,4965,1200,0,1.4895276921471106,1.4895276921471106
10,53,1,4000000,183.36536859505392,1186587.2354827572,5000000000,159372,160372,156001,4371,3371,1000,0,1.011303648072521,1.011303648072521
10,41,0,2000000,143.79670406514887,0,10000000000,155001,165001,120001,45000,0,10000,0.9999999999999999,0,0.9999999999999999
10,42,0,2000000,151.44088285532413,0,8000000000,165001,173001,123001,50000,0,8000,0.7999999999999999,0,0.7999999999999999
10,43,0,8000000,161.99838178204126,0,2000000000,173001,175001,126001,49000,0,2000,0.19999999999999998,0,0.19999999999999998
10,55,1,9000000,209.62393947257073,697079.3120501392,3000000000,174912,175512,162001,13511,12911,600,0,3.8733038742165333,3.8733038742165333
10,56,1,7000000,228.04603833436798,498373.0750365634,3000000000,179047,179647,165001,14646,14046,600,0,4.213710782521573,4.213710782521573
10,46,0,5000000,210.64834440365297,0,9000000000,175001,184001,135001,49000,0,9000,0.8999999999999999,0,0.8999999999999999
10,47,0,8000000,222.41272827785735,0,10000000000,184001,194001,138001,56000,0,10000,0.9999999999999999,0,0.9999999999999999
10,64,1,8000000,185.69898707316636,1128511.7578654825,6000000000,196090,197290,189001,8289,7089,1200,0,2.1266947227377293,2.1266947227377293
10,65,1,6000000,206.69687273880078,737206.3871183032,7000000000,201372,202772,192001,10771,8139,1400,0,2.441650033766114,2.441650033766114
10,48,0,10000000,207.89225719107478,0,10000000000,194001,204001,141001,63000,0,10000,0.9999999999999999,0,0.9999999999999999
10,51,0,10000000,177.13117625082265,0,4000000000,204001,208001,150001,58000,0,4000,0.39999999999999997,0,0.39999999999999997
10,52,0,10000000,177.47457085453112,0,6000000000,208001,214001,153001,61000,0,6000,0.6,0,0.6
10,54,0,8000000,194.3541676939293,0,4000000000,214001,218001,159001,59000,0,4000,0.39999999999999997,0,0.39999999999999997
10,57,0,4000000,236.7977406986815,0,7000000000,218001,225001,168001,57000,0,7000,0.7,0,0.7
10,70,1,5000000,117.46117017976616,6776561.033542279,10000000000,227023,229023,207001,22022,738,2000,0,0.22135121230007018,0.22135121230007018
10,58,0,2000000,216.58596538095443,0,9000000000,225001,234001,171001,63000,0,9000,0.8999999999999999,0,0.8999999999999999
10,73,1,3000000,73.79827437006911,35338444.73433621,8000000000,234023,235623,216001,19622,85,1600,0,0.02546801385193743,0.02546801385193743
10,59,0,6000000,199.41798640042472,0,3000000000,234001,237001,174001,63000,0,3000,0.3,0,0.3
10,74,1,9000000,68.40003801168535,44632984.86307521,6000000000,244423,245623,219001,26622,202,1200,0,0.06049337744905574,0.06049337744905574
10,60,0,8000000,186.21333384051744,0,10000000000,237001,247001,177001,70000,0,10000,0.9999999999999999,0,0.9999999999999999
10,76,1,3000000,84.99094128199783,22145543.72371662,5000000000,253423,254423,225001,29422,135,1000,0,0.04064023043318422,0.04064023043318422
10,61,0,3000000,177.97482293852687,0,9000000000,247001,256001,180001,76000,0,9000,0.8999999999999999,0,0.8999999999999999
10,77,1,9000000,87.54758477536654,19981626.45278701,2000000000,261423,261823,228001,33822,450,400,0,0.13512413548414662,0.13512413548414662
10,62,0,7000000,175.20332873550095,0,7000000000,256001,263001,183001,80000,0,7000,0.7,0,0.7
10,78,1,4000000,103.1948084934509,11037356.95947175,4000000000,263623,264423,231001,33422,362,800,0,0.10872168077976453,0.10872168077976453
10,63,0,6000000,178.1757003634334,0,7000000000,263001,270001,186001,84000,0,7000,0.7,0,0.7
10,89,1,5000000,196.51949343512973,901171.9168702166,5000000000,269549,270549,264001,6548,5548,1000,0,1.6644992724690337,1.6644992724690337
10,79,1,9000000,123.3960266783335,5609764.188961138,7000000000,269223,270623,234001,36622,1604,1400,0,0.4813036536033091,0.4813036536033091
10,88,1,7000000,209.95662242472847,692692.7198208767,5000000000,271549,272549,261001,11548,10105,1000,0,3.03164728011439,3.03164728011439
10,91,1,4000000,180.65593485961094,1258757.6794457142,8000000000,273179,274779,270001,4778,3178,1600,0,0.9533208969405551,0.9533208969405551
10,80,1,5000000,136.7228561726239,3770352.86616931,7000000000,273823,275223,237001,38222,1326,1400,0,0.3978407468062809,0.3978407468062809
10,92,1,5000000,152.96082406943287,2429356.9955846136,3000000000,276979,277579,273001,4578,2058,600,0,0.6174473338938117,0.6174473338938117
10,66,0,2000000,207.30064061647278,0,9000000000,270001,279001,195001,84000,0,9000,0.8999999999999999,0,0.8999999999999999
10,93,1,9000000,125.20806563476651,5303394.986579912,10000000000,281379,283379,276001,7378,1697,2000,0,0.5091078463573375,0.5091078463573375
10,67,0,2000000,183.48083850909333,0,6000000000,279001,285001,198001,87000,0,6000,0.6,0,0.6
10,81,1,9000000,136.7228561726239,3770352.86616931,7000000000,286423,287823,240001,47822,2387,1400,0,0.7161133442513056,0.7161133442513056
10,94,1,6000000,99.82249245535797,12477560.416025506,10000000000,286379,288379,279001,9378,481,2000,0,0.14425896889973597,0.14425896889973597
10,68,0,9000000,161.50166562608567,0,4000000000,285001,289001,201001,88000,0,4000,0.39999999999999997,0,0.39999999999999997
10,96,1,5000000,67.91626020328272,45585130.57521057,4000000000,294379,295179,285001,10178,110,800,0,0.0329054667842875,0.0329054667842875
10,69,0,6000000,138.90182324217344,0,7000000000,289001,296001,204001,92000,0,7000,0.7,0,0.7
10,83,1,7000000,136.7228561726239,3770352.86616931,7000000000,296423,297823,246001,51822,1857,1400,0,0.5569770455287932,0.5569770455287932
10,71,0,5000000,97.81187760185368,0,3000000000,296001,299001,210001,89000,0,3000,0.3,0,0.3
10,84,1,2000000,136.7228561726239,3770352.86616931,4000000000,299623,300423,249001,51422,530,800,0,0.15913629872251236,0.15913629872251236
10,72,0,2000000,85.55289884042502,0,2000000000,299001,301001,213001,88000,0,2000,0.19999999999999998,0,0.19999999999999998
10,75,0,5000000,72.16066587830244,0,3000000000,301001,304001,222001,82000,0,3000,0.3,0,0.3
10,98,1,3000000,100.03661129806423,12379709.337747006,2000000000,304579,304979,291001,13978,242,400,0,0.07269960670690447,0.07269960670690447
10,85,1,4000000,145.2197376392066,2978826.4737513866,2000000000,305623,306023,252001,54022,1343,400,0,0.4028432037159853,0.4028432037159853
10,86,1,2000000,168.44904095897962,1660592.8818462957,9000000000,308223,310023,255001,55022,1204,1800,0,0.3613167360641113,0.3613167360641113
10,82,0,4000000,136.7228561726239,0,10000000000,304001,314001,243001,71000,0,10000,0.9999999999999999,0,0.9999999999999999
10,101,1,3000000,173.43652268193108,1479524.4963452236,6000000000,318579,319779,300001,19778,2028,1200,0,0.6083035476757657,0.6083035476757657
10,87,0,8000000,197.86347843904898,0,6000000000,314001,320001,258001,62000,0,6000,0.6,0,0.6
10,90,0,6000000,195.39467572070637,0,2000000000,320001,322001,267001,55000,0,2000,0.19999999999999998,0,0.19999999999999998
10,95,0,8000000,79.10924408689544,0,9000000000,322001,331001,282001,49000,0,9000,0.8999999999999999,0,0.8999999999999999
10,102,1,8000000,200.08183850614728,839048.1861657167,2000000000,330779,331179,303001,28178,9535,400,0,2.860383991731777,2.860383991731777
10,104,1,5000000,200.79395210015664,827276.2843977477,6000000000,332779,333979,309001,24978,6044,1200,0,1.813179016840778,1.813179016840778
10,103,1,7000000,210.61582110563296,684102.0146347532,10000000000,334979,336979,306001,30978,10232,2000,0,3.0697176080108526,3.0697176080108526
10,97,0,8000000,78.51123359112373,0,7000000000,331001,338001,288001,50000,0,7000,0.7,0,0.7
10,99,0,9000000,124.97713110805513,0,3000000000,338001,341001,294001,47000,0,3000,0.3,0,0.3
10,105,1,6000000,194.98365264811306,929718.06972987,9000000000,339779,341579,312001,29578,6454,1800,0,1.9360707924317218,1.9360707924317218
10,111,1,2000000,185.46616322121938,1134144.720532193,3000000000,347179,347779,330001,17778,1763,600,0,0.5290330141628242,0.5290330141628242
10,100,0,8000000,148.0478182885516,0,9000000000,341001,350001,297001,53000,0,9000,0.8999999999999999,0,0.8999999999999999
10,110,1,4000000,208.07008434659704,718032.2603316366,4000000000,350179,350979,327001,23978,5571,800,0,1.6712341022752342,1.6712341022752342
10,109,1,8000000,199.69317289281577,845561.2383022781,5000000000,350979,351979,324001,27978,9461,1000,0,2.838351489264966,2.838351489264966
10,106,0,2000000,199.59048799980425,0,4000000000,350001,354001,315001,39000,0,4000,0.39999999999999997,0,0.39999999999999997
10,114,1,3000000,102.66994594329931,11247938.31445468,2000000000,356779,357179,339001,18178,267,400,0,0.0800146635622471,0.0800146635622471
10,115,1,8000000,77.60239687019987,30061630.97102716,6000000000,360179,361379,342001,19378,266,1200,0,0.07983598768520163,0.07983598768520163
10,107,0,4000000,194.5500758159708,0,8000000000,354001,362001,318001,44000,0,8000,0.7999999999999999,0,0.7999999999999999
10,108,0,10000000,192.25964527170024,0,8000000000,362001,370001,321001,49000,0,8000,0.7999999999999999,0,0.7999999999999999
10,116,1,4000000,64.76032272927613,52342702.59983059,9000000000,371579,373379,345001,28378,76,1800,0,0.02292583188098285,0.02292583188098285
10,112,0,9000000,156.29707130973372,0,6000000000,370001,376001,333001,43000,0,6000,0.6,0,0.6
10,113,0,2000000,129.74026052078057,0,2000000000,376001,378001,336001,42000,0,2000,0.19999999999999998,0,0.19999999999999998
10,126,1,10000000,165.12607062484105,1796650.272861033,10000000000,380567,382567,375001,7566,5566,2000,0,1.6697740485813755,1.6697740485813755
10,127,1,5000000,164.02476398397897,1844773.1699464065,6000000000,382567,383767,378001,5766,2710,1200,0,0.813108096126299,0.813108096126299
10,128,1,7000000,149.7012879036116,2643992.07253915,5000000000,383767,384767,381001,3766,2648,1000,0,0.7942535160414727,0.7942535160414727
10,117,0,6000000,77.65073405963393,0,9000000000,378001,387001,348001,39000,0,9000,0.8999999999999999,0,0.8999999999999999
10,119,1,8000000,130.67927647488722,4494876.304153388,5000000000,387979,388979,354001,34978,1780,1000,0,0.5339412783800823,0.5339412783800823
10,120,1,2000000,161.89016832408328,1942686.5042113261,3000000000,391379,391979,357001,34978,1030,600,0,0.30885065536787804,0.30885065536787804
10,132,1,5000000,76.42269034782798,31598637.516966917,3000000000,393810,394410,393001,1409,158,600,0,0.04747040119038594,0.04747040119038594
10,118,0,2000000,101.73272875530273,0,10000000000,387001,397001,351001,46000,0,10000,0.9999999999999999,0,0.9999999999999999
10,133,1,7000000,70.9687255063806,39919165.522445954,10000000000,396176,398176,396001,2175,175,2000,0,0.05260631008980388,0.05260631008980388
10,121,0,6000000,174.0341161956471,0,9000000000,397001,406001,360001,46000,0,9000,0.8999999999999999,0,0.8999999999999999
10,136,1,6000000,80.56410180719449,26557310.289914425,5000000000,406498,407498,405001,2497,226,1000,0,0.06777794815627769,0.06777794815627769
10,137,1,5000000,96.44199552062368,14150970.46882496,6000000000,409466,410666,408001,2665,353,1200,0,0.10599979720857647,0.10599979720857647
10,122,0,9000000,175.1478506862131,0,10000000000,406001,416001,363001,53000,0,10000,0.9999999999999999,0,0.9999999999999999
10,139,1,3000000,142.58895399013204,3199882.771711256,8000000000,416466,418066,414001,4065,938,1600,0,0.28126030364502747,0.28126030364502747
10,123,0,2000000,189.88021118589475,0,5000000000,416001,421001,366001,55000,0,5000,0.49999999999999994,0,0.49999999999999994
10,140,1,9000000,165.2207662492824,1792585.5547223554,7000000000,422742,424142,417001,7141,5021,1400,0,1.506204260592845,1.506204260592845
10,141,1,4000000,191.14805701340524,1006083.7398023584,6000000000,425542,426742,420001,6741,3976,1200,0,1.192743657934215,1.192743657934215
10,143,1,2000000,194.63923884972425,936273.4592825334,2000000000,428597,428997,426001,2996,2136,400,0,0.6408384153704199,0.6408384153704199
10,124,0,2000000,215.8309597810286,0,10000000000,421001,431001,369001,62000,0,10000,0.9999999999999999,0,0.9999999999999999
10,125,0,9000000,182.9282878616645,0,6000000000,431001,437001,372001,65000,0,6000,0.6,0,0.6
10,146,1,5000000,180.10376814492253,1274129.1791697731,3000000000,439277,439877,435001,4876,3924,600,0,1.1772746629799382,1.1772746629799382
10,147,1,5000000,188.07710254042095,1072922.3488974383,9000000000,442661,444461,438001,6460,4660,1800,0,1.398050848266361,1.398050848266361
10,129,0,9000000,124.85704025003957,0,9000000000,437001,446001,384001,62000,0,9000,0.8999999999999999,0,0.8999999999999999
10,130,0,2000000,102.12221550671532,0,8000000000,446001,454001,387001,67000,0,8000,0.7999999999999999,0,0.7999999999999999
10,148,1,10000000,202.01437820115677,807575.9502939541,3000000000,455103,455703,441001,14702,12383,600,0,3.7148208771051356,3.7148208771051356
10,131,0,2000000,81.75506100542026,0,2000000000,454001,456001,390001,66000,0,2000,0.19999999999999998,0,0.19999999999999998
10,152,1,5000000,206.33946229454023,742301.2159312803,5000000000,459737,460737,453001,7736,6736,1000,0,2.0207430188809834,2.0207430188809834
10,134,0,3000000,65.1662151732015,0,5000000000,456001,461001,399001,62000,0,5000,0.49999999999999994,0,0.49999999999999994
10,150,1,5000000,242.99108399280826,386918.2377024525,2000000000,462503,462903,447001,15902,12923,400,0,3.876788049348887,3.876788049348887
10,135,0,9000000,70.53785508505341,0,3000000000,461001,464001,402001,62000,0,3000,0.3,0,0.3
10,153,1,7000000,191.65647836689473,995523.5290291955,9000000000,463032,464832,456001,8831,7031,1800,0,2.1094428597261348,2.1094428597261348
10,138,0,3000000,118.52315554354767,0,5000000000,464001,469001,411001,58000,0,5000,0.49999999999999994,0,0.49999999999999994
10,142,0,6000000,217.56139823047658,0,4000000000,469001,473001,423001,50000,0,4000,0.39999999999999997,0,0.39999999999999997
10,144,0,5000000,183.89362822022952,0,5000000000,473001,478001,429001,49000,0,5000,0.49999999999999994,0,0.49999999999999994
10,145,0,8000000,178.69364678129998,0,2000000000,478001,480001,432001,48000,0,2000,0.19999999999999998,0,0.19999999999999998
10,157,1,10000000,194.0883306641592,946879.2682895391,5000000000,479065,480065,468001,12064,10561,1000,0,3.168302549721315,3.168302549721315
10,158,1,6000000,209.71731449739673,695844.6288003918,10000000000,480065,482065,471001,11064,8623,2000,0,2.5867843560179917,2.5867843560179917
10,149,0,8000000,220.7004542360527,0,8000000000,480001,488001,444001,44000,0,8000,0.7999999999999999,0,0.7999999999999999
10,161,1,5000000,212.3447237394892,662193.6195635626,8000000000,487552,489152,480001,9151,7551,1600,0,2.2651985094459492,2.2651985094459492
10,162,1,6000000,192.83475879622947,971575.4297129035,4000000000,489177,489977,483001,6976,6176,800,0,1.8526610955280052,1.8526610955280052
10,164,1,4000000,162.3415144071288,1921456.0058000311,7000000000,491884,493284,489001,4283,2082,1400,0,0.6245263989275464,0.6245263989275464
10,160,1,7000000,229.89848977320406,482556.1925955162,8000000000,493684,495284,477001,18283,14506,1600,0,4.351824786880815,4.351824786880815
10,151,0,6000000,225.28231377540496,0,9000000000,488001,497001,450001,47000,0,9000,0.8999999999999999,0,0.8999999999999999
10,159,1,10000000,229.20247860788942,488424.5018809709,7000000000,497484,498884,474001,24883,20474,1400,0,6.1421980028575645,6.1421980028575645
10,165,1,7000000,151.30876511293056,2535332.95518213,2000000000,498884,499284,492001,7283,2761,400,0,0.8282935760794948,0.8282935760794948
10,154,0,5000000,182.53414392929338,0,5000000000,497001,502001,459001,43000,0,5000,0.49999999999999994,0,0.49999999999999994
10,167,1,7000000,143.6440942050873,3108869.3744211337,5000000000,501884,502884,498001,4883,2252,1000,0,0.6754867275152133,0.6754867275152133
10,155,0,3000000,179.7953951023218,0,5000000000,502001,507001,462001,45000,0,5000,0.49999999999999994,0,0.49999999999999994
10,168,1,10000000,147.21852193253403,2823378.257487265,4000000000,509884,510684,501001,9683,3542,800,0,1.062556882714654,1.062556882714654
10,169,1,6000000,155.89279457370694,2254433.6054438357,8000000000,511284,512884,504001,8883,2661,1600,0,0.7984267071132617,0.7984267071132617
10,156,0,8000000,183.81754241638635,0,7000000000,507001,514001,465001,49000,0,7000,0.7,0,0.7
10,171,1,9000000,147.79654258473028,2780304.0059491014,8000000000,515484,517084,510001,7083,3237,1600,0,0.9711168254344588,0.9711168254344588
10,163,0,10000000,175.43851601059558,0,7000000000,514001,521001,486001,35000,0,7000,0.7,0,0.7
10,173,1,7000000,166.98393485602142,1718946.0011407188,4000000000,520697,521497,516001,5496,4072,800,0,1.2216788651920467,1.2216788651920467
10,166,0,5000000,144.88790494723844,0,2000000000,521001,523001,495001,28000,0,2000,0.19999999999999998,0,0.19999999999999998
10,174,1,5000000,182.47986519065597,1209594.1568418993,3000000000,523135,523735,519001,4734,4134,600,0,1.2400853555016456,1.2400853555016456
10,176,1,3000000,159.88567822040847,2040564.6981331415,7000000000,526561,527961,525001,2960,1470,1400,0,0.4410543810854839,0.4410543810854839
10,170,0,6000000,168.79101664484403,0,10000000000,523001,533001,507001,26000,0,10000,0.9999999999999999,0,0.9999999999999999
10,177,1,2000000,148.3697765719151,2738385.61581695,4000000000,534361,535161,528001,7160,730,800,0,0.21910719824643848,0.21910719824643848
10,172,0,7000000,154.39660779952385,0,8000000000,533001,541001,513001,28000,0,8000,0.7999999999999999,0,0.7999999999999999
10,175,0,9000000,175.53148805841073,0,10000000000,541001,551001,522001,29000,0,10000,0.9999999999999999,0,0.9999999999999999
10,178,0,7000000,142.12326058742107,0,7000000000,551001,558001,531001,27000,0,7000,0.7,0,0.7
10,179,0,3000000,140.39266362598866,0,3000000000,558001,561001,534001,27000,0,3000,0.3,0,0.3
10,184,1,6000000,200.93658128872403,824943.2744705313,8000000000,561761,563361,549001,14360,7273,1600,0,2.18196821006303,2.18196821006303
10,186,1,4000000,213.94732996698045,642661.5119707823,5000000000,566761,567761,555001,12760,6224,1000,0,1.8672348937158014,1.8672348937158014
10,180,0,5000000,144.28847216600502,0,7000000000,561001,568001,537001,31000,0,7000,0.7,0,0.7
10,181,0,5000000,153.42803524779947,0,5000000000,568001,573001,540001,33000,0,5000,0.49999999999999994,0,0.49999999999999994
10,182,0,7000000,165.22878835118294,0,2000000000,573001,575001,543001,32000,0,2000,0.19999999999999998,0,0.19999999999999998
10,188,1,10000000,183.77360555857848,1176163.9230824143,9000000000,574361,576161,561001,15160,8502,1800,0,2.5506648700274654,2.5506648700274654
10,183,0,6000000,181.7998998899614,0,2000000000,575001,577001,546001,31000,0,2000,0.19999999999999998,0,0.19999999999999998
10,190,1,4000000,177.7297760646763,1342938.489247551,5000000000,576561,577561,567001,10560,2979,1000,0,0.8935628918286201,0.8935628918286201
10,185,0,2000000,220.13247375160262,0,5000000000,577001,582001,552001,30000,0,5000,0.49999999999999994,0,0.49999999999999994
10,187,0,5000000,196.5308245543177,0,2000000000,582001,584001,558001,26000,0,2000,0.19999999999999998,0,0.19999999999999998
10,189,0,3000000,177.2291556149834,0,3000000000,584001,587001,564001,23000,0,3000,0.3,0,0.3
10,196,1,6000000,203.18440909676116,789234.9230905388,8000000000,592603,594203,585001,9202,7602,1600,0,2.2806897507163515,2.2806897507163515
10,195,1,6000000,223.39216548482625,541058.5900747624,2000000000,594203,594603,582001,12602,11089,400,0,3.326811611569238,3.326811611569238
10,194,1,6000000,239.0159678766253,413231.6785434828,4000000000,595961,596761,579001,17760,14520,800,0,4.3559099978599365,4.3559099978599365
10,191,0,8000000,185.10395025498505,0,10000000000,587001,597001,570001,27000,0,10000,0.9999999999999999,0,0.9999999999999999
10,192,0,2000000,198.61862777695345,0,8000000000,597001,605001,573001,32000,0,8000,0.7999999999999999,0,0.7999999999999999
10,200,1,8000000,179.5587486033471,1289531.2658451132,10000000000,603504,605504,597001,8503,6204,2000,0,1.8611413802573642,1.8611413802573642
10,193,0,2000000,217.01754330007515,0,8000000000,605001,613001,576001,37000,0,8000,0.7999999999999999,0,0.7999999999999999
10,197,0,7000000,187.59016605355407,0,4000000000,613001,617001,588001,29000,0,4000,0.39999999999999997,0,0.39999999999999997
10,202,1,8000000,215.72792053881201,621795.0385605614,8000000000,615867,617467,603001,14466,12866,1600,0,3.8597927792346733,3.8597927792346733
10,198,0,4000000,178.03211760803157,0,3000000000,617001,620001,591001,29000,0,3000,0.3,0,0.3
10,205,1,8000000,146.6952821327257,2863083.290228616,5000000000,619981,620981,612001,8980,2794,1000,0,0.8382571363504975,0.8382571363504975
10,204,1,9000000,171.93432612483173,1531360.5059946068,10000000000,620981,622981,609001,13980,5877,2000,0,1.7631380654200501,1.7631380654200501
10,199,0,9000000,175.24449492066796,0,4000000000,620001,624001,594001,30000,0,4000,0.39999999999999997,0,0.39999999999999997
10,206,1,9000000,122.3845586665246,5790186.175110163,8000000000,625381,626981,615001,11980,1554,1600,0,0.4663062496343013,0.4663062496343013
10,207,1,4000000,100.06973818292924,12364652.14029732,10000000000,626981,628981,618001,10980,324,2000,0,0.09705084998623704,0.09705084998623704
10,208,1,6000000,85.85900360474726,21381961.766516663,3000000000,628981,629581,621001,8580,281,600,0,0.08418310815702287,0.08418310815702287
10,209,1,3000000,73.01963092210204,36539275.66126426,6000000000,630381,631581,624001,7580,82,1200,0,0.02463103013708893,0.02463103013708893
10,201,0,6000000,189.72489609958944,0,9000000000,624001,633001,600001,33000,0,9000,0.8999999999999999,0,0.8999999999999999
10,210,1,5000000,68.41329987655911,44607181.36772025,3000000000,634381,634981,627001,7980,112,600,0,0.03362687249021,0.03362687249021
10,203,0,8000000,195.59682538323568,0,4000000000,633001,637001,606001,31000,0,4000,0.39999999999999997,0,0.39999999999999997
10,211,1,3000000,75.04406172376336,33505852.78812732,8000000000,636981,638581,630001,8580,90,1600,0,0.02686097875768474,0.02686097875768474
10,212,1,5000000,86.12245525993785,21156225.78602508,8000000000,639781,641381,633001,8380,236,1600,0,0.07090111512190597,0.07090111512190597
10,214,1,4000000,115.60561318551964,7200681.757957153,4000000000,641981,642781,639001,3780,556,800,0,0.16665088672665382,0.16665088672665382
10,216,1,4000000,140.51977974648264,3388104.8514676695,2000000000,646182,646582,645001,1581,1181,400,0,0.3541803021474322,0.3541803021474322
10,213,0,9000000,94.31622819006277,0,10000000000,637001,647001,636001,11000,0,10000,0.9999999999999999,0,0.9999999999999999
10,215,0,6000000,137.94672341161277,0,2000000000,647001,649001,642001,7000,0,2000,0.19999999999999998,0,0.19999999999999998
10,218,1,6000000,146.53756378485352,2875186.5301290774,10000000000,653314,655314,651001,4313,2087,2000,0,0.6260463386071831,0.6260463386071831
10,217,0,9000000,139.14401747829478,0,10000000000,649001,659001,648001,11000,0,10000,0.9999999999999999,0,0.9999999999999999
10,219,1,8000000,140.9649052069344,3346485.370974448,7000000000,658314,659714,654001,5713,2391,1400,0,0.717170324668461,0.717170324668461
10,220,0,3000000,138.93454933888836,0,3000000000,659001,662001,657001,5000,0,3000,0.3,0,0.3
10,221,1,8000000,141.51710709310026,3295726.38724272,10000000000,662428,664428,660001,4427,2427,2000,0,0.7282157916051687,0.7282157916051687
10,222,0,7000000,153.39908539492666,0,4000000000,663001,667001,663001,4000,0,4000,0.39999999999999997,0,0.39999999999999997
10,224,1,10000000,136.99307172262402,3741449.0552603235,10000000000,671674,673674,669001,4673,2673,2000,0,0.8018283706902606,0.8018283706902606
10,223,0,7000000,165.8064570515877,0,8000000000,667001,675001,666001,9000,0,8000,0.7999999999999999,0,0.7999999999999999
10,225,1,7000000,113.18075675661473,7804579.506013619,8000000000,673674,675274,672001,3273,897,1600,0,0.2690727922474105,0.2690727922474105
10,226,0,9000000,97.92879300798104,0,5000000000,675001,680001,675001,5000,0,5000,0.49999999999999994,0,0.49999999999999994
10,228,1,5000000,106.19347672997621,9920820.39568441,8000000000,681505,683105,681001,2104,504,1600,0,0.15119717323503862,0.15119717323503862
10,227,0,2000000,95.33551961362565,0,9000000000,680001,689001,678001,11000,0,9000,0.8999999999999999,0,0.8999999999999999
10,230,1,6000000,143.39882879577502,3129737.304575796,3000000000,688918,689518,687001,2517,1917,600,0,0.5751281417032449,0.5751281417032449
10,229,0,7000000,126.32149025403396,0,3000000000,689001,692001,684001,8000,0,3000,0.3,0,0.3
10,231,1,9000000,165.04460003283964,1800156.4742917437,3000000000,696308,696908,690001,6907,5000,600,0,1.4998696160911746,1.4998696160911746
10,232,1,10000000,158.6723725164529,2102786.395713538,5000000000,698942,699942,693001,6941,4756,1000,0,1.4266784330141202,1.4266784330141202
10,233,0,9000000,170.15313955375606,0,9000000000,696001,705001,696001,9000,0,9000,0.8999999999999999,0,0.8999999999999999
10,235,0,10000000,205.239952494635,0,6000000000,705001,711001,702001,9000,0,6000,0.6,0,0.6
10,234,1,10000000,186.7525978400301,1103451.5108464037,6000000000,710082,711282,699001,12281,9062,1200,0,2.718742029451613,2.718742029451613
10,237,1,2000000,246.46597919388395,365608.9657618106,10000000000,713471,715471,708001,7470,5470,2000,0,1.6410976102563417,1.6410976102563417
10,236,0,3000000,227.95372183844688,0,7000000000,711001,718001,705001,13000,0,7000,0.7,0,0.7
10,238,1,3000000,214.00817764749087,641934.1681751085,8000000000,716791,718391,711001,7390,4673,1600,0,1.4020129237839474,1.4020129237839474
10,241,0,10000000,230.0023725964582,0,4000000000,720001,724001,720001,4000,0,4000,0.39999999999999997,0,0.39999999999999997
10,239,1,4000000,226.90220470502265,508463.0835402054,7000000000,722975,724375,714001,10374,7867,1400,0,2.3600533428010673,2.3600533428010673
10,240,1,4000000,248.87005324064208,351719.1720280807,6000000000,730175,731375,717001,14374,11373,1200,0,3.4118128763938804,3.4118128763938804
10,242,1,6000000,239.99437701746263,406552.96087721013,5000000000,737759,738759,723001,15758,14758,1000,0,4.427467447577262,4.427467447577262
10,245,1,9000000,192.52911364258648,977718.0224159342,8000000000,741206,742806,732001,10805,9205,1600,0,2.7615324031036264,2.7615324031036264
10,246,0,7000000,182.46730255034734,0,9000000000,735001,744001,735001,9000,0,9000,0.8999999999999999,0,0.8999999999999999
10,244,1,10000000,208.04606461070108,718362.2703991511,10000000000,742922,744922,729001,15921,13921,2000,0,4.176165875656413,4.176165875656413
10,247,0,10000000,178.46005743583072,0,2000000000,744001,746001,738001,8000,0,2000,0.19999999999999998,0,0.19999999999999998
10,243,1,9000000,227.57833156959387,502468.3603727788,10000000000,744922,746922,726001,20921,17912,2000,0,5.373472666014002,5.373472666014002
10,248,1,10000000,180.80015542028718,1254780.8307145515,6000000000,748971,750171,741001,9170,7970,1200,0,2.390855778607656,2.390855778607656
10,249,1,8000000,189.25354686240365,1046682.7491194229,8000000000,752408,754008,744001,10007,7643,1600,0,2.2929583983486177,2.2929583983486177
10,250,0,6000000,203.2344326141611,0,8000000000,747001,755001,747001,8000,0,8000,0.7999999999999999,0,0.7999999999999999
10,252,1,2000000,243.28827201490824,385036.17140006536,6000000000,758195,759395,753001,6394,5194,1200,0,1.5582951539806895,1.5582951539806895
10,253,0,4000000,225.65373938847102,0,7000000000,756001,763001,756001,7000,0,7000,0.7,0,0.7
10,254,0,3000000,207.73555593590615,0,2000000000,763001,765001,759001,6000,0,2000,0.19999999999999998,0,0.19999999999999998
10,251,1,10000000,221.58929396520944,558814.2034528581,2000000000,767896,768296,750001,18295,17895,400,0,5.36851064533309,5.36851064533309
10,257,1,5000000,148.14333768347467,2754850.2560723843,4000000000,769816,770616,768001,2615,1815,800,0,0.5444942049730732,0.5444942049730732
10,255,0,4000000,186.1077110170344,0,8000000000,765001,773001,762001,11000,0,8000,0.7999999999999999,0,0.7999999999999999
10,260,1,6000000,116.47018931898411,6999173.013514795,7000000000,779220,780620,777001,3619,857,1400,0,0.25717323982767054,0.25717323982767054
10,256,0,10000000,165.82024001912436,0,10000000000,773001,783001,765001,18000,0,10000,0.9999999999999999,0,0.9999999999999999
10,263,1,6000000,133.18676998861415,4175152.913822114,4000000000,788442,789242,786001,3241,1437,800,0,0.4311219342508351,0.4311219342508351
10,264,1,7000000,148.05927056418994,2760994.00398537,3000000000,791536,792136,789001,3135,2535,600,0,0.7605956394576536,0.7605956394576536
10,258,0,6000000,133.86375349585862,0,10000000000,783001,793001,771001,22000,0,10000,0.9999999999999999,0,0.9999999999999999
10,265,1,2000000,166.95788331192983,1720006.4334521675,10000000000,793969,795969,792001,3968,1163,2000,0,0.34883590452377555,0.34883590452377555
10,259,0,10000000,122.40228510938836,0,4000000000,793001,797001,774001,23000,0,4000,0.39999999999999997,0,0.39999999999999997
10,261,0,8000000,116.51600448007135,0,6000000000,797001,803001,780001,23000,0,6000,0.6,0,0.6
10,266,1,9000000,188.6320039123796,1060444.9624839362,6000000000,805392,806592,795001,11591,8487,1200,0,2.546101019401938,2.546101019401938
10,267,1,10000000,185.3517480359977,1136925.7112547818,6000000000,806797,807997,798001,9996,8796,1200,0,2.638694833182208,2.638694833182208
10,262,0,4000000,122.20305806320891,0,10000000000,803001,813001,783001,30000,0,10000,0.9999999999999999,0,0.9999999999999999
10,271,1,4000000,183.41441410096428,1185328.924697474,3000000000,814339,814939,810001,4938,3375,600,0,1.0123772186747828,1.0123772186747828
10,268,0,10000000,164.08644063419743,0,4000000000,813001,817001,801001,16000,0,4000,0.39999999999999997,0,0.39999999999999997
10,273,1,2000000,170.65790928052533,1577188.7485289015,2000000000,818040,818440,816001,2439,1268,400,0,0.38042371311591006,0.38042371311591006
10,269,0,7000000,144.76120509307742,0,4000000000,817001,821001,804001,17000,0,4000,0.39999999999999997,0,0.39999999999999997
10,274,1,2000000,151.41277654147945,2528494.203547698,9000000000,819792,821592,819001,2591,791,1800,0,0.23729538282434962,0.23729538282434962
10,275,1,5000000,135.35586282093587,3920857.9608767815,8000000000,823276,824876,822001,2875,1275,1600,0,0.3825693292048178,0.3825693292048178
10,276,1,9000000,121.62117455443357,5931061.672153999,5000000000,826518,827518,825001,2517,1517,1000,0,0.4552304712453671,0.4552304712453671
10,277,1,4000000,112.12483221838059,8086637.836045576,4000000000,828496,829296,828001,1295,495,800,0,0.14839294454996993,0.14839294454996993
10,270,0,3000000,169.4545570352123,0,10000000000,821001,831001,807001,24000,0,10000,0.9999999999999999,0,0.9999999999999999
10,272,0,6000000,191.48674549430305,0,6000000000,831001,837001,813001,24000,0,6000,0.6,0,0.6
10,280,1,7000000,118.06198414392338,6645782.47426765,6000000000,840659,841859,837001,4858,1053,1200,0,0.3159898790144219,0.3159898790144219
10,278,0,9000000,108.08803541558152,0,6000000000,837001,843001,831001,12000,0,6000,0.6,0,0.6
10,281,1,7000000,124.11732232045614,5485285.524398521,8000000000,843859,845459,840001,5458,1276,1600,0,0.3828424228163167,0.3828424228163167
10,279,0,9000000,110.17472169241007,0,6000000000,843001,849001,834001,15000,0,6000,0.6,0,0.6
10,283,1,10000000,81.11740442099953,25954801.015025448,6000000000,849059,850259,846001,4258,385,1200,0,0.11558555190861511,0.11558555190861511
10,282,0,5000000,102.10174631219587,0,3000000000,849001,852001,843001,9000,0,3000,0.3,0,0.3
10,284,0,8000000,69.55095757787954,0,5000000000,852001,857001,849001,8000,0,5000,0.49999999999999994,0,0.49999999999999994
10,285,0,2000000,72.08494225564732,0,3000000000,857001,860001,852001,8000,0,3000,0.3,0,0.3
10,286,1,10000000,87.64540204711257,19903801.06355672,7000000000,858859,860259,855001,5258,502,1400,0,0.1507249791344083,0.1507249791344083
10,288,1,4000000,118.34358495499444,6585543.99805699,5000000000,861608,862608,861001,1607,607,1000,0,0.18221729296077135,0.18221729296077135
10,287,0,8000000,106.92541185331012,0,6000000000,860001,866001,858001,8000,0,6000,0.6,0,0.6
10,289,1,6000000,144.13574886196696,3067552.492919372,4000000000,865963,866763,864001,2762,1956,800,0,0.5867870245594234,0.5867870245594234
10,291,0,3000000,190.64269432632346,0,2000000000,870001,872001,870001,2000,0,2000,0.19999999999999998,0,0.19999999999999998
10,290,1,10000000,173.18078068885126,1488193.597982392,2000000000,873721,874121,867001,7120,6720,400,0,2.015866755553329,2.015866755553329
10,293,0,4000000,222.23676586019698,0,3000000000,876001,879001,876001,3000,0,3000,0.3,0,0.3
10,292,1,4000000,203.6735517930593,781721.2662465855,2000000000,878609,879009,873001,6008,5117,400,0,1.5350740114334729,1.5350740114334729
10,294,0,10000000,241.41057246939292,0,7000000000,879001,886001,879001,7000,0,7000,0.7,0,0.7
10,296,1,5000000,206.67608763473342,737501.4797431111,2000000000,891781,892181,885001,7180,6780,400,0,2.033894224215638,2.033894224215638
10,295,1,7000000,221.3545161048222,561179.5720851722,3000000000,894475,895075,882001,13074,12474,600,0,3.742117682931758,3.742117682931758
10,297,0,3000000,192.73640159554705,0,8000000000,888001,896001,888001,8000,0,8000,0.7999999999999999,0,0.7999999999999999
10,299,1,4000000,180.99469881739634,1249441.0610879648,3000000000,897202,897802,894001,3801,3201,600,0,0.9604294571166779,0.9604294571166779
10,301,1,4000000,184.80432489527948,1150349.4628311964,5000000000,903478,904478,900001,4477,3477,1000,0,1.0431612642706032,1.0431612642706032
10,298,0,9000000,183.76004598388633,0,10000000000,896001,906001,891001,15000,0,10000,0.9999999999999999,0,0.9999999999999999
10,302,1,5000000,185.51787002873874,1132890.7047488496,7000000000,907414,908814,903001,5813,4413,1400,0,1.324046524269554,1.324046524269554
10,303,1,6000000,184.28853301277323,1163178.436317156,7000000000,911159,912559,906001,6558,5158,1400,0,1.5474839833681426,1.5474839833681426
10,300,0,6000000,181.79863860876404,0,8000000000,906001,914001,897001,17000,0,8000,0.7999999999999999,0,0.7999999999999999
10,304,1,4000000,189.68706360740575,1037215.2430174844,7000000000,912857,914257,909001,5256,3856,1400,0,1.1569440461643616,1.1569440461643616
10,305,1,2000000,199.66348314100904,846061.3481851075,10000000000,914365,916365,912001,4364,2364,2000,0,0.7091684323921243,0.7091684323921243
10,306,1,7000000,213.65309546084282,646193.1804866664,3000000000,925834,926434,915001,11433,10833,600,0,3.2498021697140635,3.2498021697140635
10,307,1,5000000,227.5196151983384,502985.44774346554,4000000000,927942,928742,918001,10741,9941,800,0,2.9821936334926242,2.9821936334926242
10,308,0,10000000,242.73602493243558,0,10000000000,921001,931001,921001,10000,0,10000,0.9999999999999999,0,0.9999999999999999
10,310,0,5000000,205.92629409572743,0,3000000000,931001,934001,927001,7000,0,3000,0.3,0,0.3
10,309,1,5000000,223.00711132158995,544791.0321729801,10000000000,934401,936401,924001,12400,9178,2000,0,2.753349287004646,2.753349287004646
10,311,1,4000000,192.21943111974915,983991.1428532951,10000000000,936401,938401,930001,8400,4065,2000,0,1.2195231722516735,1.2195231722516735
10,312,0,7000000,183.00799791265953,0,7000000000,934001,941001,933001,8000,0,7000,0.7,0,0.7
10,313,1,4000000,178.69787155979225,1314334.020130028,10000000000,939601,941601,936001,5600,3043,2000,0,0.9130099210863333,0.9130099210863333
10,314,1,6000000,179.54184470479302,1290012.6556110838,6000000000,944001,945201,939001,6200,4651,1200,0,1.395335148202351,1.395335148202351
10,315,0,5000000,185.47004771660568,0,4000000000,942001,946001,942001,4000,0,4000,0.39999999999999997,0,0.39999999999999997
10,316,0,2000000,196.10431637268977,0,8000000000,946001,954001,945001,9000,0,8000,0.7999999999999999,0,0.7999999999999999
10,317,0,2000000,210.77610538199053,0,6000000000,954001,960001,948001,12000,0,6000,0.6,0,0.6
10,318,0,2000000,228.60827369104558,0,3000000000,960001,963001,951001,12000,0,3000,0.3,0,0.3
10,320,0,10000000,222.8084136651935,0,5000000000,963001,968001,957001,11000,0,5000,0.49999999999999994,0,0.49999999999999994
10,321,0,3000000,206.41750918950646,0,7000000000,968001,975001,960001,15000,0,7000,0.7,0,0.7
10,319,1,4000000,241.79581675455017,394604.7088342402,8000000000,975095,976695,954001,22694,10137,1600,0,3.0410179431084248,3.0410179431084248
10,323,1,3000000,184.28368186033188,1163299.9385747109,3000000000,979095,979695,966001,13694,2579,600,0,0.7736611772735851,0.7736611772735851
10,322,0,3000000,193.26577581144568,0,8000000000,975001,983001,963001,20000,0,8000,0.7999999999999999,0,0.7999999999999999
10,327,1,9000000,197.44471884555435,884501.1322941257,7000000000,988176,989576,978001,11575,10175,1400,0,3.0525681668682827,3.0525681668682827
10,324,0,10000000,180.06620254784076,0,8000000000,983001,991001,969001,22000,0,8000,0.7999999999999999,0,0.7999999999999999
10,328,1,7000000,211.8754067842703,668053.1643615832,7000000000,991479,992879,981001,11878,10478,1400,0,3.143462394953011,3.143462394953011
10,325,0,9000000,180.92698250951952,0,8000000000,991001,999001,972001,27000,0,8000,0.7999999999999999,0,0.7999999999999999
10,329,1,6000000,229.35217679368125,487154.8629449202,7000000000,997642,999042,984001,15041,12316,1400,0,3.694923600102737,3.694923600102737
11,1,1,3000000,154.96519996437908,2308036.558736449,2000000000,1301,1701,1,1700,1300,400,0,0.38994183025103873,0.38994183025103873
11,4,1,9000000,137.2170579774979,3717696.6900012977,4000000000,11422,12222,9001,3221,2421,800,0,0.7262561271503452,0.7262561271503452
11,2,0,8000000,150.64018720115823,0,10000000000,3001,13001,3001,10000,0,10000,0.9999999999999999,0,0.9999999999999999
11,3,0,2000000,141.85320370016316,0,6000000000,13001,19001,6001,13000,0,6000,0.6,0,0.6
11,5,0,6000000,153.47744101332944,0,6000000000,19001,25001,12001,13000,0,6000,0.6,0,0.6
11,7,1,7000000,123.61246903124301,5572052.184342355,6000000000,24019,25219,18001,7218,1256,1200,0,0.3768808924476816,0.3768808924476816
11,8,1,2000000,95.54679534134047,14637691.885718714,9000000000,26219,28019,21001,7018,137,1800,0,0.04099006897292263,0.04099006897292263
11,9,1,9000000,70.35455138084525,40995724.18316583,10000000000,29819,31819,24001,7818,220,2000,0,0.06586052701341734,0.06586052701341734
11,6,0,10000000,151.69015327304535,0,7000000000,25001,32001,15001,17000,0,7000,0.7,0,0.7
11,10,0,4000000,42.40860761685067,0,2000000000,32001,34001,27001,7000,0,2000,0.19999999999999998,0,0.19999999999999998
11,11,1,7000000,14.50882490072853,436417886.9396475,6000000000,39619,40819,30001,10818,16,1200,0,0.004811901763986155,0.004811901763986155
11,12,0,7000000,14.126376039168694,0,10000000000,34001,44001,33001,11000,0,10000,0.9999999999999999,0,0.9999999999999999
11,13,1,7000000,42.02810726168858,140466090.20483133,2000000000,46219,46619,36001,10618,50,400,0,0.014950227467267901,0.014950227467267901
11,14,0,4000000,70.07086769835234,0,6000000000,44001,50001,39001,11000,0,6000,0.6,0,0.6
11,16,0,7000000,123.19761767177155,0,3000000000,50001,53001,45001,8000,0,3000,0.3,0,0.3
11,15,1,8000000,98.13495299840926,13281758.066900246,8000000000,54219,55819,42001,13818,602,1600,0,0.18069896981342337,0.18069896981342337
11,17,0,9000000,126.5706810442292,0,6000000000,53001,59001,48001,11000,0,6000,0.6,0,0.6
11,20,0,6000000,125.09249058196899,0,5000000000,59001,64001,57001,7000,0,5000,0.49999999999999994,0,0.49999999999999994
11,18,1,5000000,134.55644057420665,4012302.217865215,5000000000,64019,65019,51001,14018,1246,1000,0,0.3738502033373971,0.3738502033373971
11,19,1,2000000,147.5809920010026,2796271.3128592856,2000000000,66419,66819,54001,12818,715,400,0,0.21457145350694848,0.21457145350694848
11,21,0,6000000,129.14247055093844,0,7000000000,64001,71001,60001,11000,0,7000,0.7,0,0.7
11,22,0,9000000,138.9897078923472,0,4000000000,71001,75001,63001,12000,0,4000,0.39999999999999997,0,0.39999999999999997
11,23,0,10000000,151.5758668126295,0,9000000000,75001,84001,66001,18000,0,9000,0.8999999999999999,0,0.8999999999999999
11,26,1,9000000,130.3708326275475,4536250.458132335,2000000000,85219,85619,75001,10618,1984,400,0,0.5952052306017609,0.5952052306017609
11,24,0,4000000,150.49532384761991,0,7000000000,84001,91001,69001,22000,0,7000,0.7,0,0.7
11,29,1,3000000,166.85246237319967,1724305.9092119993,6000000000,94419,95619,84001,11618,1740,1200,0,0.5219491478813619,0.5219491478813619
11,25,0,2000000,138.545713033641,0,5000000000,91001,96001,72001,24000,0,5000,0.49999999999999994,0,0.49999999999999994
11,30,1,2000000,169.33958928732525,1626323.314131859,6000000000,97619,98819,87001,11818,1230,1200,0,0.36893033186349145,0.36893033186349145
11,27,0,2000000,127.69170568208415,0,6000000000,96001,102001,78001,24000,0,6000,0.6,0,0.6
11,32,1,9000000,173.16578097303173,1488704.0125519673,10000000000,102019,104019,93001,11018,6046,2000,0,1.8136580389620929,1.8136580389620929
11,35,1,4000000,165.28507252622663,1789831.773704768,5000000000,104236,105236,102001,3235,2235,1000,0,0.670454071510935,0.670454071510935
11,36,1,2000000,178.06387196733647,1332980.2494753932,7000000000,107236,108636,105001,3635,1500,1400,0,0.45011919736705447,0.45011919736705447
11,28,0,5000000,146.00854255830376,0,7000000000,102001,109001,81001,28000,0,7000,0.7,0,0.7
11,31,0,5000000,173.1944860554169,0,2000000000,109001,111001,90001,21000,0,2000,0.19999999999999998,0,0.19999999999999998
11,33,0,10000000,163.74023940375804,0,2000000000,111001,113001,96001,17000,0,2000,0.19999999999999998,0,0.19999999999999998
11,37,1,7000000,193.03771341372652,967523.1532568416,2000000000,115236,115636,108001,7635,7235,400,0,2.170490693613952,2.170490693613952
11,34,0,5000000,160.9459514868268,0,10000000000,113001,123001,99001,24000,0,10000,0.9999999999999999,0,0.9999999999999999
11,38,0,10000000,207.33818992168324,0,9000000000,123001,132001,111001,21000,0,9000,0.8999999999999999,0,0.8999999999999999
11,41,1,5000000,163.58828931191863,1864287.2155022593,4000000000,132214,133014,120001,13013,2682,800,0,0.8045970532474438,0.8045970532474438
11,39,0,5000000,211.01167029337503,0,2000000000,132001,134001,114001,20000,0,2000,0.19999999999999998,0,0.19999999999999998
11,42,1,7000000,140.08321562557023,3429545.294521654,5000000000,135014,136014,123001,13013,2041,1000,0,0.6123260723089251,0.6123260723089251
11,43,1,9000000,118.23262028729631,6609201.317273745,3000000000,137614,138214,126001,12213,1362,600,0,0.4085213735195667,0.4085213735195667
11,40,0,6000000,185.85145170269723,0,6000000000,134001,140001,117001,23000,0,6000,0.6,0,0.6
11,45,1,4000000,85.70393281524483,21516125.158819973,2000000000,140014,140414,132001,8413,186,400,0,0.05577212398339723,0.05577212398339723
11,49,1,2000000,103.49035365675391,10920854.060288452,10000000000,145814,147814,144001,3813,183,2000,0,0.05494075799270888,0.05494075799270888
11,44,0,9000000,99.12981085425314,0,10000000000,140001,150001,129001,21000,0,10000,0.9999999999999999,0,0.9999999999999999
11,46,0,10000000,77.69905340478735,0,3000000000,150001,153001,135001,18000,0,3000,0.3,0,0.3
11,50,1,8000000,123.41646000432844,5606190.672088479,4000000000,153214,154014,147001,7013,1427,800,0,0.42809817581640086,0.42809817581640086
11,52,1,6000000,169.32470611225048,1626888.7862208325,8000000000,158414,160014,153001,7013,3688,1600,0,1.1064062984792555,1.1064062984792555
11,53,1,2000000,176.640905794779,1376042.3429589784,6000000000,160014,161214,156001,5213,1453,1200,0,0.4360330937998518,0.4360330937998518
11,47,0,3000000,78.86509050270594,0,9000000000,153001,162001,138001,24000,0,9000,0.8999999999999999,0,0.8999999999999999
11,48,0,3000000,88.42647680417898,0,4000000000,162001,166001,141001,25000,0,4000,0.39999999999999997,0,0.39999999999999997
11,54,1,8000000,198.40935965825798,867527.1180843103,8000000000,168223,169823,159001,10822,9222,1600,0,2.7664841247841623,2.7664841247841623
11,57,1,5000000,182.5658645530429,1207335.5580527491,8000000000,173019,174619,168001,6618,4141,1600,0,1.2424052203177671,1.2424052203177671
11,51,0,4000000,145.6520737923082,0,9000000000,166001,175001,150001,25000,0,9000,0.8999999999999999,0,0.8999999999999999
11,58,1,9000000,176.04199754604014,1394682.9301842614,3000000000,177454,178054,171001,7053,6453,600,0,1.9359238874769078,1.9359238874769078
11,55,0,8000000,219.3666200678672,0,9000000000,175001,184001,162001,22000,0,9000,0.8999999999999999,0,0.8999999999999999
11,62,1,7000000,178.46473489179868,1321152.754483027,2000000000,188299,188699,183001,5698,5298,400,0,1.5895209640778742,1.5895209640778742
11,63,1,4000000,175.21685107317737,1420882.0530028008,9000000000,188816,190616,186001,4615,2815,1800,0,0.8445458210018186,0.8445458210018186
11,56,0,9000000,196.13648564201407,0,7000000000,184001,191001,165001,26000,0,7000,0.7,0,0.7
11,59,0,10000000,176.01909953184057,0,6000000000,191001,197001,174001,23000,0,6000,0.6,0,0.6
11,60,0,2000000,182.50916607118663,0,4000000000,197001,201001,177001,24000,0,4000,0.39999999999999997,0,0.39999999999999997
11,61,0,9000000,184.27749971171195,0,3000000000,201001,204001,180001,24000,0,3000,0.3,0,0.3
11,66,1,6000000,205.86856000856463,749081.0288659339,9000000000,204172,205972,195001,10971,8010,1800,0,2.4029443152833516,2.4029443152833516
11,64,0,7000000,179.10696943446956,0,2000000000,204001,206001,189001,17000,0,2000,0.19999999999999998,0,0.19999999999999998
11,67,1,7000000,227.44916706816048,503606.72745383554,5000000000,212221,213221,198001,15220,13900,1000,0,4.169920466744563,4.169920466744563
11,70,1,3000000,194.02318753179992,948143.2396650875,5000000000,212352,213352,207001,6351,3164,1000,0,0.9492236640509158,0.9492236640509158
11,65,0,4000000,188.94911748933893,0,10000000000,206001,216001,192001,24000,0,10000,0.9999999999999999,0,0.9999999999999999
11,71,1,2000000,174.62502140300518,1440050.5262305513,10000000000,214752,216752,210001,6751,1389,2000,0,0.41665204732124816,0.41665204732124816
11,69,1,5000000,215.3024328706018,626703.5211035664,6000000000,216752,217952,204001,13951,7978,1200,0,2.393476260287544,2.393476260287544
11,73,1,5000000,147.24383111016908,2821475.023246601,10000000000,220952,222952,216001,6951,1772,2000,0,0.53163681678599,0.53163681678599
11,72,0,10000000,160.1436695595551,0,7000000000,216001,223001,213001,10000,0,7000,0.7,0,0.7
11,68,1,8000000,233.33438687857384,454842.3546259321,9000000000,222952,224752,201001,23751,17589,1800,0,5.27655345987686,5.27655345987686
11,74,0,4000000,139.3677903964901,0,2000000000,223001,225001,219001,6000,0,2000,0.19999999999999998,0,0.19999999999999998
11,75,0,9000000,151.80049077654522,0,3000000000,225001,228001,222001,6000,0,3000,0.3,0,0.3
11,76,1,6000000,144.38940854508684,3046500.881759246,5000000000,227752,228752,225001,3751,1969,1000,0,0.5908417787690132,0.5908417787690132
11,77,1,9000000,138.17631092195217,3618049.5021638023,6000000000,230489,231689,228001,3688,2488,1200,0,0.7462584462664882,0.7462584462664882
11,78,1,6000000,135.29968551330788,3927199.6817091135,7000000000,235089,236489,231001,5488,1528,1400,0,0.45834185829243135,0.45834185829243135
11,79,1,10000000,141.67065080672148,3281781.474016632,7000000000,237048,238448,234001,4447,3047,1400,0,0.9141376486375997,0.9141376486375997
11,81,0,6000000,169.02545725422547,0,2000000000,240001,242001,240001,2000,0,2000,0.19999999999999998,0,0.19999999999999998
11,80,1,8000000,152.73228375166792,2443686.2062330367,9000000000,240448,242248,237001,5247,3274,1800,0,0.9821228248857781,0.9821228248857781
11,82,1,10000000,189.75917632620562,1035650.7395980621,3000000000,253120,253720,243001,10719,9656,600,0,2.896729452599344,2.896729452599344
11,86,1,3000000,209.22668209384767,702362.8052038039,8000000000,259272,260872,255001,5871,4271,1600,0,1.2813890390150258,1.2813890390150258
11,83,1,10000000,212.40520144290255,661443.2071307766,3000000000,261119,261719,246001,15718,15118,600,0,4.5355367893389795,4.5355367893389795
11,84,1,6000000,232.84234752295384,458686.9892372627,5000000000,262082,263082,249001,14081,13081,1000,0,3.9242447294900775,3.9242447294900775
11,85,1,5000000,232.42961988524607,461943.2204635824,7000000000,264472,265872,252001,13871,10824,1400,0,3.247152319920785,3.247152319920785
11,87,1,6000000,191.34060938546213,1002067.9847517724,2000000000,267072,267472,258001,9471,5988,400,0,1.7962853093703892,1.7962853093703892
11,88,1,9000000,180.87260931384833,1252788.8275051145,9000000000,268185,269985,261001,8984,7184,1800,0,2.1551916338342165,2.1551916338342165
11,89,1,9000000,178.65282337539472,1315648.1640233418,8000000000,272123,273723,264001,9722,6841,1600,0,2.0522203989121346,2.0522203989121346
11,90,1,5000000,184.9232256910959,1147417.120052442,9000000000,273723,275523,267001,8522,4358,1800,0,1.3072839630730309,1.3072839630730309
11,92,1,2000000,219.38470616704348,581525.3871883577,6000000000,281323,282523,273001,9522,3439,1200,0,1.0317692283409432,1.0317692283409432
11,94,0,7000000,221.54387488712032,0,6000000000,279001,285001,279001,6000,0,6000,0.6,0,0.6
11,91,1,9000000,198.98735864370877,857550.7360706457,8000000000,286123,287723,270001,17722,10495,1600,0,3.1485017578919923,3.1485017578919923
11,93,1,2000000,244.4182423633719,377983.64391505334,2000000000,290323,290723,276001,14722,5291,400,0,1.5873702729180572,1.5873702729180572
11,95,0,9000000,201.2909188214908,0,9000000000,285001,294001,282001,12000,0,9000,0.8999999999999999,0,0.8999999999999999
11,96,1,9000000,186.97389122548637,1098276.3039934547,9000000000,293196,294996,285001,9995,8195,1800,0,2.4583977549023865,2.4583977549023865
11,98,1,5000000,181.79047857354902,1227890.7306064724,4000000000,296396,297196,291001,6195,4072,800,0,1.221607071876118,1.221607071876118
11,97,0,2000000,180.20412897600326,0,9000000000,294001,303001,288001,15000,0,9000,0.8999999999999999,0,0.8999999999999999
11,100,1,4000000,208.43114570524241,713094.2855584028,6000000000,302610,303810,297001,6809,5609,1200,0,1.6828069223136684,1.6828069223136684
11,99,0,2000000,191.61658096313062,0,3000000000,303001,306001,294001,12000,0,3000,0.3,0,0.3
11,103,0,9000000,226.1277853338682,0,2000000000,306001,308001,306001,2000,0,2000,0.19999999999999998,0,0.19999999999999998
11,104,1,3000000,202.86075643159765,794256.0112796113,3000000000,313634,314234,309001,5233,3777,600,0,1.133135899783782,1.133135899783782
11,102,1,3000000,250.84442389656584,340801.65150236024,9000000000,314170,315970,303001,12969,8803,1800,0,2.6408322730612324,2.6408322730612324
11,105,1,2000000,190.77557836368888,1013908.9456856784,10000000000,314234,316234,312001,4233,1973,2000,0,0.5917691155138558,0.5917691155138558
11,101,1,6000000,227.71174783045336,501295.8892141722,10000000000,315970,317970,300001,17969,11969,2000,0,3.590693717480243,3.590693717480243
11,106,1,3000000,173.19643645294786,1487661.0910703111,7000000000,317234,318634,315001,3633,2017,1400,0,0.6049764999583923,0.6049764999583923
11,107,0,9000000,157.02517791742827,0,2000000000,318001,320001,318001,2000,0,2000,0.19999999999999998,0,0.19999999999999998
11,108,0,5000000,143.99040002722404,0,5000000000,321001,326001,321001,5000,0,5000,0.49999999999999994,0,0.49999999999999994
11,109,1,3000000,144.49195479333792,3038041.0463651605,3000000000,326088,326688,324001,2687,987,600,0,0.2962435287294086,0.2962435287294086
11,110,0,10000000,141.11683953377073,0,2000000000,327001,329001,327001,2000,0,2000,0.19999999999999998,0,0.19999999999999998
11,111,0,2000000,144.18158308189015,0,9000000000,330001,339001,330001,9000,0,9000,0.8999999999999999,0,0.8999999999999999
11,113,1,8000000,156.9714687451194,2194024.7127282084,10000000000,339647,341647,336001,5646,3646,2000,0,1.0938801126882782,1.0938801126882782
11,112,0,5000000,150.01446463591432,0,6000000000,339001,345001,333001,12000,0,6000,0.6,0,0.6
11,114,0,9000000,172.30506492845763,0,4000000000,345001,349001,339001,10000,0,4000,0.39999999999999997,0,0.39999999999999997
11,115,0,9000000,192.01234986323146,0,2000000000,349001,351001,342001,9000,0,2000,0.19999999999999998,0,0.19999999999999998
11,117,1,5000000,217.2950160496094,604125.1098133341,4000000000,356277,357077,348001,9076,8276,800,0,2.4829294059031555,2.4829294059031555
11,116,0,8000000,208.225710228108,0,7000000000,351001,358001,345001,13000,0,7000,0.7,0,0.7
11,119,1,5000000,199.06895413398846,856153.9152864642,3000000000,359841,360441,354001,6440,5840,600,0,1.752021421870282,1.752021421870282
11,120,1,10000000,184.16785197205292,1166205.7155774322,4000000000,365576,366376,357001,9375,8575,800,0,2.572444946828774,2.572444946828774
11,118,0,10000000,208.76765386428997,0,9000000000,358001,367001,351001,16000,0,9000,0.8999999999999999,0,0.8999999999999999
11,121,1,10000000,171.4816926088613,1547420.1334551193,5000000000,366463,367463,360001,7462,6462,1000,0,1.938710719306413,1.938710719306413
11,123,1,3000000,155.55982836195207,2273495.58687386,4000000000,367463,368263,366001,2262,1320,800,0,0.3958661741840164,0.3958661741840164
11,122,0,3000000,161.76638216885482,0,4000000000,367001,371001,363001,8000,0,4000,0.39999999999999997,0,0.39999999999999997
11,124,1,7000000,144.6426621021613,3025660.589452825,8000000000,371315,372915,369001,3914,2314,1600,0,0.6940633087929318,0.6940633087929318
11,125,1,3000000,119.99505073126973,6245345.6915949555,9000000000,372915,374715,372001,2714,480,1800,0,0.14410731518212488,0.14410731518212488
11,126,1,2000000,95.01773518664818,14934615.956944205,4000000000,375135,375935,375001,934,134,800,0,0.04017512078849378,0.04017512078849378
11,127,0,2000000,70.14925373801204,0,4000000000,378001,382001,378001,4000,0,4000,0.39999999999999997,0,0.39999999999999997
11,129,1,4000000,33.137840907337356,202433914.95221964,6000000000,384021,385221,384001,1220,20,1200,0,0.005927860458971193,0.005927860458971193
11,128,0,5000000,53.195813745068335,0,10000000000,382001,392001,381001,11000,0,10000,0.9999999999999999,0,0.9999999999999999
11,132,1,9000000,45.85005343508338,119515441.00700586,6000000000,393076,394276,393001,1275,75,1200,0,0.022591223169579646,0.022591223169579646
11,130,0,9000000,15.091030448581046,0,9000000000,392001,401001,387001,14000,0,9000,0.8999999999999999,0,0.8999999999999999
11,131,0,4000000,25.0009799807928,0,6000000000,401001,407001,390001,17000,0,6000,0.6,0,0.6
11,136,1,8000000,135.61243342702767,3892053.9466047133,2000000000,407056,407456,405001,2455,2055,400,0,0.6166409903166098,0.6166409903166098
11,133,0,2000000,62.24029884247026,0,10000000000,407001,417001,396001,21000,0,10000,0.9999999999999999,0,0.9999999999999999
11,138,1,10000000,185.83874300048413,1125147.203719604,2000000000,419889,420289,411001,9288,8888,400,0,2.666317784981693,2.666317784981693
11,140,1,6000000,184.62842738863378,1154704.5823624549,9000000000,422197,423997,417001,6996,5196,1800,0,1.558840267453785,1.558840267453785
11,134,0,5000000,87.0033125806138,0,8000000000,417001,425001,399001,26000,0,8000,0.7999999999999999,0,0.7999999999999999
11,141,1,6000000,176.64087862100325,1376043.1816749957,8000000000,424797,426397,420001,6396,4360,1600,0,1.308098484096219,1.308098484096219
11,135,0,8000000,111.94136054202664,0,4000000000,425001,429001,402001,27000,0,4000,0.39999999999999997,0,0.39999999999999997
11,139,1,9000000,206.00900223048507,747050.9670852477,10000000000,428197,430197,414001,16196,12047,2000,0,3.6142112371991573,3.6142112371991573
11,142,1,5000000,180.18770712787264,1271777.4585331306,7000000000,430197,431597,423001,8596,3932,1400,0,1.1794516327802362,1.1794516327802362
11,144,1,7000000,202.3674346331445,801986.1250705145,3000000000,437729,438329,429001,9328,8728,600,0,2.6184991664479953,2.6184991664479953
11,137,0,10000000,160.7037662906504,0,10000000000,429001,439001,408001,31000,0,10000,0.9999999999999999,0,0.9999999999999999
11,143,0,6000000,188.98661645735663,0,2000000000,439001,441001,426001,15000,0,2000,0.19999999999999998,0,0.19999999999999998
11,148,0,4000000,207.2476820135753,0,2000000000,441001,443001,441001,2000,0,2000,0.19999999999999998,0,0.19999999999999998
11,149,1,2000000,192.12689999060515,985875.2265229819,8000000000,446030,447630,444001,3629,2029,1600,0,0.6085962846597741,0.6085962846597741
11,145,1,9000000,219.33248277444,582077.2039047027,10000000000,447463,449463,432001,17462,15462,2000,0,4.638559939966387,4.638559939966387
11,150,1,6000000,181.4344854210467,1237473.688538211,6000000000,453903,455103,447001,8102,4849,1200,0,1.4545763814390946,1.4545763814390946
11,146,1,9000000,239.08340155686255,412766.9970974824,4000000000,456805,457605,435001,22604,21804,800,0,6.541220637759337,6.541220637759337
11,151,0,10000000,175.89932489921614,0,8000000000,450001,458001,450001,8000,0,8000,0.7999999999999999,0,0.7999999999999999
11,147,1,10000000,225.79300432032872,518492.08970374893,10000000000,457503,459503,438001,21502,19287,2000,0,5.786009197776019,5.786009197776019
11,152,0,6000000,175.92794547768693,0,2000000000,458001,460001,453001,7000,0,2000,0.19999999999999998,0,0.19999999999999998
11,153,1,3000000,181.52743291304492,1234962.695434761,9000000000,459503,461303,456001,5302,2429,1800,0,0.728766952497428,0.728766952497428
11,154,1,7000000,192.36710425641903,980993.5542062208,5000000000,466137,467137,459001,8136,7136,1000,0,2.140686848548391,2.140686848548391
11,155,1,5000000,207.749541756414,722451.846545458,3000000000,469137,469737,462001,7736,6921,600,0,2.0762629470358998,2.0762629470358998
11,156,1,4000000,226.50581118373094,512019.1188581202,10000000000,472966,474966,465001,9965,7812,2000,0,2.343662484081026,2.343662484081026
11,157,0,4000000,237.5010808396459,0,7000000000,468001,475001,468001,7000,0,7000,0.7,0,0.7
11,158,0,7000000,220.56590897053877,0,9000000000,475001,484001,471001,13000,0,9000,0.8999999999999999,0,0.8999999999999999
11,162,1,4000000,156.31730966211,2230416.679856524,6000000000,485612,486812,483001,3811,1793,1200,0,0.5380160625758916,0.5380160625758916
11,159,0,4000000,202.7040544735107,0,4000000000,484001,488001,474001,14000,0,4000,0.39999999999999997,0,0.39999999999999997
11,160,0,3000000,184.93685003265307,0,2000000000,488001,490001,477001,13000,0,2000,0.19999999999999998,0,0.19999999999999998
11,161,0,7000000,169.08039507879087,0,4000000000,490001,494001,480001,14000,0,4000,0.39999999999999997,0,0.39999999999999997
11,165,1,2000000,152.14376424947557,2481069.985718782,3000000000,494773,495373,492001,3372,806,600,0,0.24183114682521786,0.24183114682521786
11,166,1,5000000,145.1321718296808,2985875.215118921,10000000000,496676,498676,495001,3675,1675,2000,0,0.5023652671098843,0.5023652671098843
11,163,0,5000000,145.94261372196948,0,5000000000,494001,499001,486001,13000,0,5000,0.49999999999999994,0,0.49999999999999994
11,164,0,5000000,139.41296711568833,0,3000000000,499001,502001,489001,13000,0,3000,0.3,0,0.3
11,170,1,6000000,144.76538605619788,3015624.918538664,2000000000,508991,509391,507001,2390,1990,400,0,0.5968912078337179,0.5968912078337179
11,167,0,7000000,139.08724240562105,0,8000000000,502001,510001,498001,12000,0,8000,0.7999999999999999,0,0.7999999999999999
11,168,0,5000000,134.66708023863882,0,2000000000,510001,512001,501001,11000,0,2000,0.19999999999999998,0,0.19999999999999998
11,171,1,8000000,155.21675328391584,2293345.5000813296,8000000000,514387,515987,510001,5986,3488,1600,0,1.0465060759117577,1.0465060759117577
11,172,1,2000000,169.04979739709833,1637377.715251515,2000000000,515987,516387,513001,3386,1221,400,0,0.3664395786086749,0.3664395786086749
11,169,0,3000000,137.36365931351716,0,6000000000,512001,518001,504001,14000,0,6000,0.6,0,0.6
11,173,0,2000000,185.14349488977462,0,5000000000,518001,523001,516001,7000,0,5000,0.49999999999999994,0,0.49999999999999994
11,175,0,3000000,221.17929604734704,0,2000000000,523001,525001,522001,3000,0,2000,0.19999999999999998,0,0.19999999999999998
11,174,1,4000000,202.9833640966668,792349.2287957438,8000000000,524096,525696,519001,6695,5048,1600,0,1.5144837104515472,1.5144837104515472
11,176,1,2000000,239.01099577216112,413265.96685136034,5000000000,529840,530840,525001,5839,4839,1000,0,1.451849530633628,1.451849530633628
11,179,0,9000000,196.65448482045863,0,4000000000,534001,538001,534001,4000,0,4000,0.39999999999999997,0,0.39999999999999997
11,181,0,5000000,216.09767606339497,0,3000000000,540001,543001,540001,3000,0,3000,0.3,0,0.3
11,180,1,5000000,199.0843853746446,855890.0689592974,5000000000,542843,543843,537001,6842,5842,1000,0,1.7525615197567315,1.7525615197567315
11,178,1,8000000,211.87798965442354,668020.7400760782,9000000000,543843,545643,531001,14642,11976,1800,0,3.5927028249552158,3.5927028249552158
11,177,1,9000000,230.2563417150546,479573.25445967005,5000000000,549643,550643,528001,22642,18767,1000,0,5.630005374344865,5.630005374344865
11,183,0,9000000,171.01798881988992,0,9000000000,546001,555001,546001,9000,0,9000,0.8999999999999999,0,0.8999999999999999
11,184,0,4000000,148.72274641089703,0,6000000000,555001,561001,549001,12000,0,6000,0.6,0,0.6
11,182,1,4000000,192.8279847428791,971711.0473243196,4000000000,562781,563581,543001,20580,4116,800,0,1.2349350182899448,1.2349350182899448
11,186,0,10000000,107.28218118588009,0,4000000000,561001,565001,555001,10000,0,4000,0.39999999999999997,0,0.39999999999999997
11,185,1,7000000,127.32213672413765,4971400.91858733,6000000000,565981,567181,552001,15180,1408,1200,0,0.42241614273119915,0.42241614273119915
11,187,0,10000000,91.13675219141838,0,3000000000,565001,568001,558001,10000,0,3000,0.3,0,0.3
11,189,1,10000000,70.47115225395426,40788970.709611334,8000000000,573381,574981,564001,10980,245,1600,0,0.0735492940323962,0.0735492940323962
11,188,0,5000000,79.72111953554091,0,8000000000,568001,576001,561001,15000,0,8000,0.7999999999999999,0,0.7999999999999999
11,190,1,2000000,68.78449316524767,43891322.6078715,9000000000,577381,579181,567001,12180,46,1800,0,0.013670128042402521,0.013670128042402521
11,192,1,6000000,84.74827018883626,22364561.03094557,6000000000,581781,582981,573001,9980,268,1200,0,0.08048447709344092,0.08048447709344092
11,191,0,9000000,75.62384015639515,0,10000000000,576001,586001,570001,16000,0,10000,0.9999999999999999,0,0.9999999999999999
11,193,1,5000000,91.07118808931834,17387222.674718514,4000000000,585981,586781,576001,10780,288,800,0,0.0862702472995322,0.0862702472995322
11,194,1,7000000,108.67733940431187,9097377.391296355,9000000000,586781,588581,579001,9580,769,1800,0,0.2308357573479487,0.2308357573479487
11,195,1,3000000,128.80635426872388,4753448.379990211,2000000000,588581,588981,582001,6980,631,400,0,0.1893362308905211,0.1893362308905211
11,196,1,6000000,142.63096332844424,3196196.8313273517,6000000000,592381,593581,585001,8580,1877,1200,0,0.5631693212249623,0.5631693212249623
11,198,0,2000000,140.20791703751965,0,4000000000,591001,595001,591001,4000,0,4000,0.39999999999999997,0,0.39999999999999997
11,197,1,5000000,139.22500960675129,3512846.351145635,9000000000,593581,595381,588001,7380,1423,1800,0,0.42700415846847645,0.42700415846847645
11,199,1,9000000,148.02222974945354,2763706.3742869743,9000000000,601381,603181,594001,9180,3256,1800,0,0.9769489353573567,0.9769489353573567
11,202,0,6000000,141.41056431540036,0,2000000000,603001,605001,603001,2000,0,2000,0.19999999999999998,0,0.19999999999999998
11,200,1,9000000,140.86121183633196,3356124.1942965295,9000000000,606581,608381,597001,11380,2682,1800,0,0.8044994296064606,0.8044994296064606
11,203,0,8000000,151.10406116316,0,3000000000,606001,609001,606001,3000,0,3000,0.3,0,0.3
11,201,1,8000000,138.84574066207432,3550453.283510849,2000000000,611981,612381,600001,12380,2253,400,0,0.67597002646005,0.67597002646005
11,205,1,4000000,153.63632936255675,2387607.2361759976,5000000000,613676,614676,612001,2675,1675,1000,0,0.5025952266428566,0.5025952266428566
11,204,0,3000000,167.39862842926757,0,8000000000,609001,617001,609001,8000,0,8000,0.7999999999999999,0,0.7999999999999999
11,206,1,8000000,147.0673862554169,2834776.641318005,9000000000,617823,619623,615001,4622,2822,1800,0,0.8466275490700179,0.8466275490700179
11,208,1,5000000,174.62896094290895,1439921.8717622983,5000000000,624473,625473,621001,4472,3472,1000,0,1.041723186108822,1.041723186108822
11,207,0,8000000,159.29945699844677,0,9000000000,618001,627001,618001,9000,0,9000,0.8999999999999999,0,0.8999999999999999
11,209,0,6000000,191.328952853456,0,10000000000,627001,637001,624001,13000,0,10000,0.9999999999999999,0,0.9999999999999999
11,213,1,2000000,225.92688396912837,517268.5825034106,10000000000,640532,642532,636001,6531,3866,2000,0,1.1599389955140837,1.1599389955140837
11,210,0,3000000,210.25730546166525,0,8000000000,637001,645001,627001,18000,0,8000,0.7999999999999999,0,0.7999999999999999
11,214,1,4000000,211.47318813504467,673126.4811531357,4000000000,646532,647332,639001,8331,5942,800,0,1.782725882280363,1.782725882280363
11,215,1,5000000,196.27668735741392,905611.4870531581,3000000000,648132,648732,642001,6731,5521,600,0,1.6563394142459151,1.6563394142459151
11,217,1,2000000,179.83363256076436,1281734.368109394,6000000000,649561,650761,648001,2760,1560,1200,0,0.468115714869238,0.468115714869238
11,211,1,9000000,230.70685512138556,475850.5530659161,10000000000,648915,650915,630001,20914,18914,2000,0,5.674050355944398,5.674050355944398
11,216,1,9000000,185.4399665660022,1134780.71222077,6000000000,652932,654132,645001,9131,7931,1200,0,2.3793143211925853,2.3793143211925853
11,218,0,9000000,179.88042806264392,0,5000000000,651001,656001,651001,5000,0,5000,0.49999999999999994,0,0.49999999999999994
11,212,1,8000000,244.96947769058906,374601.7129611391,10000000000,654732,656732,633001,23731,21356,2000,0,6.406804659350221,6.406804659350221
11,219,1,2000000,185.5539783998177,1132016.011819446,7000000000,657332,658732,654001,4731,1767,1400,0,0.5300278385953596,0.5300278385953596
11,221,1,2000000,182.1949395565091,1217114.7953929114,5000000000,663309,664309,660001,4308,1643,1000,0,0.4929691120929204,0.4929691120929204
11,220,0,4000000,177.65012412041824,0,10000000000,657001,667001,657001,10000,0,10000,0.9999999999999999,0,0.9999999999999999
11,223,1,7000000,178.81055701495927,1311053.9038995113,8000000000,671340,672940,666001,6939,5339,1600,0,1.6017648044477042,1.6017648044477042
11,222,0,8000000,184.54139183391888,0,8000000000,667001,675001,663001,12000,0,8000,0.7999999999999999,0,0.7999999999999999
11,225,1,4000000,173.6780101221798,1471396.11176465,9000000000,674720,676520,672001,4519,2719,1800,0,0.8155519716311036,0.8155519716311036
11,226,1,8000000,180.56640662094372,1261234.2859544607,5000000000,681344,682344,675001,7343,6343,1000,0,1.9028978412077964,1.9028978412077964
11,224,0,5000000,173.5244559132804,0,10000000000,675001,685001,669001,16000,0,10000,0.9999999999999999,0,0.9999999999999999
11,227,0,6000000,193.53104815506995,0,2000000000,685001,687001,678001,9000,0,2000,0.19999999999999998,0,0.19999999999999998
11,228,1,6000000,211.27228805501207,675678.4844618726,8000000000,689881,691481,681001,10480,8880,1600,0,2.663988925788521,2.663988925788521
11,229,0,3000000,230.86651576181416,0,5000000000,687001,692001,684001,8000,0,5000,0.49999999999999994,0,0.49999999999999994
11,230,0,2000000,246.87485615185682,0,4000000000,692001,696001,687001,9000,0,4000,0.39999999999999997,0,0.39999999999999997
11,232,1,3000000,205.03398791419926,761287.433660014,3000000000,696942,697542,693001,4541,3941,600,0,1.1822078760358656,1.1822078760358656
11,233,0,5000000,185.54510098625622,0,6000000000,696001,702001,696001,6000,0,6000,0.6,0,0.6
11,231,1,8000000,224.50377324223305,530460.9415714932,8000000000,705082,706682,690001,16681,15081,1600,0,4.5243670398992775,4.5243670398992775
11,235,1,9000000,153.8199028084467,2376415.208407538,3000000000,706682,707282,702001,5281,3787,600,0,1.1361650903628493,1.1361650903628493
11,234,0,2000000,168.05536290163423,0,8000000000,702001,710001,699001,11000,0,8000,0.7999999999999999,0,0.7999999999999999
11,236,1,10000000,151.33180928013778,2533815.830079764,4000000000,712082,712882,705001,7881,3947,800,0,1.1839850254252933,1.1839850254252933
11,239,1,4000000,146.51143470732922,2877197.762590725,7000000000,715391,716791,714001,2790,1390,1400,0,0.41707247781239754,0.41707247781239754
11,237,0,10000000,172.76562302726782,0,8000000000,710001,718001,708001,10000,0,8000,0.7999999999999999,0,0.7999999999999999
11,238,1,3000000,167.64324501750735,1692376.7808299027,6000000000,717462,718662,711001,7661,1773,1200,0,0.531796471208179,0.531796471208179
11,240,1,3000000,122.15304662594377,5832473.999270509,5000000000,718391,719391,717001,2390,514,1000,0,0.15430844614353473,0.15430844614353473
11,241,1,8000000,103.81762567117391,10793555.635105768,4000000000,722175,722975,720001,2974,741,800,0,0.2223549014927074,0.2223549014927074
11,242,0,4000000,95.01578184701745,0,2000000000,723001,725001,723001,2000,0,2000,0.19999999999999998,0,0.19999999999999998
11,243,1,9000000,98.11504726595207,13291604.792750217,10000000000,728175,730175,726001,4174,677,2000,0,0.2031357418535864,0.2031357418535864
11,244,1,7000000,112.24437001471382,8054094.881676645,4000000000,731375,732175,729001,3174,869,800,0,0.2607369333055134,0.2607369333055134
11,245,1,7000000,130.79721709577768,4479178.396234988,10000000000,733975,735975,732001,3974,1563,2000,0,0.46883598156420225,0.46883598156420225
11,246,0,10000000,148.50185520726663,0,5000000000,735001,740001,735001,5000,0,5000,0.49999999999999994,0,0.49999999999999994
11,247,1,4000000,165.49366181216735,1780935.4278203342,4000000000,740814,741614,738001,3613,2246,800,0,0.6738032054697602,0.6738032054697602
11,248,1,8000000,158.9421076996276,2088752.5825935036,5000000000,746014,747014,741001,6013,3830,1000,0,1.1490111466529154,1.1490111466529154
11,249,1,2000000,170.7367716691398,1574308.3331269254,10000000000,748214,750214,744001,6213,1270,2000,0,0.3811197510517314,0.3811197510517314
11,250,0,8000000,186.29176256614252,0,9000000000,747001,756001,747001,9000,0,9000,0.8999999999999999,0,0.8999999999999999
11,251,0,3000000,203.829005296106,0,6000000000,756001,762001,750001,12000,0,6000,0.6,0,0.6
11,252,1,7000000,225.17179952205387,524216.656145071,5000000000,766354,767354,753001,14353,13353,1000,0,4.00597725269311,4.00597725269311
11,255,0,2000000,208.92671466330003,0,7000000000,762001,769001,762001,7000,0,7000,0.7,0,0.7
11,253,1,5000000,247.63760336427103,358755.88661928434,3000000000,769938,770538,756001,14537,13937,600,0,4.181116062331867,4.181116062331867
11,254,1,5000000,230.30792648104833,479145.1595725296,9000000000,771212,773012,759001,14011,10435,1800,0,3.1305752965097846,3.1305752965097846
11,256,1,9000000,188.9450639736323,1053485.2174201512,8000000000,773544,775144,765001,10143,8543,1600,0,2.5629215819581694,2.5629215819581694
11,257,0,8000000,171.12160003927036,0,7000000000,769001,776001,768001,8000,0,7000,0.7,0,0.7
11,260,1,10000000,138.9902618890978,3536064.8717523287,2000000000,781238,781638,777001,4637,2828,400,0,0.8484007247619648,0.8484007247619648
11,261,1,9000000,137.61524988169006,3675927.42695534,3000000000,783038,783638,780001,3637,2448,600,0,0.7345085161913354,0.7345085161913354
11,258,0,7000000,157.4637586875151,0,8000000000,776001,784001,771001,13000,0,8000,0.7999999999999999,0,0.7999999999999999
11,262,1,10000000,138.78083909531608,3556938.2911203597,6000000000,785812,787012,783001,4011,2811,1200,0,0.8434219979270611,0.8434219979270611
11,259,0,4000000,145.90868548513484,0,4000000000,784001,788001,774001,14000,0,4000,0.39999999999999997,0,0.39999999999999997
11,263,0,7000000,141.86698171174294,0,2000000000,788001,790001,786001,4000,0,2000,0.19999999999999998,0,0.19999999999999998
11,265,1,2000000,148.13716650456092,2755300.6798838573,5000000000,792727,793727,792001,1726,726,1000,0,0.2177620774315243,0.2177620774315243
11,264,0,7000000,160.13943455626418,0,4000000000,790001,794001,789001,5000,0,4000,0.39999999999999997,0,0.39999999999999997
11,266,1,2000000,121.47317810940822,5958855.048335572,4000000000,795337,796137,795001,1136,336,800,0,0.10069048418413737,0.10069048418413737
11,267,1,3000000,94.94396241994538,14976580.28704151,7000000000,798201,799601,798001,1600,200,1400,0,0.06009382534267354,0.06009382534267354
11,268,1,7000000,152.11571943753876,2482869.042084337,9000000000,803820,805620,801001,4619,2819,1800,0,0.8457957163286697,0.8457957163286697
11,269,0,3000000,167.2949443348483,0,3000000000,804001,807001,804001,3000,0,3000,0.3,0,0.3
11,270,1,5000000,144.11940743702777,3068914.839746647,3000000000,809597,810197,807001,3196,1629,600,0,0.4887721159847602,0.4887721159847602
11,271,1,3000000,120.57376870613274,6131220.527170631,7000000000,810490,811890,810001,1889,489,1400,0,0.14678969644161896,0.14678969644161896
11,273,1,8000000,75.02749162806923,33529533.367126986,9000000000,816240,818040,816001,2039,239,1800,0,0.07157868777121149,0.07157868777121149
11,272,0,4000000,97.13065942327378,0,8000000000,813001,821001,813001,8000,0,8000,0.7999999999999999,0,0.7999999999999999
11,274,0,5000000,75.51606782665533,0,8000000000,821001,829001,819001,10000,0,8000,0.7999999999999999,0,0.7999999999999999
11,275,0,2000000,93.8678358118478,0,2000000000,829001,831001,822001,9000,0,2000,0.19999999999999998,0,0.19999999999999998
11,276,0,10000000,116.64195514479347,0,4000000000,831001,835001,825001,10000,0,4000,0.39999999999999997,0,0.39999999999999997
11,279,1,7000000,105.02641429659484,10338511.115753425,5000000000,834678,835678,834001,1677,677,1000,0,0.20312402593445983,0.20312402593445983
11,281,1,2000000,112.46645455423588,7994054.07610201,10000000000,841859,843859,840001,3858,250,2000,0,0.07505578449784102,0.07505578449784102
11,277,0,2000000,118.03541883688983,0,10000000000,835001,845001,828001,17000,0,10000,0.9999999999999999,0,0.9999999999999999
11,282,1,8000000,122.69717233905602,5733676.5668702945,5000000000,848059,849059,843001,6058,1395,1000,0,0.41857959234523595,0.41857959234523595
11,278,0,5000000,109.16500629780586,0,5000000000,845001,850001,831001,19000,0,5000,0.49999999999999994,0,0.49999999999999994
11,280,0,10000000,106.17463209260495,0,3000000000,850001,853001,837001,16000,0,3000,0.3,0,0.3
11,284,1,6000000,152.88392884799885,2434166.6008967515,4000000000,854259,855059,849001,6058,2465,800,0,0.7394728032735626,0.7394728032735626
11,283,0,3000000,136.47095258698826,0,7000000000,853001,860001,846001,14000,0,7000,0.7,0,0.7
11,288,1,6000000,164.0321828178849,1844443.6819543105,7000000000,864254,865654,861001,4653,3253,1400,0,0.9759040178948595,0.9759040178948595
11,289,1,2000000,146.44904950186606,2882006.768781594,10000000000,865654,867654,864001,3653,694,2000,0,0.2081882688477022,0.2081882688477022
11,285,0,3000000,171.03187831512582,0,8000000000,860001,868001,852001,16000,0,8000,0.7999999999999999,0,0.7999999999999999
11,287,1,10000000,182.64066168298888,1205375.4266915044,10000000000,867654,869654,858001,11653,8296,2000,0,2.488851135977073,2.488851135977073
11,290,1,5000000,130.71560656631638,4490033.581079657,3000000000,871054,871654,867001,4653,1114,600,0,0.3340732252695793,0.3340732252695793
11,286,0,10000000,190.41858995381733,0,10000000000,868001,878001,855001,23000,0,10000,0.9999999999999999,0,0.9999999999999999
11,291,0,9000000,117.72367391480783,0,2000000000,878001,880001,870001,10000,0,2000,0.19999999999999998,0,0.19999999999999998
11,294,1,7000000,104.60313809824244,10495189.89400918,7000000000,880651,882051,879001,3050,667,1400,0,0.20009166305782738,0.20009166305782738
11,292,0,10000000,108.45338630029032,0,8000000000,880001,888001,873001,15000,0,8000,0.7999999999999999,0,0.7999999999999999
11,297,1,4000000,134.6025475241832,4006957.344358755,2000000000,890133,890533,888001,2532,998,400,0,0.29947910518424536,0.29947910518424536
11,298,1,10000000,150.90073724140643,2562382.7103684866,2000000000,894904,895304,891001,4303,3903,400,0,1.170785295990614,1.170785295990614
11,293,0,3000000,103.91564704124201,0,8000000000,888001,896001,876001,20000,0,8000,0.7999999999999999,0,0.7999999999999999
11,295,0,6000000,110.47360680271109,0,3000000000,896001,899001,882001,17000,0,3000,0.3,0,0.3
11,296,0,3000000,120.81242030519877,0,6000000000,899001,905001,885001,20000,0,6000,0.6,0,0.6
11,300,1,10000000,185.89579070005865,1123777.3963676963,6000000000,911495,912695,897001,15694,8899,1200,0,2.669567842970219,2.669567842970219
11,299,0,7000000,168.42337515915057,0,9000000000,905001,914001,894001,20000,0,9000,0.8999999999999999,0,0.8999999999999999
11,302,0,5000000,219.2214451188569,0,6000000000,914001,920001,903001,17000,0,6000,0.6,0,0.6
11,301,1,10000000,201.8462347927253,810255.1701337897,6000000000,921695,922895,900001,22894,12342,1200,0,3.7025373124180607,3.7025373124180607
11,303,0,6000000,236.56384508204118,0,6000000000,920001,926001,906001,20000,0,6000,0.6,0,0.6
11,304,1,5000000,238.86578197808075,414268.94875327795,9000000000,929095,930895,909001,21894,12069,1800,0,3.620836185077777,3.620836185077777
11,305,0,9000000,227.0350380447916,0,10000000000,926001,936001,912001,24000,0,10000,0.9999999999999999,0,0.9999999999999999
11,308,1,9000000,183.11558371695187,1193021.554114794,2000000000,939695,940095,921001,19094,7544,400,0,2.2631611228544517,2.2631611228544517
11,309,1,10000000,168.1006915512248,1674241.4812455901,3000000000,940095,940695,924001,16694,5973,600,0,1.7918562128612903,1.7918562128612903
11,306,0,8000000,220.42744339124377,0,6000000000,936001,942001,915001,27000,0,6000,0.6,0,0.6
11,311,1,8000000,145.67647236256104,2942392.1926737963,5000000000,942295,943295,930001,13294,2719,1000,0,0.8156628494242584,0.8156628494242584
11,307,0,8000000,200.87652575649545,0,4000000000,942001,946001,918001,28000,0,4000,0.39999999999999997,0,0.39999999999999997
11,312,1,9000000,141.0439296815003,3339162.5537377736,9000000000,949295,951095,933001,18094,2695,1800,0,0.8085859722455526,0.8085859722455526
11,310,0,8000000,155.0167336128587,0,8000000000,946001,954001,927001,27000,0,8000,0.7999999999999999,0,0.7999999999999999
11,314,1,2000000,145.5372955637145,2953435.912868947,4000000000,954495,955295,939001,16294,677,800,0,0.20315321466283798,0.20315321466283798
11,313,0,5000000,140.81360303607033,0,7000000000,954001,961001,936001,25000,0,7000,0.7,0,0.7
11,316,1,3000000,166.62243216325948,1733733.8367829632,8000000000,962695,964295,945001,19294,1730,1600,0,0.5191108236486857,0.5191108236486857
11,315,0,6000000,154.73237347110006,0,10000000000,961001,971001,942001,29000,0,10000,0.9999999999999999,0,0.9999999999999999
11,323,1,4000000,199.20351226823288,853856.6194414865,7000000000,970686,972086,966001,6085,4685,1400,0,1.4053881795575096,1.4053881795575096
11,324,1,4000000,190.62742850912088,1017042.3973981262,3000000000,974886,975486,969001,6485,3933,600,0,1.179891814805292,1.179891814805292
11,317,0,4000000,182.3720197837377,0,5000000000,971001,976001,948001,28000,0,5000,0.49999999999999994,0,0.49999999999999994
11,319,1,6000000,218.94706620551003,586169.9522390368,9000000000,976695,978495,954001,24494,10236,1800,0,3.070781764101702,3.070781764101702
11,320,1,3000000,239.51357059674092,409818.0245604043,3000000000,978495,979095,957001,22094,7320,600,0,2.1960966723349826,2.1960966723349826
11,318,0,9000000,200.35835146057678,0,8000000000,976001,984001,951001,33000,0,8000,0.7999999999999999,0,0.7999999999999999
11,322,0,10000000,219.8009738376971,0,2000000000,984001,986001,963001,23000,0,2000,0.19999999999999998,0,0.19999999999999998
11,321,1,10000000,240.7926327776662,401203.51722740853,10000000000,984926,986926,960001,26925,24925,2000,0,7.4775017445810485,7.4775017445810485
11,330,1,10000000,141.17101189691886,3327427.8386718635,10000000000,990326,992326,987001,5325,3005,2000,0,0.9015973134363883,0.9015973134363883
11,325,0,3000000,175.15710119775332,0,9000000000,986001,995001,972001,23000,0,9000,0.8999999999999999,0,0.8999999999999999
12,2,1,2000000,137.76533744015586,3660333.691355762,8000000000,3547,5147,3001,2146,546,1600,0,0.1639194812803431,0.1639194812803431
12,1,0,3000000,132.78421743565764,0,8000000000,1,8001,1,8000,0,8000,0.7999999999999999,0,0.7999999999999999
12,3,1,4000000,152.23711636785558,2475093.11608453,7000000000,7617,9017,6001,3016,1616,1400,0,0.4848302442448461,0.4848302442448461
12,4,0,10000000,169.86847147131215,0,10000000000,9001,19001,9001,10000,0,10000,0.9999999999999999,0,0.9999999999999999
12,5,1,6000000,188.09489227514925,1072519.5070882235,9000000000,17595,19395,12001,7394,5594,1800,0,1.6782911528451439,1.6782911528451439
12,6,1,8000000,208.5456125167825,711537.6472218834,10000000000,26244,28244,15001,13243,11243,2000,0,3.372976833159177,3.372976833159177
12,8,1,5000000,223.98403737766668,535383.372795953,8000000000,30340,31940,21001,10939,9339,1600,0,2.801730640543603,2.801730640543603
12,9,1,4000000,217.19726149286504,605208.8923232022,7000000000,31940,33340,24001,9339,6609,1400,0,1.9827864646759998,1.9827864646759998
12,7,1,8000000,229.93741235388387,482230.6268162032,7000000000,34591,35991,18001,17990,16590,1400,0,4.976871784036922,4.976871784036922
12,12,0,10000000,210.23327424553895,0,8000000000,33001,41001,33001,8000,0,8000,0.7999999999999999,0,0.7999999999999999
12,11,1,5000000,229.24244284163439,488085.14873895864,10000000000,40245,42245,30001,12244,10244,2000,0,3.0732342581524463,3.0732342581524463
12,10,1,8000000,235.57304875558245,437849.3210734922,5000000000,45272,46272,27001,19271,18271,1000,0,5.481337721652341,5.481337721652341
12,13,1,10000000,194.4787456253253,939347.857752266,10000000000,46647,48647,36001,12646,10646,2000,0,3.19370505318296,3.19370505318296
12,14,0,6000000,182.96439435037627,0,10000000000,41001,51001,39001,12000,0,10000,0.9999999999999999,0,0.9999999999999999
12,15,0,6000000,176.4916592930102,0,6000000000,51001,57001,42001,15000,0,6000,0.6,0,0.6
12,18,1,8000000,189.97961601182374,1030886.4233844372,3000000000,58761,59361,51001,8360,7760,600,0,2.3280935179267503,2.3280935179267503
12,16,0,6000000,175.49893589420986,0,10000000000,57001,67001,45001,22000,0,10000,0.9999999999999999,0,0.9999999999999999
12,19,1,9000000,204.6098739064173,767585.483666734,7000000000,68270,69670,54001,15669,11725,1400,0,3.5175235298903478,3.5175235298903478
12,17,0,3000000,180.09633672010105,0,6000000000,67001,73001,48001,25000,0,6000,0.6,0,0.6
12,24,1,3000000,193.80507759086186,952390.5448480737,6000000000,72151,73351,69001,4350,3150,1200,0,0.9449904819703653,0.9449904819703653
12,20,0,6000000,222.7587969082254,0,2000000000,73001,75001,57001,18000,0,2000,0.19999999999999998,0,0.19999999999999998
12,21,1,6000000,241.48568694645232,396630.13989313506,4000000000,75128,75928,60001,15927,15127,800,0,4.538233026075573,4.538233026075573
12,26,1,3000000,180.81135611459806,1254472.628404587,8000000000,77392,78992,75001,3991,2391,1600,0,0.7174329512032493,0.7174329512032493
12,22,0,10000000,221.91041660994645,0,8000000000,75001,83001,63001,20000,0,8000,0.7999999999999999,0,0.7999999999999999
12,23,0,3000000,207.69813672731874,0,4000000000,83001,87001,66001,21000,0,4000,0.39999999999999997,0,0.39999999999999997
12,30,1,2000000,213.23541661740902,651248.1939303726,4000000000,90072,90872,87001,3871,3071,800,0,0.9213077373449856,0.9213077373449856
12,25,0,10000000,184.56911388420332,0,5000000000,87001,92001,72001,20000,0,5000,0.49999999999999994,0,0.49999999999999994
12,27,0,10000000,181.67775097683256,0,6000000000,92001,98001,78001,20000,0,6000,0.6,0,0.6
12,34,1,3000000,130.63182843396172,4501210.680903987,4000000000,99667,100467,99001,1466,666,800,0,0.199946206432455,0.199946206432455
12,28,0,10000000,184.09292680600194,0,3000000000,98001,101001,81001,20000,0,3000,0.3,0,0.3
12,35,1,3000000,112.00285710641487,8120008.374525815,6000000000,102370,103570,102001,1569,369,1200,0,0.11083732411206501,0.11083732411206501
12,29,0,6000000,195.72959714871942,0,3000000000,101001,104001,84001,20000,0,3000,0.3,0,0.3
12,36,1,3000000,96.89810008457333,13910340.63132446,8000000000,105217,106817,105001,1816,216,1600,0,0.0647000690963171,0.0647000690963171
12,31,0,7000000,212.422417366906,0,6000000000,104001,110001,90001,20000,0,6000,0.6,0,0.6
12,38,1,8000000,97.1190429318576,13795516.00601228,4000000000,113206,114006,111001,3005,580,800,0,0.1739695709065211,0.1739695709065211
12,32,0,9000000,184.2188204283156,0,6000000000,110001,116001,93001,23000,0,6000,0.6,0,0.6
12,39,1,6000000,112.40946801760073,8009408.664303194,9000000000,117206,119006,114001,5005,749,1800,0,0.22473569216443487,0.22473569216443487
12,40,1,4000000,134.07824730358016,4068256.168580073,3000000000,122206,122806,117001,5805,983,600,0,0.2949666762058475,0.2949666762058475
12,33,0,7000000,156.34465325043894,0,8000000000,116001,124001,96001,28000,0,8000,0.7999999999999999,0,0.7999999999999999
12,41,1,6000000,159.6242099432289,2053778.552820192,2000000000,128606,129006,120001,9005,2921,400,0,0.8764333416220993,0.8764333416220993
12,37,0,4000000,91.45726105673624,0,6000000000,124001,130001,108001,22000,0,6000,0.6,0,0.6
12,42,0,2000000,160.5617849925691,0,10000000000,130001,140001,123001,17000,0,10000,0.9999999999999999,0,0.9999999999999999
12,44,1,8000000,142.16604693104463,3237282.7116932757,3000000000,139414,140014,129001,11013,2471,600,0,0.741362498656989,0.741362498656989
12,43,0,10000000,148.02994629466025,0,4000000000,140001,144001,126001,18000,0,4000,0.39999999999999997,0,0.39999999999999997
12,48,1,3000000,145.34274835711616,2968959.2086826353,3000000000,143614,144214,141001,3213,1010,600,0,0.30313653261653983,0.30313653261653983
12,45,0,4000000,143.93993504236408,0,4000000000,144001,148001,132001,16000,0,4000,0.39999999999999997,0,0.39999999999999997
12,50,1,2000000,145.59754187485444,2948649.078405443,9000000000,151414,153214,147001,6213,678,1800,0,0.2034830134226977,0.2034830134226977
12,46,0,6000000,145.34274835711616,0,10000000000,148001,158001,135001,23000,0,10000,0.9999999999999999,0,0.9999999999999999
12,47,0,2000000,145.34274835711616,0,5000000000,158001,163001,138001,25000,0,5000,0.49999999999999994,0,0.49999999999999994
12,53,1,9000000,180.96193909217487,1250338.258970312,8000000000,163199,164799,156001,8798,7198,1600,0,2.1594156466295162,2.1594156466295162
12,49,0,6000000,145.34274835711616,0,4000000000,163001,167001,144001,23000,0,4000,0.39999999999999997,0,0.39999999999999997
12,51,0,3000000,149.90465369694164,0,3000000000,167001,170001,150001,20000,0,3000,0.3,0,0.3
12,55,1,9000000,189.99266091088887,1030605.3425426171,4000000000,171101,171901,162001,9900,8733,800,0,2.619819526006727,2.619819526006727
12,52,0,4000000,162.53948351093035,0,10000000000,170001,180001,153001,27000,0,10000,0.9999999999999999,0,0.9999999999999999
12,54,0,4000000,202.77701694225607,0,3000000000,180001,183001,159001,24000,0,3000,0.3,0,0.3
12,62,1,4000000,152.78258670411367,2440523.312391394,3000000000,184640,185240,183001,2239,1639,600,0,0.49169782312964544,0.49169782312964544
12,63,1,5000000,133.1340414770017,4181583.0411601174,5000000000,187197,188197,186001,2196,1196,1000,0,0.35871582250913464,0.35871582250913464
12,56,0,5000000,174.13055561847844,0,8000000000,183001,191001,165001,26000,0,8000,0.7999999999999999,0,0.7999999999999999
12,64,1,8000000,119.4330013019852,6358670.550573958,8000000000,190259,191859,189001,2858,1258,1600,0,0.3774373874084995,0.3774373874084995
12,57,0,7000000,162.6346878743892,0,3000000000,191001,194001,168001,26000,0,3000,0.3,0,0.3
12,58,0,2000000,155.56335204668227,0,3000000000,194001,197001,171001,26000,0,3000,0.3,0,0.3
12,59,0,3000000,155.19674738859703,0,2000000000,197001,199001,174001,25000,0,2000,0.19999999999999998,0,0.19999999999999998
12,60,0,6000000,161.4589532977345,0,10000000000,199001,209001,177001,32000,0,10000,0.9999999999999999,0,0.9999999999999999
12,69,1,10000000,170.4916209084775,1583283.841356484,10000000000,211833,213833,204001,9832,6316,2000,0,1.894796069812561,1.894796069812561
12,61,0,5000000,173.35734308070136,0,6000000000,209001,215001,180001,35000,0,6000,0.6,0,0.6
12,70,1,4000000,197.4833101808859,883814.1703744173,2000000000,214833,215233,207001,8232,4526,400,0,1.3577514824090615,1.3577514824090615
12,71,1,3000000,200.9813548566135,824212.5963153858,2000000000,215233,215633,210001,5632,3640,400,0,1.091951280559675,1.091951280559675
12,65,0,2000000,113.59939128358036,0,6000000000,215001,221001,192001,29000,0,6000,0.6,0,0.6
12,66,0,4000000,116.9373584445963,0,9000000000,221001,230001,195001,35000,0,9000,0.8999999999999999,0,0.8999999999999999
12,76,1,4000000,232.2399640458119,463449.187372028,6000000000,233749,234949,225001,9948,8631,1200,0,2.5892806216892015,2.5892806216892015
12,67,0,10000000,128.95568230985404,0,6000000000,230001,236001,198001,38000,0,6000,0.6,0,0.6
12,79,1,2000000,223.1033168735956,543855.4821957992,8000000000,237678,239278,234001,5277,3677,1600,0,1.1032342591776754,1.1032342591776754
12,68,0,6000000,147.59342973181427,0,5000000000,236001,241001,201001,40000,0,5000,0.49999999999999994,0,0.49999999999999994
12,78,1,6000000,238.98859658987917,413420.4786856748,2000000000,246149,246549,231001,15548,14513,400,0,4.35392074848945,4.35392074848945
12,72,0,7000000,191.20536237250252,0,6000000000,241001,247001,213001,34000,0,6000,0.6,0,0.6
12,73,0,2000000,195.84026399083515,0,2000000000,247001,249001,216001,33000,0,2000,0.19999999999999998,0,0.19999999999999998
12,81,1,8000000,199.71652034821756,845168.2200305838,9000000000,249467,251267,240001,11266,9466,1800,0,2.839671373248218,2.839671373248218
12,74,0,5000000,204.67714112719085,0,10000000000,249001,259001,219001,40000,0,10000,0.9999999999999999,0,0.9999999999999999
12,85,1,6000000,197.98200650564183,874996.3985965408,6000000000,259498,260698,252001,8697,6857,1200,0,2.057151324150737,2.057151324150737
12,75,0,5000000,216.94801082286975,0,8000000000,259001,267001,222001,45000,0,8000,0.7999999999999999,0,0.7999999999999999
12,77,0,2000000,249.90821074946697,0,6000000000,267001,273001,228001,45000,0,6000,0.6,0,0.6
12,90,1,2000000,233.67389670222045,452212.95952568203,10000000000,271424,273424,267001,6423,4423,2000,0,1.326808503297493,1.326808503297493
12,87,1,9000000,218.7273867168901,588518.7936098755,7000000000,275579,276979,258001,18978,15293,1400,0,4.587788919090677,4.587788919090677
12,80,0,4000000,209.84444715074068,0,5000000000,273001,278001,237001,41000,0,5000,0.49999999999999994,0,0.49999999999999994
12,82,0,2000000,193.18292367598124,0,3000000000,278001,281001,243001,38000,0,3000,0.3,0,0.3
12,91,1,8000000,218.09928839865572,595299.5556151636,4000000000,283440,284240,270001,14239,13439,800,0,4.031583725138038,4.031583725138038
12,83,0,5000000,190.72383831078903,0,8000000000,281001,289001,246001,43000,0,8000,0.7999999999999999,0,0.7999999999999999
12,99,1,2000000,162.66544224265954,1906396.1802129655,2000000000,295050,295450,294001,1449,1049,400,0,0.3147299633872396,0.3147299633872396
12,84,0,6000000,192.29771839520092,0,8000000000,289001,297001,249001,48000,0,8000,0.7999999999999999,0,0.7999999999999999
12,97,1,7000000,197.63939688230178,881042.4505008596,9000000000,295946,297746,288001,9745,7945,1800,0,2.3835400880016406,2.3835400880016406
12,100,1,9000000,141.84161448601745,3266339.978508362,6000000000,299756,300956,297001,3955,2755,1200,0,0.826613279011148,0.826613279011148
12,101,1,8000000,121.95976795648635,5868067.117748603,4000000000,301364,302164,300001,2163,1363,800,0,0.4089932769754696,0.4089932769754696
12,86,0,5000000,206.79771468756613,0,7000000000,297001,304001,255001,49000,0,7000,0.7,0,0.7
12,105,1,2000000,64.37436213276213,53237803.179690845,5000000000,312039,313039,312001,1038,38,1000,0,0.011270187050634876,0.011270187050634876
12,88,0,2000000,234.0744892123018,0,10000000000,304001,314001,261001,53000,0,10000,0.9999999999999999,0,0.9999999999999999
12,89,0,2000000,251.59575532985448,0,6000000000,314001,320001,264001,56000,0,6000,0.6,0,0.6
12,92,0,3000000,205.33306626064882,0,7000000000,320001,327001,273001,54000,0,7000,0.7,0,0.7
12,110,1,3000000,79.50217607084726,27758288.193058666,5000000000,327659,328659,327001,1658,108,1000,0,0.03242274861261283,0.03242274861261283
12,111,1,5000000,95.31315963706166,14767949.855562925,9000000000,330340,332140,330001,2139,339,1800,0,0.10157130913028976,0.10157130913028976
12,112,1,8000000,122.27936048246244,5809355.052909261,7000000000,334378,335778,333001,2777,1377,1400,0,0.4131267547157591,0.4131267547157591
12,93,0,5000000,195.8548536544346,0,10000000000,327001,337001,276001,61000,0,10000,0.9999999999999999,0,0.9999999999999999
12,94,0,10000000,190.24333523148715,0,10000000000,337001,347001,279001,68000,0,10000,0.9999999999999999,0,0.9999999999999999
12,95,0,8000000,188.81925352039713,0,2000000000,347001,349001,282001,67000,0,2000,0.19999999999999998,0,0.19999999999999998
12,96,0,5000000,191.67596458606909,0,4000000000,349001,353001,285001,68000,0,4000,0.39999999999999997,0,0.39999999999999997
12,98,0,7000000,183.94409639887874,0,2000000000,353001,355001,291001,64000,0,2000,0.19999999999999998,0,0.19999999999999998
12,119,1,5000000,20.541930289045407,336601188.5921458,6000000000,354016,355216,354001,1215,15,1200,0,0.0044563122497393364,0.0044563122497393364
12,122,1,4000000,101.70164698764721,11649159.311107283,5000000000,363741,364741,363001,1740,343,1000,0,0.1030117253917044,0.1030117253917044
12,102,0,10000000,103.28835849213596,0,10000000000,355001,365001,303001,62000,0,10000,0.9999999999999999,0,0.9999999999999999
12,123,1,4000000,129.05545164773167,4718025.824678644,8000000000,366849,368449,366001,2448,848,1600,0,0.2543436692786087,0.2543436692786087
12,103,0,4000000,86.26768572298664,0,5000000000,365001,370001,306001,64000,0,5000,0.49999999999999994,0,0.49999999999999994
12,124,1,4000000,156.44312225214628,2223359.7790144137,2000000000,371756,372156,369001,3155,1799,400,0,0.5397237151298763,0.5397237151298763
12,104,0,9000000,72.55744276089116,0,6000000000,370001,376001,309001,67000,0,6000,0.6,0,0.6
12,106,0,9000000,61.76849763431199,0,6000000000,376001,382001,315001,67000,0,6000,0.6,0,0.6
12,107,0,9000000,71.20191359788019,0,9000000000,382001,391001,318001,73000,0,9000,0.8999999999999999,0,0.8999999999999999
12,108,0,2000000,89.77823455604374,0,5000000000,391001,396001,321001,75000,0,5000,0.49999999999999994,0,0.49999999999999994
12,109,0,8000000,112.53552550194982,0,8000000000,396001,404001,324001,80000,0,8000,0.7999999999999999,0,0.7999999999999999
12,136,1,3000000,195.56294945617896,918820.4230258825,6000000000,408266,409466,405001,4465,3265,1200,0,0.9795167558815219,0.9795167558815219
12,113,0,6000000,123.7223718653987,0,7000000000,404001,411001,336001,75000,0,7000,0.7,0,0.7
12,127,1,7000000,94.6819032339338,15126773.82028933,6000000000,410579,411779,378001,33778,463,1200,0,0.13882669397643133,0.13882669397643133
12,128,1,9000000,70.22866223985764,41220207.29425396,2000000000,411779,412179,381001,31178,218,400,0,0.06550185399907914,0.06550185399907914
12,137,1,3000000,176.2100783156287,1389420.0253559907,7000000000,412266,413666,408001,5665,2159,1400,0,0.6477522876996149,0.6477522876996149
12,129,1,7000000,70.22082312248983,41234229.28286591,4000000000,413579,414379,384001,30378,170,800,0,0.050928561938045354,0.050928561938045354
12,114,0,9000000,100.02399712069095,0,4000000000,411001,415001,339001,76000,0,4000,0.39999999999999997,0,0.39999999999999997
12,130,1,2000000,90.2592322147712,17948536.940789446,5000000000,416979,417979,387001,30978,111,1000,0,0.033428908550002946,0.033428908550002946
12,140,1,5000000,140.14355283066004,3423780.7842878825,2000000000,418461,418861,417001,1860,1460,400,0,0.43811216152730037,0.43811216152730037
12,115,0,4000000,72.64618916364435,0,10000000000,415001,425001,342001,83000,0,10000,0.9999999999999999,0,0.9999999999999999
12,141,1,6000000,148.31342656684865,2742471.4995346237,7000000000,424142,425542,420001,5541,2188,1400,0,0.6563422811524007,0.6563422811524007
12,133,1,5000000,165.36349808830244,1786480.4642905304,3000000000,426579,427179,396001,31178,2799,600,0,0.8396397441691023,0.8396397441691023
12,142,1,10000000,140.75315271779883,3366205.2793624443,5000000000,427942,428942,423001,5941,2971,1000,0,0.8912112456101301,0.8912112456101301
12,134,1,7000000,184.59392866505658,1155561.1551864753,2000000000,428779,429179,399001,30178,6058,400,0,1.8172988859781452,1.8172988859781452
12,143,1,2000000,138.79485941489335,3555536.136797724,7000000000,429942,431342,426001,5341,563,1400,0,0.1687509216374853,0.1687509216374853
12,116,0,9000000,58.188618302894966,0,10000000000,425001,435001,345001,90000,0,10000,0.9999999999999999,0,0.9999999999999999
12,117,0,2000000,36.350544700182986,0,2000000000,435001,437001,348001,89000,0,2000,0.19999999999999998,0,0.19999999999999998
12,146,1,4000000,147.7856518745984,2781108.048667043,8000000000,438342,439942,435001,4941,1438,1600,0,0.43148269646522647,0.43148269646522647
12,118,0,3000000,10.95869061521498,0,6000000000,437001,443001,351001,92000,0,6000,0.6,0,0.6
12,148,1,6000000,101.42656160986624,11766240.912846994,8000000000,445142,446742,441001,5741,510,1600,0,0.15298003953281855,0.15298003953281855
12,149,1,3000000,86.59785216736036,20755780.387042977,10000000000,448542,450542,444001,6541,145,2000,0,0.04336141466219381,0.04336141466219381
12,120,0,3000000,47.185647182167585,0,8000000000,443001,451001,357001,94000,0,8000,0.7999999999999999,0,0.7999999999999999
12,150,1,6000000,83.64600289314481,23391057.26748111,5000000000,453342,454342,447001,7341,257,1000,0,0.07695248570497108,0.07695248570497108
12,121,0,4000000,74.3892572889392,0,5000000000,451001,456001,360001,96000,0,5000,0.49999999999999994,0,0.49999999999999994
12,151,1,5000000,77.33570714747495,30401697.708251208,9000000000,457542,459342,450001,9341,164,1800,0,0.049339349874296355,0.049339349874296355
12,125,0,6000000,149.44891735974534,0,8000000000,456001,464001,372001,92000,0,8000,0.7999999999999999,0,0.7999999999999999
12,154,1,2000000,67.34070462951806,46745871.99556472,4000000000,468742,469542,459001,10541,43,800,0,0.012835357955391834,0.012835357955391834
12,126,0,9000000,122.05948140148719,0,6000000000,464001,470001,375001,95000,0,6000,0.6,0,0.6
12,131,0,6000000,117.03912892703876,0,6000000000,470001,476001,390001,86000,0,6000,0.6,0,0.6
12,132,0,8000000,146.72856606673426,0,3000000000,476001,479001,393001,86000,0,3000,0.3,0,0.3
12,135,0,7000000,213.44284293458986,0,4000000000,479001,483001,402001,81000,0,4000,0.39999999999999997,0,0.39999999999999997
12,138,0,10000000,152.26477498095218,0,5000000000,483001,488001,411001,77000,0,5000,0.49999999999999994,0,0.49999999999999994
12,164,1,7000000,183.62461381851833,1179954.8069009415,4000000000,494933,495733,489001,6732,5932,800,0,1.779729179217876,1.779729179217876
12,139,0,2000000,139.58500671633755,0,8000000000,488001,496001,414001,82000,0,8000,0.7999999999999999,0,0.7999999999999999
12,163,1,10000000,192.83196545178913,971631.3500518753,7000000000,497733,499133,486001,13132,10292,1400,0,3.0875907820798805,3.0875907820798805
12,144,0,3000000,141.847108183424,0,6000000000,496001,502001,429001,73000,0,6000,0.6,0,0.6
12,167,1,9000000,186.30813857692846,1113937.7101093365,5000000000,506359,507359,498001,9358,8079,1000,0,2.42383391413779,2.42383391413779
12,145,0,5000000,151.89080946522077,0,6000000000,502001,508001,432001,76000,0,6000,0.6,0,0.6
12,147,0,2000000,124.98769259411107,0,2000000000,508001,510001,438001,72000,0,2000,0.19999999999999998,0,0.19999999999999998
12,152,0,9000000,73.08059728819954,0,10000000000,510001,520001,453001,67000,0,10000,0.9999999999999999,0,0.9999999999999999
12,153,0,9000000,65.7745125409531,0,7000000000,520001,527001,456001,71000,0,7000,0.7,0,0.7
12,170,1,10000000,234.2099299773603,448100.04194348044,8000000000,529317,530917,507001,23916,22316,1600,0,6.694933539815189,6.694933539815189
12,174,1,9000000,187.8614281857774,1077821.2246495062,6000000000,529761,530961,519001,11960,8350,1200,0,2.5050536566284505,2.5050536566284505
12,172,1,9000000,215.72341412095255,621846.7735572681,9000000000,530961,532761,513001,19760,14473,1800,0,4.341905618573331,4.341905618573331
12,155,0,4000000,77.97542240988503,0,8000000000,527001,535001,462001,73000,0,8000,0.7999999999999999,0,0.7999999999999999
12,177,1,3000000,159.58738421316397,2055648.1295204351,6000000000,535561,536761,528001,8760,1459,1200,0,0.43781812026845385,0.43781812026845385
12,156,0,10000000,88.60544283507647,0,2000000000,535001,537001,465001,72000,0,2000,0.19999999999999998,0,0.19999999999999998
12,176,1,9000000,179.62085207458517,1287764.5977120479,7000000000,537961,539361,525001,14360,6989,1400,0,2.096656488924334,2.096656488924334
12,178,1,10000000,133.7980197910268,4101491.8314939877,7000000000,540961,542361,531001,11360,2438,1400,0,0.7314411739075037,0.7314411739075037
12,179,1,9000000,108.06939668564829,9291072.127625763,6000000000,543161,544361,534001,10360,969,1200,0,0.2906015541491611,0.2906015541491611
12,157,0,2000000,105.90137156807738,0,9000000000,537001,546001,468001,78000,0,9000,0.8999999999999999,0,0.8999999999999999
12,180,1,8000000,84.14338476671831,22921349.902378026,8000000000,549361,550961,537001,13960,349,1600,0,0.10470587509992187,0.10470587509992187
12,158,0,2000000,127.37029834305956,0,6000000000,546001,552001,471001,81000,0,6000,0.6,0,0.6
12,182,1,5000000,34.04274078272783,195154669.6409345,5000000000,553561,554561,543001,11560,26,1000,0,0.007686211161433407,0.007686211161433407
12,159,0,9000000,150.19535279095686,0,7000000000,552001,559001,474001,85000,0,7000,0.7,0,0.7
12,184,1,5000000,23.60072032799006,297051358.58434767,10000000000,558961,560961,549001,11960,17,2000,0,0.005049631845309589,0.005049631845309589
12,186,1,5000000,72.31232605856347,37668592.690292664,4000000000,560961,561761,555001,6760,133,800,0,0.03982097266900432,0.03982097266900432
12,160,0,9000000,172.31764738412605,0,4000000000,559001,563001,477001,86000,0,4000,0.39999999999999997,0,0.39999999999999997
12,188,1,9000000,121.93187770226461,5873225.088252275,5000000000,567761,568761,561001,7760,1532,1000,0,0.45971335329895424,0.45971335329895424
12,161,0,2000000,196.55080895279983,0,10000000000,563001,573001,480001,93000,0,10000,0.9999999999999999,0,0.9999999999999999
12,162,0,2000000,214.94042081469928,0,5000000000,573001,578001,483001,95000,0,5000,0.49999999999999994,0,0.49999999999999994
12,191,1,8000000,126.16649317469363,5149624.416857437,3000000000,579161,579761,570001,9760,1554,600,0,0.4660534061753191,0.4660534061753191
12,190,1,7000000,173.57127210457378,1474982.0174039388,7000000000,579761,581161,567001,14160,4746,1400,0,1.4237461712896895,1.4237461712896895
12,165,0,7000000,178.7526587214859,0,6000000000,578001,584001,492001,92000,0,6000,0.6,0,0.6
12,192,1,8000000,150.78007627004314,2570450.1018163213,3000000000,583761,584361,573001,11360,3112,600,0,0.9336886167539769,0.9336886167539769
12,193,1,3000000,179.1321506597852,1301748.5674330993,8000000000,585361,586961,576001,10960,2305,1600,0,0.6913777533665338,0.6913777533665338
12,166,0,10000000,179.67105637803772,0,3000000000,584001,587001,495001,92000,0,3000,0.3,0,0.3
12,168,0,5000000,198.22048456201492,0,3000000000,587001,590001,501001,89000,0,3000,0.3,0,0.3
12,195,1,5000000,187.3850180777534,1088741.5432302991,10000000000,591161,593161,582001,11160,4592,2000,0,1.3777374523153547,1.3777374523153547
12,194,1,9000000,189.46560743311696,1042038.21282359,7000000000,593161,594561,579001,15560,8637,1400,0,2.5910758039130486,2.5910758039130486
12,196,1,8000000,191.66733263652412,995299.5876073022,7000000000,594561,595961,585001,10960,8038,1400,0,2.4113342654643253,2.4113342654643253
12,169,0,3000000,214.52505331545777,0,6000000000,590001,596001,504001,92000,0,6000,0.6,0,0.6
12,171,0,4000000,234.88303237994867,0,3000000000,596001,599001,510001,89000,0,3000,0.3,0,0.3
12,173,0,3000000,199.69213730139703,0,8000000000,599001,607001,516001,91000,0,8000,0.7999999999999999,0,0.7999999999999999
12,199,1,7000000,225.94405900576356,517111.88301174814,5000000000,607538,608538,594001,14537,13537,1000,0,4.061016714157177,4.061016714157177
12,175,0,6000000,181.14612554509688,0,4000000000,607001,611001,522001,89000,0,4000,0.39999999999999997,0,0.39999999999999997
12,181,0,6000000,58.71325574348603,0,8000000000,611001,619001,540001,79000,0,8000,0.7999999999999999,0,0.7999999999999999
12,204,1,9000000,202.82282810374184,794847.0264778744,4000000000,620324,621124,609001,12123,11323,800,0,3.3968800411372717,3.3968800411372717
12,183,0,5000000,14.811144452742305,0,10000000000,619001,629001,546001,83000,0,10000,0.9999999999999999,0,0.9999999999999999
12,201,1,10000000,248.58741018000086,353317.5985830791,5000000000,628304,629304,600001,29303,28303,1000,0,8.49094415911066,8.49094415911066
12,208,1,7000000,199.5119094189618,848620.2858576692,2000000000,629304,629704,621001,8703,8249,400,0,2.4746049970719324,2.4746049970719324
12,211,1,6000000,115.88951031046767,7133745.740607342,9000000000,630842,632642,630001,2641,841,1800,0,0.25232186083586916,0.25232186083586916
12,185,0,2000000,47.12243839191678,0,5000000000,629001,634001,552001,82000,0,5000,0.49999999999999994,0,0.49999999999999994
12,212,1,8000000,89.50802645573185,18486704.630500644,10000000000,634042,636042,633001,3041,433,2000,0,0.12982302946736726,0.12982302946736726
12,187,0,2000000,96.653099277778,0,7000000000,634001,641001,558001,83000,0,7000,0.7,0,0.7
12,214,1,4000000,70.26070381087858,41162946.888799414,2000000000,640933,641333,639001,2332,97,400,0,0.029152431754746994,0.029152431754746994
12,189,0,4000000,147.73179650975607,0,7000000000,641001,648001,564001,84000,0,7000,0.7,0,0.7
12,217,1,9000000,119.0770175138763,6431743.175542848,7000000000,649400,650800,648001,2799,1399,1400,0,0.4197928813866415,0.4197928813866415
12,218,1,3000000,147.34589407241728,2813816.0187990516,7000000000,652067,653467,651001,2466,1066,1400,0,0.3198503363358219,0.3198503363358219
12,197,0,2000000,200.0282072608761,0,6000000000,648001,654001,588001,66000,0,6000,0.6,0,0.6
12,219,1,4000000,177.51052081496468,1349524.013769784,3000000000,657043,657643,654001,3642,2964,600,0,0.889202406000838,0.889202406000838
12,198,0,2000000,211.99848725875387,0,5000000000,654001,659001,591001,68000,0,5000,0.49999999999999994,0,0.49999999999999994
12,220,1,2000000,202.0252350574056,807403.3352797301,2000000000,659987,660387,657001,3386,2477,400,0,0.7431230139668993,0.7431230139668993
12,200,0,8000000,234.98313854402403,0,3000000000,659001,662001,597001,65000,0,3000,0.3,0,0.3
12,221,1,3000000,208.8393365723996,707562.6160630942,10000000000,664428,666428,660001,6427,4240,2000,0,1.2719722319526077,1.2719722319526077
12,202,0,7000000,230.32643378474825,0,5000000000,662001,667001,603001,64000,0,5000,0.49999999999999994,0,0.49999999999999994
12,223,1,6000000,158.7823809495247,2097048.7980837026,6000000000,668862,670062,666001,4061,2861,1200,0,0.8583491245625052,0.8583491245625052
12,203,0,6000000,218.03641530716837,0,5000000000,667001,672001,606001,66000,0,5000,0.49999999999999994,0,0.49999999999999994
12,205,0,10000000,192.8085239298305,0,2000000000,672001,674001,612001,62000,0,2000,0.19999999999999998,0,0.19999999999999998
12,226,1,8000000,91.06032780525226,17394594.376602765,9000000000,677462,679262,675001,4261,460,1800,0,0.13797389855944026,0.13797389855944026
12,206,0,4000000,189.31521333479776,0,8000000000,674001,682001,615001,67000,0,8000,0.7999999999999999,0,0.7999999999999999
12,227,1,3000000,77.83028330926211,29774392.510575082,9000000000,683862,685662,678001,7661,101,1800,0,0.030227316969786828,0.030227316969786828
12,228,1,6000000,68.9352812426264,43604008.86544324,9000000000,687462,689262,681001,8261,138,1800,0,0.04128060806414807,0.04128060806414807
12,207,0,8000000,192.61789584563536,0,8000000000,682001,690001,618001,72000,0,8000,0.7999999999999999,0,0.7999999999999999
12,229,1,10000000,71.21440303758786,39497060.91312718,5000000000,689262,690262,684001,6261,253,1000,0,0.07595501869362956,0.07595501869362956
12,231,1,2000000,88.67668521093916,19104249.9195276,7000000000,692262,693662,690001,3661,105,1400,0,0.03140662431277681,0.03140662431277681
12,232,1,5000000,107.7492835243001,9395056.49189752,8000000000,695262,696862,693001,3861,532,1600,0,0.15965843327218196,0.15965843327218196
12,209,0,4000000,178.91846550873396,0,10000000000,690001,700001,624001,76000,0,10000,0.9999999999999999,0,0.9999999999999999
12,233,1,5000000,129.2551654673808,4689859.29401812,6000000000,699262,700462,696001,4461,1066,1200,0,0.31983901988557284,0.31983901988557284
12,210,0,6000000,146.39415425487454,0,3000000000,700001,703001,627001,76000,0,3000,0.3,0,0.3
12,234,1,5000000,153.03211460343874,2424908.4509427194,5000000000,702062,703062,699001,4061,2062,1000,0,0.6185800537817634,0.6185800537817634
12,213,0,9000000,71.97397098951814,0,8000000000,703001,711001,636001,75000,0,8000,0.7999999999999999,0,0.7999999999999999
12,237,1,3000000,207.5815418094778,724781.7423642993,6000000000,712748,713948,708001,5947,4139,1200,0,1.241753133935361,1.241753133935361
12,215,0,7000000,85.4473621594019,0,6000000000,711001,717001,642001,75000,0,6000,0.6,0,0.6
12,236,1,5000000,211.17732927565876,676888.9286769222,6000000000,716262,717462,705001,12461,7387,1200,0,2.2160208809028212,2.2160208809028212
12,216,0,10000000,106.01704485600413,0,2000000000,717001,719001,645001,74000,0,2000,0.19999999999999998,0,0.19999999999999998
12,222,0,7000000,181.93324599973477,0,5000000000,719001,724001,663001,61000,0,5000,0.49999999999999994,0,0.49999999999999994
12,239,1,9000000,176.35123163732086,1385019.3220930973,2000000000,723780,724180,714001,10179,6498,400,0,1.949431287297603,1.949431287297603
12,238,1,9000000,198.1085543332241,872776.2762098233,7000000000,724180,725580,711001,14579,10312,1400,0,3.093576296236191,3.093576296236191
12,242,1,10000000,97.27441852820303,13715437.590621445,3000000000,727980,728580,723001,5579,729,600,0,0.21873162851554853,0.21873162851554853
12,224,0,3000000,133.42761670658737,0,5000000000,724001,729001,669001,60000,0,5000,0.49999999999999994,0,0.49999999999999994
12,225,0,8000000,109.71990202328838,0,10000000000,729001,739001,672001,67000,0,10000,0.9999999999999999,0,0.9999999999999999
12,246,1,3000000,102.93321427022472,11141717.552815126,8000000000,739350,740950,735001,5949,269,1600,0,0.08077749195613033,0.08077749195613033
12,247,1,9000000,127.69200014096423,4915961.77540055,9000000000,742350,744150,738001,6149,1831,1800,0,0.5492312844072115,0.5492312844072115
12,248,1,2000000,151.09244355691652,2549629.523962575,8000000000,744950,746550,741001,5549,784,1600,0,0.23532830725441786,0.23532830725441786
12,230,0,4000000,84.97751820334597,0,8000000000,739001,747001,687001,60000,0,8000,0.7999999999999999,0,0.7999999999999999
12,235,0,7000000,181.5209629767317,0,2000000000,747001,749001,702001,47000,0,2000,0.19999999999999998,0,0.19999999999999998
12,249,1,3000000,176.86904675493673,1369023.1326060703,6000000000,748550,749750,744001,5749,2191,1200,0,0.657403062493737,0.657403062493737
12,240,0,2000000,149.0960016231153,0,8000000000,749001,757001,717001,40000,0,8000,0.7999999999999999,0,0.7999999999999999
12,241,0,9000000,122.13697761120507,0,9000000000,757001,766001,720001,46000,0,9000,0.8999999999999999,0,0.8999999999999999
12,253,1,6000000,250.0185273134773,345316.3359086975,2000000000,774119,774519,756001,18518,17375,400,0,5.212611778887647,5.212611778887647
12,243,0,6000000,77.30673709321842,0,9000000000,766001,775001,726001,49000,0,9000,0.8999999999999999,0,0.8999999999999999
12,255,1,8000000,213.22245660342628,651405.8313053065,6000000000,777119,778319,762001,16318,12281,1200,0,3.684339139535807,3.684339139535807
12,244,0,7000000,68.02405236385144,0,4000000000,775001,779001,729001,50000,0,4000,0.39999999999999997,0,0.39999999999999997
12,245,0,10000000,80.63098969999066,0,4000000000,779001,783001,732001,51000,0,4000,0.39999999999999997,0,0.39999999999999997
12,250,0,4000000,199.4084383871455,0,5000000000,783001,788001,747001,41000,0,5000,0.49999999999999994,0,0.49999999999999994
12,251,0,10000000,216.08317310702378,0,6000000000,788001,794001,750001,44000,0,6000,0.6,0,0.6
12,265,1,4000000,199.08986237375322,855796.4465259667,6000000000,797249,798449,792001,6448,4674,1200,0,1.4022025972078973,1.4022025972078973
12,252,0,7000000,232.56066262375504,0,7000000000,794001,801001,753001,48000,0,7000,0.7,0,0.7
12,254,0,8000000,229.94667077389929,0,5000000000,801001,806001,759001,47000,0,5000,0.49999999999999994,0,0.49999999999999994
12,269,1,2000000,201.44591557040812,816678.6144689837,9000000000,806450,808250,804001,4249,2449,1800,0,0.7346831291647433,0.7346831291647433
12,268,1,6000000,193.35415718313376,961246.7952025068,3000000000,809650,810250,801001,9249,6242,600,0,1.8725680116528163,1.8725680116528163
12,256,0,3000000,202.38985399470994,0,8000000000,806001,814001,765001,49000,0,8000,0.7999999999999999,0,0.7999999999999999
12,271,1,2000000,235.65959602782996,437208.4093539523,8000000000,815250,816850,810001,6849,4574,1600,0,1.3723432284539065,1.3723432284539065
12,257,0,7000000,192.70673314650944,0,8000000000,814001,822001,768001,54000,0,8000,0.7999999999999999,0,0.7999999999999999
12,258,0,8000000,188.78181718587203,0,4000000000,822001,826001,771001,55000,0,4000,0.39999999999999997,0,0.39999999999999997
12,259,0,5000000,191.65000104356903,0,3000000000,826001,829001,774001,55000,0,3000,0.3,0,0.3
12,274,1,5000000,212.65857377495973,658310.84175926,7000000000,828693,830093,819001,11092,7595,1400,0,2.278558858291658,2.278558858291658
12,277,1,6000000,124.79110384959343,5372043.156182032,10000000000,830093,832093,828001,4092,1117,2000,0,0.33506804537275514,0.33506804537275514
12,272,1,7000000,248.8367418610041,351907.0874563,3000000000,835012,835612,813001,22611,19892,600,0,5.967484244717802,5.967484244717802
12,273,1,10000000,226.97422100317908,507820.337832979,2000000000,837212,837612,816001,21611,19692,400,0,5.907601126811691,5.907601126811691
12,260,0,5000000,199.5008513766295,0,9000000000,829001,838001,777001,61000,0,9000,0.8999999999999999,0,0.8999999999999999
12,261,0,7000000,210.72596233022642,0,4000000000,838001,842001,780001,62000,0,4000,0.39999999999999997,0,0.39999999999999997
12,281,1,3000000,89.79805120379838,18276737.007273253,10000000000,840165,842165,840001,2164,164,2000,0,0.04924292556389271,0.04924292556389271
12,262,0,7000000,198.18912381863944,0,10000000000,842001,852001,783001,69000,0,10000,0.9999999999999999,0,0.9999999999999999
12,284,1,6000000,173.91353052594846,1463521.9498123887,2000000000,854808,855208,849001,6207,4100,400,0,1.2299098077966955,1.2299098077966955
12,263,0,10000000,192.49860700794693,0,6000000000,852001,858001,786001,72000,0,6000,0.6,0,0.6
12,264,0,7000000,193.16037533614391,0,5000000000,858001,863001,789001,74000,0,5000,0.49999999999999994,0,0.49999999999999994
12,266,0,2000000,196.61391430923703,0,6000000000,863001,869001,795001,74000,0,6000,0.6,0,0.6
12,288,1,4000000,212.64044112068615,658534.3951117438,7000000000,869720,871120,861001,10119,6074,1400,0,1.8222282828467558,1.8222282828467558
12,267,0,8000000,192.5221176904098,0,8000000000,869001,877001,798001,79000,0,8000,0.7999999999999999,0,0.7999999999999999
12,292,1,5000000,188.74213228635517,1057990.1551502657,8000000000,877727,879327,873001,6326,4726,1600,0,1.4177825688623311,1.4177825688623311
12,290,1,6000000,224.4716400795432,530763.6342176767,9000000000,879327,881127,867001,14126,11304,1800,0,3.3913401068879265,3.3913401068879265
12,291,1,9000000,203.89500655974874,778348.8450241874,3000000000,881564,882164,870001,12163,11563,600,0,3.46888161684893,3.46888161684893
12,270,0,5000000,215.9405631186508,0,8000000000,877001,885001,807001,78000,0,8000,0.7999999999999999,0,0.7999999999999999
12,297,1,3000000,148.24045938946628,2747773.4795004,5000000000,889093,890093,888001,2092,1092,1000,0,0.3275379163218498,0.3275379163218498
12,275,0,10000000,184.66292129174175,0,6000000000,885001,891001,822001,69000,0,6000,0.6,0,0.6
12,295,1,7000000,204.3177997630162,771960.5334544911,10000000000,891069,893069,882001,11068,9068,2000,0,2.7203463247046944,2.7203463247046944
12,296,1,10000000,174.04258817887074,1459229.3628817028,8000000000,893069,894669,885001,9668,6853,1600,0,2.055879683009918,2.055879683009918
12,298,1,6000000,147.43450647660475,2807187.1935233586,7000000000,894669,896069,891001,5068,2137,1400,0,0.6412112466717201,0.6412112466717201
12,299,1,3000000,167.98716171184032,1678719.7335058758,7000000000,896069,897469,894001,3468,1787,1400,0,0.5361228453068935,0.5361228453068935
12,276,0,9000000,153.16801787579547,0,9000000000,891001,900001,825001,75000,0,9000,0.8999999999999999,0,0.8999999999999999
12,301,1,2000000,187.73773222237455,1080643.444601481,2000000000,902614,903014,900001,3013,1851,400,0,0.5552247626147101,0.5552247626147101
12,300,1,7000000,198.24753844625664,870346.0528111891,4000000000,905044,905844,897001,8843,8043,800,0,2.412833370378448,2.412833370378448
12,302,1,5000000,165.7391595248389,1770535.1098564789,2000000000,905844,906244,903001,3243,2824,400,0,0.8472014995068871,0.8472014995068871
12,278,0,4000000,94.9386733633876,0,7000000000,900001,907001,831001,76000,0,7000,0.7,0,0.7
12,279,0,2000000,70.60632053860334,0,2000000000,907001,909001,834001,75000,0,2000,0.19999999999999998,0,0.19999999999999998
12,303,1,9000000,188.04333144251623,1073687.600767946,4000000000,914383,915183,906001,9182,8382,800,0,2.5146979419980706,2.5146979419980706
12,280,0,2000000,68.52631903144948,0,9000000000,909001,918001,837001,81000,0,9000,0.8999999999999999,0,0.8999999999999999
12,305,1,7000000,181.95087908553782,1223603.0857246148,3000000000,917722,918322,912001,6321,5721,600,0,1.7162428114966588,1.7162428114966588
12,282,0,4000000,119.49614763664978,0,8000000000,918001,926001,843001,83000,0,8000,0.7999999999999999,0,0.7999999999999999
12,283,0,9000000,152.76593926657867,0,2000000000,926001,928001,846001,82000,0,2000,0.19999999999999998,0,0.19999999999999998
12,285,0,6000000,174.0341161956471,0,9000000000,928001,937001,852001,85000,0,9000,0.8999999999999999,0,0.8999999999999999
12,311,1,4000000,234.04332761264527,449373.344233568,2000000000,938902,939302,930001,9301,8901,400,0,2.6703853608555015,2.6703853608555015
12,286,0,8000000,178.4613532392938,0,5000000000,937001,942001,855001,87000,0,5000,0.49999999999999994,0,0.49999999999999994
12,313,1,2000000,227.88675959783183,499763.04363666713,10000000000,940003,942003,936001,6002,4002,2000,0,1.2005689649117115,1.2005689649117115
12,310,1,10000000,214.88426582697952,631574.7098142738,8000000000,942834,944434,927001,17433,15833,1600,0,4.7500318701523145,4.7500318701523145
12,287,0,3000000,193.81614896597242,0,9000000000,942001,951001,858001,93000,0,9000,0.8999999999999999,0,0.8999999999999999
12,316,1,7000000,176.96205977553493,1366174.1757921495,6000000000,950125,951325,945001,6324,5124,1200,0,1.5371392881016477,1.5371392881016477
12,315,1,8000000,192.80283426339977,972214.7701022528,6000000000,951325,952525,942001,10524,8229,1200,0,2.468590350409488,2.468590350409488
12,314,1,9000000,209.59030941338867,697524.6657614834,10000000000,952525,954525,939001,15524,12903,2000,0,3.8708308573610464,3.8708308573610464
12,289,0,4000000,236.4370954397808,0,9000000000,951001,960001,864001,96000,0,9000,0.8999999999999999,0,0.8999999999999999
12,320,1,10000000,172.9672026714891,1495481.8331129292,4000000000,963688,964488,957001,7487,6687,800,0,2.006042422966337,2.006042422966337
12,321,1,6000000,165.20061894557176,1793449.4019580465,8000000000,963347,964947,960001,4946,3346,1600,0,1.003652513438518,1.003652513438518
12,322,1,2000000,154.9446675429652,2309240.8167698625,5000000000,964488,965488,963001,2487,866,1000,0,0.25982565163527316,0.25982565163527316
12,293,0,9000000,180.43464994285324,0,7000000000,960001,967001,876001,91000,0,7000,0.7,0,0.7
12,294,0,6000000,183.8105342465442,0,2000000000,967001,969001,879001,90000,0,2000,0.19999999999999998,0,0.19999999999999998
12,304,0,3000000,204.65493739463014,0,7000000000,969001,976001,909001,67000,0,7000,0.7,0,0.7
12,326,1,8000000,94.79724257593149,15060452.319218462,4000000000,975532,976332,975001,1331,531,800,0,0.15935776357376655,0.15935776357376655
12,328,1,9000000,108.66817381367929,9100261.306574956,2000000000,981990,982390,981001,1389,989,400,0,0.29669477711032816,0.29669477711032816
12,306,0,6000000,173.0874903047589,0,7000000000,976001,983001,915001,68000,0,7000,0.7,0,0.7
12,329,1,10000000,125.61521603691169,5237394.643557723,10000000000,985910,987910,984001,3909,1909,2000,0,0.5728038851703035,0.5728038851703035
12,330,1,5000000,139.1391454623752,3521317.188506237,9000000000,988421,990221,987001,3220,1420,1800,0,0.42597696251166417,0.42597696251166417
12,307,0,4000000,177.38445704176002,0,9000000000,983001,992001,918001,74000,0,9000,0.8999999999999999,0,0.8999999999999999
12,331,1,2000000,157.49106133365157,2165641.847650991,8000000000,990925,992525,990001,2524,924,1600,0,0.2770541216918221,0.2770541216918221
12,308,0,2000000,186.33467095524654,0,3000000000,992001,995001,921001,74000,0,3000,0.3,0,0.3
12,332,1,2000000,175.33177977765465,1417196.5252518067,3000000000,994412,995012,993001,2011,1411,600,0,0.4233710634404726,0.4233710634404726
13,1,0,5000000,120.75001656314585,0,4000000000,1,4001,1,4000,0,4000,0.39999999999999997,0,0.39999999999999997
13,2,0,10000000,127.24996856581144,0,3000000000,4001,7001,3001,4000,0,3000,0.3,0,0.3
13,3,1,4000000,146.36605617423737,2888419.765775829,9000000000,8086,9886,6001,3885,1385,1800,0,0.4154520801368634,0.4154520801368634
13,4,0,10000000,169.90728824862106,0,8000000000,9001,17001,9001,8000,0,8000,0.7999999999999999,0,0.7999999999999999
13,6,1,7000000,171.16096342332267,1558926.4944178583,8000000000,19578,21178,15001,6177,4490,1600,0,1.3470808325598391,1.3470808325598391
13,5,0,2000000,184.60826769134692,0,6000000000,17001,23001,12001,11000,0,6000,0.6,0,0.6
13,7,0,10000000,189.54850619300592,0,7000000000,23001,30001,18001,12000,0,7000,0.7,0,0.7
13,8,1,7000000,209.98510637661897,692318.7456744038,4000000000,31534,32334,21001,11333,10111,800,0,3.0332849039850003,3.0332849039850003
13,10,1,2000000,246.32989302965242,366415.51521915436,4000000000,32459,33259,27001,6258,5458,800,0,1.6374852457902553,1.6374852457902553
13,11,0,5000000,222.88674904533917,0,7000000000,30001,37001,30001,7000,0,7000,0.7,0,0.7
13,12,1,4000000,203.25237440187504,788185.5508314519,7000000000,38076,39476,33001,6475,5075,1400,0,1.5224841393427317,1.5224841393427317
13,14,1,5000000,165.1147058865442,1797138.8614949766,10000000000,41783,43783,39001,4782,2782,2000,0,0.8346600433269818,0.8346600433269818
13,13,0,5000000,182.9835621032665,0,7000000000,37001,44001,36001,8000,0,7000,0.7,0,0.7
13,9,1,9000000,230.29183767558936,479278.62718406814,9000000000,42779,44579,24001,20578,18778,1800,0,5.633466311367685,5.633466311367685
13,15,1,7000000,150.98788461330264,2556575.5083195004,3000000000,44739,45339,42001,3338,2738,600,0,0.8214112953700247,0.8214112953700247
13,16,1,7000000,157.39635605693033,2170781.0970057547,8000000000,48226,49826,45001,4825,3225,1600,0,0.9673937196599943,0.9673937196599943
13,18,1,4000000,164.20975001503413,1836579.2407449097,2000000000,53179,53579,51001,2578,2178,400,0,0.6533886332687091,0.6533886332687091
13,17,1,2000000,165.87394068991065,1764857.2539825845,9000000000,52480,54280,48001,6279,1133,1800,0,0.339970838234105,0.339970838234105
13,20,1,6000000,113.08018615124398,7830925.328005918,10000000000,57767,59767,57001,2766,766,2000,0,0.22985789349345712,0.22985789349345712
13,21,1,8000000,98.05623131652578,13320749.708629057,10000000000,60602,62602,60001,2601,601,2000,0,0.18017003941191856,0.18017003941191856
13,19,0,9000000,136.36094638861968,0,10000000000,54001,64001,54001,10000,0,10000,0.9999999999999999,0,0.9999999999999999
13,22,0,6000000,95.20716622187636,0,9000000000,64001,73001,63001,10000,0,9000,0.8999999999999999,0,0.8999999999999999
13,23,0,4000000,105.36076878990588,0,3000000000,73001,76001,66001,10000,0,3000,0.3,0,0.3
13,25,1,5000000,152.02736727313274,2488547.337205049,10000000000,74010,76010,72001,4009,2009,2000,0,0.6027612887141975,0.6027612887141975
13,24,0,7000000,125.59642232165692,0,10000000000,76001,86001,69001,17000,0,10000,0.9999999999999999,0,0.9999999999999999
13,26,0,3000000,181.81956027886542,0,2000000000,86001,88001,75001,13000,0,2000,0.19999999999999998,0,0.19999999999999998
13,27,0,6000000,213.64483471406467,0,4000000000,88001,92001,78001,14000,0,4000,0.39999999999999997,0,0.39999999999999997
13,28,0,5000000,211.88263850537635,0,3000000000,92001,95001,81001,14000,0,3000,0.3,0,0.3
13,31,1,2000000,221.64078347632685,558297.1140666986,10000000000,94000,96000,90001,5999,3582,2000,0,1.0746965815917136,1.0746965815917136
13,29,0,7000000,212.30544905866176,0,9000000000,95001,104001,84001,20000,0,9000,0.8999999999999999,0,0.8999999999999999
13,30,0,7000000,220.61269523760416,0,8000000000,104001,112001,87001,25000,0,8000,0.7999999999999999,0,0.7999999999999999
13,35,1,6000000,223.22003427111997,542723.1533914857,3000000000,113056,113656,102001,11655,11055,600,0,3.3166080878469457,3.3166080878469457
13,38,1,6000000,157.70340040722007,2154173.7902569664,5000000000,114006,115006,111001,4005,2785,1000,0,0.8355871787787754,0.8355871787787754
13,32,0,7000000,221.64078347632685,0,7000000000,112001,119001,93001,26000,0,7000,0.7,0,0.7
13,39,1,6000000,134.00117312919318,4077364.2458240883,7000000000,119006,120406,114001,6405,1472,1400,0,0.44146166284837196,0.44146166284837196
13,33,0,9000000,221.64078347632685,0,2000000000,119001,121001,96001,25000,0,2000,0.19999999999999998,0,0.19999999999999998
13,41,1,2000000,100.73682147060234,12066027.012224782,9000000000,122806,124606,120001,4605,166,1800,0,0.04972639290398618,0.04972639290398618
13,34,0,6000000,221.64078347632685,0,8000000000,121001,129001,99001,30000,0,8000,0.7999999999999999,0,0.7999999999999999
13,42,1,4000000,92.33013863305959,16556855.529089093,6000000000,129006,130206,123001,7205,242,1200,0,0.07247753040374692,0.07247753040374692
13,43,1,3000000,92.98804277970375,16141401.028635914,4000000000,131206,132006,126001,6005,186,800,0,0.055757241791052736,0.055757241791052736
13,44,1,6000000,102.6083529738198,11272963.496776491,6000000000,133006,134206,129001,5205,532,1200,0,0.15967407332727643,0.15967407332727643
13,36,0,5000000,209.7801175040189,0,6000000000,129001,135001,105001,30000,0,6000,0.6,0,0.6
13,45,1,3000000,119.13689646788687,6419380.605496412,10000000000,134606,136606,132001,4605,467,2000,0,0.14020044227154885,0.14020044227154885
13,46,1,7000000,140.14973778070365,3423190.560058472,3000000000,137606,138206,135001,3205,2045,600,0,0.6134627807468975,0.6134627807468975
13,37,0,10000000,183.15362950266638,0,7000000000,135001,142001,108001,34000,0,7000,0.7,0,0.7
13,47,1,8000000,163.98866820606847,1846377.311188492,9000000000,142997,144797,138001,6796,4333,1800,0,1.2998426624161383,1.2998426624161383
13,49,1,3000000,156.35581984691197,2228253.6790412753,7000000000,145347,146747,144001,2746,1346,1400,0,0.40390374240837446,0.40390374240837446
13,40,0,7000000,116.40936775019442,0,8000000000,142001,150001,117001,33000,0,8000,0.7999999999999999,0,0.7999999999999999
13,50,1,3000000,145.18573104819907,2981561.4427350992,10000000000,148007,150007,147001,3006,1006,2000,0,0.30185525848979183,0.30185525848979183
13,48,1,10000000,169.5314203916195,1619056.6705862614,9000000000,149614,151414,141001,10413,6176,1800,0,1.8529308173713883,1.8529308173713883
13,51,1,8000000,155.76107504765105,2261950.665890239,9000000000,153538,155338,150001,5337,3537,1800,0,1.0610310985962323,1.0610310985962323
13,52,0,6000000,169.17000679789547,0,6000000000,153001,159001,153001,6000,0,6000,0.6,0,0.6
13,53,0,10000000,184.80251432272232,0,6000000000,159001,165001,156001,9000,0,6000,0.6,0,0.6
13,54,0,10000000,202.33267704451498,0,8000000000,165001,173001,159001,14000,0,8000,0.7999999999999999,0,0.7999999999999999
13,56,1,6000000,205.69750314478782,751562.9129501383,7000000000,175423,176823,165001,11822,7983,1400,0,2.395009079059519,2.395009079059519
13,57,1,10000000,189.4460155294906,1042466.2365133583,3000000000,178823,179423,168001,11422,9593,600,0,2.877791044853238,2.877791044853238
13,55,1,10000000,219.35553172874396,581833.5774463816,5000000000,179188,180188,162001,18187,17187,1000,0,5.156113562862334,5.156113562862334
13,58,1,10000000,174.94799798797354,1429550.2484387276,6000000000,179423,180623,171001,9622,6995,1200,0,2.0985621199929327,2.0985621199929327
13,60,1,2000000,216.10116635501998,617528.6327728346,4000000000,180240,181040,177001,4039,3239,800,0,0.9716148663518203,0.9716148663518203
13,59,1,9000000,208.8154833818604,707884.3922201077,6000000000,186715,187915,174001,13914,12714,1200,0,3.814182131537192,3.814182131537192
13,61,0,10000000,208.47692462236674,0,8000000000,180001,188001,180001,8000,0,8000,0.7999999999999999,0,0.7999999999999999
13,62,1,2000000,190.79458509087726,1013507.813085621,3000000000,188423,189023,183001,6022,1973,600,0,0.5920033296766624,0.5920033296766624
13,63,0,5000000,175.101414328954,0,6000000000,188001,194001,186001,8000,0,6000,0.6,0,0.6
13,64,1,4000000,162.5941776325339,1909696.7693634357,9000000000,196423,198223,189001,9222,2095,1800,0,0.6283720113324583,0.6283720113324583
13,65,0,2000000,177.94693872050738,0,7000000000,194001,201001,192001,9000,0,7000,0.7,0,0.7
13,67,0,4000000,201.44814345136066,0,8000000000,201001,209001,198001,11000,0,8000,0.7999999999999999,0,0.7999999999999999
13,68,1,9000000,196.51949343512973,901171.9168702166,3000000000,211080,211680,201001,10679,9987,600,0,2.9960986904442604,2.9960986904442604
13,69,0,7000000,193.88904868506626,0,4000000000,209001,213001,204001,9000,0,4000,0.39999999999999997,0,0.39999999999999997
13,71,0,9000000,196.12868020766365,0,4000000000,213001,217001,210001,7000,0,4000,0.39999999999999997,0,0.39999999999999997
13,70,1,7000000,210.23303498736823,689074.2231547156,4000000000,218224,219024,207001,12023,10159,800,0,3.0475671987638604,3.0475671987638604
13,72,0,4000000,168.63311418579684,0,6000000000,217001,223001,213001,10000,0,6000,0.6,0,0.6
13,66,1,7000000,207.60173433764948,724501.2090429375,3000000000,224823,225423,195001,30422,9662,600,0,2.898545887554956,2.898545887554956
13,74,0,2000000,122.37966048326815,0,6000000000,223001,229001,219001,10000,0,6000,0.6,0,0.6
13,77,0,5000000,76.96273448884202,0,6000000000,229001,235001,228001,7000,0,6000,0.6,0,0.6
13,73,1,9000000,145.70692536732767,2939982.541204819,9000000000,242023,243823,216001,27822,3061,1800,0,0.9183728005723214,0.9183728005723214
13,78,0,6000000,72.62003304873933,0,9000000000,235001,244001,231001,13000,0,9000,0.8999999999999999,0,0.8999999999999999
13,80,0,10000000,67.59417504489566,0,3000000000,244001,247001,237001,10000,0,3000,0.3,0,0.3
13,75,1,2000000,101.5854659880044,11698437.992982842,10000000000,247223,249223,222001,27222,171,2000,0,0.05128889859995858,0.05128889859995858
13,82,0,10000000,88.84440894057435,0,9000000000,247001,256001,243001,13000,0,9000,0.8999999999999999,0,0.8999999999999999
13,76,1,6000000,82.86060885607823,24155251.225786593,8000000000,254423,256023,225001,31022,248,1600,0,0.07451795815223962,0.07451795815223962
13,83,0,7000000,106.10602857519457,0,8000000000,256001,264001,246001,18000,0,8000,0.7999999999999999,0,0.7999999999999999
13,79,1,9000000,65.61572982143836,50413881.74766192,7000000000,267423,268823,234001,34822,179,1400,0,0.05355667737537826,0.05355667737537826
13,92,0,5000000,179.41015913264224,0,3000000000,273001,276001,273001,3000,0,3000,0.3,0,0.3
13,90,1,8000000,183.99953478202053,1170444.3320238343,2000000000,277123,277523,267001,10522,6835,400,0,2.0505033296629502,2.0505033296629502
13,93,0,6000000,185.56506702501952,0,4000000000,276001,280001,276001,4000,0,4000,0.39999999999999997,0,0.39999999999999997
13,89,1,10000000,193.6315927218489,955785.7812728167,10000000000,278123,280123,264001,16122,10463,2000,0,3.1387786455715108,3.1387786455715108
13,91,1,7000000,178.882322212118,1308970.222937989,2000000000,280923,281323,270001,11322,5348,400,0,1.6043145697283636,1.6043145697283636
13,81,1,9000000,78.29342820441572,29199990.820178196,9000000000,281223,283023,240001,43022,308,1800,0,0.09246578249381528,0.09246578249381528
13,88,1,10000000,215.83595738430608,620556.3488466457,9000000000,282523,284323,261001,23322,16115,1800,0,4.83437161762303,4.83437161762303
13,97,0,4000000,237.42609165801466,0,3000000000,288001,291001,288001,3000,0,3000,0.3,0,0.3
13,94,1,5000000,196.9287487900129,893750.0834200443,5000000000,291923,292923,279001,13922,5594,1000,0,1.6783215216719938,1.6783215216719938
13,95,1,6000000,212.6934312572911,657881.3574910185,10000000000,294523,296523,282001,14522,9120,2000,0,2.736055642106524,2.736055642106524
13,98,0,5000000,218.1101568015575,0,9000000000,291001,300001,291001,9000,0,9000,0.8999999999999999,0,0.8999999999999999
13,96,1,6000000,231.86353572737568,466456.4128299558,3000000000,299923,300523,285001,15522,12863,600,0,3.858881452780413,3.858881452780413
13,84,1,10000000,127.36172109389857,4965431.1206927635,3000000000,301823,302423,249001,53422,2014,600,0,0.6041771453636534,0.6041771453636534
13,101,1,6000000,181.86615655475867,1225865.4682272035,7000000000,304896,306296,300001,6295,4895,1400,0,1.4683503587086815,1.4683503587086815
13,85,1,5000000,149.95239144475156,2626644.213812244,4000000000,306423,307223,252001,55222,1904,800,0,0.5710708713849518,0.5710708713849518
13,99,0,7000000,201.74382592783354,0,10000000000,300001,310001,294001,16000,0,10000,0.9999999999999999,0,0.9999999999999999
13,102,1,7000000,179.8319977089728,1281780.5660409501,3000000000,309770,310370,303001,7369,5461,600,0,1.6383459506538576,1.6383459506538576
13,86,1,6000000,171.93845323254484,1531215.029333865,6000000000,310023,311223,255001,56222,3918,1200,0,1.175537050980401,1.175537050980401
13,103,1,3000000,183.52826321850264,1182414.4055142237,9000000000,310370,312170,306001,6169,2537,1800,0,0.7611544614162548,0.7611544614162548
13,87,1,4000000,195.91918538009492,912197.8974882714,7000000000,312423,313823,258001,55822,4385,1400,0,1.3155040187049205,1.3155040187049205
13,104,1,2000000,192.5600109056914,977094.8833653124,10000000000,312170,314170,309001,5169,2047,2000,0,0.6140652358484149,0.6140652358484149
13,105,1,3000000,206.22745937435198,743906.8232374323,2000000000,318770,319170,312001,7169,4033,400,0,1.209828935407879,1.209828935407879
13,100,0,7000000,189.360801117866,0,10000000000,310001,320001,297001,23000,0,10000,0.9999999999999999,0,0.9999999999999999
13,106,0,3000000,223.69852793436078,0,5000000000,320001,325001,315001,10000,0,5000,0.49999999999999994,0,0.49999999999999994
13,110,1,7000000,184.55451904518623,1156540.6287147747,5000000000,333054,334054,327001,7053,6053,1000,0,1.815759816698926,1.815759816698926
13,107,0,6000000,233.11138796721195,0,10000000000,325001,335001,318001,17000,0,10000,0.9999999999999999,0,0.9999999999999999
13,109,1,8000000,201.61695960409676,813926.3415101175,8000000000,336654,338254,324001,14253,9829,1600,0,2.948669772189904,2.948669772189904
13,108,1,10000000,219.97145019297386,575370.1874533586,6000000000,338381,339581,321001,18580,17380,1200,0,5.214034486698514,5.214034486698514
13,111,0,6000000,169.94905854402376,0,5000000000,335001,340001,330001,10000,0,5000,0.49999999999999994,0,0.49999999999999994
13,112,0,6000000,158.0739175196212,0,5000000000,340001,345001,333001,12000,0,5000,0.49999999999999994,0,0.49999999999999994
13,115,1,10000000,143.791617280007,3096400.335907821,6000000000,345231,346431,342001,4430,3230,1200,0,0.968866966331872,0.968866966331872
13,116,1,3000000,147.6768363691476,2789157.5122184968,2000000000,349431,349831,345001,4830,1076,400,0,0.3226780832768888,0.3226780832768888
13,117,1,5000000,155.7989942201168,2259783.491134017,4000000000,351431,352231,348001,4230,2213,800,0,0.6637804045763968,0.6637804045763968
13,113,0,10000000,149.1284895652068,0,10000000000,345001,355001,336001,19000,0,10000,0.9999999999999999,0,0.9999999999999999
13,118,1,9000000,167.50812666852914,1697780.0931693588,10000000000,356302,358302,351001,7301,5301,2000,0,1.5903119672935562,1.5903119672935562
13,119,1,10000000,174.19643279929707,1454132.7545072648,6000000000,360878,362078,354001,8077,6877,1200,0,2.0630853618427394,2.0630853618427394
13,114,0,9000000,144.26475661089233,0,8000000000,355001,363001,339001,24000,0,8000,0.7999999999999999,0,0.7999999999999999
13,120,1,10000000,155.39565405763443,2282967.8589038895,5000000000,362078,363078,357001,6077,4380,1000,0,1.314078946972287,1.314078946972287
13,123,1,2000000,112.65615162963795,7943197.571671508,3000000000,366485,367085,366001,1084,252,600,0,0.07553633087760908,0.07553633087760908
13,121,0,5000000,137.882489461135,0,8000000000,363001,371001,360001,11000,0,8000,0.7999999999999999,0,0.7999999999999999
13,122,0,7000000,123.26092365384909,0,3000000000,371001,374001,363001,11000,0,3000,0.3,0,0.3
13,124,1,7000000,167.00117514556595,1718244.6785226855,9000000000,374532,376332,369001,7331,4074,1800,0,1.2221775083892827,1.2221775083892827
13,125,1,6000000,154.91055612836718,2311243.2239228957,10000000000,376332,378332,372001,6331,2596,2000,0,0.7788016342757914,0.7788016342757914
13,126,1,4000000,137.02842953197708,3737687.187535453,7000000000,378332,379732,375001,4731,1070,1400,0,0.32105415455894615,0.32105415455894615
13,127,0,6000000,122.2208697399917,0,5000000000,378001,383001,378001,5000,0,5000,0.49999999999999994,0,0.49999999999999994
13,129,1,2000000,102.87385382107543,11165562.70553724,2000000000,384532,384932,384001,931,179,400,0,0.0537366558070958,0.0537366558070958
13,128,0,6000000,111.78645714038878,0,10000000000,383001,393001,381001,12000,0,10000,0.9999999999999999,0,0.9999999999999999
13,134,1,9000000,29.10222671892995,238115970.58130354,5000000000,399303,400303,399001,1302,38,1000,0,0.011339012639129547,0.011339012639129547
13,130,0,5000000,77.39062087876029,0,8000000000,393001,401001,387001,14000,0,8000,0.7999999999999999,0,0.7999999999999999
13,136,1,5000000,78.70294340112065,28702381.92635546,9000000000,405175,406975,405001,1974,174,1800,0,0.052260471059464624,0.052260471059464624
13,131,0,8000000,51.35078675151918,0,8000000000,401001,409001,390001,19000,0,8000,0.7999999999999999,0,0.7999999999999999
13,137,1,4000000,104.91122008631866,10380871.903781576,9000000000,408386,410186,408001,2185,385,1800,0,0.1155972264297819,0.1155972264297819
13,132,0,5000000,27.651692534092692,0,9000000000,409001,418001,393001,25000,0,9000,0.8999999999999999,0,0.8999999999999999
13,139,1,9000000,157.5165492892731,2164261.300444183,9000000000,418159,419959,414001,5958,4158,1800,0,1.247538825115925,1.247538825115925
13,140,1,8000000,176.48798259371657,1380772.3795091433,4000000000,423997,424797,417001,7796,5794,800,0,1.7381575961515006,1.7381575961515006
13,133,0,10000000,10.716254009680792,0,8000000000,418001,426001,396001,30000,0,8000,0.7999999999999999,0,0.7999999999999999
13,141,1,7000000,177.81514558664563,1340385.1486447565,9000000000,426397,428197,420001,8196,5222,1800,0,1.56671386737109,1.56671386737109
13,135,0,10000000,54.5634832099271,0,5000000000,426001,431001,402001,29000,0,5000,0.49999999999999994,0,0.49999999999999994
13,143,1,6000000,196.7582336269565,896833.0848839594,8000000000,432691,434291,426001,8290,6690,1600,0,2.007062440423795,2.007062440423795
13,138,0,8000000,131.18929986854877,0,9000000000,431001,440001,411001,29000,0,9000,0.8999999999999999,0,0.8999999999999999
13,144,1,9000000,213.3316856446787,650078.726042165,4000000000,442845,443645,429001,14644,13844,800,0,4.153343113438347,4.153343113438347
13,142,0,2000000,184.5894151894956,0,8000000000,440001,448001,423001,25000,0,8000,0.7999999999999999,0,0.7999999999999999
13,150,1,6000000,176.04010366959002,1394742.3718108092,8000000000,451303,452903,447001,5902,4302,1600,0,1.2905609210560085,1.2905609210560085
13,145,0,8000000,233.144634293822,0,5000000000,448001,453001,432001,21000,0,5000,0.49999999999999994,0,0.49999999999999994
13,147,0,5000000,210.56797596025848,0,4000000000,453001,457001,438001,19000,0,4000,0.39999999999999997,0,0.39999999999999997
13,146,1,9000000,230.65791987269805,476253.1674855788,9000000000,455703,457503,435001,22502,18898,1800,0,5.669253633009711,5.669253633009711
13,148,0,8000000,194.0628787274887,0,6000000000,457001,463001,441001,22000,0,6000,0.6,0,0.6
13,153,1,4000000,195.83800678111487,913701.7873539411,5000000000,462903,463903,456001,7902,4378,1000,0,1.313338790192336,1.313338790192336
13,152,1,10000000,181.90891402017664,1224723.0474489252,2000000000,463903,464303,453001,11302,8165,400,0,2.449533391446289,2.449533391446289
13,149,0,3000000,182.25454342759198,0,6000000000,463001,469001,444001,25000,0,6000,0.6,0,0.6
13,151,0,7000000,175.92421663886978,0,3000000000,469001,472001,450001,22000,0,3000,0.3,0,0.3
13,156,0,8000000,170.52768836760794,0,3000000000,472001,475001,465001,10000,0,3000,0.3,0,0.3
13,157,0,7000000,178.52842490763203,0,2000000000,475001,477001,468001,9000,0,2000,0.19999999999999998,0,0.19999999999999998
13,155,1,4000000,192.66913608567407,974897.989111211,9000000000,476942,478742,462001,16741,4103,1800,0,1.2308980153851876,1.2308980153851876
13,154,1,6000000,217.55842709488414,601216.7538700398,5000000000,481142,482142,459001,23141,9980,1000,0,2.9939285430976055,2.9939285430976055
13,160,1,2000000,222.26401980527578,552085.2632061355,8000000000,481240,482840,477001,5839,3623,1600,0,1.0867886538314904,1.0867886538314904
13,161,1,2000000,206.89702027820508,734372.3465160724,2000000000,482840,483240,480001,3239,2723,400,0,0.8170242287123872,0.8170242287123872
13,158,0,4000000,193.13000932014688,0,10000000000,477001,487001,471001,16000,0,10000,0.9999999999999999,0,0.9999999999999999
13,159,0,6000000,210.06473216606355,0,2000000000,487001,489001,474001,15000,0,2000,0.19999999999999998,0,0.19999999999999998
13,162,0,4000000,223.82785193089802,0,5000000000,489001,494001,483001,11000,0,5000,0.49999999999999994,0,0.49999999999999994
13,163,0,10000000,245.19748163470194,0,9000000000,494001,503001,486001,17000,0,9000,0.8999999999999999,0,0.8999999999999999
13,169,1,4000000,212.6887145572139,657939.452221721,5000000000,510081,511081,504001,7080,6080,1000,0,1.8238760359298358,1.8238760359298358
13,164,0,10000000,231.698460288367,0,9000000000,503001,512001,489001,23000,0,9000,0.8999999999999999,0,0.8999999999999999
13,167,1,6000000,242.51554527493695,389953.7312331834,5000000000,513387,514387,498001,16386,15386,1000,0,4.6159322397242075,4.6159322397242075
13,171,1,7000000,189.31388036802795,1045358.7109344681,4000000000,516697,517497,510001,7496,6696,800,0,2.008879801769448,2.008879801769448
13,165,0,3000000,220.14410053417282,0,7000000000,512001,519001,492001,27000,0,7000,0.7,0,0.7
13,168,1,9000000,224.78644643305338,527807.4315233843,7000000000,518053,519453,501001,18452,17052,1400,0,5.115502053859159,5.115502053859159
13,174,1,2000000,186.39916308824988,1111780.0914609,7000000000,521696,523096,519001,4095,1799,1400,0,0.5396750711838963,0.5396750711838963
13,172,1,10000000,182.6990150493428,1203848.9679626764,5000000000,523096,524096,513001,11095,8307,1000,0,2.49200695422535,2.49200695422535
13,166,0,4000000,237.62432640619946,0,6000000000,519001,525001,495001,30000,0,6000,0.6,0,0.6
13,170,0,6000000,199.67802908682768,0,2000000000,525001,527001,507001,20000,0,2000,0.19999999999999998,0,0.19999999999999998
13,173,0,7000000,181.0769808672544,0,2000000000,527001,529001,516001,13000,0,2000,0.19999999999999998,0,0.19999999999999998
13,175,1,10000000,199.40686547859883,850399.3434119165,3000000000,533760,534360,522001,12359,11759,600,0,3.5277543700393705,3.5277543700393705
13,178,1,4000000,189.48403257266827,1041635.878950683,7000000000,534841,536241,531001,5240,3840,1400,0,1.1520340497572423,1.1520340497572423
13,177,0,5000000,213.85140869304558,0,8000000000,529001,537001,528001,9000,0,8000,0.7999999999999999,0,0.7999999999999999
13,176,1,8000000,214.4611883301965,636551.2330366931,8000000000,537569,539169,525001,14168,12568,1600,0,3.770317101658423,3.770317101658423
13,180,1,6000000,142.45653126480377,3211536.037375428,8000000000,538971,540571,537001,3570,1868,1600,0,0.5604794649824384,0.5604794649824384
13,179,0,7000000,165.2850943067765,0,10000000000,537001,547001,534001,13000,0,10000,0.9999999999999999,0,0.9999999999999999
13,184,1,8000000,91.47595312430477,17115057.97303445,3000000000,549468,550068,549001,1067,467,600,0,0.14022739530192121,0.14022739530192121
13,181,0,10000000,123.19025326705028,0,7000000000,547001,554001,540001,14000,0,7000,0.7,0,0.7
13,186,1,3000000,106.27909389903543,9890982.845236331,6000000000,555304,556504,555001,1503,303,1200,0,0.0909919685517861,0.0909919685517861
13,182,0,8000000,107.72335911955216,0,5000000000,554001,559001,543001,16000,0,5000,0.49999999999999994,0,0.49999999999999994
13,188,1,6000000,143.10353070417236,3155092.005591662,9000000000,562903,564703,561001,3702,1902,1800,0,0.5705063423855536,0.5705063423855536
13,189,1,7000000,165.63200475753473,1775065.3437001302,5000000000,567945,568945,564001,4944,3944,1000,0,1.1830550393274775,1.1830550393274775
13,183,0,5000000,95.95582994273983,0,10000000000,559001,569001,546001,23000,0,10000,0.9999999999999999,0,0.9999999999999999
13,185,0,6000000,95.14231498129524,0,5000000000,569001,574001,552001,22000,0,5000,0.49999999999999994,0,0.49999999999999994
13,191,1,7000000,157.15056506420842,2184189.779667323,8000000000,573206,574806,570001,4805,3205,1600,0,0.9614549154789351,0.9614549154789351
13,192,1,5000000,137.60866615151826,3676613.331383821,3000000000,574806,575406,573001,2405,1360,600,0,0.4079841595513725,0.4079841595513725
13,187,0,4000000,122.88333532257339,0,4000000000,574001,578001,558001,20000,0,4000,0.39999999999999997,0,0.39999999999999997
13,193,1,8000000,140.58765308518383,3381717.5960591235,5000000000,578367,579367,576001,3366,2366,1000,0,0.709698527989692,0.709698527989692
13,190,1,3000000,169.74884182226396,1610869.3272288446,10000000000,579181,581181,567001,14180,1862,2000,0,0.5587045359838448,0.5587045359838448
13,194,0,7000000,157.27266005253423,0,5000000000,579001,584001,579001,5000,0,5000,0.49999999999999994,0,0.49999999999999994
13,195,0,7000000,166.30933377294255,0,8000000000,584001,592001,582001,10000,0,8000,0.7999999999999999,0,0.7999999999999999
13,196,1,4000000,149.68752286012355,2644947.1404600274,8000000000,590781,592381,585001,7380,1512,1600,0,0.45369526734333443,0.45369526734333443
13,197,0,5000000,142.43429362341075,0,7000000000,592001,599001,588001,11000,0,7000,0.7,0,0.7
13,198,0,8000000,143.84068200616957,0,6000000000,599001,605001,591001,14000,0,6000,0.6,0,0.6
13,199,1,10000000,153.30592584763318,2407916.005025884,10000000000,603181,605181,594001,11180,4153,2000,0,1.245890634780573,1.245890634780573
13,202,0,2000000,201.59039287624793,0,4000000000,605001,609001,603001,6000,0,4000,0.39999999999999997,0,0.39999999999999997
13,200,1,7000000,169.69161028171078,1613019.475576643,7000000000,609981,611381,597001,14380,4340,1400,0,1.3019061652986335,1.3019061652986335
13,201,1,5000000,191.00746058727654,1009028.5926339139,10000000000,612381,614381,600001,14380,4955,2000,0,1.4865782901993698,1.4865782901993698
13,203,1,2000000,188.36822051503276,1066353.6899592332,8000000000,613767,615367,606001,9366,1876,1600,0,0.5626650947519468,0.5626650947519468
13,206,0,7000000,188.30285207611703,0,6000000000,615001,621001,615001,6000,0,6000,0.6,0,0.6
13,204,1,9000000,188.30285207611703,1067824.2680941862,6000000000,621767,622967,609001,13966,8428,1200,0,2.5285059355495463,2.5285059355495463
13,207,0,4000000,188.30285207611703,0,3000000000,621001,624001,618001,6000,0,3000,0.3,0,0.3
13,205,1,7000000,188.30285207611703,1067824.2680941862,9000000000,622967,624767,612001,12766,6555,1800,0,1.9666157276496472,1.9666157276496472
13,209,0,2000000,182.46319628900505,0,5000000000,624001,629001,624001,5000,0,5000,0.49999999999999994,0,0.49999999999999994
13,208,1,8000000,187.645882715289,1082745.0139981455,5000000000,631167,632167,621001,11166,7389,1000,0,2.216588364732115,2.216588364732115
13,210,0,6000000,186.22897304125374,0,7000000000,629001,636001,627001,9000,0,7000,0.7,0,0.7
13,211,1,9000000,202.8744185450694,794043.2566020731,7000000000,641680,643080,630001,13079,11334,1400,0,3.4003185312019824,3.4003185312019824
13,212,0,8000000,223.82464319194168,0,10000000000,636001,646001,633001,13000,0,10000,0.9999999999999999,0,0.9999999999999999
13,216,1,3000000,177.28984178457603,1356192.886011395,6000000000,647213,648413,645001,3412,2212,1200,0,0.6636224163119804,0.6636224163119804
13,213,1,7000000,228.96092985485535,490481.87178027834,9000000000,650273,652073,636001,16072,14272,1800,0,4.281503804366371,4.281503804366371
13,215,1,9000000,189.8624270359989,1033415.799512802,10000000000,652073,654073,642001,12072,8709,2000,0,2.612694717143767,2.612694717143767
13,214,1,9000000,207.43376991223005,726838.8522727274,3000000000,655673,656273,639001,17272,12382,600,0,3.7147161183768076,3.7147161183768076
13,217,1,7000000,170.33118475487686,1589192.177106228,8000000000,656273,657873,648001,9872,4405,1600,0,1.3214260869468322,1.3214260869468322
13,218,1,9000000,170.45972779515984,1584456.1846642748,3000000000,657873,658473,651001,7472,5680,600,0,1.7040546946851005,1.7040546946851005
13,219,1,5000000,177.50486753889314,1349694.345136775,4000000000,658473,659273,654001,5272,3705,800,0,1.1113627358703895,1.1113627358703895
13,221,1,2000000,208.76417748263233,708577.1197722255,8000000000,662824,664424,660001,4423,2823,1600,0,0.8467673923663694,0.8467673923663694
13,220,1,7000000,190.67738329440127,1015984.4807072147,4000000000,664424,665224,657001,8223,6890,800,0,2.0669607064649402,2.0669607064649402
13,222,1,2000000,230.07396832323295,481090.5768166606,7000000000,667158,668558,663001,5557,4157,1400,0,1.247166394258133,1.247166394258133
13,223,0,3000000,236.4762537761456,0,7000000000,666001,673001,666001,7000,0,7000,0.7,0,0.7
13,225,0,6000000,231.72034222312035,0,3000000000,673001,676001,672001,4000,0,3000,0.3,0,0.3
13,224,1,4000000,235.7351518123676,436649.85005334375,4000000000,678162,678962,669001,9961,9161,800,0,2.748197439787053,2.748197439787053
13,227,1,4000000,231.72034222312035,467606.75192203204,2000000000,686555,686955,678001,8954,8554,400,0,2.5662589239089644,2.5662589239089644
13,228,0,5000000,228.84570566213384,0,7000000000,681001,688001,681001,7000,0,7000,0.7,0,0.7
13,229,0,2000000,215.78498047825292,0,4000000000,688001,692001,684001,8000,0,4000,0.39999999999999997,0,0.39999999999999997
13,230,1,6000000,198.1106097613149,872740.2742488122,7000000000,693876,695276,687001,8275,6875,1400,0,2.062469274205664,2.062469274205664
13,226,1,9000000,231.72034222312035,467606.75192203204,8000000000,695276,696876,675001,21875,19247,1600,0,5.77408257879517,5.77408257879517
13,231,1,9000000,184.87072375040887,1148710.7800442812,5000000000,698676,699676,690001,9675,7835,1000,0,2.3504610968271047,2.3504610968271047
13,234,1,2000000,199.42918166607413,850021.0010235494,7000000000,701354,702754,699001,3753,2353,1400,0,0.7058649130756915,0.7058649130756915
13,232,0,7000000,177.43715986230166,0,10000000000,693001,703001,693001,10000,0,10000,0.9999999999999999,0,0.9999999999999999
13,233,0,8000000,190.30208643102154,0,3000000000,703001,706001,696001,10000,0,3000,0.3,0,0.3
13,235,1,6000000,172.0488921789385,1527328.5281917283,5000000000,705929,706929,702001,4928,3928,1000,0,1.1785283694864912,1.1785283694864912
13,236,1,5000000,147.27750676868482,2818945.091930855,4000000000,706929,707729,705001,2728,1774,800,0,0.5321139472683255,0.5321139472683255
13,237,1,7000000,120.01489990830308,6241388.717101401,5000000000,709123,710123,708001,2122,1122,1000,0,0.3364635812933749,0.3364635812933749
13,239,1,2000000,66.0450126807468,49473842.8335973,3000000000,714041,714641,714001,640,40,600,0,0.01212762069075711,0.01212762069075711
13,240,1,4000000,48.93442551006396,104711236.58765042,10000000000,717039,719039,717001,2038,38,2000,0,0.011460088134815584,0.011460088134815584
13,238,0,7000000,92.83009102656311,0,9000000000,711001,720001,711001,9000,0,9000,0.8999999999999999,0,0.8999999999999999
13,241,0,6000000,25.83520466340457,0,2000000000,720001,722001,720001,2000,0,2000,0.19999999999999998,0,0.19999999999999998
13,242,1,4000000,15.500012903220453,417401580.2180957,6000000000,723011,724211,723001,1210,10,1200,0,0.0028749292213340214,0.0028749292213340214
13,243,1,3000000,36.416446833813936,177182962.35807168,5000000000,726018,727018,726001,1017,17,1000,0,0.005079495161510939,0.005079495161510939
13,246,1,10000000,105.89638567958774,10025197.808448007,2000000000,735998,736398,735001,1397,997,400,0,0.29924596574762524,0.29924596574762524
13,244,0,3000000,53.610302181577055,0,8000000000,729001,737001,729001,8000,0,8000,0.7999999999999999,0,0.7999999999999999
13,245,0,5000000,78.79148304226798,0,6000000000,737001,743001,732001,11000,0,6000,0.6,0,0.6
13,248,1,8000000,157.8943545539232,2143924.8825695394,5000000000,744732,745732,741001,4731,3731,1000,0,1.1194422059804396,1.1194422059804396
13,247,0,9000000,131.31751787175995,0,5000000000,743001,748001,738001,10000,0,5000,0.49999999999999994,0,0.49999999999999994
13,249,1,7000000,185.2405527955474,1139636.571202697,9000000000,750143,751943,744001,7942,6142,1800,0,1.8426927084165077,1.8426927084165077
13,250,1,7000000,204.3730065346204,771131.2009906466,7000000000,756079,757479,747001,10478,9078,1400,0,2.7232719896461197,2.7232719896461197
13,253,1,5000000,124.94887594532415,5345940.654268397,4000000000,757479,758279,756001,2278,935,800,0,0.28058672869896983,0.28058672869896983
13,251,0,3000000,179.5587327311039,0,10000000000,750001,760001,750001,10000,0,10000,0.9999999999999999,0,0.9999999999999999
13,254,1,9000000,97.74951099621929,13473970.011680696,4000000000,759669,760469,759001,1468,668,800,0,0.20038637444341553,0.20038637444341553
13,255,1,4000000,73.2359836419229,36201219.345445074,3000000000,762111,762711,762001,710,110,600,0,0.03314805472570324,0.03314805472570324
13,252,0,5000000,152.2226382638272,0,8000000000,760001,768001,753001,15000,0,8000,0.7999999999999999,0,0.7999999999999999
13,256,0,10000000,46.554536835844516,0,3000000000,768001,771001,765001,6000,0,3000,0.3,0,0.3
13,258,1,9000000,16.374006840110948,401628277.9478817,2000000000,771023,771423,771001,422,22,400,0,0.006722634207420954,0.006722634207420954
13,260,1,7000000,64.34239659819964,53312639.70279374,8000000000,777620,779220,777001,2219,131,1600,0,0.03939028364956301,0.03939028364956301
13,257,0,4000000,21.93021659719757,0,9000000000,771001,780001,768001,12000,0,9000,0.8999999999999999,0,0.8999999999999999
13,261,1,6000000,91.25163067036118,17265273.925826013,10000000000,780620,782620,780001,2619,348,2000,0,0.1042555135663093,0.1042555135663093
13,262,1,3000000,115.98948271287362,7110354.660727447,7000000000,783423,784823,783001,1822,422,1400,0,0.12657596462395346,0.12657596462395346
13,259,0,5000000,37.993727113827674,0,6000000000,780001,786001,774001,12000,0,6000,0.6,0,0.6
13,263,1,4000000,143.28119625407945,3139807.1604114454,5000000000,787442,788442,786001,2441,1274,1000,0,0.3821890768102937,0.3821890768102937
13,264,1,5000000,170.62966242714063,1578222.044594871,9000000000,792169,793969,789001,4968,3168,1800,0,0.950436603732176,0.950436603732176
13,265,1,8000000,124.55594245157468,5411239.150854042,5000000000,795969,796969,792001,4968,1478,1000,0,0.443521332747087,0.443521332747087
13,267,1,5000000,178.53843423756132,1318992.4671248265,10000000000,801792,803792,798001,5791,3791,2000,0,1.1372316653708707,1.1372316653708707
13,266,0,3000000,148.20978274054644,0,10000000000,795001,805001,795001,10000,0,10000,0.9999999999999999,0,0.9999999999999999
13,269,0,10000000,187.69072459767415,0,4000000000,805001,809001,804001,5000,0,4000,0.39999999999999997,0,0.39999999999999997
13,268,1,7000000,188.45299599634913,1064450.2680515943,8000000000,807577,809177,801001,8176,6576,1600,0,1.9728493317437092,1.9728493317437092
13,271,1,2000000,203.25987552884118,788069.8413054757,9000000000,812539,814339,810001,4338,2538,1800,0,0.7613538401698904,0.7613538401698904
13,272,0,8000000,217.10902790994214,0,3000000000,813001,816001,813001,3000,0,3000,0.3,0,0.3
13,270,1,10000000,193.11818479884278,965922.2549629195,8000000000,817354,818954,807001,11953,10353,1600,0,3.105840024480196,3.105840024480196
13,276,0,10000000,221.75347979231344,0,6000000000,825001,831001,825001,6000,0,6000,0.6,0,0.6
13,274,1,5000000,243.88903583392178,381266.34978545044,9000000000,832115,833915,819001,14914,13114,1800,0,3.9342575101214496,3.9342575101214496
13,273,1,10000000,228.19667394596277,497062.96608582605,8000000000,836119,837719,816001,21718,20118,1600,0,6.035452658289576,6.035452658289576
13,279,1,2000000,189.41887577535667,1043059.5194223459,9000000000,836259,838059,834001,4058,1917,1800,0,0.575230836618302,0.575230836618302
13,275,1,6000000,238.31158196780962,418124.80043611175,5000000000,838059,839059,822001,17058,14350,1000,0,4.304934790097519,4.304934790097519
13,277,1,7000000,207.6013220092781,724506.9361374063,8000000000,839059,840659,828001,12658,9662,1600,0,2.8985229750812556,2.8985229750812556
13,280,0,6000000,192.12808748332463,0,8000000000,837001,845001,837001,8000,0,8000,0.7999999999999999,0,0.7999999999999999
13,278,1,10000000,194.6882071415728,935337.9210107866,4000000000,845459,846259,831001,15258,10691,800,0,3.2073969552715305,3.2073969552715305
13,281,0,5000000,198.85095725190772,0,5000000000,845001,850001,840001,10000,0,5000,0.49999999999999994,0,0.49999999999999994
13,283,0,10000000,178.51235615497322,0,6000000000,850001,856001,846001,10000,0,6000,0.6,0,0.6
13,282,1,8000000,199.24665768840399,853121.6286218269,7000000000,856459,857859,843001,14858,9377,1400,0,2.8131979303784314,2.8131979303784314
13,285,1,4000000,111.57645629791251,8237980.9631389,2000000000,857859,858259,852001,6258,486,400,0,0.1456667605047204,0.1456667605047204
13,286,1,9000000,84.32764967672225,22750076.464702092,3000000000,858259,858859,855001,3858,396,600,0,0.11868091978456372,0.11868091978456372
13,284,0,2000000,144.3328597374833,0,4000000000,856001,860001,849001,11000,0,4000,0.39999999999999997,0,0.39999999999999997
13,287,1,5000000,69.42521515991147,42684187.1337865,6000000000,860259,861459,858001,3458,117,1200,0,0.035141819505628606,0.035141819505628606
13,290,1,3000000,110.81225789595658,8454638.53790282,3000000000,870363,870963,867001,3962,355,600,0,0.10645044089883063,0.10645044089883063
13,288,0,9000000,74.6858654632857,0,10000000000,861001,871001,861001,10000,0,10000,0.9999999999999999,0,0.9999999999999999
13,292,1,5000000,168.40154393591524,1662445.6980786794,5000000000,876009,877009,873001,4008,3008,1000,0,0.9022851102647016,0.9022851102647016
13,289,0,8000000,94.77666590464133,0,8000000000,871001,879001,864001,15000,0,8000,0.7999999999999999,0,0.7999999999999999
13,291,0,6000000,133.97831018489524,0,2000000000,879001,881001,870001,11000,0,2000,0.19999999999999998,0,0.19999999999999998
13,293,0,2000000,192.36083723045087,0,4000000000,881001,885001,876001,9000,0,4000,0.39999999999999997,0,0.39999999999999997
13,295,1,4000000,186.88923992568436,1100252.400278989,8000000000,885745,887345,882001,5344,3636,1600,0,1.0906588340054684,1.0906588340054684
13,296,1,8000000,163.2597010900118,1879146.9830556961,8000000000,889258,890858,885001,5857,4257,1600,0,1.2771752404898846,1.2771752404898846
13,294,0,8000000,216.23990866627736,0,6000000000,885001,891001,879001,12000,0,6000,0.6,0,0.6
13,297,1,7000000,135.57720641759806,3895993.2711983626,6000000000,891258,892458,888001,4457,1797,1200,0,0.5390153046527373,0.5390153046527373
13,298,0,9000000,109.75112254551202,0,4000000000,891001,895001,891001,4000,0,4000,0.39999999999999997,0,0.39999999999999997
13,299,1,4000000,90.52809066803522,17760367.203355573,6000000000,894432,895632,894001,1631,225,1200,0,0.06756617057857209,0.06756617057857209
13,300,0,6000000,76.1493125379343,0,2000000000,897001,899001,897001,2000,0,2000,0.19999999999999998,0,0.19999999999999998
13,301,1,6000000,68.40424840607491,44624791.02531384,4000000000,900135,900935,900001,934,134,800,0,0.04033632334499747,0.04033632334499747
13,302,1,2000000,74.02849248769017,34991691.969892316,9000000000,903058,904858,903001,1857,57,1800,0,0.01714692734824753,0.01714692734824753
13,303,1,5000000,86.07409889159459,21197453.577032495,7000000000,906553,907953,906001,1952,236,1400,0,0.07076321665472378,0.07076321665472378
13,304,1,5000000,95.882553678967,14452860.699458484,3000000000,913001,913601,909001,4600,346,600,0,0.10378568168557811,0.10378568168557811
13,306,1,8000000,136.70555877505495,3772212.4379743272,10000000000,917122,919122,915001,4121,2121,2000,0,0.6362313998648487,0.6362313998648487
13,305,0,3000000,119.77254485064594,0,8000000000,912001,920001,912001,8000,0,8000,0.7999999999999999,0,0.7999999999999999
13,307,1,4000000,146.01357539626235,2915853.5804418684,7000000000,922722,924122,918001,6121,1372,1400,0,0.4115432983497587,0.4115432983497587
13,309,0,7000000,207.59229272783708,0,5000000000,924001,929001,924001,5000,0,5000,0.49999999999999994,0,0.49999999999999994
13,308,1,7000000,171.38219860884033,1550978.2240542297,8000000000,928122,929722,921001,8721,4513,1600,0,1.353984193608236,1.353984193608236
13,311,1,2000000,196.51949343512973,901171.9168702166,5000000000,932220,933220,930001,3219,2219,1000,0,0.6657997089876134,0.6657997089876134
13,310,0,5000000,199.5173157898833,0,8000000000,929001,937001,927001,10000,0,8000,0.7999999999999999,0,0.7999999999999999
13,312,1,6000000,196.51949343512973,901171.9168702166,6000000000,939659,940859,933001,7858,6658,1200,0,1.9973991269628404,1.9973991269628404
13,313,0,10000000,192.39591809599287,0,10000000000,937001,947001,936001,11000,0,10000,0.9999999999999999,0,0.9999999999999999
13,314,1,7000000,204.55625436539455,768386.3440403913,5000000000,948111,949111,939001,10110,9110,1000,0,2.733000158432814,2.733000158432814
13,315,1,6000000,226.44058668887075,512607.21464846557,8000000000,953776,955376,942001,13375,11705,1600,0,3.511460526817593,3.511460526817593
13,316,0,4000000,235.66746444938047,0,10000000000,947001,957001,945001,12000,0,10000,0.9999999999999999,0,0.9999999999999999
13,319,1,4000000,182.70131307683587,1203788.903357305,2000000000,957324,957724,954001,3723,3323,400,0,0.996852518455073,0.996852518455073
13,320,1,5000000,179.1625432393724,1300873.4087473976,9000000000,961425,963225,957001,6224,3844,1800,0,1.1530714594622546,1.1530714594622546
13,317,0,8000000,212.41809362669647,0,7000000000,957001,964001,948001,16000,0,7000,0.7,0,0.7
13,318,0,8000000,194.21881474254755,0,2000000000,964001,966001,951001,15000,0,2000,0.19999999999999998,0,0.19999999999999998
13,321,1,5000000,183.97342661373682,1171103.5118357623,9000000000,964270,966070,960001,6069,4269,1800,0,1.2808432259319897,1.2808432259319897
13,323,1,3000000,181.3575123892032,1239557.9364344885,7000000000,968421,969821,966001,3820,2420,1400,0,0.7260652959786569,0.7260652959786569
13,322,0,5000000,177.42552944827307,0,5000000000,966001,971001,963001,8000,0,5000,0.49999999999999994,0,0.49999999999999994
13,324,1,6000000,184.32271916397065,1162322.6553657383,6000000000,974163,975363,969001,6362,5162,1200,0,1.548623346271788,1.548623346271788
13,325,1,5000000,184.32271916397065,1162322.6553657383,9000000000,976303,978103,972001,6102,4302,1800,0,1.29051945522649,1.29051945522649
13,326,0,9000000,184.54139183391888,0,6000000000,975001,981001,975001,6000,0,6000,0.6,0,0.6
13,327,1,5000000,178.51407479523849,1319706.0089196954,5000000000,981790,982790,978001,4789,3789,1000,0,1.1366167842396144,1.1366167842396144
13,328,0,9000000,173.26583535134674,0,6000000000,981001,987001,981001,6000,0,6000,0.6,0,0.6
13,330,1,4000000,183.90060820997846,1172944.4748302912,8000000000,990411,992011,987001,5010,3410,1600,0,1.0230663307175076,1.0230663307175076
13,329,0,3000000,174.5087608115994,0,10000000000,987001,997001,984001,13000,0,10000,0.9999999999999999,0,0.9999999999999999
14,1,0,8000000,199.09251116001323,0,4000000000,1,4001,1,4000,0,4000,0.39999999999999997,0,0.39999999999999997
14,2,0,4000000,196.7388637254978,0,10000000000,4001,14001,3001,11000,0,10000,0.9999999999999999,0,0.9999999999999999
14,3,0,4000000,192.60199635517802,0,9000000000,14001,23001,6001,17000,0,9000,0.8999999999999999,0,0.8999999999999999
14,5,1,9000000,201.01072458951037,823733.7374855722,3000000000,22927,23527,12001,11526,10926,600,0,3.277758184630978,3.277758184630978
14,4,0,8000000,193.20777054766714,0,6000000000,23001,29001,9001,20000,0,6000,0.6,0,0.6
14,6,1,9000000,215.19817331938486,627913.6347345742,8000000000,29334,30934,15001,15933,14333,1600,0,4.299954405578911,4.299954405578911
14,8,1,2000000,250.12917342845077,344707.1869588084,8000000000,32819,34419,21001,13418,5802,1600,0,1.7406077468054022,1.7406077468054022
14,7,0,2000000,234.59019523415725,0,9000000000,29001,38001,18001,20000,0,9000,0.8999999999999999,0,0.8999999999999999
14,12,1,4000000,155.26957783158937,2290275.197808683,9000000000,43819,45619,33001,12618,1747,1800,0,0.5239545016896443,0.5239545016896443
14,10,0,2000000,214.0234410058861,0,8000000000,38001,46001,27001,19000,0,8000,0.7999999999999999,0,0.7999999999999999
14,11,0,4000000,186.767198940285,0,2000000000,46001,48001,30001,18000,0,2000,0.19999999999999998,0,0.19999999999999998
14,9,1,6000000,228.16453054758537,497342.1629527015,9000000000,46619,48419,24001,24418,12064,1800,0,3.6192386933644807,3.6192386933644807
14,13,1,7000000,126.84310347827352,5044346.325697881,4000000000,48419,49219,36001,13218,1388,800,0,0.41630765701033956,0.41630765701033956
14,15,0,3000000,72.17717090604205,0,4000000000,48001,52001,42001,10000,0,4000,0.39999999999999997,0,0.39999999999999997
14,14,1,9000000,97.27600834738234,13714621.064895501,7000000000,51419,52819,39001,13818,656,1400,0,0.1968701860025159,0.1968701860025159
14,19,0,10000000,149.07828178510775,0,3000000000,54001,57001,54001,3000,0,3000,0.3,0,0.3
14,16,1,10000000,67.31858584373263,46791095.18431064,8000000000,58819,60419,45001,15418,214,1600,0,0.06411476346477822,0.06411476346477822
14,17,1,8000000,87.251455575251,20219382.044551123,5000000000,61019,62019,48001,14018,396,1000,0,0.11869798961767829,0.11869798961767829
14,18,1,7000000,116.2517311699056,7049436.076565964,4000000000,63219,64019,51001,13018,993,800,0,0.29789616888376497,0.29789616888376497
14,21,0,2000000,208.7757265584292,0,6000000000,60001,66001,60001,6000,0,6000,0.6,0,0.6
14,20,1,3000000,176.37795128643486,1384188.240926157,8000000000,68819,70419,57001,13418,2167,1600,0,0.650200582109997,0.650200582109997
14,22,0,4000000,191.44625355435923,0,9000000000,66001,75001,63001,12000,0,9000,0.8999999999999999,0,0.8999999999999999
14,26,1,6000000,81.85536573737852,25175078.130826313,8000000000,75239,76839,75001,1838,238,1600,0,0.07149928157704269,0.07149928157704269
14,23,0,7000000,157.51920676539734,0,7000000000,75001,82001,66001,16000,0,7000,0.7,0,0.7
14,24,0,3000000,128.5562931170621,0,2000000000,82001,84001,69001,15000,0,2000,0.19999999999999998,0,0.19999999999999998
14,29,1,7000000,49.575006807866394,101855108.00829852,2000000000,86214,86614,84001,2613,69,400,0,0.020617522685547642,0.020617522685547642
14,25,0,8000000,103.75044385447221,0,3000000000,84001,87001,72001,15000,0,3000,0.3,0,0.3
14,27,0,9000000,62.38667966801887,0,4000000000,87001,91001,78001,13000,0,4000,0.39999999999999997,0,0.39999999999999997
14,30,1,4000000,66.79511434229305,47874870.23725773,3000000000,90414,91014,87001,4013,84,600,0,0.025065342089765547,0.025065342089765547
14,28,0,3000000,47.62449894749548,0,6000000000,91001,97001,81001,16000,0,6000,0.6,0,0.6
14,31,1,5000000,85.69518189490003,21523724.987285282,5000000000,96214,97214,90001,7213,232,1000,0,0.06969053920202453,0.06969053920202453
14,32,1,10000000,78.23246640621781,29274886.362591557,9000000000,104014,105814,93001,12813,342,1800,0,0.10247691358534193,0.10247691358534193
14,33,1,4000000,78.72712366141671,28673297.507036865,3000000000,110614,111214,96001,15213,140,600,0,0.04185078467886373,0.04185078467886373
14,36,0,3000000,127.92223653454472,0,8000000000,105001,113001,105001,8000,0,8000,0.7999999999999999,0,0.7999999999999999
14,34,1,2000000,88.90298645152481,18933808.9739652,4000000000,115414,116214,99001,17213,106,800,0,0.03168934474964999,0.03168934474964999
14,37,0,10000000,152.87575510851943,0,4000000000,113001,117001,108001,9000,0,4000,0.39999999999999997,0,0.39999999999999997
14,35,1,5000000,105.44413592040105,10186628.626407325,10000000000,117814,119814,102001,17813,491,2000,0,0.14725185878588645,0.14725185878588645
14,38,0,5000000,173.96286097900318,0,4000000000,117001,121001,111001,10000,0,4000,0.39999999999999997,0,0.39999999999999997
14,41,1,5000000,203.3900088499924,786065.8186140904,10000000000,126362,128362,120001,8361,6361,2000,0,1.9082371532763556,1.9082371532763556
14,39,0,5000000,185.7547334524749,0,9000000000,121001,130001,114001,16000,0,9000,0.8999999999999999,0,0.8999999999999999
14,45,1,4000000,117.01711755123695,6875231.872869766,4000000000,132962,133762,132001,1761,582,800,0,0.17453956785592922,0.17453956785592922
14,40,1,5000000,213.25083821640658,651060.6773566277,10000000000,133014,135014,117001,18013,7680,2000,0,2.3039327241973084,2.3039327241973084
14,42,0,2000000,178.37692956209335,0,9000000000,130001,139001,123001,16000,0,9000,0.8999999999999999,0,0.8999999999999999
14,43,0,9000000,151.78970749033022,0,5000000000,139001,144001,126001,18000,0,5000,0.49999999999999994,0,0.49999999999999994
14,44,0,7000000,126.74562596003067,0,4000000000,144001,148001,129001,19000,0,4000,0.39999999999999997,0,0.39999999999999997
14,48,1,9000000,180.14949153411453,1272847.475950642,2000000000,148919,149319,141001,8318,7071,400,0,2.121228231201442,2.121228231201442
14,46,0,9000000,139.29438646262813,0,2000000000,148001,150001,135001,15000,0,2000,0.19999999999999998,0,0.19999999999999998
14,50,1,10000000,124.0891880866339,5490077.183661753,9000000000,152288,154088,147001,7087,1821,1800,0,0.5464404050507483,0.5464404050507483
14,47,0,7000000,164.72230025105887,0,5000000000,150001,155001,138001,17000,0,5000,0.49999999999999994,0,0.49999999999999994
14,49,0,2000000,153.9381934413939,0,4000000000,155001,159001,144001,15000,0,4000,0.39999999999999997,0,0.39999999999999997
14,52,1,10000000,165.69315737229462,1772478.2055253934,9000000000,158643,160443,153001,7442,5642,1800,0,1.692545494013986,1.692545494013986
14,54,1,6000000,157.70226028817723,2154235.164897824,4000000000,161972,162772,159001,3771,2785,800,0,0.8355633727134774,0.8355633727134774
14,53,1,8000000,181.63154819579114,1232157.5219210468,7000000000,162772,164172,156001,8171,6493,1400,0,1.9478029045005378,1.9478029045005378
14,55,1,2000000,149.41512272859126,2663935.274864839,6000000000,164172,165372,162001,3371,751,1200,0,0.22523069748023156,0.22523069748023156
14,51,0,6000000,142.46025164936364,0,10000000000,159001,169001,150001,19000,0,10000,0.9999999999999999,0,0.9999999999999999
14,56,0,8000000,166.81013698213906,0,4000000000,169001,173001,165001,8000,0,4000,0.39999999999999997,0,0.39999999999999997
14,57,0,6000000,186.9467841392304,0,9000000000,173001,182001,168001,14000,0,9000,0.8999999999999999,0,0.8999999999999999
14,60,1,6000000,191.75609925110592,993470.537879214,2000000000,183040,183440,177001,6439,6039,400,0,1.8118302771640358,1.8118302771640358
14,59,1,7000000,205.9797274005381,747473.5622578373,7000000000,183440,184840,174001,10839,9365,1400,0,2.809463914224187,2.809463914224187
14,62,1,2000000,179.7760206479162,1283363.6255581842,9000000000,184840,186640,183001,3639,1558,1800,0,0.46752143200181234,0.46752143200181234
14,61,0,8000000,182.7086380005061,0,6000000000,182001,188001,180001,8000,0,6000,0.6,0,0.6
14,58,1,10000000,207.23482936031775,729619.7785595681,8000000000,186640,188240,171001,17239,13706,1600,0,4.1117306412974,4.1117306412974
14,64,1,3000000,192.97686493463405,968735.8670372204,6000000000,192098,193298,189001,4297,3097,1200,0,0.9290458117882617,0.9290458117882617
14,63,0,9000000,183.34034607799776,0,6000000000,188001,194001,186001,8000,0,6000,0.6,0,0.6
14,65,0,6000000,207.84272154684658,0,6000000000,194001,200001,192001,8000,0,6000,0.6,0,0.6
14,66,0,6000000,225.05848684286488,0,10000000000,200001,210001,195001,15000,0,10000,0.9999999999999999,0,0.9999999999999999
14,69,1,4000000,214.21643844485882,639452.4736429862,2000000000,210256,210656,204001,6655,6255,400,0,1.8766054546064266,1.8766054546064266
14,71,1,4000000,186.10171761700641,1118849.9894146186,8000000000,213872,215472,210001,5471,3575,1600,0,1.0725298398830383,1.0725298398830383
14,72,1,2000000,169.9351808778865,1603893.3134665978,4000000000,215472,216272,213001,3271,1247,800,0,0.37408971966045634,0.37408971966045634
14,67,0,9000000,244.35361855311245,0,10000000000,210001,220001,198001,22000,0,10000,0.9999999999999999,0,0.9999999999999999
14,74,1,5000000,144.17241795849858,3064498.19079323,2000000000,220633,221033,219001,2032,1632,400,0,0.4894765493765008,0.4894765493765008
14,68,0,6000000,235.48079008700475,0,3000000000,220001,223001,201001,22000,0,3000,0.3,0,0.3
14,75,1,8000000,147.277519330005,2818944.1487670145,8000000000,224839,226439,222001,4438,2838,1600,0,0.8513826004852711,0.8513826004852711
14,70,0,8000000,194.97769769899327,0,4000000000,223001,227001,207001,20000,0,4000,0.39999999999999997,0,0.39999999999999997
14,77,1,8000000,152.86932360679822,2435081.453648284,7000000000,231286,232686,228001,4685,3285,1400,0,0.9855933140980871,0.9855933140980871
14,78,1,8000000,133.61926956842711,4122866.4389651567,3000000000,233886,234486,231001,3485,1940,600,0,0.5821192695736227,0.5821192695736227
14,73,0,9000000,156.19254015477176,0,8000000000,227001,235001,216001,19000,0,8000,0.7999999999999999,0,0.7999999999999999
14,76,0,2000000,155.84542758772233,0,7000000000,235001,242001,225001,17000,0,7000,0.7,0,0.7
14,83,1,8000000,142.41434337874819,3215259.5837694355,6000000000,248489,249689,246001,3688,2488,1200,0,0.7464405089141638,0.7464405089141638
14,79,0,8000000,148.81040823813365,0,9000000000,242001,251001,234001,17000,0,9000,0.8999999999999999,0,0.8999999999999999
14,84,1,10000000,148.59825705572726,2721895.6187541173,3000000000,252675,253275,249001,4274,3674,600,0,1.102173051504884,1.102173051504884
14,86,1,2000000,161.14137891925836,1978553.77581637,6000000000,256012,257212,255001,2211,1011,1200,0,0.3032518030764336,0.3032518030764336
14,80,0,8000000,143.8330101193742,0,8000000000,251001,259001,237001,22000,0,8000,0.7999999999999999,0,0.7999999999999999
14,81,0,7000000,144.73060008166897,0,2000000000,259001,261001,240001,21000,0,2000,0.19999999999999998,0,0.19999999999999998
14,88,1,2000000,193.54948953691402,957397.8590208315,3000000000,263090,263690,261001,2689,2089,600,0,0.6266987066522622,0.6266987066522622
14,87,1,9000000,176.03782690092493,1394813.8351451026,10000000000,264453,266453,258001,8452,6452,2000,0,1.9357421986849728,1.9357421986849728
14,82,0,4000000,141.34102199998412,0,6000000000,261001,267001,243001,24000,0,6000,0.6,0,0.6
14,85,0,2000000,149.9628463986997,0,5000000000,267001,272001,252001,20000,0,5000,0.49999999999999994,0,0.49999999999999994
14,89,0,4000000,207.62084023527117,0,6000000000,272001,278001,264001,14000,0,6000,0.6,0,0.6
14,90,0,8000000,225.94074975532854,0,5000000000,278001,283001,267001,16000,0,5000,0.49999999999999994,0,0.49999999999999994
14,92,1,4000000,234.35857761131763,446967.7612559601,7000000000,281950,283350,273001,10349,8949,1400,0,2.6847573897232584,2.6847573897232584
14,93,0,6000000,230.27883315667552,0,3000000000,283001,286001,276001,10000,0,3000,0.3,0,0.3
14,95,1,2000000,229.3379275218122,487275.5382145057,9000000000,286668,288468,282001,6467,4104,1800,0,1.2313361803437615,1.2313361803437615
14,96,0,9000000,214.99727463388922,0,6000000000,286001,292001,285001,7000,0,6000,0.6,0,0.6
14,97,0,8000000,197.89481473752667,0,6000000000,292001,298001,288001,10000,0,6000,0.6,0,0.6
14,94,1,9000000,230.27883315667552,479386.5424324428,4000000000,297775,298575,279001,19574,18774,800,0,5.632198155375828,5.632198155375828
14,91,1,10000000,248.02577950688917,356520.778292104,6000000000,298050,299250,270001,29249,28049,1200,0,8.414656824130583,8.414656824130583
14,98,0,7000000,183.6903203764423,0,4000000000,298001,302001,291001,11000,0,4000,0.39999999999999997,0,0.39999999999999997
14,99,0,3000000,175.06157002609112,0,2000000000,302001,304001,294001,10000,0,2000,0.19999999999999998,0,0.19999999999999998
14,101,1,7000000,177.2567860478126,1357195.3475924716,2000000000,305159,305559,300001,5558,5158,400,0,1.5473085755305522,1.5473085755305522
14,100,0,7000000,172.8164659400255,0,5000000000,304001,309001,297001,12000,0,5000,0.49999999999999994,0,0.49999999999999994
14,102,0,4000000,179.8636755990492,0,4000000000,309001,313001,303001,10000,0,4000,0.39999999999999997,0,0.39999999999999997
14,105,1,9000000,136.4719370420161,3797439.059566522,7000000000,316053,317453,312001,5452,2370,1400,0,0.7110054849196725,0.7110054849196725
14,103,0,6000000,180.49316690667268,0,5000000000,313001,318001,306001,12000,0,5000,0.49999999999999994,0,0.49999999999999994
14,106,1,2000000,112.5752024204265,7964851.487101246,9000000000,317453,319253,315001,4252,251,1800,0,0.07533097145272272,0.07533097145272272
14,107,1,7000000,116.08585271255063,7087894.539700475,8000000000,319253,320853,318001,2852,988,1600,0,0.29627980329525944,0.29627980329525944
14,104,0,3000000,161.64334598120644,0,10000000000,318001,328001,309001,19000,0,10000,0.9999999999999999,0,0.9999999999999999
14,108,0,6000000,136.0588791663374,0,2000000000,328001,330001,321001,9000,0,2000,0.19999999999999998,0,0.19999999999999998
14,110,1,10000000,165.53206728607,1779303.4178716354,4000000000,332621,333421,327001,6420,5620,800,0,1.6860530755280263,1.6860530755280263
14,109,0,5000000,156.91646758705727,0,8000000000,330001,338001,324001,14000,0,8000,0.7999999999999999,0,0.7999999999999999
14,112,1,3000000,168.82025263575454,1646200.2044987753,7000000000,337421,338821,333001,5820,1822,1400,0,0.5467135756273499,0.5467135756273499
14,113,0,4000000,172.85710659385688,0,2000000000,338001,340001,336001,4000,0,2000,0.19999999999999998,0,0.19999999999999998
14,111,1,10000000,168.82025263575454,1646200.2044987753,10000000000,338821,340821,330001,10820,6075,2000,0,1.8223785854244996,1.8223785854244996
14,114,0,2000000,156.07046261224448,0,4000000000,340001,344001,339001,5000,0,4000,0.39999999999999997,0,0.39999999999999997
14,117,0,5000000,82.24949847871412,0,3000000000,348001,351001,348001,3000,0,3000,0.3,0,0.3
14,121,0,9000000,27.698810443771727,0,4000000000,360001,364001,360001,4000,0,4000,0.39999999999999997,0,0.39999999999999997
14,115,1,4000000,134.2946882791721,4042812.1123956037,7000000000,363379,364779,342001,22778,989,1400,0,0.2968230940836203,0.2968230940836203
14,123,0,4000000,66.62554615160767,0,5000000000,366001,371001,366001,5000,0,5000,0.49999999999999994,0,0.49999999999999994
14,116,1,2000000,109.46459016503924,8853729.317924498,3000000000,373379,373979,345001,28978,226,600,0,0.06776805326375765,0.06776805326375765
14,118,1,8000000,55.08766286565441,80109269.93665649,4000000000,378979,379779,351001,28778,100,800,0,0.029959079665782914,0.029959079665782914
14,128,0,6000000,109.8705146979844,0,3000000000,381001,384001,381001,3000,0,3000,0.3,0,0.3
14,119,1,2000000,28.147870256912878,247404089.3205636,2000000000,386179,386579,354001,32578,8,400,0,0.0024251822257576948,0.0024251822257576948
14,120,1,9000000,6.014025274306711,690358209.3651603,2000000000,388979,389379,357001,32378,13,400,0,0.003911013099247225,0.003911013099247225
14,130,0,4000000,167.00575858334946,0,7000000000,387001,394001,387001,7000,0,7000,0.7,0,0.7
14,122,1,8000000,53.80666129764977,84731847.65011458,9000000000,396979,398779,363001,35778,94,1800,0,0.028324650843333223,0.028324650843333223
14,131,0,7000000,174.0341161956471,0,6000000000,394001,400001,390001,10000,0,6000,0.6,0,0.6
14,134,0,4000000,198.4166323673497,0,2000000000,400001,402001,399001,3000,0,2000,0.19999999999999998,0,0.19999999999999998
14,124,1,10000000,82.1352256951912,24886337.40377591,8000000000,402579,404179,369001,35178,402,1600,0,0.12054807227458152,0.12054807227458152
14,125,1,9000000,65.98147391503169,49611821.547725,5000000000,405379,406379,372001,34378,181,1000,0,0.05442251293681458,0.05442251293681458
14,135,1,2000000,206.3987134165327,741453.5735554579,9000000000,404698,406498,402001,4497,2697,1800,0,0.8092212667110739,0.8092212667110739
14,126,1,10000000,69.72445195195158,42132560.7268882,2000000000,407579,407979,375001,32978,237,400,0,0.07120383732302929,0.07120383732302929
14,127,1,3000000,85.21204433646692,21948127.42289773,7000000000,409179,410579,378001,32578,137,1400,0,0.04100577614931563,0.04100577614931563
14,136,1,6000000,180.18860563309767,1271752.3142986859,8000000000,410666,412266,405001,7265,4718,1600,0,1.4153699425289576,1.4153699425289576
14,137,0,9000000,162.66840873384112,0,6000000000,408001,414001,408001,6000,0,6000,0.6,0,0.6
14,129,1,2000000,137.92648549136604,3643681.366199604,10000000000,414379,416379,384001,32378,549,2000,0,0.16466862485997397,0.16466862485997397
14,139,1,6000000,114.94879294712055,7358488.388467236,3000000000,415866,416466,414001,2465,815,600,0,0.24461545700351886,0.24461545700351886
14,138,0,3000000,137.4784092139562,0,3000000000,414001,417001,411001,6000,0,3000,0.3,0,0.3
14,140,0,8000000,94.43395258062641,0,7000000000,417001,424001,417001,7000,0,7000,0.7,0,0.7
14,133,1,2000000,178.20142115033764,1328907.0707724213,2000000000,424379,424779,396001,28778,1505,400,0,0.45149883930653834,0.45149883930653834
14,132,1,8000000,174.0341161956471,1459510.6694019756,7000000000,425179,426579,393001,33578,5481,1400,0,1.6443867457189494,1.6443867457189494
14,141,0,7000000,75.75845827364762,0,4000000000,424001,428001,420001,8000,0,4000,0.39999999999999997,0,0.39999999999999997
14,144,1,5000000,48.985696892052026,104479953.83464137,7000000000,432542,433942,429001,4941,48,1400,0,0.01435682104505927,0.01435682104505927
14,142,0,8000000,58.592508053504595,0,8000000000,428001,436001,423001,13000,0,8000,0.7999999999999999,0,0.7999999999999999
14,148,1,5000000,77.02854146353803,30798680.26000236,9000000000,441542,443342,441001,2341,162,1800,0,0.04870338557811584,0.04870338557811584
14,143,0,3000000,47.146573576454124,0,9000000000,436001,445001,426001,19000,0,9000,0.8999999999999999,0,0.8999999999999999
14,150,1,5000000,93.13047728858689,16053070.814739747,2000000000,454342,454742,447001,7741,311,400,0,0.09344006622226553,0.09344006622226553
14,145,0,5000000,62.957608753827344,0,10000000000,445001,455001,432001,23000,0,10000,0.9999999999999999,0,0.9999999999999999
14,146,0,6000000,81.64326365353116,0,3000000000,455001,458001,435001,23000,0,3000,0.3,0,0.3
14,151,1,6000000,110.11802395611717,8657450.781990595,10000000000,459342,461342,450001,11341,693,2000,0,0.20791339683321058,0.20791339683321058
14,147,0,3000000,80.87795373276944,0,7000000000,458001,465001,438001,27000,0,7000,0.7,0,0.7
14,149,0,10000000,81.93033931334594,0,6000000000,465001,471001,444001,27000,0,6000,0.6,0,0.6
14,154,1,10000000,104.9329466850141,10372866.411059221,5000000000,471142,472142,459001,13141,964,1000,0,0.28921610296662986,0.28921610296662986
14,152,0,4000000,130.23284723908944,0,2000000000,471001,473001,453001,20000,0,2000,0.19999999999999998,0,0.19999999999999998
14,155,1,10000000,119.49322030977318,6346409.594410894,6000000000,472942,474142,462001,12141,1576,1200,0,0.47270822271572516,0.47270822271572516
14,153,0,9000000,152.1582524873363,0,9000000000,473001,482001,456001,26000,0,9000,0.8999999999999999,0,0.8999999999999999
14,162,1,2000000,199.86325325081646,842703.4006270793,10000000000,485374,487374,483001,4373,2373,2000,0,0.7119942788334818,0.7119942788334818
14,163,1,5000000,176.5774209801468,1378003.5302138813,5000000000,489629,490629,486001,4628,3628,1000,0,1.0885313187602528,1.0885313187602528
14,156,0,2000000,141.46561490341034,0,10000000000,482001,492001,465001,27000,0,10000,0.9999999999999999,0,0.9999999999999999
14,160,1,3000000,212.8067557668224,656487.4807665334,4000000000,493542,494342,477001,17341,4570,800,0,1.3709324646208554,1.3709324646208554
14,164,1,9000000,159.43632239863035,2063339.377211376,7000000000,493363,494763,489001,5762,4362,1400,0,1.3085583640869962,1.3085583640869962
14,157,0,6000000,165.1702869768046,0,8000000000,492001,500001,468001,32000,0,8000,0.7999999999999999,0,0.7999999999999999
14,167,1,10000000,137.9739196370097,3638797.5108215865,3000000000,500749,501349,498001,3348,2748,600,0,0.8244481840712935,0.8244481840712935
14,158,0,4000000,178.00703047913584,0,5000000000,500001,505001,471001,34000,0,5000,0.49999999999999994,0,0.49999999999999994
14,169,1,5000000,148.34018504774764,2740530.329507703,4000000000,505825,506625,504001,2624,1824,800,0,0.5473393174486244,0.5473393174486244
14,159,0,2000000,194.22610792578837,0,4000000000,505001,509001,474001,35000,0,4000,0.39999999999999997,0,0.39999999999999997
14,161,0,4000000,218.195963528201,0,4000000000,509001,513001,480001,33000,0,4000,0.39999999999999997,0,0.39999999999999997
14,165,0,4000000,147.6223079348105,0,5000000000,513001,518001,492001,26000,0,5000,0.49999999999999994,0,0.49999999999999994
14,172,1,6000000,192.98509372487814,968571.7561502816,7000000000,519196,520596,513001,7595,6195,1400,0,1.8584064511176142,1.8584064511176142
14,174,1,2000000,168.88123637633637,1643850.5662803724,7000000000,520596,521996,519001,2995,1217,1400,0,0.36499668054235107,0.36499668054235107
14,166,0,4000000,140.23241743619766,0,4000000000,518001,522001,495001,27000,0,4000,0.39999999999999997,0,0.39999999999999997
14,173,1,9000000,184.98033679286021,1146011.946729959,7000000000,523854,525254,516001,9253,7853,1400,0,2.355996381804051,2.355996381804051
14,168,0,8000000,140.59786769364604,0,5000000000,522001,527001,501001,26000,0,5000,0.49999999999999994,0,0.49999999999999994
14,176,1,10000000,143.85922632907494,3090706.467513144,6000000000,528237,529437,525001,4436,3236,1200,0,0.9706518660162093,0.9706518660162093
14,170,0,8000000,160.44579053375006,0,4000000000,527001,531001,507001,24000,0,4000,0.39999999999999997,0,0.39999999999999997
14,179,1,2000000,151.93982098186115,2494189.695407266,5000000000,534803,535803,534001,1802,802,1000,0,0.24055908863099865,0.24055908863099865
14,171,0,3000000,176.02443125884548,0,6000000000,531001,537001,510001,27000,0,6000,0.6,0,0.6
14,180,1,4000000,131.90524364103194,4334936.749009418,4000000000,537924,538724,537001,1723,923,800,0,0.2768206480231144,0.2768206480231144
14,175,0,6000000,155.31989183617145,0,5000000000,537001,542001,522001,20000,0,5000,0.49999999999999994,0,0.49999999999999994
14,177,0,4000000,149.04283981459827,0,3000000000,542001,545001,528001,17000,0,3000,0.3,0,0.3
14,178,0,2000000,156.67505385350918,0,2000000000,545001,547001,531001,16000,0,2000,0.19999999999999998,0,0.19999999999999998
14,183,1,10000000,165.56888143609595,1777740.7715503527,2000000000,551626,552026,546001,6025,5625,400,0,1.6875351277361577,1.6875351277361577
14,181,0,2000000,149.02590647266666,0,8000000000,547001,555001,540001,15000,0,8000,0.7999999999999999,0,0.7999999999999999
14,184,1,10000000,179.43847190611052,1292961.3755842757,6000000000,556735,557935,549001,8934,7734,1200,0,2.3202549253602656,2.3202549253602656
14,185,1,6000000,195.83094188610744,913832.8154285258,4000000000,558567,559367,552001,7366,6566,800,0,1.9697257196393432,1.9697257196393432
14,182,0,9000000,154.47588808613463,0,5000000000,555001,560001,543001,17000,0,5000,0.49999999999999994,0,0.49999999999999994
14,188,1,3000000,235.96179033902922,434979.71783621627,8000000000,567898,569498,561001,8497,6897,1600,0,2.069061988630189,2.069061988630189
14,186,0,5000000,207.79006809758738,0,10000000000,560001,570001,555001,15000,0,10000,0.9999999999999999,0,0.9999999999999999
14,187,0,10000000,216.22948480722974,0,5000000000,570001,575001,558001,17000,0,5000,0.49999999999999994,0,0.49999999999999994
14,189,0,6000000,249.09738918744208,0,8000000000,575001,583001,564001,19000,0,8000,0.7999999999999999,0,0.7999999999999999
14,190,0,10000000,229.53204656430873,0,2000000000,583001,585001,567001,18000,0,2000,0.19999999999999998,0,0.19999999999999998
14,192,1,4000000,195.95939502866403,911454.1273891251,5000000000,584361,585361,573001,12360,4389,1000,0,1.3165775039468186,1.3165775039468186
14,191,0,10000000,211.84015861021254,0,7000000000,585001,592001,570001,22000,0,7000,0.7,0,0.7
14,193,0,2000000,184.34902359383406,0,2000000000,592001,594001,576001,18000,0,2000,0.19999999999999998,0,0.19999999999999998
14,194,0,6000000,177.7700551274033,0,5000000000,594001,599001,579001,20000,0,5000,0.49999999999999994,0,0.49999999999999994
14,195,0,5000000,176.95896134414892,0,10000000000,599001,609001,582001,27000,0,10000,0.9999999999999999,0,0.9999999999999999
14,201,1,7000000,219.37407435702156,581637.674948925,2000000000,612281,612681,600001,12680,12035,400,0,3.6104951423313594,3.6104951423313594
14,196,0,7000000,181.84675333917843,0,9000000000,609001,618001,585001,33000,0,9000,0.8999999999999999,0,0.8999999999999999
14,205,1,6000000,175.22812131618605,1420520.1131330805,8000000000,617467,619067,612001,7066,4224,1600,0,1.267141509196898,1.267141509196898
14,197,0,7000000,192.03655094799012,0,3000000000,618001,621001,588001,33000,0,3000,0.3,0,0.3
14,207,1,3000000,185.56056396767065,1131856.5729468002,7000000000,621124,622524,618001,4523,2651,1400,0,0.7951537513775626,0.7951537513775626
14,198,0,2000000,206.7492558632316,0,4000000000,621001,625001,591001,34000,0,4000,0.39999999999999997,0,0.39999999999999997
14,199,0,4000000,224.848301083197,0,10000000000,625001,635001,594001,41000,0,10000,0.9999999999999999,0,0.9999999999999999
14,200,0,5000000,240.15243200933858,0,9000000000,635001,644001,597001,47000,0,9000,0.8999999999999999,0,0.8999999999999999
14,213,1,9000000,192.98085008621968,968656.3848396941,3000000000,646885,647485,636001,11484,9291,600,0,2.7873661313313196,2.7873661313313196
14,216,1,2000000,149.8701951690195,2632307.3282012716,8000000000,648085,649685,645001,4684,760,1600,0,0.22793691054683823,0.22793691054683823
14,202,0,10000000,201.58126599463554,0,10000000000,644001,654001,603001,51000,0,10000,0.9999999999999999,0,0.9999999999999999
14,203,0,8000000,187.65986305014718,0,2000000000,654001,656001,606001,50000,0,2000,0.19999999999999998,0,0.19999999999999998
14,204,0,6000000,178.69179080192797,0,5000000000,656001,661001,609001,52000,0,5000,0.49999999999999994,0,0.49999999999999994
14,220,1,9000000,140.87148540425062,3355167.68803574,8000000000,660554,662154,657001,5153,2682,1600,0,0.8047287799140366,0.8047287799140366
14,221,1,4000000,137.2307698732321,3716248.6655415287,10000000000,662154,664154,660001,4153,1076,2000,0,0.3229062713501539,0.3229062713501539
14,206,0,7000000,177.5989845128626,0,6000000000,661001,667001,615001,52000,0,6000,0.6,0,0.6
14,222,1,9000000,135.8163797190899,3869343.3286951124,8000000000,667154,668754,663001,5753,2326,1600,0,0.6977928218405322,0.6977928218405322
14,208,0,7000000,198.86008146433008,0,2000000000,667001,669001,621001,48000,0,2000,0.19999999999999998,0,0.19999999999999998
14,223,1,8000000,141.9147835850797,3259758.7069855714,8000000000,669554,671154,666001,5153,2454,1600,0,0.7362508135515882,0.7362508135515882
14,209,0,9000000,216.19396036892425,0,3000000000,669001,672001,624001,48000,0,3000,0.3,0,0.3
14,224,1,6000000,151.6066400260886,2515808.471451946,2000000000,672354,672754,669001,3753,2385,400,0,0.7154757686944141,0.7154757686944141
14,210,0,2000000,236.6357380025257,0,3000000000,672001,675001,627001,48000,0,3000,0.3,0,0.3
14,226,1,5000000,180.59078741729874,1260559.243672678,7000000000,678967,680367,675001,5366,3966,1400,0,1.1899480389590449,1.1899480389590449
14,211,0,3000000,228.19991783521746,0,6000000000,675001,681001,630001,51000,0,6000,0.6,0,0.6
14,212,0,2000000,211.80409840227364,0,2000000000,681001,683001,633001,50000,0,2000,0.19999999999999998,0,0.19999999999999998
14,214,0,10000000,175.89382280228037,0,6000000000,683001,689001,639001,50000,0,6000,0.6,0,0.6
14,215,0,4000000,161.91255695590746,0,6000000000,689001,695001,642001,53000,0,6000,0.6,0,0.6
14,229,1,4000000,234.9606069110309,442418.319279256,6000000000,694414,695614,684001,11613,9041,1200,0,2.7123650800783317,2.7123650800783317
14,217,0,6000000,141.53417714460346,0,9000000000,695001,704001,648001,56000,0,9000,0.8999999999999999,0,0.8999999999999999
14,232,1,9000000,198.7044601915116,862415.6656212219,8000000000,703437,705037,693001,12036,10436,1600,0,3.1307409032918194,3.1307409032918194
14,234,1,4000000,218.68793405215567,588941.8689211451,3000000000,706462,707062,699001,8061,6792,600,0,2.0375525384164375,2.0375525384164375
14,230,1,9000000,234.1103231384725,448860.77137822175,4000000000,707052,707852,687001,20851,20051,800,0,6.015228267129875,6.015228267129875
14,218,0,3000000,153.22956960064855,0,7000000000,704001,711001,651001,60000,0,7000,0.7,0,0.7
14,219,0,3000000,148.35933169167348,0,2000000000,711001,713001,654001,59000,0,2000,0.19999999999999998,0,0.19999999999999998
14,239,1,10000000,107.48994976275691,9480325.307107458,10000000000,718662,720662,714001,6661,1055,2000,0,0.31644483736764617,0.31644483736764617
14,225,0,9000000,164.7415533494813,0,9000000000,713001,722001,672001,50000,0,9000,0.8999999999999999,0,0.8999999999999999
14,240,1,10000000,91.11695341702332,17356198.242050197,3000000000,725662,726262,717001,9261,576,600,0,0.17284891300282967,0.17284891300282967
14,241,1,9000000,79.3989533936059,27878242.04674666,3000000000,727462,728062,720001,8061,323,600,0,0.09684972228423151,0.09684972228423151
14,242,1,9000000,70.1741619116324,41317798.75601074,5000000000,730062,731062,723001,8061,218,1000,0,0.06534714048887261,0.06534714048887261
14,227,0,5000000,198.40386815785618,0,10000000000,722001,732001,678001,54000,0,10000,0.9999999999999999,0,0.9999999999999999
14,228,0,9000000,216.7181342204662,0,3000000000,732001,735001,681001,54000,0,3000,0.3,0,0.3
14,243,1,4000000,69.00871828979294,43464804.060327366,10000000000,734062,736062,726001,10061,92,2000,0,0.027608545027246623,0.027608545027246623
14,231,0,6000000,214.81899008234814,0,5000000000,735001,740001,690001,50000,0,5000,0.49999999999999994,0,0.49999999999999994
14,247,1,9000000,111.69597888912563,8204704.784939519,6000000000,739462,740662,738001,2661,1097,1200,0,0.3290794819279903,0.3290794819279903
14,248,1,7000000,132.29394128228247,4285691.499991831,3000000000,742634,743234,741001,2233,1633,600,0,0.4900026051814515,0.4900026051814515
14,233,0,2000000,196.6928010883978,0,5000000000,740001,745001,696001,49000,0,5000,0.49999999999999994,0,0.49999999999999994
14,235,0,3000000,194.87601186395412,0,2000000000,745001,747001,702001,45000,0,2000,0.19999999999999998,0,0.19999999999999998
14,249,1,5000000,136.7228561726239,3770352.86616931,10000000000,745546,747546,744001,3545,1326,2000,0,0.3978407468062809,0.3978407468062809
14,236,0,9000000,172.71394269137625,0,2000000000,747001,749001,705001,44000,0,2000,0.19999999999999998,0,0.19999999999999998
14,250,1,7000000,136.7228561726239,3770352.86616931,5000000000,748858,749858,747001,2857,1857,1000,0,0.5569770455287932,0.5569770455287932
14,237,0,7000000,149.92151880233868,0,9000000000,749001,758001,708001,50000,0,9000,0.8999999999999999,0,0.8999999999999999
14,253,1,8000000,151.54110003560092,2520088.345867527,8000000000,760596,762196,756001,6195,3174,1600,0,0.9523475650905455,0.9523475650905455
14,254,1,3000000,177.9192516283721,1337279.5736032836,10000000000,763796,765796,759001,6795,2243,2000,0,0.6730081112171338,0.6730081112171338
14,238,0,3000000,128.00493271745424,0,10000000000,758001,768001,711001,57000,0,10000,0.9999999999999999,0,0.9999999999999999
14,255,1,3000000,207.3751501506388,727656.9043903073,9000000000,768796,770596,762001,8595,4123,1800,0,1.2368466437545815,1.2368466437545815
14,244,0,4000000,76.65823960932057,0,9000000000,768001,777001,729001,48000,0,9000,0.8999999999999999,0,0.8999999999999999
14,258,1,7000000,196.51949343512973,901171.9168702166,9000000000,778769,780569,771001,9568,7768,1800,0,2.330298981456647,2.330298981456647
14,260,1,2000000,199.07335934273073,856078.5838470431,10000000000,780569,782569,777001,5568,2336,2000,0,0.700870237056652,0.700870237056652
14,245,0,3000000,86.64136714064485,0,10000000000,777001,787001,732001,55000,0,10000,0.9999999999999999,0,0.9999999999999999
14,246,0,8000000,93.07498321246155,0,4000000000,787001,791001,735001,56000,0,4000,0.39999999999999997,0,0.39999999999999997
14,265,1,3000000,195.29800920644325,923784.5909695706,8000000000,795249,796849,792001,4848,3248,1600,0,0.9742530983932011,0.9742530983932011
14,251,0,3000000,136.7228561726239,0,7000000000,791001,798001,750001,48000,0,7000,0.7,0,0.7
14,252,0,7000000,137.76203903833596,0,3000000000,798001,801001,753001,48000,0,3000,0.3,0,0.3
14,266,1,8000000,183.77646476086105,1176091.3229985724,9000000000,801803,803603,795001,8602,6802,1800,0,2.0406578579977444,2.0406578579977444
14,264,1,10000000,210.94713105420513,679834.514344652,4000000000,804003,804803,789001,15802,14709,800,0,4.412838619839631,4.412838619839631
14,256,0,7000000,201.8339143949797,0,5000000000,801001,806001,765001,41000,0,5000,0.49999999999999994,0,0.49999999999999994
14,269,1,5000000,180.73158052758794,1256669.8163158356,3000000000,810250,810850,804001,6849,3979,600,0,1.1936309605951487,1.1936309605951487
14,262,1,10000000,232.1382323099752,464259.5148400335,8000000000,809493,811093,783001,28092,21540,1600,0,6.46190310398633,6.46190310398633
14,257,0,2000000,196.51949343512973,0,7000000000,806001,813001,768001,45000,0,7000,0.7,0,0.7
14,259,0,9000000,192.7811155170547,0,2000000000,813001,815001,774001,41000,0,2000,0.19999999999999998,0,0.19999999999999998
14,273,1,2000000,159.68843571154423,2050522.9650242138,2000000000,818250,818650,816001,2649,975,400,0,0.2926082810259649,0.2926082810259649
14,272,1,5000000,181.9165800580035,1224518.3614420858,8000000000,818650,820250,813001,7249,4083,1600,0,1.2249714232406332,1.2249714232406332
14,261,0,7000000,215.1937306242912,0,9000000000,815001,824001,780001,44000,0,9000,0.8999999999999999,0,0.8999999999999999
14,263,0,4000000,229.87138012375533,0,3000000000,824001,827001,786001,41000,0,3000,0.3,0,0.3
14,276,1,7000000,104.88223157427574,10391564.689000469,5000000000,826113,827113,825001,2112,674,1000,0,0.2020869871717069,0.2020869871717069
14,277,1,8000000,89.75068411995534,18310839.11713395,7000000000,828438,829838,828001,1837,437,1400,0,0.13106990808270796,0.13106990808270796
14,267,0,8000000,177.25891797029564,0,4000000000,827001,831001,798001,33000,0,4000,0.39999999999999997,0,0.39999999999999997
14,278,1,3000000,75.00344325429329,33563933.96660877,7000000000,831238,832638,831001,1637,89,1400,0,0.026814496801696994,0.026814496801696994
14,279,1,6000000,67.28751221437746,46854704.72279512,6000000000,834129,835329,834001,1328,128,1200,0,0.038416633092648395,0.038416633092648395
14,268,0,10000000,176.22202387896925,0,8000000000,831001,839001,801001,38000,0,8000,0.7999999999999999,0,0.7999999999999999
14,282,1,4000000,21.638135317073882,321756994.6515389,4000000000,843698,844498,843001,1497,12,800,0,0.0037295226520237534,0.0037295226520237534
14,283,1,6000000,5.699438568841673,705859460.05053,5000000000,846010,847010,846001,1009,9,1000,0,0.002550082703249659,0.002550082703249659
14,270,0,6000000,184.32271916397065,0,9000000000,839001,848001,807001,41000,0,9000,0.8999999999999999,0,0.8999999999999999
14,284,1,8000000,29.52768362062964,234086938.65472037,10000000000,849854,851854,849001,2853,34,2000,0,0.01025260107972113,0.01025260107972113
14,271,0,6000000,184.32271916397065,0,8000000000,848001,856001,810001,46000,0,8000,0.7999999999999999,0,0.7999999999999999
14,285,1,7000000,54.63808653311352,81703456.77303287,8000000000,854654,856254,852001,4253,86,1600,0,0.02570270687363534,0.02570270687363534
14,274,0,2000000,137.1661550820755,0,5000000000,856001,861001,819001,42000,0,5000,0.49999999999999994,0,0.49999999999999994
14,275,0,9000000,116.01131065547017,0,9000000000,861001,870001,822001,48000,0,9000,0.8999999999999999,0,0.8999999999999999
14,291,1,8000000,9.997104580827383,543755717.3467029,4000000000,870016,870816,870001,815,15,800,0,0.004413746694399796,0.004413746694399796
14,280,0,6000000,61.402166899874196,0,9000000000,870001,879001,837001,42000,0,9000,0.8999999999999999,0,0.8999999999999999
14,295,1,3000000,124.13159549445908,5482856.554487536,4000000000,882548,883348,882001,1347,547,800,0,0.16414801136159216,0.16414801136159216
14,281,0,9000000,46.62151541938555,0,5000000000,879001,884001,840001,44000,0,5000,0.49999999999999994,0,0.49999999999999994
14,296,1,8000000,152.84600910720562,2436542.724571278,8000000000,889625,891225,885001,6224,3283,1600,0,0.9850022229436967,0.9850022229436967
14,286,0,6000000,79.83976264994782,0,10000000000,884001,894001,855001,39000,0,10000,0.9999999999999999,0,0.9999999999999999
14,287,0,6000000,105.0642784204032,0,7000000000,894001,901001,858001,43000,0,7000,0.7,0,0.7
14,297,1,7000000,151.51020097669996,2522109.2316507106,3000000000,901720,902320,888001,14319,2775,600,0,0.8326364194089874,0.8326364194089874
14,288,0,9000000,130.29808018539643,0,4000000000,901001,905001,861001,44000,0,4000,0.39999999999999997,0,0.39999999999999997
14,299,1,10000000,94.06721426724614,15486072.222700682,3000000000,906920,907520,894001,13519,646,600,0,0.1937224595661105,0.1937224595661105
14,300,1,8000000,70.9548546612563,39943141.506231524,4000000000,907520,908320,897001,11319,200,800,0,0.06008540914653837,0.06008540914653837
14,301,1,4000000,83.75037731258288,23291587.387996115,4000000000,908720,909520,900001,9519,172,800,0,0.051520747813798604,0.051520747813798604
14,289,0,10000000,44.16166889962383,0,5000000000,905001,910001,864001,46000,0,5000,0.49999999999999994,0,0.49999999999999994
14,302,1,9000000,110.1269022537182,8654820.26690641,8000000000,909520,911120,903001,8119,1040,1600,0,0.3119648839299457,0.3119648839299457
14,303,1,6000000,137.01263080460862,3739367.5057041026,7000000000,911520,912920,906001,6919,1605,1400,0,0.48136482901299366,0.48136482901299366
14,290,0,7000000,20.020149849589064,0,3000000000,910001,913001,867001,46000,0,3000,0.3,0,0.3
14,292,0,9000000,38.083825963261624,0,2000000000,913001,915001,873001,42000,0,2000,0.19999999999999998,0,0.19999999999999998
14,305,1,2000000,194.7486713690237,934184.3584693326,4000000000,918120,918920,912001,6919,2141,800,0,0.642271511570911,0.642271511570911
14,293,0,4000000,66.72061225738267,0,6000000000,915001,921001,876001,45000,0,6000,0.6,0,0.6
14,307,1,4000000,201.23727214410354,820051.6159777403,5000000000,923241,924241,918001,6240,4878,1000,0,1.4633225233868365,1.4633225233868365
14,294,0,9000000,95.42262048382452,0,10000000000,921001,931001,879001,52000,0,10000,0.9999999999999999,0,0.9999999999999999
14,308,1,8000000,194.74049116709142,934340.3202197268,10000000000,929563,931563,921001,10562,8562,2000,0,2.568657209865028,2.568657209865028
14,309,1,9000000,194.61708481014713,936697.0945745611,6000000000,933609,934809,924001,10808,9608,1200,0,2.882468639690096,2.882468639690096
14,310,1,7000000,200.8492474469347,826370.8346585252,6000000000,935472,936672,927001,9671,8471,1200,0,2.541231989228863,2.541231989228863
14,298,0,2000000,122.78249264451347,0,8000000000,931001,939001,891001,48000,0,8000,0.7999999999999999,0,0.7999999999999999
14,312,1,4000000,228.38247677963386,495452.9125110078,3000000000,941074,941674,933001,8673,8073,600,0,2.4220263312577437,2.4220263312577437
14,304,0,3000000,164.5758524206999,0,9000000000,939001,948001,909001,39000,0,9000,0.8999999999999999,0,0.8999999999999999
14,306,0,5000000,211.70480981782157,0,3000000000,948001,951001,915001,36000,0,3000,0.3,0,0.3
14,317,1,4000000,206.20780610830423,744189.0069510271,2000000000,953376,953776,948001,5775,5375,400,0,1.6124935853546793,1.6124935853546793
14,318,1,2000000,214.78174154243186,632776.2037945947,3000000000,955376,955976,951001,4975,3161,600,0,0.9482025341691986,0.9482025341691986
14,311,0,8000000,212.94605067950897,0,5000000000,951001,956001,930001,26000,0,5000,0.49999999999999994,0,0.49999999999999994
14,316,1,6000000,216.7020927448556,610736.1086397738,4000000000,955976,956776,945001,11775,9824,800,0,2.9472631051878437,2.9472631051878437
14,314,1,10000000,220.06618140913884,574384.046941056,3000000000,956776,957376,939001,18375,17410,600,0,5.22298628587758,5.22298628587758
14,319,1,2000000,211.54561163021086,672209.4435999123,7000000000,957376,958776,954001,4775,2975,1400,0,0.8925789509692009,0.8925789509692009
14,313,0,9000000,236.04614739495327,0,3000000000,956001,959001,936001,23000,0,3000,0.3,0,0.3
14,315,0,3000000,222.6343910989495,0,5000000000,959001,964001,942001,22000,0,5000,0.49999999999999994,0,0.49999999999999994
14,320,0,2000000,225.1323435226489,0,2000000000,964001,966001,957001,9000,0,2000,0.19999999999999998,0,0.19999999999999998
14,321,0,3000000,222.91501721508132,0,7000000000,966001,973001,960001,13000,0,7000,0.7,0,0.7
14,324,1,8000000,164.98168292268085,1802870.0116195122,4000000000,973438,974238,969001,5237,4437,800,0,1.3312107831024866,1.3312107831024866
14,322,1,9000000,201.77487777223405,811395.5289637905,10000000000,974238,976238,963001,13237,11092,2000,0,3.327600293100075,3.327600293100075
14,323,0,8000000,182.00526393486535,0,4000000000,973001,977001,966001,11000,0,4000,0.39999999999999997,0,0.39999999999999997
14,327,1,3000000,130.2136859166501,4557509.508997954,3000000000,978659,979259,978001,1258,658,600,0,0.19747627475556934,0.19747627475556934
14,325,0,8000000,149.91546451250449,0,5000000000,977001,982001,972001,10000,0,5000,0.49999999999999994,0,0.49999999999999994
14,328,1,8000000,127.68110001092566,4917584.742813316,3000000000,982628,983228,981001,2227,1627,600,0,0.4880444619703649,0.4880444619703649
14,329,1,5000000,145.1836664366898,2981727.5882505067,7000000000,985678,987078,984001,3077,1677,1400,0,0.5030640645747613,0.5030640645747613
14,326,0,5000000,137.8888309472526,0,8000000000,982001,990001,975001,15000,0,8000,0.7999999999999999,0,0.7999999999999999
14,330,0,10000000,165.93247331369471,0,3000000000,990001,993001,987001,6000,0,3000,0.3,0,0.3
15,2,1,7000000,151.07910279055807,2550514.4679216426,5000000000,5746,6746,3001,3745,2745,1000,0,0.8233632964690623,0.8233632964690623
15,1,0,8000000,154.75170596797955,0,9000000000,1,9001,1,9000,0,9000,0.8999999999999999,0,0.8999999999999999
15,3,0,5000000,143.96651867708684,0,5000000000,9001,14001,6001,8000,0,5000,0.49999999999999994,0,0.49999999999999994
15,4,0,9000000,142.59409875587414,0,3000000000,14001,17001,9001,8000,0,3000,0.3,0,0.3
15,6,1,4000000,145.34274835711616,2968959.2086826353,6000000000,16469,17669,15001,2668,1347,1200,0,0.4041820434887198,0.4041820434887198
15,5,0,5000000,145.34274835711616,0,8000000000,17001,25001,12001,13000,0,8000,0.7999999999999999,0,0.7999999999999999
15,9,1,6000000,145.34274835711616,2968959.2086826353,6000000000,26022,27222,24001,3221,2021,1200,0,0.6062730652330797,0.6062730652330797
15,7,0,10000000,145.34274835711616,0,5000000000,25001,30001,18001,12000,0,5000,0.49999999999999994,0,0.49999999999999994
15,10,1,8000000,145.34274835711616,2968959.2086826353,2000000000,29696,30096,27001,3095,2695,400,0,0.8083640869774396,0.8083640869774396
15,8,0,7000000,145.34274835711616,0,6000000000,30001,36001,21001,15000,0,6000,0.6,0,0.6
15,11,0,9000000,147.72697519410596,0,10000000000,36001,46001,30001,16000,0,10000,0.9999999999999999,0,0.9999999999999999
15,14,1,7000000,200.7338299838869,828262.1743170572,5000000000,49480,50480,39001,11479,8451,1000,0,2.5354290768277,2.5354290768277
15,12,0,7000000,157.57253060099018,0,8000000000,46001,54001,33001,21000,0,8000,0.7999999999999999,0,0.7999999999999999
15,13,0,4000000,176.80933148451186,0,7000000000,54001,61001,36001,25000,0,7000,0.7,0,0.7
15,18,1,3000000,169.8104204694164,1608559.8342542418,2000000000,65019,65419,51001,14418,1865,400,0,0.5595066971302667,0.5595066971302667
15,17,1,8000000,180.86299151567744,1253053.026917037,5000000000,65419,66419,48001,18418,6384,1000,0,1.9153219763611016,1.9153219763611016
15,15,0,9000000,190.32896390197683,0,8000000000,61001,69001,42001,27000,0,8000,0.7999999999999999,0,0.7999999999999999
15,16,0,3000000,185.66820837181578,0,4000000000,69001,73001,45001,28000,0,4000,0.39999999999999997,0,0.39999999999999997
15,24,1,7000000,155.62495076304444,2269751.740530381,2000000000,73718,74118,69001,5117,3084,400,0,0.9252113182692331,0.9252113182692331
15,21,1,2000000,159.05436083301836,2082946.47636404,5000000000,74619,75619,60001,15618,960,1000,0,0.28805348903988687,0.28805348903988687
15,25,1,9000000,133.34782075459648,4155588.2025226615,9000000000,74518,76318,72001,4317,2166,1800,0,0.649727515917231,0.649727515917231
15,22,1,3000000,169.6659411903285,1613985.0026451512,3000000000,76619,77219,63001,14218,1859,600,0,0.5576259993277477,0.5576259993277477
15,23,1,7000000,174.20781411865542,1453756.590206981,4000000000,78819,79619,66001,13618,4815,800,0,1.4445334343770777,1.4445334343770777
15,28,1,3000000,118.3479197113325,6584621.934253879,5000000000,81457,82457,81001,1456,456,1000,0,0.13668210703459036,0.13668210703459036
15,19,0,9000000,158.44899778793172,0,10000000000,73001,83001,54001,29000,0,10000,0.9999999999999999,0,0.9999999999999999
15,29,1,3000000,132.7757391242843,4225600.977360006,9000000000,84711,86511,84001,2510,710,1800,0,0.21298745547012948,0.21298745547012948
15,20,0,4000000,154.51580534042463,0,8000000000,83001,91001,57001,34000,0,8000,0.7999999999999999,0,0.7999999999999999
15,31,1,6000000,179.91960982616652,1279307.7219875248,10000000000,94691,96691,90001,6690,4690,2000,0,1.407010970905054,1.407010970905054
15,26,0,4000000,118.41844324259628,0,10000000000,91001,101001,75001,26000,0,10000,0.9999999999999999,0,0.9999999999999999
15,33,1,10000000,184.23121342487002,1164615.075548521,5000000000,104588,105588,96001,9587,8587,1000,0,2.5759584114837537,2.5759584114837537
15,27,0,5000000,113.54329790877136,0,10000000000,101001,111001,78001,33000,0,10000,0.9999999999999999,0,0.9999999999999999
15,35,1,7000000,203.4160903173591,785664.9342140731,10000000000,110911,112911,102001,10910,8910,2000,0,2.6728951599458872,2.6728951599458872
15,37,1,8000000,173.7056878746347,1470468.035735093,3000000000,113441,114041,108001,6040,5440,600,0,1.632133403566457,1.632133403566457
15,30,0,9000000,155.1906972083056,0,9000000000,111001,120001,87001,33000,0,9000,0.8999999999999999,0,0.8999999999999999
15,32,0,2000000,184.23121342487002,0,7000000000,120001,127001,93001,34000,0,7000,0.7,0,0.7
15,43,1,7000000,122.75363823528815,5723541.418536776,4000000000,127877,128677,126001,2676,1223,800,0,0.36690570512842824,0.36690570512842824
15,34,0,7000000,192.79892764224599,0,2000000000,127001,129001,99001,30000,0,2000,0.19999999999999998,0,0.19999999999999998
15,36,0,8000000,193.00301033921724,0,9000000000,129001,138001,105001,33000,0,9000,0.8999999999999999,0,0.8999999999999999
15,46,1,3000000,174.70233083734172,1437528.4218840275,6000000000,137941,139141,135001,4140,2087,1200,0,0.6260745779345762,0.6260745779345762
15,47,1,8000000,165.13610689367724,1796218.9343260333,6000000000,142728,143928,138001,5927,4454,1200,0,1.3361400184218155,1.3361400184218155
15,38,0,3000000,150.79813559855438,0,7000000000,138001,145001,111001,34000,0,7000,0.7,0,0.7
15,39,0,8000000,131.33335448392384,0,8000000000,145001,153001,114001,39000,0,8000,0.7999999999999999,0,0.7999999999999999
15,50,1,5000000,170.39911061974473,1586687.3546430569,3000000000,152662,153262,147001,6261,3151,600,0,0.9453658249752938,0.9453658249752938
15,40,0,2000000,117.19503402448417,0,4000000000,153001,157001,117001,40000,0,4000,0.39999999999999997,0,0.39999999999999997
15,41,0,2000000,110.61881259532667,0,3000000000,157001,160001,120001,40000,0,3000,0.3,0,0.3
15,42,0,9000000,112.6713277635442,0,4000000000,160001,164001,123001,41000,0,4000,0.39999999999999997,0,0.39999999999999997
15,44,0,8000000,139.27711944178054,0,3000000000,164001,167001,129001,38000,0,3000,0.3,0,0.3
15,56,1,6000000,173.91563155737322,1463451.9418703753,4000000000,169101,169901,165001,4900,4100,800,0,1.229968643657336,1.229968643657336
15,45,0,7000000,160.2630500146556,0,9000000000,167001,176001,132001,44000,0,9000,0.8999999999999999,0,0.8999999999999999
15,48,0,3000000,161.03035397092063,0,6000000000,176001,182001,141001,41000,0,6000,0.6,0,0.6
15,60,1,3000000,199.5140809567084,848583.5569380091,7000000000,181436,182836,177001,5835,3535,1400,0,1.060590901911321,1.060590901911321
15,59,1,10000000,183.34664354713453,1187068.08328287,6000000000,182836,184036,174001,10035,8424,1200,0,2.527234993719498,2.527234993719498
15,61,1,2000000,196.08297427364772,909172.9667007726,5000000000,186223,187223,180001,7222,2200,1000,0,0.6599404315520879,0.6599404315520879
15,49,0,5000000,162.85240495614428,0,9000000000,182001,191001,144001,47000,0,9000,0.8999999999999999,0,0.8999999999999999
15,63,1,4000000,158.10075078885615,2132915.014048373,3000000000,191023,191623,186001,5622,1875,600,0,0.5626103206626801,0.5626103206626801
15,64,1,7000000,149.80448925182446,2636845.1596287237,7000000000,198223,199623,189001,10622,2655,1400,0,0.7964062631177352,0.7964062631177352
15,51,0,9000000,173.91563155737322,0,10000000000,191001,201001,150001,51000,0,10000,0.9999999999999999,0,0.9999999999999999
15,52,0,2000000,173.91563155737322,0,4000000000,201001,205001,153001,52000,0,4000,0.39999999999999997,0,0.39999999999999997
15,53,0,6000000,173.91563155737322,0,6000000000,205001,211001,156001,55000,0,6000,0.6,0,0.6
15,54,0,5000000,173.91563155737322,0,9000000000,211001,220001,159001,61000,0,9000,0.8999999999999999,0,0.8999999999999999
15,67,1,10000000,149.80448925182446,2636845.1596287237,9000000000,220623,222423,198001,24422,3792,1800,0,1.1377232330253362,1.1377232330253362
15,68,1,3000000,149.80448925182446,2636845.1596287237,7000000000,222423,223823,201001,22822,1138,1400,0,0.34131696990760085,0.34131696990760085
15,75,1,4000000,165.98417876412202,1760230.101271851,8000000000,224273,225873,222001,3872,2272,1600,0,0.6817290529987768,0.6817290529987768
15,55,0,10000000,173.91563155737322,0,6000000000,220001,226001,162001,64000,0,6000,0.6,0,0.6
15,76,1,4000000,142.16674751853893,3237220.310455716,5000000000,226237,227237,225001,2236,1236,1000,0,0.37068839464653897,0.37068839464653897
15,57,0,6000000,173.91563155737322,0,2000000000,226001,228001,168001,60000,0,2000,0.19999999999999998,0,0.19999999999999998
15,69,1,10000000,149.80448925182446,2636845.1596287237,6000000000,229023,230223,204001,26222,3792,1200,0,1.1377232330253362,1.1377232330253362
15,78,1,3000000,152.06159936025924,2486345.3745041937,3000000000,232208,232808,231001,1807,1207,600,0,0.36197706450153594,0.36197706450153594
15,58,0,5000000,175.36583988907304,0,7000000000,228001,235001,171001,64000,0,7000,0.7,0,0.7
15,62,0,2000000,175.45307435322985,0,8000000000,235001,243001,183001,60000,0,8000,0.7999999999999999,0,0.7999999999999999
15,65,0,6000000,149.80448925182446,0,8000000000,243001,251001,192001,59000,0,8000,0.7999999999999999,0,0.7999999999999999
15,66,0,5000000,149.80448925182446,0,10000000000,251001,261001,195001,66000,0,10000,0.9999999999999999,0,0.9999999999999999
15,70,0,4000000,146.41149305980048,0,3000000000,261001,264001,207001,57000,0,3000,0.3,0,0.3
15,71,0,5000000,140.1886799994921,0,9000000000,264001,273001,210001,63000,0,9000,0.8999999999999999,0,0.8999999999999999
15,79,1,9000000,171.19883907316665,1557562.161043519,9000000000,276223,278023,234001,44022,5778,1800,0,1.733478167055036,1.733478167055036
15,72,0,3000000,139.21859538150784,0,9000000000,273001,282001,213001,69000,0,9000,0.8999999999999999,0,0.8999999999999999
15,81,1,6000000,116.36150566231085,7024124.456532436,6000000000,284423,285623,240001,45622,854,1200,0,0.2562596962993729,0.2562596962993729
15,73,0,10000000,145.4665081728437,0,7000000000,282001,289001,216001,73000,0,7000,0.7,0,0.7
15,82,1,6000000,91.78809617809925,16908563.746843055,5000000000,288823,289823,243001,46822,355,1000,0,0.10645493177006665,0.10645493177006665
15,83,1,2000000,88.72527542927095,19067504.40891656,6000000000,291423,292623,246001,46622,105,1200,0,0.03146714887971502,0.03146714887971502
15,74,0,10000000,156.5971653638724,0,8000000000,289001,297001,219001,78000,0,8000,0.7999999999999999,0,0.7999999999999999
15,98,1,2000000,180.94739152582446,1250736.9332775327,9000000000,296523,298323,291001,7322,1599,1800,0,0.47971718435443594,0.47971718435443594
15,97,1,7000000,178.51847327377635,1319577.1322865998,4000000000,298323,299123,288001,11122,5305,800,0,1.591418908844731,1.591418908844731
15,84,1,5000000,78.81975894406173,28562178.61520537,9000000000,297823,299623,249001,50622,175,1800,0,0.05251700229902839,0.05251700229902839
15,77,0,7000000,139.11471705035376,0,6000000000,297001,303001,228001,75000,0,6000,0.6,0,0.6
15,100,1,5000000,206.60258783471232,738546.1607049864,2000000000,303771,304171,297001,7170,6770,400,0,2.031017260408152,2.031017260408152
15,80,0,8000000,143.72463950207006,0,3000000000,303001,306001,237001,69000,0,3000,0.3,0,0.3
15,88,1,2000000,78.89882445258614,28467717.74646492,2000000000,311223,311623,261001,50622,70,400,0,0.02107650516081526,0.02107650516081526
15,85,0,6000000,74.57924644296155,0,7000000000,306001,313001,252001,61000,0,7000,0.7,0,0.7
15,101,1,6000000,227.51966464461927,502985.01201422676,7000000000,311930,313330,300001,13329,11929,1400,0,3.5786354603128565,3.5786354603128565
15,104,1,6000000,198.628857168338,863721.6077096342,4000000000,317970,318770,309001,9769,6947,800,0,2.084004827403975,2.084004827403975
15,86,0,4000000,66.1950239821695,0,6000000000,313001,319001,255001,64000,0,6000,0.6,0,0.6
15,93,1,2000000,189.40159582221057,1043437.4831871641,5000000000,321823,322823,276001,46822,1917,1000,0,0.5750224710802118,0.5750224710802118
15,107,1,5000000,174.74575817455488,1436114.0775842415,10000000000,321483,323483,318001,5482,3482,2000,0,1.0444852699468166,1.0444852699468166
15,87,0,10000000,67.53874295543258,0,5000000000,319001,324001,258001,66000,0,5000,0.49999999999999994,0,0.49999999999999994
15,108,1,4000000,146.20384741859567,2901004.8056849632,6000000000,323483,324683,321001,3682,1379,1200,0,0.41364978012046594,0.41364978012046594
15,109,1,4000000,117.00941671506617,6876958.386248869,7000000000,324683,326083,324001,2082,582,1400,0,0.17449574835286394,0.17449574835286394
15,89,0,8000000,92.32696518352591,0,3000000000,324001,327001,264001,63000,0,3000,0.3,0,0.3
15,110,1,6000000,90.30622680635042,17915479.518978834,6000000000,328687,329887,327001,2886,335,1200,0,0.10047177347908343,0.10047177347908343
15,90,0,2000000,114.15341431599845,0,9000000000,327001,336001,267001,69000,0,9000,0.8999999999999999,0,0.8999999999999999
15,114,1,2000000,26.741774436263626,261755803.7787268,7000000000,339581,340981,339001,1980,8,1400,0,0.002292212785116334,0.002292212785116334
15,115,1,2000000,54.06667180435646,83773475.80466641,2000000000,342025,342425,342001,424,24,400,0,0.0071621714896850245,0.0071621714896850245
15,91,0,9000000,139.2594305603753,0,7000000000,336001,343001,270001,73000,0,7000,0.7,0,0.7
15,116,1,6000000,82.82092972190065,24194606.226336602,6000000000,346431,347631,345001,2630,248,1200,0,0.07439674707500064,0.07439674707500064
15,92,0,5000000,162.35164458668112,0,6000000000,343001,349001,273001,76000,0,6000,0.6,0,0.6
15,94,0,5000000,217.2181069800582,0,2000000000,349001,351001,279001,72000,0,2000,0.19999999999999998,0,0.19999999999999998
15,117,1,10000000,107.9896754324228,9316838.440139273,8000000000,349831,351431,348001,3430,1073,1600,0,0.3219976410748145,0.3219976410748145
15,95,0,9000000,194.27395733859962,0,5000000000,351001,356001,282001,74000,0,5000,0.49999999999999994,0,0.49999999999999994
15,96,0,9000000,183.44171417646533,0,4000000000,356001,360001,285001,75000,0,4000,0.39999999999999997,0,0.39999999999999997
15,99,0,10000000,190.5681529007405,0,6000000000,360001,366001,294001,72000,0,6000,0.6,0,0.6
15,122,1,10000000,172.27528116360745,1519399.8118366122,6000000000,369583,370783,363001,7782,6582,1200,0,1.974463848572994,1.974463848572994
15,124,1,3000000,186.9716320728895,1098328.9841696646,9000000000,371732,373532,369001,4531,2731,1800,0,0.8194266134935873,0.8194266134935873
15,102,0,2000000,238.84620679424657,0,10000000000,366001,376001,303001,73000,0,10000,0.9999999999999999,0,0.9999999999999999
15,103,0,4000000,216.7466098927501,0,2000000000,376001,378001,306001,72000,0,2000,0.19999999999999998,0,0.19999999999999998
15,125,1,6000000,189.9835584991501,1030801.463824369,7000000000,379732,381132,372001,9131,5821,1400,0,1.7462140510761723,1.7462140510761723
15,126,1,3000000,197.06458256114922,891303.5795973153,8000000000,381132,382732,375001,7731,3366,1600,0,1.0097569678858618,1.0097569678858618
15,105,0,8000000,186.0109709130083,0,10000000000,378001,388001,312001,76000,0,10000,0.9999999999999999,0,0.9999999999999999
15,106,0,3000000,180.13300225111448,0,2000000000,388001,390001,315001,75000,0,2000,0.19999999999999998,0,0.19999999999999998
15,111,0,6000000,62.97036287016294,0,8000000000,390001,398001,330001,68000,0,8000,0.7999999999999999,0,0.7999999999999999
15,128,1,9000000,223.62031146566272,538862.1464478511,8000000000,397703,399303,381001,18302,16702,1600,0,5.010557928030848,5.010557928030848
15,131,1,4000000,237.7473499326544,422096.5665648499,10000000000,401274,403274,390001,13273,9477,2000,0,2.8429513411254788,2.8429513411254788
15,112,0,5000000,34.8772131914234,0,6000000000,398001,404001,333001,71000,0,6000,0.6,0,0.6
15,113,0,4000000,14.134645379350692,0,7000000000,404001,411001,336001,75000,0,7000,0.7,0,0.7
15,135,1,9000000,189.98381746875188,1030795.8834029206,3000000000,410732,411332,402001,9331,8731,600,0,2.6193352568372803,2.6193352568372803
15,137,1,3000000,196.8197208106951,895719.8405415398,3000000000,411350,411950,408001,3949,3349,600,0,1.0047784577997876,1.0047784577997876
15,118,0,6000000,137.1987674871753,0,2000000000,411001,413001,351001,62000,0,2000,0.19999999999999998,0,0.19999999999999998
15,136,1,8000000,190.3183304361406,1023618.896946753,3000000000,412816,413416,405001,8415,7815,600,0,2.344622600421614,2.344622600421614
15,139,1,3000000,161.72891207202244,1950342.172440277,4000000000,415539,416339,414001,2338,1538,800,0,0.4614574881872733,0.4614574881872733
15,138,1,7000000,192.21335281400198,984114.7693763551,2000000000,418564,418964,411001,7963,7113,400,0,2.1338974531708272,2.1338974531708272
15,141,1,4000000,102.18305975062592,11447585.56552276,3000000000,420350,420950,420001,949,349,600,0,0.10482559777618936,0.10482559777618936
15,119,0,4000000,166.4632142546816,0,9000000000,413001,422001,354001,68000,0,9000,0.8999999999999999,0,0.8999999999999999
15,144,1,6000000,75.22609254773243,33246915.762180384,6000000000,429181,430381,429001,1380,180,1200,0,0.05414036035329231,0.05414036035329231
15,120,0,7000000,122.79655084732627,0,10000000000,422001,432001,357001,75000,0,10000,0.9999999999999999,0,0.9999999999999999
15,146,1,5000000,68.73000654735894,43995635.35130935,9000000000,435115,436915,435001,1914,114,1800,0,0.03409429112734381,0.03409429112734381
15,121,0,6000000,144.13737058792213,0,7000000000,432001,439001,360001,79000,0,7000,0.7,0,0.7
15,147,1,10000000,73.23473834185528,36203155.39647095,5000000000,438277,439277,438001,1276,276,1000,0,0.08286570513388006,0.08286570513388006
15,123,0,9000000,190.811777676327,0,10000000000,439001,449001,366001,83000,0,10000,0.9999999999999999,0,0.9999999999999999
15,151,1,4000000,85.65576746489401,21557993.05981534,5000000000,450187,451187,450001,1186,186,1000,0,0.05566380862404262,0.05566380862404262
15,127,0,6000000,207.793320633749,0,4000000000,449001,453001,378001,75000,0,4000,0.39999999999999997,0,0.39999999999999997
15,129,0,7000000,230.29132376188207,0,8000000000,453001,461001,384001,77000,0,8000,0.7999999999999999,0,0.7999999999999999
15,154,1,2000000,79.46971058208287,27795953.476750135,6000000000,461303,462503,459001,3502,72,1200,0,0.021585875818286596,0.021585875818286596
15,130,0,5000000,246.5035030177057,0,3000000000,461001,464001,387001,77000,0,3000,0.3,0,0.3
15,155,1,4000000,102.29389082442805,11401770.032491265,5000000000,464303,465303,462001,3302,351,1000,0,0.10524681664166158,0.10524681664166158
15,132,0,7000000,221.807151597959,0,3000000000,464001,467001,393001,74000,0,3000,0.3,0,0.3
15,157,1,5000000,112.11689658566199,8088803.8549899645,2000000000,468737,469137,468001,1136,618,400,0,0.18544150988092675,0.18544150988092675
15,133,0,3000000,208.64660193734292,0,6000000000,467001,473001,396001,77000,0,6000,0.6,0,0.6
15,134,0,2000000,196.1467623999947,0,4000000000,473001,477001,399001,78000,0,4000,0.39999999999999997,0,0.39999999999999997
15,161,1,6000000,123.66430851300638,5563065.906885013,8000000000,481080,482680,480001,2679,1079,1600,0,0.32356258763216655,0.32356258763216655
15,140,0,4000000,130.56392189268826,0,7000000000,477001,484001,417001,67000,0,7000,0.7,0,0.7
15,142,0,7000000,79.63754453773674,0,3000000000,484001,487001,423001,64000,0,3000,0.3,0,0.3
15,162,1,9000000,139.56646946885203,3479407.416059671,10000000000,485588,487588,483001,4587,2587,2000,0,0.7759942073865188,0.7759942073865188
15,143,0,4000000,68.89325438676853,0,7000000000,487001,494001,426001,68000,0,7000,0.7,0,0.7
15,164,1,8000000,179.76801328378755,1283590.2765529116,10000000000,495733,497733,489001,8732,6233,2000,0,1.8697555161022352,1.8697555161022352
15,166,1,6000000,168.82159222090053,1646148.5469459961,5000000000,499284,500284,495001,5283,3645,1000,0,1.0934614639361895,1.0934614639361895
15,145,0,7000000,95.46639722960117,0,7000000000,494001,501001,432001,69000,0,7000,0.7,0,0.7
15,167,1,3000000,150.06800125276547,2618704.463620241,8000000000,500284,501884,498001,3883,1146,1600,0,0.3436813937972178,0.3436813937972178
15,148,0,10000000,90.56858450919947,0,5000000000,501001,506001,441001,65000,0,5000,0.49999999999999994,0,0.49999999999999994
15,165,1,10000000,190.8308761704981,1012742.4467418732,8000000000,505084,506684,492001,14683,9874,1600,0,2.962253640746863,2.962253640746863
15,168,1,10000000,131.9356396126536,4331060.835019518,8000000000,508284,509884,501001,8883,2309,1600,0,0.6926709446662577,0.6926709446662577
15,149,0,8000000,108.94417698986945,0,5000000000,506001,511001,444001,67000,0,5000,0.49999999999999994,0,0.49999999999999994
15,169,1,4000000,117.20300081482559,6833716.551118694,3000000000,510684,511284,504001,7283,585,600,0,0.17559990834029507,0.17559990834029507
15,170,1,2000000,107.2870113294242,9547701.036283279,4000000000,512884,513684,507001,6683,209,800,0,0.06284235311933976,0.06284235311933976
15,150,0,9000000,98.70044478116596,0,3000000000,511001,514001,447001,67000,0,3000,0.3,0,0.3
15,172,1,2000000,106.23341517620537,9906888.43626196,5000000000,514484,515484,513001,2483,202,1000,0,0.060563920130949855,0.060563920130949855
15,152,0,10000000,69.18882930068985,0,7000000000,514001,521001,453001,68000,0,7000,0.7,0,0.7
15,175,1,9000000,146.88731224990124,2848431.821365921,7000000000,525161,526561,522001,4560,3160,1400,0,0.9478899862540004,0.9478899862540004
15,153,0,10000000,66.50700414242093,0,6000000000,521001,527001,456001,71000,0,6000,0.6,0,0.6
15,156,0,10000000,122.0901511179341,0,2000000000,527001,529001,465001,64000,0,2000,0.19999999999999998,0,0.19999999999999998
15,176,1,6000000,166.41724820462565,1742197.4637225303,8000000000,532761,534361,525001,9360,3444,1600,0,1.0331779476672889,1.0331779476672889
15,158,0,9000000,105.60548328567043,0,7000000000,529001,536001,471001,65000,0,7000,0.7,0,0.7
15,177,1,3000000,168.9506839287725,1641179.8946999845,2000000000,536761,537161,528001,9160,1828,400,0,0.5483859526347198,0.5483859526347198
15,159,0,10000000,105.72536923558134,0,4000000000,536001,540001,474001,66000,0,4000,0.39999999999999997,0,0.39999999999999997
15,178,1,3000000,151.44109646988164,2526636.121716822,8000000000,539361,540961,531001,9960,1187,1600,0,0.3562048338755086,0.3562048338755086
15,179,1,3000000,133.74801531237765,4107457.522672699,4000000000,542361,543161,534001,9160,730,800,0,0.21911364756229426,0.21911364756229426
15,160,0,10000000,112.45534802756161,0,5000000000,540001,545001,477001,68000,0,5000,0.49999999999999994,0,0.49999999999999994
15,163,0,2000000,158.6700743681681,0,2000000000,545001,547001,486001,61000,0,2000,0.19999999999999998,0,0.19999999999999998
15,171,0,5000000,103.58189899784608,0,3000000000,547001,550001,510001,40000,0,3000,0.3,0,0.3
15,173,0,7000000,115.19831682798153,0,7000000000,550001,557001,516001,41000,0,7000,0.7,0,0.7
15,183,1,2000000,148.26992142710537,2745631.169684695,5000000000,556361,557361,546001,11360,728,1000,0,0.21852898766038675,0.21852898766038675
15,174,0,4000000,129.23143967316932,0,10000000000,557001,567001,519001,48000,0,10000,0.9999999999999999,0,0.9999999999999999
15,180,0,6000000,119.51336159609944,0,2000000000,567001,569001,537001,32000,0,2000,0.19999999999999998,0,0.19999999999999998
15,189,1,5000000,46.917725861341594,114188498.42712566,5000000000,568761,569761,564001,5760,44,1000,0,0.013136174138915487,0.013136174138915487
15,190,1,8000000,24.14640760030364,290568152.4370284,8000000000,571161,572761,567001,5760,28,1600,0,0.008259680146880947,0.008259680146880947
15,181,0,7000000,110.10398448739255,0,4000000000,569001,573001,540001,33000,0,4000,0.39999999999999997,0,0.39999999999999997
15,191,1,3000000,11.387010143141147,506220598.3955834,8000000000,577561,579161,570001,9160,6,1600,0,0.0017778810322070296,0.0017778810322070296
15,182,0,6000000,164.0205334706603,0,9000000000,573001,582001,543001,39000,0,9000,0.8999999999999999,0,0.8999999999999999
15,193,1,8000000,56.05619769481333,76775782.44268863,5000000000,582761,583761,576001,7760,104,1000,0,0.031259857257613044,0.031259857257613044
15,184,0,8000000,131.84351519889026,0,6000000000,582001,588001,549001,39000,0,6000,0.6,0,0.6
15,194,1,10000000,79.78156428649419,27436507.433979925,9000000000,588561,590361,579001,11360,364,1800,0,0.10934336329865808,0.10934336329865808
15,195,1,5000000,105.11997907153521,10304256.58979775,4000000000,590361,591161,582001,9160,485,800,0,0.1455709091605066,0.1455709091605066
15,185,0,9000000,118.68029533161778,0,5000000000,588001,593001,552001,41000,0,5000,0.49999999999999994,0,0.49999999999999994
15,198,1,9000000,176.20090834045095,1389706.5161988568,7000000000,597477,598877,591001,7876,6476,1400,0,1.9428562567189185,1.9428562567189185
15,199,1,10000000,177.44194881707085,1351591.8707070022,6000000000,601400,602600,594001,8599,7399,1200,0,2.219604945116113,2.219604945116113
15,186,0,10000000,109.97231106055735,0,10000000000,593001,603001,555001,48000,0,10000,0.9999999999999999,0,0.9999999999999999
15,187,0,7000000,97.2800174753274,0,6000000000,603001,609001,558001,51000,0,6000,0.6,0,0.6
15,201,1,9000000,194.35831085909342,941663.1575067315,9000000000,609559,611359,600001,11358,9558,1800,0,2.8672673221588783,2.8672673221588783
15,204,1,2000000,236.54432819241302,430723.3414245923,3000000000,613681,614281,609001,5280,4643,600,0,1.3930055381153366,1.3930055381153366
15,188,0,2000000,72.0262521585012,0,7000000000,609001,616001,561001,55000,0,7000,0.7,0,0.7
15,203,1,6000000,228.21048705088032,496943.0458173851,2000000000,618075,618475,606001,12474,12074,400,0,3.6221454654613634,3.6221454654613634
15,192,0,4000000,31.329838812224995,0,8000000000,616001,624001,573001,51000,0,8000,0.7999999999999999,0,0.7999999999999999
15,207,1,5000000,185.95938293078947,1122252.8889484373,10000000000,623324,625324,618001,7323,4455,2000,0,1.3365971384627182,1.3365971384627182
15,196,0,3000000,130.54173623787906,0,3000000000,624001,627001,585001,42000,0,3000,0.3,0,0.3
15,206,1,7000000,199.12059511763215,855271.345335888,10000000000,625324,627324,615001,12323,8185,2000,0,2.455361110192782,2.455361110192782
15,197,0,3000000,155.99115519797914,0,6000000000,627001,633001,588001,45000,0,6000,0.6,0,0.6
15,210,1,7000000,178.38596637628197,1323466.4951587755,7000000000,632642,634042,627001,7041,5289,1400,0,1.586742095611619,1.586742095611619
15,200,0,5000000,183.33618437177094,0,3000000000,633001,636001,597001,39000,0,3000,0.3,0,0.3
15,202,0,2000000,209.69900047448965,0,2000000000,636001,638001,603001,35000,0,2000,0.19999999999999998,0,0.19999999999999998
15,211,1,10000000,186.07233539674834,1119551.3989876916,6000000000,638933,640133,630001,10132,8932,1200,0,2.6796447244071393,2.6796447244071393
15,205,0,6000000,216.28105834769718,0,9000000000,638001,647001,612001,35000,0,9000,0.8999999999999999,0,0.8999999999999999
15,215,1,10000000,160.32594924091356,2018551.8954477857,7000000000,646955,648355,642001,6354,4954,1400,0,1.4862139570280875,1.4862139570280875
15,217,1,3000000,116.23579354054408,7053120.15040134,5000000000,648426,649426,648001,1425,425,1000,0,0.1276031005864529,0.1276031005864529
15,213,1,10000000,206.21590166619066,744072.7539046092,3000000000,649441,650041,636001,14040,13440,600,0,4.031863798609944,4.031863798609944
15,218,1,10000000,96.66868210542648,14030766.827201424,8000000000,651714,653314,651001,2313,713,1600,0,0.213815826101814,0.213815826101814
15,219,1,4000000,84.3259704954529,22751630.64443182,7000000000,655314,656714,654001,2713,176,1400,0,0.05274347227035726,0.05274347227035726
15,208,0,3000000,177.8150828810649,0,10000000000,647001,657001,621001,36000,0,10000,0.9999999999999999,0,0.9999999999999999
15,209,0,7000000,175.21246559534518,0,5000000000,657001,662001,624001,38000,0,5000,0.49999999999999994,0,0.49999999999999994
15,212,0,2000000,207.6875434396584,0,2000000000,662001,664001,633001,31000,0,2000,0.19999999999999998,0,0.19999999999999998
15,224,1,5000000,88.30432888596123,19388575.218909286,10000000000,670062,672062,669001,3061,258,2000,0,0.07736514844768379,0.07736514844768379
15,214,0,8000000,182.32225755513227,0,10000000000,664001,674001,639001,35000,0,10000,0.9999999999999999,0,0.9999999999999999
15,216,0,2000000,137.67794957799163,0,4000000000,674001,678001,645001,33000,0,4000,0.39999999999999997,0,0.39999999999999997
15,226,1,4000000,125.35584110842221,5279323.152401586,9000000000,679262,681062,675001,6061,758,1800,0,0.22730186528818852,0.22730186528818852
15,220,0,6000000,73.1468174290584,0,7000000000,678001,685001,657001,28000,0,7000,0.7,0,0.7
15,227,1,9000000,136.7228561726239,3770352.86616931,2000000000,687062,687462,678001,9461,2387,400,0,0.7161133442513056,0.7161133442513056
15,221,0,8000000,68.36148111327023,0,6000000000,685001,691001,660001,31000,0,6000,0.6,0,0.6
15,230,1,3000000,136.7228561726239,3770352.86616931,4000000000,691462,692262,687001,5261,796,800,0,0.23870444808376853,0.23870444808376853
15,222,0,4000000,72.81893778406825,0,2000000000,691001,693001,663001,30000,0,2000,0.19999999999999998,0,0.19999999999999998
15,223,0,5000000,85.56167658478886,0,6000000000,693001,699001,666001,33000,0,6000,0.6,0,0.6
15,225,0,10000000,104.89326813480456,0,3000000000,699001,702001,672001,30000,0,3000,0.3,0,0.3
15,233,1,5000000,145.2021108661992,2980243.7143652504,8000000000,700462,702062,696001,6061,1678,1600,0,0.5033145419516399,0.5033145419516399
15,234,1,6000000,168.51298495961666,1658102.530656577,9000000000,703062,704862,699001,5861,3619,1800,0,1.0855782237345928,1.0855782237345928
15,228,0,4000000,136.7228561726239,0,10000000000,702001,712001,681001,31000,0,10000,0.9999999999999999,0,0.9999999999999999
15,229,0,6000000,136.7228561726239,0,3000000000,712001,715001,684001,31000,0,3000,0.3,0,0.3
15,238,1,5000000,187.4429886658874,1087405.4015212911,3000000000,715599,716199,711001,5198,4598,600,0,1.379430337481757,1.379430337481757
15,239,1,4000000,162.70981838844267,1904344.4923585188,2000000000,716199,716599,714001,2598,2100,400,0,0.6301380894135428,0.6301380894135428
15,231,0,4000000,136.7228561726239,0,2000000000,715001,717001,690001,27000,0,2000,0.19999999999999998,0,0.19999999999999998
15,232,0,8000000,136.7228561726239,0,2000000000,717001,719001,693001,26000,0,2000,0.19999999999999998,0,0.19999999999999998
15,240,1,8000000,134.30458257259878,4041653.6558179776,7000000000,718980,720380,717001,3379,1979,1400,0,0.593816344590831,0.593816344590831
15,237,1,10000000,196.51949343512973,901171.9168702166,10000000000,720380,722380,708001,14379,11097,2000,0,3.3289985449380675,3.3289985449380675
15,235,0,6000000,198.02892162509997,0,8000000000,719001,727001,702001,25000,0,8000,0.7999999999999999,0,0.7999999999999999
15,242,1,5000000,85.15037580656943,22002986.00959945,2000000000,727580,727980,723001,4979,227,400,0,0.06817256527571217,0.06817256527571217
15,245,1,9000000,92.60458142014355,16382046.429538175,10000000000,732550,734550,732001,2549,549,2000,0,0.1648145737843642,0.1648145737843642
15,236,0,9000000,209.66351804737042,0,8000000000,727001,735001,705001,30000,0,8000,0.7999999999999999,0,0.7999999999999999
15,241,0,5000000,107.8771486460409,0,4000000000,735001,739001,720001,19000,0,4000,0.39999999999999997,0,0.39999999999999997
15,247,1,5000000,140.75507273274383,3366025.831242073,4000000000,741550,742350,738001,4349,1485,800,0,0.44562937874023856,0.44562937874023856
15,243,0,5000000,69.97316628536966,0,7000000000,739001,746001,726001,20000,0,7000,0.7,0,0.7
15,244,0,6000000,73.3327348460427,0,7000000000,746001,753001,729001,24000,0,7000,0.7,0,0.7
15,246,0,9000000,117.44936696295986,0,6000000000,753001,759001,735001,24000,0,6000,0.6,0,0.6
15,252,1,5000000,245.09218673797008,373854.0157239059,3000000000,766375,766975,753001,13974,13374,600,0,4.012261302304057,4.012261302304057
15,248,0,7000000,165.47755678641136,0,9000000000,759001,768001,741001,27000,0,9000,0.8999999999999999,0,0.8999999999999999
15,258,1,2000000,204.2100105283774,773582.9809213999,6000000000,774519,775719,771001,4718,2585,1200,0,0.7756116858793242,0.7756116858793242
15,249,0,5000000,192.33875870453156,0,9000000000,768001,777001,744001,33000,0,9000,0.8999999999999999,0,0.8999999999999999
15,255,1,9000000,205.36063546843636,756480.597469915,2000000000,776719,777119,762001,15118,11897,400,0,3.569159617616469,3.569159617616469
15,257,1,4000000,217.96197283012467,596794.9291314797,2000000000,778319,778719,768001,10718,6702,400,0,2.010740945380299,2.010740945380299
15,250,0,8000000,213.3867317805866,0,4000000000,777001,781001,747001,34000,0,4000,0.39999999999999997,0,0.39999999999999997
15,251,0,7000000,226.34748706358553,0,3000000000,781001,784001,750001,34000,0,3000,0.3,0,0.3
15,253,0,9000000,237.80074369101538,0,4000000000,784001,788001,756001,32000,0,4000,0.39999999999999997,0,0.39999999999999997
15,254,0,6000000,219.86998999408718,0,2000000000,788001,790001,759001,31000,0,2000,0.19999999999999998,0,0.19999999999999998
15,264,1,2000000,208.10032892813985,717616.9950408648,8000000000,791788,793388,789001,4387,2787,1600,0,0.8361005998273953,0.8361005998273953
15,262,1,4000000,239.67697031629888,408704.75031504553,6000000000,792788,793988,783001,10987,9787,1200,0,2.936104850934552,2.936104850934552
15,256,0,5000000,206.794439480369,0,4000000000,790001,794001,765001,29000,0,4000,0.39999999999999997,0,0.39999999999999997
15,259,0,3000000,213.6731452475954,0,7000000000,794001,801001,774001,27000,0,7000,0.7,0,0.7
15,263,1,8000000,222.35628212398225,551173.0157545079,6000000000,803893,805093,786001,19092,14514,1200,0,4.3543495987636645,4.3543495987636645
15,260,0,3000000,229.46929402427682,0,9000000000,801001,810001,777001,33000,0,9000,0.8999999999999999,0,0.8999999999999999
15,267,1,4000000,248.84310317949337,351871.19244653714,8000000000,816293,817893,798001,19892,11368,1600,0,3.410338856262939,3.410338856262939
15,261,0,8000000,248.3862967234706,0,8000000000,810001,818001,780001,38000,0,8000,0.7999999999999999,0,0.7999999999999999
15,273,1,4000000,217.94266447852746,597005.5734957064,2000000000,822701,823101,816001,7100,6700,400,0,2.0100314859265382,2.0100314859265382
15,269,1,10000000,214.98233346021718,630428.1041659522,7000000000,822693,824093,804001,20092,15862,1400,0,4.75867110012324,4.75867110012324
15,265,0,6000000,217.1352573858055,0,9000000000,818001,827001,792001,35000,0,9000,0.8999999999999999,0,0.8999999999999999
15,270,1,9000000,221.65569178345046,558147.5070735234,9000000000,825693,827493,807001,20492,16125,1800,0,4.8374309045231225,4.8374309045231225
15,276,1,4000000,188.78447817551103,1057048.1303753965,7000000000,829838,831238,825001,6237,3784,1400,0,1.1352368596251488,1.1352368596251488
15,266,0,8000000,235.9502812034773,0,9000000000,827001,836001,795001,41000,0,9000,0.8999999999999999,0,0.8999999999999999
15,279,1,5000000,167.3033236370396,1706010.9497694636,2000000000,836932,837332,834001,3331,2931,400,0,0.8792440635874569,0.8792440635874569
15,268,0,9000000,227.25055467479064,0,9000000000,836001,845001,801001,44000,0,9000,0.8999999999999999,0,0.8999999999999999
15,282,1,4000000,93.75568302775035,15671991.937642379,5000000000,844498,845498,843001,2497,255,1000,0,0.07656971779813986,0.07656971779813986
15,271,0,3000000,240.74463586962847,0,4000000000,845001,849001,810001,39000,0,4000,0.39999999999999997,0,0.39999999999999997
15,272,0,9000000,238.77218012155436,0,2000000000,849001,851001,813001,38000,0,2000,0.19999999999999998,0,0.19999999999999998
15,274,0,5000000,201.92111157578347,0,3000000000,851001,854001,819001,35000,0,3000,0.3,0,0.3
15,285,1,9000000,67.35215289803293,46722483.35462652,4000000000,856254,857054,852001,5053,193,800,0,0.057788024226084776,0.057788024226084776
15,286,1,4000000,82.65108650223537,24363887.050008137,2000000000,857054,857454,855001,2453,164,400,0,0.04925322455882914,0.04925322455882914
15,275,0,8000000,191.84300508488704,0,4000000000,854001,858001,822001,36000,0,4000,0.39999999999999997,0,0.39999999999999997
15,277,0,7000000,193.04474325917295,0,4000000000,858001,862001,828001,34000,0,4000,0.39999999999999997,0,0.39999999999999997
15,278,0,10000000,193.3705055069154,0,8000000000,862001,870001,831001,39000,0,8000,0.7999999999999999,0,0.7999999999999999
15,292,1,2000000,97.39587106238125,13653225.193045596,9000000000,873147,874947,873001,1946,146,1800,0,0.04394566056858242,0.04394566056858242
15,280,0,2000000,139.99128580022398,0,7000000000,870001,877001,837001,40000,0,7000,0.7,0,0.7
15,293,1,8000000,70.48359312634395,40766976.91004005,7000000000,876197,877597,876001,1596,196,1400,0,0.05887117912363353,0.05887117912363353
15,281,0,4000000,117.0632790417217,0,10000000000,877001,887001,840001,47000,0,10000,0.9999999999999999,0,0.9999999999999999
15,283,0,7000000,74.28906581725201,0,2000000000,887001,889001,846001,43000,0,2000,0.19999999999999998,0,0.19999999999999998
15,297,1,8000000,20.988272916083446,330459751.30363685,8000000000,888025,889625,888001,1624,24,1600,0,0.007262609109073632,0.007262609109073632
15,284,0,6000000,63.750847053196054,0,5000000000,889001,894001,849001,45000,0,5000,0.49999999999999994,0,0.49999999999999994
15,301,1,4000000,127.6675796747162,4919598.756076415,9000000000,900814,902614,900001,2613,813,1800,0,0.24392233177915712,0.24392233177915712
15,287,0,4000000,111.83725005560531,0,9000000000,894001,903001,858001,45000,0,9000,0.8999999999999999,0,0.8999999999999999
15,302,1,7000000,154.57587133831717,2331004.3506179117,8000000000,906004,907604,903001,4603,3003,1600,0,0.900899219447327,0.900899219447327
15,288,0,6000000,80.58821874194766,0,10000000000,903001,913001,861001,52000,0,10000,0.9999999999999999,0,0.9999999999999999
15,303,1,5000000,151.78750179115536,2504044.4419763517,10000000000,912920,914920,906001,8919,1997,2000,0,0.5990309017103963,0.5990309017103963
15,305,1,4000000,97.9570400736976,13370073.323301379,7000000000,916720,918120,912001,6119,299,1400,0,0.08975268653976928,0.08975268653976928
15,289,0,6000000,98.7246620657675,0,6000000000,913001,919001,864001,55000,0,6000,0.6,0,0.6
15,307,1,4000000,68.36186071194957,44707354.2695226,10000000000,918920,920920,918001,2919,89,2000,0,0.02684122153070576,0.02684122153070576
15,290,0,5000000,124.78542102345126,0,4000000000,919001,923001,867001,56000,0,4000,0.39999999999999997,0,0.39999999999999997
15,308,1,5000000,86.45786546058146,20872784.12216401,10000000000,921241,923241,921001,2240,240,2000,0,0.07186391576805547,0.07186391576805547
15,309,1,10000000,112.00208256992372,8120220.807402813,7000000000,925232,926632,924001,2631,1231,1400,0,0.36944808166608534,0.36944808166608534
15,291,0,9000000,121.94293788489765,0,6000000000,923001,929001,870001,59000,0,6000,0.6,0,0.6
15,294,0,10000000,57.23134193778789,0,6000000000,929001,935001,879001,56000,0,6000,0.6,0,0.6
15,295,0,6000000,34.95854974108628,0,5000000000,935001,940001,882001,58000,0,5000,0.49999999999999994,0,0.49999999999999994
15,296,0,3000000,10.267200202586883,0,4000000000,940001,944001,885001,59000,0,4000,0.39999999999999997,0,0.39999999999999997
15,313,1,10000000,183.144109924398,1192284.5435583666,7000000000,944388,945788,936001,9787,8387,1400,0,2.516177884053178,2.516177884053178
15,298,0,7000000,46.802962513071755,0,4000000000,944001,948001,891001,57000,0,4000,0.39999999999999997,0,0.39999999999999997
15,314,1,7000000,208.88024152609555,707011.2382758816,7000000000,949111,950511,939001,11510,9901,1400,0,2.970249815435837,2.970249815435837
15,317,1,7000000,165.12607062484105,1796650.272861033,3000000000,952235,952835,948001,4834,3896,600,0,1.1688418340069628,1.1688418340069628
15,299,0,10000000,73.93143039330435,0,8000000000,948001,956001,894001,62000,0,8000,0.7999999999999999,0,0.7999999999999999
15,318,1,8000000,165.12607062484105,1796650.272861033,4000000000,955454,956254,951001,5253,4453,800,0,1.3358192388651005,1.3358192388651005
15,300,0,7000000,100.7846540897968,0,7000000000,956001,963001,897001,66000,0,7000,0.7,0,0.7
15,304,0,6000000,124.86669892329184,0,2000000000,963001,965001,909001,56000,0,2000,0.19999999999999998,0,0.19999999999999998
15,322,1,8000000,156.48366687932642,2221091.501009687,7000000000,969140,970540,963001,7539,3602,1400,0,1.0805498102662512,1.0805498102662512
15,323,1,2000000,141.4154563688142,3304998.564130592,2000000000,970540,970940,966001,4939,605,400,0,0.18154319536227548,0.18154319536227548
15,324,1,4000000,138.89004031967164,3546035.1943004495,4000000000,970940,971740,969001,2739,1128,800,0,0.338406116760703,0.338406116760703
15,306,0,9000000,73.18965227407497,0,8000000000,965001,973001,915001,58000,0,8000,0.7999999999999999,0,0.7999999999999999
15,325,1,7000000,144.76627300583516,3015552.5385022038,4000000000,974322,975122,972001,3121,2321,800,0,0.696389790324479,0.696389790324479
15,310,0,7000000,140.9231411089038,0,3000000000,973001,976001,927001,49000,0,3000,0.3,0,0.3
15,327,1,9000000,160.39523995430784,2015114.336882241,5000000000,982467,983467,978001,5466,4466,1000,0,1.3398743438932628,1.3398743438932628
15,328,1,9000000,134.6116179978534,4005906.8950728,4000000000,983467,984267,981001,3266,2247,800,0,0.6740046812672945,0.6740046812672945
15,311,0,8000000,169.4539772327578,0,10000000000,976001,986001,930001,56000,0,10000,0.9999999999999999,0,0.9999999999999999
15,312,0,6000000,174.0341161956471,0,2000000000,986001,988001,933001,55000,0,2000,0.19999999999999998,0,0.19999999999999998
15,315,0,3000000,195.0633909784201,0,4000000000,988001,992001,942001,50000,0,4000,0.39999999999999997,0,0.39999999999999997
15,316,0,2000000,167.68794649586476,0,2000000000,992001,994001,945001,49000,0,2000,0.19999999999999998,0,0.19999999999999998
16,1,1,6000000,236.89871337767963,428159.3983664241,9000000000,14175,15975,1,15974,14013,1800,0,4.2040417817934665,4.2040417817934665
16,2,1,6000000,230.51820774073354,477404.98907739937,4000000000,15975,16775,3001,13774,12568,800,0,3.7703837227980346,3.7703837227980346
16,3,1,7000000,214.616972767766,634713.1242910848,10000000000,18575,20575,6001,14574,11029,2000,0,3.3085813411303,3.3085813411303
16,7,0,9000000,175.99312827494143,0,3000000000,18001,21001,18001,3000,0,3000,0.3,0,0.3
16,6,1,3000000,179.29873870164286,1296960.612719898,5000000000,20575,21575,15001,6574,2313,1000,0,0.6939300940778617,0.6939300940778617
16,5,1,7000000,187.2162519654744,1092643.0163812384,5000000000,21575,22575,12001,10574,6406,1000,0,1.921945199407453,1.921945199407453
16,4,1,10000000,199.21633718146714,853638.0621416533,2000000000,23975,24375,9001,15374,11715,400,0,3.5143700041601216,3.5143700041601216
16,8,0,5000000,177.6140473048233,0,10000000000,21001,31001,21001,10000,0,10000,0.9999999999999999,0,0.9999999999999999
16,9,0,9000000,182.66256567780928,0,2000000000,31001,33001,24001,9000,0,2000,0.19999999999999998,0,0.19999999999999998
16,11,1,3000000,182.94408681343054,1197464.3569715659,10000000000,32506,34506,30001,4505,2505,2000,0,0.7515881326740573,0.7515881326740573
16,10,0,5000000,182.94408681343054,0,3000000000,33001,36001,27001,9000,0,3000,0.3,0,0.3
16,12,1,5000000,183.26896191117578,1189065.4905896739,9000000000,37206,39006,33001,6005,4205,1800,0,1.2614948561463417,1.2614948561463417
16,13,1,3000000,188.14926654122252,1071289.3887316552,8000000000,39006,40606,36001,4605,2800,1600,0,0.8401091334112326,0.8401091334112326
16,14,0,9000000,199.67073946875638,0,5000000000,39001,44001,39001,5000,0,5000,0.49999999999999994,0,0.49999999999999994
16,15,0,8000000,214.89800859942835,0,4000000000,44001,48001,42001,6000,0,4000,0.39999999999999997,0,0.39999999999999997
16,16,0,8000000,232.8727571013836,0,8000000000,48001,56001,45001,11000,0,8000,0.7999999999999999,0,0.7999999999999999
16,17,0,3000000,232.9911350244897,0,7000000000,56001,63001,48001,15000,0,7000,0.7,0,0.7
16,18,0,4000000,214.78554630142136,0,9000000000,63001,72001,51001,21000,0,9000,0.8999999999999999,0,0.8999999999999999
16,20,1,3000000,189.73295970916595,1036219.1756206127,9000000000,70419,72219,57001,15218,2895,1800,0,0.8685421204070768,0.8685421204070768
16,26,1,2000000,188.35826342372135,1066577.5294722507,3000000000,76876,77476,75001,2475,1875,600,0,0.5625470098708003,0.5625470098708003
16,21,1,9000000,189.4850519170312,1041613.6260519349,8000000000,77219,78819,60001,18818,8640,1600,0,2.592131988743183,2.592131988743183
16,19,0,8000000,199.41388366911667,0,8000000000,72001,80001,54001,26000,0,8000,0.7999999999999999,0,0.7999999999999999
16,24,1,2000000,190.14858874049,1027252.910188782,8000000000,79619,81219,69001,12218,1947,1600,0,0.5840820639678069,0.5840820639678069
16,22,0,9000000,189.4850519170312,0,4000000000,80001,84001,63001,21000,0,4000,0.39999999999999997,0,0.39999999999999997
16,28,1,4000000,159.34109137319226,2068206.3568920011,4000000000,84814,85614,81001,4613,1934,800,0,0.5802128960686984,0.5802128960686984
16,23,0,5000000,187.4192404743974,0,5000000000,84001,89001,66001,23000,0,5000,0.49999999999999994,0,0.49999999999999994
16,25,1,7000000,207.64926896090918,723841.348026069,3000000000,92219,92819,72001,20818,9671,600,0,2.9011882309939123,2.9011882309939123
16,27,0,10000000,169.78141830011907,0,6000000000,89001,95001,78001,17000,0,6000,0.6,0,0.6
16,29,0,4000000,154.77591543906308,0,7000000000,95001,102001,84001,18000,0,7000,0.7,0,0.7
16,30,0,9000000,154.55820812884707,0,4000000000,102001,106001,87001,19000,0,4000,0.39999999999999997,0,0.39999999999999997
16,37,1,2000000,175.185371535411,1421893.6144767182,2000000000,109408,109808,108001,1807,1407,400,0,0.42197249772502177,0.42197249772502177
16,31,0,5000000,168.51796640121196,0,4000000000,106001,110001,90001,20000,0,4000,0.39999999999999997,0,0.39999999999999997
16,36,1,6000000,189.85452325399044,1033586.670575833,9000000000,110806,112606,105001,7605,5805,1800,0,1.74150852680519,1.74150852680519
16,33,0,6000000,198.1988385435192,0,3000000000,110001,113001,96001,17000,0,3000,0.3,0,0.3
16,32,1,7000000,182.44283515665944,1210568.2939867782,4000000000,114614,115414,93001,22413,5782,800,0,1.7347224526127694,1.7347224526127694
16,34,1,2000000,215.3829939897763,625770.4598703489,3000000000,117214,117814,99001,18813,3196,600,0,0.958818030695012,0.958818030695012
16,35,0,10000000,205.86966289378336,0,5000000000,113001,118001,102001,16000,0,5000,0.49999999999999994,0,0.49999999999999994
16,38,0,9000000,162.61114998670902,0,4000000000,118001,122001,111001,11000,0,4000,0.39999999999999997,0,0.39999999999999997
16,39,1,6000000,152.85953094262717,2435695.0913066757,9000000000,120406,122206,114001,8205,2463,1800,0,0.7390087562373644,0.7390087562373644
16,40,0,5000000,146.42826537250247,0,5000000000,122001,127001,117001,10000,0,5000,0.49999999999999994,0,0.49999999999999994
16,41,1,8000000,143.6238716230697,3110583.465864724,4000000000,127806,128606,120001,8605,2572,800,0,0.771559428106461,0.771559428106461
16,42,1,2000000,153.82889520502968,2375868.6339583937,5000000000,130206,131206,123001,8205,842,1000,0,0.25253921509976346,0.25253921509976346
16,44,0,8000000,200.86622911778875,0,7000000000,129001,136001,129001,7000,0,7000,0.7,0,0.7
16,43,1,9000000,177.32060229990196,1355260.8568366051,5000000000,136606,137606,126001,11605,6641,1000,0,1.9922363922634276,1.9922363922634276
16,45,0,6000000,191.84440700734538,0,4000000000,136001,140001,132001,8000,0,4000,0.39999999999999997,0,0.39999999999999997
16,46,0,3000000,162.71150543216052,0,3000000000,140001,143001,135001,8000,0,3000,0.3,0,0.3
16,50,1,4000000,175.30933175390294,1417915.4529198608,4000000000,149822,150622,147001,3621,2821,800,0,0.8463128020284174,0.8463128020284174
16,47,0,4000000,185.0554857333335,0,10000000000,143001,153001,138001,15000,0,10000,0.9999999999999999,0,0.9999999999999999
16,52,1,3000000,204.04721634954984,776041.4274175126,3000000000,156867,157467,153001,4466,3866,600,0,1.1597319011627936,1.1597319011627936
16,48,0,5000000,199.78834100117055,0,8000000000,153001,161001,141001,20000,0,8000,0.7999999999999999,0,0.7999999999999999
16,49,0,6000000,174.88371479357357,0,5000000000,161001,166001,144001,22000,0,5000,0.49999999999999994,0,0.49999999999999994
16,56,1,5000000,186.4043553675718,1111657.1720111726,6000000000,169901,171101,165001,6100,4498,1200,0,1.34933686190883,1.34933686190883
16,51,0,3000000,186.09997850617822,0,10000000000,166001,176001,150001,26000,0,10000,0.9999999999999999,0,0.9999999999999999
16,55,1,10000000,201.3923099326288,817543.5692841839,10000000000,174233,176233,162001,14232,12232,2000,0,3.669529200292907,3.669529200292907
16,57,1,6000000,207.26564428288637,729188.1598394832,8000000000,177033,178633,168001,10632,8228,1600,0,2.4684986662375805,2.4684986662375805
16,59,1,4000000,175.35037867082013,1416601.2141868146,8000000000,177223,178823,174001,4822,2824,1600,0,0.8470979609380384,0.8470979609380384
16,60,1,3000000,172.25905201178833,1519966.494174873,6000000000,180623,181823,177001,4822,1974,1200,0,0.5921183154031121,0.5921183154031121
16,53,0,2000000,227.3899597607599,0,7000000000,176001,183001,156001,27000,0,7000,0.7,0,0.7
16,58,1,10000000,192.63728870600312,975538.5004948764,5000000000,184423,185423,171001,14422,10251,1000,0,3.0752246051571968,3.0752246051571968
16,61,1,2000000,172.03700590279988,1527746.2340263908,4000000000,185423,186223,180001,6222,1309,800,0,0.3927353814636439,0.3927353814636439
16,54,0,9000000,224.69118919085363,0,5000000000,183001,188001,159001,29000,0,5000,0.49999999999999994,0,0.49999999999999994
16,62,0,7000000,171.61155264142332,0,6000000000,188001,194001,183001,11000,0,6000,0.6,0,0.6
16,63,0,9000000,160.76993282327388,0,4000000000,194001,198001,186001,12000,0,4000,0.39999999999999997,0,0.39999999999999997
16,64,0,9000000,138.5214293891021,0,4000000000,198001,202001,189001,13000,0,4000,0.39999999999999997,0,0.39999999999999997
16,65,1,6000000,116.13564224646971,7076324.274456504,8000000000,201223,202823,192001,10822,848,1600,0,0.25436934914041215,0.25436934914041215
16,66,1,3000000,95.2088362495835,14826553.43733198,2000000000,205423,205823,195001,10822,202,400,0,0.06070190242149452,0.06070190242149452
16,67,1,4000000,77.96409494119713,29607154.1205933,9000000000,209023,210823,198001,12822,135,1800,0,0.040530744532630995,0.040530744532630995
16,70,0,3000000,53.76121464401636,0,7000000000,207001,214001,207001,7000,0,7000,0.7,0,0.7
16,68,1,10000000,58.01224439719601,70448494.63691187,4000000000,218623,219423,201001,18422,142,800,0,0.04258430241074497,0.04258430241074497
16,71,0,9000000,74.6323361553154,0,6000000000,214001,220001,210001,10000,0,6000,0.6,0,0.6
16,69,1,7000000,46.26368121972143,117425623.04291062,3000000000,224223,224823,204001,20822,60,600,0,0.017883660700123354,0.017883660700123354
16,72,0,8000000,83.6926018235782,0,6000000000,220001,226001,213001,13000,0,6000,0.6,0,0.6
16,73,0,2000000,77.02148401582508,0,4000000000,226001,230001,216001,14000,0,4000,0.39999999999999997,0,0.39999999999999997
16,77,0,4000000,141.35348916811355,0,8000000000,230001,238001,228001,10000,0,8000,0.7999999999999999,0,0.7999999999999999
16,74,1,4000000,82.66480569141865,24350163.473318614,3000000000,243823,244423,219001,25422,164,600,0,0.049280983321318764,0.049280983321318764
16,81,0,9000000,210.20801245433057,0,5000000000,240001,245001,240001,5000,0,5000,0.49999999999999994,0,0.49999999999999994
16,82,0,6000000,188.21902188673704,0,3000000000,245001,248001,243001,5000,0,3000,0.3,0,0.3
16,75,1,6000000,95.16838655772203,14849349.654911198,5000000000,249223,250223,222001,28222,404,1000,0,0.12121742984243604,0.12121742984243604
16,83,1,4000000,178.2563292003961,1327285.4264275732,6000000000,250370,251570,246001,5569,3014,1200,0,0.9041009387331513,0.9041009387331513
16,84,0,9000000,175.31860511651348,0,8000000000,249001,257001,249001,8000,0,8000,0.7999999999999999,0,0.7999999999999999
16,76,1,9000000,116.33425634781871,7030397.245848423,9000000000,256023,257823,225001,32822,1280,1800,0,0.3840465773956655,0.3840465773956655
16,85,0,5000000,181.0909144601131,0,7000000000,257001,264001,252001,12000,0,7000,0.7,0,0.7
16,86,1,8000000,186.02261206638295,1120739.6363942372,4000000000,263672,264472,255001,9471,7138,800,0,2.141442956119171,2.141442956119171
16,87,1,6000000,182.08648329845906,1219992.783850554,6000000000,265872,267072,258001,9071,4918,1200,0,1.4754185629843,1.4754185629843
16,88,0,4000000,176.51644824208307,0,8000000000,264001,272001,261001,11000,0,8000,0.7999999999999999,0,0.7999999999999999
16,78,1,8000000,168.04671552874817,1676368.746022234,7000000000,270623,272023,231001,41022,4772,1400,0,1.431665918190632,1.431665918190632
16,79,1,7000000,177.666039805023,1344848.7375836328,5000000000,275223,276223,234001,42222,5205,1000,0,1.5615139021308753,1.5615139021308753
16,89,0,3000000,175.42193847976935,0,8000000000,272001,280001,264001,16000,0,8000,0.7999999999999999,0,0.7999999999999999
16,90,1,10000000,179.4595154902632,1292360.4263381374,4000000000,280123,280923,267001,13922,7738,800,0,2.3213338468591194,2.3213338468591194
16,93,1,2000000,218.57653350714477,590138.5348260738,4000000000,285323,286123,276001,10122,3389,800,0,1.0167104240648046,1.0167104240648046
16,91,0,10000000,188.37368844931612,0,10000000000,280001,290001,270001,20000,0,10000,0.9999999999999999,0,0.9999999999999999
16,92,1,7000000,201.78288852130154,811267.4093372831,6000000000,290723,291923,273001,18922,8628,1200,0,2.588542292997411,2.588542292997411
16,95,1,5000000,227.26271361576232,505255.6797546528,5000000000,291897,292897,282001,10896,9896,1000,0,2.968793939591902,2.968793939591902
16,94,1,4000000,238.01731722712944,420190.35468068725,8000000000,292923,294523,279001,15522,9519,1600,0,2.8558485139715044,2.8558485139715044
16,96,0,4000000,212.55009056690614,0,5000000000,290001,295001,285001,10000,0,5000,0.49999999999999994,0,0.49999999999999994
16,80,1,8000000,203.65045470118648,782074.0475547984,10000000000,294423,296423,237001,59422,10229,2000,0,3.0687631273582654,3.0687631273582654
16,97,0,2000000,198.5815009007637,0,4000000000,295001,299001,288001,11000,0,4000,0.39999999999999997,0,0.39999999999999997
16,98,1,8000000,187.92524950096515,1076368.6784918902,5000000000,298433,299433,291001,8432,7432,1000,0,2.229719284811094,2.229719284811094
16,99,1,6000000,181.69105206366103,1230557.8701203133,6000000000,299433,300633,294001,6632,4876,1200,0,1.4627511990346391,1.4627511990346391
16,101,1,3000000,190.9429783993116,1010382.7885837465,3000000000,302970,303570,300001,3569,2969,600,0,0.8907515153356185,0.8907515153356185
16,100,0,10000000,181.82474776553377,0,10000000000,299001,309001,297001,12000,0,10000,0.9999999999999999,0,0.9999999999999999
16,102,0,5000000,206.8828542919881,0,8000000000,309001,317001,303001,14000,0,8000,0.7999999999999999,0,0.7999999999999999
16,105,1,4000000,218.56933087695543,590216.0098663808,6000000000,320250,321450,312001,9449,6777,1200,0,2.0331539299851733,2.0331539299851733
16,103,0,8000000,214.53742330884842,0,6000000000,317001,323001,306001,17000,0,6000,0.6,0,0.6
16,104,0,4000000,209.84816701605953,0,7000000000,323001,330001,309001,21000,0,7000,0.7,0,0.7
16,106,1,8000000,221.64078347632685,558297.1140666986,10000000000,329330,331330,315001,16329,14329,2000,0,4.298786326366854,4.298786326366854
16,110,1,5000000,181.931587416809,1224117.7826378567,6000000000,331086,332286,327001,5285,4085,1200,0,1.2253722813891679,1.2253722813891679
16,108,0,9000000,223.20971865042074,0,5000000000,330001,335001,321001,14000,0,5000,0.49999999999999994,0,0.49999999999999994
16,112,1,9000000,130.54826425502563,4512393.264342052,2000000000,334996,335396,333001,2395,1995,400,0,0.5983521031590948,0.5983521031590948
16,107,1,9000000,221.64078347632685,558297.1140666986,7000000000,334121,335521,318001,17520,16120,1400,0,4.8361346171627115,4.8361346171627115
16,109,0,6000000,209.93473104753292,0,8000000000,335001,343001,324001,19000,0,8000,0.7999999999999999,0,0.7999999999999999
16,116,1,8000000,95.5848549719044,14616601.078958979,6000000000,345548,346748,345001,1747,547,1200,0,0.164196859929007,0.164196859929007
16,111,0,2000000,155.22733006787178,0,6000000000,343001,349001,330001,19000,0,6000,0.6,0,0.6
16,119,1,2000000,152.57104115788155,2453858.887005709,3000000000,356236,356836,354001,2835,815,600,0,0.24451283779082447,0.24451283779082447
16,113,0,8000000,112.67513878402814,0,9000000000,349001,358001,336001,22000,0,9000,0.8999999999999999,0,0.8999999999999999
16,114,0,5000000,97.7210934240914,0,3000000000,358001,361001,339001,22000,0,3000,0.3,0,0.3
16,115,0,10000000,91.52097573780563,0,2000000000,361001,363001,342001,21000,0,2000,0.19999999999999998,0,0.19999999999999998
16,117,0,8000000,108.93420032294725,0,5000000000,363001,368001,348001,20000,0,5000,0.49999999999999994,0,0.49999999999999994
16,123,1,2000000,152.34060686501152,2468487.943535697,8000000000,366811,368411,366001,2410,810,1600,0,0.24306377577060395,0.24306377577060395
16,124,1,8000000,165.70295742683655,1772064.0370097756,2000000000,373516,373916,369001,4915,4515,400,0,1.3543528619032408,1.3543528619032408
16,118,0,7000000,128.74174342457852,0,7000000000,368001,375001,351001,24000,0,7000,0.7,0,0.7
16,125,1,5000000,181.77258346626428,1228370.240146171,4000000000,376800,377600,372001,5599,4070,800,0,1.2211302024229325,1.2211302024229325
16,120,0,6000000,167.8128400927653,0,9000000000,375001,384001,357001,27000,0,9000,0.8999999999999999,0,0.8999999999999999
16,126,1,10000000,198.69508398548763,862577.493506064,2000000000,386594,386994,375001,11993,11593,400,0,3.4779483844472803,3.4779483844472803
16,121,0,3000000,164.99067185753256,0,9000000000,384001,393001,360001,33000,0,9000,0.8999999999999999,0,0.8999999999999999
16,132,1,8000000,181.7165512549696,1229873.161934425,3000000000,399506,400106,393001,7105,6505,600,0,1.9514207434408302,1.9514207434408302
16,122,0,5000000,144.5967942244917,0,10000000000,393001,403001,363001,40000,0,10000,0.9999999999999999,0,0.9999999999999999
16,136,1,6000000,146.30408777611106,2893219.6369068823,2000000000,407645,408045,405001,3044,2074,400,0,0.6221442634491329,0.6221442634491329
16,127,0,8000000,217.95991489262425,0,10000000000,403001,413001,378001,35000,0,10000,0.9999999999999999,0,0.9999999999999999
16,138,1,7000000,154.6174715224641,2328536.756152504,8000000000,414007,415607,411001,4606,3006,1600,0,0.9018539193986695,0.9018539193986695
16,128,0,10000000,238.2792030371094,0,4000000000,413001,417001,381001,36000,0,4000,0.39999999999999997,0,0.39999999999999997
16,140,1,6000000,140.29160844469635,3409686.333473043,7000000000,419133,420533,417001,3532,1760,1400,0,0.5279077967757091,0.5279077967757091
16,141,1,9000000,137.20351671877802,3719127.3762649307,7000000000,422421,423821,420001,3820,2420,1400,0,0.725976748532763,0.725976748532763
16,129,0,8000000,237.76091562744284,0,9000000000,417001,426001,384001,42000,0,9000,0.8999999999999999,0,0.8999999999999999
16,130,0,6000000,218.552447023592,0,5000000000,426001,431001,387001,44000,0,5000,0.49999999999999994,0,0.49999999999999994
16,131,0,10000000,199.39787686933886,0,4000000000,431001,435001,390001,45000,0,4000,0.39999999999999997,0,0.39999999999999997
16,133,0,5000000,165.6009145506148,0,5000000000,435001,440001,396001,44000,0,5000,0.49999999999999994,0,0.49999999999999994
16,144,1,5000000,121.79283804887707,5899021.500556363,9000000000,443979,445779,429001,16778,848,1800,0,0.25427945971353527,0.25427945971353527
16,145,1,3000000,95.03673237227804,14923832.158224145,5000000000,445779,446779,432001,14778,201,1000,0,0.06030622634039963,0.06030622634039963
16,134,0,2000000,160.7864683361134,0,7000000000,440001,447001,399001,48000,0,7000,0.7,0,0.7
16,146,1,9000000,71.27506857239773,39393570.569860265,5000000000,447579,448579,435001,13578,228,1000,0,0.06853910323289533,0.06853910323289533
16,149,1,9000000,130.31039290862418,4544412.410352279,4000000000,450179,450979,444001,6978,1980,800,0,0.5941362174457001,0.5941362174457001
16,150,1,7000000,155.18144863352705,2295400.3411772246,4000000000,450979,451779,447001,4778,3050,800,0,0.914873088727951,0.914873088727951
16,135,0,5000000,156.15973392651514,0,5000000000,447001,452001,402001,50000,0,5000,0.49999999999999994,0,0.49999999999999994
16,137,0,5000000,139.36367998872595,0,6000000000,452001,458001,408001,50000,0,6000,0.6,0,0.6
16,139,0,4000000,148.43151451090162,0,3000000000,458001,461001,414001,47000,0,3000,0.3,0,0.3
16,142,0,3000000,157.76362857135356,0,4000000000,461001,465001,423001,42000,0,4000,0.39999999999999997,0,0.39999999999999997
16,155,1,2000000,193.95472280921646,949473.9248157965,6000000000,464704,465904,462001,3903,2106,1200,0,0.6319288864266636,0.6319288864266636
16,152,1,10000000,206.96287686442705,733442.8029197494,4000000000,466635,467435,453001,14434,13634,800,0,4.090298504610521,4.090298504610521
16,153,1,9000000,206.4706189751946,740426.5171700668,8000000000,468156,469756,456001,13755,12155,1600,0,3.6465468718212364,3.6465468718212364
16,143,0,5000000,148.56053076103356,0,7000000000,465001,472001,426001,46000,0,7000,0.7,0,0.7
16,156,1,8000000,195.91309552962508,912310.6091974057,2000000000,473770,474170,465001,9169,8769,400,0,2.6306829886713374,2.6306829886713374
16,147,0,2000000,81.07660821716708,0,8000000000,472001,480001,438001,42000,0,8000,0.7999999999999999,0,0.7999999999999999
16,157,1,7000000,203.3786026109925,786241.2179615974,9000000000,478601,480401,468001,12400,8903,1800,0,2.670936033402628,2.670936033402628
16,148,0,9000000,104.64140862966248,0,6000000000,480001,486001,441001,45000,0,6000,0.6,0,0.6
16,151,0,7000000,182.59910980067787,0,3000000000,486001,489001,450001,39000,0,3000,0.3,0,0.3
16,154,0,10000000,197.49425156191256,0,2000000000,489001,491001,459001,32000,0,2000,0.19999999999999998,0,0.19999999999999998
16,163,1,5000000,206.48906605435553,740163.3158267619,8000000000,492756,494356,486001,8355,6755,1600,0,2.026579766824165,2.026579766824165
16,158,0,5000000,215.6942282491583,0,8000000000,491001,499001,471001,28000,0,8000,0.7999999999999999,0,0.7999999999999999
16,165,1,6000000,193.3106691313234,962106.3282076481,7000000000,498237,499637,492001,7636,6236,1400,0,1.8708950842816952,1.8708950842816952
16,161,1,8000000,238.77025547584438,414930.40051213437,10000000000,499637,501637,480001,21636,19280,2000,0,5.784102579704361,5.784102579704361
16,168,1,2000000,215.7518057861857,621520.9185068676,6000000000,504219,505419,501001,4418,3218,1200,0,0.965373782497025,0.965373782497025
16,159,0,6000000,232.14940297144855,0,8000000000,499001,507001,474001,33000,0,8000,0.7999999999999999,0,0.7999999999999999
16,167,1,10000000,203.12219967300473,790196.9517690779,7000000000,510656,512056,498001,14055,12655,1400,0,3.7965218586121563,3.7965218586121563
16,160,0,2000000,251.836653408514,0,6000000000,507001,513001,477001,36000,0,6000,0.6,0,0.6
16,170,1,3000000,250.67443527412203,341724.82841510256,5000000000,515780,516780,507001,9779,8779,1000,0,2.633698008348241,2.633698008348241
16,162,0,10000000,220.58079018808507,0,7000000000,513001,520001,483001,37000,0,7000,0.7,0,0.7
16,169,1,10000000,232.68104735882554,459956.1537109862,6000000000,525742,526942,504001,22941,21741,1200,0,6.522360828952084,6.522360828952084
16,164,0,3000000,197.13737748078114,0,7000000000,520001,527001,489001,38000,0,7000,0.7,0,0.7
16,176,1,2000000,236.2651751739981,432756.48735184805,5000000000,529623,530623,525001,5622,4622,1000,0,1.3864610180001216,1.3864610180001216
16,175,1,9000000,191.9506290690395,989476.8310237486,3000000000,531097,531697,522001,9696,9096,600,0,2.728714726151275,2.728714726151275
16,166,0,4000000,195.43160670679654,0,8000000000,527001,535001,495001,40000,0,8000,0.7999999999999999,0,0.7999999999999999
16,171,0,8000000,245.1678486262014,0,6000000000,535001,541001,510001,31000,0,6000,0.6,0,0.6
16,172,0,8000000,228.80361382635547,0,5000000000,541001,546001,513001,33000,0,5000,0.49999999999999994,0,0.49999999999999994
16,181,1,7000000,191.20065376457268,1004984.8284121031,5000000000,546966,547966,540001,7965,6965,1000,0,2.089583783387102,2.089583783387102
16,173,0,8000000,211.93814994002378,0,3000000000,546001,549001,516001,33000,0,3000,0.3,0,0.3
16,174,0,2000000,199.4234514795088,0,3000000000,549001,552001,519001,33000,0,3000,0.3,0,0.3
16,182,1,9000000,199.08847606026822,855820.1426112074,8000000000,553517,555117,543001,12116,10516,1600,0,3.154868488794835,3.154868488794835
16,177,0,5000000,227.41843834658613,0,7000000000,552001,559001,528001,31000,0,7000,0.7,0,0.7
16,178,0,2000000,211.30979911021637,0,3000000000,559001,562001,531001,31000,0,3000,0.3,0,0.3
16,179,0,3000000,197.8116844374973,0,8000000000,562001,570001,534001,36000,0,8000,0.7999999999999999,0,0.7999999999999999
16,180,0,10000000,190.8269435902593,0,8000000000,570001,578001,537001,41000,0,8000,0.7999999999999999,0,0.7999999999999999
16,190,1,9000000,192.19869770630604,984412.9188015655,8000000000,579922,581522,567001,14521,9143,1600,0,2.742751490184635,2.742751490184635
16,183,0,5000000,213.42334314690135,0,8000000000,578001,586001,546001,40000,0,8000,0.7999999999999999,0,0.7999999999999999
16,193,1,2000000,227.3189147431423,504757.9415215868,9000000000,585722,587522,576001,11521,3962,1800,0,1.1886885785121224,1.1886885785121224
16,184,0,7000000,233.18307743058887,0,3000000000,586001,589001,549001,40000,0,3000,0.3,0,0.3
16,185,0,7000000,249.97386463388528,0,2000000000,589001,591001,552001,39000,0,2000,0.19999999999999998,0,0.19999999999999998
16,199,1,3000000,189.7048470651185,1036829.1533607898,10000000000,596894,598894,594001,4893,2893,2000,0,0.8680311477380143,0.8680311477380143
16,196,1,9000000,210.8658706381855,680878.1260550049,3000000000,598894,599494,585001,14493,13218,600,0,3.9654673820170276,3.9654673820170276
16,186,0,10000000,227.7183791440647,0,10000000000,591001,601001,555001,46000,0,10000,0.9999999999999999,0,0.9999999999999999
16,187,0,9000000,209.68758570788114,0,3000000000,601001,604001,558001,46000,0,3000,0.3,0,0.3
16,201,1,4000000,211.05834288177283,678409.4719983158,6000000000,605897,607097,600001,7096,5896,1200,0,1.7688432274763097,1.7688432274763097
16,194,1,8000000,249.85400937347396,346224.5560996461,7000000000,605967,607367,579001,28366,23106,1400,0,6.931917328559623,6.931917328559623
16,202,1,2000000,227.61370806697914,502157.13634950714,7000000000,607097,608497,603001,5496,3983,1400,0,1.1948451123522281,1.1948451123522281
16,188,0,5000000,197.11125995234264,0,6000000000,604001,610001,561001,49000,0,6000,0.6,0,0.6
16,189,0,3000000,191.1061328162966,0,2000000000,610001,612001,564001,48000,0,2000,0.19999999999999998,0,0.19999999999999998
16,191,0,2000000,200.3664295734193,0,5000000000,612001,617001,570001,47000,0,5000,0.49999999999999994,0,0.49999999999999994
16,192,0,3000000,210.34317911451276,0,4000000000,617001,621001,573001,48000,0,4000,0.39999999999999997,0,0.39999999999999997
16,204,1,8000000,212.7243373476575,657500.8510216686,7000000000,621426,622826,609001,13825,12167,1400,0,3.650185389525687,3.650185389525687
16,195,0,7000000,230.07250552814867,0,3000000000,621001,624001,582001,42000,0,3000,0.3,0,0.3
16,208,1,2000000,212.1909074395036,664106.9727148153,3000000000,624013,624613,621001,3612,3012,600,0,0.9034689058409503,0.9034689058409503
16,205,1,10000000,205.58155291757086,753251.0770080425,5000000000,625277,626277,612001,14276,13276,1000,0,3.982735759125863,3.982735759125863
16,206,1,8000000,205.58155291757086,753251.0770080425,7000000000,626277,627677,615001,12676,10621,1400,0,3.1861886073006906,3.1861886073006906
16,197,0,9000000,196.99239579232494,0,5000000000,624001,629001,588001,41000,0,5000,0.49999999999999994,0,0.49999999999999994
16,207,1,5000000,224.09208932936482,534355.3345662636,3000000000,629477,630077,618001,12076,9357,600,0,2.8071208481853196,2.8071208481853196
16,198,0,7000000,189.68494563354255,0,2000000000,629001,631001,591001,40000,0,2000,0.19999999999999998,0,0.19999999999999998
16,210,1,4000000,194.61059426454668,936821.2536745806,4000000000,632527,633327,627001,6326,4270,800,0,1.2809273864070965,1.2809273864070965
16,200,0,4000000,197.03358419315222,0,3000000000,631001,634001,597001,37000,0,3000,0.3,0,0.3
16,209,1,9000000,201.4667220659531,816343.1979902319,3000000000,635026,635626,624001,11625,11025,600,0,3.307432470371741,3.307432470371741
16,203,0,2000000,227.0118173135487,0,8000000000,634001,642001,606001,36000,0,8000,0.7999999999999999,0,0.7999999999999999
16,211,0,2000000,191.98205567187784,0,2000000000,642001,644001,630001,14000,0,2000,0.19999999999999998,0,0.19999999999999998
16,213,1,5000000,199.71152320284372,845252.3200954619,8000000000,642932,644532,636001,8531,5915,1600,0,1.7746180215519451,1.7746180215519451
16,214,1,3000000,209.6054448243175,697324.187764547,10000000000,644532,646532,639001,7531,4302,2000,0,1.2906479020685957,1.2906479020685957
16,215,1,5000000,222.82543055046477,546563.2658350394,4000000000,651149,651949,642001,9948,9148,800,0,2.7444215404932124,2.7444215404932124
16,212,0,6000000,193.72036392697592,0,9000000000,644001,653001,633001,20000,0,9000,0.8999999999999999,0,0.8999999999999999
16,217,1,2000000,250.96978005329643,340122.85897525743,4000000000,653881,654681,648001,6680,5880,800,0,1.7640684363518406,1.7640684363518406
16,216,0,6000000,238.8574189762587,0,4000000000,653001,657001,645001,12000,0,4000,0.39999999999999997,0,0.39999999999999997
16,220,0,2000000,203.670158835309,0,6000000000,657001,663001,657001,6000,0,6000,0.6,0,0.6
16,218,1,6000000,233.56931412323837,453020.89228377934,2000000000,668327,668727,651001,17726,13244,400,0,3.973326684616682,3.973326684616682
16,219,1,7000000,219.20747272846336,583400.7729360025,3000000000,668727,669327,654001,15326,11999,600,0,3.5995838494207213,3.5995838494207213
16,222,1,8000000,155.47918510205793,2278142.3216186953,2000000000,669327,669727,663001,6726,3512,400,0,1.0534899322245683,1.0534899322245683
16,221,0,9000000,179.56804225696732,0,9000000000,663001,672001,660001,12000,0,9000,0.8999999999999999,0,0.8999999999999999
16,225,1,4000000,88.62699419477119,19141912.724906344,9000000000,675727,677527,672001,5526,209,1800,0,0.06268965997523486,0.06268965997523486
16,227,1,7000000,65.66766708205793,50299169.550629586,5000000000,678140,679140,678001,1139,139,1000,0,0.04175019227476917,0.04175019227476917
16,223,0,4000000,133.26051965980017,0,8000000000,672001,680001,666001,14000,0,8000,0.7999999999999999,0,0.7999999999999999
16,228,1,10000000,78.15198334015592,29374093.28704314,7000000000,683540,684940,681001,3939,340,1400,0,0.10213081202827441,0.10213081202827441
16,229,1,8000000,97.91121947968983,13392930.975746091,8000000000,684940,686540,684001,2539,597,1600,0,0.17919901210170325,0.17919901210170325
16,224,0,2000000,111.38533341513148,0,9000000000,680001,689001,669001,20000,0,9000,0.8999999999999999,0,0.8999999999999999
16,230,1,7000000,121.3899666364564,5974551.736972868,5000000000,688940,689940,687001,2939,1172,1000,0,0.3514908050765343,0.3514908050765343
16,231,1,2000000,146.818262147459,2853689.5018510236,2000000000,690702,691102,690001,1101,701,400,0,0.2102541287728797,0.2102541287728797
16,232,1,2000000,173.39049166548898,1481080.2093904074,8000000000,695348,696948,693001,3947,1350,1600,0,0.40510972747853535,0.40510972747853535
16,226,0,9000000,70.76180396230725,0,9000000000,689001,698001,675001,23000,0,9000,0.8999999999999999,0,0.8999999999999999
16,233,0,8000000,200.63189302800288,0,7000000000,698001,705001,696001,9000,0,7000,0.7,0,0.7
16,234,0,6000000,207.67688484759205,0,4000000000,705001,709001,699001,10000,0,4000,0.39999999999999997,0,0.39999999999999997
16,235,1,6000000,180.37502487872314,1266548.803335986,8000000000,707662,709262,702001,7261,4737,1600,0,1.4211848728283876,1.4211848728283876
16,237,1,4000000,165.12607062484105,1796650.272861033,8000000000,711862,713462,708001,5461,2226,1600,0,0.6679096194325502,0.6679096194325502
16,236,0,6000000,165.12607062484105,0,5000000000,709001,714001,705001,9000,0,5000,0.49999999999999994,0,0.49999999999999994
16,238,1,10000000,165.12607062484105,1796650.272861033,6000000000,721862,723062,711001,12061,5566,1200,0,1.6697740485813755,1.6697740485813755
16,241,0,4000000,144.76359107178848,0,5000000000,720001,725001,720001,5000,0,5000,0.49999999999999994,0,0.49999999999999994
16,239,1,6000000,165.12607062484105,1796650.272861033,5000000000,724662,725662,714001,11661,3340,1000,0,1.0018644291488252,1.0018644291488252
16,240,1,9000000,161.11621209549338,1979773.4748295178,10000000000,728062,730062,717001,13061,4546,2000,0,1.3637923905574614,1.3637923905574614
16,242,1,2000000,139.0492294117447,3530214.752520916,3000000000,731062,731662,723001,8661,567,600,0,0.16996133155115897,0.16996133155115897
16,243,0,4000000,140.27845771892416,0,10000000000,726001,736001,726001,10000,0,10000,0.9999999999999999,0,0.9999999999999999
16,244,1,10000000,147.5431696148622,2799084.749977762,9000000000,737262,739062,729001,10061,3573,1800,0,1.071778909168018,1.071778909168018
16,245,1,5000000,159.8799555916876,2040852.7735043776,2000000000,739062,739462,732001,7461,2450,400,0,0.7349868738568184,0.7349868738568184
16,246,1,10000000,160.80607762146303,1994880.8043518646,4000000000,740014,740814,735001,5813,5013,800,0,1.5038492492661475,1.5038492492661475
16,247,1,9000000,138.3368457787006,3601695.906318373,9000000000,741614,743414,738001,5413,2499,1800,0,0.7496468525461718,0.7496468525461718
16,248,1,2000000,118.83217914353,6482594.863356396,6000000000,743414,744614,741001,3613,309,1200,0,0.09255552948273356,0.09255552948273356
16,249,1,9000000,103.89311815515016,10764443.843441378,6000000000,747014,748214,744001,4213,836,1200,0,0.2508257778357097,0.2508257778357097
16,250,1,8000000,95.66613716462057,14571678.195825612,8000000000,750214,751814,747001,4813,549,1600,0,0.16470306081063021,0.16470306081063021
16,251,1,9000000,95.77729376005571,14510507.517835699,4000000000,751814,752614,750001,2613,620,800,0,0.18607205824339879,0.18607205824339879
16,252,0,2000000,104.18183046961688,0,7000000000,753001,760001,753001,7000,0,7000,0.7,0,0.7
16,253,0,3000000,119.24852409988144,0,9000000000,760001,769001,756001,13000,0,9000,0.8999999999999999,0,0.8999999999999999
16,256,1,6000000,169.00506264606395,1639092.4690354909,6000000000,768662,769862,765001,4861,3661,1200,0,1.0981686719963968,1.0981686719963968
16,254,0,3000000,134.34685147036382,0,7000000000,769001,776001,759001,17000,0,7000,0.7,0,0.7
16,257,1,9000000,183.76254705461614,1176444.7700784588,10000000000,775651,777651,768001,9650,7650,2000,0,2.295050365874747,2.295050365874747
16,255,0,7000000,150.4107034090327,0,3000000000,776001,779001,762001,17000,0,3000,0.3,0,0.3
16,260,1,3000000,181.667397735532,1231193.4636698763,9000000000,779438,781238,777001,4237,2437,1800,0,0.7309980328496284,0.7309980328496284
16,259,1,6000000,192.06923569379867,987051.6366947026,4000000000,781638,782438,774001,8437,6079,800,0,1.82361280107653,1.82361280107653
16,258,0,4000000,201.59807340349266,0,8000000000,779001,787001,771001,16000,0,8000,0.7999999999999999,0,0.7999999999999999
16,262,1,5000000,187.16124946152715,1093918.3017578004,3000000000,787718,788318,783001,5317,4571,600,0,1.3712175741000705,1.3712175741000705
16,265,1,2000000,201.58683612775914,814410.2196979958,5000000000,794457,795457,792001,3456,2456,1000,0,0.7367294583097145,0.7367294583097145
16,261,0,8000000,182.12606897421355,0,10000000000,787001,797001,780001,17000,0,10000,0.9999999999999999,0,0.9999999999999999
16,263,0,5000000,203.40080874962123,0,2000000000,797001,799001,786001,13000,0,2000,0.19999999999999998,0,0.19999999999999998
16,264,1,9000000,219.86149571946433,576517.4491927156,5000000000,805620,806620,789001,17619,15611,1000,0,4.683292767254051,4.683292767254051
16,266,0,3000000,171.6473879789611,0,9000000000,799001,808001,795001,13000,0,9000,0.8999999999999999,0,0.8999999999999999
16,271,1,2000000,93.89037224337754,15591290.615174962,9000000000,810129,811929,810001,1928,128,1800,0,0.03848302329866275,0.03848302329866275
16,267,0,9000000,143.55560943411436,0,8000000000,808001,816001,798001,18000,0,8000,0.7999999999999999,0,0.7999999999999999
16,273,1,10000000,127.80026799658908,4899876.878498812,9000000000,818042,819842,816001,3841,2041,1800,0,0.6122602821234802,0.6122602821234802
16,268,0,7000000,121.61250758042937,0,5000000000,816001,821001,801001,20000,0,5000,0.49999999999999994,0,0.49999999999999994
16,274,1,3000000,153.5892798993472,2390486.224764778,10000000000,820256,822256,819001,3255,1255,2000,0,0.37649244353564904,0.37649244353564904
16,276,1,7000000,149.45955071523528,2660826.868702181,4000000000,827632,828432,825001,3431,2631,800,0,0.7892283502925823,0.7892283502925823
16,269,0,3000000,102.44390513837318,0,10000000000,821001,831001,804001,27000,0,10000,0.9999999999999999,0,0.9999999999999999
16,277,1,2000000,142.4217163918481,3214608.4501589616,5000000000,830032,831032,828001,3031,622,1000,0,0.18664792596135002,0.18664792596135002
16,270,0,9000000,92.28809728236898,0,8000000000,831001,839001,807001,32000,0,8000,0.7999999999999999,0,0.7999999999999999
16,279,1,9000000,145.34274835711616,2968959.2086826353,3000000000,838814,839414,834001,5413,3031,600,0,0.9094095978496195,0.9094095978496195
16,272,0,5000000,106.84446733453264,0,3000000000,839001,842001,813001,29000,0,3000,0.3,0,0.3
16,275,0,2000000,163.4623993461493,0,2000000000,842001,844001,822001,22000,0,2000,0.19999999999999998,0,0.19999999999999998
16,281,1,10000000,145.34274835711616,2968959.2086826353,8000000000,843456,845056,840001,5055,3368,1600,0,1.0104551087217994,1.0104551087217994
16,282,1,7000000,145.34274835711616,2968959.2086826353,6000000000,845359,846559,843001,3558,2358,1200,0,0.7073185761052596,0.7073185761052596
16,284,1,2000000,157.5350348335252,2163260.718742247,2000000000,849926,850326,849001,1325,925,400,0,0.2773590787285451,0.2773590787285451
16,278,0,3000000,143.65784106689054,0,8000000000,844001,852001,831001,21000,0,8000,0.7999999999999999,0,0.7999999999999999
16,285,1,8000000,175.2497067044621,1419827.2258078044,3000000000,857635,858235,852001,6234,5634,600,0,1.690346512854429,1.690346512854429
16,287,1,2000000,194.57211002607747,937557.8483963769,5000000000,860134,861134,858001,3133,2133,1000,0,0.639960511264724,0.639960511264724
16,280,0,8000000,145.34274835711616,0,10000000000,852001,862001,837001,25000,0,10000,0.9999999999999999,0,0.9999999999999999
16,283,0,5000000,147.7303100247204,0,4000000000,862001,866001,846001,20000,0,4000,0.39999999999999997,0,0.39999999999999997
16,286,0,6000000,197.14497660351378,0,2000000000,866001,868001,855001,13000,0,2000,0.19999999999999998,0,0.19999999999999998
16,288,1,7000000,185.66820837181578,1129254.4209699363,4000000000,871120,871920,861001,10919,6199,800,0,1.8596340744863087,1.8596340744863087
16,290,0,8000000,180.85524847236255,0,4000000000,868001,872001,867001,5000,0,4000,0.39999999999999997,0,0.39999999999999997
16,289,1,5000000,185.66820837181578,1129254.4209699363,3000000000,873920,874520,864001,10519,4428,600,0,1.3283100532045062,1.3283100532045062
16,291,0,8000000,169.83092886750634,0,3000000000,872001,875001,870001,5000,0,3000,0.3,0,0.3
16,292,1,5000000,159.0445236403945,2083454.4885328384,3000000000,876720,877320,873001,4319,2400,600,0,0.7199581311979101,0.7199581311979101
16,293,1,4000000,154.55586206935018,2332192.3916750983,4000000000,881120,881920,876001,5919,1715,800,0,0.514537310165093,0.514537310165093
16,294,0,3000000,157.43344022157424,0,4000000000,879001,883001,879001,4000,0,4000,0.39999999999999997,0,0.39999999999999997
16,295,0,10000000,167.08235484335262,0,4000000000,883001,887001,882001,5000,0,4000,0.39999999999999997,0,0.39999999999999997
16,298,0,7000000,172.68560246876402,0,8000000000,891001,899001,891001,8000,0,8000,0.7999999999999999,0,0.7999999999999999
16,296,1,8000000,171.53141111761423,1545645.9059319743,6000000000,900520,901720,885001,16719,5176,1200,0,1.5527489127937604,1.5527489127937604
16,297,1,6000000,171.53141111761423,1545645.9059319743,6000000000,903920,905120,888001,17119,3882,1200,0,1.1645616845953204,1.1645616845953204
16,302,1,7000000,113.51445370524405,7717928.507569426,10000000000,903908,905908,903001,2907,907,2000,0,0.27209373576606816,0.27209373576606816
16,299,0,9000000,153.10664681848402,0,10000000000,899001,909001,894001,15000,0,10000,0.9999999999999999,0,0.9999999999999999
16,303,1,3000000,117.73989680647762,6715505.409366355,2000000000,911708,912108,906001,6107,447,400,0,0.13401820788421046,0.13401820788421046
16,304,1,8000000,112.23575945303708,8056433.720130895,8000000000,912108,913708,909001,4707,993,1600,0,0.2978985595081649,0.2978985595081649
16,305,1,6000000,103.14485202859132,11057196.098394116,8000000000,914508,916108,912001,4107,543,1600,0,0.16278991382466498,0.16278991382466498
16,300,0,2000000,132.6800557732774,0,9000000000,909001,918001,897001,21000,0,9000,0.8999999999999999,0,0.8999999999999999
16,306,1,3000000,99.14544568461024,12793069.2913467,6000000000,918108,919308,915001,4307,235,1200,0,0.07035059214513632,0.07035059214513632
16,307,1,6000000,102.60162279418391,11275701.991139503,8000000000,919308,920908,918001,2907,532,1600,0,0.15963529378609403,0.15963529378609403
16,301,0,2000000,118.77198491226792,0,4000000000,918001,922001,900001,22000,0,4000,0.39999999999999997,0,0.39999999999999997
16,309,1,8000000,128.0203362751403,4867380.507982129,5000000000,925718,926718,924001,2717,1644,1000,0,0.4930783603345136,0.4930783603345136
16,308,0,2000000,112.77136161277828,0,7000000000,922001,929001,921001,8000,0,7000,0.7,0,0.7
16,310,1,9000000,146.73461486643157,2860074.7229512623,5000000000,930148,931148,927001,4147,3147,1000,0,0.9440312794394113,0.9440312794394113
16,311,0,5000000,167.7581953288721,0,4000000000,930001,934001,930001,4000,0,4000,0.39999999999999997,0,0.39999999999999997
16,312,1,3000000,181.12108491282842,1245987.1903206112,5000000000,935604,936604,933001,3603,2408,1000,0,0.7223188223696075,0.7223188223696075
16,313,1,7000000,183.4969127805697,1183216.0815053205,10000000000,941917,943917,936001,7916,5916,2000,0,1.7748237476018087,1.7748237476018087
16,314,0,8000000,179.15371528383105,0,5000000000,939001,944001,939001,5000,0,5000,0.49999999999999994,0,0.49999999999999994
16,315,1,2000000,166.94917669758064,1720361.0186060346,2000000000,943917,944317,942001,2316,1163,400,0,0.3487640056423535,0.3487640056423535
16,316,0,6000000,156.79902072398284,0,5000000000,945001,950001,945001,5000,0,5000,0.49999999999999994,0,0.49999999999999994
16,317,1,5000000,151.04880601977626,2552525.5798559273,10000000000,950401,952401,948001,4400,1959,2000,0,0.5876532685265645,0.5876532685265645
16,318,1,3000000,151.22299296072669,2540989.694395109,6000000000,953601,954801,951001,3800,1181,1200,0,0.3541926997914283,0.3541926997914283
16,319,1,4000000,152.1466953305263,2480882.051887152,9000000000,956001,957801,954001,3800,1612,1800,0,0.4836989324370285,0.4836989324370285
16,321,1,2000000,152.2997373602463,2471093.7879947317,9000000000,960810,962610,960001,2609,809,1800,0,0.242807457537617,0.242807457537617
16,320,0,8000000,149.73039838322742,0,7000000000,957001,964001,957001,7000,0,7000,0.7,0,0.7
16,322,0,6000000,158.56896449179453,0,3000000000,964001,967001,963001,4000,0,3000,0.3,0,0.3
16,323,0,9000000,168.08178872203854,0,10000000000,967001,977001,966001,11000,0,10000,0.9999999999999999,0,0.9999999999999999
16,325,1,6000000,181.28123399844785,1241627.683457464,6000000000,976833,978033,972001,6032,4832,1200,0,1.4497099444397696,1.4497099444397696
16,326,1,3000000,194.61117799345442,936810.0865550454,6000000000,980633,981833,975001,6832,3202,1200,0,0.9607069916482133,0.9607069916482133
16,327,1,3000000,210.87474054518714,680764.1145219628,2000000000,983833,984233,978001,6232,4407,400,0,1.3220438339820337,1.3220438339820337
16,324,0,5000000,180.13389964135013,0,10000000000,977001,987001,969001,18000,0,10000,0.9999999999999999,0,0.9999999999999999
16,329,1,3000000,203.58690061003435,783045.7869915324,6000000000,988799,989999,984001,5998,3831,1200,0,1.1493580770772123,1.1493580770772123
16,330,1,3000000,192.33514629417058,981641.2977975546,3000000000,990799,991399,987001,4398,3056,600,0,0.9168318427711548,0.9168318427711548
16,328,0,10000000,219.8231637020994,0,7000000000,987001,994001,981001,13000,0,7000,0.7,0,0.7
16,331,0,4000000,182.27210976998097,0,4000000000,994001,998001,990001,8000,0,4000,0.39999999999999997,0,0.39999999999999997
17,1,0,10000000,103.66855887876517,0,2000000000,1,2001,1,2000,0,2000,0.19999999999999998,0,0.19999999999999998
17,2,1,10000000,98.94601053099615,12887807.201969095,2000000000,3777,4177,3001,1176,776,400,0,0.2327781563601943,0.2327781563601943
17,3,1,5000000,90.80204678309843,17570987.38888988,6000000000,6286,7486,6001,1485,285,1200,0,0.08536799707388378,0.08536799707388378
17,4,1,5000000,88.5374186431929,19210022.984974988,6000000000,9886,11086,9001,2085,260,1200,0,0.07808423764891986,0.07808423764891986
17,5,0,8000000,93.11356775465113,0,8000000000,12001,20001,12001,8000,0,8000,0.7999999999999999,0,0.7999999999999999
17,6,0,5000000,103.61639349060552,0,2000000000,20001,22001,15001,7000,0,2000,0.19999999999999998,0,0.19999999999999998
17,7,1,7000000,118.49459607931495,6553514.176861066,8000000000,22419,24019,18001,6018,1068,1600,0,0.3204387666413558,0.3204387666413558
17,8,0,3000000,136.30680577285932,0,4000000000,22001,26001,21001,5000,0,4000,0.39999999999999997,0,0.39999999999999997
17,11,0,4000000,162.54001968746033,0,6000000000,30001,36001,30001,6000,0,6000,0.6,0,0.6
17,9,1,9000000,154.34239987767458,2344913.3834185014,8000000000,36419,38019,24001,14018,3838,1600,0,1.1514284574826557,1.1514284574826557
17,10,1,5000000,161.09168072870804,1980963.2740068203,8000000000,38019,39619,27001,12618,2524,1600,0,0.7572073746556675,0.7572073746556675
17,12,1,4000000,169.71833872625547,1612014.8636700346,3000000000,45619,46219,33001,13218,2481,600,0,0.7444100095131813,0.7444100095131813
17,17,0,7000000,173.91563155737322,0,5000000000,48001,53001,48001,5000,0,5000,0.49999999999999994,0,0.49999999999999994
17,13,1,6000000,173.91563155737322,1463451.9418703753,2000000000,52819,53219,36001,17218,4100,400,0,1.229968643657336,1.229968643657336
17,15,1,3000000,173.91563155737322,1463451.9418703753,5000000000,55819,56819,42001,14818,2050,1000,0,0.614984321828668,0.614984321828668
17,19,0,10000000,173.91563155737322,0,4000000000,54001,58001,54001,4000,0,4000,0.39999999999999997,0,0.39999999999999997
17,14,1,8000000,173.91563155737322,1463451.9418703753,10000000000,56819,58819,39001,19818,5467,2000,0,1.6399581915431147,1.6399581915431147
17,16,1,3000000,173.91563155737322,1463451.9418703753,3000000000,60419,61019,45001,16018,2050,600,0,0.614984321828668,0.614984321828668
17,18,1,10000000,173.91563155737322,1463451.9418703753,10000000000,66819,68819,51001,17818,6833,2000,0,2.049947739428893,2.049947739428893
17,21,0,3000000,187.94336593772073,0,10000000000,60001,70001,60001,10000,0,10000,0.9999999999999999,0,0.9999999999999999
17,23,1,7000000,189.12936789404228,1049414.471704838,4000000000,72738,73538,66001,7537,6670,800,0,2.001115914275912,2.001115914275912
17,24,0,3000000,169.5022701912868,0,4000000000,70001,74001,69001,5000,0,4000,0.39999999999999997,0,0.39999999999999997
17,20,1,4000000,177.097679544369,1362033.3815201754,9000000000,72219,74019,57001,17018,2937,1800,0,0.8810356752495091,0.8810356752495091
17,25,1,4000000,153.67592003954294,2385187.980066693,3000000000,73678,74278,72001,2277,1677,600,0,0.5031050005402284,0.5031050005402284
17,26,1,7000000,149.80448925182446,2636845.1596287237,6000000000,77656,78856,75001,3855,2655,1200,0,0.7964062631177352,0.7964062631177352
17,27,1,9000000,149.80448925182446,2636845.1596287237,3000000000,81414,82014,78001,4013,3413,600,0,1.0239509097228026,1.0239509097228026
17,22,1,8000000,205.87051173006785,749052.770086832,6000000000,83019,84219,63001,21218,10680,1200,0,3.204046625075275,3.204046625075275
17,28,1,4000000,149.80448925182446,2636845.1596287237,4000000000,84014,84814,81001,3813,1517,800,0,0.4550892932101344,0.4550892932101344
17,29,1,6000000,146.42542163162787,2883830.731213811,10000000000,88414,90414,84001,6413,2081,2000,0,0.6241697824068807,0.6241697824068807
17,30,1,2000000,140.2081374243307,3417623.7119234498,8000000000,92414,94014,87001,7013,585,1600,0,0.17556057968193287,0.17556057968193287
17,31,1,3000000,139.1922734924608,3516072.9340774105,9000000000,100814,102614,90001,12613,853,1800,0,0.2559673865912434,0.2559673865912434
17,34,0,10000000,163.0723183130724,0,7000000000,99001,106001,99001,7000,0,7000,0.7,0,0.7
17,36,1,5000000,118.04946802082587,6648475.376905475,10000000000,106817,108817,105001,3816,752,2000,0,0.22561563591112724,0.22561563591112724
17,35,0,10000000,138.88401239883584,0,3000000000,106001,109001,102001,7000,0,3000,0.3,0,0.3
17,32,1,9000000,145.33363822597983,2969688.5898411404,6000000000,109414,110614,93001,17613,3031,1200,0,0.9091862390003771,0.9091862390003771
17,37,0,2000000,102.55606320447363,0,3000000000,109001,112001,108001,4000,0,3000,0.3,0,0.3
17,38,1,6000000,95.05248707950787,14914895.91094153,3000000000,112606,113206,111001,2205,402,600,0,0.12068471752991079,0.12068471752991079
17,39,1,8000000,97.17458515476154,13766826.999666857,4000000000,115006,115806,114001,1805,581,800,0,0.17433211008303348,0.17433211008303348
17,33,1,9000000,157.54494787202793,2162724.3839106457,2000000000,116214,116614,96001,20613,4161,400,0,1.2484253749975531,1.2484253749975531
17,40,0,9000000,108.47103576531384,0,2000000000,117001,119001,117001,2000,0,2000,0.19999999999999998,0,0.19999999999999998
17,41,0,10000000,126.18959148836325,0,7000000000,120001,127001,120001,7000,0,7000,0.7,0,0.7
17,42,0,9000000,140.4415640043929,0,2000000000,127001,129001,123001,6000,0,2000,0.19999999999999998,0,0.19999999999999998
17,44,0,2000000,161.21908478837116,0,2000000000,129001,131001,129001,2000,0,2000,0.19999999999999998,0,0.19999999999999998
17,43,1,8000000,160.05514362244034,2032056.6615616116,2000000000,134206,134606,126001,8605,3937,400,0,1.1810694285245118,1.1810694285245118
17,46,1,7000000,174.03324395068893,1459539.6355361878,6000000000,139797,140997,135001,5996,4796,1200,0,1.438809847208108,1.438809847208108
17,45,0,4000000,162.13326031385418,0,10000000000,132001,142001,132001,10000,0,10000,0.9999999999999999,0,0.9999999999999999
17,47,0,7000000,188.47223933513393,0,9000000000,142001,151001,138001,13000,0,9000,0.8999999999999999,0,0.8999999999999999
17,48,0,9000000,196.42123332267317,0,3000000000,151001,154001,141001,13000,0,3000,0.3,0,0.3
17,49,0,6000000,160.9453748947139,0,2000000000,154001,156001,144001,12000,0,2000,0.19999999999999998,0,0.19999999999999998
17,51,1,10000000,172.37909531030732,1515781.077279862,2000000000,156598,156998,150001,6997,6597,400,0,1.9791776299144967,1.9791776299144967
17,53,1,2000000,205.29722964521466,757410.6917855089,6000000000,158642,159842,156001,3841,2641,1200,0,0.7921726039878956,0.7921726039878956
17,50,0,7000000,160.11538464494907,0,6000000000,156001,162001,147001,15000,0,6000,0.6,0,0.6
17,52,0,3000000,187.65303221637532,0,3000000000,162001,165001,153001,12000,0,3000,0.3,0,0.3
17,54,1,3000000,225.72658527519525,519100.42358939716,3000000000,164780,165380,159001,6379,5779,600,0,1.7337685717472855,1.7337685717472855
17,55,1,2000000,247.40474247677636,360105.08893098775,3000000000,167555,168155,162001,6154,5554,600,0,1.6661802858192512,1.6661802858192512
17,57,0,4000000,214.58242845116652,0,4000000000,168001,172001,168001,4000,0,4000,0.39999999999999997,0,0.39999999999999997
17,56,1,5000000,230.87062914108418,474506.18827687274,3000000000,179110,179710,165001,14709,10537,600,0,3.1611811121939577,3.1611811121939577
17,59,1,2000000,187.57409202765717,1084391.168137009,4000000000,179710,180510,174001,6509,1844,800,0,0.5533058711929606,0.5533058711929606
17,58,0,2000000,199.43854441907663,0,9000000000,172001,181001,171001,10000,0,9000,0.8999999999999999,0,0.8999999999999999
17,60,0,8000000,181.1813881169917,0,7000000000,181001,188001,177001,11000,0,7000,0.7,0,0.7
17,62,1,6000000,196.3326557147333,904585.7264834885,3000000000,190364,190964,183001,7963,6633,600,0,1.9898611566615911,1.9898611566615911
17,61,0,8000000,183.3121496246226,0,3000000000,188001,191001,180001,11000,0,3000,0.3,0,0.3
17,64,1,2000000,209.25773008421933,701948.0751906628,3000000000,191850,192450,189001,3449,2849,600,0,0.8547640790054568,0.8547640790054568
17,63,0,8000000,214.6300034943857,0,3000000000,191001,194001,186001,8000,0,3000,0.3,0,0.3
17,65,0,9000000,213.15401239479408,0,4000000000,194001,198001,192001,6000,0,4000,0.39999999999999997,0,0.39999999999999997
17,67,0,2000000,218.63697217076532,0,7000000000,198001,205001,198001,7000,0,7000,0.7,0,0.7
17,68,0,5000000,219.70079858753354,0,5000000000,205001,210001,201001,9000,0,5000,0.49999999999999994,0,0.49999999999999994
17,66,1,8000000,218.5219615965407,590725.8533053545,2000000000,210152,210552,195001,15551,13543,400,0,4.062798312569209,4.062798312569209
17,70,1,3000000,192.93165551562552,969638.1189602885,9000000000,210552,212352,207001,5351,3094,1800,0,0.9281813311599598,0.9281813311599598
17,69,0,8000000,208.51879363740815,0,10000000000,210001,220001,204001,16000,0,10000,0.9999999999999999,0,0.9999999999999999
17,72,1,7000000,185.2630697143929,1139086.976141415,4000000000,224752,225552,213001,12551,6145,800,0,1.8435817843459301,1.8435817843459301
17,71,0,4000000,184.66730111202688,0,7000000000,220001,227001,210001,17000,0,7000,0.7,0,0.7
17,73,1,7000000,191.85473098154242,991443.1208194452,5000000000,226152,227152,216001,11151,7060,1000,0,2.1181245357417104,2.1181245357417104
17,74,0,7000000,202.81236895219192,0,6000000000,227001,233001,219001,14000,0,6000,0.6,0,0.6
17,76,1,3000000,231.71368647535695,467660.30662408285,7000000000,231689,233089,225001,8088,6415,1400,0,1.9244737841807957,1.9244737841807957
17,75,1,6000000,216.5588114115887,612347.1855761909,10000000000,233089,235089,222001,13088,9798,2000,0,2.9395088969116134,2.9395088969116134
17,78,1,5000000,219.19826755702243,583498.3828187388,4000000000,239570,240370,231001,9369,8569,800,0,2.57070121215052,2.57070121215052
17,77,0,6000000,238.2226162647031,0,8000000000,233001,241001,228001,13000,0,8000,0.7999999999999999,0,0.7999999999999999
17,79,0,9000000,202.9120405495938,0,5000000000,241001,246001,234001,12000,0,5000,0.49999999999999994,0,0.49999999999999994
17,81,1,2000000,181.87628240097715,1225594.7997927836,8000000000,244770,246370,240001,6369,1632,1600,0,0.4895582129603067,0.4895582129603067
17,80,1,10000000,190.10773419300963,1028129.9648766307,8000000000,247570,249170,237001,12169,9726,1600,0,2.917919039894904,2.917919039894904
17,82,1,6000000,178.4807222083102,1320683.7582579618,6000000000,249170,250370,243001,7369,4543,1200,0,1.3629303675046907,1.3629303675046907
17,83,1,7000000,180.15507347837863,1272691.114524291,8000000000,252370,253970,246001,7969,5500,1600,0,1.6500468778592379,1.6500468778592379
17,84,0,7000000,186.76302899664057,0,6000000000,249001,255001,249001,6000,0,6000,0.6,0,0.6
17,86,1,6000000,182.47427928341025,1209741.0410415377,5000000000,260872,261872,255001,6871,4960,1000,0,1.4879217443513972,1.4879217443513972
17,85,0,6000000,188.44345703685227,0,10000000000,255001,265001,252001,13000,0,10000,0.9999999999999999,0,0.9999999999999999
17,87,0,8000000,176.49283413215392,0,6000000000,265001,271001,258001,13000,0,6000,0.6,0,0.6
17,88,0,3000000,175.43524161353665,0,5000000000,271001,276001,261001,15000,0,5000,0.49999999999999994,0,0.49999999999999994
17,92,1,2000000,175.79171368412108,1402565.7559362513,3000000000,277523,278123,273001,5122,1426,600,0,0.4277874299016259,0.4277874299016259
17,89,0,5000000,179.52555166326604,0,9000000000,276001,285001,264001,21000,0,9000,0.8999999999999999,0,0.8999999999999999
17,90,0,4000000,185.7283535166346,0,4000000000,285001,289001,267001,22000,0,4000,0.39999999999999997,0,0.39999999999999997
17,93,1,7000000,176.34032777558284,1385358.6512069064,8000000000,287723,289323,276001,13322,5053,1600,0,1.5158529512704217,1.5158529512704217
17,91,0,7000000,181.11725483785364,0,5000000000,289001,294001,270001,24000,0,5000,0.49999999999999994,0,0.49999999999999994
17,95,1,10000000,200.07968537560222,839084.0947120572,4000000000,299123,299923,282001,17922,11918,800,0,3.57532697724355,3.57532697724355
17,94,0,9000000,183.28372568234198,0,7000000000,294001,301001,279001,22000,0,7000,0.7,0,0.7
17,96,0,4000000,212.04381622674123,0,6000000000,301001,307001,285001,22000,0,6000,0.6,0,0.6
17,98,0,7000000,163.42302652931127,0,7000000000,307001,314001,291001,23000,0,7000,0.7,0,0.7
17,100,0,5000000,115.92133367072685,0,5000000000,314001,319001,297001,22000,0,5000,0.49999999999999994,0,0.49999999999999994
17,97,1,7000000,186.2848477466699,1114490.6260979702,7000000000,322823,324223,288001,36222,6281,1400,0,1.8842688765830837,1.8842688765830837
17,99,1,10000000,138.99745105576577,3535351.0015524128,2000000000,324223,324623,294001,30622,2829,400,0,0.8485720367461862,0.8485720367461862
17,104,0,10000000,68.74232466246687,0,7000000000,319001,326001,309001,17000,0,7000,0.7,0,0.7
17,101,1,10000000,95.0513292910731,14915552.407142686,4000000000,327423,328223,300001,28222,670,800,0,0.20113234281308784,0.20113234281308784
17,102,1,4000000,82.03048457738136,24993960.857136317,6000000000,328223,329423,303001,26422,160,1200,0,0.048011597955966795,0.048011597955966795
17,103,1,7000000,71.29446682597467,39360540.36363883,5000000000,331223,332223,306001,26222,178,1000,0,0.053352926067548975,0.053352926067548975
17,105,0,7000000,76.6537148480098,0,8000000000,326001,334001,312001,22000,0,8000,0.7999999999999999,0,0.7999999999999999
17,106,1,4000000,88.09086331737245,19553780.83709924,9000000000,338423,340223,315001,25222,205,1800,0,0.06136920578158722,0.06136920578158722
17,107,1,8000000,95.72886137419582,14537123.102984855,7000000000,343623,345023,318001,27022,550,1400,0,0.16509456396549443,0.16509456396549443
17,113,0,6000000,151.5678518024189,0,10000000000,336001,346001,336001,10000,0,10000,0.9999999999999999,0,0.9999999999999999
17,108,1,9000000,116.60578802100689,6968193.220119783,10000000000,346623,348623,321001,27622,1292,2000,0,0.3874749041407304,0.3874749041407304
17,109,1,2000000,135.92794341120592,3856989.0313492636,2000000000,348623,349023,324001,25022,519,400,0,0.15556175947695297,0.15556175947695297
17,110,1,3000000,136.7228561726239,3770352.86616931,10000000000,351823,353823,327001,26822,796,2000,0,0.23870444808376853,0.23870444808376853
17,111,1,9000000,136.7228561726239,3770352.86616931,2000000000,353823,354223,330001,24222,2387,400,0,0.7161133442513056,0.7161133442513056
17,112,1,8000000,137.76203903833596,3660675.5110869124,7000000000,355223,356623,333001,23622,2185,1400,0,0.6556167004508416,0.6556167004508416
17,117,0,9000000,192.75453820857243,0,9000000000,348001,357001,348001,9000,0,9000,0.8999999999999999,0,0.8999999999999999
17,114,1,4000000,179.67966523788942,1286094.3030921926,9000000000,361423,363223,339001,24222,3110,1800,0,0.93305755037932,0.93305755037932
17,118,0,5000000,199.2805911271843,0,7000000000,357001,364001,351001,13000,0,7000,0.7,0,0.7
17,115,1,8000000,211.78295021082315,669215.119111278,4000000000,369423,370223,342001,28222,11954,800,0,3.586290762807654,3.586290762807654
17,119,0,7000000,214.21220996945993,0,7000000000,364001,371001,354001,17000,0,7000,0.7,0,0.7
17,124,1,2000000,179.688711387221,1285837.6314061286,6000000000,370556,371756,369001,2755,1555,1200,0,0.46662190104350076,0.46662190104350076
17,121,0,10000000,224.60143120648186,0,3000000000,371001,374001,360001,14000,0,3000,0.3,0,0.3
17,122,1,7000000,205.03320145771514,761299.0527451234,4000000000,375956,376756,363001,13755,9195,800,0,2.7584429435814135,2.7584429435814135
17,116,1,3000000,198.65311701556558,863302.2827699375,5000000000,377379,378379,345001,33378,3475,1000,0,1.0425085372325398,1.0425085372325398
17,125,1,5000000,175.95873749262924,1397299.1247326804,5000000000,377556,378556,372001,6555,3578,1000,0,1.0734995631568633,1.0734995631568633
17,123,0,8000000,189.6862211653762,0,5000000000,374001,379001,366001,13000,0,5000,0.49999999999999994,0,0.49999999999999994
17,126,1,9000000,178.80427120178086,1311236.6069434204,10000000000,382867,384867,375001,9866,6864,2000,0,2.059124940306448,2.059124940306448
17,127,1,5000000,184.95747619385384,1146574.1565194828,3000000000,384867,385467,378001,7466,4361,600,0,1.3082450807659658,1.3082450807659658
17,128,0,10000000,163.02090694141043,0,8000000000,381001,389001,381001,8000,0,8000,0.7999999999999999,0,0.7999999999999999
17,133,1,10000000,72.14051011740908,37948594.770486265,6000000000,396265,397465,396001,1464,264,1200,0,0.07905431065745781,0.07905431065745781
17,129,0,4000000,138.44069921811288,0,10000000000,389001,399001,384001,15000,0,10000,0.9999999999999999,0,0.9999999999999999
17,120,1,4000000,235.8797341867249,435583.47952369694,4000000000,399779,400579,357001,43578,9183,800,0,2.754925419375821,2.754925419375821
17,136,1,2000000,34.43376540548541,192084344.5602565,5000000000,405845,406845,405001,1844,10,1000,0,0.0031236278072197658,0.0031236278072197658
17,130,0,6000000,115.58505785783908,0,8000000000,399001,407001,387001,20000,0,8000,0.7999999999999999,0,0.7999999999999999
17,137,1,3000000,7.873531609131957,612631968.4574121,9000000000,408045,409845,408001,1844,5,1800,0,0.0014690712309156368,0.0014690712309156368
17,138,1,6000000,21.110187114282077,328805884.971352,7000000000,411845,413245,411001,2244,18,1400,0,0.005474354572932384,0.005474354572932384
17,131,0,3000000,104.04015042280555,0,7000000000,407001,414001,390001,24000,0,7000,0.7,0,0.7
17,140,1,4000000,75.72571822043024,32547443.938598193,7000000000,417733,419133,417001,2132,123,1400,0,0.036869254687521356,0.036869254687521356
17,141,1,9000000,103.14566108179253,11056874.46095208,5000000000,420815,421815,420001,1814,814,1000,0,0.24419197391950034,0.24419197391950034
17,132,0,9000000,86.87099631062138,0,9000000000,414001,423001,393001,30000,0,9000,0.8999999999999999,0,0.8999999999999999
17,134,0,9000000,68.37237015052207,0,6000000000,423001,429001,399001,30000,0,6000,0.6,0,0.6
17,144,1,9000000,18.837157428869133,361400270.44238436,7000000000,429026,430426,429001,1425,25,1400,0,0.007470940729222401,0.007470940729222401
17,135,0,2000000,57.32454448139991,0,10000000000,429001,439001,402001,37000,0,10000,0.9999999999999999,0,0.9999999999999999
17,139,0,5000000,48.337452353221884,0,10000000000,439001,449001,414001,35000,0,10000,0.9999999999999999,0,0.9999999999999999
17,152,1,6000000,105.29743824044346,10239660.835203456,2000000000,453587,453987,453001,986,586,400,0,0.17578707234244395,0.17578707234244395
17,142,0,2000000,130.57795564336269,0,7000000000,449001,456001,423001,33000,0,7000,0.7,0,0.7
17,143,0,8000000,43.77337661181741,0,7000000000,456001,463001,426001,37000,0,7000,0.7,0,0.7
17,155,1,10000000,87.68524676363747,19872200.142514277,3000000000,462504,463104,462001,1103,503,600,0,0.15096466312161613,0.15096466312161613
17,145,0,9000000,13.03512945850557,0,6000000000,463001,469001,432001,37000,0,6000,0.6,0,0.6
17,157,1,7000000,151.1565023411166,2545385.5464312853,2000000000,471356,471756,468001,3755,2750,400,0,0.8250223636824957,0.8250223636824957
17,158,1,2000000,173.74658816794073,1469097.919357843,3000000000,472362,472962,471001,1961,1361,600,0,0.40841389269836137,0.40841389269836137
17,146,0,5000000,43.779456369397685,0,8000000000,469001,477001,435001,42000,0,8000,0.7999999999999999,0,0.7999999999999999
17,147,0,2000000,74.30963329205713,0,3000000000,477001,480001,438001,42000,0,3000,0.3,0,0.3
17,159,1,5000000,174.0341161956471,1459510.6694019756,3000000000,480401,481001,474001,7000,3426,600,0,1.0277417160743434,1.0277417160743434
17,161,1,5000000,183.13476158283,1192526.0073556653,6000000000,484194,485394,480001,5393,4193,1200,0,1.2578342029840797,1.2578342029840797
17,148,0,9000000,104.99373790850576,0,9000000000,480001,489001,441001,48000,0,9000,0.8999999999999999,0,0.8999999999999999
17,163,1,6000000,190.4218992132995,1021409.4437417471,7000000000,496742,498142,486001,12141,5874,1400,0,1.762270763236757,1.762270763236757
17,149,0,7000000,135.71428001503745,0,10000000000,489001,499001,444001,55000,0,10000,0.9999999999999999,0,0.9999999999999999
17,166,1,6000000,101.95330941171062,11543261.648790028,10000000000,499142,501142,495001,6141,520,2000,0,0.15593512949510913,0.15593512949510913
17,168,1,3000000,77.92080915904305,29661138.184286144,8000000000,501142,502742,501001,1741,101,1600,0,0.030342733121306902,0.030342733121306902
17,150,0,7000000,166.46017932226317,0,6000000000,499001,505001,447001,58000,0,6000,0.6,0,0.6
17,151,0,8000000,136.0477658765479,0,6000000000,505001,511001,450001,61000,0,6000,0.6,0,0.6
17,153,0,9000000,77.07545653448966,0,7000000000,511001,518001,456001,62000,0,7000,0.7,0,0.7
17,173,1,4000000,109.62088304698152,8806297.890726637,8000000000,518181,519781,516001,3780,454,1600,0,0.13626611487486076,0.13626611487486076
17,154,0,6000000,67.60103697429498,0,2000000000,518001,520001,459001,61000,0,2000,0.19999999999999998,0,0.19999999999999998
17,156,0,4000000,117.47262532181698,0,4000000000,520001,524001,465001,59000,0,4000,0.39999999999999997,0,0.39999999999999997
17,175,1,2000000,158.69028073577786,2101851.0505929417,4000000000,526581,527381,522001,5380,952,800,0,0.2854626638889265,0.2854626638889265
17,160,0,10000000,174.0341161956471,0,9000000000,524001,533001,477001,56000,0,9000,0.8999999999999999,0,0.8999999999999999
17,162,0,2000000,209.14630501158751,0,4000000000,533001,537001,483001,54000,0,4000,0.39999999999999997,0,0.39999999999999997
17,177,1,2000000,190.83804442510933,1012591.3558228257,10000000000,535981,537981,528001,9980,1975,2000,0,0.5925391289879653,0.5925391289879653
17,176,1,9000000,167.62957376310428,1692922.5156425466,3000000000,537981,538581,525001,13580,5316,600,0,1.5948751198309974,1.5948751198309974
17,164,0,5000000,156.50092811226392,0,5000000000,537001,542001,489001,53000,0,5000,0.49999999999999994,0,0.49999999999999994
17,178,1,8000000,216.11231616916243,617401.7465840962,4000000000,546643,547443,531001,16442,12958,800,0,3.887258196593223,3.887258196593223
17,181,1,3000000,220.82139230608973,566597.2936479663,3000000000,547443,548043,540001,8042,5295,600,0,1.5884297544124535,1.5884297544124535
17,165,0,9000000,127.13876277516623,0,7000000000,542001,549001,492001,57000,0,7000,0.7,0,0.7
17,180,1,9000000,199.45639247715278,849559.9601994021,4000000000,550643,551443,537001,14442,10594,800,0,3.1781158793856963,3.1781158793856963
17,167,0,4000000,80.20234223512425,0,10000000000,549001,559001,498001,61000,0,10000,0.9999999999999999,0,0.9999999999999999
17,182,1,6000000,238.88272269044492,414151.7840007689,10000000000,557488,559488,543001,16487,14487,2000,0,4.346232636285488,4.346232636285488
17,169,0,10000000,68.77052929853016,0,6000000000,559001,565001,504001,61000,0,6000,0.6,0,0.6
17,189,1,8000000,137.75369505025986,3661540.3901186944,5000000000,566186,567186,564001,3185,2185,1000,0,0.6554618396336195,0.6554618396336195
17,190,1,2000000,139.07305166710046,3527854.747881115,6000000000,567568,568768,567001,1767,567,1200,0,0.17007502940997485,0.17007502940997485
17,170,0,2000000,65.73498992165432,0,5000000000,565001,570001,507001,63000,0,5000,0.49999999999999994,0,0.49999999999999994
17,192,1,3000000,135.0351006220235,3957238.214257519,5000000000,573759,574759,573001,1758,758,1000,0,0.22743134258569353,0.22743134258569353
17,171,0,3000000,75.87640278769148,0,8000000000,570001,578001,510001,68000,0,8000,0.7999999999999999,0,0.7999999999999999
17,193,1,10000000,133.59009581552073,4126367.9626084697,8000000000,578424,580024,576001,4023,2423,1600,0,0.7270316237390424,0.7270316237390424
17,194,1,10000000,114.1814560250481,7548194.092120388,3000000000,580326,580926,579001,1925,1325,600,0,0.3974460597312569,0.3974460597312569
17,195,1,3000000,90.21436969795882,17980160.806850027,2000000000,582168,582568,582001,567,167,400,0,0.05005516967663163,0.05005516967663163
17,172,0,6000000,88.85854151402668,0,6000000000,578001,584001,513001,71000,0,6000,0.6,0,0.6
17,174,0,9000000,135.5931727632332,0,2000000000,584001,586001,519001,67000,0,2000,0.19999999999999998,0,0.19999999999999998
17,179,0,6000000,191.63345428186594,0,2000000000,586001,588001,534001,54000,0,2000,0.19999999999999998,0,0.19999999999999998
17,183,0,5000000,218.73761496368203,0,3000000000,588001,591001,546001,45000,0,3000,0.3,0,0.3
17,184,0,6000000,196.946994899643,0,9000000000,591001,600001,549001,51000,0,9000,0.8999999999999999,0,0.8999999999999999
17,200,1,10000000,28.846656652028113,240568853.5063654,8000000000,598884,600484,597001,3483,42,1600,0,0.0124704422716161,0.0124704422716161
17,201,1,5000000,52.79217555661064,88571481.45299114,6000000000,600484,601684,600001,1683,56,1200,0,0.016935473759644826,0.016935473759644826
17,185,0,8000000,176.1815486933862,0,9000000000,600001,609001,552001,57000,0,9000,0.8999999999999999,0,0.8999999999999999
17,203,1,6000000,100.72851880177731,12069690.679671079,9000000000,607424,609224,606001,3223,497,1800,0,0.14913389644953629,0.14913389644953629
17,204,1,6000000,121.34462987705722,5983125.110408036,5000000000,612624,613624,609001,4623,1003,1000,0,0.300846124188308,0.300846124188308
17,186,0,4000000,161.1089510238335,0,5000000000,609001,614001,555001,59000,0,5000,0.49999999999999994,0,0.49999999999999994
17,206,1,4000000,123.03380429784326,5673576.299323009,5000000000,615706,616706,615001,1705,705,1000,0,0.21150680570616245,0.21150680570616245
17,187,0,5000000,147.47292259937075,0,4000000000,614001,618001,558001,60000,0,4000,0.39999999999999997,0,0.39999999999999997
17,207,1,2000000,126.44838472673344,5105439.392391983,2000000000,619274,619674,618001,1673,392,400,0,0.1175217163275128,0.1175217163275128
17,208,1,6000000,139.83374449681298,3453506.6666176976,4000000000,622738,623538,621001,2537,1737,800,0,0.5212093601553367,0.5212093601553367
17,188,0,3000000,139.20174208680004,0,6000000000,618001,624001,561001,63000,0,6000,0.6,0,0.6
17,209,1,8000000,128.8039913977823,4753785.946736493,5000000000,626330,627330,624001,3329,1683,1000,0,0.5048607629562321,0.5048607629562321
17,191,0,9000000,141.80367061539692,0,5000000000,624001,629001,570001,59000,0,5000,0.49999999999999994,0,0.49999999999999994
17,210,1,7000000,125.47642208797639,5259780.106706049,5000000000,630085,631085,627001,4084,1331,1000,0,0.399256234556758,0.399256234556758
17,212,1,7000000,137.66185818882437,3671076.1953846994,4000000000,636685,637485,633001,4484,1907,800,0,0.5720393389383019,0.5720393389383019
17,196,0,5000000,66.23959616422798,0,9000000000,629001,638001,585001,53000,0,9000,0.8999999999999999,0,0.8999999999999999
17,213,1,8000000,149.27762725874226,2673583.6391996522,6000000000,639485,640685,636001,4684,2992,1200,0,0.8976715614247436,0.8976715614247436
17,215,1,4000000,153.92392828926896,2370101.848547762,7000000000,645485,646885,642001,4884,1688,1400,0,0.5063073558359017,0.5063073558359017
17,197,0,3000000,42.281686342907385,0,9000000000,638001,647001,588001,59000,0,9000,0.8999999999999999,0,0.8999999999999999
17,198,0,8000000,18.547573965346572,0,6000000000,647001,653001,591001,62000,0,6000,0.6,0,0.6
17,217,1,9000000,173.49721179315816,1477476.4842649563,2000000000,654092,654492,648001,6491,6091,400,0,1.8274402528600977,1.8274402528600977
17,199,0,10000000,5.137256076934495,0,7000000000,653001,660001,594001,66000,0,7000,0.7,0,0.7
17,202,0,9000000,76.76313503238387,0,7000000000,660001,667001,603001,64000,0,7000,0.7,0,0.7
17,221,1,4000000,200.80733851132032,827056.9713807998,9000000000,665354,667154,660001,7153,4836,1800,0,1.4509278580852285,1.4509278580852285
17,205,0,6000000,124.56871075836017,0,7000000000,667001,674001,612001,62000,0,7000,0.7,0,0.7
17,211,0,5000000,128.30866689355017,0,4000000000,674001,678001,630001,48000,0,4000,0.39999999999999997,0,0.39999999999999997
17,214,0,2000000,151.95771418391368,0,5000000000,678001,683001,639001,44000,0,5000,0.49999999999999994,0,0.49999999999999994
17,224,1,7000000,228.36040155858896,495643.86196914257,9000000000,683124,684924,669001,15923,14123,1800,0,4.23691315707394,4.23691315707394
17,225,1,10000000,207.11000458693445,731371.4357025541,3000000000,685674,686274,672001,14273,13673,600,0,4.101882919611436,4.101882919611436
17,223,1,8000000,237.10650644805173,426664.8899540522,7000000000,685037,686437,666001,20436,18750,1400,0,5.625023423554859,5.625023423554859
17,227,1,10000000,180.98126007960047,1249809.0139114095,10000000000,686274,688274,678001,10273,8001,2000,0,2.400366749325309,2.400366749325309
17,228,1,10000000,178.51620654719275,1319643.5460460624,10000000000,688579,690579,681001,9578,7578,2000,0,2.2733411677635593,2.2733411677635593
17,216,0,3000000,161.33376398014147,0,9000000000,683001,692001,645001,47000,0,9000,0.8999999999999999,0,0.8999999999999999
17,229,1,7000000,183.56538589832232,1181465.9984452634,8000000000,690579,692179,684001,8178,5925,1600,0,1.7774527601839334,1.7774527601839334
17,218,0,8000000,186.27015434577805,0,5000000000,692001,697001,651001,46000,0,5000,0.49999999999999994,0,0.49999999999999994
17,230,1,8000000,195.62474511165507,917667.3429212539,7000000000,695719,697119,687001,10118,8718,1400,0,2.6153268049835647,2.6153268049835647
17,219,0,9000000,184.03575549332797,0,6000000000,697001,703001,654001,49000,0,6000,0.6,0,0.6
17,233,1,3000000,230.39846570669692,478394.9389957862,4000000000,702272,703072,696001,7071,6271,800,0,1.8812908052272004,1.8812908052272004
17,231,1,8000000,213.6048318741877,646774.7913870815,5000000000,702370,703370,690001,13369,12369,1000,0,3.7107197620564794,3.7107197620564794
17,232,1,5000000,236.0154083952995,434585.7650878945,6000000000,705037,706237,693001,13236,11505,1200,0,3.4515626615073933,3.4515626615073933
17,220,0,9000000,188.83403189044074,0,5000000000,703001,708001,657001,51000,0,5000,0.49999999999999994,0,0.49999999999999994
17,236,1,3000000,182.99389716599836,1196171.851404583,5000000000,708518,709518,705001,4517,2508,1000,0,0.7524002499667513,0.7524002499667513
17,222,0,7000000,217.35932117118875,0,3000000000,708001,711001,663001,48000,0,3000,0.3,0,0.3
17,226,0,4000000,190.73475115982404,0,8000000000,711001,719001,675001,44000,0,8000,0.7999999999999999,0,0.7999999999999999
17,234,0,4000000,209.60224354715282,0,3000000000,719001,722001,699001,23000,0,3000,0.3,0,0.3
17,239,1,7000000,195.36566842718298,922513.6957110622,7000000000,721589,722989,714001,8988,7588,1400,0,2.2763889682758,2.2763889682758
17,235,0,3000000,193.2694104094075,0,3000000000,722001,725001,702001,23000,0,3000,0.3,0,0.3
17,241,1,3000000,230.95678145488603,473800.8952522776,2000000000,726333,726733,720001,6732,6332,400,0,1.8995320798640336,1.8995320798640336
17,244,1,2000000,203.07574572065465,790916.285203506,4000000000,731530,732330,729001,3329,2529,800,0,0.7586137891263897,0.7586137891263897
17,237,0,8000000,179.78291381552364,0,10000000000,725001,735001,708001,27000,0,10000,0.9999999999999999,0,0.9999999999999999
17,238,0,3000000,184.1102954752938,0,4000000000,735001,739001,711001,28000,0,4000,0.39999999999999997,0,0.39999999999999997
17,245,1,7000000,191.5787404698131,997129.2242444276,6000000000,740632,741832,732001,9831,7020,1200,0,2.1060459857560287,2.1060459857560287
17,247,1,4000000,159.38221293481902,2066103.0104429452,8000000000,741832,743432,738001,5431,1936,1600,0,0.58080356784473,0.58080356784473
17,240,0,3000000,212.48462814989702,0,5000000000,739001,744001,717001,27000,0,5000,0.49999999999999994,0,0.49999999999999994
17,249,1,3000000,144.55704756254536,3032686.0823160536,8000000000,745732,747332,744001,3331,989,1600,0,0.29676662060343306,0.29676662060343306
17,242,0,5000000,248.80327007497309,0,7000000000,744001,751001,723001,28000,0,7000,0.7,0,0.7
17,250,1,9000000,155.25345728839665,2291211.62647673,10000000000,752943,754943,747001,7942,3928,2000,0,1.1784158079504323,1.1784158079504323
17,243,0,6000000,225.2369803118484,0,4000000000,751001,755001,726001,29000,0,4000,0.39999999999999997,0,0.39999999999999997
17,251,1,7000000,153.09286364817925,2421125.650153182,4000000000,754943,755743,750001,5742,2891,800,0,0.8673651447487392,0.8673651447487392
17,246,0,9000000,175.05078948693722,0,7000000000,755001,762001,735001,27000,0,7000,0.7,0,0.7
17,254,1,6000000,143.80142210701533,3095573.795346926,6000000000,762347,763547,759001,4546,1938,1200,0,0.5814753964856687,0.5814753964856687
17,248,0,10000000,146.33048896248516,0,6000000000,762001,768001,741001,27000,0,6000,0.6,0,0.6
17,252,0,5000000,134.17232985977398,0,3000000000,768001,771001,753001,18000,0,3000,0.3,0,0.3
17,253,0,2000000,148.64249896984376,0,2000000000,771001,773001,756001,17000,0,2000,0.19999999999999998,0,0.19999999999999998
17,258,1,10000000,149.0150468912452,2692129.8150610286,9000000000,775870,777670,771001,6669,3715,1800,0,1.1143593385492045,1.1143593385492045
17,255,0,6000000,144.70274116270224,0,6000000000,773001,779001,762001,17000,0,6000,0.6,0,0.6
17,260,1,2000000,162.3644927316315,1920382.8631620787,10000000000,778042,780042,777001,3041,1041,2000,0,0.31243769745583305,0.31243769745583305
17,256,0,9000000,141.28602797162924,0,7000000000,779001,786001,765001,21000,0,7000,0.7,0,0.7
17,261,1,8000000,177.77641294614986,1341542.8653362473,9000000000,785964,787764,780001,7763,5963,1800,0,1.7889849530812112,1.7889849530812112
17,257,0,10000000,142.61355650848907,0,4000000000,786001,790001,768001,22000,0,4000,0.39999999999999997,0,0.39999999999999997
17,259,0,8000000,148.91591889385097,0,2000000000,790001,792001,774001,18000,0,2000,0.19999999999999998,0,0.19999999999999998
17,264,1,5000000,229.13721522266954,488979.31381704344,4000000000,799362,800162,789001,11161,10225,800,0,3.067614431970102,3.067614431970102
17,262,0,9000000,195.8053198970855,0,10000000000,792001,802001,783001,19000,0,10000,0.9999999999999999,0,0.9999999999999999
17,263,0,3000000,210.10856241476688,0,6000000000,802001,808001,786001,22000,0,6000,0.6,0,0.6
17,265,0,2000000,251.71698432962364,0,5000000000,808001,813001,792001,21000,0,5000,0.49999999999999994,0,0.49999999999999994
17,271,1,4000000,192.4209188212134,979904.0095337478,8000000000,814083,815683,810001,5682,4082,1600,0,1.224609745775994,1.224609745775994
17,266,0,3000000,232.0547023871742,0,8000000000,813001,821001,795001,26000,0,8000,0.7999999999999999,0,0.7999999999999999
17,272,1,9000000,179.8821419707915,1280364.5222074732,9000000000,820616,822416,813001,9415,7029,1800,0,2.108774456937417,2.108774456937417
17,273,1,6000000,173.42179130662905,1480022.152541681,8000000000,822416,824016,816001,8015,4054,1600,0,1.2161980122451632,1.2161980122451632
17,269,1,9000000,226.39793506125446,512992.2381426661,5000000000,824016,825016,804001,21015,17544,1000,0,5.2632375292374585,5.2632375292374585
17,267,0,7000000,230.27883315667552,0,6000000000,821001,827001,798001,29000,0,6000,0.6,0,0.6
17,275,1,10000000,180.0301219240825,1276196.9820412667,3000000000,831776,832376,822001,10375,7836,600,0,2.35073428492326,2.35073428492326
17,268,0,9000000,230.27883315667552,0,8000000000,827001,835001,801001,34000,0,8000,0.7999999999999999,0,0.7999999999999999
17,270,0,4000000,209.6806300066842,0,2000000000,835001,837001,807001,30000,0,2000,0.19999999999999998,0,0.19999999999999998
17,277,1,6000000,172.1401129893901,1524127.576642586,5000000000,836376,837376,828001,9375,3937,1000,0,1.1810034983850353,1.1810034983850353
17,274,0,4000000,173.7618427618676,0,4000000000,837001,841001,819001,22000,0,4000,0.39999999999999997,0,0.39999999999999997
17,282,1,7000000,149.57673248202747,2652649.726108768,8000000000,845640,847240,843001,4239,2639,1600,0,0.7916612507602115,0.7916612507602115
17,276,0,10000000,180.53076552211257,0,9000000000,841001,850001,825001,25000,0,9000,0.8999999999999999,0,0.8999999999999999
17,283,1,4000000,162.07476361235265,1933968.4975307907,10000000000,848069,850069,846001,4068,2068,2000,0,0.6204858049818853,0.6204858049818853
17,285,1,2000000,160.99761892649224,1985533.6026972283,9000000000,853008,854808,852001,2807,1007,1800,0,0.3021857697018756,0.3021857697018756
17,278,0,7000000,147.5068032329357,0,6000000000,850001,856001,831001,25000,0,6000,0.6,0,0.6
17,279,0,4000000,122.44362172036567,0,2000000000,856001,858001,834001,24000,0,2000,0.19999999999999998,0,0.19999999999999998
17,286,1,10000000,138.53743356941473,3581389.8722902136,5000000000,857793,858793,855001,3792,2792,1000,0,0.8376636185888278,0.8376636185888278
17,280,0,6000000,108.94906929386778,0,2000000000,858001,860001,837001,23000,0,2000,0.19999999999999998,0,0.19999999999999998
17,281,0,10000000,127.78028212521679,0,3000000000,860001,863001,840001,23000,0,3000,0.3,0,0.3
17,289,1,4000000,136.8669083452973,3754910.1506149643,8000000000,866120,867720,864001,3719,1065,1600,0,0.319581548390304,0.319581548390304
17,284,0,8000000,170.12675568528306,0,9000000000,863001,872001,849001,23000,0,9000,0.8999999999999999,0,0.8999999999999999
17,287,0,3000000,124.50147067404467,0,2000000000,872001,874001,858001,16000,0,2000,0.19999999999999998,0,0.19999999999999998
17,292,1,4000000,185.60926835694386,1130678.2898102556,9000000000,877920,879720,873001,6719,3538,1800,0,1.0613098445547915,1.0613098445547915
17,288,0,4000000,127.83948255527321,0,10000000000,874001,884001,861001,23000,0,10000,0.9999999999999999,0,0.9999999999999999
17,290,0,10000000,149.89464633535115,0,8000000000,884001,892001,867001,25000,0,8000,0.7999999999999999,0,0.7999999999999999
17,294,1,3000000,227.61036729463794,502186.5164433429,9000000000,894320,896120,879001,17119,5974,1800,0,1.7921628130801053,1.7921628130801053
17,293,1,8000000,207.092511936091,731617.3273154821,3000000000,898520,899120,876001,23119,10935,600,0,3.280403443705061,3.280403443705061
17,297,1,4000000,246.1766638006129,367326.3272217102,5000000000,898890,899890,888001,11889,10889,1000,0,3.2668499671021567,3.2668499671021567
17,291,0,3000000,165.9947782311239,0,10000000000,892001,902001,870001,32000,0,10000,0.9999999999999999,0,0.9999999999999999
17,299,1,4000000,207.8348673827373,721272.0881210627,8000000000,901290,902890,894001,8889,5546,1600,0,1.663727211635264,1.663727211635264
17,301,1,4000000,195.6266428685009,917631.960129671,9000000000,907908,909708,900001,9707,4359,1800,0,1.3077138244295974,1.3077138244295974
17,295,0,10000000,237.6527470912129,0,9000000000,902001,911001,882001,29000,0,9000,0.8999999999999999,0,0.8999999999999999
17,300,1,8000000,197.95590847458934,875455.130235925,10000000000,909708,911708,897001,14707,9138,2000,0,2.741431190600514,2.741431190600514
17,296,0,4000000,242.8883877421891,0,10000000000,911001,921001,885001,36000,0,10000,0.9999999999999999,0,0.9999999999999999
17,305,1,6000000,205.7672532255801,750549.6654458843,8000000000,920908,922508,912001,10507,7994,1600,0,2.3982423587260695,2.3982423587260695
17,307,1,3000000,234.40549758911374,446611.1031831448,5000000000,924718,925718,918001,7717,6717,1000,0,2.015176052689695,2.015176052689695
17,298,0,6000000,224.53747304180652,0,6000000000,921001,927001,891001,36000,0,6000,0.6,0,0.6
17,302,0,7000000,193.97933317753208,0,7000000000,927001,934001,903001,31000,0,7000,0.7,0,0.7
17,303,0,6000000,193.52246613765544,0,5000000000,934001,939001,906001,33000,0,5000,0.49999999999999994,0,0.49999999999999994
17,304,0,6000000,197.37916050079855,0,3000000000,939001,942001,909001,33000,0,3000,0.3,0,0.3
17,309,1,7000000,248.74710711885675,352413.3556424125,5000000000,944317,945317,924001,21316,19863,1000,0,5.958911506551506,5.958911506551506
17,316,1,4000000,163.30848998138464,1876931.3366236796,6000000000,947132,948332,945001,3331,2131,1200,0,0.6393414487706416,0.6393414487706416
17,306,0,9000000,218.26589380844638,0,8000000000,942001,950001,915001,35000,0,8000,0.7999999999999999,0,0.7999999999999999
17,308,0,8000000,246.45167518197155,0,3000000000,950001,953001,921001,32000,0,3000,0.3,0,0.3
17,317,1,8000000,154.18017155263513,2354638.6451031207,6000000000,952401,953601,948001,5600,3398,1200,0,1.0192646778269847,1.0192646778269847
17,318,1,5000000,150.40515749135733,2595718.414654509,4000000000,954801,955601,951001,4600,1926,800,0,0.577874699941076,0.577874699941076
17,310,0,8000000,230.58663296036914,0,8000000000,953001,961001,927001,34000,0,8000,0.7999999999999999,0,0.7999999999999999
17,320,1,10000000,152.0022661015289,2490163.491425226,6000000000,962610,963810,957001,6809,4016,1200,0,1.2047401748240125,1.2047401748240125
17,323,1,2000000,159.44501309228832,2062895.928373423,6000000000,966971,968171,966001,2170,970,1200,0,0.29085325718447425,0.29085325718447425
17,311,0,10000000,208.64103838890372,0,9000000000,961001,970001,930001,40000,0,9000,0.8999999999999999,0,0.8999999999999999
17,325,1,7000000,179.64596293821913,1287051.1191009257,4000000000,978033,978833,972001,6832,5439,800,0,1.6316368237704209,1.6316368237704209
17,312,0,4000000,189.70168686651155,0,9000000000,970001,979001,933001,46000,0,9000,0.8999999999999999,0,0.8999999999999999
17,313,0,3000000,186.43609763133318,0,2000000000,979001,981001,936001,45000,0,2000,0.19999999999999998,0,0.19999999999999998
17,327,1,9000000,195.57625443800686,918572.0054992186,5000000000,987799,988799,978001,10798,9798,1000,0,2.939344965703178,2.939344965703178
17,314,0,9000000,183.284542992583,0,8000000000,981001,989001,939001,50000,0,8000,0.7999999999999999,0,0.7999999999999999
17,328,1,5000000,211.89121100224992,667854.7954527078,4000000000,989999,990799,981001,9798,7487,800,0,2.2459971991115517,2.2459971991115517
17,330,1,6000000,202.7015157812097,796741.0487763576,3000000000,994532,995132,987001,8131,7531,600,0,2.259203291664785,2.259203291664785
17,315,0,3000000,176.66182638023417,0,7000000000,989001,996001,942001,54000,0,7000,0.7,0,0.7
18,1,1,4000000,138.59922438455416,3575163.048597572,2000000000,1120,1520,1,1519,1119,400,0,0.3356490273837227,0.3356490273837227
18,2,0,8000000,147.76784663789346,0,9000000000,3001,12001,3001,9000,0,9000,0.8999999999999999,0,0.8999999999999999
18,4,1,9000000,150.41589842832445,2594990.2472927524,10000000000,12469,14469,9001,5468,3468,2000,0,1.040466338097725,1.040466338097725
18,5,1,6000000,123.73877848112127,5550187.642076076,10000000000,14469,16469,12001,4468,1081,2000,0,0.3243133594897164,0.3243133594897164
18,7,1,10000000,84.86401357465951,22259791.802848745,8000000000,18450,20050,18001,2049,449,1600,0,0.13477215000798293,0.13477215000798293
18,3,0,4000000,170.7481051139368,0,9000000000,12001,21001,6001,15000,0,9000,0.8999999999999999,0,0.8999999999999999
18,6,0,3000000,98.05543432161217,0,8000000000,21001,29001,15001,14000,0,8000,0.7999999999999999,0,0.7999999999999999
18,11,1,2000000,65.38678230345943,50922797.08237669,9000000000,30096,31896,30001,1895,39,1800,0,0.011782542090714169,0.011782542090714169
18,8,0,4000000,79.73028784596228,0,4000000000,29001,33001,21001,12000,0,4000,0.39999999999999997,0,0.39999999999999997
18,9,0,9000000,78.16636424959263,0,5000000000,33001,38001,24001,14000,0,5000,0.49999999999999994,0,0.49999999999999994
18,13,1,10000000,84.2650449474751,22808102.87022455,8000000000,37911,39511,36001,3510,438,1600,0,0.13153220226467982,0.13153220226467982
18,10,0,5000000,69.11010418166069,0,6000000000,38001,44001,27001,17000,0,6000,0.6,0,0.6
18,16,1,4000000,150.39338948238384,2596516.5010808073,8000000000,47880,49480,45001,4479,1541,1600,0,0.4621576637392817,0.4621576637392817
18,12,0,3000000,73.36769657008456,0,8000000000,44001,52001,33001,19000,0,8000,0.7999999999999999,0,0.7999999999999999
18,17,1,2000000,173.42828950318346,1479802.604448812,9000000000,54280,56080,48001,8079,1352,1800,0,0.40545948371504886,0.40545948371504886
18,18,1,3000000,200.04337654618809,839689.9187751497,2000000000,58880,59280,51001,8279,3573,400,0,1.0718242292497975,1.0718242292497975
18,14,0,4000000,102.18115873290925,0,8000000000,52001,60001,39001,21000,0,8000,0.7999999999999999,0,0.7999999999999999
18,19,1,7000000,209.05296745083527,704688.8777886427,3000000000,63934,64534,54001,10533,9933,600,0,2.9800385193958645,2.9800385193958645
18,22,1,3000000,178.43941745029315,1321895.8783989584,9000000000,65270,67070,63001,4069,2269,1800,0,0.6808403102747046,0.6808403102747046
18,21,1,7000000,181.21366449580998,1243464.713311447,6000000000,67070,68270,60001,8269,5629,1200,0,1.6888295884227629,1.6888295884227629
18,15,0,6000000,125.43719743361618,0,9000000000,60001,69001,42001,27000,0,9000,0.8999999999999999,0,0.8999999999999999
18,23,1,7000000,182.68567130456617,1204197.8132522395,9000000000,71814,73614,66001,7613,5813,1800,0,1.7438995295369464,1.7438995295369464
18,20,0,10000000,188.44803554295814,0,6000000000,69001,75001,57001,18000,0,6000,0.6,0,0.6
18,24,1,10000000,193.51848619705555,958007.4831233309,3000000000,79439,80039,69001,11038,10438,600,0,3.131499547601957,3.131499547601957
18,25,0,3000000,210.07411477857042,0,9000000000,75001,84001,72001,12000,0,9000,0.8999999999999999,0,0.8999999999999999
18,28,0,4000000,215.0685407027257,0,8000000000,84001,92001,81001,11000,0,8000,0.7999999999999999,0,0.7999999999999999
18,26,1,8000000,230.96391493044965,473742.5551122768,6000000000,91888,93088,75001,18087,16887,1200,0,5.066042672546486,5.066042672546486
18,31,1,4000000,180.16459613364668,1272424.421021892,2000000000,93145,93545,90001,3544,3144,400,0,0.9430815537446794,0.9430815537446794
18,30,1,7000000,185.8452326534098,1124991.2719973992,7000000000,93545,94945,87001,7944,6222,1400,0,1.8666811487981525,1.8666811487981525
18,29,1,10000000,197.8425035223726,877451.9596710526,6000000000,95398,96598,84001,12597,11397,1200,0,3.41899059764442,3.41899059764442
18,27,1,9000000,236.10102964620881,433957.59501852276,4000000000,98740,99540,78001,21539,20739,800,0,6.221806072744861,6.221806072744861
18,32,1,9000000,181.36531228435052,1239346.5350240914,3000000000,100263,100863,93001,7862,7262,600,0,2.178567433480189,2.178567433480189
18,33,1,5000000,189.42087794116048,1043015.7371413085,7000000000,102463,103863,96001,7862,4794,1400,0,1.4381374571693342,1.4381374571693342
18,34,0,4000000,203.40416342838213,0,5000000000,99001,104001,99001,5000,0,5000,0.49999999999999994,0,0.49999999999999994
18,36,0,5000000,233.19814235966808,0,5000000000,105001,110001,105001,5000,0,5000,0.49999999999999994,0,0.49999999999999994
18,35,1,9000000,222.25543795372025,552170.2123026238,5000000000,118300,119300,102001,17299,16299,1000,0,4.889796551575352,4.889796551575352
18,37,0,10000000,218.79098358936096,0,10000000000,110001,120001,108001,12000,0,10000,0.9999999999999999,0,0.9999999999999999
18,40,1,6000000,166.0693942302434,1756663.5648919703,3000000000,120417,121017,117001,4016,3416,600,0,1.0246697409647105,1.0246697409647105
18,41,1,9000000,153.78753037876643,2378384.1534944656,5000000000,123785,124785,120001,4784,3784,1000,0,1.1352245162048347,1.1352245162048347
18,38,0,5000000,198.61209681185076,0,10000000000,120001,130001,111001,19000,0,10000,0.9999999999999999,0,0.9999999999999999
18,45,1,2000000,153.8084607555774,2377110.902511083,4000000000,132955,133755,132001,1754,841,800,0,0.2524072391263632,0.2524072391263632
18,39,0,9000000,180.17315810075596,0,8000000000,130001,138001,114001,24000,0,8000,0.7999999999999999,0,0.7999999999999999
18,48,1,2000000,154.16031266185212,2355832.5729993572,2000000000,141850,142250,141001,1249,849,400,0,0.25468702949297567,0.25468702949297567
18,42,0,8000000,145.98824404725198,0,6000000000,138001,144001,123001,21000,0,6000,0.6,0,0.6
18,49,1,6000000,135.09863988952668,3949998.843950097,2000000000,145520,145920,144001,1919,1519,400,0,0.4556963359006848,0.4556963359006848
18,50,1,2000000,119.814448627868,6281489.871183932,8000000000,147319,148919,147001,1918,318,1600,0,0.09551874034732978,0.09551874034732978
18,43,0,10000000,143.49192625370947,0,7000000000,144001,151001,126001,25000,0,7000,0.7,0,0.7
18,51,1,7000000,109.8828831074248,8727472.077280069,8000000000,150803,152403,150001,2402,802,1600,0,0.24061950372397736,0.24061950372397736
18,52,1,5000000,163.51349332700343,1867656.8698800716,4000000000,155678,156478,153001,3477,2677,800,0,0.8031453872446709,0.8031453872446709
18,44,0,2000000,145.97197847532243,0,9000000000,151001,160001,129001,31000,0,9000,0.8999999999999999,0,0.8999999999999999
18,54,1,3000000,126.98387692931735,5022774.682009099,8000000000,160372,161972,159001,2971,597,1600,0,0.17918382905442254,0.17918382905442254
18,46,0,9000000,166.20270154242385,0,2000000000,160001,162001,135001,27000,0,2000,0.19999999999999998,0,0.19999999999999998
18,47,0,8000000,174.78948852834372,0,5000000000,162001,167001,138001,29000,0,5000,0.49999999999999994,0,0.49999999999999994
18,55,1,8000000,113.04802740428502,7839372.452435943,10000000000,165372,167372,162001,5371,1020,2000,0,0.3061469543080892,0.3061469543080892
18,56,1,2000000,104.41072023504103,10567354.29440719,6000000000,167372,168572,165001,3571,189,1200,0,0.056778639504644235,0.056778639504644235
18,57,1,8000000,74.16282694180427,34791076.71467547,3000000000,168572,169172,168001,1171,230,600,0,0.06898320565593875,0.06898320565593875
18,53,0,6000000,146.54356655957298,0,3000000000,167001,170001,156001,14000,0,3000,0.3,0,0.3
18,58,0,3000000,43.08890924588364,0,4000000000,171001,175001,171001,4000,0,4000,0.39999999999999997,0,0.39999999999999997
18,59,0,8000000,19.17603712970958,0,3000000000,175001,178001,174001,4000,0,3000,0.3,0,0.3
18,60,0,10000000,18.93509176106623,0,2000000000,178001,180001,177001,3000,0,2000,0.19999999999999998,0,0.19999999999999998
18,61,1,4000000,48.473317402463856,106812471.64897326,3000000000,180038,180638,180001,637,37,600,0,0.011234643122421699,0.011234643122421699
18,63,1,5000000,105.16968432014994,10286114.582683036,8000000000,188240,189840,186001,3839,486,1600,0,0.14582765804741202,0.14582765804741202
18,62,0,4000000,75.01132981090255,0,7000000000,183001,190001,183001,7000,0,7000,0.7,0,0.7
18,65,1,9000000,166.41194668652844,1742416.8246266032,4000000000,197166,197966,192001,5965,5165,800,0,1.5495718141832138,1.5495718141832138
18,64,0,2000000,136.65716300289574,0,8000000000,190001,198001,189001,9000,0,8000,0.7999999999999999,0,0.7999999999999999
18,66,0,8000000,193.83807778658968,0,4000000000,198001,202001,195001,7000,0,4000,0.39999999999999997,0,0.39999999999999997
18,67,0,6000000,191.16778415831473,0,2000000000,202001,204001,198001,6000,0,2000,0.19999999999999998,0,0.19999999999999998
18,68,0,5000000,159.59068143221901,0,2000000000,204001,206001,201001,5000,0,2000,0.19999999999999998,0,0.19999999999999998
18,70,1,4000000,102.46724061864847,11330548.395133974,6000000000,207354,208554,207001,1553,353,1200,0,0.10590837779002409,0.10590837779002409
18,69,0,10000000,133.94572034969988,0,3000000000,206001,209001,204001,5000,0,3000,0.3,0,0.3
18,71,0,7000000,71.08671465189543,0,3000000000,210001,213001,210001,3000,0,3000,0.3,0,0.3
18,72,1,10000000,41.92585121377982,141069115.3716337,4000000000,213072,213872,213001,871,71,800,0,0.021266171493999758,0.021266171493999758
18,73,0,2000000,33.6095016327228,0,5000000000,216001,221001,216001,5000,0,5000,0.49999999999999994,0,0.49999999999999994
18,75,1,4000000,30.78774106685976,222538917.8782167,4000000000,222019,222819,222001,818,18,800,0,0.005392315247334373,0.005392315247334373
18,74,0,7000000,11.50208676719144,0,5000000000,221001,226001,219001,7000,0,5000,0.49999999999999994,0,0.49999999999999994
18,76,0,6000000,57.30198076855632,0,6000000000,226001,232001,225001,7000,0,6000,0.6,0,0.6
18,78,1,6000000,113.6583802453651,7680914.984876372,6000000000,232686,233886,231001,2885,781,1200,0,0.2343470802038791,0.2343470802038791
18,77,0,3000000,82.21168408444139,0,5000000000,232001,237001,228001,9000,0,5000,0.49999999999999994,0,0.49999999999999994
18,79,1,8000000,143.28943157120833,3139100.8813320543,5000000000,236550,237550,234001,3549,2549,1000,0,0.7645501341714057,0.7645501341714057
18,80,0,3000000,170.78889015389734,0,6000000000,237001,243001,237001,6000,0,6000,0.6,0,0.6
18,82,1,3000000,185.29801752852083,1138234.619517225,5000000000,246648,247648,243001,4647,2636,1000,0,0.7906981430434169,0.7906981430434169
18,81,0,7000000,202.383286365253,0,7000000000,243001,250001,240001,10000,0,7000,0.7,0,0.7
18,83,0,6000000,168.4627258475892,0,5000000000,250001,255001,246001,9000,0,5000,0.49999999999999994,0,0.49999999999999994
18,84,1,6000000,178.79463778312817,1311516.672706531,9000000000,253998,255798,249001,6797,4575,1800,0,1.372456818475211,1.372456818475211
18,86,1,2000000,212.8897472871815,655469.0305789355,5000000000,258114,259114,255001,4113,3051,1000,0,0.9153750551266425,0.9153750551266425
18,85,0,3000000,196.76552873915696,0,7000000000,255001,262001,252001,10000,0,7000,0.7,0,0.7
18,89,1,2000000,188.9008218616319,1054465.3224395055,2000000000,265898,266298,264001,2297,1897,400,0,0.5690087547041377,0.5690087547041377
18,88,1,5000000,209.39871370187547,700068.6922073324,10000000000,268143,270143,261001,9142,7142,2000,0,2.142646881223136,2.142646881223136
18,87,0,2000000,214.1941775585882,0,10000000000,262001,272001,258001,14000,0,10000,0.9999999999999999,0,0.9999999999999999
18,91,1,9000000,163.76804144887367,1856219.939078977,6000000000,274850,276050,270001,6049,4849,1200,0,1.4545690104695737,1.4545690104695737
18,90,0,10000000,170.87286092296807,0,7000000000,272001,279001,267001,12000,0,7000,0.7,0,0.7
18,93,1,7000000,146.8128485521618,2854102.215723802,9000000000,278454,280254,276001,4253,2453,1800,0,0.7357830383336285,0.7357830383336285
18,92,0,7000000,152.34336907131862,0,6000000000,279001,285001,273001,12000,0,6000,0.6,0,0.6
18,95,1,10000000,150.54489629343138,2586264.7146038204,4000000000,285868,286668,282001,4667,3867,800,0,1.159974067256127,1.159974067256127
18,94,0,6000000,146.39066636913708,0,3000000000,285001,288001,279001,9000,0,3000,0.3,0,0.3
18,98,1,2000000,178.13700710408267,1330812.6042467426,4000000000,292504,293304,291001,2303,1503,800,0,0.45085235748845937,0.45085235748845937
18,96,0,8000000,160.70795531024592,0,6000000000,288001,294001,285001,9000,0,6000,0.6,0,0.6
18,97,1,9000000,174.52361731295852,1443367.0241029751,6000000000,294236,295436,288001,7435,6235,1200,0,1.8706260811784847,1.8706260811784847
18,100,0,7000000,212.03324739295013,0,3000000000,297001,300001,297001,3000,0,3000,0.3,0,0.3
18,99,1,9000000,190.96147517234988,1009994.1049961479,5000000000,302912,303912,294001,9911,8911,1000,0,2.673282929716008,2.673282929716008
18,101,1,3000000,234.74921810306418,444009.1412467643,6000000000,306758,307958,300001,7957,6757,1200,0,2.0269852946559324,2.0269852946559324
18,103,0,10000000,215.35240792709982,0,8000000000,306001,314001,306001,8000,0,8000,0.7999999999999999,0,0.7999999999999999
18,102,1,5000000,234.70442049522632,444347.18495867716,9000000000,314253,316053,303001,13052,11252,1800,0,3.3757387258782683,3.3757387258782683
18,105,1,9000000,191.34515097070005,1001973.5093002502,8000000000,320983,322583,312001,10582,8982,1600,0,2.6946820199723676,2.6946820199723676
18,104,0,8000000,199.85088366079344,0,9000000000,314001,323001,309001,14000,0,9000,0.8999999999999999,0,0.8999999999999999
18,109,1,3000000,198.69741467870185,862537.2635591751,10000000000,327479,329479,324001,5478,3478,2000,0,1.043433180250368,1.043433180250368
18,106,1,6000000,235.12482897388782,441187.36009128805,5000000000,329479,330479,315001,15478,13600,1000,0,4.079899296361424,4.079899296361424
18,107,0,7000000,224.26981294859993,0,9000000000,323001,332001,318001,14000,0,9000,0.8999999999999999,0,0.8999999999999999
18,111,1,3000000,190.11203670467577,1028037.5557891357,10000000000,333421,335421,330001,5420,2918,2000,0,0.8754543984622698,0.8754543984622698
18,108,1,9000000,209.66687506613914,696511.2426295888,10000000000,335421,337421,321001,16420,12922,2000,0,3.8764629122230625,3.8764629122230625
18,110,0,4000000,191.99729294966636,0,6000000000,332001,338001,327001,11000,0,6000,0.6,0,0.6
18,112,0,10000000,190.10744146403104,0,3000000000,338001,341001,333001,8000,0,3000,0.3,0,0.3
18,113,1,6000000,190.10744146403104,1028136.2524677092,7000000000,341837,343237,336001,7236,5836,1400,0,1.7507407171760367,1.7507407171760367
18,114,1,3000000,190.10744146403104,1028136.2524677092,3000000000,343237,343837,339001,4836,2918,600,0,0.8753703585880184,0.8753703585880184
18,115,1,2000000,190.10744146403104,1028136.2524677092,7000000000,343946,345346,342001,3345,1945,1400,0,0.5835802390586788,0.5835802390586788
18,117,1,4000000,185.90951374257315,1123448.193608569,6000000000,351561,352761,348001,4760,3560,1200,0,1.0681400413716835,1.0681400413716835
18,116,1,8000000,190.06084131140744,1029137.7980951177,8000000000,352774,354374,345001,9373,7773,1600,0,2.3320492206605175,2.3320492206605175
18,118,1,6000000,163.34435190725145,1875304.807444481,10000000000,354374,356374,351001,5373,3199,2000,0,0.9598439639542649,0.9598439639542649
18,119,0,3000000,142.12550228583186,0,7000000000,354001,361001,354001,7000,0,7000,0.7,0,0.7
18,120,0,10000000,124.8652601807244,0,3000000000,361001,364001,357001,7000,0,3000,0.3,0,0.3
18,124,1,2000000,127.585176646819,4931895.525389245,8000000000,369407,371007,369001,2006,406,1600,0,0.12165707827978485,0.12165707827978485
18,121,0,4000000,113.69611295026758,0,10000000000,364001,374001,360001,14000,0,10000,0.9999999999999999,0,0.9999999999999999
18,122,0,3000000,110.34803351215645,0,6000000000,374001,380001,363001,17000,0,6000,0.6,0,0.6
18,126,1,8000000,163.3877571912902,1873338.484693762,7000000000,379970,381370,375001,6369,4270,1400,0,1.2811352671230327,1.2811352671230327
18,127,1,9000000,167.43424799006922,1700743.5182908224,6000000000,383770,384970,378001,6969,5292,1200,0,1.587540961328131,1.587540961328131
18,123,0,7000000,115.35058083945653,0,5000000000,380001,385001,366001,19000,0,5000,0.49999999999999994,0,0.49999999999999994
18,125,0,9000000,145.43213193789055,0,3000000000,385001,388001,372001,16000,0,3000,0.3,0,0.3
18,128,0,5000000,174.51959488836778,0,9000000000,388001,397001,381001,16000,0,9000,0.8999999999999999,0,0.8999999999999999
18,129,0,9000000,165.15849962990097,0,5000000000,397001,402001,384001,18000,0,5000,0.49999999999999994,0,0.49999999999999994
18,131,0,10000000,162.66884458924514,0,10000000000,402001,412001,390001,22000,0,10000,0.9999999999999999,0,0.9999999999999999
18,135,0,2000000,173.91563155737322,0,3000000000,412001,415001,402001,13000,0,3000,0.3,0,0.3
18,130,1,4000000,161.04937690037795,1983017.1410326203,9000000000,418579,420379,387001,33378,2017,1800,0,0.6051384908226873,0.6051384908226873
18,132,1,4000000,169.8679634304244,1606405.4136668802,9000000000,421379,423179,393001,30178,2490,1800,0,0.7470094347234587,0.7470094347234587
18,138,0,2000000,173.91563155737322,0,10000000000,415001,425001,411001,14000,0,10000,0.9999999999999999,0,0.9999999999999999
18,133,1,6000000,173.91563155737322,1463451.9418703753,5000000000,427179,428179,396001,32178,4100,1000,0,1.229968643657336,1.229968643657336
18,142,1,3000000,196.86888149222568,894831.0090972839,5000000000,428942,429942,423001,6941,3353,1000,0,1.0057764995291465,1.0057764995291465
18,139,0,5000000,175.36583988907304,0,6000000000,425001,431001,414001,17000,0,6000,0.6,0,0.6
18,134,1,10000000,173.91563155737322,1463451.9418703753,10000000000,429179,431179,399001,32178,6833,2000,0,2.049947739428893,2.049947739428893
18,136,1,9000000,173.91563155737322,1463451.9418703753,10000000000,431179,433179,405001,28178,6150,2000,0,1.844952965486004,1.844952965486004
18,144,1,7000000,159.2002242460732,2075431.782371399,4000000000,433942,434742,429001,5741,3373,800,0,1.0118376416113901,1.0118376416113901
18,137,1,5000000,173.91563155737322,1463451.9418703753,9000000000,433179,434979,408001,26978,3417,1800,0,1.0249738697144466,1.0249738697144466
18,145,1,8000000,149.85363125396728,2633450.3669000254,7000000000,435342,436742,432001,4741,3038,1400,0,0.9113519017353525,0.9113519017353525
18,140,0,10000000,183.33951810779914,0,6000000000,431001,437001,417001,20000,0,6000,0.6,0,0.6
18,141,0,10000000,199.18304395705977,0,5000000000,437001,442001,420001,22000,0,5000,0.49999999999999994,0,0.49999999999999994
18,148,1,4000000,149.80448925182446,2636845.1596287237,9000000000,446742,448542,441001,7541,1517,1800,0,0.4550892932101344,0.4550892932101344
18,143,0,9000000,176.4868904479877,0,10000000000,442001,452001,426001,26000,0,10000,0.9999999999999999,0,0.9999999999999999
18,146,0,5000000,149.80448925182446,0,2000000000,452001,454001,435001,19000,0,2000,0.19999999999999998,0,0.19999999999999998
18,150,1,7000000,149.80448925182446,2636845.1596287237,6000000000,454742,455942,447001,8941,2655,1200,0,0.7964062631177352,0.7964062631177352
18,151,1,7000000,149.80448925182446,2636845.1596287237,10000000000,461342,463342,450001,13341,2655,2000,0,0.7964062631177352,0.7964062631177352
18,147,0,6000000,149.80448925182446,0,10000000000,454001,464001,438001,26000,0,10000,0.9999999999999999,0,0.9999999999999999
18,149,0,6000000,149.80448925182446,0,4000000000,464001,468001,444001,24000,0,4000,0.39999999999999997,0,0.39999999999999997
18,152,0,5000000,148.16341822460765,0,2000000000,468001,470001,453001,17000,0,2000,0.19999999999999998,0,0.19999999999999998
18,155,1,2000000,142.38742992272878,3217637.775575436,4000000000,472142,472942,462001,10941,622,800,0,0.18647220161153694,0.18647220161153694
18,153,0,7000000,142.05147588110444,0,5000000000,470001,475001,456001,19000,0,5000,0.49999999999999994,0,0.49999999999999994
18,158,1,10000000,148.177169968926,2752382.5116329775,7000000000,474634,476034,471001,5033,3633,1400,0,1.0899647804476538,1.0899647804476538
18,159,1,5000000,126.08174649805582,5162999.420031813,7000000000,476034,477434,474001,3433,968,1400,0,0.29052879498304446,0.29052879498304446
18,154,0,6000000,138.74586300138827,0,4000000000,475001,479001,459001,20000,0,4000,0.39999999999999997,0,0.39999999999999997
18,160,1,10000000,108.30057432904037,9216837.799533961,7000000000,478086,479486,477001,2485,1085,1400,0,0.3254912438788596,0.3254912438788596
18,156,1,7000000,152.42999999999998,2462800.0679973024,4000000000,480342,481142,465001,16141,2842,800,0,0.8526879738588266,0.8526879738588266
18,162,1,8000000,95.01892864056084,14933938.22002774,2000000000,483537,483937,483001,936,536,400,0,0.16070777611637543,0.16070777611637543
18,157,0,8000000,167.37393644172917,0,6000000000,479001,485001,468001,17000,0,6000,0.6,0,0.6
18,161,0,5000000,97.18166750987551,0,3000000000,485001,488001,480001,8000,0,3000,0.3,0,0.3
18,163,1,7000000,102.23089797121027,11427783.227762254,7000000000,486614,488014,486001,2013,613,1400,0,0.1837626736652069,0.1837626736652069
18,164,1,3000000,117.27966788834281,6816682.444341131,9000000000,489473,491273,489001,2272,440,1800,0,0.13202903426242704,0.13202903426242704
18,165,1,5000000,133.5551159634104,4130571.1713191243,7000000000,493389,494789,492001,2788,1210,1400,0,0.3631459035049057,0.3631459035049057
18,166,0,7000000,150.06334962275105,0,9000000000,495001,504001,495001,9000,0,9000,0.8999999999999999,0,0.8999999999999999
18,168,1,2000000,158.66260208379288,2103296.9222384123,7000000000,504146,505546,501001,4545,951,1400,0,0.28526642798557234,0.28526642798557234
18,167,0,7000000,165.5777913851976,0,5000000000,504001,509001,498001,11000,0,5000,0.49999999999999994,0,0.49999999999999994
18,170,1,6000000,180.2808190019116,1269175.0515584666,2000000000,512241,512641,507001,5640,4727,400,0,1.4182440773553766,1.4182440773553766
18,169,0,7000000,167.3209281590322,0,4000000000,509001,513001,504001,9000,0,4000,0.39999999999999997,0,0.39999999999999997
18,171,1,6000000,195.47387856181706,920485.6235580894,2000000000,516519,516919,510001,6918,6518,400,0,1.9554895306699016,1.9554895306699016
18,172,0,5000000,159.2530922776697,0,6000000000,513001,519001,513001,6000,0,6000,0.6,0,0.6
18,174,1,5000000,178.67933568266932,1314874.550341653,2000000000,522804,523204,519001,4203,3803,400,0,1.1407932411576789,1.1407932411576789
18,173,0,4000000,164.84201193870447,0,6000000000,519001,525001,516001,9000,0,6000,0.6,0,0.6
18,176,1,3000000,188.5553799285505,1062157.12562526,9000000000,527825,529625,525001,4624,2824,1800,0,0.8473322621360725,0.8473322621360725
18,177,0,6000000,170.66946768534788,0,2000000000,528001,530001,528001,2000,0,2000,0.19999999999999998,0,0.19999999999999998
18,175,1,9000000,195.1944274307031,925734.4739562018,2000000000,531723,532123,522001,10122,9722,400,0,2.916603060552914,2.916603060552914
18,178,0,2000000,155.45729317082552,0,7000000000,531001,538001,531001,7000,0,7000,0.7,0,0.7
18,179,1,10000000,147.51563510353742,2801135.118574587,7000000000,537571,538971,534001,4970,3570,1400,0,1.0709943908477393,1.0709943908477393
18,180,1,7000000,171.93146454328826,1531461.384127784,5000000000,541572,542572,537001,5571,4571,1000,0,1.371239276265537,1.371239276265537
18,183,0,8000000,100.80122320686392,0,10000000000,546001,556001,546001,10000,0,10000,0.9999999999999999,0,0.9999999999999999
18,181,1,3000000,149.98161554003877,2624634.3787912284,5000000000,555381,556381,540001,16380,1143,1000,0,0.34290490411639496,0.34290490411639496
18,182,1,5000000,124.87716564688677,5357785.448846121,7000000000,557181,558581,543001,15580,933,1400,0,0.2799664179018306,0.2799664179018306
18,184,0,6000000,80.53452986142028,0,10000000000,556001,566001,549001,17000,0,10000,0.9999999999999999,0,0.9999999999999999
18,185,0,8000000,70.45905051872329,0,3000000000,566001,569001,552001,17000,0,3000,0.3,0,0.3
18,187,1,2000000,77.87596548358168,29717180.786326602,6000000000,569181,570381,558001,12380,67,1200,0,0.02019034054118857,0.02019034054118857
18,186,0,6000000,69.09480515928821,0,3000000000,569001,572001,555001,17000,0,3000,0.3,0,0.3
18,188,0,8000000,89.42795647894451,0,2000000000,572001,574001,561001,13000,0,2000,0.19999999999999998,0,0.19999999999999998
18,189,1,6000000,97.00091752143375,13856766.172260894,4000000000,574981,575781,564001,11780,433,800,0,0.12990043835792814,0.12990043835792814
18,190,0,9000000,117.62677331288143,0,5000000000,574001,579001,567001,12000,0,5000,0.49999999999999994,0,0.49999999999999994
18,191,1,3000000,128.62869431040644,4778911.565923194,3000000000,581181,581781,570001,11780,628,600,0,0.18832740208410556,0.18832740208410556
18,192,1,7000000,130.1886085646513,4560913.310771292,8000000000,582981,584581,573001,11580,1535,1600,0,0.4604340966184404,0.4604340966184404
18,193,0,10000000,130.28209585357462,0,9000000000,579001,588001,576001,12000,0,9000,0.8999999999999999,0,0.8999999999999999
18,195,1,10000000,147.4320521460649,2807370.5345790912,7000000000,588981,590381,582001,8380,3562,1400,0,1.0686156184401892,1.0686156184401892
18,196,1,2000000,171.29054848414725,1554264.7983674554,2000000000,590381,590781,585001,5780,1287,400,0,0.38603460660642813,0.38603460660642813
18,194,0,9000000,132.43075360353424,0,6000000000,588001,594001,579001,15000,0,6000,0.6,0,0.6
18,198,0,6000000,212.16439027320303,0,2000000000,594001,596001,591001,5000,0,2000,0.19999999999999998,0,0.19999999999999998
18,197,1,6000000,198.04768971134203,873843.192604382,4000000000,597381,598181,588001,10180,6866,800,0,2.059866135290614,2.059866135290614
18,201,1,8000000,130.54503054501922,4512826.685035773,10000000000,602367,604367,600001,4366,1773,2000,0,0.531817454447838,0.531817454447838
18,199,0,8000000,184.23960621972682,0,9000000000,596001,605001,594001,11000,0,9000,0.8999999999999999,0,0.8999999999999999
18,202,1,3000000,117.84851505216345,6691893.608413925,10000000000,607367,609367,603001,6366,448,2000,0,0.13449108020312847,0.13449108020312847
18,200,0,7000000,156.87208323981676,0,6000000000,605001,611001,597001,14000,0,6000,0.6,0,0.6
18,203,1,5000000,135.39678725878244,3916246.0283736982,3000000000,613167,613767,606001,7766,1277,600,0,0.38301985859221055,0.38301985859221055
18,204,1,2000000,156.32618718564078,2229917.825606774,7000000000,616567,617967,609001,8966,897,1400,0,0.2690682109941591,0.2690682109941591
18,206,0,3000000,177.10325575776412,0,5000000000,615001,620001,615001,5000,0,5000,0.49999999999999994,0,0.49999999999999994
18,207,0,9000000,160.96026745753122,0,3000000000,620001,623001,618001,5000,0,3000,0.3,0,0.3
18,205,1,9000000,178.9138932559459,1308054.8712228509,8000000000,624767,626367,612001,14366,6880,1600,0,2.064133592099139,2.064133592099139
18,209,1,5000000,151.30438724637168,2535621.30136957,2000000000,627677,628077,624001,4076,1972,400,0,0.5915709886132452,0.5915709886132452
18,208,1,10000000,160.72133181379496,1999033.7980390002,7000000000,628077,629477,621001,8476,5002,1400,0,1.5007250017197915,1.5007250017197915
18,210,0,6000000,141.84760061418024,0,4000000000,627001,631001,627001,4000,0,4000,0.39999999999999997,0,0.39999999999999997
18,213,1,10000000,142.66024113255943,3193631.0650234874,7000000000,639132,640532,636001,4531,3131,1400,0,0.9393696200089839,0.9393696200089839
18,211,0,5000000,137.16456867573348,0,10000000000,631001,641001,630001,11000,0,10000,0.9999999999999999,0,0.9999999999999999
18,212,0,9000000,151.28673173811376,0,10000000000,641001,651001,633001,18000,0,10000,0.9999999999999999,0,0.9999999999999999
18,217,1,7000000,131.86129227335826,4340548.70099995,9000000000,649614,651414,648001,3413,1613,1800,0,0.48380980024857556,0.48380980024857556
18,218,1,3000000,105.29743824044346,10239660.835203456,2000000000,651414,651814,651001,813,293,400,0,0.08789353617122198,0.08789353617122198
18,214,0,8000000,137.49676359827527,0,6000000000,651001,657001,639001,18000,0,6000,0.6,0,0.6
18,220,1,7000000,65.75388201467646,50109347.60416671,6000000000,659327,660527,657001,3526,140,1200,0,0.04190834845004807,0.04190834845004807
18,215,0,6000000,148.6544321572687,0,5000000000,657001,662001,642001,20000,0,5000,0.49999999999999994,0,0.49999999999999994
18,222,1,4000000,103.39172355657873,10959569.551041799,10000000000,665727,667727,663001,4726,365,2000,0,0.10949335139589766,0.10949335139589766
18,216,0,6000000,158.4338555991111,0,8000000000,662001,670001,645001,25000,0,8000,0.7999999999999999,0,0.7999999999999999
18,223,1,10000000,131.10497320849427,4438531.7394298855,3000000000,672927,673527,666001,7526,2253,600,0,0.6758991883170221,0.6758991883170221
18,219,0,7000000,79.21061797511747,0,5000000000,670001,675001,654001,21000,0,5000,0.49999999999999994,0,0.49999999999999994
18,225,1,9000000,178.55904485631635,1318389.1111872597,10000000000,679140,681140,672001,9139,6827,2000,0,2.047953807482942,2.047953807482942
18,227,1,4000000,167.63401355333588,1692745.26230438,3000000000,681140,681740,678001,3739,2363,600,0,0.7089076110403094,0.7089076110403094
18,221,0,8000000,79.86203415891686,0,8000000000,675001,683001,660001,23000,0,8000,0.7999999999999999,0,0.7999999999999999
18,224,0,3000000,160.89744466584918,0,2000000000,683001,685001,669001,16000,0,2000,0.19999999999999998,0,0.19999999999999998
18,226,0,4000000,171.32899812933007,0,2000000000,685001,687001,675001,12000,0,2000,0.19999999999999998,0,0.19999999999999998
18,228,1,6000000,169.40093417688107,1623995.1476098485,7000000000,686540,687940,681001,6939,3695,1400,0,1.1083776959858473,1.1083776959858473
18,229,0,2000000,169.60361434827973,0,4000000000,687001,691001,684001,7000,0,4000,0.39999999999999997,0,0.39999999999999997
18,230,1,10000000,169.60361434827973,1616332.3767405779,3000000000,693287,693887,687001,6886,6187,600,0,1.856053892856903,1.856053892856903
18,231,0,3000000,169.60361434827973,0,3000000000,691001,694001,690001,4000,0,3000,0.3,0,0.3
18,233,1,3000000,172.8143772954091,1500724.1459209279,9000000000,701548,703348,696001,7347,1999,1800,0,0.5997104814007707,0.5997104814007707
18,232,0,4000000,169.78807054678487,0,10000000000,694001,704001,693001,11000,0,10000,0.9999999999999999,0,0.9999999999999999
18,235,1,2000000,198.49279911372096,866078.0414114352,2000000000,706548,706948,702001,4947,2309,400,0,0.6927782154852794,0.6927782154852794
18,234,0,7000000,182.6415812458926,0,6000000000,704001,710001,699001,11000,0,6000,0.6,0,0.6
18,239,0,10000000,193.93195095187383,0,2000000000,714001,716001,714001,2000,0,2000,0.19999999999999998,0,0.19999999999999998
18,240,0,4000000,182.5444671853957,0,6000000000,717001,723001,717001,6000,0,6000,0.6,0,0.6
18,236,1,10000000,218.40849800316835,591949.3157699336,4000000000,725580,726380,705001,21379,16893,800,0,5.068001465797752,5.068001465797752
18,237,1,8000000,230.69367329859745,475958.9646238734,10000000000,724809,726809,708001,18808,16808,2000,0,5.042451510282194,5.042451510282194
18,238,1,10000000,211.76866293198339,669394.9001932839,7000000000,726809,728209,711001,17208,14939,1400,0,4.481659479529598,4.481659479529598
18,242,1,5000000,180.44215832227238,1264681.396416823,9000000000,728209,730009,723001,7008,3954,1800,0,1.1860694750866874,1.1860694750866874
18,243,1,2000000,174.26676217798968,1451810.229906143,5000000000,730009,731009,726001,5008,1378,1000,0,0.4132771540250057,0.4132771540250057
18,241,0,4000000,181.99081570233153,0,9000000000,723001,732001,720001,12000,0,9000,0.8999999999999999,0,0.8999999999999999
18,244,0,2000000,169.6593369078165,0,3000000000,732001,735001,729001,6000,0,3000,0.3,0,0.3
18,245,0,6000000,171.56193313203252,0,6000000000,735001,741001,732001,9000,0,6000,0.6,0,0.6
18,248,1,3000000,210.8517887047677,681059.1805440908,3000000000,745406,746006,741001,5005,4405,600,0,1.3214710640578984,1.3214710640578984
18,247,1,8000000,193.23708236257343,963562.9372373834,9000000000,746304,748104,738001,10103,8303,1800,0,2.4907558263718643,2.4907558263718643
18,246,0,8000000,179.67072605185297,0,10000000000,741001,751001,735001,16000,0,10000,0.9999999999999999,0,0.9999999999999999
18,249,0,6000000,216.7924855708795,0,3000000000,751001,754001,744001,10000,0,3000,0.3,0,0.3
18,252,1,2000000,232.64780871523374,460218.2308645678,7000000000,757347,758747,753001,5746,4346,1400,0,1.3037293174432434,1.3037293174432434
18,251,0,6000000,253.3532494364341,0,8000000000,754001,762001,750001,12000,0,8000,0.7999999999999999,0,0.7999999999999999
18,250,1,10000000,232.350769312262,462568.5928009335,8000000000,768619,770219,747001,23218,21618,1600,0,6.485524626379142,6.485524626379142
18,253,0,8000000,215.6788761098314,0,9000000000,762001,771001,756001,15000,0,9000,0.8999999999999999,0,0.8999999999999999
18,256,1,5000000,221.09665035906806,563791.9557182619,10000000000,773870,775870,765001,10869,8869,2000,0,2.660555874886551,2.660555874886551
18,254,0,7000000,214.96132163717266,0,7000000000,771001,778001,759001,19000,0,7000,0.7,0,0.7
18,255,0,5000000,205.30942306674575,0,2000000000,778001,780001,762001,18000,0,2000,0.19999999999999998,0,0.19999999999999998
18,257,0,9000000,241.5636073583933,0,8000000000,780001,788001,768001,20000,0,8000,0.7999999999999999,0,0.7999999999999999
18,258,1,7000000,241.34442317981993,397557.02154079534,4000000000,788609,789409,771001,18408,17608,800,0,5.282261125362889,5.282261125362889
18,262,1,8000000,182.06183400152815,1220648.0560351193,3000000000,789555,790155,783001,7154,6554,600,0,1.9661686987776184,1.9661686987776184
18,263,1,9000000,176.52698943787607,1379563.9493340757,9000000000,792525,794325,786001,8324,6524,1800,0,1.9571401538169413,1.9571401538169413
18,264,1,5000000,176.78332613682775,1371655.2670019926,2000000000,794325,794725,789001,5724,3645,400,0,1.0935692342570364,1.0935692342570364
18,259,0,6000000,222.98693167986326,0,9000000000,788001,797001,774001,23000,0,9000,0.8999999999999999,0,0.8999999999999999
18,267,1,6000000,182.94408681343054,1197464.3569715659,8000000000,803012,804612,798001,6611,5011,1600,0,1.5031762653481147,1.5031762653481147
18,260,0,8000000,208.1264396947202,0,8000000000,797001,805001,777001,28000,0,8000,0.7999999999999999,0,0.7999999999999999
18,261,0,2000000,192.86509274619917,0,4000000000,805001,809001,780001,29000,0,4000,0.39999999999999997,0,0.39999999999999997
18,265,0,5000000,182.08125136872277,0,4000000000,809001,813001,792001,21000,0,4000,0.39999999999999997,0,0.39999999999999997
18,266,0,5000000,182.94408681343054,0,5000000000,813001,818001,795001,23000,0,5000,0.49999999999999994,0,0.49999999999999994
18,270,1,9000000,195.66407258359925,916934.4475962843,9000000000,816816,818616,807001,11615,9815,1800,0,2.9445943568572077,2.9445943568572077
18,271,1,5000000,211.40174313377835,674032.6573312515,10000000000,818616,820616,810001,10615,7418,2000,0,2.2254114599418124,2.2254114599418124
18,268,0,10000000,182.94408681343054,0,4000000000,818001,822001,801001,21000,0,4000,0.39999999999999997,0,0.39999999999999997
18,269,0,4000000,185.76227092711804,0,2000000000,822001,824001,804001,20000,0,2000,0.19999999999999998,0,0.19999999999999998
18,272,1,8000000,230.57845736321514,476907.85048504866,10000000000,829776,831776,813001,18775,16775,2000,0,5.032418731541181,5.032418731541181
18,273,0,3000000,233.53499031194445,0,8000000000,824001,832001,816001,16000,0,8000,0.7999999999999999,0,0.7999999999999999
18,276,1,8000000,189.4850519170312,1041613.6260519349,6000000000,833812,835012,825001,10011,7680,1200,0,2.3041173233272736,2.3041173233272736
18,278,1,3000000,187.15923087040085,1093965.139937881,8000000000,835612,837212,831001,6211,2742,1600,0,0.8226953192046915,0.8226953192046915
18,274,0,10000000,213.7116679079549,0,7000000000,832001,839001,819001,20000,0,7000,0.7,0,0.7
18,280,1,4000000,198.88824123109944,859251.3324693695,9000000000,841656,843456,837001,6455,4655,1800,0,1.3965646076467126,1.3965646076467126
18,275,0,5000000,197.28965761032683,0,5000000000,839001,844001,822001,22000,0,5000,0.49999999999999994,0,0.49999999999999994
18,282,1,9000000,159.10886336090766,2080134.637194805,2000000000,847328,847728,843001,4727,4327,400,0,1.2979929047482825,1.2979929047482825
18,277,0,6000000,189.1017191883776,0,7000000000,844001,851001,828001,23000,0,7000,0.7,0,0.7
18,284,1,7000000,139.3840683148544,3497220.8043775777,5000000000,851003,852003,849001,3002,2002,1000,0,0.6004768121507701,0.6004768121507701
18,279,0,3000000,196.56898280247572,0,7000000000,851001,858001,834001,24000,0,7000,0.7,0,0.7
18,281,0,9000000,177.31628971981115,0,2000000000,858001,860001,840001,20000,0,2000,0.19999999999999998,0,0.19999999999999998
18,283,0,10000000,146.01677985765883,0,2000000000,860001,862001,846001,16000,0,2000,0.19999999999999998,0,0.19999999999999998
18,288,1,9000000,150.18354437154554,2610798.923265966,5000000000,864448,865448,861001,4447,3447,1000,0,1.0341661994491893,1.0341661994491893
18,289,1,4000000,142.9653122264279,3167046.6886413596,6000000000,865848,867048,864001,3047,1263,1200,0,0.37890189756400194,0.37890189756400194
18,285,0,9000000,140.13645136080763,0,9000000000,862001,871001,852001,19000,0,9000,0.8999999999999999,0,0.8999999999999999
18,292,1,5000000,147.53705737881586,2799539.7399449265,8000000000,874787,876387,873001,3386,1786,1600,0,0.5358023601513542,0.5358023601513542
18,293,1,5000000,142.04224723651768,3248332.8669892084,10000000000,877540,879540,876001,3539,1539,2000,0,0.46177533566327805,0.46177533566327805
18,286,0,9000000,148.3086824835283,0,9000000000,871001,880001,855001,25000,0,9000,0.8999999999999999,0,0.8999999999999999
18,287,0,6000000,156.80328599873152,0,5000000000,880001,885001,858001,27000,0,5000,0.49999999999999994,0,0.49999999999999994
18,290,0,3000000,142.83597200985474,0,6000000000,885001,891001,867001,24000,0,6000,0.6,0,0.6
18,297,1,4000000,145.34274835711616,2968959.2086826353,2000000000,890858,891258,888001,3257,1347,400,0,0.4041820434887198,0.4041820434887198
18,298,1,9000000,145.34274835711616,2968959.2086826353,2000000000,894032,894432,891001,3431,3031,400,0,0.9094095978496195,0.9094095978496195
18,291,0,7000000,153.72898360426376,0,7000000000,891001,898001,870001,28000,0,7000,0.7,0,0.7
18,302,1,7000000,122.43882145790197,5780328.764368609,2000000000,904858,905258,903001,2257,1211,400,0,0.3633011348670901,0.3633011348670901
18,294,0,6000000,144.47451159287579,0,8000000000,898001,906001,879001,27000,0,8000,0.7999999999999999,0,0.7999999999999999
18,295,0,5000000,145.34274835711616,0,2000000000,906001,908001,882001,26000,0,2000,0.19999999999999998,0,0.19999999999999998
18,303,1,9000000,99.444660490144,12652478.474698491,5000000000,907953,908953,906001,2952,711,1000,0,0.21339692498977683,0.21339692498977683
18,304,1,7000000,79.83634072275608,27373911.522579007,10000000000,911001,913001,909001,4000,256,2000,0,0.07671537910348848,0.07671537910348848
18,296,0,10000000,145.34274835711616,0,7000000000,908001,915001,885001,30000,0,7000,0.7,0,0.7
18,306,1,5000000,69.31576444070998,42887869.89290265,2000000000,915118,915518,915001,517,117,400,0,0.034974924232556236,0.034974924232556236
18,307,1,4000000,65.34433257750815,51017740.41097075,9000000000,919122,920922,918001,2921,78,1800,0,0.023521229876773502,0.023521229876773502
18,299,0,9000000,145.34274835711616,0,10000000000,915001,925001,894001,31000,0,10000,0.9999999999999999,0,0.9999999999999999
18,309,1,3000000,84.03683954076335,23021054.586418,6000000000,926322,927522,924001,3521,130,1200,0,0.03909464688602856,0.03909464688602856
18,300,0,3000000,145.34274835711616,0,3000000000,925001,928001,897001,31000,0,3000,0.3,0,0.3
18,310,1,9000000,101.99675485033832,11525096.533502087,2000000000,930322,930722,927001,3721,781,400,0,0.23427135661305923,0.23427135661305923
18,311,1,3000000,125.33486067331788,5282732.601447288,9000000000,930722,932522,930001,2521,568,1800,0,0.17036637435584584,0.17036637435584584
18,301,0,7000000,145.19882781896004,0,5000000000,928001,933001,900001,33000,0,5000,0.49999999999999994,0,0.49999999999999994
18,305,0,10000000,77.85218943613597,0,5000000000,933001,938001,912001,26000,0,5000,0.49999999999999994,0,0.49999999999999994
18,308,0,2000000,73.18027739767042,0,5000000000,938001,943001,921001,22000,0,5000,0.49999999999999994,0,0.49999999999999994
18,313,1,8000000,173.48385285092095,1477926.9920840578,9000000000,942611,944411,936001,8410,5413,1800,0,1.6238961821894238,1.6238961821894238
18,312,0,7000000,150.39338948238384,0,3000000000,943001,946001,933001,13000,0,3000,0.3,0,0.3
18,315,1,4000000,208.76807514560267,708524.4642378419,4000000000,948437,949237,942001,7236,5646,800,0,1.6936606434484054,1.6936606434484054
18,316,0,2000000,189.23283568133732,0,4000000000,946001,950001,945001,5000,0,4000,0.39999999999999997,0,0.39999999999999997
18,314,1,9000000,200.21347532071866,836856.4620872935,4000000000,949756,950556,939001,11555,10755,800,0,3.226359743062317,3.226359743062317
18,317,0,4000000,202.64013916300001,0,7000000000,950001,957001,948001,9000,0,7000,0.7,0,0.7
18,320,1,4000000,219.45418701861215,580792.2310210976,2000000000,963888,964288,957001,7287,6887,400,0,2.0661433399173847,2.0661433399173847
18,318,0,2000000,223.03677387372693,0,9000000000,957001,966001,951001,15000,0,9000,0.8999999999999999,0,0.8999999999999999
18,321,1,7000000,199.24517685504958,853146.8418503111,3000000000,968206,968806,960001,8805,8205,600,0,2.4614754424285326,2.4614754424285326
18,319,0,7000000,238.36499344492682,0,3000000000,966001,969001,954001,15000,0,3000,0.3,0,0.3
18,322,0,8000000,179.62572226716307,0,2000000000,969001,971001,963001,8000,0,2000,0.19999999999999998,0,0.19999999999999998
18,323,1,9000000,164.04573081918352,1843842.1714730528,5000000000,970882,971882,966001,5881,4881,1000,0,1.4643335757110705,1.4643335757110705
18,325,1,5000000,141.27968466839098,3317433.3501585536,4000000000,973508,974308,972001,2307,1507,800,0,0.452156785584949,0.452156785584949
18,326,1,3000000,137.42631662094422,3695673.5952280406,6000000000,975813,977013,975001,2012,812,1200,0,0.24352800018976398,0.24352800018976398
18,324,0,8000000,150.61398773022378,0,10000000000,971001,981001,969001,12000,0,10000,0.9999999999999999,0,0.9999999999999999
18,328,1,2000000,139.35809484920492,3499766.516816261,6000000000,981572,982772,981001,1771,571,1200,0,0.17144000810254628,0.17144000810254628
18,327,0,7000000,137.94284214847832,0,10000000000,981001,991001,978001,13000,0,10000,0.9999999999999999,0,0.9999999999999999
18,331,1,8000000,135.42580588647053,3912979.8499827,2000000000,992045,992445,990001,2444,2044,400,0,0.6133433066389572,0.6133433066389572
18,329,0,6000000,150.14050819149375,0,4000000000,991001,995001,984001,11000,0,4000,0.39999999999999997,0,0.39999999999999997
18,333,1,9000000,84.9217663499765,22207724.89906682,2000000000,996406,996806,996001,805,405,400,0,0.12157931585839553,0.12157931585839553
19,1,0,5000000,134.86838102387085,0,4000000000,1,4001,1,4000,0,4000,0.39999999999999997,0,0.39999999999999997
19,3,1,2000000,163.19988756123578,1881867.718754749,3000000000,7486,8086,6001,2085,1063,600,0,0.3188321867793269,0.3188321867793269
19,2,0,7000000,142.22032379375318,0,9000000000,4001,13001,3001,10000,0,9000,0.8999999999999999,0,0.8999999999999999
19,4,1,7000000,170.350688874451,1588472.4443244159,7000000000,13819,15219,9001,6218,4407,1400,0,1.3220248217104824,1.3220248217104824
19,6,0,9000000,165.65498845492098,0,2000000000,15001,17001,15001,2000,0,2000,0.19999999999999998,0,0.19999999999999998
19,5,1,6000000,174.0563371440408,1458772.981072835,9000000000,16819,18619,12001,6618,4113,1800,0,1.2339137229400934,1.2339137229400934
19,8,0,9000000,165.3338446900694,0,4000000000,21001,25001,21001,4000,0,4000,0.39999999999999997,0,0.39999999999999997
19,7,1,7000000,160.91089956867435,1989758.7594564264,9000000000,28019,29819,18001,11818,3518,1800,0,1.055404324780402,1.055404324780402
19,9,1,2000000,173.58083995648826,1474660.1389810236,5000000000,31819,32819,24001,8818,1356,1000,0,0.4068734104487251,0.4068734104487251
19,10,1,9000000,173.91563155737322,1463451.9418703753,4000000000,41619,42419,27001,15418,6150,800,0,1.844952965486004,1.844952965486004
19,11,1,6000000,177.097679544369,1362033.3815201754,7000000000,42419,43819,30001,13818,4405,1400,0,1.3215535128742637,1.3215535128742637
19,13,0,9000000,205.21116953031574,0,10000000000,36001,46001,36001,10000,0,10000,0.9999999999999999,0,0.9999999999999999
19,14,1,8000000,178.63714423377908,1316105.9385200576,7000000000,45080,46480,39001,7479,6079,1400,0,1.8235614092728476,1.8235614092728476
19,15,1,7000000,156.92357694113397,2196663.943926236,2000000000,46480,46880,42001,4879,3187,400,0,0.9559951151410704,0.9559951151410704
19,16,1,2000000,149.80448925182446,2636845.1596287237,5000000000,46880,47880,45001,2879,758,1000,0,0.2275446466050672,0.2275446466050672
19,12,1,5000000,188.2969253599219,1067957.7247620467,5000000000,49219,50219,33001,17218,4682,1000,0,1.4045499791054157,1.4045499791054157
19,17,1,3000000,145.09770501286366,2988655.3206057274,5000000000,51480,52480,48001,4479,1004,1000,0,0.301138774282473,0.301138774282473
19,18,1,3000000,123.46325323755244,5598017.627506745,6000000000,57680,58880,51001,7879,536,1200,0,0.1607711979286574,0.1607711979286574
19,19,1,9000000,98.46870822753793,13117940.296167275,7000000000,59280,60680,54001,6679,686,1400,0,0.20582499531491774,0.20582499531491774
19,20,1,8000000,79.48035480544864,27783598.125473246,2000000000,60680,61080,57001,4079,288,400,0,0.08638190018302823,0.08638190018302823
19,21,0,8000000,77.09209168261035,0,3000000000,60001,63001,60001,3000,0,3000,0.3,0,0.3
19,22,1,8000000,67.3209625599634,46786233.64214115,4000000000,63880,64680,63001,1679,171,800,0,0.05129714048703163,0.05129714048703163
19,23,1,7000000,66.68634417929951,48103345.34418662,4000000000,66147,66947,66001,946,146,800,0,0.043656007393543764,0.043656007393543764
19,24,0,5000000,78.71095603535758,0,6000000000,69001,75001,69001,6000,0,6000,0.6,0,0.6
19,25,0,6000000,91.91036611830029,0,5000000000,75001,80001,72001,8000,0,5000,0.49999999999999994,0,0.49999999999999994
19,28,1,4000000,164.68839060480252,1815586.521309407,3000000000,85614,86214,81001,5213,2203,600,0,0.6609434394426744,0.6609434394426744
19,26,0,3000000,114.6840289665479,0,8000000000,80001,88001,75001,13000,0,8000,0.7999999999999999,0,0.7999999999999999
19,27,0,10000000,141.3024037304391,0,5000000000,88001,93001,78001,15000,0,5000,0.49999999999999994,0,0.49999999999999994
19,30,1,6000000,213.2837351979752,650660.8964207426,2000000000,96222,96622,87001,9621,9221,400,0,2.7664179757869607,2.7664179757869607
19,33,1,3000000,121.98736000094439,5862969.735444781,9000000000,96622,98422,96001,2421,512,1800,0,0.15350582394430926,0.15350582394430926
19,29,0,3000000,193.35763548409466,0,7000000000,93001,100001,84001,16000,0,7000,0.7,0,0.7
19,31,0,8000000,188.81992400167945,0,4000000000,100001,104001,90001,14000,0,4000,0.39999999999999997,0,0.39999999999999997
19,37,1,4000000,68.26203190647047,44902440.69451537,7000000000,108090,109490,108001,1489,89,1400,0,0.026724605198277664,0.026724605198277664
19,32,0,7000000,155.84786331547826,0,8000000000,104001,112001,93001,19000,0,8000,0.7999999999999999,0,0.7999999999999999
19,34,0,3000000,99.08699864260701,0,2000000000,112001,114001,99001,15000,0,2000,0.19999999999999998,0,0.19999999999999998
19,39,1,6000000,116.89011805965465,6903772.347233478,8000000000,115494,117094,114001,3093,869,1600,0,0.2607270213249872,0.2607270213249872
19,40,1,7000000,77.18512356665634,30595598.689419646,8000000000,117230,118830,117001,1829,229,1600,0,0.06863732333913136,0.06863732333913136
19,35,0,3000000,86.22376528544781,0,9000000000,114001,123001,102001,21000,0,9000,0.8999999999999999,0,0.8999999999999999
19,43,1,6000000,116.2599681747763,7047532.961909681,8000000000,128362,129962,126001,3961,851,1600,0,0.2554085251858476,0.2554085251858476
19,44,1,8000000,96.00544255405522,14385900.480027353,4000000000,131762,132562,129001,3561,556,800,0,0.16683001549552195,0.16683001549552195
19,36,0,7000000,68.42726064953936,0,10000000000,123001,133001,105001,28000,0,10000,0.9999999999999999,0,0.9999999999999999
19,46,1,8000000,68.73153933966562,43992697.28424364,5000000000,135183,136183,135001,1182,182,1000,0,0.05455450900164697,0.05455450900164697
19,38,0,4000000,87.47564518195917,0,6000000000,133001,139001,111001,28000,0,6000,0.6,0,0.6
19,48,1,5000000,95.72977906586854,14536618.259169346,8000000000,142688,144288,141001,3287,344,1600,0,0.10318768597048605,0.10318768597048605
19,41,0,6000000,93.59637279296673,0,10000000000,139001,149001,120001,29000,0,10000,0.9999999999999999,0,0.9999999999999999
19,42,0,3000000,117.30426121842294,0,4000000000,149001,153001,123001,30000,0,4000,0.39999999999999997,0,0.39999999999999997
19,51,1,8000000,158.5970321285995,2106727.0731988354,5000000000,154088,155088,150001,5087,3797,1000,0,1.13920784069854,1.13920784069854
19,45,0,2000000,76.38170723412772,0,7000000000,153001,160001,132001,28000,0,7000,0.7,0,0.7
19,52,1,10000000,184.0875033781489,1168226.6930437156,4000000000,161561,162361,153001,9360,8560,800,0,2.567994737548544,2.567994737548544
19,47,0,4000000,76.7420126136916,0,4000000000,160001,164001,138001,26000,0,4000,0.39999999999999997,0,0.39999999999999997
19,55,1,9000000,178.05087475213367,1333365.931861222,10000000000,169823,171823,162001,9822,6750,2000,0,2.0249504921961803,2.0249504921961803
19,49,0,9000000,109.83728419803543,0,9000000000,164001,173001,144001,29000,0,9000,0.8999999999999999,0,0.8999999999999999
19,50,0,2000000,129.112571037835,0,2000000000,173001,175001,147001,28000,0,2000,0.19999999999999998,0,0.19999999999999998
19,54,1,9000000,202.7025258846076,796725.2550563186,9000000000,173623,175423,159001,16422,11296,1800,0,3.3888721147783163,3.3888721147783163
19,53,0,2000000,209.8690496476315,0,3000000000,175001,178001,156001,22000,0,3000,0.3,0,0.3
19,56,0,3000000,155.1046163078327,0,6000000000,178001,184001,165001,19000,0,6000,0.6,0,0.6
19,61,1,9000000,69.66309281104307,42245050.66318163,6000000000,183223,184423,180001,4422,213,1200,0,0.06391281245055212,0.06391281245055212
19,62,1,9000000,69.69971018591113,42177881.426482566,6000000000,187223,188423,183001,5422,213,1200,0,0.06401459505988201,0.06401459505988201
19,57,0,10000000,131.48321870109507,0,6000000000,184001,190001,168001,22000,0,6000,0.6,0,0.6
19,63,1,6000000,80.53704302990025,26587177.181789894,10000000000,189023,191023,186001,5022,226,2000,0,0.06770180932306184,0.06770180932306184
19,58,0,10000000,109.35348919901915,0,4000000000,190001,194001,171001,23000,0,4000,0.39999999999999997,0,0.39999999999999997
19,64,1,6000000,97.57926419070803,13559915.907142017,5000000000,193423,194423,189001,5422,442,1000,0,0.13274418604999894,0.13274418604999894
19,59,0,4000000,91.17679364838405,0,9000000000,194001,203001,174001,29000,0,9000,0.8999999999999999,0,0.8999999999999999
19,65,1,5000000,122.19620493288649,5824562.222764712,6000000000,202823,204023,192001,12022,858,1200,0,0.257530084258934,0.257530084258934
19,66,1,7000000,146.36183792232183,2888746.185770531,8000000000,205823,207423,195001,12422,2423,1600,0,0.7269589866857256,0.7269589866857256
19,60,0,4000000,79.02527317257436,0,8000000000,203001,211001,177001,34000,0,8000,0.7999999999999999,0,0.7999999999999999
19,71,0,8000000,152.69254238501637,0,3000000000,211001,214001,210001,4000,0,3000,0.3,0,0.3
19,67,1,5000000,156.90981486191362,2197423.074652299,9000000000,215423,217223,198001,19222,2275,1800,0,0.6826177522675496,0.6826177522675496
19,68,1,2000000,146.53573284356276,2875327.406509473,6000000000,219423,220623,201001,19622,696,1200,0,0.2086718885096897,0.2086718885096897
19,76,0,2000000,145.34274835711616,0,2000000000,225001,227001,225001,2000,0,2000,0.19999999999999998,0,0.19999999999999998
19,69,1,5000000,141.95172594935224,3256442.1000782223,8000000000,225423,227023,204001,23022,1535,1600,0,0.4606254169125159,0.4606254169125159
19,70,1,9000000,144.0171882102966,3077453.5865049227,2000000000,232023,232423,207001,25422,2924,400,0,0.8773487313796994,0.8773487313796994
19,72,1,4000000,145.88083081748604,2926268.5409057843,6000000000,232823,234023,213001,21022,1367,1200,0,0.41007856361281086,0.41007856361281086
19,73,1,9000000,141.9939787455792,3252653.834306696,9000000000,240223,242023,216001,26022,2767,1800,0,0.830091407675267,0.830091407675267
19,74,1,5000000,144.0594891008572,3073916.486187025,8000000000,245623,247223,219001,28222,1627,1600,0,0.4879768226431693,0.4879768226431693
19,81,0,3000000,197.50697835772792,0,9000000000,240001,249001,240001,9000,0,9000,0.8999999999999999,0,0.8999999999999999
19,75,1,7000000,145.34274835711616,2968959.2086826353,5000000000,251623,252623,222001,30622,2358,1000,0,0.7073185761052596,0.7073185761052596
19,84,1,2000000,196.51949343512973,901171.9168702166,8000000000,251267,252867,249001,3866,2219,1600,0,0.6657997089876134,0.6657997089876134
19,82,0,6000000,213.30400652589722,0,7000000000,249001,256001,243001,13000,0,7000,0.7,0,0.7
19,83,1,10000000,196.51949343512973,901171.9168702166,10000000000,257098,259098,246001,13097,11097,2000,0,3.3289985449380675,3.3289985449380675
19,85,0,5000000,192.321261435131,0,5000000000,256001,261001,252001,9000,0,5000,0.49999999999999994,0,0.49999999999999994
19,87,1,8000000,146.4377304522301,2882880.3692663824,3000000000,260776,261376,258001,3375,2775,600,0,0.8325007258663103,0.8325007258663103
19,77,1,6000000,145.34274835711616,2968959.2086826353,9000000000,261823,263623,228001,35622,2021,1800,0,0.6062730652330797,0.6062730652330797
19,86,0,6000000,172.3767234866703,0,3000000000,261001,264001,255001,9000,0,3000,0.3,0,0.3
19,89,1,4000000,99.07617776236629,12825879.753100868,2000000000,264313,264713,264001,712,312,400,0,0.09356083349447278,0.09356083349447278
19,78,1,5000000,145.34274835711616,2968959.2086826353,6000000000,264423,265623,231001,34622,1684,1200,0,0.5052275543608997,0.5052275543608997
19,79,1,2000000,149.6127845473107,2650140.2034949157,2000000000,268823,269223,234001,35222,755,400,0,0.22640311603466873,0.22640311603466873
19,88,0,8000000,121.72461254816139,0,7000000000,264001,271001,261001,10000,0,7000,0.7,0,0.7
19,90,0,3000000,80.27773041136625,0,2000000000,271001,273001,267001,6000,0,2000,0.19999999999999998,0,0.19999999999999998
19,92,1,10000000,74.12466863332342,34847934.25502295,4000000000,274779,275579,273001,2578,287,800,0,0.08608831668601942,0.08608831668601942
19,91,0,6000000,68.64444988489602,0,4000000000,273001,277001,270001,7000,0,4000,0.39999999999999997,0,0.39999999999999997
19,93,1,2000000,91.50956725938549,17092680.10966526,3000000000,279379,279979,276001,3978,117,600,0,0.035102745511555136,0.035102745511555136
19,80,1,7000000,170.94236338602553,1566829.8396169827,2000000000,286023,286423,237001,49422,4468,400,0,1.3402859371846993,1.3402859371846993
19,94,1,8000000,113.60903177124605,7693581.63971711,5000000000,288979,289979,279001,10978,1040,1000,0,0.3119483372491056,0.3119483372491056
19,96,0,3000000,156.38066280713863,0,6000000000,285001,291001,285001,6000,0,6000,0.6,0,0.6
19,98,0,9000000,203.27275788949188,0,2000000000,291001,293001,291001,2000,0,2000,0.19999999999999998,0,0.19999999999999998
19,95,1,8000000,134.831195203484,3980580.7124416637,8000000000,292779,294379,282001,12378,2010,1600,0,0.6029271037008705,0.6029271037008705
19,99,0,4000000,209.77515772845936,0,9000000000,294001,303001,294001,9000,0,9000,0.8999999999999999,0,0.8999999999999999
19,97,1,3000000,179.828392919472,1281882.4381369716,7000000000,303179,304579,288001,16578,2340,1400,0,0.7020924643511134,0.7020924643511134
19,101,0,7000000,195.32835790022912,0,8000000000,303001,311001,300001,11000,0,8000,0.7999999999999999,0,0.7999999999999999
19,103,0,6000000,196.58170845732317,0,9000000000,311001,320001,306001,14000,0,9000,0.8999999999999999,0,0.8999999999999999
19,105,0,6000000,194.76213723411436,0,7000000000,320001,327001,312001,15000,0,7000,0.7,0,0.7
19,100,1,10000000,200.78849070601632,827365.7806296771,2000000000,326979,327379,297001,30378,12087,400,0,3.6259657702024035,3.6259657702024035
19,102,1,6000000,193.94650241754815,949633.8532390394,7000000000,329379,330779,303001,27778,6318,1400,0,1.8954673886788118,1.8954673886788118
19,107,0,5000000,206.13899194475556,0,5000000000,327001,332001,318001,14000,0,5000,0.49999999999999994,0,0.49999999999999994
19,108,0,6000000,213.46383042567186,0,2000000000,332001,334001,321001,13000,0,2000,0.19999999999999998,0,0.19999999999999998
19,104,1,6000000,203.2574586577329,788107.1207270176,10000000000,336979,338979,309001,29978,7613,2000,0,2.283953478734624,2.283953478734624
19,109,0,10000000,200.3426993928154,0,5000000000,334001,339001,324001,15000,0,5000,0.49999999999999994,0,0.49999999999999994
19,106,1,6000000,198.53650067430925,865320.2879308485,6000000000,341579,342779,315001,27778,6934,1200,0,2.0801546261028445,2.0801546261028445
19,111,0,4000000,190.73069705739556,0,7000000000,339001,346001,330001,16000,0,7000,0.7,0,0.7
19,110,1,3000000,193.48949377162575,958578.0036155608,7000000000,345179,346579,327001,19578,3130,1400,0,0.9388907283553174,0.9388907283553174
19,113,0,2000000,198.34194563934275,0,3000000000,346001,349001,336001,13000,0,3000,0.3,0,0.3
19,112,1,4000000,192.33623527562352,981619.2168920676,2000000000,353779,354179,333001,21178,4075,400,0,1.2224699551006692,1.2224699551006692
19,119,0,8000000,102.11556198738761,0,2000000000,354001,356001,354001,2000,0,2000,0.19999999999999998,0,0.19999999999999998
19,114,1,3000000,207.83697649840843,721242.9567623489,9000000000,364779,366579,339001,27578,4159,1800,0,1.2478458077983727,1.2478458077983727
19,120,0,4000000,80.48966703869513,0,10000000000,357001,367001,357001,10000,0,10000,0.9999999999999999,0,0.9999999999999999
19,115,1,2000000,196.45279153017907,902388.8177789657,10000000000,367979,369979,342001,27978,2216,2000,0,0.6649018562494711,0.6649018562494711
19,122,0,3000000,70.04778725984143,0,6000000000,367001,373001,363001,10000,0,6000,0.6,0,0.6
19,116,1,2000000,171.35100174787422,1552095.9739415064,10000000000,373979,375979,345001,30978,1289,2000,0,0.3865740328391652,0.3865740328391652
19,125,0,5000000,134.0319551450325,0,5000000000,373001,378001,372001,6000,0,5000,0.49999999999999994,0,0.49999999999999994
19,117,1,10000000,147.40617761817174,2809304.2892920487,7000000000,379779,381179,348001,33178,3560,1400,0,1.0678800482506674,1.0678800482506674
19,126,0,5000000,160.6138649058667,0,5000000000,378001,383001,375001,8000,0,5000,0.49999999999999994,0,0.49999999999999994
19,118,1,9000000,125.46079547013879,5262307.778913319,10000000000,381179,383179,351001,32178,1710,2000,0,0.5130828741753218,0.5130828741753218
19,127,0,10000000,174.0341161956471,0,10000000000,383001,393001,378001,15000,0,10000,0.9999999999999999,0,0.9999999999999999
19,130,1,5000000,200.0784118789431,839105.3341830126,2000000000,393410,393810,387001,6809,5959,400,0,1.787618239205286,1.787618239205286
19,121,1,3000000,66.22471215490486,49085773.05957636,8000000000,393779,395379,360001,35378,61,1600,0,0.018335251619805447,0.018335251619805447
19,133,0,4000000,165.12607062484105,0,3000000000,396001,399001,396001,3000,0,3000,0.3,0,0.3
19,123,1,2000000,86.73288764938016,20643629.590441577,5000000000,398779,399779,366001,33778,97,1000,0,0.029064656356642453,0.029064656356642453
19,131,1,10000000,172.59221129587513,1508385.8057778934,10000000000,398176,400176,390001,10175,6630,2000,0,1.9888810863298083,1.9888810863298083
19,132,1,8000000,165.12607062484105,1796650.272861033,4000000000,400176,400976,393001,7975,4453,800,0,1.3358192388651005,1.3358192388651005
19,124,1,6000000,108.99355256160803,8998552.963759521,6000000000,404179,405379,369001,36378,667,1200,0,0.20003216153188866,0.20003216153188866
19,134,0,4000000,165.12607062484105,0,8000000000,399001,407001,399001,8000,0,8000,0.7999999999999999,0,0.7999999999999999
19,135,0,7000000,165.12607062484105,0,8000000000,407001,415001,402001,13000,0,8000,0.7999999999999999,0,0.7999999999999999
19,137,1,6000000,150.75137743980983,2572373.5276761805,9000000000,413666,415466,408001,7465,2332,1800,0,0.6997428564062685,0.6997428564062685
19,138,1,3000000,139.99006036144135,3438468.693013883,2000000000,415466,415866,411001,4865,872,400,0,0.2617444218202647,0.2617444218202647
19,128,1,6000000,183.06932512029422,1194217.9082499098,3000000000,416379,416979,381001,35978,5024,600,0,1.5072626089135153,1.5072626089135153
19,129,1,6000000,207.73088841094383,722710.0780878119,5000000000,420379,421379,384001,37378,8302,1000,0,2.4906252930117483,2.4906252930117483
19,141,1,3000000,156.1985060748022,2237105.9242825243,7000000000,421342,422742,420001,2741,1341,1400,0,0.4023054922125086,0.4023054922125086
19,136,0,8000000,164.0287490045571,0,10000000000,415001,425001,405001,20000,0,10000,0.9999999999999999,0,0.9999999999999999
19,143,1,10000000,143.26172133546353,3141478.152911692,8000000000,429184,430784,426001,4783,3183,1600,0,0.9549644638526096,0.9549644638526096
19,139,0,8000000,139.20470717615837,0,7000000000,425001,432001,414001,18000,0,7000,0.7,0,0.7
19,145,1,7000000,106.2873322649506,9888117.46351183,9000000000,432709,434509,432001,2508,708,1800,0,0.2123761178757449,0.2123761178757449
19,140,0,3000000,144.9169914123254,0,4000000000,432001,436001,417001,19000,0,4000,0.39999999999999997,0,0.39999999999999997
19,147,1,2000000,95.21685197484739,14822040.910672829,8000000000,438136,439736,438001,1735,135,1600,0,0.040480255291156376,0.040480255291156376
19,142,0,6000000,166.68724036350233,0,9000000000,436001,445001,423001,22000,0,9000,0.8999999999999999,0,0.8999999999999999
19,149,1,6000000,117.24584640830564,6824190.627073279,8000000000,444880,446480,444001,2479,879,1600,0,0.26376754378152156,0.26376754378152156
19,150,1,4000000,133.14625417186926,4180092.647509602,3000000000,447958,448558,447001,1557,957,600,0,0.2870749768464895,0.2870749768464895
19,151,1,9000000,148.86932927906943,2702490.5436728583,7000000000,453331,454731,450001,4730,3330,1400,0,0.9990784264985907,0.9990784264985907
19,144,0,10000000,122.59987153337477,0,10000000000,445001,455001,429001,26000,0,10000,0.9999999999999999,0,0.9999999999999999
19,146,0,8000000,96.51263181573692,0,9000000000,455001,464001,435001,29000,0,9000,0.8999999999999999,0,0.8999999999999999
19,154,1,9000000,200.85045232709837,826351.1187445322,2000000000,469892,470292,459001,11291,10891,400,0,3.2673762263456307,3.2673762263456307
19,148,0,10000000,102.62084437384047,0,7000000000,464001,471001,441001,30000,0,7000,0.7,0,0.7
19,158,1,7000000,187.2310564516474,1092300.076315159,3000000000,477409,478009,471001,7008,6408,600,0,1.9225486160216028,1.9225486160216028
19,152,0,2000000,167.54794925632487,0,10000000000,471001,481001,453001,28000,0,10000,0.9999999999999999,0,0.9999999999999999
19,159,1,8000000,203.55687288814397,783505.4329071121,7000000000,484212,485612,474001,11611,10211,1400,0,3.063156806832928,3.063156806832928
19,153,0,3000000,183.02059173765122,0,7000000000,481001,488001,456001,32000,0,7000,0.7,0,0.7
19,163,1,7000000,140.61629493056623,3379026.6941521186,7000000000,488073,489473,486001,3472,2072,1400,0,0.6214807369336104,0.6214807369336104
19,155,0,5000000,192.44894102072888,0,10000000000,488001,498001,462001,36000,0,10000,0.9999999999999999,0,0.9999999999999999
19,156,0,9000000,181.6670385623104,0,6000000000,498001,504001,465001,39000,0,6000,0.6,0,0.6
19,168,1,8000000,108.96490811265797,9007451.61444702,7000000000,502746,504146,501001,3145,888,1400,0,0.2664460607427131,0.2664460607427131
19,169,1,7000000,130.66588384119243,4496663.13005776,6000000000,505558,506758,504001,2757,1557,1200,0,0.46701296923103636,0.46701296923103636
19,170,1,8000000,156.90822954835735,2197510.5430823,8000000000,510641,512241,507001,5240,3640,1600,0,1.0921449307968651,1.0921449307968651
19,157,0,6000000,182.1391196311215,0,9000000000,504001,513001,468001,45000,0,9000,0.8999999999999999,0,0.8999999999999999
19,171,1,4000000,161.46257306261407,1963068.7593397703,7000000000,512233,513633,510001,3632,2038,1400,0,0.6112878085857728,0.6112878085857728
19,172,1,6000000,148.18364619619808,2751910.443826813,10000000000,515181,517181,513001,4180,2180,2000,0,0.6540910530129447,0.6540910530129447
19,160,0,3000000,221.9066499679538,0,7000000000,513001,520001,477001,43000,0,7000,0.7,0,0.7
19,173,1,10000000,142.12744597719325,3240723.187621695,9000000000,521381,523181,516001,7180,3086,1800,0,0.9257192997719879,0.9257192997719879
19,161,0,9000000,198.31041853619286,0,5000000000,520001,525001,480001,45000,0,5000,0.49999999999999994,0,0.49999999999999994
19,175,1,8000000,145.34274835711616,2968959.2086826353,5000000000,528381,529381,522001,7380,2695,1000,0,0.8083640869774396,0.8083640869774396
19,162,0,7000000,168.49713172632934,0,9000000000,525001,534001,483001,51000,0,9000,0.8999999999999999,0,0.8999999999999999
19,178,1,2000000,145.34274835711616,2968959.2086826353,8000000000,538581,540181,531001,9180,674,1600,0,0.2020910217443599,0.2020910217443599
19,164,0,8000000,119.14416141800653,0,7000000000,534001,541001,489001,52000,0,7000,0.7,0,0.7
19,179,1,9000000,146.8609716704884,2850436.058636348,3000000000,545181,545781,534001,11780,3157,600,0,0.9472234929878354,0.9472234929878354
19,165,0,5000000,100.76705910167269,0,7000000000,541001,548001,492001,56000,0,7000,0.7,0,0.7
19,180,1,3000000,162.38141180566205,1919593.1770722687,4000000000,548981,549781,537001,12780,1563,800,0,0.46884934305333636,0.46884934305333636
19,183,1,7000000,180.42446979276394,1265173.0942467633,6000000000,551534,552734,546001,6733,5533,1200,0,1.6598519282061255,1.6598519282061255
19,184,1,8000000,149.35405250611717,2668215.3861775934,6000000000,554134,555334,549001,6333,2998,1200,0,0.8994776105530855,0.8994776105530855
19,185,1,7000000,119.95526874631226,6253285.51790154,10000000000,555334,557334,552001,5333,1119,2000,0,0.3358234633598998,0.3358234633598998
19,166,0,5000000,91.8589571027235,0,10000000000,548001,558001,495001,63000,0,10000,0.9999999999999999,0,0.9999999999999999
19,186,1,8000000,93.63647846859683,15743824.503150547,4000000000,558134,558934,555001,3933,508,800,0,0.15244072363228695,0.15244072363228695
19,167,0,5000000,94.86430993793185,0,2000000000,558001,560001,498001,62000,0,2000,0.19999999999999998,0,0.19999999999999998
19,181,1,4000000,193.2956166083442,962404.0613488497,8000000000,558581,560181,540001,20180,4156,1600,0,1.2468775311672622,1.2468775311672622
19,188,1,5000000,70.12855053400143,41399663.0410072,9000000000,561122,562922,561001,1921,121,1800,0,0.03623217895551999,0.03623217895551999
19,174,0,5000000,144.1668633910026,0,8000000000,560001,568001,519001,49000,0,8000,0.7999999999999999,0,0.7999999999999999
19,176,0,3000000,145.34274835711616,0,3000000000,568001,571001,525001,46000,0,3000,0.3,0,0.3
19,190,1,5000000,114.10777361775142,7566720.54501695,2000000000,572122,572522,567001,5521,661,400,0,0.19823647392235494,0.19823647392235494
19,191,1,3000000,139.26056620594358,3509345.9033695143,5000000000,574122,575122,570001,5121,855,1000,0,0.25645804796154775,0.25645804796154775
19,177,0,3000000,145.34274835711616,0,8000000000,571001,579001,528001,51000,0,8000,0.7999999999999999,0,0.7999999999999999
19,192,1,7000000,165.55943283304637,1778141.6729080498,3000000000,581522,582122,573001,9121,3937,600,0,1.1810082582258865,1.1810082582258865
19,182,0,3000000,212.4200221259757,0,9000000000,579001,588001,543001,45000,0,9000,0.8999999999999999,0,0.8999999999999999
19,187,0,7000000,73.85974884874716,0,8000000000,588001,596001,558001,38000,0,8000,0.7999999999999999,0,0.7999999999999999
19,189,0,2000000,88.15911807635105,0,4000000000,596001,600001,564001,36000,0,4000,0.39999999999999997,0,0.39999999999999997
19,193,0,6000000,194.29055046501873,0,7000000000,600001,607001,576001,31000,0,7000,0.7,0,0.7
19,197,1,9000000,231.98037783398837,465520.38133843784,10000000000,608497,610497,588001,22496,19333,2000,0,5.799960878699044,5.799960878699044
19,194,0,10000000,214.6423539285758,0,4000000000,607001,611001,579001,32000,0,4000,0.39999999999999997,0,0.39999999999999997
19,195,0,10000000,229.35924703399246,0,3000000000,611001,614001,582001,32000,0,3000,0.3,0,0.3
19,198,0,7000000,214.00011308408227,0,2000000000,614001,616001,591001,25000,0,2000,0.19999999999999998,0,0.19999999999999998
19,196,1,8000000,249.97855047983614,345536.7539740229,6000000000,615367,616567,585001,31566,23152,1200,0,6.945715535026498,6.945715535026498
19,199,0,2000000,200.2313102389334,0,5000000000,616001,621001,594001,27000,0,5000,0.49999999999999994,0,0.49999999999999994
19,204,1,7000000,215.5711253855674,623598.2523145622,6000000000,620226,621426,609001,12425,11225,1200,0,3.3675527348025587,3.3675527348025587
19,200,0,3000000,191.55990864478926,0,8000000000,621001,629001,597001,32000,0,8000,0.7999999999999999,0,0.7999999999999999
19,205,1,9000000,229.51063787981596,485815.3854655409,10000000000,630527,632527,612001,20526,18526,2000,0,5.557666720276219,5.557666720276219
19,201,0,9000000,188.76526613760277,0,4000000000,629001,633001,600001,33000,0,4000,0.39999999999999997,0,0.39999999999999997
19,208,1,6000000,226.6985666033202,510286.0538700407,6000000000,633327,634527,621001,13526,11758,1200,0,3.527433262870286,3.527433262870286
19,202,0,7000000,192.0790537773445,0,3000000000,633001,636001,603001,33000,0,3000,0.3,0,0.3
19,203,0,2000000,201.26719181227725,0,2000000000,636001,638001,606001,32000,0,2000,0.19999999999999998,0,0.19999999999999998
19,214,1,2000000,202.84662974769878,794476.0752189382,2000000000,642532,642932,639001,3931,2517,400,0,0.7552146864015442,0.7552146864015442
19,206,0,2000000,225.40633753290967,0,6000000000,638001,644001,615001,29000,0,6000,0.6,0,0.6
19,213,1,10000000,194.98873454638348,929621.7721668078,4000000000,647332,648132,636001,12131,10757,800,0,3.2271189098846658,3.2271189098846658
19,207,0,8000000,211.05853808837017,0,9000000000,644001,653001,618001,35000,0,9000,0.8999999999999999,0,0.8999999999999999
19,216,1,4000000,228.9387446458113,490671.3739015364,3000000000,654132,654732,645001,9731,8152,600,0,2.445628711653363,2.445628711653363
19,217,1,4000000,246.0350229134055,368170.77137102425,3000000000,659532,660132,648001,12131,10865,600,0,3.2593570519771093,3.2593570519771093
19,209,0,5000000,216.663690774435,0,10000000000,653001,663001,624001,39000,0,10000,0.9999999999999999,0,0.9999999999999999
19,219,1,4000000,227.56734827298925,502565.0346473698,8000000000,664127,665727,654001,11726,7959,1600,0,2.387750673585943,2.387750673585943
19,210,0,10000000,203.3723806223451,0,8000000000,663001,671001,627001,44000,0,8000,0.7999999999999999,0,0.7999999999999999
19,222,1,9000000,169.692737027841,1612977.1101484017,2000000000,673527,673927,663001,10926,5580,400,0,1.673923320431737,1.673923320431737
19,218,1,7000000,243.618038946216,382961.1386118138,9000000000,673927,675727,651001,24726,18279,1800,0,5.483585116788187,5.483585116788187
19,211,0,2000000,194.80269736325522,0,5000000000,671001,676001,630001,46000,0,5000,0.49999999999999994,0,0.49999999999999994
19,228,1,9000000,69.58190569393746,42394383.54854411,9000000000,681740,683540,681001,2539,212,1800,0,0.06368768157480904,0.06368768157480904
19,212,0,3000000,191.961465143398,0,10000000000,676001,686001,633001,53000,0,10000,0.9999999999999999,0,0.9999999999999999
19,215,0,3000000,214.3722579999567,0,3000000000,686001,689001,642001,47000,0,3000,0.3,0,0.3
19,220,0,10000000,216.69359589060312,0,4000000000,689001,693001,657001,36000,0,4000,0.39999999999999997,0,0.39999999999999997
19,231,1,10000000,131.59203167365416,4375124.773049917,5000000000,692287,693287,690001,3286,2286,1000,0,0.6856947300062228,0.6856947300062228
19,221,0,3000000,194.86197012244335,0,10000000000,693001,703001,660001,43000,0,10000,0.9999999999999999,0,0.9999999999999999
19,223,0,4000000,146.2127302939111,0,3000000000,703001,706001,666001,40000,0,3000,0.3,0,0.3
19,235,1,4000000,196.4682162590173,902107.2292198177,3000000000,707062,707662,702001,5661,4434,600,0,1.330218804518187,1.330218804518187
19,236,1,5000000,176.5909425763394,1377585.526985907,4000000000,709262,710062,705001,5061,3630,800,0,1.0888616137554306,1.0888616137554306
19,224,0,6000000,124.7165221612598,0,5000000000,706001,711001,669001,42000,0,5000,0.49999999999999994,0,0.49999999999999994
19,234,1,7000000,211.89763212457092,667774.2207912625,4000000000,710348,711148,699001,12147,10483,800,0,3.1447754864086503,3.1447754864086503
19,237,1,3000000,172.37009311362573,1516094.449985006,9000000000,710062,711862,708001,3861,1979,1800,0,0.5936305617429712,0.5936305617429712
19,225,0,5000000,101.72097374681393,0,5000000000,711001,716001,672001,44000,0,5000,0.49999999999999994,0,0.49999999999999994
19,238,1,2000000,172.0462568613453,1527421.1259095748,6000000000,715062,716262,711001,5261,1309,1200,0,0.39281897429741375,0.39281897429741375
19,226,0,2000000,80.51341875737239,0,7000000000,716001,723001,675001,48000,0,7000,0.7,0,0.7
19,239,1,5000000,172.0277550280768,1528071.4251524974,8000000000,723062,724662,714001,10661,3272,1600,0,0.9816295071745773,0.9816295071745773
19,227,0,6000000,66.37393464305097,0,3000000000,723001,726001,678001,48000,0,3000,0.3,0,0.3
19,240,1,5000000,169.7123227700334,1612240.9108656081,6000000000,726262,727462,717001,10461,3101,1200,0,0.9303820476771388,0.9303820476771388
19,229,0,3000000,85.59436955781615,0,3000000000,726001,729001,684001,45000,0,3000,0.3,0,0.3
19,242,1,3000000,128.32395333685753,4822979.189060487,9000000000,731662,733462,723001,10461,622,1800,0,0.18660665217909003,0.18660665217909003
19,230,0,3000000,107.17896155496189,0,6000000000,729001,735001,687001,48000,0,6000,0.6,0,0.6
19,232,0,2000000,157.56071369475322,0,6000000000,735001,741001,693001,48000,0,6000,0.6,0,0.6
19,233,0,6000000,184.44419454133003,0,4000000000,741001,745001,696001,49000,0,4000,0.39999999999999997,0,0.39999999999999997
19,241,0,9000000,153.66696359335015,0,3000000000,745001,748001,720001,28000,0,3000,0.3,0,0.3
19,252,1,3000000,132.3911847518558,4273479.039592653,6000000000,755796,756996,753001,3995,702,1200,0,0.21060124354460105,0.21060124354460105
19,243,0,3000000,105.92945246719633,0,9000000000,748001,757001,726001,31000,0,9000,0.8999999999999999,0,0.8999999999999999
19,253,1,10000000,155.41793075446608,2281679.711180185,4000000000,762996,763796,756001,7795,4383,800,0,1.3148208248949491,1.3148208248949491
19,244,0,6000000,86.21493664093249,0,8000000000,757001,765001,729001,36000,0,8000,0.7999999999999999,0,0.7999999999999999
19,254,1,6000000,179.24081901174188,1298622.8123944434,7000000000,767396,768796,759001,9795,4620,1400,0,1.3860837672188284,1.3860837672188284
19,255,1,5000000,204.67041310360418,766682.5211004955,4000000000,770596,771396,762001,9395,6522,800,0,1.9564812796917572,1.9564812796917572
19,245,0,9000000,77.64355027946618,0,10000000000,765001,775001,732001,43000,0,10000,0.9999999999999999,0,0.9999999999999999
19,258,1,3000000,203.4167458691639,785654.8613571145,2000000000,774819,775219,771001,4218,3818,400,0,1.1455411838798648,1.1455411838798648
19,246,0,6000000,73.22604522982238,0,8000000000,775001,783001,735001,48000,0,8000,0.7999999999999999,0,0.7999999999999999
19,259,1,5000000,222.8139979893544,546675.0268403033,5000000000,783147,784147,774001,10146,9146,1000,0,2.7438604771645907,2.7438604771645907
19,247,0,2000000,65.71985392558321,0,8000000000,783001,791001,738001,53000,0,8000,0.7999999999999999,0,0.7999999999999999
19,264,1,5000000,166.92974240679823,1721152.8259137722,3000000000,791906,792506,789001,3505,2905,600,0,0.8715088964883984,0.8715088964883984
19,265,1,6000000,154.0015876541537,2365402.1924297605,6000000000,794538,795738,792001,3737,2537,1200,0,0.7609699550295188,0.7609699550295188
19,248,0,3000000,67.74495479369659,0,6000000000,791001,797001,741001,56000,0,6000,0.6,0,0.6
19,249,0,2000000,78.83261824904717,0,8000000000,797001,805001,744001,61000,0,8000,0.7999999999999999,0,0.7999999999999999
19,269,1,7000000,143.46989684250838,3123672.879479873,2000000000,806620,807020,804001,3019,2241,400,0,0.6722855052446061,0.6722855052446061
19,270,1,9000000,139.02969251206736,3532151.670566845,5000000000,809549,810549,807001,3548,2548,1000,0,0.7644065860758181,0.7644065860758181
19,271,1,5000000,135.37471144936933,3918733.007009671,9000000000,811277,813077,810001,3076,1276,1800,0,0.38277677946337774,0.38277677946337774
19,250,0,10000000,90.47730378387725,0,10000000000,805001,815001,747001,68000,0,10000,0.9999999999999999,0,0.9999999999999999
19,273,1,10000000,140.92572973023772,3350122.913488307,2000000000,818986,819386,816001,3385,2985,400,0,0.8954895320172768,0.8954895320172768
19,251,0,4000000,109.66100719945989,0,5000000000,815001,820001,750001,70000,0,5000,0.49999999999999994,0,0.49999999999999994
19,256,0,4000000,205.71293590827,0,2000000000,820001,822001,765001,57000,0,2000,0.19999999999999998,0,0.19999999999999998
19,257,0,3000000,189.72776549572288,0,4000000000,822001,826001,768001,58000,0,4000,0.39999999999999997,0,0.39999999999999997
19,260,0,5000000,239.84112824951436,0,2000000000,826001,828001,777001,51000,0,2000,0.19999999999999998,0,0.19999999999999998
19,278,1,2000000,195.199911116783,925631.1174905155,9000000000,834113,835913,831001,4912,2161,1800,0,0.6482063844468235,0.6482063844468235
19,261,0,8000000,221.34307488602394,0,10000000000,828001,838001,780001,58000,0,10000,0.9999999999999999,0,0.9999999999999999
19,280,1,2000000,225.65365341602603,519769.4343561856,9000000000,840849,842649,837001,5648,3848,1800,0,1.1543579909487989,1.1543579909487989
19,262,0,7000000,202.41068869997946,0,9000000000,838001,847001,783001,64000,0,9000,0.8999999999999999,0,0.8999999999999999
19,279,1,10000000,209.94223610317204,692881.6977501933,2000000000,848433,848833,834001,14832,14432,400,0,4.329743460883851,4.329743460883851
19,263,0,3000000,183.45116407371202,0,2000000000,847001,849001,786001,63000,0,2000,0.19999999999999998,0,0.19999999999999998
19,282,1,4000000,233.64694134526994,452421.02591255994,7000000000,855059,856459,843001,13458,8841,1400,0,2.6523966201162494,2.6523966201162494
19,266,0,5000000,143.77279088895781,0,9000000000,849001,858001,795001,63000,0,9000,0.8999999999999999,0,0.8999999999999999
19,281,1,7000000,239.68391539692433,408657.5157847494,7000000000,857130,858530,840001,18529,17129,1400,0,5.138777384204833,5.138777384204833
19,287,1,6000000,180.3251269235655,1267939.003645737,3000000000,862733,863333,858001,5332,4732,600,0,1.4196266498817487,1.4196266498817487
19,267,0,10000000,138.16264075356983,0,6000000000,858001,864001,798001,66000,0,6000,0.6,0,0.6
19,283,1,10000000,218.41709090636655,591856.5491486642,4000000000,863333,864133,846001,18132,16896,800,0,5.068795816005157,5.068795816005157
19,289,1,2000000,179.87771540688416,1280489.447413224,2000000000,865563,865963,864001,1962,1562,400,0,0.4685708275160625,0.4685708275160625
19,288,1,8000000,178.41295496684089,1322673.1673752323,10000000000,868363,870363,861001,9362,6048,2000,0,1.8145072110010818,1.8145072110010818
19,268,0,4000000,150.2255431010319,0,10000000000,864001,874001,801001,73000,0,10000,0.9999999999999999,0,0.9999999999999999
19,272,0,3000000,136.15736263603233,0,8000000000,874001,882001,813001,69000,0,8000,0.7999999999999999,0,0.7999999999999999
19,274,0,6000000,148.17683658386022,0,4000000000,882001,886001,819001,67000,0,4000,0.39999999999999997,0,0.39999999999999997
19,275,0,6000000,157.57656075698569,0,3000000000,886001,889001,822001,67000,0,3000,0.3,0,0.3
19,294,1,5000000,230.98280736886022,473588.08921749267,8000000000,889559,891159,879001,12158,10558,1600,0,3.1673093858387418,3.1673093858387418
19,276,0,3000000,168.776314985249,0,3000000000,889001,892001,825001,67000,0,3000,0.3,0,0.3
19,277,0,6000000,181.40373645545452,0,7000000000,892001,899001,828001,71000,0,7000,0.7,0,0.7
19,297,1,8000000,213.5928540471333,646919.2338749974,10000000000,900495,902495,888001,14494,12366,2000,0,3.70989124194713,3.70989124194713
19,284,0,6000000,205.02507773440783,0,4000000000,899001,903001,849001,54000,0,4000,0.39999999999999997,0,0.39999999999999997
19,300,1,6000000,184.54167713554577,1156860.0203369246,4000000000,903495,904295,897001,7294,5186,800,0,1.5559358680886621,1.5559358680886621
19,285,0,8000000,193.8298000824435,0,3000000000,903001,906001,852001,54000,0,3000,0.3,0,0.3
19,296,1,9000000,227.58660769034722,502395.5298118515,10000000000,904295,906295,885001,21294,17914,2000,0,5.374251639960167,5.374251639960167
19,286,0,10000000,185.50862540593633,0,4000000000,906001,910001,855001,55000,0,4000,0.39999999999999997,0,0.39999999999999997
19,295,1,9000000,243.22471605492734,385437.70376207156,9000000000,909695,911495,882001,29494,23350,1800,0,7.005023052095324,7.005023052095324
19,290,0,4000000,184.6379570944176,0,3000000000,910001,913001,867001,46000,0,3000,0.3,0,0.3
19,303,1,5000000,166.0087783823494,1759199.6077373722,7000000000,916295,917695,906001,11694,2842,1400,0,0.8526604902608257,0.8526604902608257
19,291,0,3000000,192.4863062661861,0,7000000000,913001,920001,870001,50000,0,7000,0.7,0,0.7
19,304,1,9000000,146.4327261919275,2883266.7006802727,10000000000,919695,921695,909001,12694,3121,2000,0,0.936437825665925,0.936437825665925
19,292,0,3000000,203.14907088145884,0,2000000000,920001,922001,873001,49000,0,2000,0.19999999999999998,0,0.19999999999999998
19,306,1,10000000,107.37584691167748,9518136.935283419,10000000000,925495,927495,915001,12494,1051,2000,0,0.3151877326831787,0.3151877326831787
19,293,0,5000000,216.1200187395883,0,7000000000,922001,929001,876001,53000,0,7000,0.7,0,0.7
19,298,0,7000000,201.4071220190587,0,7000000000,929001,936001,891001,45000,0,7000,0.7,0,0.7
19,308,1,6000000,156.4920870203986,2220620.7938579647,5000000000,936295,937295,921001,16294,2702,1000,0,0.8105841415961863,0.8105841415961863
19,309,1,3000000,133.03367130166708,4193856.6231222516,3000000000,937295,937895,924001,13894,715,600,0,0.21459961102102867,0.21459961102102867
19,311,1,10000000,87.83511199970089,19753859.368188854,5000000000,941295,942295,930001,12294,506,1000,0,0.15186905728564257,0.15186905728564257
19,299,0,9000000,191.58799988517023,0,10000000000,936001,946001,894001,52000,0,10000,0.9999999999999999,0,0.9999999999999999
19,301,0,7000000,180.59799472862375,0,3000000000,946001,949001,900001,49000,0,3000,0.3,0,0.3
19,313,1,8000000,119.69932372407119,6304663.018087249,7000000000,952095,953495,936001,17494,1269,1400,0,0.38067062317442113,0.38067062317442113
19,318,1,3000000,175.6661279245375,1406542.008974418,5000000000,953134,954134,951001,3133,2133,1000,0,0.639867131061543,0.639867131061543
19,302,0,4000000,179.6583783184074,0,7000000000,949001,956001,903001,53000,0,7000,0.7,0,0.7
19,314,1,3000000,144.11897862530105,3068950.5988430097,6000000000,955295,956495,939001,17494,978,1200,0,0.2932598525174367,0.2932598525174367
19,305,0,9000000,126.8846854431219,0,2000000000,956001,958001,912001,46000,0,2000,0.19999999999999998,0,0.19999999999999998
19,321,1,3000000,103.43036691417086,10944381.269667238,5000000000,960275,961275,960001,1274,274,1000,0,0.08223397721846402,0.08223397721846402
19,323,1,9000000,54.891661479681936,80800588.13114181,2000000000,966112,966512,966001,511,111,400,0,0.03341559835700475,0.03341559835700475
19,307,0,7000000,166.41725391316845,0,9000000000,958001,967001,918001,49000,0,9000,0.8999999999999999,0,0.8999999999999999
19,324,1,3000000,38.39958463317015,163329810.55925354,5000000000,969019,970019,969001,1018,18,1000,0,0.005510322928302754,0.005510322928302754
19,316,1,9000000,191.97059826963084,989067.994364853,8000000000,970495,972095,945001,27094,9099,1600,0,2.7298426552907027,2.7298426552907027
19,325,1,8000000,30.91424590702477,221410287.84736854,5000000000,973886,974886,972001,2885,36,1000,0,0.010839604714549058,0.010839604714549058
19,326,1,7000000,12.228119233962344,485679204.33392084,2000000000,975486,975886,975001,885,14,400,0,0.004323841707161461,0.004323841707161461
19,310,0,10000000,108.70357169844975,0,10000000000,967001,977001,927001,50000,0,10000,0.9999999999999999,0,0.9999999999999999
19,327,1,3000000,22.38590851406301,312075301.8058277,4000000000,978686,979486,978001,1485,10,800,0,0.002883919345081583,0.002883919345081583
19,328,1,2000000,45.31569264614628,122264910.14733897,4000000000,981017,981817,981001,816,16,800,0,0.004907376934861786,0.004907376934861786
19,312,0,2000000,95.94327751333074,0,7000000000,977001,984001,933001,51000,0,7000,0.7,0,0.7
19,330,1,7000000,85.03948494669989,22102026.9352239,6000000000,989126,990326,987001,3325,317,1200,0,0.09501391008863715,0.09501391008863715
19,315,0,6000000,167.888005825312,0,7000000000,984001,991001,942001,49000,0,7000,0.7,0,0.7
19,331,1,5000000,109.41451640436011,8868990.700071815,9000000000,995926,997726,990001,7725,564,1800,0,0.16912860219684908,0.16912860219684908
19,317,0,6000000,200.1419441296602,0,8000000000,991001,999001,948001,51000,0,8000,0.7999999999999999,0,0.7999999999999999
20,2,1,8000000,151.2600310723226,2538545.0893753823,10000000000,6152,8152,3001,5151,3151,2000,0,0.9454234277912819,0.9454234277912819
20,1,0,10000000,151.29657663014058,0,9000000000,1,9001,1,9000,0,9000,0.8999999999999999,0,0.8999999999999999
20,3,1,10000000,149.19297369514425,2679545.4594820854,4000000000,9733,10533,6001,4532,3732,800,0,1.1195928732553966,1.1195928732553966
20,4,1,7000000,151.48836324945887,2523538.6898723748,9000000000,11775,13575,9001,4574,2774,1800,0,0.8321647725980398,0.8321647725980398
20,5,1,2000000,157.45115369536038,2167805.6245623445,3000000000,13575,14175,12001,2174,923,600,0,0.2767775824555918,0.2767775824555918
20,6,1,10000000,167.0474139279025,1716365.47075132,10000000000,24375,26375,15001,11374,5826,2000,0,1.7478794878615118,1.7478794878615118
20,7,0,9000000,180.09201675810067,0,10000000000,18001,28001,18001,10000,0,10000,0.9999999999999999,0,0.9999999999999999
20,8,1,4000000,181.26610962890993,1242038.5803447575,10000000000,29175,31175,21001,10174,3221,2000,0,0.9661535631742706,0.9661535631742706
20,9,0,10000000,195.27389917753987,0,5000000000,28001,33001,24001,9000,0,5000,0.49999999999999994,0,0.49999999999999994
20,11,0,8000000,218.3605580227345,0,2000000000,33001,35001,30001,5000,0,2000,0.19999999999999998,0,0.19999999999999998
20,13,0,2000000,186.88847690534587,0,6000000000,36001,42001,36001,6000,0,6000,0.6,0,0.6
20,10,1,9000000,212.27460328546138,663065.0091173142,9000000000,43806,45606,27001,18605,13573,1800,0,4.071998918468485,4.071998918468485
20,15,0,6000000,176.10912781568138,0,4000000000,42001,46001,42001,4000,0,4000,0.39999999999999997,0,0.39999999999999997
20,12,1,7000000,201.05520261858433,823009.2051004402,2000000000,45606,46006,33001,13005,8505,400,0,2.551611800919913,2.551611800919913
20,16,0,10000000,177.44748659814823,0,3000000000,46001,49001,45001,4000,0,3000,0.3,0,0.3
20,14,1,8000000,180.38061370335782,1266393.2118911014,10000000000,47206,49206,39001,10205,6317,2000,0,1.8951459763560219,1.8951459763560219
20,17,0,2000000,180.36372279369263,0,8000000000,49001,57001,48001,9000,0,8000,0.7999999999999999,0,0.7999999999999999
20,18,1,8000000,182.53637993561722,1208109.3203576081,5000000000,57623,58623,51001,7622,6622,1000,0,1.9865751878228906,1.9865751878228906
20,19,0,10000000,189.87298412359775,0,10000000000,57001,67001,54001,13000,0,10000,0.9999999999999999,0,0.9999999999999999
20,21,1,7000000,220.67809429120962,568064.6294044383,2000000000,74118,74518,60001,14517,12323,400,0,3.696762465569543,3.696762465569543
20,20,0,9000000,203.39838372022527,0,8000000000,67001,75001,57001,18000,0,8000,0.7999999999999999,0,0.7999999999999999
20,22,0,5000000,240.86630731590498,0,3000000000,75001,78001,63001,15000,0,3000,0.3,0,0.3
20,24,1,6000000,206.51846624454677,739744.0773740271,6000000000,85619,86819,69001,17818,8111,1200,0,2.4332739592721193,2.4332739592721193
20,23,1,7000000,223.9406700445455,535796.676078578,6000000000,88219,89419,66001,23418,13065,1200,0,3.919397214946555,3.919397214946555
20,26,1,4000000,193.38268407486746,960683.4858842451,7000000000,89419,90819,75001,15818,4164,1400,0,1.2491106775875094,1.2491106775875094
20,30,0,9000000,185.10520954311363,0,4000000000,87001,91001,87001,4000,0,4000,0.39999999999999997,0,0.39999999999999997
20,25,1,10000000,197.97458650038897,875126.791425916,8000000000,92819,94419,72001,22418,11427,1600,0,3.4280746851685953,3.4280746851685953
20,27,1,9000000,188.1332517127156,1071651.512455038,10000000000,95619,97619,78001,19618,8398,2000,0,2.5194757517904223,2.5194757517904223
20,28,1,8000000,190.36598882153297,1022601.4530617306,10000000000,98819,100819,81001,19818,7823,2000,0,2.346955397740004,2.346955397740004
20,32,0,6000000,150.70897020416538,0,8000000000,93001,101001,93001,8000,0,8000,0.7999999999999999,0,0.7999999999999999
20,34,0,6000000,138.81638123795042,0,6000000000,101001,107001,99001,8000,0,6000,0.6,0,0.6
20,29,1,7000000,207.24411740746706,729489.6491492075,7000000000,107214,108614,84001,24613,9596,1400,0,2.878724876287412,2.878724876287412
20,31,1,7000000,165.7988133250657,1768019.3135682994,4000000000,108614,109414,90001,19413,3959,800,0,1.1877698302750335,1.1877698302750335
20,37,0,5000000,139.65834203512514,0,3000000000,108001,111001,108001,3000,0,3000,0.3,0,0.3
20,33,1,7000000,141.40401444089204,3306044.264466809,10000000000,112614,114614,96001,18613,2117,2000,0,0.6352002066550319,0.6352002066550319
20,39,0,4000000,148.66600485652398,0,4000000000,114001,118001,114001,4000,0,4000,0.39999999999999997,0,0.39999999999999997
20,35,1,2000000,143.61488258533655,3111345.7623984395,9000000000,119814,121614,102001,19613,643,1800,0,0.19284259796875763,0.19284259796875763
20,36,1,8000000,141.35846384281348,3310211.2703553685,5000000000,122814,123814,105001,18813,2417,1000,0,0.7250292516049429,0.7250292516049429
20,40,0,2000000,167.03684204390362,0,8000000000,118001,126001,117001,9000,0,8000,0.7999999999999999,0,0.7999999999999999
20,41,1,3000000,141.93065666021562,3258333.1458657244,10000000000,125806,127806,120001,7805,921,2000,0,0.27621484965156134,0.27621484965156134
20,38,1,8000000,139.36634313922428,3498957.837737001,3000000000,128414,129014,111001,18013,2286,600,0,0.6859185252578616,0.6859185252578616
20,42,0,5000000,115.51806655237961,0,5000000000,126001,131001,123001,8000,0,5000,0.49999999999999994,0,0.49999999999999994
20,43,0,10000000,98.36007980883298,0,6000000000,131001,137001,126001,11000,0,6000,0.6,0,0.6
20,44,0,8000000,95.44583594898208,0,9000000000,137001,146001,129001,17000,0,9000,0.8999999999999999,0,0.8999999999999999
20,45,0,4000000,107.79099823269098,0,2000000000,146001,148001,132001,16000,0,2000,0.19999999999999998,0,0.19999999999999998
20,49,1,10000000,161.05736648784497,1982629.041363483,3000000000,150007,150607,144001,6606,5044,600,0,1.51314236673183,1.51314236673183
20,46,0,10000000,128.59730362647576,0,7000000000,148001,155001,135001,20000,0,7000,0.7,0,0.7
20,47,0,3000000,147.93621091538066,0,4000000000,155001,159001,138001,21000,0,4000,0.39999999999999997,0,0.39999999999999997
20,53,1,2000000,241.07893748728858,399306.2926262229,6000000000,161010,162210,156001,6209,5009,1200,0,1.5026059220199661,1.5026059220199661
20,48,0,4000000,164.62151165628381,0,6000000000,159001,165001,141001,24000,0,6000,0.6,0,0.6
20,50,0,8000000,176.26550995586175,0,2000000000,165001,167001,147001,20000,0,2000,0.19999999999999998,0,0.19999999999999998
20,56,1,4000000,188.4513995702871,1064486.0727356174,4000000000,170310,171110,165001,6109,3758,800,0,1.12730455638196,1.12730455638196
20,54,1,5000000,233.8372532339533,450954.5735086916,10000000000,171110,173110,159001,14109,11088,2000,0,3.3262773860549153,3.3262773860549153
20,57,1,8000000,168.5686305336791,1655939.14035448,9000000000,174310,176110,168001,8109,4831,1800,0,1.4493286265860243,1.4493286265860243
20,51,0,3000000,193.90588232438955,0,10000000000,167001,177001,150001,27000,0,10000,0.9999999999999999,0,0.9999999999999999
20,58,1,5000000,154.87676165261203,2313229.1464554872,7000000000,176110,177510,171001,6509,2161,1400,0,0.6484441899318183,0.6484441899318183
20,55,1,8000000,211.37063277570041,674427.7223015908,8000000000,177510,179110,162001,17109,11862,1600,0,3.5585725803346606,3.5585725803346606
20,61,1,7000000,148.45815740470442,2731992.35029008,9000000000,183168,184968,180001,4967,2562,1800,0,0.7686697950589152,0.7686697950589152
20,52,0,7000000,215.87599449684066,0,8000000000,177001,185001,153001,32000,0,8000,0.7999999999999999,0,0.7999999999999999
20,59,0,5000000,143.0100171316681,0,5000000000,185001,190001,174001,16000,0,5000,0.49999999999999994,0,0.49999999999999994
20,63,1,7000000,136.25307702947484,3821260.288709859,4000000000,189564,190364,186001,4363,1832,800,0,0.5495569108978456,0.5495569108978456
20,60,0,4000000,153.23845796666058,0,5000000000,190001,195001,177001,18000,0,5000,0.49999999999999994,0,0.49999999999999994
20,62,0,10000000,140.57648807677617,0,3000000000,195001,198001,183001,15000,0,3000,0.3,0,0.3
20,64,0,4000000,136.53175821031533,0,2000000000,198001,200001,189001,11000,0,2000,0.19999999999999998,0,0.19999999999999998
20,66,1,7000000,155.35797275968818,2285148.8266313216,7000000000,199159,200559,195001,5558,3063,1400,0,0.918977344287785,0.918977344287785
20,65,0,9000000,144.32439087001202,0,2000000000,200001,202001,192001,10000,0,2000,0.19999999999999998,0,0.19999999999999998
20,67,1,7000000,171.1402290520846,1559674.0038545537,4000000000,202489,203289,198001,5288,4488,800,0,1.3464352132625748,1.3464352132625748
20,68,1,7000000,189.70261200099483,1036877.6681299425,8000000000,207752,209352,201001,8351,6751,1600,0,2.025311244080942,2.025311244080942
20,72,0,10000000,217.09954629155723,0,4000000000,213001,217001,213001,4000,0,4000,0.39999999999999997,0,0.39999999999999997
20,69,1,9000000,210.31928965266127,687949.8951573434,8000000000,219352,220952,204001,16951,13082,1600,0,3.924704428339907,3.924704428339907
20,71,1,6000000,238.89661466835403,414055.7356529196,2000000000,224492,224892,210001,14891,14491,400,0,4.347240830178578,4.347240830178578
20,73,1,8000000,199.04857799039914,856502.4657441189,3000000000,225341,225941,216001,9940,9340,600,0,2.802093509345486,2.802093509345486
20,74,0,6000000,186.0425244399785,0,9000000000,219001,228001,219001,9000,0,9000,0.8999999999999999,0,0.8999999999999999
20,70,1,10000000,229.98978694715987,481792.97472541215,4000000000,228752,229552,207001,22551,20756,800,0,6.226740856297847,6.226740856297847
20,75,1,10000000,179.30382985312949,1296814.6315688135,5000000000,229712,230712,222001,8711,7711,1000,0,2.3133606970263503,2.3133606970263503
20,76,1,7000000,179.19562327244495,1299921.6956729793,9000000000,230712,232512,225001,7511,5385,1800,0,1.6154819224805799,1.6154819224805799
20,77,0,2000000,185.73899213681543,0,5000000000,228001,233001,228001,5000,0,5000,0.49999999999999994,0,0.49999999999999994
20,78,1,4000000,189.63653260909402,1038313.2786713423,10000000000,234853,236853,231001,5852,3852,2000,0,1.155720556261745,1.155720556261745
20,79,1,10000000,165.5660116086632,1777862.5255964852,4000000000,240370,241170,234001,7169,5625,800,0,1.6874195596161066,1.6874195596161066
20,80,1,9000000,141.52407463043164,3295092.011444092,4000000000,243170,243970,237001,6969,2731,800,0,0.8194004873377452,0.8194004873377452
20,81,0,2000000,119.11091175874694,0,8000000000,240001,248001,240001,8000,0,8000,0.7999999999999999,0,0.7999999999999999
20,84,1,3000000,131.85045013195824,4341934.456578936,4000000000,251570,252370,249001,3369,691,800,0,0.20728088113728024,0.20728088113728024
20,85,1,8000000,112.50077910841324,7984822.769232606,10000000000,254370,256370,252001,4369,1002,2000,0,0.30057022796395216,0.30057022796395216
20,82,0,9000000,175.23748600114075,0,9000000000,248001,257001,243001,14000,0,9000,0.8999999999999999,0,0.8999999999999999
20,88,1,10000000,77.63022607206551,30026389.12426528,9000000000,261872,263672,261001,2671,333,1800,0,0.0999121135606547,0.0999121135606547
20,83,0,7000000,154.5139621522922,0,8000000000,257001,265001,246001,19000,0,8000,0.7999999999999999,0,0.7999999999999999
20,86,0,5000000,93.95103458717206,0,5000000000,265001,270001,255001,15000,0,5000,0.49999999999999994,0,0.49999999999999994
20,91,1,5000000,107.16757905262206,9587621.756658252,8000000000,270523,272123,270001,2122,522,1600,0,0.156451728913722,0.156451728913722
20,87,0,5000000,81.87175947785659,0,7000000000,270001,277001,258001,19000,0,7000,0.7,0,0.7
20,92,1,5000000,119.3465139834423,6376330.400032956,8000000000,275523,277123,273001,4122,784,1600,0,0.2352450243155918,0.2352450243155918
20,89,0,7000000,82.44807881327496,0,4000000000,277001,281001,264001,17000,0,4000,0.39999999999999997,0,0.39999999999999997
20,93,1,7000000,146.33835484930128,2890564.2039739313,5000000000,284323,285323,276001,9322,2422,1000,0,0.7265017663724376,0.7265017663724376
20,90,0,5000000,94.95933076849272,0,8000000000,281001,289001,267001,22000,0,8000,0.7999999999999999,0,0.7999999999999999
20,94,1,3000000,175.80601383342952,1402113.8759192477,5000000000,289323,290323,279001,11322,2140,1000,0,0.641887948944194,0.641887948944194
20,95,0,7000000,185.37789781956212,0,5000000000,289001,294001,282001,12000,0,5000,0.49999999999999994,0,0.49999999999999994
20,96,0,4000000,203.464828655962,0,4000000000,294001,298001,285001,13000,0,4000,0.39999999999999997,0,0.39999999999999997
20,98,0,5000000,183.95388335123556,0,10000000000,298001,308001,291001,17000,0,10000,0.9999999999999999,0,0.9999999999999999
20,101,0,4000000,114.93465491312872,0,8000000000,308001,316001,300001,16000,0,8000,0.7999999999999999,0,0.7999999999999999
20,100,1,2000000,137.4699858150862,3691097.9733509026,4000000000,324623,325423,297001,28422,542,800,0,0.1625532576842711,0.1625532576842711
20,97,1,7000000,209.15102007879372,703374.7560454089,2000000000,325423,325823,288001,37822,9952,400,0,2.985606153690888,2.985606153690888
20,107,0,8000000,86.75684929733218,0,9000000000,318001,327001,318001,9000,0,9000,0.8999999999999999,0,0.8999999999999999
20,99,1,9000000,161.32971115079826,1969455.8465469556,8000000000,325823,327423,294001,33422,4570,1600,0,1.3709370559050138,1.3709370559050138
20,110,0,8000000,127.82621992376997,0,2000000000,327001,329001,327001,2000,0,2000,0.19999999999999998,0,0.19999999999999998
20,102,1,7000000,94.57348095528677,15189431.300374256,6000000000,329423,330623,303001,27622,461,1200,0,0.1382540240297382,0.1382540240297382
20,103,1,8000000,81.95334099351899,25073564.4584882,9000000000,332223,334023,306001,28022,319,1800,0,0.09571834128224731,0.09571834128224731
20,111,0,4000000,130.12913009776094,0,5000000000,330001,335001,330001,5000,0,5000,0.49999999999999994,0,0.49999999999999994
20,104,1,8000000,71.38296225290739,39210233.297310054,10000000000,334023,336023,309001,27022,204,2000,0,0.06120851109969416,0.06120851109969416
20,105,1,6000000,68.65707538192987,44135670.90674812,5000000000,336423,337423,312001,25422,136,1000,0,0.04078333835239806,0.04078333835239806
20,112,0,3000000,130.6648116364923,0,4000000000,335001,339001,333001,6000,0,4000,0.39999999999999997,0,0.39999999999999997
20,106,1,9000000,76.03495051619353,32122651.797408063,7000000000,340223,341623,315001,26622,280,1400,0,0.08405283651637564,0.08405283651637564
20,108,1,5000000,94.1031455372242,15464795.685009891,8000000000,345023,346623,321001,25622,323,1600,0,0.09699449191261919,0.09699449191261919
20,114,0,6000000,165.0439047647625,0,9000000000,339001,348001,339001,9000,0,9000,0.8999999999999999,0,0.8999999999999999
20,109,1,7000000,114.23604203577787,7534504.611662348,8000000000,349023,350623,324001,26622,929,1600,0,0.27871772707518117,0.27871772707518117
20,115,0,5000000,195.10174909518366,0,6000000000,348001,354001,342001,12000,0,6000,0.6,0,0.6
20,116,0,5000000,214.51692520638085,0,4000000000,354001,358001,345001,13000,0,4000,0.39999999999999997,0,0.39999999999999997
20,113,1,3000000,140.8900525232353,3353439.8745941385,7000000000,358423,359823,336001,23822,895,1400,0,0.2683811350901067,0.2683811350901067
20,122,0,10000000,77.41898087678494,0,7000000000,363001,370001,363001,7000,0,7000,0.7,0,0.7
20,123,0,3000000,68.23275606334546,0,8000000000,370001,378001,366001,12000,0,8000,0.7999999999999999,0,0.7999999999999999
20,118,1,3000000,184.82495989449043,1149839.8925063352,7000000000,384779,386179,351001,35178,2609,1400,0,0.7827176686645018,0.7827176686645018
20,117,1,5000000,202.74092359462108,796125.1673488521,7000000000,386579,387979,348001,39978,6280,1400,0,1.8841258404065986,1.8841258404065986
20,124,0,8000000,82.61373311986327,0,10000000000,378001,388001,369001,19000,0,10000,0.9999999999999999,0,0.9999999999999999
20,119,1,9000000,154.95174894140436,2308825.394015186,10000000000,389379,391379,354001,37378,3898,2000,0,1.1694258071653214,1.1694258071653214
20,129,0,3000000,210.35257307672754,0,4000000000,388001,392001,384001,8000,0,4000,0.39999999999999997,0,0.39999999999999997
20,120,1,9000000,125.54414243603723,5248843.200031672,9000000000,391979,393779,357001,36778,1715,1800,0,0.5143990584408595,0.5143990584408595
20,121,1,3000000,98.77006125339804,12972080.323955318,8000000000,395379,396979,360001,36978,231,1600,0,0.06937977390858314,0.06937977390858314
20,130,0,3000000,223.4407004106459,0,6000000000,392001,398001,387001,11000,0,6000,0.6,0,0.6
20,132,0,10000000,239.10360934122258,0,3000000000,398001,401001,393001,8000,0,3000,0.3,0,0.3
20,125,1,8000000,106.84358005982388,9696934.29679624,2000000000,406379,406779,372001,34778,825,400,0,0.24750090353741322,0.24750090353741322
20,133,0,9000000,220.09100027034268,0,6000000000,401001,407001,396001,11000,0,6000,0.6,0,0.6
20,134,1,5000000,204.86892028807102,763730.9895788354,4000000000,406845,407645,399001,8644,6547,800,0,1.9640423401270977,1.9640423401270977
20,126,1,6000000,132.3885380235011,4273810.866525823,6000000000,407979,409179,375001,34178,1404,1200,0,0.4211697841142929,0.4211697841142929
20,136,0,7000000,189.16227557311737,0,4000000000,407001,411001,405001,6000,0,4000,0.39999999999999997,0,0.39999999999999997
20,135,1,6000000,194.26000102954802,943558.3855771016,10000000000,409845,411845,402001,9844,6359,2000,0,1.9076720927015867,1.9076720927015867
20,127,1,7000000,157.63948394992926,2157617.8732225737,7000000000,412179,413579,378001,35578,3244,1400,0,0.9732956081159465,0.9732956081159465
20,137,0,5000000,189.9690211587142,0,6000000000,411001,417001,408001,9000,0,6000,0.6,0,0.6
20,138,1,5000000,196.3762116448935,903788.4557593687,6000000000,416533,417733,411001,6732,5532,1200,0,1.6596804157447338,1.6596804157447338
20,128,1,7000000,185.39817690581532,1135796.1832639521,3000000000,417979,418579,381001,37578,6163,600,0,1.8489232759747465,1.8489232759747465
20,131,1,3000000,242.699411824586,388776.5489635375,2000000000,424779,425179,390001,35178,7717,400,0,2.3149544446530106,2.3149544446530106
20,139,1,6000000,211.53114427903992,672392.5069171307,8000000000,423821,425421,414001,11420,8923,1600,0,2.6770078212989987,2.6770078212989987
20,141,1,3000000,194.59747634540383,937072.2518529177,10000000000,425421,427421,420001,7420,3201,2000,0,0.9604382140442074,0.9604382140442074
20,140,1,9000000,201.67182376326147,813045.9696301136,3000000000,428070,428670,417001,11669,11069,600,0,3.320845439069498,3.320845439069498
20,142,0,5000000,191.9682525835978,0,10000000000,423001,433001,423001,10000,0,10000,0.9999999999999999,0,0.9999999999999999
20,144,1,9000000,198.705581199925,862396.3201962598,3000000000,439437,440037,429001,11036,10436,600,0,3.130811132618873,3.130811132618873
20,143,0,6000000,195.192436841185,0,9000000000,433001,442001,426001,16000,0,9000,0.8999999999999999,0,0.8999999999999999
20,145,0,3000000,195.113032112158,0,3000000000,442001,445001,432001,13000,0,3000,0.3,0,0.3
20,146,1,10000000,191.99760831843716,988515.3423991778,9000000000,445117,446917,435001,11916,10116,1800,0,3.0348542620682495,3.0348542620682495
20,147,0,4000000,194.11786986261723,0,5000000000,445001,450001,438001,12000,0,5000,0.49999999999999994,0,0.49999999999999994
20,150,1,3000000,230.1544025214378,480420.6378876748,2000000000,453246,453646,447001,6645,6245,400,0,1.8733583219012864,1.8733583219012864
20,148,1,10000000,201.61041168550793,814031.4912959336,4000000000,453646,454446,441001,13445,12285,800,0,3.685361109585597,3.685361109585597
20,149,0,8000000,213.88012834295756,0,10000000000,450001,460001,444001,16000,0,10000,0.9999999999999999,0,0.9999999999999999
20,152,1,4000000,238.0204556335442,420168.2579428441,8000000000,463104,464704,453001,11703,9520,1600,0,2.8559987036508527,2.8559987036508527
20,156,1,3000000,151.80019104072304,2503221.6357933204,2000000000,466199,466599,465001,1598,1198,400,0,0.35953668150314316,0.35953668150314316
20,151,0,9000000,249.70264556067485,0,7000000000,460001,467001,450001,17000,0,7000,0.7,0,0.7
20,154,0,4000000,205.09724961588344,0,4000000000,467001,471001,459001,12000,0,4000,0.39999999999999997,0,0.39999999999999997
20,153,1,7000000,220.89101475614618,565886.0833507259,8000000000,469756,471356,456001,15355,12370,1600,0,3.7109942474030735,3.7109942474030735
20,155,0,8000000,178.7654040915076,0,2000000000,471001,473001,462001,11000,0,2000,0.19999999999999998,0,0.19999999999999998
20,159,1,2000000,78.09303426042558,29446994.222567376,8000000000,474170,475770,474001,1769,68,1600,0,0.020375594040772296,0.020375594040772296
20,157,0,7000000,127.2302656603373,0,5000000000,473001,478001,468001,10000,0,5000,0.49999999999999994,0,0.49999999999999994
20,161,1,2000000,74.84381403963859,33793264.077698246,5000000000,481001,482001,480001,2000,59,1000,0,0.017755017645542208,0.017755017645542208
20,163,1,2000000,122.59000367077242,5752972.756401911,4000000000,486394,487194,486001,1193,348,800,0,0.10429390602142513,0.10429390602142513
20,158,0,7000000,101.58224697258865,0,10000000000,478001,488001,471001,17000,0,10000,0.9999999999999999,0,0.9999999999999999
20,160,0,2000000,64.86439470156185,0,9000000000,488001,497001,477001,20000,0,9000,0.8999999999999999,0,0.8999999999999999
20,162,0,9000000,96.18849203517017,0,2000000000,497001,499001,483001,16000,0,2000,0.19999999999999998,0,0.19999999999999998
20,166,1,2000000,175.1478506862131,1423100.4763447372,8000000000,498374,499974,495001,4973,1405,1600,0,0.42161464350086675,0.42161464350086675
20,164,0,5000000,151.42748825758153,0,9000000000,499001,508001,489001,19000,0,9000,0.8999999999999999,0,0.8999999999999999
20,165,0,9000000,173.56665491965904,0,7000000000,508001,515001,492001,23000,0,7000,0.7,0,0.7
20,169,1,10000000,186.039249890984,1120341.8680406786,7000000000,513633,515033,504001,11032,8926,1400,0,2.6777540727336926,2.6777540727336926
20,167,0,5000000,189.7768713515954,0,4000000000,515001,519001,498001,21000,0,4000,0.39999999999999997,0,0.39999999999999997
20,168,0,3000000,216.95619189135854,0,2000000000,519001,521001,501001,20000,0,2000,0.19999999999999998,0,0.19999999999999998
20,170,0,6000000,165.29138513546314,0,7000000000,521001,528001,507001,21000,0,7000,0.7,0,0.7
20,171,0,8000000,165.12607062484105,0,3000000000,528001,531001,510001,21000,0,3000,0.3,0,0.3
20,177,1,9000000,79.81730702047022,27395644.141601805,10000000000,532381,534381,528001,6380,329,2000,0,0.0985558136922906,0.0985558136922906
20,172,0,5000000,165.12607062484105,0,6000000000,531001,537001,513001,24000,0,6000,0.6,0,0.6
20,173,0,3000000,161.03492105751474,0,3000000000,537001,540001,516001,24000,0,3000,0.3,0,0.3
20,174,0,7000000,141.6871158574413,0,3000000000,540001,543001,519001,24000,0,3000,0.3,0,0.3
20,179,1,4000000,70.49804039829756,40741452.00460515,9000000000,543381,545181,534001,11180,98,1800,0,0.029454031237383483,0.029454031237383483
20,180,1,10000000,65.16721952024649,51415856.00514416,10000000000,545781,547781,537001,10780,194,2000,0,0.058347759486876,0.058347759486876
20,181,1,7000000,69.87251891838449,41862422.47464631,5000000000,550781,551781,540001,11780,167,1000,0,0.050164321027333064,0.050164321027333064
20,175,0,9000000,118.59288764508598,0,9000000000,543001,552001,522001,30000,0,9000,0.8999999999999999,0,0.8999999999999999
20,176,0,4000000,97.79002914407994,0,10000000000,552001,562001,525001,37000,0,10000,0.9999999999999999,0,0.9999999999999999
20,183,1,8000000,93.20848942022398,16004931.967791125,7000000000,561381,562781,546001,16780,500,1400,0,0.14995377705008947,0.14995377705008947
20,184,1,10000000,113.08506046335214,7829645.95627301,3000000000,565381,565981,549001,16980,1277,600,0,0.3831590874931502,0.3831590874931502
20,190,1,2000000,181.66731268998288,1231195.7495865568,9000000000,569772,571572,567001,4571,1624,1800,0,0.48733111708798843,0.48733111708798843
20,178,0,9000000,77.0409358717818,0,10000000000,562001,572001,531001,41000,0,10000,0.9999999999999999,0,0.9999999999999999
20,189,1,4000000,205.4569884428369,755069.9273161968,7000000000,571572,572972,564001,8971,5298,1400,0,1.589256778197024,1.589256778197024
20,191,1,3000000,151.88450118428804,2497763.2175317532,8000000000,574372,575972,570001,5971,1201,1600,0,0.36032238511757914,0.36032238511757914
20,182,0,7000000,79.64727365076594,0,5000000000,572001,577001,543001,34000,0,5000,0.49999999999999994,0,0.49999999999999994
20,193,1,6000000,100.80115078708178,12037685.624471197,4000000000,576772,577572,576001,1571,498,800,0,0.1495304044442573,0.1495304044442573
20,185,0,3000000,135.2867805811048,0,3000000000,577001,580001,552001,28000,0,3000,0.3,0,0.3
20,194,1,7000000,90.71310434551339,17632212.378819086,5000000000,579671,580671,579001,1670,397,1000,0,0.11910019882261917,0.11910019882261917
20,186,0,7000000,157.3523425310218,0,2000000000,580001,582001,555001,27000,0,2000,0.19999999999999998,0,0.19999999999999998
20,195,1,9000000,73.24464758601817,36187752.74732683,8000000000,584271,585871,582001,3870,249,1600,0,0.07461087785285168,0.07461087785285168
20,196,1,10000000,65.53001907522992,50603782.77090556,3000000000,586871,587471,585001,2470,198,600,0,0.059284105569373316,0.059284105569373316
20,197,1,2000000,61.549654751265635,60284264.813303456,9000000000,588034,589834,588001,1833,33,1800,0,0.009952845935140155,0.009952845935140155
20,187,0,8000000,181.15076511017003,0,10000000000,582001,592001,558001,34000,0,10000,0.9999999999999999,0,0.9999999999999999
20,199,1,7000000,19.112990346881816,357234625.0254335,6000000000,594603,595803,594001,1802,20,1200,0,0.00587848952169877,0.00587848952169877
20,188,0,8000000,205.76981800059994,0,10000000000,592001,602001,561001,41000,0,10000,0.9999999999999999,0,0.9999999999999999
20,202,1,4000000,71.60357882117346,38838207.05210604,2000000000,603104,603504,603001,503,103,400,0,0.03089740982095436,0.03089740982095436
20,203,1,9000000,80.91089234460335,26177857.7386346,7000000000,606345,607745,606001,1744,344,1400,0,0.10314060176189299,0.10314060176189299
20,192,0,4000000,123.2124689307052,0,7000000000,602001,609001,573001,36000,0,7000,0.7,0,0.7
20,205,1,6000000,42.405689476767144,138259278.66872138,5000000000,612681,613681,612001,1680,43,1000,0,0.01301901772764866,0.01301901772764866
20,198,0,8000000,38.16058830783402,0,8000000000,609001,617001,591001,26000,0,8000,0.7999999999999999,0,0.7999999999999999
20,200,0,3000000,25.385210261094986,0,2000000000,617001,619001,597001,22000,0,2000,0.19999999999999998,0,0.19999999999999998
20,208,1,10000000,46.393165444923035,116778236.0288949,4000000000,622524,623324,621001,2323,86,800,0,0.025689718410010047,0.025689718410010047
20,201,0,5000000,47.95086756253737,0,6000000000,619001,625001,600001,25000,0,6000,0.6,0,0.6
20,204,0,5000000,65.24926129850056,0,6000000000,625001,631001,609001,22000,0,6000,0.6,0,0.6
20,206,0,10000000,23.325784016834245,0,5000000000,631001,636001,615001,21000,0,5000,0.49999999999999994,0,0.49999999999999994
20,214,1,6000000,58.582179030828144,68702890.27005567,4000000000,640133,640933,639001,1932,87,800,0,0.026199771114790125,0.026199771114790125
20,215,1,7000000,69.53580157012645,42479436.23916226,4000000000,642166,642966,642001,965,165,800,0,0.04943568431974591,0.04943568431974591
20,207,0,9000000,25.75258627788678,0,10000000000,636001,646001,618001,28000,0,10000,0.9999999999999999,0,0.9999999999999999
20,209,0,2000000,62.38384486387486,0,6000000000,646001,652001,624001,28000,0,6000,0.6,0,0.6
20,219,1,10000000,120.7914078070125,6088959.991169037,7000000000,655643,657043,654001,3042,1642,1400,0,0.49269497653966704,0.49269497653966704
20,210,0,6000000,48.54748809155836,0,7000000000,652001,659001,627001,32000,0,7000,0.7,0,0.7
20,211,0,9000000,28.185877669499725,0,2000000000,659001,661001,630001,31000,0,2000,0.19999999999999998,0,0.19999999999999998
20,212,0,7000000,21.408769231322005,0,9000000000,661001,670001,633001,37000,0,9000,0.8999999999999999,0,0.8999999999999999
20,223,1,9000000,163.92760902300748,1849094.7983171986,3000000000,671754,672354,666001,6353,4867,600,0,1.460173919940277,1.460173919940277
20,213,0,7000000,36.67468063937294,0,9000000000,670001,679001,636001,43000,0,9000,0.8999999999999999,0,0.8999999999999999
20,216,0,8000000,71.27629409558276,0,3000000000,679001,682001,645001,37000,0,3000,0.3,0,0.3
20,228,1,3000000,104.55057436475417,10514844.653368926,8000000000,681286,682886,681001,1885,285,1600,0,0.08559327595121842,0.08559327595121842
20,229,1,4000000,91.78004412725016,16913853.801204156,4000000000,684237,685037,684001,1036,236,800,0,0.07094775762544239,0.07094775762544239
20,217,0,10000000,85.00484809703497,0,6000000000,682001,688001,648001,40000,0,6000,0.6,0,0.6
20,218,0,3000000,104.82912000012207,0,5000000000,688001,693001,651001,42000,0,5000,0.49999999999999994,0,0.49999999999999994
20,233,1,6000000,100.9576941099588,11969048.158686679,5000000000,698614,699614,696001,3613,501,1000,0,0.15038789853089768,0.15038789853089768
20,220,0,4000000,140.63767098469742,0,8000000000,693001,701001,657001,44000,0,8000,0.7999999999999999,0,0.7999999999999999
20,234,1,3000000,87.62428031088187,19920576.279175993,10000000000,702414,704414,699001,5413,151,2000,0,0.045179415865635196,0.045179415865635196
20,221,0,8000000,161.83081041631107,0,4000000000,701001,705001,660001,45000,0,4000,0.39999999999999997,0,0.39999999999999997
20,238,1,7000000,11.71134492703555,498124726.90075076,8000000000,711015,712615,711001,1614,14,1600,0,0.004215811596155547,0.004215811596155547
20,222,0,5000000,182.84433433934998,0,8000000000,705001,713001,663001,50000,0,8000,0.7999999999999999,0,0.7999999999999999
20,239,1,6000000,37.73022395904908,167892890.41933307,8000000000,715471,717071,714001,3070,36,1600,0,0.010721121040350662,0.010721121040350662
20,224,0,5000000,163.11698930522232,0,8000000000,713001,721001,669001,52000,0,8000,0.7999999999999999,0,0.7999999999999999
20,225,0,4000000,157.3014818747745,0,3000000000,721001,724001,672001,52000,0,3000,0.3,0,0.3
20,242,1,5000000,101.44738981363695,11757327.106618116,4000000000,723426,724226,723001,1225,425,800,0,0.12758001766878296,0.12758001766878296
20,226,0,10000000,140.05857703118363,0,5000000000,724001,729001,675001,54000,0,5000,0.49999999999999994,0,0.49999999999999994
20,243,1,5000000,128.73978600261844,4762969.776980406,10000000000,727051,729051,726001,3050,1050,2000,0,0.31492956500575564,0.31492956500575564
20,244,1,7000000,147.35357817168875,2813240.4293358717,8000000000,731489,733089,729001,4088,2488,1600,0,0.7464701481258578,0.7464701481258578
20,245,1,4000000,160.7959116395688,1995378.4263947918,7000000000,734006,735406,732001,3405,2005,1400,0,0.6013896833434924,0.6013896833434924
20,227,0,2000000,121.08684486764032,0,9000000000,729001,738001,678001,60000,0,9000,0.8999999999999999,0,0.8999999999999999
20,230,0,9000000,84.48810389634738,0,4000000000,738001,742001,687001,55000,0,4000,0.39999999999999997,0,0.39999999999999997
20,231,0,2000000,140.44013279686118,0,7000000000,742001,749001,690001,59000,0,7000,0.7,0,0.7
20,251,1,6000000,114.65531823687907,7430352.63049762,8000000000,750808,752408,750001,2407,807,1600,0,0.24224960637964388,0.24224960637964388
20,232,0,10000000,120.44706721211602,0,5000000000,749001,754001,693001,61000,0,5000,0.49999999999999994,0,0.49999999999999994
20,252,1,10000000,106.10054712394282,9953328.698699577,4000000000,754008,754808,753001,1807,1005,800,0,0.301406704311087,0.301406704311087
20,253,1,7000000,105.66755273024927,10106493.254113613,3000000000,756694,757294,756001,1293,693,600,0,0.2077872064224892,0.2077872064224892
20,235,0,4000000,76.02738980130779,0,8000000000,754001,762001,702001,60000,0,8000,0.7999999999999999,0,0.7999999999999999
20,255,1,8000000,125.67276634179728,5228146.799205412,8000000000,763531,765131,762001,3130,1530,1600,0,0.4590536746911465,0.4590536746911465
20,236,0,7000000,47.50802037551136,0,5000000000,762001,767001,705001,62000,0,5000,0.49999999999999994,0,0.49999999999999994
20,256,1,4000000,144.14360374293412,3066897.9152755174,4000000000,766305,767105,765001,2104,1304,800,0,0.3912748429033371,0.3912748429033371
20,237,0,6000000,19.083443085564983,0,10000000000,767001,777001,708001,69000,0,10000,0.9999999999999999,0,0.9999999999999999
20,259,1,3000000,177.43628997473994,1351762.6946040678,7000000000,776220,777620,774001,3619,2219,1400,0,0.6657973352812571,0.6657973352812571
20,258,1,6000000,190.52766544520514,1019159.2347658688,6000000000,776888,778088,771001,7087,5887,1200,0,1.7661616934801299,1.7661616934801299
20,240,0,7000000,51.75936340412238,0,7000000000,777001,784001,717001,67000,0,7000,0.7,0,0.7
20,241,0,2000000,74.74377365372989,0,2000000000,784001,786001,720001,66000,0,2000,0.19999999999999998,0,0.19999999999999998
20,263,1,8000000,107.39543053594039,9511634.402512422,3000000000,786842,787442,786001,1441,841,600,0,0.25232256607403447,0.25232256607403447
20,264,1,3000000,103.57000048276521,10889709.40876949,3000000000,789276,789876,789001,875,275,600,0,0.08264683346602705,0.08264683346602705
20,246,0,2000000,178.0440105704204,0,6000000000,786001,792001,735001,57000,0,6000,0.6,0,0.6
20,247,0,4000000,192.53070222694348,0,4000000000,792001,796001,738001,58000,0,4000,0.39999999999999997,0,0.39999999999999997
20,248,0,2000000,168.23376979667302,0,2000000000,796001,798001,741001,57000,0,2000,0.19999999999999998,0,0.19999999999999998
20,249,0,8000000,146.06131589164866,0,6000000000,798001,804001,744001,60000,0,6000,0.6,0,0.6
20,267,1,10000000,162.088198213195,1933335.9082170953,8000000000,803792,805392,798001,7391,5172,1600,0,1.5517220712910529,1.5517220712910529
20,250,0,9000000,129.0151812772434,0,8000000000,804001,812001,747001,65000,0,8000,0.7999999999999999,0,0.7999999999999999
20,272,1,4000000,176.37394195288593,1384312.90668585,5000000000,815891,816891,813001,3890,2890,1000,0,0.8668560368138812,0.8668560368138812
20,254,0,4000000,113.44943278835736,0,9000000000,812001,821001,759001,62000,0,9000,0.8999999999999999,0,0.8999999999999999
20,257,0,4000000,166.25169172071602,0,2000000000,821001,823001,768001,55000,0,2000,0.19999999999999998,0,0.19999999999999998
20,275,1,5000000,93.58409373392466,15775513.62443184,6000000000,822318,823518,822001,1517,317,1200,0,0.09508406735340277,0.09508406735340277
20,276,1,3000000,63.287044487793935,55845013.01644361,6000000000,825055,826255,825001,1254,54,1200,0,0.01611603169892707,0.01611603169892707
20,260,0,3000000,157.23219295042608,0,5000000000,823001,828001,777001,51000,0,5000,0.49999999999999994,0,0.49999999999999994
20,277,1,3000000,34.00161466754182,195480195.32283568,10000000000,828016,830016,828001,2015,15,2000,0,0.004604046965032183,0.004604046965032183
20,278,1,5000000,12.318222274338162,483563456.4155507,5000000000,831011,832011,831001,1010,10,1000,0,0.0031019713754195967,0.0031019713754195967
20,261,0,3000000,136.1694268182106,0,8000000000,828001,836001,780001,56000,0,8000,0.7999999999999999,0,0.7999999999999999
20,262,0,2000000,118.90188097755227,0,3000000000,836001,839001,783001,56000,0,3000,0.3,0,0.3
20,281,1,8000000,81.49552748464181,25551922.561882213,10000000000,840314,842314,840001,2313,313,2000,0,0.09392639611315456,0.09392639611315456
20,265,0,8000000,111.53223973363039,0,4000000000,839001,843001,792001,51000,0,4000,0.39999999999999997,0,0.39999999999999997
20,282,1,3000000,111.8205795012707,8170187.64645923,3000000000,843368,843968,843001,967,367,600,0,0.11015658867884622,0.11015658867884622
20,266,0,5000000,133.37802292731743,0,5000000000,843001,848001,795001,53000,0,5000,0.49999999999999994,0,0.49999999999999994
20,268,0,7000000,120.86853395321702,0,8000000000,848001,856001,801001,55000,0,8000,0.7999999999999999,0,0.7999999999999999
20,286,1,2000000,194.04773356058556,947666.7268672981,9000000000,858866,860666,855001,5665,2110,1800,0,0.6331339731462557,0.6331339731462557
20,269,0,7000000,139.39816533943338,0,5000000000,856001,861001,804001,57000,0,5000,0.49999999999999994,0,0.49999999999999994
20,287,1,5000000,192.15609540162916,985280.276088942,10000000000,863076,865076,858001,7075,5075,2000,0,1.5224094467355336,1.5224094467355336
20,288,1,10000000,161.61646512654585,1955702.7558974344,3000000000,868476,869076,861001,8075,5113,600,0,1.5339754423076208,1.5339754423076208
20,291,1,5000000,75.26201233025856,33196080.462954126,2000000000,870152,870552,870001,551,151,400,0,0.045186057482718686,0.045186057482718686
20,270,0,2000000,169.2042233515465,0,10000000000,861001,871001,807001,64000,0,10000,0.9999999999999999,0,0.9999999999999999
20,292,1,5000000,45.840424299956055,119564488.8148622,9000000000,873043,874843,873001,1842,42,1800,0,0.012545530992255166,0.012545530992255166
20,271,0,9000000,190.69996670162269,0,7000000000,871001,878001,810001,68000,0,7000,0.7,0,0.7
20,273,0,2000000,149.59777137377415,0,7000000000,878001,885001,816001,69000,0,7000,0.7,0,0.7
20,274,0,4000000,119.72560628370188,0,5000000000,885001,890001,819001,71000,0,5000,0.49999999999999994,0,0.49999999999999994
20,297,1,10000000,132.90497244271936,4209659.15365348,8000000000,890376,891976,888001,3975,2375,1600,0,0.7126467703201954,0.7126467703201954
20,279,0,2000000,26.712742277796906,0,4000000000,890001,894001,834001,60000,0,4000,0.39999999999999997,0,0.39999999999999997
20,280,0,6000000,56.124793095387,0,6000000000,894001,900001,837001,63000,0,6000,0.6,0,0.6
20,283,0,5000000,142.27547715611433,0,2000000000,900001,902001,846001,56000,0,2000,0.19999999999999998,0,0.19999999999999998
20,302,1,9000000,166.8653019653877,1723781.5479340956,2000000000,908222,908622,903001,5621,5221,400,0,1.5663237625648534,1.5663237625648534
20,284,0,5000000,169.02552381223373,0,9000000000,902001,911001,849001,62000,0,9000,0.8999999999999999,0,0.8999999999999999
20,285,0,9000000,174.60255038228965,0,6000000000,911001,917001,852001,65000,0,6000,0.6,0,0.6
20,289,0,7000000,136.07839652200494,0,3000000000,917001,920001,864001,56000,0,3000,0.3,0,0.3
20,290,0,10000000,105.62759724617423,0,6000000000,920001,926001,867001,59000,0,6000,0.6,0,0.6
20,293,0,3000000,44.07713806498788,0,8000000000,926001,934001,876001,58000,0,8000,0.7999999999999999,0,0.7999999999999999
20,308,1,5000000,238.52242179719707,416652.6240578871,7000000000,933001,934401,921001,13400,12000,1400,0,3.6001213322290258,3.6001213322290258
20,294,0,4000000,58.29886619823749,0,2000000000,934001,936001,879001,57000,0,2000,0.19999999999999998,0,0.19999999999999998
20,311,1,9000000,182.91312145387494,1198268.7382832724,4000000000,938801,939601,930001,9600,7511,800,0,2.2532508057151004,2.2532508057151004
20,295,0,10000000,82.03660463476047,0,7000000000,936001,943001,882001,61000,0,7000,0.7,0,0.7
20,307,1,8000000,223.9032748755587,536153.3824572533,3000000000,943295,943895,918001,25894,14921,600,0,4.47633098760008,4.47633098760008
20,296,0,7000000,109.51162541027323,0,5000000000,943001,948001,885001,63000,0,5000,0.49999999999999994,0,0.49999999999999994
20,314,1,9000000,183.67601095407096,1178645.364758681,9000000000,946637,948437,939001,9436,7636,1800,0,2.290765382641457,2.290765382641457
20,318,1,10000000,97.1397308005329,13784821.93028047,8000000000,952218,953818,951001,2817,725,1600,0,0.21763066764105535,0.21763066764105535
20,319,1,8000000,80.66777361499453,26443228.780027527,6000000000,954304,955504,954001,1503,303,1200,0,0.09076047482570325,0.09076047482570325
20,298,0,4000000,150.39523296966564,0,10000000000,948001,958001,891001,67000,0,10000,0.9999999999999999,0,0.9999999999999999
20,299,0,8000000,171.8315017684476,0,2000000000,958001,960001,894001,66000,0,2000,0.19999999999999998,0,0.19999999999999998
20,321,1,7000000,70.2220706046183,41231997.54494628,9000000000,960171,961971,960001,1970,170,1800,0,0.05093131851569468,0.05093131851569468
20,322,1,8000000,89.79605781992879,18278170.663591094,3000000000,963439,964039,963001,1038,438,600,0,0.13130416846258258,0.13130416846258258
20,323,1,6000000,117.53647306262,6759999.483995445,5000000000,966889,967889,966001,1888,888,1000,0,0.266272209674212,0.266272209674212
20,300,0,9000000,134.96690631410354,0,9000000000,960001,969001,897001,72000,0,9000,0.8999999999999999,0,0.8999999999999999
20,301,0,10000000,147.09860128498846,0,3000000000,969001,972001,900001,72000,0,3000,0.3,0,0.3
20,325,1,6000000,181.7442884934765,1229128.8952887252,2000000000,978628,979028,972001,7027,4882,400,0,1.4644517811756235,1.4644517811756235
20,326,1,3000000,203.31283579744786,787253.4983011397,3000000000,979028,979628,975001,4627,3811,600,0,1.143214989761446,1.143214989761446
20,303,0,5000000,186.055220297631,0,9000000000,972001,981001,906001,75000,0,9000,0.8999999999999999,0,0.8999999999999999
20,304,0,4000000,209.52991600246497,0,2000000000,981001,983001,909001,74000,0,2000,0.19999999999999998,0,0.19999999999999998
20,305,0,4000000,234.2294825593055,0,6000000000,983001,989001,912001,77000,0,6000,0.6,0,0.6
20,306,0,3000000,218.8591227250991,0,6000000000,989001,995001,915001,80000,0,6000,0.6,0,0.6
20,329,1,4000000,244.99767937676472,374429.7079066393,9000000000,994684,996484,984001,12483,10683,1800,0,3.204873904661457,3.204873904661457
20,309,0,6000000,215.51423247665105,0,3000000000,995001,998001,924001,74000,0,3000,0.3,0,0.3
